{
  "case_name": "BAI_WEN_JIE",
  "n_wall": 10595,
  "normal_invalid_rate": 0.0,
  "basis_invalid_rate": 0.03105241060256958,
  "wss_rad_p95_over_wss_p95": 0.48076784934871436,
  "wss_rad_abs": {
    "p25": 0.08616530289566923,
    "p50": 0.20311699982838513,
    "p75": 0.39103760875988414,
    "p95": 0.8707339813344854
  },
  "wss_magnitude": {
    "p25": 0.3661221794,
    "p50": 0.581911574,
    "p75": 0.95987980115,
    "p95": 1.8111318851999976
  },
  "wss_axial": {
    "p25": -0.5137534057408977,
    "p50": -0.2669976183831257,
    "p75": 0.05870297985074745,
    "p95": 0.8722266976855563
  },
  "wss_circ": {
    "p25": -0.26499453155557107,
    "p50": -0.04889526892589242,
    "p75": 0.08741384414849404,
    "p95": 0.5764239937755885
  },
  "mask_histogram": {
    "normal_valid_1": 10595,
    "normal_valid_0": 0,
    "basis_valid_1": 10266,
    "basis_valid_0": 329
  },
  "thresholds": {
    "normal_invalid_rate_max": 0.05,
    "basis_invalid_rate_max": 0.1,
    "wss_rad_p95_over_wss_p95_max": 0.3
  },
  "pass": false,
  "sample_file": "result_features_merged-1200.csv"
}