{
  "case_name": "FAN_JIAN_MING",
  "normal_source": "stl",
  "n_wall": 10627,
  "normal_invalid_rate": 0.0,
  "basis_invalid_rate": 0.0249364972114563,
  "wss_rad_p95_over_wss_p95": 0.010623276490414382,
  "wss_rad_abs": {
    "p25": 0.0006499102946614662,
    "p50": 0.002432243749969696,
    "p75": 0.006743978768841463,
    "p95": 0.022134781617642037
  },
  "wss_magnitude": {
    "p25": 0.32241151479999997,
    "p50": 0.5215846559,
    "p75": 0.9597393429000001,
    "p95": 2.0836115521999963
  },
  "wss_axial": {
    "p25": -0.3934288572110682,
    "p50": -0.22552117998464136,
    "p75": 0.06241455200622133,
    "p95": 0.9053293400998063
  },
  "wss_circ": {
    "p25": -0.18582597306486462,
    "p50": 0.007779697727332315,
    "p75": 0.2183389836927901,
    "p95": 0.921678111870612
  },
  "mask_histogram": {
    "normal_valid_1": 10627,
    "normal_valid_0": 0,
    "basis_valid_1": 10362,
    "basis_valid_0": 265
  },
  "thresholds": {
    "normal_invalid_rate_max": 0.05,
    "basis_invalid_rate_max": 0.1,
    "wss_rad_p95_over_wss_p95_max": 0.3
  },
  "pass": true,
  "sample_file": "result_features_merged-1200.csv",
  "stl_path": "data_new/AG/fast/FAN_JIAN_MING/FAN_JIAN_MING.stl"
}