version,recipe,fraction,seed,case_id,mae,true_mean,true_second_moment,mse,in_common136
V5.1,X5D,25,1234,AAA/ruputer/DING_JUN_FENG,4.669916833759949,,,,
V5.1,X5D,25,1234,AAA/ruputer/GAO_FENG_SHAN,0.8634102520881448,,,,
V5.1,X5D,25,1234,AAA/ruputer/HUO_SHI_LIANG,1.5981621516871214,,,,
V5.1,X5D,25,1234,AAA/ruputer/LIN_LIANG_XIAO,1.8850598744620604,,,,
V5.1,X5D,25,1234,AAA/ruputer/LI_LAO_PING,2.669305710106011,,,,
V5.1,X5D,25,1234,AAA/ruputer/MENG_GUANG_QIN,2.7281485943145616,,,,
V5.1,X5D,25,1234,AAA/ruputer/TONG_XUE_LIAN,0.541995246876313,,,,
V5.1,X5D,25,1234,AAA/ruputer/WANG_KUI_WU,3.1044662499300326,,,,
V5.1,X5D,25,1234,AAA/ruputer/ZHOU_KE_XUN,1.6919168257957184,,,,
V5.1,X5D,25,1234,AAA/unruputer/CHEN_FU_YE,2.3645591392449115,,,,
V5.1,X5D,25,1234,AAA/unruputer/CHEN_LIANG_FU,0.7544425911696246,,,,
V5.1,X5D,25,1234,AAA/unruputer/CHEN_SHU_LIN,1.3160217441701976,,,,
V5.1,X5D,25,1234,AAA/unruputer/LIU_XING_GUO,0.8837276253817068,,,,
V5.1,X5D,25,1234,AAA/unruputer/YAN_FU_TANG,2.4085927843085493,,,,
V5.1,X5D,25,1234,AAA/unruputer/ZHU_ZI_HAI,0.9952548854642208,,,,
V5.1,X5D,25,1234,AG/fast/LIU_JUN_FENG,0.6245779986597347,,,,
V5.1,X5D,25,1234,AG/fast/LIU_LI_QUN,1.168189862793063,,,,
V5.1,X5D,25,1234,AG/fast/LIU_YI_BING,1.05685784424281,,,,
V5.1,X5D,25,1234,AG/fast/LI_ZHEN_SHAN,1.176322830476009,,,,
V5.1,X5D,25,1234,AG/fast/LI_ZHI_LIN,2.591891056090051,,,,
V5.1,X5D,25,1234,AG/fast/WANG_YONG_FAN,1.5505947472257078,,,,
V5.1,X5D,25,1234,AG/fast/ZHANG_HAO,1.5780740177326533,,,,
V5.1,X5D,25,1234,AG/fast/ZHANG_QING_WANG,1.3795966323478235,,,,
V5.1,X5D,25,1234,AG/slow/CHENG_GUANG_SEN,0.7794539742324531,,,,
V5.1,X5D,25,1234,AG/slow/GONG_HUI_XIA,0.6589991044814827,,,,
V5.1,X5D,25,1234,AG/slow/LIU_JIN_LIANG,1.3884933966836195,,,,
V5.1,X5D,25,1234,AG/slow/LIU_ZONG_YANG,3.5629357698927104,,,,
V5.1,X5D,25,1234,AG/slow/NI_YAN_BIN,3.0545882745726862,,,,
V5.1,X5D,25,1234,AG/slow/WANG_GUI,0.9947669699454404,,,,
V5.1,X5D,25,1234,AG/slow/WANG_YONG_LI,0.8271131023193617,,,,
V5.1,X5D,25,1234,AG/slow/XU_YI_CAI,0.6821209968686315,,,,
V5.1,X5D,25,1234,AG/slow/ZANG_YU_SHU,0.5618332878263838,,,,
V5.1,X5D,25,1234,AG/slow/ZHANG_JUN_HUA,2.6283330340229494,,,,
V5.1,X5D,25,1234,AG/slow/ZHANG_QING_SHUI,2.1425402652159082,,,,
V5.1,X5D,25,1234,AG/slow/ZHANG_SONG_TIAN,0.9486315736860275,,,,
V5.1,X5D,25,1234,ILO/AN_GUANG_JIE-0/before,1.1280543832530323,,,,
V5.1,X5D,25,1234,ILO/GUO_QING_SHAN-0/before,1.8427114821739534,,,,
V5.1,X5D,25,1234,ILO/GUO_YU_SHU-0/before,1.8879364442143005,,,,
V5.1,X5D,25,1234,ILO/LIU_BAO_JUN-0/before,0.7689298996821622,,,,
V5.1,X5D,25,1234,ILO/LIU_YUE_DONG-0/before,0.993595447819857,,,,
V5.1,X5D,25,1234,ILO/LV_JIAN_HUA-0/before,1.0257596696457218,,,,
V5.1,X5D,25,1234,ILO/WANG_TIAN_QING-1/before,1.5495485214600724,,,,
V5.1,X5D,25,1234,ILO/WENG_ZHAO_GUANG-0/before,0.8426077367637059,,,,
V5.1,X5D,25,1234,ILO/XIE_ZHI_FU-0/before,1.2711916676722437,,,,
V5.1,X5D,25,1234,ILO/YANG_WANG_QI-1/before,2.7737750587319425,,,,
V5.1,X5D,25,1234,ILO/ZHANG_YAN_SHAN-0/before,2.2026801666249445,,,,
V5.1,X5D,25,1234,AAA/ruputer/FENG_LI_XIN,0.8209516125773588,,,,
V5.1,X5D,25,1234,AAA/ruputer/GUO_AI_JUN,2.830719923961086,,,,
V5.1,X5D,25,1234,AAA/ruputer/MA_XIAO_DONG,2.053292327632594,,,,
V5.1,X5D,25,1234,AAA/ruputer/XIE_JIN_QUAN,1.5545483085490646,,,,
V5.1,X5D,25,1234,AAA/ruputer/ZOU_LI_SHUN,1.5477668041154733,,,,
V5.1,X5D,25,1234,AAA/unruputer/CAO_HONG_TAI,0.4652097881748074,,,,
V5.1,X5D,25,1234,AAA/unruputer/GAO_WEI_LI,0.9641945428443979,,,,
V5.1,X5D,25,1234,AAA/unruputer/GUO_BAO_CHUN,0.4568258418291203,,,,
V5.1,X5D,25,1234,AAA/unruputer/HAN_JIAN_FU,0.9059112282465466,,,,
V5.1,X5D,25,1234,AAA/unruputer/LIU_CHENG_ZHANG,1.1170210004797598,,,,
V5.1,X5D,25,1234,AAA/unruputer/LIU_JIE,2.0205985738876318,,,,
V5.1,X5D,25,1234,AAA/unruputer/LIU_LI_FENG,1.257057420712151,,,,
V5.1,X5D,25,1234,AAA/unruputer/QIAO_XIU_YUN,1.2491663504366497,,,,
V5.1,X5D,25,1234,AAA/unruputer/YANG_BEN_RUI,0.5182258971909278,,,,
V5.1,X5D,25,1234,AAA/unruputer/ZHOU_XI_SHENG,1.772530774980686,,,,
V5.1,X5D,25,1234,AG/fast/LI_SHU_KUN,1.6854292829411897,,,,
V5.1,X5D,25,1234,AG/fast/WANG_CHUN_MING,1.4047978465632671,,,,
V5.1,X5D,25,1234,AG/fast/ZHANG_XIU_WEN,1.0539052918948029,,,,
V5.1,X5D,25,1234,AG/slow/CAO_FENG_CHI,1.7967625698432517,,,,
V5.1,X5D,25,1234,AG/slow/GUAN_TONG_XIANG,0.751099342492328,,,,
V5.1,X5D,25,1234,AG/slow/KANG_XI_MING,2.460542426816594,,,,
V5.1,X5D,25,1234,AG/slow/LIU_FA_CHUN,3.3935930646611614,,,,
V5.1,X5D,25,1234,AG/slow/LIU_FENG,2.2188281212944454,,,,
V5.1,X5D,25,1234,AG/slow/LI_CHONG_ZENG,1.9582497641356458,,,,
V5.1,X5D,25,1234,AG/slow/LI_GUI_YING,3.672452228177058,,,,
V5.1,X5D,25,1234,AG/slow/LU_ZHEN_QING,1.9594432011569938,,,,
V5.1,X5D,25,1234,AG/slow/MI_DE_XI,3.206733739531172,,,,
V5.1,X5D,25,1234,AG/slow/QIN_SI_FU,1.9919554431678432,,,,
V5.1,X5D,25,1234,AG/slow/SHEN_ZHI_GANG,2.218412901635738,,,,
V5.1,X5D,25,1234,AG/slow/WANG_KE,4.385347454466156,,,,
V5.1,X5D,25,1234,AG/slow/YANG_YOU_SHENG,1.0642190402404283,,,,
V5.1,X5D,25,1234,AG/slow/YIN_YU_RONG,1.461844344361743,,,,
V5.1,X5D,25,1234,AG/slow/ZHANG_LING_GUANG,1.15702481536262,,,,
V5.1,X5D,25,1234,AG/slow/ZHANG_QUAN_YOU,1.6882128677700468,,,,
V5.1,X5D,25,1234,AG/slow/ZHANG_ZHI_JUN,1.688647456468477,,,,
V5.1,X5D,25,1234,ILO/CUI_WEI_PING-0/before,1.310976101225832,,,,
V5.1,X5D,25,1234,ILO/GAO_SHU_CAI-0/before,1.0050959750137367,,,,
V5.1,X5D,25,1234,ILO/HOU_SHI_GUO-0/before,2.9965597242673305,,,,
V5.1,X5D,25,1234,ILO/LIU_LIAN_YOU-0/before,1.5025362125800625,,,,
V5.1,X5D,25,1234,ILO/SUN_DE_QI-1/before,1.526942439367731,,,,
V5.1,X5D,25,1234,ILO/WAGN_LI_JUN-1/before,1.6628887289560044,,,,
V5.1,X5D,25,1234,ILO/WANG_JIN_MING-0/before,6.73048832656678,,,,
V5.1,X5D,25,1234,ILO/WANG_SHU_SHENG-0/before,1.760583432452206,,,,
V5.1,X5D,25,1234,ILO/WU_JUN-0/before,0.8020687774473086,,,,
V5.1,X5D,25,1234,ILO/YAO_GUO_CHEN-0/before,2.244319796323032,,,,
V5.1,X5D,25,1234,ILO/ZHAO_CHANG_SHAN-0/before,6.013134911405395,,,,
V5.1,X5D,25,1234,AAA/ruputer/LIU_JI_XIN,1.536009528702162,,,,
V5.1,X5D,25,1234,AAA/ruputer/LIU_YONG_LAN,0.7438633207294114,,,,
V5.1,X5D,25,1234,AAA/ruputer/LI_BING_JIANG,1.2714419230518879,,,,
V5.1,X5D,25,1234,AAA/ruputer/WANG_AN,2.433374994181915,,,,
V5.1,X5D,25,1234,AAA/ruputer/WU_GUANG_CUN,2.7999705439598275,,,,
V5.1,X5D,25,1234,AAA/ruputer/ZHANG_MAO_JIN,1.026635067667408,,,,
V5.1,X5D,25,1234,AAA/ruputer/ZUO_DAO_SHENG,1.0005372968342985,,,,
V5.1,X5D,25,1234,AAA/unruputer/FENG_ZHI_YING,2.4426448323605356,,,,
V5.1,X5D,25,1234,AAA/unruputer/LIN_JIAN_RONG,3.1497489222063804,,,,
V5.1,X5D,25,1234,AAA/unruputer/LI_YOU_YU,0.7977907507859153,,,,
V5.1,X5D,25,1234,AAA/unruputer/SHEN_CHUN_WANG,1.164963915274227,,,,
V5.1,X5D,25,1234,AAA/unruputer/SHEN_FANG_JIN,0.6073078138932527,,,,
V5.1,X5D,25,1234,AAA/unruputer/ZHANG_XUN_LIAN,0.6623871098728135,,,,
V5.1,X5D,25,1234,AAA/unruputer/ZHANG_ZHI_HUA,2.056101977093136,,,,
V5.1,X5D,25,1234,AG/fast/CHEN_SHI_MING,1.4488100728632498,,,,
V5.1,X5D,25,1234,AG/fast/HAN_JIAN_JUN,1.0047598644617715,,,,
V5.1,X5D,25,1234,AG/fast/LIU_FENG_MING,1.4609832818826083,,,,
V5.1,X5D,25,1234,AG/fast/LI_SHI_QIANG,1.5294097442110255,,,,
V5.1,X5D,25,1234,AG/fast/WANG_DAO_CHUN,3.128311291964306,,,,
V5.1,X5D,25,1234,AG/fast/ZHANG_XIU_ZHEN,0.8570933548867401,,,,
V5.1,X5D,25,1234,AG/slow/A_MIN_SE_HA_CHI,1.087296232545941,,,,
V5.1,X5D,25,1234,AG/slow/CHENG_LU_LI,0.991660257844688,,,,
V5.1,X5D,25,1234,AG/slow/DING_LIAN_ZHONG,1.5628549038263717,,,,
V5.1,X5D,25,1234,AG/slow/LI_BING_YI,1.6707187508033432,,,,
V5.1,X5D,25,1234,AG/slow/LV_FU_LONG,1.2689537707865117,,,,
V5.1,X5D,25,1234,AG/slow/QU_HE_PING,1.6975525761187995,,,,
V5.1,X5D,25,1234,AG/slow/SUN_ZONG_GE,3.8841265713036983,,,,
V5.1,X5D,25,1234,AG/slow/WANG_GUANG_CHAO,1.456105013189314,,,,
V5.1,X5D,25,1234,AG/slow/WANG_YAN_LING,1.1877729863986473,,,,
V5.1,X5D,25,1234,AG/slow/WEI_BAO_XING,0.9069067654094776,,,,
V5.1,X5D,25,1234,AG/slow/WU_FENG_YAN,1.0652441807493915,,,,
V5.1,X5D,25,1234,AG/slow/WU_YI_FA,1.6167406961185131,,,,
V5.1,X5D,25,1234,AG/slow/XI_CHENG_JIANG,1.216888652652321,,,,
V5.1,X5D,25,1234,AG/slow/ZHANG_JING_SHUN,1.2428923699607075,,,,
V5.1,X5D,25,1234,ILO/BAO_EN_YUN-0/before,1.4274608223381506,,,,
V5.1,X5D,25,1234,ILO/GENG_CHUN_LAI-1/before,1.9458182717410348,,,,
V5.1,X5D,25,1234,ILO/GONG_HAI_ZENG-1/before,2.43441376961958,,,,
V5.1,X5D,25,1234,ILO/LIN_CHUN_YANG-1/before,2.445570928836405,,,,
V5.1,X5D,25,1234,ILO/LI_SHENG_WEN-0/before,1.4541215072539908,,,,
V5.1,X5D,25,1234,ILO/PAN_YIN_GEN-1/before,1.0516673322105685,,,,
V5.1,X5D,25,1234,ILO/SUN_YU_SHENG-0/before,1.0659272257222883,,,,
V5.1,X5D,25,1234,ILO/WANG_XIAO_LIN-0/before,2.87363481300419,,,,
V5.1,X5D,25,1234,ILO/YANG_YU_QING-1/before,2.9829518683577216,,,,
V5.1,X5D,25,1234,ILO/ZHANG_JIAN_JUN-1/before,0.7863347104258994,,,,
V5.1,X5D,25,7,AAA/ruputer/DING_JUN_FENG,4.517512948750789,,,,
V5.1,X5D,25,7,AAA/ruputer/GAO_FENG_SHAN,0.7733608151705106,,,,
V5.1,X5D,25,7,AAA/ruputer/HUO_SHI_LIANG,1.7952863381122475,,,,
V5.1,X5D,25,7,AAA/ruputer/LIN_LIANG_XIAO,1.8941318918691155,,,,
V5.1,X5D,25,7,AAA/ruputer/LI_LAO_PING,2.4149615567420355,,,,
V5.1,X5D,25,7,AAA/ruputer/MENG_GUANG_QIN,2.5563524879772284,,,,
V5.1,X5D,25,7,AAA/ruputer/TONG_XUE_LIAN,0.6944825236324832,,,,
V5.1,X5D,25,7,AAA/ruputer/WANG_KUI_WU,2.942488650720461,,,,
V5.1,X5D,25,7,AAA/ruputer/ZHOU_KE_XUN,1.8427498780284384,,,,
V5.1,X5D,25,7,AAA/unruputer/CHEN_FU_YE,2.6256196634643354,,,,
V5.1,X5D,25,7,AAA/unruputer/CHEN_LIANG_FU,0.7991564851630483,,,,
V5.1,X5D,25,7,AAA/unruputer/CHEN_SHU_LIN,1.2940029074383013,,,,
V5.1,X5D,25,7,AAA/unruputer/LIU_XING_GUO,0.9603448178128119,,,,
V5.1,X5D,25,7,AAA/unruputer/YAN_FU_TANG,2.5862375776456976,,,,
V5.1,X5D,25,7,AAA/unruputer/ZHU_ZI_HAI,0.8128771824084372,,,,
V5.1,X5D,25,7,AG/fast/LIU_JUN_FENG,0.6844631355783478,,,,
V5.1,X5D,25,7,AG/fast/LIU_LI_QUN,1.1797493117902231,,,,
V5.1,X5D,25,7,AG/fast/LIU_YI_BING,0.9803586615785936,,,,
V5.1,X5D,25,7,AG/fast/LI_ZHEN_SHAN,1.2048656578066803,,,,
V5.1,X5D,25,7,AG/fast/LI_ZHI_LIN,2.5173730967890613,,,,
V5.1,X5D,25,7,AG/fast/WANG_YONG_FAN,1.4471673060387318,,,,
V5.1,X5D,25,7,AG/fast/ZHANG_HAO,1.4387256700682933,,,,
V5.1,X5D,25,7,AG/fast/ZHANG_QING_WANG,1.4130057673805785,,,,
V5.1,X5D,25,7,AG/slow/CHENG_GUANG_SEN,0.8208789925481875,,,,
V5.1,X5D,25,7,AG/slow/GONG_HUI_XIA,0.5868557978173093,,,,
V5.1,X5D,25,7,AG/slow/LIU_JIN_LIANG,1.4026674092998468,,,,
V5.1,X5D,25,7,AG/slow/LIU_ZONG_YANG,3.4175944044580766,,,,
V5.1,X5D,25,7,AG/slow/NI_YAN_BIN,3.030320634637732,,,,
V5.1,X5D,25,7,AG/slow/WANG_GUI,0.9463628578830118,,,,
V5.1,X5D,25,7,AG/slow/WANG_YONG_LI,0.6979252361470001,,,,
V5.1,X5D,25,7,AG/slow/XU_YI_CAI,0.7141931355470175,,,,
V5.1,X5D,25,7,AG/slow/ZANG_YU_SHU,0.5979470857467152,,,,
V5.1,X5D,25,7,AG/slow/ZHANG_JUN_HUA,2.5519273137273526,,,,
V5.1,X5D,25,7,AG/slow/ZHANG_QING_SHUI,2.087709963754834,,,,
V5.1,X5D,25,7,AG/slow/ZHANG_SONG_TIAN,0.8788293861787003,,,,
V5.1,X5D,25,7,ILO/AN_GUANG_JIE-0/before,1.0944762390383875,,,,
V5.1,X5D,25,7,ILO/GUO_QING_SHAN-0/before,2.0209801708940494,,,,
V5.1,X5D,25,7,ILO/GUO_YU_SHU-0/before,1.9349958181022218,,,,
V5.1,X5D,25,7,ILO/LIU_BAO_JUN-0/before,0.7767830740682065,,,,
V5.1,X5D,25,7,ILO/LIU_YUE_DONG-0/before,0.9821439686520854,,,,
V5.1,X5D,25,7,ILO/LV_JIAN_HUA-0/before,1.2421421946501383,,,,
V5.1,X5D,25,7,ILO/WANG_TIAN_QING-1/before,1.5420698479430721,,,,
V5.1,X5D,25,7,ILO/WENG_ZHAO_GUANG-0/before,0.8144433373828739,,,,
V5.1,X5D,25,7,ILO/XIE_ZHI_FU-0/before,1.283716934146199,,,,
V5.1,X5D,25,7,ILO/YANG_WANG_QI-1/before,2.6891078110267346,,,,
V5.1,X5D,25,7,ILO/ZHANG_YAN_SHAN-0/before,2.251611648177678,,,,
V5.1,X5D,25,7,AAA/ruputer/FENG_LI_XIN,0.7607080559170759,,,,
V5.1,X5D,25,7,AAA/ruputer/GUO_AI_JUN,2.9550169443527747,,,,
V5.1,X5D,25,7,AAA/ruputer/MA_XIAO_DONG,2.1456339809272214,,,,
V5.1,X5D,25,7,AAA/ruputer/XIE_JIN_QUAN,1.4411848050133462,,,,
V5.1,X5D,25,7,AAA/ruputer/ZOU_LI_SHUN,1.7866921187666267,,,,
V5.1,X5D,25,7,AAA/unruputer/CAO_HONG_TAI,0.4818091030286798,,,,
V5.1,X5D,25,7,AAA/unruputer/GAO_WEI_LI,0.8841159617742171,,,,
V5.1,X5D,25,7,AAA/unruputer/GUO_BAO_CHUN,0.43151788135944963,,,,
V5.1,X5D,25,7,AAA/unruputer/HAN_JIAN_FU,0.8652394634468586,,,,
V5.1,X5D,25,7,AAA/unruputer/LIU_CHENG_ZHANG,1.076414412210585,,,,
V5.1,X5D,25,7,AAA/unruputer/LIU_JIE,1.9945929041539376,,,,
V5.1,X5D,25,7,AAA/unruputer/LIU_LI_FENG,1.081006724575127,,,,
V5.1,X5D,25,7,AAA/unruputer/QIAO_XIU_YUN,1.2304366566472682,,,,
V5.1,X5D,25,7,AAA/unruputer/YANG_BEN_RUI,0.5000292726379498,,,,
V5.1,X5D,25,7,AAA/unruputer/ZHOU_XI_SHENG,1.7488508879471465,,,,
V5.1,X5D,25,7,AG/fast/LI_SHU_KUN,1.5680690054008053,,,,
V5.1,X5D,25,7,AG/fast/WANG_CHUN_MING,1.3780687269518246,,,,
V5.1,X5D,25,7,AG/fast/ZHANG_XIU_WEN,0.9586874357250005,,,,
V5.1,X5D,25,7,AG/slow/CAO_FENG_CHI,1.7466541991291191,,,,
V5.1,X5D,25,7,AG/slow/GUAN_TONG_XIANG,0.7437804035255507,,,,
V5.1,X5D,25,7,AG/slow/KANG_XI_MING,2.3078596468605355,,,,
V5.1,X5D,25,7,AG/slow/LIU_FA_CHUN,3.798859791327833,,,,
V5.1,X5D,25,7,AG/slow/LIU_FENG,2.2377978630496815,,,,
V5.1,X5D,25,7,AG/slow/LI_CHONG_ZENG,1.9318248525884187,,,,
V5.1,X5D,25,7,AG/slow/LI_GUI_YING,3.443713752017717,,,,
V5.1,X5D,25,7,AG/slow/LU_ZHEN_QING,2.1754189467070666,,,,
V5.1,X5D,25,7,AG/slow/MI_DE_XI,3.3232403454106714,,,,
V5.1,X5D,25,7,AG/slow/QIN_SI_FU,1.9329017052001485,,,,
V5.1,X5D,25,7,AG/slow/SHEN_ZHI_GANG,2.04799380370509,,,,
V5.1,X5D,25,7,AG/slow/WANG_KE,4.673596428565711,,,,
V5.1,X5D,25,7,AG/slow/YANG_YOU_SHENG,1.0944186953708417,,,,
V5.1,X5D,25,7,AG/slow/YIN_YU_RONG,1.6475206538524527,,,,
V5.1,X5D,25,7,AG/slow/ZHANG_LING_GUANG,1.1901388813643634,,,,
V5.1,X5D,25,7,AG/slow/ZHANG_QUAN_YOU,1.9110484612837724,,,,
V5.1,X5D,25,7,AG/slow/ZHANG_ZHI_JUN,1.7977546868116026,,,,
V5.1,X5D,25,7,ILO/CUI_WEI_PING-0/before,1.206427100543627,,,,
V5.1,X5D,25,7,ILO/GAO_SHU_CAI-0/before,0.9697672981102908,,,,
V5.1,X5D,25,7,ILO/HOU_SHI_GUO-0/before,3.0483025769050176,,,,
V5.1,X5D,25,7,ILO/LIU_LIAN_YOU-0/before,1.7737092045762406,,,,
V5.1,X5D,25,7,ILO/SUN_DE_QI-1/before,1.5950138754497236,,,,
V5.1,X5D,25,7,ILO/WAGN_LI_JUN-1/before,1.59666847131419,,,,
V5.1,X5D,25,7,ILO/WANG_JIN_MING-0/before,6.959641206679609,,,,
V5.1,X5D,25,7,ILO/WANG_SHU_SHENG-0/before,1.7425345976474713,,,,
V5.1,X5D,25,7,ILO/WU_JUN-0/before,0.7427667762265989,,,,
V5.1,X5D,25,7,ILO/YAO_GUO_CHEN-0/before,2.160960877229898,,,,
V5.1,X5D,25,7,ILO/ZHAO_CHANG_SHAN-0/before,6.301371332486526,,,,
V5.1,X5D,25,7,AAA/ruputer/LIU_JI_XIN,1.4699483891288827,,,,
V5.1,X5D,25,7,AAA/ruputer/LIU_YONG_LAN,0.9717620585955918,,,,
V5.1,X5D,25,7,AAA/ruputer/LI_BING_JIANG,1.2101716385165764,,,,
V5.1,X5D,25,7,AAA/ruputer/WANG_AN,2.219263916048937,,,,
V5.1,X5D,25,7,AAA/ruputer/WU_GUANG_CUN,2.623935183141311,,,,
V5.1,X5D,25,7,AAA/ruputer/ZHANG_MAO_JIN,1.058902171621198,,,,
V5.1,X5D,25,7,AAA/ruputer/ZUO_DAO_SHENG,1.142913183332604,,,,
V5.1,X5D,25,7,AAA/unruputer/FENG_ZHI_YING,2.5498295882155606,,,,
V5.1,X5D,25,7,AAA/unruputer/LIN_JIAN_RONG,3.1795826174101935,,,,
V5.1,X5D,25,7,AAA/unruputer/LI_YOU_YU,0.9704328234039523,,,,
V5.1,X5D,25,7,AAA/unruputer/SHEN_CHUN_WANG,1.2970110551986553,,,,
V5.1,X5D,25,7,AAA/unruputer/SHEN_FANG_JIN,0.6756550930063155,,,,
V5.1,X5D,25,7,AAA/unruputer/ZHANG_XUN_LIAN,0.6827484623342513,,,,
V5.1,X5D,25,7,AAA/unruputer/ZHANG_ZHI_HUA,1.9787190838933177,,,,
V5.1,X5D,25,7,AG/fast/CHEN_SHI_MING,1.7033377283349658,,,,
V5.1,X5D,25,7,AG/fast/HAN_JIAN_JUN,0.9480037112065618,,,,
V5.1,X5D,25,7,AG/fast/LIU_FENG_MING,1.6170806175261498,,,,
V5.1,X5D,25,7,AG/fast/LI_SHI_QIANG,1.5955725400148384,,,,
V5.1,X5D,25,7,AG/fast/WANG_DAO_CHUN,3.0686762619770582,,,,
V5.1,X5D,25,7,AG/fast/ZHANG_XIU_ZHEN,0.8868736222354247,,,,
V5.1,X5D,25,7,AG/slow/A_MIN_SE_HA_CHI,1.1155545501540305,,,,
V5.1,X5D,25,7,AG/slow/CHENG_LU_LI,1.0542498672904737,,,,
V5.1,X5D,25,7,AG/slow/DING_LIAN_ZHONG,1.4842926499370692,,,,
V5.1,X5D,25,7,AG/slow/LI_BING_YI,1.885270921818417,,,,
V5.1,X5D,25,7,AG/slow/LV_FU_LONG,1.4383450816536205,,,,
V5.1,X5D,25,7,AG/slow/QU_HE_PING,1.729132559495972,,,,
V5.1,X5D,25,7,AG/slow/SUN_ZONG_GE,3.8450402598983278,,,,
V5.1,X5D,25,7,AG/slow/WANG_GUANG_CHAO,1.542330485075754,,,,
V5.1,X5D,25,7,AG/slow/WANG_YAN_LING,1.241407345389175,,,,
V5.1,X5D,25,7,AG/slow/WEI_BAO_XING,0.9912507770732397,,,,
V5.1,X5D,25,7,AG/slow/WU_FENG_YAN,1.2389671611943411,,,,
V5.1,X5D,25,7,AG/slow/WU_YI_FA,1.9723623459844277,,,,
V5.1,X5D,25,7,AG/slow/XI_CHENG_JIANG,1.2548084197257496,,,,
V5.1,X5D,25,7,AG/slow/ZHANG_JING_SHUN,1.3154515422083928,,,,
V5.1,X5D,25,7,ILO/BAO_EN_YUN-0/before,1.6820369647159832,,,,
V5.1,X5D,25,7,ILO/GENG_CHUN_LAI-1/before,1.8282244141602677,,,,
V5.1,X5D,25,7,ILO/GONG_HAI_ZENG-1/before,2.4855980982705432,,,,
V5.1,X5D,25,7,ILO/LIN_CHUN_YANG-1/before,2.390916523780938,,,,
V5.1,X5D,25,7,ILO/LI_SHENG_WEN-0/before,1.5768995104842576,,,,
V5.1,X5D,25,7,ILO/PAN_YIN_GEN-1/before,1.1246457091970479,,,,
V5.1,X5D,25,7,ILO/SUN_YU_SHENG-0/before,1.0351387224412507,,,,
V5.1,X5D,25,7,ILO/WANG_XIAO_LIN-0/before,2.752851545631362,,,,
V5.1,X5D,25,7,ILO/YANG_YU_QING-1/before,2.908975181713528,,,,
V5.1,X5D,25,7,ILO/ZHANG_JIAN_JUN-1/before,0.8817674996689466,,,,
V5.1,X5D,25,2025,AAA/ruputer/DING_JUN_FENG,4.759461416808014,,,,
V5.1,X5D,25,2025,AAA/ruputer/GAO_FENG_SHAN,0.8922029331640872,,,,
V5.1,X5D,25,2025,AAA/ruputer/HUO_SHI_LIANG,1.6150631240873754,,,,
V5.1,X5D,25,2025,AAA/ruputer/LIN_LIANG_XIAO,1.8311595332780286,,,,
V5.1,X5D,25,2025,AAA/ruputer/LI_LAO_PING,2.5027492333292836,,,,
V5.1,X5D,25,2025,AAA/ruputer/MENG_GUANG_QIN,2.4380840462314297,,,,
V5.1,X5D,25,2025,AAA/ruputer/TONG_XUE_LIAN,0.5713147512545578,,,,
V5.1,X5D,25,2025,AAA/ruputer/WANG_KUI_WU,2.6880662573786522,,,,
V5.1,X5D,25,2025,AAA/ruputer/ZHOU_KE_XUN,1.9036278094529593,,,,
V5.1,X5D,25,2025,AAA/unruputer/CHEN_FU_YE,2.4192898285555877,,,,
V5.1,X5D,25,2025,AAA/unruputer/CHEN_LIANG_FU,0.80277500821391,,,,
V5.1,X5D,25,2025,AAA/unruputer/CHEN_SHU_LIN,1.266689133426192,,,,
V5.1,X5D,25,2025,AAA/unruputer/LIU_XING_GUO,0.8569518446827481,,,,
V5.1,X5D,25,2025,AAA/unruputer/YAN_FU_TANG,2.7505481600439583,,,,
V5.1,X5D,25,2025,AAA/unruputer/ZHU_ZI_HAI,0.70456520079345,,,,
V5.1,X5D,25,2025,AG/fast/LIU_JUN_FENG,0.8097940750509771,,,,
V5.1,X5D,25,2025,AG/fast/LIU_LI_QUN,1.0924798132099816,,,,
V5.1,X5D,25,2025,AG/fast/LIU_YI_BING,0.9383364203141034,,,,
V5.1,X5D,25,2025,AG/fast/LI_ZHEN_SHAN,1.3430949905251848,,,,
V5.1,X5D,25,2025,AG/fast/LI_ZHI_LIN,2.78962221538573,,,,
V5.1,X5D,25,2025,AG/fast/WANG_YONG_FAN,1.4316823642401502,,,,
V5.1,X5D,25,2025,AG/fast/ZHANG_HAO,1.528346162249621,,,,
V5.1,X5D,25,2025,AG/fast/ZHANG_QING_WANG,1.3430559197701,,,,
V5.1,X5D,25,2025,AG/slow/CHENG_GUANG_SEN,0.8803894899106232,,,,
V5.1,X5D,25,2025,AG/slow/GONG_HUI_XIA,0.6100608664024636,,,,
V5.1,X5D,25,2025,AG/slow/LIU_JIN_LIANG,1.3930701004128845,,,,
V5.1,X5D,25,2025,AG/slow/LIU_ZONG_YANG,3.4514108117608364,,,,
V5.1,X5D,25,2025,AG/slow/NI_YAN_BIN,2.9399298946176873,,,,
V5.1,X5D,25,2025,AG/slow/WANG_GUI,0.9724345448319308,,,,
V5.1,X5D,25,2025,AG/slow/WANG_YONG_LI,0.7669346042748003,,,,
V5.1,X5D,25,2025,AG/slow/XU_YI_CAI,0.8314785663423031,,,,
V5.1,X5D,25,2025,AG/slow/ZANG_YU_SHU,0.6843195346442243,,,,
V5.1,X5D,25,2025,AG/slow/ZHANG_JUN_HUA,3.158453878368254,,,,
V5.1,X5D,25,2025,AG/slow/ZHANG_QING_SHUI,1.9975312195204302,,,,
V5.1,X5D,25,2025,AG/slow/ZHANG_SONG_TIAN,0.8979267245738269,,,,
V5.1,X5D,25,2025,ILO/AN_GUANG_JIE-0/before,1.1169846288821446,,,,
V5.1,X5D,25,2025,ILO/GUO_QING_SHAN-0/before,1.797502833392059,,,,
V5.1,X5D,25,2025,ILO/GUO_YU_SHU-0/before,1.70278008197707,,,,
V5.1,X5D,25,2025,ILO/LIU_BAO_JUN-0/before,0.8654585067113997,,,,
V5.1,X5D,25,2025,ILO/LIU_YUE_DONG-0/before,1.0975117680183275,,,,
V5.1,X5D,25,2025,ILO/LV_JIAN_HUA-0/before,1.2136374527131257,,,,
V5.1,X5D,25,2025,ILO/WANG_TIAN_QING-1/before,1.6105659786742448,,,,
V5.1,X5D,25,2025,ILO/WENG_ZHAO_GUANG-0/before,1.185356301242022,,,,
V5.1,X5D,25,2025,ILO/XIE_ZHI_FU-0/before,1.2197229564682033,,,,
V5.1,X5D,25,2025,ILO/YANG_WANG_QI-1/before,2.580839018031407,,,,
V5.1,X5D,25,2025,ILO/ZHANG_YAN_SHAN-0/before,2.263056649538998,,,,
V5.1,X5D,25,2025,AAA/ruputer/FENG_LI_XIN,0.9874420711688403,,,,
V5.1,X5D,25,2025,AAA/ruputer/GUO_AI_JUN,2.7511509044716407,,,,
V5.1,X5D,25,2025,AAA/ruputer/MA_XIAO_DONG,2.267370968907527,,,,
V5.1,X5D,25,2025,AAA/ruputer/XIE_JIN_QUAN,1.4240253841718613,,,,
V5.1,X5D,25,2025,AAA/ruputer/ZOU_LI_SHUN,1.755726068549173,,,,
V5.1,X5D,25,2025,AAA/unruputer/CAO_HONG_TAI,0.519246061041349,,,,
V5.1,X5D,25,2025,AAA/unruputer/GAO_WEI_LI,0.9853613682754955,,,,
V5.1,X5D,25,2025,AAA/unruputer/GUO_BAO_CHUN,0.40552307601716536,,,,
V5.1,X5D,25,2025,AAA/unruputer/HAN_JIAN_FU,0.9080672019969062,,,,
V5.1,X5D,25,2025,AAA/unruputer/LIU_CHENG_ZHANG,1.0990363590516097,,,,
V5.1,X5D,25,2025,AAA/unruputer/LIU_JIE,1.76478583070211,,,,
V5.1,X5D,25,2025,AAA/unruputer/LIU_LI_FENG,1.1159423966544957,,,,
V5.1,X5D,25,2025,AAA/unruputer/QIAO_XIU_YUN,1.2997976353895695,,,,
V5.1,X5D,25,2025,AAA/unruputer/YANG_BEN_RUI,0.49670106788484214,,,,
V5.1,X5D,25,2025,AAA/unruputer/ZHOU_XI_SHENG,1.8638232612056058,,,,
V5.1,X5D,25,2025,AG/fast/LI_SHU_KUN,1.5149049088743538,,,,
V5.1,X5D,25,2025,AG/fast/WANG_CHUN_MING,1.3202391351545355,,,,
V5.1,X5D,25,2025,AG/fast/ZHANG_XIU_WEN,1.0887157965127414,,,,
V5.1,X5D,25,2025,AG/slow/CAO_FENG_CHI,1.7859533859258323,,,,
V5.1,X5D,25,2025,AG/slow/GUAN_TONG_XIANG,0.7453056683417667,,,,
V5.1,X5D,25,2025,AG/slow/KANG_XI_MING,2.159084814351307,,,,
V5.1,X5D,25,2025,AG/slow/LIU_FA_CHUN,3.270932837363648,,,,
V5.1,X5D,25,2025,AG/slow/LIU_FENG,2.116613879353534,,,,
V5.1,X5D,25,2025,AG/slow/LI_CHONG_ZENG,1.7721730359967762,,,,
V5.1,X5D,25,2025,AG/slow/LI_GUI_YING,3.550902407361824,,,,
V5.1,X5D,25,2025,AG/slow/LU_ZHEN_QING,2.0157831455665147,,,,
V5.1,X5D,25,2025,AG/slow/MI_DE_XI,3.118812835790142,,,,
V5.1,X5D,25,2025,AG/slow/QIN_SI_FU,1.894735840181828,,,,
V5.1,X5D,25,2025,AG/slow/SHEN_ZHI_GANG,2.085148046899423,,,,
V5.1,X5D,25,2025,AG/slow/WANG_KE,4.3262915367445824,,,,
V5.1,X5D,25,2025,AG/slow/YANG_YOU_SHENG,1.0684293851183757,,,,
V5.1,X5D,25,2025,AG/slow/YIN_YU_RONG,1.5630581744112912,,,,
V5.1,X5D,25,2025,AG/slow/ZHANG_LING_GUANG,1.1949390395052575,,,,
V5.1,X5D,25,2025,AG/slow/ZHANG_QUAN_YOU,1.7701032322969457,,,,
V5.1,X5D,25,2025,AG/slow/ZHANG_ZHI_JUN,1.7465951581411798,,,,
V5.1,X5D,25,2025,ILO/CUI_WEI_PING-0/before,1.3779209768731349,,,,
V5.1,X5D,25,2025,ILO/GAO_SHU_CAI-0/before,1.0187617993289089,,,,
V5.1,X5D,25,2025,ILO/HOU_SHI_GUO-0/before,2.6931420710054756,,,,
V5.1,X5D,25,2025,ILO/LIU_LIAN_YOU-0/before,1.9204661256644662,,,,
V5.1,X5D,25,2025,ILO/SUN_DE_QI-1/before,1.7075317295032841,,,,
V5.1,X5D,25,2025,ILO/WAGN_LI_JUN-1/before,1.595081943334985,,,,
V5.1,X5D,25,2025,ILO/WANG_JIN_MING-0/before,6.395196561167114,,,,
V5.1,X5D,25,2025,ILO/WANG_SHU_SHENG-0/before,1.6093422060160807,,,,
V5.1,X5D,25,2025,ILO/WU_JUN-0/before,0.7448303056395759,,,,
V5.1,X5D,25,2025,ILO/YAO_GUO_CHEN-0/before,2.229685880763822,,,,
V5.1,X5D,25,2025,ILO/ZHAO_CHANG_SHAN-0/before,5.854458936967021,,,,
V5.1,X5D,25,2025,AAA/ruputer/LIU_JI_XIN,1.471335957022185,,,,
V5.1,X5D,25,2025,AAA/ruputer/LIU_YONG_LAN,0.8628513330699952,,,,
V5.1,X5D,25,2025,AAA/ruputer/LI_BING_JIANG,1.341080877363976,,,,
V5.1,X5D,25,2025,AAA/ruputer/WANG_AN,2.471745300588851,,,,
V5.1,X5D,25,2025,AAA/ruputer/WU_GUANG_CUN,2.7377030267458724,,,,
V5.1,X5D,25,2025,AAA/ruputer/ZHANG_MAO_JIN,0.9820624902433936,,,,
V5.1,X5D,25,2025,AAA/ruputer/ZUO_DAO_SHENG,0.9883206837584902,,,,
V5.1,X5D,25,2025,AAA/unruputer/FENG_ZHI_YING,2.458388190046521,,,,
V5.1,X5D,25,2025,AAA/unruputer/LIN_JIAN_RONG,3.3268299836471615,,,,
V5.1,X5D,25,2025,AAA/unruputer/LI_YOU_YU,0.8676621507118679,,,,
V5.1,X5D,25,2025,AAA/unruputer/SHEN_CHUN_WANG,1.212899488672912,,,,
V5.1,X5D,25,2025,AAA/unruputer/SHEN_FANG_JIN,0.6075969211773414,,,,
V5.1,X5D,25,2025,AAA/unruputer/ZHANG_XUN_LIAN,0.6540130745777595,,,,
V5.1,X5D,25,2025,AAA/unruputer/ZHANG_ZHI_HUA,1.9169954828396363,,,,
V5.1,X5D,25,2025,AG/fast/CHEN_SHI_MING,1.3610256886790668,,,,
V5.1,X5D,25,2025,AG/fast/HAN_JIAN_JUN,0.8918154920521244,,,,
V5.1,X5D,25,2025,AG/fast/LIU_FENG_MING,1.404990628113284,,,,
V5.1,X5D,25,2025,AG/fast/LI_SHI_QIANG,1.2561072173573513,,,,
V5.1,X5D,25,2025,AG/fast/WANG_DAO_CHUN,3.1753858844048013,,,,
V5.1,X5D,25,2025,AG/fast/ZHANG_XIU_ZHEN,0.9153055638545825,,,,
V5.1,X5D,25,2025,AG/slow/A_MIN_SE_HA_CHI,1.0606650321640816,,,,
V5.1,X5D,25,2025,AG/slow/CHENG_LU_LI,1.0064492564777148,,,,
V5.1,X5D,25,2025,AG/slow/DING_LIAN_ZHONG,1.4678520423107713,,,,
V5.1,X5D,25,2025,AG/slow/LI_BING_YI,1.8759573197970507,,,,
V5.1,X5D,25,2025,AG/slow/LV_FU_LONG,1.2844569329396258,,,,
V5.1,X5D,25,2025,AG/slow/QU_HE_PING,1.826139903537061,,,,
V5.1,X5D,25,2025,AG/slow/SUN_ZONG_GE,4.0319197669246325,,,,
V5.1,X5D,25,2025,AG/slow/WANG_GUANG_CHAO,1.5189179920418145,,,,
V5.1,X5D,25,2025,AG/slow/WANG_YAN_LING,1.2006256232782246,,,,
V5.1,X5D,25,2025,AG/slow/WEI_BAO_XING,0.9514684776219122,,,,
V5.1,X5D,25,2025,AG/slow/WU_FENG_YAN,1.0356843093097052,,,,
V5.1,X5D,25,2025,AG/slow/WU_YI_FA,1.7454682315335541,,,,
V5.1,X5D,25,2025,AG/slow/XI_CHENG_JIANG,1.1436232969933802,,,,
V5.1,X5D,25,2025,AG/slow/ZHANG_JING_SHUN,1.273354980065659,,,,
V5.1,X5D,25,2025,ILO/BAO_EN_YUN-0/before,1.4448291872276218,,,,
V5.1,X5D,25,2025,ILO/GENG_CHUN_LAI-1/before,1.885636258466149,,,,
V5.1,X5D,25,2025,ILO/GONG_HAI_ZENG-1/before,2.4691825579173257,,,,
V5.1,X5D,25,2025,ILO/LIN_CHUN_YANG-1/before,2.2758646340838595,,,,
V5.1,X5D,25,2025,ILO/LI_SHENG_WEN-0/before,1.5625675533157906,,,,
V5.1,X5D,25,2025,ILO/PAN_YIN_GEN-1/before,1.0923281997490817,,,,
V5.1,X5D,25,2025,ILO/SUN_YU_SHENG-0/before,1.0299768637663325,,,,
V5.1,X5D,25,2025,ILO/WANG_XIAO_LIN-0/before,2.7318619098632944,,,,
V5.1,X5D,25,2025,ILO/YANG_YU_QING-1/before,3.091144201731419,,,,
V5.1,X5D,25,2025,ILO/ZHANG_JIAN_JUN-1/before,0.7892184787831573,,,,
V5.1,X5D,50,1234,AAA/ruputer/DING_JUN_FENG,4.084353691821688,,,,
V5.1,X5D,50,1234,AAA/ruputer/GAO_FENG_SHAN,0.7664914239777594,,,,
V5.1,X5D,50,1234,AAA/ruputer/HUO_SHI_LIANG,1.575542188103972,,,,
V5.1,X5D,50,1234,AAA/ruputer/LIN_LIANG_XIAO,1.682857858853803,,,,
V5.1,X5D,50,1234,AAA/ruputer/LI_LAO_PING,2.326492569482283,,,,
V5.1,X5D,50,1234,AAA/ruputer/MENG_GUANG_QIN,2.522902872343923,,,,
V5.1,X5D,50,1234,AAA/ruputer/TONG_XUE_LIAN,0.5198206446879597,,,,
V5.1,X5D,50,1234,AAA/ruputer/WANG_KUI_WU,2.679679915851409,,,,
V5.1,X5D,50,1234,AAA/ruputer/ZHOU_KE_XUN,1.6151728223098647,,,,
V5.1,X5D,50,1234,AAA/unruputer/CHEN_FU_YE,2.1897947584929383,,,,
V5.1,X5D,50,1234,AAA/unruputer/CHEN_LIANG_FU,0.7285112828027484,,,,
V5.1,X5D,50,1234,AAA/unruputer/CHEN_SHU_LIN,1.3455705747259787,,,,
V5.1,X5D,50,1234,AAA/unruputer/LIU_XING_GUO,0.8112096563395451,,,,
V5.1,X5D,50,1234,AAA/unruputer/YAN_FU_TANG,2.417874806857002,,,,
V5.1,X5D,50,1234,AAA/unruputer/ZHU_ZI_HAI,0.7136967281121507,,,,
V5.1,X5D,50,1234,AG/fast/LIU_JUN_FENG,0.5980445867963682,,,,
V5.1,X5D,50,1234,AG/fast/LIU_LI_QUN,1.1382377145912697,,,,
V5.1,X5D,50,1234,AG/fast/LIU_YI_BING,0.8534384326392572,,,,
V5.1,X5D,50,1234,AG/fast/LI_ZHEN_SHAN,1.1634521875128179,,,,
V5.1,X5D,50,1234,AG/fast/LI_ZHI_LIN,2.380027038923216,,,,
V5.1,X5D,50,1234,AG/fast/WANG_YONG_FAN,1.2756323084759498,,,,
V5.1,X5D,50,1234,AG/fast/ZHANG_HAO,1.4606789959140558,,,,
V5.1,X5D,50,1234,AG/fast/ZHANG_QING_WANG,1.2062609494852785,,,,
V5.1,X5D,50,1234,AG/slow/CHENG_GUANG_SEN,0.7169939363935175,,,,
V5.1,X5D,50,1234,AG/slow/GONG_HUI_XIA,0.6045172426301094,,,,
V5.1,X5D,50,1234,AG/slow/LIU_JIN_LIANG,1.2327947726264061,,,,
V5.1,X5D,50,1234,AG/slow/LIU_ZONG_YANG,2.9401606653539765,,,,
V5.1,X5D,50,1234,AG/slow/NI_YAN_BIN,2.7457243176313386,,,,
V5.1,X5D,50,1234,AG/slow/WANG_GUI,0.9486767574584121,,,,
V5.1,X5D,50,1234,AG/slow/WANG_YONG_LI,0.7462768407101011,,,,
V5.1,X5D,50,1234,AG/slow/XU_YI_CAI,0.6247081439446968,,,,
V5.1,X5D,50,1234,AG/slow/ZANG_YU_SHU,0.5256365762631455,,,,
V5.1,X5D,50,1234,AG/slow/ZHANG_JUN_HUA,2.4704114545956823,,,,
V5.1,X5D,50,1234,AG/slow/ZHANG_QING_SHUI,1.8988346668262894,,,,
V5.1,X5D,50,1234,AG/slow/ZHANG_SONG_TIAN,0.8450370681857408,,,,
V5.1,X5D,50,1234,ILO/AN_GUANG_JIE-0/before,1.0373396397607162,,,,
V5.1,X5D,50,1234,ILO/GUO_QING_SHAN-0/before,1.6268982911755772,,,,
V5.1,X5D,50,1234,ILO/GUO_YU_SHU-0/before,1.7178510932387698,,,,
V5.1,X5D,50,1234,ILO/LIU_BAO_JUN-0/before,0.7241432222466694,,,,
V5.1,X5D,50,1234,ILO/LIU_YUE_DONG-0/before,0.8563079307158183,,,,
V5.1,X5D,50,1234,ILO/LV_JIAN_HUA-0/before,0.9952602165488742,,,,
V5.1,X5D,50,1234,ILO/WANG_TIAN_QING-1/before,1.3989691357149376,,,,
V5.1,X5D,50,1234,ILO/WENG_ZHAO_GUANG-0/before,0.7976991578979519,,,,
V5.1,X5D,50,1234,ILO/XIE_ZHI_FU-0/before,1.1985747440892796,,,,
V5.1,X5D,50,1234,ILO/YANG_WANG_QI-1/before,2.274961786333953,,,,
V5.1,X5D,50,1234,ILO/ZHANG_YAN_SHAN-0/before,2.2080086275417914,,,,
V5.1,X5D,50,1234,AAA/ruputer/FENG_LI_XIN,0.8664655328175872,,,,
V5.1,X5D,50,1234,AAA/ruputer/GUO_AI_JUN,2.865641117194215,,,,
V5.1,X5D,50,1234,AAA/ruputer/MA_XIAO_DONG,1.9826736128785478,,,,
V5.1,X5D,50,1234,AAA/ruputer/XIE_JIN_QUAN,1.333809055546673,,,,
V5.1,X5D,50,1234,AAA/ruputer/ZOU_LI_SHUN,1.4897137506340712,,,,
V5.1,X5D,50,1234,AAA/unruputer/CAO_HONG_TAI,0.38668946576088603,,,,
V5.1,X5D,50,1234,AAA/unruputer/GAO_WEI_LI,0.7717130378338628,,,,
V5.1,X5D,50,1234,AAA/unruputer/GUO_BAO_CHUN,0.4189030668775289,,,,
V5.1,X5D,50,1234,AAA/unruputer/HAN_JIAN_FU,0.7925665129918285,,,,
V5.1,X5D,50,1234,AAA/unruputer/LIU_CHENG_ZHANG,1.0176920855534097,,,,
V5.1,X5D,50,1234,AAA/unruputer/LIU_JIE,1.6992323065458057,,,,
V5.1,X5D,50,1234,AAA/unruputer/LIU_LI_FENG,1.0694524089986754,,,,
V5.1,X5D,50,1234,AAA/unruputer/QIAO_XIU_YUN,1.271071740380987,,,,
V5.1,X5D,50,1234,AAA/unruputer/YANG_BEN_RUI,0.44511533058339,,,,
V5.1,X5D,50,1234,AAA/unruputer/ZHOU_XI_SHENG,1.6827360069039983,,,,
V5.1,X5D,50,1234,AG/fast/LI_SHU_KUN,1.449955023597007,,,,
V5.1,X5D,50,1234,AG/fast/WANG_CHUN_MING,1.2179741975825198,,,,
V5.1,X5D,50,1234,AG/fast/ZHANG_XIU_WEN,0.9395048196207412,,,,
V5.1,X5D,50,1234,AG/slow/CAO_FENG_CHI,1.6314547191438697,,,,
V5.1,X5D,50,1234,AG/slow/GUAN_TONG_XIANG,0.635667670549707,,,,
V5.1,X5D,50,1234,AG/slow/KANG_XI_MING,2.0809936062724805,,,,
V5.1,X5D,50,1234,AG/slow/LIU_FA_CHUN,3.1768293000301697,,,,
V5.1,X5D,50,1234,AG/slow/LIU_FENG,1.874026785873947,,,,
V5.1,X5D,50,1234,AG/slow/LI_CHONG_ZENG,1.7269378863024056,,,,
V5.1,X5D,50,1234,AG/slow/LI_GUI_YING,3.424045804120483,,,,
V5.1,X5D,50,1234,AG/slow/LU_ZHEN_QING,1.888525472244924,,,,
V5.1,X5D,50,1234,AG/slow/MI_DE_XI,2.7744000469608907,,,,
V5.1,X5D,50,1234,AG/slow/QIN_SI_FU,1.7001507305686019,,,,
V5.1,X5D,50,1234,AG/slow/SHEN_ZHI_GANG,1.98777416758354,,,,
V5.1,X5D,50,1234,AG/slow/WANG_KE,4.084535550894178,,,,
V5.1,X5D,50,1234,AG/slow/YANG_YOU_SHENG,0.9801407507003037,,,,
V5.1,X5D,50,1234,AG/slow/YIN_YU_RONG,1.4461904449695375,,,,
V5.1,X5D,50,1234,AG/slow/ZHANG_LING_GUANG,1.0828370102453455,,,,
V5.1,X5D,50,1234,AG/slow/ZHANG_QUAN_YOU,1.5464143729642579,,,,
V5.1,X5D,50,1234,AG/slow/ZHANG_ZHI_JUN,1.655794301566048,,,,
V5.1,X5D,50,1234,ILO/CUI_WEI_PING-0/before,1.1806690553468777,,,,
V5.1,X5D,50,1234,ILO/GAO_SHU_CAI-0/before,0.8925195875498345,,,,
V5.1,X5D,50,1234,ILO/HOU_SHI_GUO-0/before,2.7700364539442925,,,,
V5.1,X5D,50,1234,ILO/LIU_LIAN_YOU-0/before,1.6225351067587896,,,,
V5.1,X5D,50,1234,ILO/SUN_DE_QI-1/before,1.4506735523118601,,,,
V5.1,X5D,50,1234,ILO/WAGN_LI_JUN-1/before,1.4250999910314082,,,,
V5.1,X5D,50,1234,ILO/WANG_JIN_MING-0/before,6.518116311525193,,,,
V5.1,X5D,50,1234,ILO/WANG_SHU_SHENG-0/before,1.5847491428460778,,,,
V5.1,X5D,50,1234,ILO/WU_JUN-0/before,0.6740486040131837,,,,
V5.1,X5D,50,1234,ILO/YAO_GUO_CHEN-0/before,2.0517666540997324,,,,
V5.1,X5D,50,1234,ILO/ZHAO_CHANG_SHAN-0/before,6.06662041465273,,,,
V5.1,X5D,50,1234,AAA/ruputer/LIU_JI_XIN,1.4615039503023972,,,,
V5.1,X5D,50,1234,AAA/ruputer/LIU_YONG_LAN,0.7420133105479987,,,,
V5.1,X5D,50,1234,AAA/ruputer/LI_BING_JIANG,1.3688798796367414,,,,
V5.1,X5D,50,1234,AAA/ruputer/WANG_AN,1.5122444048787742,,,,
V5.1,X5D,50,1234,AAA/ruputer/WU_GUANG_CUN,2.649008936018538,,,,
V5.1,X5D,50,1234,AAA/ruputer/ZHANG_MAO_JIN,0.9364912279248412,,,,
V5.1,X5D,50,1234,AAA/ruputer/ZUO_DAO_SHENG,0.9578204434903554,,,,
V5.1,X5D,50,1234,AAA/unruputer/FENG_ZHI_YING,2.545853438887508,,,,
V5.1,X5D,50,1234,AAA/unruputer/LIN_JIAN_RONG,2.953926291201783,,,,
V5.1,X5D,50,1234,AAA/unruputer/LI_YOU_YU,0.8020972169313867,,,,
V5.1,X5D,50,1234,AAA/unruputer/SHEN_CHUN_WANG,1.1464532200860995,,,,
V5.1,X5D,50,1234,AAA/unruputer/SHEN_FANG_JIN,0.5764314330110465,,,,
V5.1,X5D,50,1234,AAA/unruputer/ZHANG_XUN_LIAN,0.5862144585381001,,,,
V5.1,X5D,50,1234,AAA/unruputer/ZHANG_ZHI_HUA,1.9059757715363705,,,,
V5.1,X5D,50,1234,AG/fast/CHEN_SHI_MING,1.3108284308261533,,,,
V5.1,X5D,50,1234,AG/fast/HAN_JIAN_JUN,0.7771824204065577,,,,
V5.1,X5D,50,1234,AG/fast/LIU_FENG_MING,1.3912899424590242,,,,
V5.1,X5D,50,1234,AG/fast/LI_SHI_QIANG,1.5004037546053917,,,,
V5.1,X5D,50,1234,AG/fast/WANG_DAO_CHUN,2.943943870240514,,,,
V5.1,X5D,50,1234,AG/fast/ZHANG_XIU_ZHEN,0.8162927408923009,,,,
V5.1,X5D,50,1234,AG/slow/A_MIN_SE_HA_CHI,0.9812247114670615,,,,
V5.1,X5D,50,1234,AG/slow/CHENG_LU_LI,0.9193257847524547,,,,
V5.1,X5D,50,1234,AG/slow/DING_LIAN_ZHONG,1.4053892129211527,,,,
V5.1,X5D,50,1234,AG/slow/LI_BING_YI,1.490395855719454,,,,
V5.1,X5D,50,1234,AG/slow/LV_FU_LONG,1.2573387733659693,,,,
V5.1,X5D,50,1234,AG/slow/QU_HE_PING,1.6508651154058553,,,,
V5.1,X5D,50,1234,AG/slow/SUN_ZONG_GE,4.045489354704244,,,,
V5.1,X5D,50,1234,AG/slow/WANG_GUANG_CHAO,1.370860618574775,,,,
V5.1,X5D,50,1234,AG/slow/WANG_YAN_LING,1.2215154147735794,,,,
V5.1,X5D,50,1234,AG/slow/WEI_BAO_XING,0.8018642937884496,,,,
V5.1,X5D,50,1234,AG/slow/WU_FENG_YAN,0.9152621778622396,,,,
V5.1,X5D,50,1234,AG/slow/WU_YI_FA,1.5089513655861566,,,,
V5.1,X5D,50,1234,AG/slow/XI_CHENG_JIANG,1.1321398196439456,,,,
V5.1,X5D,50,1234,AG/slow/ZHANG_JING_SHUN,1.102259920900226,,,,
V5.1,X5D,50,1234,ILO/BAO_EN_YUN-0/before,1.2822765308981245,,,,
V5.1,X5D,50,1234,ILO/GENG_CHUN_LAI-1/before,1.7239445743421322,,,,
V5.1,X5D,50,1234,ILO/GONG_HAI_ZENG-1/before,2.3320304957982168,,,,
V5.1,X5D,50,1234,ILO/LIN_CHUN_YANG-1/before,2.192574250208757,,,,
V5.1,X5D,50,1234,ILO/LI_SHENG_WEN-0/before,1.5067130162540308,,,,
V5.1,X5D,50,1234,ILO/PAN_YIN_GEN-1/before,0.929372732083011,,,,
V5.1,X5D,50,1234,ILO/SUN_YU_SHENG-0/before,0.9736456218714226,,,,
V5.1,X5D,50,1234,ILO/WANG_XIAO_LIN-0/before,2.694182302343654,,,,
V5.1,X5D,50,1234,ILO/YANG_YU_QING-1/before,2.9718797732466755,,,,
V5.1,X5D,50,1234,ILO/ZHANG_JIAN_JUN-1/before,0.7626409075378499,,,,
V5.1,X5D,50,7,AAA/ruputer/DING_JUN_FENG,4.0948752320437025,,,,
V5.1,X5D,50,7,AAA/ruputer/GAO_FENG_SHAN,0.8580458796625821,,,,
V5.1,X5D,50,7,AAA/ruputer/HUO_SHI_LIANG,1.6078103529964585,,,,
V5.1,X5D,50,7,AAA/ruputer/LIN_LIANG_XIAO,1.6635200283209275,,,,
V5.1,X5D,50,7,AAA/ruputer/LI_LAO_PING,2.2415556761913344,,,,
V5.1,X5D,50,7,AAA/ruputer/MENG_GUANG_QIN,2.6718079991539625,,,,
V5.1,X5D,50,7,AAA/ruputer/TONG_XUE_LIAN,0.5737712635220552,,,,
V5.1,X5D,50,7,AAA/ruputer/WANG_KUI_WU,2.9478105014406437,,,,
V5.1,X5D,50,7,AAA/ruputer/ZHOU_KE_XUN,1.6417940382924059,,,,
V5.1,X5D,50,7,AAA/unruputer/CHEN_FU_YE,2.2144847964696037,,,,
V5.1,X5D,50,7,AAA/unruputer/CHEN_LIANG_FU,0.7605305863527695,,,,
V5.1,X5D,50,7,AAA/unruputer/CHEN_SHU_LIN,1.286107876196048,,,,
V5.1,X5D,50,7,AAA/unruputer/LIU_XING_GUO,0.8653562022959205,,,,
V5.1,X5D,50,7,AAA/unruputer/YAN_FU_TANG,2.6043445586190432,,,,
V5.1,X5D,50,7,AAA/unruputer/ZHU_ZI_HAI,0.7263639466853129,,,,
V5.1,X5D,50,7,AG/fast/LIU_JUN_FENG,0.5957542639247867,,,,
V5.1,X5D,50,7,AG/fast/LIU_LI_QUN,1.1942492067857895,,,,
V5.1,X5D,50,7,AG/fast/LIU_YI_BING,0.8799513918566918,,,,
V5.1,X5D,50,7,AG/fast/LI_ZHEN_SHAN,1.112779299429967,,,,
V5.1,X5D,50,7,AG/fast/LI_ZHI_LIN,2.5470693664444726,,,,
V5.1,X5D,50,7,AG/fast/WANG_YONG_FAN,1.300295190169661,,,,
V5.1,X5D,50,7,AG/fast/ZHANG_HAO,1.4040471282010092,,,,
V5.1,X5D,50,7,AG/fast/ZHANG_QING_WANG,1.4033219221459317,,,,
V5.1,X5D,50,7,AG/slow/CHENG_GUANG_SEN,0.8092348005636346,,,,
V5.1,X5D,50,7,AG/slow/GONG_HUI_XIA,0.5552106986347723,,,,
V5.1,X5D,50,7,AG/slow/LIU_JIN_LIANG,1.2650558235747738,,,,
V5.1,X5D,50,7,AG/slow/LIU_ZONG_YANG,3.1092669999164317,,,,
V5.1,X5D,50,7,AG/slow/NI_YAN_BIN,2.89023389857497,,,,
V5.1,X5D,50,7,AG/slow/WANG_GUI,0.9153982431683961,,,,
V5.1,X5D,50,7,AG/slow/WANG_YONG_LI,0.6900374901249339,,,,
V5.1,X5D,50,7,AG/slow/XU_YI_CAI,0.6337435268652607,,,,
V5.1,X5D,50,7,AG/slow/ZANG_YU_SHU,0.5254945776092425,,,,
V5.1,X5D,50,7,AG/slow/ZHANG_JUN_HUA,2.410447157133198,,,,
V5.1,X5D,50,7,AG/slow/ZHANG_QING_SHUI,2.0810683159099432,,,,
V5.1,X5D,50,7,AG/slow/ZHANG_SONG_TIAN,0.8492061863901819,,,,
V5.1,X5D,50,7,ILO/AN_GUANG_JIE-0/before,0.9807736911578961,,,,
V5.1,X5D,50,7,ILO/GUO_QING_SHAN-0/before,1.799311306406997,,,,
V5.1,X5D,50,7,ILO/GUO_YU_SHU-0/before,1.9893028888594761,,,,
V5.1,X5D,50,7,ILO/LIU_BAO_JUN-0/before,0.7264358289775195,,,,
V5.1,X5D,50,7,ILO/LIU_YUE_DONG-0/before,0.872161467527919,,,,
V5.1,X5D,50,7,ILO/LV_JIAN_HUA-0/before,1.08294850831219,,,,
V5.1,X5D,50,7,ILO/WANG_TIAN_QING-1/before,1.4405580831115354,,,,
V5.1,X5D,50,7,ILO/WENG_ZHAO_GUANG-0/before,0.8255875667136156,,,,
V5.1,X5D,50,7,ILO/XIE_ZHI_FU-0/before,1.082155759948471,,,,
V5.1,X5D,50,7,ILO/YANG_WANG_QI-1/before,2.6847034136534824,,,,
V5.1,X5D,50,7,ILO/ZHANG_YAN_SHAN-0/before,2.187635562423516,,,,
V5.1,X5D,50,7,AAA/ruputer/FENG_LI_XIN,1.0946295999189353,,,,
V5.1,X5D,50,7,AAA/ruputer/GUO_AI_JUN,2.9212932427866347,,,,
V5.1,X5D,50,7,AAA/ruputer/MA_XIAO_DONG,1.958448141673015,,,,
V5.1,X5D,50,7,AAA/ruputer/XIE_JIN_QUAN,1.347087733948121,,,,
V5.1,X5D,50,7,AAA/ruputer/ZOU_LI_SHUN,1.6034253067845343,,,,
V5.1,X5D,50,7,AAA/unruputer/CAO_HONG_TAI,0.41342666092963387,,,,
V5.1,X5D,50,7,AAA/unruputer/GAO_WEI_LI,0.8659324080489994,,,,
V5.1,X5D,50,7,AAA/unruputer/GUO_BAO_CHUN,0.36726973974470706,,,,
V5.1,X5D,50,7,AAA/unruputer/HAN_JIAN_FU,0.8054990650565971,,,,
V5.1,X5D,50,7,AAA/unruputer/LIU_CHENG_ZHANG,1.0368943823230021,,,,
V5.1,X5D,50,7,AAA/unruputer/LIU_JIE,1.8877918375522567,,,,
V5.1,X5D,50,7,AAA/unruputer/LIU_LI_FENG,1.0539833518294213,,,,
V5.1,X5D,50,7,AAA/unruputer/QIAO_XIU_YUN,1.1133365160079025,,,,
V5.1,X5D,50,7,AAA/unruputer/YANG_BEN_RUI,0.47693860281162487,,,,
V5.1,X5D,50,7,AAA/unruputer/ZHOU_XI_SHENG,1.8873463877297807,,,,
V5.1,X5D,50,7,AG/fast/LI_SHU_KUN,1.2952350095294671,,,,
V5.1,X5D,50,7,AG/fast/WANG_CHUN_MING,1.228978950736389,,,,
V5.1,X5D,50,7,AG/fast/ZHANG_XIU_WEN,0.9465610081246799,,,,
V5.1,X5D,50,7,AG/slow/CAO_FENG_CHI,1.577213903986399,,,,
V5.1,X5D,50,7,AG/slow/GUAN_TONG_XIANG,0.6203626939317699,,,,
V5.1,X5D,50,7,AG/slow/KANG_XI_MING,2.1126033740693306,,,,
V5.1,X5D,50,7,AG/slow/LIU_FA_CHUN,3.5188699701250097,,,,
V5.1,X5D,50,7,AG/slow/LIU_FENG,1.9707700254856377,,,,
V5.1,X5D,50,7,AG/slow/LI_CHONG_ZENG,1.519656590964339,,,,
V5.1,X5D,50,7,AG/slow/LI_GUI_YING,3.4359144610008956,,,,
V5.1,X5D,50,7,AG/slow/LU_ZHEN_QING,2.1742997750069892,,,,
V5.1,X5D,50,7,AG/slow/MI_DE_XI,2.8825322655287593,,,,
V5.1,X5D,50,7,AG/slow/QIN_SI_FU,1.7145915990381122,,,,
V5.1,X5D,50,7,AG/slow/SHEN_ZHI_GANG,1.863121941234395,,,,
V5.1,X5D,50,7,AG/slow/WANG_KE,3.957741014993024,,,,
V5.1,X5D,50,7,AG/slow/YANG_YOU_SHENG,1.0380997597272468,,,,
V5.1,X5D,50,7,AG/slow/YIN_YU_RONG,1.4933627364516882,,,,
V5.1,X5D,50,7,AG/slow/ZHANG_LING_GUANG,0.9931126642480511,,,,
V5.1,X5D,50,7,AG/slow/ZHANG_QUAN_YOU,1.4930590351856483,,,,
V5.1,X5D,50,7,AG/slow/ZHANG_ZHI_JUN,1.6109517672276246,,,,
V5.1,X5D,50,7,ILO/CUI_WEI_PING-0/before,1.086554245831049,,,,
V5.1,X5D,50,7,ILO/GAO_SHU_CAI-0/before,1.0755168524221017,,,,
V5.1,X5D,50,7,ILO/HOU_SHI_GUO-0/before,3.2517768554649087,,,,
V5.1,X5D,50,7,ILO/LIU_LIAN_YOU-0/before,1.7039415056427976,,,,
V5.1,X5D,50,7,ILO/SUN_DE_QI-1/before,1.500984919162618,,,,
V5.1,X5D,50,7,ILO/WAGN_LI_JUN-1/before,1.5233919406160157,,,,
V5.1,X5D,50,7,ILO/WANG_JIN_MING-0/before,6.659245089030266,,,,
V5.1,X5D,50,7,ILO/WANG_SHU_SHENG-0/before,1.563160449140613,,,,
V5.1,X5D,50,7,ILO/WU_JUN-0/before,0.661242119136226,,,,
V5.1,X5D,50,7,ILO/YAO_GUO_CHEN-0/before,2.0541582221672168,,,,
V5.1,X5D,50,7,ILO/ZHAO_CHANG_SHAN-0/before,6.182472835587194,,,,
V5.1,X5D,50,7,AAA/ruputer/LIU_JI_XIN,1.5405803591264553,,,,
V5.1,X5D,50,7,AAA/ruputer/LIU_YONG_LAN,0.8691313596434597,,,,
V5.1,X5D,50,7,AAA/ruputer/LI_BING_JIANG,1.358801714619362,,,,
V5.1,X5D,50,7,AAA/ruputer/WANG_AN,1.6334949247007144,,,,
V5.1,X5D,50,7,AAA/ruputer/WU_GUANG_CUN,2.5916775844760793,,,,
V5.1,X5D,50,7,AAA/ruputer/ZHANG_MAO_JIN,0.9047052070515272,,,,
V5.1,X5D,50,7,AAA/ruputer/ZUO_DAO_SHENG,0.9837729048656113,,,,
V5.1,X5D,50,7,AAA/unruputer/FENG_ZHI_YING,2.4615509387720627,,,,
V5.1,X5D,50,7,AAA/unruputer/LIN_JIAN_RONG,2.9909580920400574,,,,
V5.1,X5D,50,7,AAA/unruputer/LI_YOU_YU,0.8343775661708136,,,,
V5.1,X5D,50,7,AAA/unruputer/SHEN_CHUN_WANG,1.145247474368966,,,,
V5.1,X5D,50,7,AAA/unruputer/SHEN_FANG_JIN,0.5885778991993262,,,,
V5.1,X5D,50,7,AAA/unruputer/ZHANG_XUN_LIAN,0.6260912097411515,,,,
V5.1,X5D,50,7,AAA/unruputer/ZHANG_ZHI_HUA,1.8699790694812586,,,,
V5.1,X5D,50,7,AG/fast/CHEN_SHI_MING,1.4380849054442362,,,,
V5.1,X5D,50,7,AG/fast/HAN_JIAN_JUN,0.7994434871181958,,,,
V5.1,X5D,50,7,AG/fast/LIU_FENG_MING,1.37867346485923,,,,
V5.1,X5D,50,7,AG/fast/LI_SHI_QIANG,1.4212829482012934,,,,
V5.1,X5D,50,7,AG/fast/WANG_DAO_CHUN,2.9170186278993393,,,,
V5.1,X5D,50,7,AG/fast/ZHANG_XIU_ZHEN,0.7600233612039742,,,,
V5.1,X5D,50,7,AG/slow/A_MIN_SE_HA_CHI,0.9845499249493028,,,,
V5.1,X5D,50,7,AG/slow/CHENG_LU_LI,0.8840410705602171,,,,
V5.1,X5D,50,7,AG/slow/DING_LIAN_ZHONG,1.295495788901647,,,,
V5.1,X5D,50,7,AG/slow/LI_BING_YI,1.7134587715076275,,,,
V5.1,X5D,50,7,AG/slow/LV_FU_LONG,1.177811156118199,,,,
V5.1,X5D,50,7,AG/slow/QU_HE_PING,1.5936421804241219,,,,
V5.1,X5D,50,7,AG/slow/SUN_ZONG_GE,3.6745272509802276,,,,
V5.1,X5D,50,7,AG/slow/WANG_GUANG_CHAO,1.386370699145014,,,,
V5.1,X5D,50,7,AG/slow/WANG_YAN_LING,1.1354300792438983,,,,
V5.1,X5D,50,7,AG/slow/WEI_BAO_XING,0.8668281988729605,,,,
V5.1,X5D,50,7,AG/slow/WU_FENG_YAN,1.0901154931919077,,,,
V5.1,X5D,50,7,AG/slow/WU_YI_FA,1.556168611404578,,,,
V5.1,X5D,50,7,AG/slow/XI_CHENG_JIANG,1.2350645415745347,,,,
V5.1,X5D,50,7,AG/slow/ZHANG_JING_SHUN,1.2060917211048023,,,,
V5.1,X5D,50,7,ILO/BAO_EN_YUN-0/before,1.4612308324724004,,,,
V5.1,X5D,50,7,ILO/GENG_CHUN_LAI-1/before,1.8082065779538021,,,,
V5.1,X5D,50,7,ILO/GONG_HAI_ZENG-1/before,2.2253264307723044,,,,
V5.1,X5D,50,7,ILO/LIN_CHUN_YANG-1/before,2.1023950040701753,,,,
V5.1,X5D,50,7,ILO/LI_SHENG_WEN-0/before,1.7630543352815515,,,,
V5.1,X5D,50,7,ILO/PAN_YIN_GEN-1/before,1.0268197358489068,,,,
V5.1,X5D,50,7,ILO/SUN_YU_SHENG-0/before,0.9902407400525143,,,,
V5.1,X5D,50,7,ILO/WANG_XIAO_LIN-0/before,2.574968292088234,,,,
V5.1,X5D,50,7,ILO/YANG_YU_QING-1/before,2.8090369868988745,,,,
V5.1,X5D,50,7,ILO/ZHANG_JIAN_JUN-1/before,0.8719758072135915,,,,
V5.1,X5D,50,2025,AAA/ruputer/DING_JUN_FENG,4.109952170822799,,,,
V5.1,X5D,50,2025,AAA/ruputer/GAO_FENG_SHAN,0.7386900725088319,,,,
V5.1,X5D,50,2025,AAA/ruputer/HUO_SHI_LIANG,1.57711160904668,,,,
V5.1,X5D,50,2025,AAA/ruputer/LIN_LIANG_XIAO,1.7297587105328247,,,,
V5.1,X5D,50,2025,AAA/ruputer/LI_LAO_PING,2.3961919008922314,,,,
V5.1,X5D,50,2025,AAA/ruputer/MENG_GUANG_QIN,2.5846450774092733,,,,
V5.1,X5D,50,2025,AAA/ruputer/TONG_XUE_LIAN,0.5759190983751017,,,,
V5.1,X5D,50,2025,AAA/ruputer/WANG_KUI_WU,2.7958675057180575,,,,
V5.1,X5D,50,2025,AAA/ruputer/ZHOU_KE_XUN,1.640422583997991,,,,
V5.1,X5D,50,2025,AAA/unruputer/CHEN_FU_YE,2.1562278100784504,,,,
V5.1,X5D,50,2025,AAA/unruputer/CHEN_LIANG_FU,0.7372225193174712,,,,
V5.1,X5D,50,2025,AAA/unruputer/CHEN_SHU_LIN,1.32730694997867,,,,
V5.1,X5D,50,2025,AAA/unruputer/LIU_XING_GUO,0.6940591346235189,,,,
V5.1,X5D,50,2025,AAA/unruputer/YAN_FU_TANG,2.442855785288285,,,,
V5.1,X5D,50,2025,AAA/unruputer/ZHU_ZI_HAI,0.7178302392872218,,,,
V5.1,X5D,50,2025,AG/fast/LIU_JUN_FENG,0.7455794536841552,,,,
V5.1,X5D,50,2025,AG/fast/LIU_LI_QUN,1.06182117725902,,,,
V5.1,X5D,50,2025,AG/fast/LIU_YI_BING,0.88732148350264,,,,
V5.1,X5D,50,2025,AG/fast/LI_ZHEN_SHAN,1.1444757855957588,,,,
V5.1,X5D,50,2025,AG/fast/LI_ZHI_LIN,2.5635350209509182,,,,
V5.1,X5D,50,2025,AG/fast/WANG_YONG_FAN,1.2619607856590072,,,,
V5.1,X5D,50,2025,AG/fast/ZHANG_HAO,1.3809417517943485,,,,
V5.1,X5D,50,2025,AG/fast/ZHANG_QING_WANG,1.3162821057907768,,,,
V5.1,X5D,50,2025,AG/slow/CHENG_GUANG_SEN,0.7885438444172801,,,,
V5.1,X5D,50,2025,AG/slow/GONG_HUI_XIA,0.5447341930238415,,,,
V5.1,X5D,50,2025,AG/slow/LIU_JIN_LIANG,1.2869379795562945,,,,
V5.1,X5D,50,2025,AG/slow/LIU_ZONG_YANG,3.44194089525103,,,,
V5.1,X5D,50,2025,AG/slow/NI_YAN_BIN,2.815632747631446,,,,
V5.1,X5D,50,2025,AG/slow/WANG_GUI,0.901462440060597,,,,
V5.1,X5D,50,2025,AG/slow/WANG_YONG_LI,0.8089802033466592,,,,
V5.1,X5D,50,2025,AG/slow/XU_YI_CAI,0.7708922483016966,,,,
V5.1,X5D,50,2025,AG/slow/ZANG_YU_SHU,0.5249358329792075,,,,
V5.1,X5D,50,2025,AG/slow/ZHANG_JUN_HUA,2.394190233763809,,,,
V5.1,X5D,50,2025,AG/slow/ZHANG_QING_SHUI,2.008145625482395,,,,
V5.1,X5D,50,2025,AG/slow/ZHANG_SONG_TIAN,0.9053979411807033,,,,
V5.1,X5D,50,2025,ILO/AN_GUANG_JIE-0/before,1.1141245771618788,,,,
V5.1,X5D,50,2025,ILO/GUO_QING_SHAN-0/before,1.7128131510312903,,,,
V5.1,X5D,50,2025,ILO/GUO_YU_SHU-0/before,1.646836469061475,,,,
V5.1,X5D,50,2025,ILO/LIU_BAO_JUN-0/before,0.7917968090043468,,,,
V5.1,X5D,50,2025,ILO/LIU_YUE_DONG-0/before,0.9982475978582745,,,,
V5.1,X5D,50,2025,ILO/LV_JIAN_HUA-0/before,1.0159788515680717,,,,
V5.1,X5D,50,2025,ILO/WANG_TIAN_QING-1/before,1.5268413760148258,,,,
V5.1,X5D,50,2025,ILO/WENG_ZHAO_GUANG-0/before,1.0270533608489496,,,,
V5.1,X5D,50,2025,ILO/XIE_ZHI_FU-0/before,1.2241285973566656,,,,
V5.1,X5D,50,2025,ILO/YANG_WANG_QI-1/before,2.665991160377919,,,,
V5.1,X5D,50,2025,ILO/ZHANG_YAN_SHAN-0/before,2.2390764088000497,,,,
V5.1,X5D,50,2025,AAA/ruputer/FENG_LI_XIN,0.7843645298895509,,,,
V5.1,X5D,50,2025,AAA/ruputer/GUO_AI_JUN,2.7457526102475156,,,,
V5.1,X5D,50,2025,AAA/ruputer/MA_XIAO_DONG,2.0920451253950567,,,,
V5.1,X5D,50,2025,AAA/ruputer/XIE_JIN_QUAN,1.393252420032279,,,,
V5.1,X5D,50,2025,AAA/ruputer/ZOU_LI_SHUN,1.3929514549694666,,,,
V5.1,X5D,50,2025,AAA/unruputer/CAO_HONG_TAI,0.40800409147850936,,,,
V5.1,X5D,50,2025,AAA/unruputer/GAO_WEI_LI,0.9253195073655365,,,,
V5.1,X5D,50,2025,AAA/unruputer/GUO_BAO_CHUN,0.41988476895628385,,,,
V5.1,X5D,50,2025,AAA/unruputer/HAN_JIAN_FU,0.8026457310928814,,,,
V5.1,X5D,50,2025,AAA/unruputer/LIU_CHENG_ZHANG,1.0308101659811653,,,,
V5.1,X5D,50,2025,AAA/unruputer/LIU_JIE,1.6930006716138122,,,,
V5.1,X5D,50,2025,AAA/unruputer/LIU_LI_FENG,1.066904522106391,,,,
V5.1,X5D,50,2025,AAA/unruputer/QIAO_XIU_YUN,1.2198902512291707,,,,
V5.1,X5D,50,2025,AAA/unruputer/YANG_BEN_RUI,0.4609374256485129,,,,
V5.1,X5D,50,2025,AAA/unruputer/ZHOU_XI_SHENG,1.7348125662710918,,,,
V5.1,X5D,50,2025,AG/fast/LI_SHU_KUN,1.464789913548519,,,,
V5.1,X5D,50,2025,AG/fast/WANG_CHUN_MING,1.2701174854232582,,,,
V5.1,X5D,50,2025,AG/fast/ZHANG_XIU_WEN,1.0075169893096074,,,,
V5.1,X5D,50,2025,AG/slow/CAO_FENG_CHI,1.6871909499030213,,,,
V5.1,X5D,50,2025,AG/slow/GUAN_TONG_XIANG,0.6532113055238962,,,,
V5.1,X5D,50,2025,AG/slow/KANG_XI_MING,2.080806932995271,,,,
V5.1,X5D,50,2025,AG/slow/LIU_FA_CHUN,3.1108838013945244,,,,
V5.1,X5D,50,2025,AG/slow/LIU_FENG,1.8371207324037222,,,,
V5.1,X5D,50,2025,AG/slow/LI_CHONG_ZENG,1.77739962388001,,,,
V5.1,X5D,50,2025,AG/slow/LI_GUI_YING,3.488517594917792,,,,
V5.1,X5D,50,2025,AG/slow/LU_ZHEN_QING,1.9503548191819888,,,,
V5.1,X5D,50,2025,AG/slow/MI_DE_XI,2.960190202210174,,,,
V5.1,X5D,50,2025,AG/slow/QIN_SI_FU,1.7216131958905811,,,,
V5.1,X5D,50,2025,AG/slow/SHEN_ZHI_GANG,1.9713183344185596,,,,
V5.1,X5D,50,2025,AG/slow/WANG_KE,4.019525864678593,,,,
V5.1,X5D,50,2025,AG/slow/YANG_YOU_SHENG,1.0282249791257028,,,,
V5.1,X5D,50,2025,AG/slow/YIN_YU_RONG,1.4128559571766794,,,,
V5.1,X5D,50,2025,AG/slow/ZHANG_LING_GUANG,1.0493913383358802,,,,
V5.1,X5D,50,2025,AG/slow/ZHANG_QUAN_YOU,1.527582654240659,,,,
V5.1,X5D,50,2025,AG/slow/ZHANG_ZHI_JUN,1.6536409483043166,,,,
V5.1,X5D,50,2025,ILO/CUI_WEI_PING-0/before,1.2351219696452815,,,,
V5.1,X5D,50,2025,ILO/GAO_SHU_CAI-0/before,0.9600032824179541,,,,
V5.1,X5D,50,2025,ILO/HOU_SHI_GUO-0/before,2.7478017154310503,,,,
V5.1,X5D,50,2025,ILO/LIU_LIAN_YOU-0/before,1.6494192295466181,,,,
V5.1,X5D,50,2025,ILO/SUN_DE_QI-1/before,1.5984616666040186,,,,
V5.1,X5D,50,2025,ILO/WAGN_LI_JUN-1/before,1.5200348802100945,,,,
V5.1,X5D,50,2025,ILO/WANG_JIN_MING-0/before,6.4977672642563284,,,,
V5.1,X5D,50,2025,ILO/WANG_SHU_SHENG-0/before,1.5500138470051195,,,,
V5.1,X5D,50,2025,ILO/WU_JUN-0/before,0.6626208718123008,,,,
V5.1,X5D,50,2025,ILO/YAO_GUO_CHEN-0/before,2.018009895003579,,,,
V5.1,X5D,50,2025,ILO/ZHAO_CHANG_SHAN-0/before,5.979687709693944,,,,
V5.1,X5D,50,2025,AAA/ruputer/LIU_JI_XIN,1.4418289124110713,,,,
V5.1,X5D,50,2025,AAA/ruputer/LIU_YONG_LAN,0.8107401496990855,,,,
V5.1,X5D,50,2025,AAA/ruputer/LI_BING_JIANG,1.4687830504617343,,,,
V5.1,X5D,50,2025,AAA/ruputer/WANG_AN,3.236375362083055,,,,
V5.1,X5D,50,2025,AAA/ruputer/WU_GUANG_CUN,2.6132241724749563,,,,
V5.1,X5D,50,2025,AAA/ruputer/ZHANG_MAO_JIN,0.9899944524979072,,,,
V5.1,X5D,50,2025,AAA/ruputer/ZUO_DAO_SHENG,0.90650683022979,,,,
V5.1,X5D,50,2025,AAA/unruputer/FENG_ZHI_YING,2.3852592997884714,,,,
V5.1,X5D,50,2025,AAA/unruputer/LIN_JIAN_RONG,3.0997300424385403,,,,
V5.1,X5D,50,2025,AAA/unruputer/LI_YOU_YU,0.8552118266818268,,,,
V5.1,X5D,50,2025,AAA/unruputer/SHEN_CHUN_WANG,1.2125679052162333,,,,
V5.1,X5D,50,2025,AAA/unruputer/SHEN_FANG_JIN,0.5313834791619203,,,,
V5.1,X5D,50,2025,AAA/unruputer/ZHANG_XUN_LIAN,0.6008021966503746,,,,
V5.1,X5D,50,2025,AAA/unruputer/ZHANG_ZHI_HUA,1.8785615028839115,,,,
V5.1,X5D,50,2025,AG/fast/CHEN_SHI_MING,1.3141075559874915,,,,
V5.1,X5D,50,2025,AG/fast/HAN_JIAN_JUN,0.732273584496432,,,,
V5.1,X5D,50,2025,AG/fast/LIU_FENG_MING,1.2942756634587187,,,,
V5.1,X5D,50,2025,AG/fast/LI_SHI_QIANG,1.5135167042688014,,,,
V5.1,X5D,50,2025,AG/fast/WANG_DAO_CHUN,2.8315970117784,,,,
V5.1,X5D,50,2025,AG/fast/ZHANG_XIU_ZHEN,0.8286243251438786,,,,
V5.1,X5D,50,2025,AG/slow/A_MIN_SE_HA_CHI,0.8997702364620691,,,,
V5.1,X5D,50,2025,AG/slow/CHENG_LU_LI,0.8664461935178446,,,,
V5.1,X5D,50,2025,AG/slow/DING_LIAN_ZHONG,1.2863872050109808,,,,
V5.1,X5D,50,2025,AG/slow/LI_BING_YI,1.7910201945430058,,,,
V5.1,X5D,50,2025,AG/slow/LV_FU_LONG,1.2822618189886301,,,,
V5.1,X5D,50,2025,AG/slow/QU_HE_PING,1.7562432594521884,,,,
V5.1,X5D,50,2025,AG/slow/SUN_ZONG_GE,3.96901822264897,,,,
V5.1,X5D,50,2025,AG/slow/WANG_GUANG_CHAO,1.3863266996239483,,,,
V5.1,X5D,50,2025,AG/slow/WANG_YAN_LING,1.1630236293970166,,,,
V5.1,X5D,50,2025,AG/slow/WEI_BAO_XING,0.8971423413624324,,,,
V5.1,X5D,50,2025,AG/slow/WU_FENG_YAN,0.9981829895113697,,,,
V5.1,X5D,50,2025,AG/slow/WU_YI_FA,1.6721779950532893,,,,
V5.1,X5D,50,2025,AG/slow/XI_CHENG_JIANG,1.0993595892967902,,,,
V5.1,X5D,50,2025,AG/slow/ZHANG_JING_SHUN,1.200579725842928,,,,
V5.1,X5D,50,2025,ILO/BAO_EN_YUN-0/before,1.4187176326445063,,,,
V5.1,X5D,50,2025,ILO/GENG_CHUN_LAI-1/before,1.7202475873285221,,,,
V5.1,X5D,50,2025,ILO/GONG_HAI_ZENG-1/before,2.3016184653425147,,,,
V5.1,X5D,50,2025,ILO/LIN_CHUN_YANG-1/before,2.2551070850889032,,,,
V5.1,X5D,50,2025,ILO/LI_SHENG_WEN-0/before,1.619432640156298,,,,
V5.1,X5D,50,2025,ILO/PAN_YIN_GEN-1/before,0.9569470509839035,,,,
V5.1,X5D,50,2025,ILO/SUN_YU_SHENG-0/before,1.034296627727222,,,,
V5.1,X5D,50,2025,ILO/WANG_XIAO_LIN-0/before,2.6055068462349333,,,,
V5.1,X5D,50,2025,ILO/YANG_YU_QING-1/before,3.0519690878601264,,,,
V5.1,X5D,50,2025,ILO/ZHANG_JIAN_JUN-1/before,0.8288194187587536,,,,
V5.1,X5D,75,1234,AAA/ruputer/DING_JUN_FENG,4.1072781961705855,,,,
V5.1,X5D,75,1234,AAA/ruputer/GAO_FENG_SHAN,0.7417811928478705,,,,
V5.1,X5D,75,1234,AAA/ruputer/HUO_SHI_LIANG,1.5401516650714406,,,,
V5.1,X5D,75,1234,AAA/ruputer/LIN_LIANG_XIAO,1.6143964486500828,,,,
V5.1,X5D,75,1234,AAA/ruputer/LI_LAO_PING,2.305077904966612,,,,
V5.1,X5D,75,1234,AAA/ruputer/MENG_GUANG_QIN,2.6124074345042843,,,,
V5.1,X5D,75,1234,AAA/ruputer/TONG_XUE_LIAN,0.4745122082948183,,,,
V5.1,X5D,75,1234,AAA/ruputer/WANG_KUI_WU,2.7895971183913892,,,,
V5.1,X5D,75,1234,AAA/ruputer/ZHOU_KE_XUN,1.5891348298932046,,,,
V5.1,X5D,75,1234,AAA/unruputer/CHEN_FU_YE,1.9673420848646623,,,,
V5.1,X5D,75,1234,AAA/unruputer/CHEN_LIANG_FU,0.689074894211036,,,,
V5.1,X5D,75,1234,AAA/unruputer/CHEN_SHU_LIN,1.330391117113754,,,,
V5.1,X5D,75,1234,AAA/unruputer/LIU_XING_GUO,0.6706122999624028,,,,
V5.1,X5D,75,1234,AAA/unruputer/YAN_FU_TANG,2.3262511660291794,,,,
V5.1,X5D,75,1234,AAA/unruputer/ZHU_ZI_HAI,0.7119657100466389,,,,
V5.1,X5D,75,1234,AG/fast/LIU_JUN_FENG,0.6177926729437122,,,,
V5.1,X5D,75,1234,AG/fast/LIU_LI_QUN,0.9637381550606002,,,,
V5.1,X5D,75,1234,AG/fast/LIU_YI_BING,0.8697306055381766,,,,
V5.1,X5D,75,1234,AG/fast/LI_ZHEN_SHAN,1.080679600367886,,,,
V5.1,X5D,75,1234,AG/fast/LI_ZHI_LIN,2.2757575443216536,,,,
V5.1,X5D,75,1234,AG/fast/WANG_YONG_FAN,1.2574909303402257,,,,
V5.1,X5D,75,1234,AG/fast/ZHANG_HAO,1.3581132923121613,,,,
V5.1,X5D,75,1234,AG/fast/ZHANG_QING_WANG,1.3276560236133497,,,,
V5.1,X5D,75,1234,AG/slow/CHENG_GUANG_SEN,0.7342445918668384,,,,
V5.1,X5D,75,1234,AG/slow/GONG_HUI_XIA,0.5850985132408917,,,,
V5.1,X5D,75,1234,AG/slow/LIU_JIN_LIANG,1.207551727796857,,,,
V5.1,X5D,75,1234,AG/slow/LIU_ZONG_YANG,3.012262941761026,,,,
V5.1,X5D,75,1234,AG/slow/NI_YAN_BIN,2.715139713209331,,,,
V5.1,X5D,75,1234,AG/slow/WANG_GUI,0.8479813203279664,,,,
V5.1,X5D,75,1234,AG/slow/WANG_YONG_LI,0.775937803772446,,,,
V5.1,X5D,75,1234,AG/slow/XU_YI_CAI,0.5770854025309625,,,,
V5.1,X5D,75,1234,AG/slow/ZANG_YU_SHU,0.5061724964527705,,,,
V5.1,X5D,75,1234,AG/slow/ZHANG_JUN_HUA,2.3416382132803633,,,,
V5.1,X5D,75,1234,AG/slow/ZHANG_QING_SHUI,1.759656108118328,,,,
V5.1,X5D,75,1234,AG/slow/ZHANG_SONG_TIAN,0.872731405321327,,,,
V5.1,X5D,75,1234,ILO/AN_GUANG_JIE-0/before,0.9717141001868874,,,,
V5.1,X5D,75,1234,ILO/GUO_QING_SHAN-0/before,1.651990226279473,,,,
V5.1,X5D,75,1234,ILO/GUO_YU_SHU-0/before,1.6962262078843329,,,,
V5.1,X5D,75,1234,ILO/LIU_BAO_JUN-0/before,0.6733747196711876,,,,
V5.1,X5D,75,1234,ILO/LIU_YUE_DONG-0/before,0.871691972159493,,,,
V5.1,X5D,75,1234,ILO/LV_JIAN_HUA-0/before,0.9689928946948052,,,,
V5.1,X5D,75,1234,ILO/WANG_TIAN_QING-1/before,1.3568150478547762,,,,
V5.1,X5D,75,1234,ILO/WENG_ZHAO_GUANG-0/before,0.8220727529840891,,,,
V5.1,X5D,75,1234,ILO/XIE_ZHI_FU-0/before,1.1162774133439852,,,,
V5.1,X5D,75,1234,ILO/YANG_WANG_QI-1/before,2.3038601381614225,,,,
V5.1,X5D,75,1234,ILO/ZHANG_YAN_SHAN-0/before,2.0664377981537623,,,,
V5.1,X5D,75,1234,AAA/ruputer/FENG_LI_XIN,0.8724839988011824,,,,
V5.1,X5D,75,1234,AAA/ruputer/GUO_AI_JUN,2.5668129239122726,,,,
V5.1,X5D,75,1234,AAA/ruputer/MA_XIAO_DONG,2.2263325182893428,,,,
V5.1,X5D,75,1234,AAA/ruputer/XIE_JIN_QUAN,1.2841126818536561,,,,
V5.1,X5D,75,1234,AAA/ruputer/ZOU_LI_SHUN,1.5103054904791904,,,,
V5.1,X5D,75,1234,AAA/unruputer/CAO_HONG_TAI,0.37781330796209733,,,,
V5.1,X5D,75,1234,AAA/unruputer/GAO_WEI_LI,0.8730522900125445,,,,
V5.1,X5D,75,1234,AAA/unruputer/GUO_BAO_CHUN,0.3924673192312339,,,,
V5.1,X5D,75,1234,AAA/unruputer/HAN_JIAN_FU,0.7604332220426843,,,,
V5.1,X5D,75,1234,AAA/unruputer/LIU_CHENG_ZHANG,1.1385553346636506,,,,
V5.1,X5D,75,1234,AAA/unruputer/LIU_JIE,1.7956810043888598,,,,
V5.1,X5D,75,1234,AAA/unruputer/LIU_LI_FENG,0.9291188297622526,,,,
V5.1,X5D,75,1234,AAA/unruputer/QIAO_XIU_YUN,1.0672364542247443,,,,
V5.1,X5D,75,1234,AAA/unruputer/YANG_BEN_RUI,0.4201516062885848,,,,
V5.1,X5D,75,1234,AAA/unruputer/ZHOU_XI_SHENG,1.7318763612170054,,,,
V5.1,X5D,75,1234,AG/fast/LI_SHU_KUN,1.3888742872822442,,,,
V5.1,X5D,75,1234,AG/fast/WANG_CHUN_MING,1.2240815945093944,,,,
V5.1,X5D,75,1234,AG/fast/ZHANG_XIU_WEN,0.9687228981458651,,,,
V5.1,X5D,75,1234,AG/slow/CAO_FENG_CHI,1.5946478359642504,,,,
V5.1,X5D,75,1234,AG/slow/GUAN_TONG_XIANG,0.5836957620673897,,,,
V5.1,X5D,75,1234,AG/slow/KANG_XI_MING,2.0721706264089486,,,,
V5.1,X5D,75,1234,AG/slow/LIU_FA_CHUN,3.0043408559797626,,,,
V5.1,X5D,75,1234,AG/slow/LIU_FENG,1.5491175398192776,,,,
V5.1,X5D,75,1234,AG/slow/LI_CHONG_ZENG,1.599922176581052,,,,
V5.1,X5D,75,1234,AG/slow/LI_GUI_YING,3.3769920758511796,,,,
V5.1,X5D,75,1234,AG/slow/LU_ZHEN_QING,1.742494919526025,,,,
V5.1,X5D,75,1234,AG/slow/MI_DE_XI,2.796331993617011,,,,
V5.1,X5D,75,1234,AG/slow/QIN_SI_FU,1.5441387545838052,,,,
V5.1,X5D,75,1234,AG/slow/SHEN_ZHI_GANG,1.8151013023867748,,,,
V5.1,X5D,75,1234,AG/slow/WANG_KE,3.742832593108244,,,,
V5.1,X5D,75,1234,AG/slow/YANG_YOU_SHENG,1.0192695214862693,,,,
V5.1,X5D,75,1234,AG/slow/YIN_YU_RONG,1.3619151557694358,,,,
V5.1,X5D,75,1234,AG/slow/ZHANG_LING_GUANG,1.051309885132165,,,,
V5.1,X5D,75,1234,AG/slow/ZHANG_QUAN_YOU,1.6320761082827886,,,,
V5.1,X5D,75,1234,AG/slow/ZHANG_ZHI_JUN,1.6204945135530122,,,,
V5.1,X5D,75,1234,ILO/CUI_WEI_PING-0/before,1.0940025971251852,,,,
V5.1,X5D,75,1234,ILO/GAO_SHU_CAI-0/before,1.0056767162984015,,,,
V5.1,X5D,75,1234,ILO/HOU_SHI_GUO-0/before,2.9523223153850013,,,,
V5.1,X5D,75,1234,ILO/LIU_LIAN_YOU-0/before,1.8423041337203543,,,,
V5.1,X5D,75,1234,ILO/SUN_DE_QI-1/before,1.4971401865138068,,,,
V5.1,X5D,75,1234,ILO/WAGN_LI_JUN-1/before,1.3618258469131603,,,,
V5.1,X5D,75,1234,ILO/WANG_JIN_MING-0/before,6.375081739429542,,,,
V5.1,X5D,75,1234,ILO/WANG_SHU_SHENG-0/before,1.525993205855729,,,,
V5.1,X5D,75,1234,ILO/WU_JUN-0/before,0.6207953703514236,,,,
V5.1,X5D,75,1234,ILO/YAO_GUO_CHEN-0/before,2.054525922302444,,,,
V5.1,X5D,75,1234,ILO/ZHAO_CHANG_SHAN-0/before,5.690099881517239,,,,
V5.1,X5D,75,1234,AAA/ruputer/LIU_JI_XIN,1.4390683484547397,,,,
V5.1,X5D,75,1234,AAA/ruputer/LIU_YONG_LAN,0.754622840524874,,,,
V5.1,X5D,75,1234,AAA/ruputer/LI_BING_JIANG,1.3317212472906932,,,,
V5.1,X5D,75,1234,AAA/ruputer/WANG_AN,1.6350359904855558,,,,
V5.1,X5D,75,1234,AAA/ruputer/WU_GUANG_CUN,2.6605570965509737,,,,
V5.1,X5D,75,1234,AAA/ruputer/ZHANG_MAO_JIN,0.9878590715331887,,,,
V5.1,X5D,75,1234,AAA/ruputer/ZUO_DAO_SHENG,0.930666349820295,,,,
V5.1,X5D,75,1234,AAA/unruputer/FENG_ZHI_YING,2.280187389853849,,,,
V5.1,X5D,75,1234,AAA/unruputer/LIN_JIAN_RONG,2.9605633228155743,,,,
V5.1,X5D,75,1234,AAA/unruputer/LI_YOU_YU,0.8415063770646323,,,,
V5.1,X5D,75,1234,AAA/unruputer/SHEN_CHUN_WANG,1.0909242535666857,,,,
V5.1,X5D,75,1234,AAA/unruputer/SHEN_FANG_JIN,0.5556986405266807,,,,
V5.1,X5D,75,1234,AAA/unruputer/ZHANG_XUN_LIAN,0.5927856273690195,,,,
V5.1,X5D,75,1234,AAA/unruputer/ZHANG_ZHI_HUA,1.7897042784802202,,,,
V5.1,X5D,75,1234,AG/fast/CHEN_SHI_MING,1.5790218726720868,,,,
V5.1,X5D,75,1234,AG/fast/HAN_JIAN_JUN,0.7499166047908812,,,,
V5.1,X5D,75,1234,AG/fast/LIU_FENG_MING,1.3763762030168725,,,,
V5.1,X5D,75,1234,AG/fast/LI_SHI_QIANG,1.3506634851434185,,,,
V5.1,X5D,75,1234,AG/fast/WANG_DAO_CHUN,2.8315361168679907,,,,
V5.1,X5D,75,1234,AG/fast/ZHANG_XIU_ZHEN,0.7847490009659885,,,,
V5.1,X5D,75,1234,AG/slow/A_MIN_SE_HA_CHI,0.9468431174235541,,,,
V5.1,X5D,75,1234,AG/slow/CHENG_LU_LI,0.8899679093284529,,,,
V5.1,X5D,75,1234,AG/slow/DING_LIAN_ZHONG,1.3302784755632444,,,,
V5.1,X5D,75,1234,AG/slow/LI_BING_YI,1.5767166134621693,,,,
V5.1,X5D,75,1234,AG/slow/LV_FU_LONG,1.2485779828342445,,,,
V5.1,X5D,75,1234,AG/slow/QU_HE_PING,1.5349169314563762,,,,
V5.1,X5D,75,1234,AG/slow/SUN_ZONG_GE,3.769182703758722,,,,
V5.1,X5D,75,1234,AG/slow/WANG_GUANG_CHAO,1.2966529370231272,,,,
V5.1,X5D,75,1234,AG/slow/WANG_YAN_LING,1.148458721726529,,,,
V5.1,X5D,75,1234,AG/slow/WEI_BAO_XING,0.7802997964017977,,,,
V5.1,X5D,75,1234,AG/slow/WU_FENG_YAN,0.8766897609252556,,,,
V5.1,X5D,75,1234,AG/slow/WU_YI_FA,1.4051553646027102,,,,
V5.1,X5D,75,1234,AG/slow/XI_CHENG_JIANG,1.0406611998149093,,,,
V5.1,X5D,75,1234,AG/slow/ZHANG_JING_SHUN,1.1006507837852495,,,,
V5.1,X5D,75,1234,ILO/BAO_EN_YUN-0/before,1.5398006511652125,,,,
V5.1,X5D,75,1234,ILO/GENG_CHUN_LAI-1/before,1.8157824830184472,,,,
V5.1,X5D,75,1234,ILO/GONG_HAI_ZENG-1/before,2.3520974058573105,,,,
V5.1,X5D,75,1234,ILO/LIN_CHUN_YANG-1/before,2.1335840759704388,,,,
V5.1,X5D,75,1234,ILO/LI_SHENG_WEN-0/before,1.5178157110411659,,,,
V5.1,X5D,75,1234,ILO/PAN_YIN_GEN-1/before,0.9581244415353506,,,,
V5.1,X5D,75,1234,ILO/SUN_YU_SHENG-0/before,0.9427620327294575,,,,
V5.1,X5D,75,1234,ILO/WANG_XIAO_LIN-0/before,2.5603955206765994,,,,
V5.1,X5D,75,1234,ILO/YANG_YU_QING-1/before,2.656348433566067,,,,
V5.1,X5D,75,1234,ILO/ZHANG_JIAN_JUN-1/before,0.7800588074896313,,,,
V5.1,X5D,75,7,AAA/ruputer/DING_JUN_FENG,4.007599619995601,,,,
V5.1,X5D,75,7,AAA/ruputer/GAO_FENG_SHAN,0.6897168301469625,,,,
V5.1,X5D,75,7,AAA/ruputer/HUO_SHI_LIANG,1.5292890693265349,,,,
V5.1,X5D,75,7,AAA/ruputer/LIN_LIANG_XIAO,1.5499680694594251,,,,
V5.1,X5D,75,7,AAA/ruputer/LI_LAO_PING,2.3445558946002887,,,,
V5.1,X5D,75,7,AAA/ruputer/MENG_GUANG_QIN,2.6481865576551997,,,,
V5.1,X5D,75,7,AAA/ruputer/TONG_XUE_LIAN,0.5307966151377775,,,,
V5.1,X5D,75,7,AAA/ruputer/WANG_KUI_WU,2.8079062391696623,,,,
V5.1,X5D,75,7,AAA/ruputer/ZHOU_KE_XUN,1.7223365018972847,,,,
V5.1,X5D,75,7,AAA/unruputer/CHEN_FU_YE,2.300336335159529,,,,
V5.1,X5D,75,7,AAA/unruputer/CHEN_LIANG_FU,0.7093151732139099,,,,
V5.1,X5D,75,7,AAA/unruputer/CHEN_SHU_LIN,1.0945079543451586,,,,
V5.1,X5D,75,7,AAA/unruputer/LIU_XING_GUO,0.7549806234373915,,,,
V5.1,X5D,75,7,AAA/unruputer/YAN_FU_TANG,2.4251618396542067,,,,
V5.1,X5D,75,7,AAA/unruputer/ZHU_ZI_HAI,0.6568108462355424,,,,
V5.1,X5D,75,7,AG/fast/LIU_JUN_FENG,0.5692682388113497,,,,
V5.1,X5D,75,7,AG/fast/LIU_LI_QUN,1.0953677762172203,,,,
V5.1,X5D,75,7,AG/fast/LIU_YI_BING,0.8926410823081534,,,,
V5.1,X5D,75,7,AG/fast/LI_ZHEN_SHAN,1.2195590831305703,,,,
V5.1,X5D,75,7,AG/fast/LI_ZHI_LIN,2.6409453386071284,,,,
V5.1,X5D,75,7,AG/fast/WANG_YONG_FAN,1.2122295095865476,,,,
V5.1,X5D,75,7,AG/fast/ZHANG_HAO,1.311154185855342,,,,
V5.1,X5D,75,7,AG/fast/ZHANG_QING_WANG,1.3184286954100881,,,,
V5.1,X5D,75,7,AG/slow/CHENG_GUANG_SEN,0.6790638583606183,,,,
V5.1,X5D,75,7,AG/slow/GONG_HUI_XIA,0.5432438168762852,,,,
V5.1,X5D,75,7,AG/slow/LIU_JIN_LIANG,1.2412052959257216,,,,
V5.1,X5D,75,7,AG/slow/LIU_ZONG_YANG,3.125398321882376,,,,
V5.1,X5D,75,7,AG/slow/NI_YAN_BIN,2.6260711805424344,,,,
V5.1,X5D,75,7,AG/slow/WANG_GUI,0.815626575609417,,,,
V5.1,X5D,75,7,AG/slow/WANG_YONG_LI,0.7553367457102916,,,,
V5.1,X5D,75,7,AG/slow/XU_YI_CAI,0.7315443455775906,,,,
V5.1,X5D,75,7,AG/slow/ZANG_YU_SHU,0.5080421643058053,,,,
V5.1,X5D,75,7,AG/slow/ZHANG_JUN_HUA,2.295091582431384,,,,
V5.1,X5D,75,7,AG/slow/ZHANG_QING_SHUI,1.8722858251356007,,,,
V5.1,X5D,75,7,AG/slow/ZHANG_SONG_TIAN,0.8386086671284015,,,,
V5.1,X5D,75,7,ILO/AN_GUANG_JIE-0/before,0.9680834241028387,,,,
V5.1,X5D,75,7,ILO/GUO_QING_SHAN-0/before,1.6951430164618424,,,,
V5.1,X5D,75,7,ILO/GUO_YU_SHU-0/before,1.6754001919519885,,,,
V5.1,X5D,75,7,ILO/LIU_BAO_JUN-0/before,0.7130923255132601,,,,
V5.1,X5D,75,7,ILO/LIU_YUE_DONG-0/before,0.8435619194973306,,,,
V5.1,X5D,75,7,ILO/LV_JIAN_HUA-0/before,0.9525400095968632,,,,
V5.1,X5D,75,7,ILO/WANG_TIAN_QING-1/before,1.3390772957494728,,,,
V5.1,X5D,75,7,ILO/WENG_ZHAO_GUANG-0/before,0.7505737232974479,,,,
V5.1,X5D,75,7,ILO/XIE_ZHI_FU-0/before,1.1005408469163276,,,,
V5.1,X5D,75,7,ILO/YANG_WANG_QI-1/before,2.450023998510065,,,,
V5.1,X5D,75,7,ILO/ZHANG_YAN_SHAN-0/before,2.107950857857344,,,,
V5.1,X5D,75,7,AAA/ruputer/FENG_LI_XIN,0.9749975438253077,,,,
V5.1,X5D,75,7,AAA/ruputer/GUO_AI_JUN,2.750932030478455,,,,
V5.1,X5D,75,7,AAA/ruputer/MA_XIAO_DONG,2.011566663870231,,,,
V5.1,X5D,75,7,AAA/ruputer/XIE_JIN_QUAN,1.3514514691194144,,,,
V5.1,X5D,75,7,AAA/ruputer/ZOU_LI_SHUN,1.4039500330326184,,,,
V5.1,X5D,75,7,AAA/unruputer/CAO_HONG_TAI,0.42388616758174125,,,,
V5.1,X5D,75,7,AAA/unruputer/GAO_WEI_LI,0.8476175704613438,,,,
V5.1,X5D,75,7,AAA/unruputer/GUO_BAO_CHUN,0.3757683157227735,,,,
V5.1,X5D,75,7,AAA/unruputer/HAN_JIAN_FU,0.7975959452622567,,,,
V5.1,X5D,75,7,AAA/unruputer/LIU_CHENG_ZHANG,0.9728564094784975,,,,
V5.1,X5D,75,7,AAA/unruputer/LIU_JIE,1.7588371846560917,,,,
V5.1,X5D,75,7,AAA/unruputer/LIU_LI_FENG,0.986505124861934,,,,
V5.1,X5D,75,7,AAA/unruputer/QIAO_XIU_YUN,1.1174662155391522,,,,
V5.1,X5D,75,7,AAA/unruputer/YANG_BEN_RUI,0.4498296506139055,,,,
V5.1,X5D,75,7,AAA/unruputer/ZHOU_XI_SHENG,2.1089542703953006,,,,
V5.1,X5D,75,7,AG/fast/LI_SHU_KUN,1.3352584416556519,,,,
V5.1,X5D,75,7,AG/fast/WANG_CHUN_MING,1.2584672699578867,,,,
V5.1,X5D,75,7,AG/fast/ZHANG_XIU_WEN,0.9081770537753313,,,,
V5.1,X5D,75,7,AG/slow/CAO_FENG_CHI,1.5321571380238996,,,,
V5.1,X5D,75,7,AG/slow/GUAN_TONG_XIANG,0.6830588213363731,,,,
V5.1,X5D,75,7,AG/slow/KANG_XI_MING,2.1147660344530683,,,,
V5.1,X5D,75,7,AG/slow/LIU_FA_CHUN,3.0913707737798215,,,,
V5.1,X5D,75,7,AG/slow/LIU_FENG,1.8862064816380468,,,,
V5.1,X5D,75,7,AG/slow/LI_CHONG_ZENG,1.541555239151151,,,,
V5.1,X5D,75,7,AG/slow/LI_GUI_YING,3.3388192369465477,,,,
V5.1,X5D,75,7,AG/slow/LU_ZHEN_QING,1.7694800812080502,,,,
V5.1,X5D,75,7,AG/slow/MI_DE_XI,2.6862751389201716,,,,
V5.1,X5D,75,7,AG/slow/QIN_SI_FU,1.580268627008217,,,,
V5.1,X5D,75,7,AG/slow/SHEN_ZHI_GANG,1.9075813960398615,,,,
V5.1,X5D,75,7,AG/slow/WANG_KE,3.7034973755577316,,,,
V5.1,X5D,75,7,AG/slow/YANG_YOU_SHENG,0.9619187853161375,,,,
V5.1,X5D,75,7,AG/slow/YIN_YU_RONG,1.4025937656101164,,,,
V5.1,X5D,75,7,AG/slow/ZHANG_LING_GUANG,0.9140758700506845,,,,
V5.1,X5D,75,7,AG/slow/ZHANG_QUAN_YOU,1.5148301039545906,,,,
V5.1,X5D,75,7,AG/slow/ZHANG_ZHI_JUN,1.4816538452888233,,,,
V5.1,X5D,75,7,ILO/CUI_WEI_PING-0/before,1.231795782767926,,,,
V5.1,X5D,75,7,ILO/GAO_SHU_CAI-0/before,1.043326520552399,,,,
V5.1,X5D,75,7,ILO/HOU_SHI_GUO-0/before,2.6123352707003513,,,,
V5.1,X5D,75,7,ILO/LIU_LIAN_YOU-0/before,1.7703165547440562,,,,
V5.1,X5D,75,7,ILO/SUN_DE_QI-1/before,1.5032559544110047,,,,
V5.1,X5D,75,7,ILO/WAGN_LI_JUN-1/before,1.3874342666098158,,,,
V5.1,X5D,75,7,ILO/WANG_JIN_MING-0/before,6.251826335912973,,,,
V5.1,X5D,75,7,ILO/WANG_SHU_SHENG-0/before,1.6105955922402797,,,,
V5.1,X5D,75,7,ILO/WU_JUN-0/before,0.6588891742465197,,,,
V5.1,X5D,75,7,ILO/YAO_GUO_CHEN-0/before,1.9785287013265316,,,,
V5.1,X5D,75,7,ILO/ZHAO_CHANG_SHAN-0/before,5.657647521798048,,,,
V5.1,X5D,75,7,AAA/ruputer/LIU_JI_XIN,1.3785029897583183,,,,
V5.1,X5D,75,7,AAA/ruputer/LIU_YONG_LAN,0.8858272033308842,,,,
V5.1,X5D,75,7,AAA/ruputer/LI_BING_JIANG,1.3305255068093946,,,,
V5.1,X5D,75,7,AAA/ruputer/WANG_AN,1.5530982190452634,,,,
V5.1,X5D,75,7,AAA/ruputer/WU_GUANG_CUN,2.2406942752304864,,,,
V5.1,X5D,75,7,AAA/ruputer/ZHANG_MAO_JIN,1.0110732438949108,,,,
V5.1,X5D,75,7,AAA/ruputer/ZUO_DAO_SHENG,0.89872867511641,,,,
V5.1,X5D,75,7,AAA/unruputer/FENG_ZHI_YING,2.2417000724644245,,,,
V5.1,X5D,75,7,AAA/unruputer/LIN_JIAN_RONG,2.9744190047428356,,,,
V5.1,X5D,75,7,AAA/unruputer/LI_YOU_YU,0.8648762048052728,,,,
V5.1,X5D,75,7,AAA/unruputer/SHEN_CHUN_WANG,1.1603199221115919,,,,
V5.1,X5D,75,7,AAA/unruputer/SHEN_FANG_JIN,0.5549355258269223,,,,
V5.1,X5D,75,7,AAA/unruputer/ZHANG_XUN_LIAN,0.5938201931542503,,,,
V5.1,X5D,75,7,AAA/unruputer/ZHANG_ZHI_HUA,1.6880879434194267,,,,
V5.1,X5D,75,7,AG/fast/CHEN_SHI_MING,1.3673989832352649,,,,
V5.1,X5D,75,7,AG/fast/HAN_JIAN_JUN,0.7046938191973604,,,,
V5.1,X5D,75,7,AG/fast/LIU_FENG_MING,1.2489148255497655,,,,
V5.1,X5D,75,7,AG/fast/LI_SHI_QIANG,1.2742245636188723,,,,
V5.1,X5D,75,7,AG/fast/WANG_DAO_CHUN,2.673165428042722,,,,
V5.1,X5D,75,7,AG/fast/ZHANG_XIU_ZHEN,0.729313485873363,,,,
V5.1,X5D,75,7,AG/slow/A_MIN_SE_HA_CHI,0.9684153381475775,,,,
V5.1,X5D,75,7,AG/slow/CHENG_LU_LI,0.8769228756376435,,,,
V5.1,X5D,75,7,AG/slow/DING_LIAN_ZHONG,1.3001825160470373,,,,
V5.1,X5D,75,7,AG/slow/LI_BING_YI,1.5575933148394414,,,,
V5.1,X5D,75,7,AG/slow/LV_FU_LONG,1.1820311250176385,,,,
V5.1,X5D,75,7,AG/slow/QU_HE_PING,1.4891895393634265,,,,
V5.1,X5D,75,7,AG/slow/SUN_ZONG_GE,3.8549721448937917,,,,
V5.1,X5D,75,7,AG/slow/WANG_GUANG_CHAO,1.3939977509398667,,,,
V5.1,X5D,75,7,AG/slow/WANG_YAN_LING,1.0248781199729555,,,,
V5.1,X5D,75,7,AG/slow/WEI_BAO_XING,0.8268385654090583,,,,
V5.1,X5D,75,7,AG/slow/WU_FENG_YAN,0.9086652018292687,,,,
V5.1,X5D,75,7,AG/slow/WU_YI_FA,1.4284188676951122,,,,
V5.1,X5D,75,7,AG/slow/XI_CHENG_JIANG,1.0836288228686655,,,,
V5.1,X5D,75,7,AG/slow/ZHANG_JING_SHUN,1.141846981676791,,,,
V5.1,X5D,75,7,ILO/BAO_EN_YUN-0/before,1.4125420678347478,,,,
V5.1,X5D,75,7,ILO/GENG_CHUN_LAI-1/before,1.7398899378587658,,,,
V5.1,X5D,75,7,ILO/GONG_HAI_ZENG-1/before,2.2579429597066243,,,,
V5.1,X5D,75,7,ILO/LIN_CHUN_YANG-1/before,2.1085684491386782,,,,
V5.1,X5D,75,7,ILO/LI_SHENG_WEN-0/before,1.4586908176044955,,,,
V5.1,X5D,75,7,ILO/PAN_YIN_GEN-1/before,1.0507296162396078,,,,
V5.1,X5D,75,7,ILO/SUN_YU_SHENG-0/before,0.9476419177067631,,,,
V5.1,X5D,75,7,ILO/WANG_XIAO_LIN-0/before,2.4863102447040633,,,,
V5.1,X5D,75,7,ILO/YANG_YU_QING-1/before,2.7768719924408525,,,,
V5.1,X5D,75,7,ILO/ZHANG_JIAN_JUN-1/before,0.7234918206772858,,,,
V5.1,X5D,75,2025,AAA/ruputer/DING_JUN_FENG,3.9443360724178986,,,,
V5.1,X5D,75,2025,AAA/ruputer/GAO_FENG_SHAN,0.7590987495577571,,,,
V5.1,X5D,75,2025,AAA/ruputer/HUO_SHI_LIANG,1.5345283965152383,,,,
V5.1,X5D,75,2025,AAA/ruputer/LIN_LIANG_XIAO,1.6377759935073586,,,,
V5.1,X5D,75,2025,AAA/ruputer/LI_LAO_PING,2.363144102978391,,,,
V5.1,X5D,75,2025,AAA/ruputer/MENG_GUANG_QIN,2.737004141831172,,,,
V5.1,X5D,75,2025,AAA/ruputer/TONG_XUE_LIAN,0.4942658323017716,,,,
V5.1,X5D,75,2025,AAA/ruputer/WANG_KUI_WU,2.744030417403062,,,,
V5.1,X5D,75,2025,AAA/ruputer/ZHOU_KE_XUN,1.6408726257668123,,,,
V5.1,X5D,75,2025,AAA/unruputer/CHEN_FU_YE,2.0963122791054265,,,,
V5.1,X5D,75,2025,AAA/unruputer/CHEN_LIANG_FU,0.721687474577801,,,,
V5.1,X5D,75,2025,AAA/unruputer/CHEN_SHU_LIN,1.254308111739811,,,,
V5.1,X5D,75,2025,AAA/unruputer/LIU_XING_GUO,0.6799417104833461,,,,
V5.1,X5D,75,2025,AAA/unruputer/YAN_FU_TANG,2.4639462968088766,,,,
V5.1,X5D,75,2025,AAA/unruputer/ZHU_ZI_HAI,0.5741413641619477,,,,
V5.1,X5D,75,2025,AG/fast/LIU_JUN_FENG,0.6114316333818147,,,,
V5.1,X5D,75,2025,AG/fast/LIU_LI_QUN,1.062083627352782,,,,
V5.1,X5D,75,2025,AG/fast/LIU_YI_BING,0.8350266628923673,,,,
V5.1,X5D,75,2025,AG/fast/LI_ZHEN_SHAN,1.6470031348539333,,,,
V5.1,X5D,75,2025,AG/fast/LI_ZHI_LIN,2.302383216230266,,,,
V5.1,X5D,75,2025,AG/fast/WANG_YONG_FAN,1.1942535750788341,,,,
V5.1,X5D,75,2025,AG/fast/ZHANG_HAO,1.3795231594250175,,,,
V5.1,X5D,75,2025,AG/fast/ZHANG_QING_WANG,1.1502603166863237,,,,
V5.1,X5D,75,2025,AG/slow/CHENG_GUANG_SEN,0.7238749786812199,,,,
V5.1,X5D,75,2025,AG/slow/GONG_HUI_XIA,0.562971317628434,,,,
V5.1,X5D,75,2025,AG/slow/LIU_JIN_LIANG,1.2491275115737008,,,,
V5.1,X5D,75,2025,AG/slow/LIU_ZONG_YANG,3.009542312247446,,,,
V5.1,X5D,75,2025,AG/slow/NI_YAN_BIN,2.897971301420449,,,,
V5.1,X5D,75,2025,AG/slow/WANG_GUI,0.8891967033161196,,,,
V5.1,X5D,75,2025,AG/slow/WANG_YONG_LI,0.7057243587918242,,,,
V5.1,X5D,75,2025,AG/slow/XU_YI_CAI,0.7181540454936228,,,,
V5.1,X5D,75,2025,AG/slow/ZANG_YU_SHU,0.5190315375146084,,,,
V5.1,X5D,75,2025,AG/slow/ZHANG_JUN_HUA,2.286361508525094,,,,
V5.1,X5D,75,2025,AG/slow/ZHANG_QING_SHUI,1.9671908291131797,,,,
V5.1,X5D,75,2025,AG/slow/ZHANG_SONG_TIAN,0.8694647934715761,,,,
V5.1,X5D,75,2025,ILO/AN_GUANG_JIE-0/before,0.9335733007078245,,,,
V5.1,X5D,75,2025,ILO/GUO_QING_SHAN-0/before,1.611480230399816,,,,
V5.1,X5D,75,2025,ILO/GUO_YU_SHU-0/before,1.7972433490171402,,,,
V5.1,X5D,75,2025,ILO/LIU_BAO_JUN-0/before,0.7649398736029772,,,,
V5.1,X5D,75,2025,ILO/LIU_YUE_DONG-0/before,0.858092196758714,,,,
V5.1,X5D,75,2025,ILO/LV_JIAN_HUA-0/before,1.040264727115537,,,,
V5.1,X5D,75,2025,ILO/WANG_TIAN_QING-1/before,1.374498015372655,,,,
V5.1,X5D,75,2025,ILO/WENG_ZHAO_GUANG-0/before,0.8059297639369718,,,,
V5.1,X5D,75,2025,ILO/XIE_ZHI_FU-0/before,1.1224963270485049,,,,
V5.1,X5D,75,2025,ILO/YANG_WANG_QI-1/before,2.443827480937047,,,,
V5.1,X5D,75,2025,ILO/ZHANG_YAN_SHAN-0/before,2.039496135613446,,,,
V5.1,X5D,75,2025,AAA/ruputer/FENG_LI_XIN,0.8234985165256605,,,,
V5.1,X5D,75,2025,AAA/ruputer/GUO_AI_JUN,2.768089387842636,,,,
V5.1,X5D,75,2025,AAA/ruputer/MA_XIAO_DONG,2.0863479171431583,,,,
V5.1,X5D,75,2025,AAA/ruputer/XIE_JIN_QUAN,1.3320147928011281,,,,
V5.1,X5D,75,2025,AAA/ruputer/ZOU_LI_SHUN,1.4287055092362997,,,,
V5.1,X5D,75,2025,AAA/unruputer/CAO_HONG_TAI,0.43148160442279443,,,,
V5.1,X5D,75,2025,AAA/unruputer/GAO_WEI_LI,0.9171076296054842,,,,
V5.1,X5D,75,2025,AAA/unruputer/GUO_BAO_CHUN,0.41460356409319477,,,,
V5.1,X5D,75,2025,AAA/unruputer/HAN_JIAN_FU,0.7601992401814303,,,,
V5.1,X5D,75,2025,AAA/unruputer/LIU_CHENG_ZHANG,1.0156931360873238,,,,
V5.1,X5D,75,2025,AAA/unruputer/LIU_JIE,1.5877468861057022,,,,
V5.1,X5D,75,2025,AAA/unruputer/LIU_LI_FENG,0.8918455044164649,,,,
V5.1,X5D,75,2025,AAA/unruputer/QIAO_XIU_YUN,1.0657993370004197,,,,
V5.1,X5D,75,2025,AAA/unruputer/YANG_BEN_RUI,0.43566863700901365,,,,
V5.1,X5D,75,2025,AAA/unruputer/ZHOU_XI_SHENG,1.632558770134679,,,,
V5.1,X5D,75,2025,AG/fast/LI_SHU_KUN,1.2985111699050436,,,,
V5.1,X5D,75,2025,AG/fast/WANG_CHUN_MING,1.2866227751586712,,,,
V5.1,X5D,75,2025,AG/fast/ZHANG_XIU_WEN,0.9819340661854833,,,,
V5.1,X5D,75,2025,AG/slow/CAO_FENG_CHI,1.5475322981138098,,,,
V5.1,X5D,75,2025,AG/slow/GUAN_TONG_XIANG,0.6420646142633771,,,,
V5.1,X5D,75,2025,AG/slow/KANG_XI_MING,1.9399012833219553,,,,
V5.1,X5D,75,2025,AG/slow/LIU_FA_CHUN,2.884793313335738,,,,
V5.1,X5D,75,2025,AG/slow/LIU_FENG,1.7662724149512912,,,,
V5.1,X5D,75,2025,AG/slow/LI_CHONG_ZENG,1.5388040372770633,,,,
V5.1,X5D,75,2025,AG/slow/LI_GUI_YING,3.1611417048337858,,,,
V5.1,X5D,75,2025,AG/slow/LU_ZHEN_QING,1.7854672565203245,,,,
V5.1,X5D,75,2025,AG/slow/MI_DE_XI,2.7547964195236068,,,,
V5.1,X5D,75,2025,AG/slow/QIN_SI_FU,1.5389500400370775,,,,
V5.1,X5D,75,2025,AG/slow/SHEN_ZHI_GANG,2.0102201216482913,,,,
V5.1,X5D,75,2025,AG/slow/WANG_KE,3.874843273348216,,,,
V5.1,X5D,75,2025,AG/slow/YANG_YOU_SHENG,1.0078050287328568,,,,
V5.1,X5D,75,2025,AG/slow/YIN_YU_RONG,1.3301597337959332,,,,
V5.1,X5D,75,2025,AG/slow/ZHANG_LING_GUANG,0.9555918155081011,,,,
V5.1,X5D,75,2025,AG/slow/ZHANG_QUAN_YOU,1.4596932890742098,,,,
V5.1,X5D,75,2025,AG/slow/ZHANG_ZHI_JUN,1.483346118500576,,,,
V5.1,X5D,75,2025,ILO/CUI_WEI_PING-0/before,1.1578843152390288,,,,
V5.1,X5D,75,2025,ILO/GAO_SHU_CAI-0/before,0.9836288703780031,,,,
V5.1,X5D,75,2025,ILO/HOU_SHI_GUO-0/before,2.713441492654099,,,,
V5.1,X5D,75,2025,ILO/LIU_LIAN_YOU-0/before,1.7583084723848397,,,,
V5.1,X5D,75,2025,ILO/SUN_DE_QI-1/before,1.5137453025185041,,,,
V5.1,X5D,75,2025,ILO/WAGN_LI_JUN-1/before,1.422461096658093,,,,
V5.1,X5D,75,2025,ILO/WANG_JIN_MING-0/before,6.499176907920873,,,,
V5.1,X5D,75,2025,ILO/WANG_SHU_SHENG-0/before,1.5514968062241985,,,,
V5.1,X5D,75,2025,ILO/WU_JUN-0/before,0.6237131731158309,,,,
V5.1,X5D,75,2025,ILO/YAO_GUO_CHEN-0/before,1.9277215331325517,,,,
V5.1,X5D,75,2025,ILO/ZHAO_CHANG_SHAN-0/before,5.65258591814683,,,,
V5.1,X5D,75,2025,AAA/ruputer/LIU_JI_XIN,1.4413288828687414,,,,
V5.1,X5D,75,2025,AAA/ruputer/LIU_YONG_LAN,0.7945489405719569,,,,
V5.1,X5D,75,2025,AAA/ruputer/LI_BING_JIANG,1.5718662131797172,,,,
V5.1,X5D,75,2025,AAA/ruputer/WANG_AN,3.1588379465878975,,,,
V5.1,X5D,75,2025,AAA/ruputer/WU_GUANG_CUN,2.3530236429722455,,,,
V5.1,X5D,75,2025,AAA/ruputer/ZHANG_MAO_JIN,0.9457203771681595,,,,
V5.1,X5D,75,2025,AAA/ruputer/ZUO_DAO_SHENG,0.9296010825285645,,,,
V5.1,X5D,75,2025,AAA/unruputer/FENG_ZHI_YING,2.476538556064824,,,,
V5.1,X5D,75,2025,AAA/unruputer/LIN_JIAN_RONG,2.987824874681246,,,,
V5.1,X5D,75,2025,AAA/unruputer/LI_YOU_YU,0.7116709138797832,,,,
V5.1,X5D,75,2025,AAA/unruputer/SHEN_CHUN_WANG,1.2115657748252615,,,,
V5.1,X5D,75,2025,AAA/unruputer/SHEN_FANG_JIN,0.5049248198368189,,,,
V5.1,X5D,75,2025,AAA/unruputer/ZHANG_XUN_LIAN,0.565706101302906,,,,
V5.1,X5D,75,2025,AAA/unruputer/ZHANG_ZHI_HUA,1.730422974267123,,,,
V5.1,X5D,75,2025,AG/fast/CHEN_SHI_MING,1.3699438799606825,,,,
V5.1,X5D,75,2025,AG/fast/HAN_JIAN_JUN,0.7231041345343188,,,,
V5.1,X5D,75,2025,AG/fast/LIU_FENG_MING,1.2721425116841298,,,,
V5.1,X5D,75,2025,AG/fast/LI_SHI_QIANG,1.4195679399158483,,,,
V5.1,X5D,75,2025,AG/fast/WANG_DAO_CHUN,2.6225576256252556,,,,
V5.1,X5D,75,2025,AG/fast/ZHANG_XIU_ZHEN,0.7304642436617511,,,,
V5.1,X5D,75,2025,AG/slow/A_MIN_SE_HA_CHI,0.9064239201267993,,,,
V5.1,X5D,75,2025,AG/slow/CHENG_LU_LI,0.8697216231323486,,,,
V5.1,X5D,75,2025,AG/slow/DING_LIAN_ZHONG,1.3420031078126946,,,,
V5.1,X5D,75,2025,AG/slow/LI_BING_YI,1.678320522537566,,,,
V5.1,X5D,75,2025,AG/slow/LV_FU_LONG,1.2991269713044011,,,,
V5.1,X5D,75,2025,AG/slow/QU_HE_PING,1.6415861897679203,,,,
V5.1,X5D,75,2025,AG/slow/SUN_ZONG_GE,3.7810822827242787,,,,
V5.1,X5D,75,2025,AG/slow/WANG_GUANG_CHAO,1.418144174159958,,,,
V5.1,X5D,75,2025,AG/slow/WANG_YAN_LING,1.1259755614378588,,,,
V5.1,X5D,75,2025,AG/slow/WEI_BAO_XING,0.870253026653255,,,,
V5.1,X5D,75,2025,AG/slow/WU_FENG_YAN,1.0304219686532547,,,,
V5.1,X5D,75,2025,AG/slow/WU_YI_FA,1.4778439668843126,,,,
V5.1,X5D,75,2025,AG/slow/XI_CHENG_JIANG,1.0715792383426943,,,,
V5.1,X5D,75,2025,AG/slow/ZHANG_JING_SHUN,1.156571933698105,,,,
V5.1,X5D,75,2025,ILO/BAO_EN_YUN-0/before,1.3672256308359954,,,,
V5.1,X5D,75,2025,ILO/GENG_CHUN_LAI-1/before,1.7190672848608106,,,,
V5.1,X5D,75,2025,ILO/GONG_HAI_ZENG-1/before,2.3118875539027686,,,,
V5.1,X5D,75,2025,ILO/LIN_CHUN_YANG-1/before,2.1159260792200687,,,,
V5.1,X5D,75,2025,ILO/LI_SHENG_WEN-0/before,1.3993408500930717,,,,
V5.1,X5D,75,2025,ILO/PAN_YIN_GEN-1/before,0.9557373466203583,,,,
V5.1,X5D,75,2025,ILO/SUN_YU_SHENG-0/before,1.0045856802755286,,,,
V5.1,X5D,75,2025,ILO/WANG_XIAO_LIN-0/before,2.5368836099192014,,,,
V5.1,X5D,75,2025,ILO/YANG_YU_QING-1/before,2.931638443089346,,,,
V5.1,X5D,75,2025,ILO/ZHANG_JIAN_JUN-1/before,0.8391770696291083,,,,
V5.1,X5D,100,1234,AAA/ruputer/DING_JUN_FENG,4.183652340160274,,,,
V5.1,X5D,100,1234,AAA/ruputer/GAO_FENG_SHAN,0.7648143327065031,,,,
V5.1,X5D,100,1234,AAA/ruputer/HUO_SHI_LIANG,1.4644222216253244,,,,
V5.1,X5D,100,1234,AAA/ruputer/LIN_LIANG_XIAO,1.5777417641861473,,,,
V5.1,X5D,100,1234,AAA/ruputer/LI_LAO_PING,2.3279976434605474,,,,
V5.1,X5D,100,1234,AAA/ruputer/MENG_GUANG_QIN,2.49782942054623,,,,
V5.1,X5D,100,1234,AAA/ruputer/TONG_XUE_LIAN,0.4799297089287768,,,,
V5.1,X5D,100,1234,AAA/ruputer/WANG_KUI_WU,2.8443555442269686,,,,
V5.1,X5D,100,1234,AAA/ruputer/ZHOU_KE_XUN,1.6533141683575021,,,,
V5.1,X5D,100,1234,AAA/unruputer/CHEN_FU_YE,2.0286097626764916,,,,
V5.1,X5D,100,1234,AAA/unruputer/CHEN_LIANG_FU,0.714979232610798,,,,
V5.1,X5D,100,1234,AAA/unruputer/CHEN_SHU_LIN,1.2548538950395236,,,,
V5.1,X5D,100,1234,AAA/unruputer/LIU_XING_GUO,0.6495006863403361,,,,
V5.1,X5D,100,1234,AAA/unruputer/YAN_FU_TANG,2.2317107657504054,,,,
V5.1,X5D,100,1234,AAA/unruputer/ZHU_ZI_HAI,0.6079849628787936,,,,
V5.1,X5D,100,1234,AG/fast/LIU_JUN_FENG,0.5834354927801941,,,,
V5.1,X5D,100,1234,AG/fast/LIU_LI_QUN,1.0324792900084399,,,,
V5.1,X5D,100,1234,AG/fast/LIU_YI_BING,0.9319457952079737,,,,
V5.1,X5D,100,1234,AG/fast/LI_ZHEN_SHAN,1.0753903809216756,,,,
V5.1,X5D,100,1234,AG/fast/LI_ZHI_LIN,2.1820196789104402,,,,
V5.1,X5D,100,1234,AG/fast/WANG_YONG_FAN,1.1851183121249127,,,,
V5.1,X5D,100,1234,AG/fast/ZHANG_HAO,1.4059614252155646,,,,
V5.1,X5D,100,1234,AG/fast/ZHANG_QING_WANG,1.181130794246917,,,,
V5.1,X5D,100,1234,AG/slow/CHENG_GUANG_SEN,0.6630381470821621,,,,
V5.1,X5D,100,1234,AG/slow/GONG_HUI_XIA,0.49740213925961574,,,,
V5.1,X5D,100,1234,AG/slow/LIU_JIN_LIANG,1.206064000042525,,,,
V5.1,X5D,100,1234,AG/slow/LIU_ZONG_YANG,2.653577067029999,,,,
V5.1,X5D,100,1234,AG/slow/NI_YAN_BIN,2.6474572725562067,,,,
V5.1,X5D,100,1234,AG/slow/WANG_GUI,0.8156501648089263,,,,
V5.1,X5D,100,1234,AG/slow/WANG_YONG_LI,0.755846531816712,,,,
V5.1,X5D,100,1234,AG/slow/XU_YI_CAI,0.6009565141342177,,,,
V5.1,X5D,100,1234,AG/slow/ZANG_YU_SHU,0.49589009271782497,,,,
V5.1,X5D,100,1234,AG/slow/ZHANG_JUN_HUA,2.2206874060840636,,,,
V5.1,X5D,100,1234,AG/slow/ZHANG_QING_SHUI,1.8798852739296907,,,,
V5.1,X5D,100,1234,AG/slow/ZHANG_SONG_TIAN,0.9258982353739857,,,,
V5.1,X5D,100,1234,ILO/AN_GUANG_JIE-0/before,0.8927029319837452,,,,
V5.1,X5D,100,1234,ILO/GUO_QING_SHAN-0/before,1.6457787138545565,,,,
V5.1,X5D,100,1234,ILO/GUO_YU_SHU-0/before,1.718553384128098,,,,
V5.1,X5D,100,1234,ILO/LIU_BAO_JUN-0/before,0.6657084600091299,,,,
V5.1,X5D,100,1234,ILO/LIU_YUE_DONG-0/before,0.8349399350933723,,,,
V5.1,X5D,100,1234,ILO/LV_JIAN_HUA-0/before,0.9745675536843633,,,,
V5.1,X5D,100,1234,ILO/WANG_TIAN_QING-1/before,1.4858719911840825,,,,
V5.1,X5D,100,1234,ILO/WENG_ZHAO_GUANG-0/before,0.7404322433304436,,,,
V5.1,X5D,100,1234,ILO/XIE_ZHI_FU-0/before,1.0428031763108487,,,,
V5.1,X5D,100,1234,ILO/YANG_WANG_QI-1/before,2.362439615506609,,,,
V5.1,X5D,100,1234,ILO/ZHANG_YAN_SHAN-0/before,1.9950803535648916,,,,
V5.1,X5D,100,1234,AAA/ruputer/FENG_LI_XIN,0.9127792981877157,,,,
V5.1,X5D,100,1234,AAA/ruputer/GUO_AI_JUN,2.6189414856974738,,,,
V5.1,X5D,100,1234,AAA/ruputer/MA_XIAO_DONG,1.9396601209014601,,,,
V5.1,X5D,100,1234,AAA/ruputer/XIE_JIN_QUAN,1.295529645457512,,,,
V5.1,X5D,100,1234,AAA/ruputer/ZOU_LI_SHUN,1.4267942598004364,,,,
V5.1,X5D,100,1234,AAA/unruputer/CAO_HONG_TAI,0.37001715806673635,,,,
V5.1,X5D,100,1234,AAA/unruputer/GAO_WEI_LI,0.8544600037896558,,,,
V5.1,X5D,100,1234,AAA/unruputer/GUO_BAO_CHUN,0.4141178704520312,,,,
V5.1,X5D,100,1234,AAA/unruputer/HAN_JIAN_FU,0.717882093452271,,,,
V5.1,X5D,100,1234,AAA/unruputer/LIU_CHENG_ZHANG,0.9004429934839588,,,,
V5.1,X5D,100,1234,AAA/unruputer/LIU_JIE,1.5699727116298023,,,,
V5.1,X5D,100,1234,AAA/unruputer/LIU_LI_FENG,0.9166365302899909,,,,
V5.1,X5D,100,1234,AAA/unruputer/QIAO_XIU_YUN,1.1406681342026919,,,,
V5.1,X5D,100,1234,AAA/unruputer/YANG_BEN_RUI,0.4284682622643837,,,,
V5.1,X5D,100,1234,AAA/unruputer/ZHOU_XI_SHENG,1.7018830745785924,,,,
V5.1,X5D,100,1234,AG/fast/LI_SHU_KUN,1.3049829669410407,,,,
V5.1,X5D,100,1234,AG/fast/WANG_CHUN_MING,1.1560288236336425,,,,
V5.1,X5D,100,1234,AG/fast/ZHANG_XIU_WEN,0.9355371441860093,,,,
V5.1,X5D,100,1234,AG/slow/CAO_FENG_CHI,1.532891914487424,,,,
V5.1,X5D,100,1234,AG/slow/GUAN_TONG_XIANG,0.6268529245136526,,,,
V5.1,X5D,100,1234,AG/slow/KANG_XI_MING,1.9597336103226615,,,,
V5.1,X5D,100,1234,AG/slow/LIU_FA_CHUN,3.0255860482692807,,,,
V5.1,X5D,100,1234,AG/slow/LIU_FENG,1.6260665153198277,,,,
V5.1,X5D,100,1234,AG/slow/LI_CHONG_ZENG,1.602897548003417,,,,
V5.1,X5D,100,1234,AG/slow/LI_GUI_YING,3.241592892635111,,,,
V5.1,X5D,100,1234,AG/slow/LU_ZHEN_QING,1.7912895039442989,,,,
V5.1,X5D,100,1234,AG/slow/MI_DE_XI,2.7717246600992658,,,,
V5.1,X5D,100,1234,AG/slow/QIN_SI_FU,1.5194694010202268,,,,
V5.1,X5D,100,1234,AG/slow/SHEN_ZHI_GANG,1.9595400248554016,,,,
V5.1,X5D,100,1234,AG/slow/WANG_KE,3.8516972714640305,,,,
V5.1,X5D,100,1234,AG/slow/YANG_YOU_SHENG,1.0644658457626235,,,,
V5.1,X5D,100,1234,AG/slow/YIN_YU_RONG,1.3215112213969822,,,,
V5.1,X5D,100,1234,AG/slow/ZHANG_LING_GUANG,0.9520564442544965,,,,
V5.1,X5D,100,1234,AG/slow/ZHANG_QUAN_YOU,1.4852902504537273,,,,
V5.1,X5D,100,1234,AG/slow/ZHANG_ZHI_JUN,1.4925599360138984,,,,
V5.1,X5D,100,1234,ILO/CUI_WEI_PING-0/before,1.13553010776817,,,,
V5.1,X5D,100,1234,ILO/GAO_SHU_CAI-0/before,0.9425123074882412,,,,
V5.1,X5D,100,1234,ILO/HOU_SHI_GUO-0/before,2.509231355501152,,,,
V5.1,X5D,100,1234,ILO/LIU_LIAN_YOU-0/before,1.6422948464388798,,,,
V5.1,X5D,100,1234,ILO/SUN_DE_QI-1/before,1.527155897314131,,,,
V5.1,X5D,100,1234,ILO/WAGN_LI_JUN-1/before,1.3455196395055988,,,,
V5.1,X5D,100,1234,ILO/WANG_JIN_MING-0/before,6.394507646995103,,,,
V5.1,X5D,100,1234,ILO/WANG_SHU_SHENG-0/before,1.487242512401082,,,,
V5.1,X5D,100,1234,ILO/WU_JUN-0/before,0.6082170415876795,,,,
V5.1,X5D,100,1234,ILO/YAO_GUO_CHEN-0/before,1.9028812454699742,,,,
V5.1,X5D,100,1234,ILO/ZHAO_CHANG_SHAN-0/before,5.341073707553399,,,,
V5.1,X5D,100,1234,AAA/ruputer/LIU_JI_XIN,1.4305047689768413,,,,
V5.1,X5D,100,1234,AAA/ruputer/LIU_YONG_LAN,0.6917005841139308,,,,
V5.1,X5D,100,1234,AAA/ruputer/LI_BING_JIANG,1.3298302918690899,,,,
V5.1,X5D,100,1234,AAA/ruputer/WANG_AN,1.69857993880675,,,,
V5.1,X5D,100,1234,AAA/ruputer/WU_GUANG_CUN,2.300112426119303,,,,
V5.1,X5D,100,1234,AAA/ruputer/ZHANG_MAO_JIN,0.8731934588993375,,,,
V5.1,X5D,100,1234,AAA/ruputer/ZUO_DAO_SHENG,0.9053947228788518,,,,
V5.1,X5D,100,1234,AAA/unruputer/FENG_ZHI_YING,2.224210519142465,,,,
V5.1,X5D,100,1234,AAA/unruputer/LIN_JIAN_RONG,2.951260412792752,,,,
V5.1,X5D,100,1234,AAA/unruputer/LI_YOU_YU,0.7968220956126879,,,,
V5.1,X5D,100,1234,AAA/unruputer/SHEN_CHUN_WANG,1.0106481194003571,,,,
V5.1,X5D,100,1234,AAA/unruputer/SHEN_FANG_JIN,0.516586793063255,,,,
V5.1,X5D,100,1234,AAA/unruputer/ZHANG_XUN_LIAN,0.5419095611414642,,,,
V5.1,X5D,100,1234,AAA/unruputer/ZHANG_ZHI_HUA,1.8186311546251508,,,,
V5.1,X5D,100,1234,AG/fast/CHEN_SHI_MING,1.3603568629161193,,,,
V5.1,X5D,100,1234,AG/fast/HAN_JIAN_JUN,0.7716668575331121,,,,
V5.1,X5D,100,1234,AG/fast/LIU_FENG_MING,1.2195360420362162,,,,
V5.1,X5D,100,1234,AG/fast/LI_SHI_QIANG,1.2945338204915535,,,,
V5.1,X5D,100,1234,AG/fast/WANG_DAO_CHUN,2.848060953881247,,,,
V5.1,X5D,100,1234,AG/fast/ZHANG_XIU_ZHEN,0.7200466972029453,,,,
V5.1,X5D,100,1234,AG/slow/A_MIN_SE_HA_CHI,0.8838668135997804,,,,
V5.1,X5D,100,1234,AG/slow/CHENG_LU_LI,0.8351441958375083,,,,
V5.1,X5D,100,1234,AG/slow/DING_LIAN_ZHONG,1.1915223306527025,,,,
V5.1,X5D,100,1234,AG/slow/LI_BING_YI,1.5437148046536118,,,,
V5.1,X5D,100,1234,AG/slow/LV_FU_LONG,1.183704932169216,,,,
V5.1,X5D,100,1234,AG/slow/QU_HE_PING,1.4693910013140734,,,,
V5.1,X5D,100,1234,AG/slow/SUN_ZONG_GE,3.7294246914662263,,,,
V5.1,X5D,100,1234,AG/slow/WANG_GUANG_CHAO,1.2293408513534085,,,,
V5.1,X5D,100,1234,AG/slow/WANG_YAN_LING,1.094800482725448,,,,
V5.1,X5D,100,1234,AG/slow/WEI_BAO_XING,0.8675426427471059,,,,
V5.1,X5D,100,1234,AG/slow/WU_FENG_YAN,0.8040628733107417,,,,
V5.1,X5D,100,1234,AG/slow/WU_YI_FA,1.4356852290822772,,,,
V5.1,X5D,100,1234,AG/slow/XI_CHENG_JIANG,1.049482229450448,,,,
V5.1,X5D,100,1234,AG/slow/ZHANG_JING_SHUN,1.1530634305518073,,,,
V5.1,X5D,100,1234,ILO/BAO_EN_YUN-0/before,1.320123855992663,,,,
V5.1,X5D,100,1234,ILO/GENG_CHUN_LAI-1/before,1.6240188423494222,,,,
V5.1,X5D,100,1234,ILO/GONG_HAI_ZENG-1/before,2.2001701675847434,,,,
V5.1,X5D,100,1234,ILO/LIN_CHUN_YANG-1/before,2.099948228642314,,,,
V5.1,X5D,100,1234,ILO/LI_SHENG_WEN-0/before,1.5117562118133858,,,,
V5.1,X5D,100,1234,ILO/PAN_YIN_GEN-1/before,0.9683216020262961,,,,
V5.1,X5D,100,1234,ILO/SUN_YU_SHENG-0/before,0.9612038403586163,,,,
V5.1,X5D,100,1234,ILO/WANG_XIAO_LIN-0/before,2.591905613833071,,,,
V5.1,X5D,100,1234,ILO/YANG_YU_QING-1/before,2.901082229705845,,,,
V5.1,X5D,100,1234,ILO/ZHANG_JIAN_JUN-1/before,0.7444726813208458,,,,
V5.1,X5D,100,7,AAA/ruputer/DING_JUN_FENG,3.915131795292691,,,,
V5.1,X5D,100,7,AAA/ruputer/GAO_FENG_SHAN,0.7661383947972004,,,,
V5.1,X5D,100,7,AAA/ruputer/HUO_SHI_LIANG,1.5900610215249023,,,,
V5.1,X5D,100,7,AAA/ruputer/LIN_LIANG_XIAO,1.6271027613728852,,,,
V5.1,X5D,100,7,AAA/ruputer/LI_LAO_PING,2.2587670530503052,,,,
V5.1,X5D,100,7,AAA/ruputer/MENG_GUANG_QIN,2.5352504628049006,,,,
V5.1,X5D,100,7,AAA/ruputer/TONG_XUE_LIAN,0.5289403292604625,,,,
V5.1,X5D,100,7,AAA/ruputer/WANG_KUI_WU,2.9337806744025605,,,,
V5.1,X5D,100,7,AAA/ruputer/ZHOU_KE_XUN,1.6768455243801506,,,,
V5.1,X5D,100,7,AAA/unruputer/CHEN_FU_YE,1.9598137558564817,,,,
V5.1,X5D,100,7,AAA/unruputer/CHEN_LIANG_FU,0.6889269386449056,,,,
V5.1,X5D,100,7,AAA/unruputer/CHEN_SHU_LIN,1.2122684187524402,,,,
V5.1,X5D,100,7,AAA/unruputer/LIU_XING_GUO,0.6642177165053608,,,,
V5.1,X5D,100,7,AAA/unruputer/YAN_FU_TANG,2.3100517827209117,,,,
V5.1,X5D,100,7,AAA/unruputer/ZHU_ZI_HAI,0.5979938549045046,,,,
V5.1,X5D,100,7,AG/fast/LIU_JUN_FENG,0.5314531219997268,,,,
V5.1,X5D,100,7,AG/fast/LIU_LI_QUN,0.9800420707341806,,,,
V5.1,X5D,100,7,AG/fast/LIU_YI_BING,0.8628988930185479,,,,
V5.1,X5D,100,7,AG/fast/LI_ZHEN_SHAN,1.1307465489826491,,,,
V5.1,X5D,100,7,AG/fast/LI_ZHI_LIN,2.5745578756765055,,,,
V5.1,X5D,100,7,AG/fast/WANG_YONG_FAN,1.182307820372894,,,,
V5.1,X5D,100,7,AG/fast/ZHANG_HAO,1.3567635037091392,,,,
V5.1,X5D,100,7,AG/fast/ZHANG_QING_WANG,1.1837033415992462,,,,
V5.1,X5D,100,7,AG/slow/CHENG_GUANG_SEN,0.6383887178945434,,,,
V5.1,X5D,100,7,AG/slow/GONG_HUI_XIA,0.4755145164685799,,,,
V5.1,X5D,100,7,AG/slow/LIU_JIN_LIANG,1.1697649990874348,,,,
V5.1,X5D,100,7,AG/slow/LIU_ZONG_YANG,2.873572169361451,,,,
V5.1,X5D,100,7,AG/slow/NI_YAN_BIN,2.524360816858015,,,,
V5.1,X5D,100,7,AG/slow/WANG_GUI,0.8652815400563725,,,,
V5.1,X5D,100,7,AG/slow/WANG_YONG_LI,0.6880911898832999,,,,
V5.1,X5D,100,7,AG/slow/XU_YI_CAI,0.6704009098081202,,,,
V5.1,X5D,100,7,AG/slow/ZANG_YU_SHU,0.5108037767885615,,,,
V5.1,X5D,100,7,AG/slow/ZHANG_JUN_HUA,2.276840182860241,,,,
V5.1,X5D,100,7,AG/slow/ZHANG_QING_SHUI,1.7409389937593864,,,,
V5.1,X5D,100,7,AG/slow/ZHANG_SONG_TIAN,0.7868347888242306,,,,
V5.1,X5D,100,7,ILO/AN_GUANG_JIE-0/before,0.9440781963785961,,,,
V5.1,X5D,100,7,ILO/GUO_QING_SHAN-0/before,1.6368825156916205,,,,
V5.1,X5D,100,7,ILO/GUO_YU_SHU-0/before,1.6355773965218436,,,,
V5.1,X5D,100,7,ILO/LIU_BAO_JUN-0/before,0.7104133152301663,,,,
V5.1,X5D,100,7,ILO/LIU_YUE_DONG-0/before,0.8424227698868232,,,,
V5.1,X5D,100,7,ILO/LV_JIAN_HUA-0/before,0.9463457348354791,,,,
V5.1,X5D,100,7,ILO/WANG_TIAN_QING-1/before,1.4256948441671746,,,,
V5.1,X5D,100,7,ILO/WENG_ZHAO_GUANG-0/before,0.7627971317167443,,,,
V5.1,X5D,100,7,ILO/XIE_ZHI_FU-0/before,1.0554491831235315,,,,
V5.1,X5D,100,7,ILO/YANG_WANG_QI-1/before,2.3498490061039914,,,,
V5.1,X5D,100,7,ILO/ZHANG_YAN_SHAN-0/before,2.139736823794915,,,,
V5.1,X5D,100,7,AAA/ruputer/FENG_LI_XIN,0.9792874997799002,,,,
V5.1,X5D,100,7,AAA/ruputer/GUO_AI_JUN,2.718032874156547,,,,
V5.1,X5D,100,7,AAA/ruputer/MA_XIAO_DONG,1.8972165925686602,,,,
V5.1,X5D,100,7,AAA/ruputer/XIE_JIN_QUAN,1.2743360824641834,,,,
V5.1,X5D,100,7,AAA/ruputer/ZOU_LI_SHUN,1.4020292704216275,,,,
V5.1,X5D,100,7,AAA/unruputer/CAO_HONG_TAI,0.3940177229897987,,,,
V5.1,X5D,100,7,AAA/unruputer/GAO_WEI_LI,0.8755586555090816,,,,
V5.1,X5D,100,7,AAA/unruputer/GUO_BAO_CHUN,0.39830484931258997,,,,
V5.1,X5D,100,7,AAA/unruputer/HAN_JIAN_FU,0.7445103107743777,,,,
V5.1,X5D,100,7,AAA/unruputer/LIU_CHENG_ZHANG,0.9389245132056685,,,,
V5.1,X5D,100,7,AAA/unruputer/LIU_JIE,1.654875773926864,,,,
V5.1,X5D,100,7,AAA/unruputer/LIU_LI_FENG,0.9383844945316793,,,,
V5.1,X5D,100,7,AAA/unruputer/QIAO_XIU_YUN,1.0387522586938078,,,,
V5.1,X5D,100,7,AAA/unruputer/YANG_BEN_RUI,0.42157503306689614,,,,
V5.1,X5D,100,7,AAA/unruputer/ZHOU_XI_SHENG,1.7390823536072297,,,,
V5.1,X5D,100,7,AG/fast/LI_SHU_KUN,1.2968205878012131,,,,
V5.1,X5D,100,7,AG/fast/WANG_CHUN_MING,1.2551245546377638,,,,
V5.1,X5D,100,7,AG/fast/ZHANG_XIU_WEN,0.9619445799051982,,,,
V5.1,X5D,100,7,AG/slow/CAO_FENG_CHI,1.3867273202384554,,,,
V5.1,X5D,100,7,AG/slow/GUAN_TONG_XIANG,0.5786567195015824,,,,
V5.1,X5D,100,7,AG/slow/KANG_XI_MING,1.9594126702818908,,,,
V5.1,X5D,100,7,AG/slow/LIU_FA_CHUN,3.1404965711508193,,,,
V5.1,X5D,100,7,AG/slow/LIU_FENG,1.7812138977045762,,,,
V5.1,X5D,100,7,AG/slow/LI_CHONG_ZENG,1.4491400105712064,,,,
V5.1,X5D,100,7,AG/slow/LI_GUI_YING,3.3021905666844744,,,,
V5.1,X5D,100,7,AG/slow/LU_ZHEN_QING,1.6693033438917946,,,,
V5.1,X5D,100,7,AG/slow/MI_DE_XI,2.4936978790810898,,,,
V5.1,X5D,100,7,AG/slow/QIN_SI_FU,1.596543836134956,,,,
V5.1,X5D,100,7,AG/slow/SHEN_ZHI_GANG,1.883629432601808,,,,
V5.1,X5D,100,7,AG/slow/WANG_KE,3.5950164075945517,,,,
V5.1,X5D,100,7,AG/slow/YANG_YOU_SHENG,0.8696297627739704,,,,
V5.1,X5D,100,7,AG/slow/YIN_YU_RONG,1.3784964441963696,,,,
V5.1,X5D,100,7,AG/slow/ZHANG_LING_GUANG,0.9437952181228987,,,,
V5.1,X5D,100,7,AG/slow/ZHANG_QUAN_YOU,1.5622899514366628,,,,
V5.1,X5D,100,7,AG/slow/ZHANG_ZHI_JUN,1.4894839820734775,,,,
V5.1,X5D,100,7,ILO/CUI_WEI_PING-0/before,1.0553641113762475,,,,
V5.1,X5D,100,7,ILO/GAO_SHU_CAI-0/before,1.0120431925826114,,,,
V5.1,X5D,100,7,ILO/HOU_SHI_GUO-0/before,2.6988385631661886,,,,
V5.1,X5D,100,7,ILO/LIU_LIAN_YOU-0/before,1.7128416914198927,,,,
V5.1,X5D,100,7,ILO/SUN_DE_QI-1/before,1.4737208172852987,,,,
V5.1,X5D,100,7,ILO/WAGN_LI_JUN-1/before,1.4157017311894278,,,,
V5.1,X5D,100,7,ILO/WANG_JIN_MING-0/before,6.426206941707515,,,,
V5.1,X5D,100,7,ILO/WANG_SHU_SHENG-0/before,1.5096059874316992,,,,
V5.1,X5D,100,7,ILO/WU_JUN-0/before,0.6051407757586109,,,,
V5.1,X5D,100,7,ILO/YAO_GUO_CHEN-0/before,2.001790007308396,,,,
V5.1,X5D,100,7,ILO/ZHAO_CHANG_SHAN-0/before,5.939554755930363,,,,
V5.1,X5D,100,7,AAA/ruputer/LIU_JI_XIN,1.4381150420706783,,,,
V5.1,X5D,100,7,AAA/ruputer/LIU_YONG_LAN,0.6783081408854807,,,,
V5.1,X5D,100,7,AAA/ruputer/LI_BING_JIANG,1.3561560584587065,,,,
V5.1,X5D,100,7,AAA/ruputer/WANG_AN,1.551726809892221,,,,
V5.1,X5D,100,7,AAA/ruputer/WU_GUANG_CUN,2.366201720250393,,,,
V5.1,X5D,100,7,AAA/ruputer/ZHANG_MAO_JIN,0.9250883247773488,,,,
V5.1,X5D,100,7,AAA/ruputer/ZUO_DAO_SHENG,0.9244418166489985,,,,
V5.1,X5D,100,7,AAA/unruputer/FENG_ZHI_YING,2.2634058036024522,,,,
V5.1,X5D,100,7,AAA/unruputer/LIN_JIAN_RONG,2.7839628763283444,,,,
V5.1,X5D,100,7,AAA/unruputer/LI_YOU_YU,0.730793118914753,,,,
V5.1,X5D,100,7,AAA/unruputer/SHEN_CHUN_WANG,0.982541406759147,,,,
V5.1,X5D,100,7,AAA/unruputer/SHEN_FANG_JIN,0.549876583607491,,,,
V5.1,X5D,100,7,AAA/unruputer/ZHANG_XUN_LIAN,0.5261533124044775,,,,
V5.1,X5D,100,7,AAA/unruputer/ZHANG_ZHI_HUA,1.722288453793158,,,,
V5.1,X5D,100,7,AG/fast/CHEN_SHI_MING,1.2399236084176,,,,
V5.1,X5D,100,7,AG/fast/HAN_JIAN_JUN,0.7071805646026846,,,,
V5.1,X5D,100,7,AG/fast/LIU_FENG_MING,1.1427640196151692,,,,
V5.1,X5D,100,7,AG/fast/LI_SHI_QIANG,1.3541695837691268,,,,
V5.1,X5D,100,7,AG/fast/WANG_DAO_CHUN,2.8315320178236174,,,,
V5.1,X5D,100,7,AG/fast/ZHANG_XIU_ZHEN,0.7195757132032772,,,,
V5.1,X5D,100,7,AG/slow/A_MIN_SE_HA_CHI,0.9701003438454581,,,,
V5.1,X5D,100,7,AG/slow/CHENG_LU_LI,0.8923645257458243,,,,
V5.1,X5D,100,7,AG/slow/DING_LIAN_ZHONG,1.1715846647382584,,,,
V5.1,X5D,100,7,AG/slow/LI_BING_YI,1.4543136110606716,,,,
V5.1,X5D,100,7,AG/slow/LV_FU_LONG,1.1277792438839451,,,,
V5.1,X5D,100,7,AG/slow/QU_HE_PING,1.412068399293455,,,,
V5.1,X5D,100,7,AG/slow/SUN_ZONG_GE,3.7158742739989643,,,,
V5.1,X5D,100,7,AG/slow/WANG_GUANG_CHAO,1.3489453662695707,,,,
V5.1,X5D,100,7,AG/slow/WANG_YAN_LING,1.0630468878535317,,,,
V5.1,X5D,100,7,AG/slow/WEI_BAO_XING,0.8479062642780852,,,,
V5.1,X5D,100,7,AG/slow/WU_FENG_YAN,0.8981981087024355,,,,
V5.1,X5D,100,7,AG/slow/WU_YI_FA,1.485463315977277,,,,
V5.1,X5D,100,7,AG/slow/XI_CHENG_JIANG,1.1112703817545142,,,,
V5.1,X5D,100,7,AG/slow/ZHANG_JING_SHUN,1.1147851201440158,,,,
V5.1,X5D,100,7,ILO/BAO_EN_YUN-0/before,1.2786946309934912,,,,
V5.1,X5D,100,7,ILO/GENG_CHUN_LAI-1/before,1.6177089664267745,,,,
V5.1,X5D,100,7,ILO/GONG_HAI_ZENG-1/before,2.2734370463603573,,,,
V5.1,X5D,100,7,ILO/LIN_CHUN_YANG-1/before,2.011502632774377,,,,
V5.1,X5D,100,7,ILO/LI_SHENG_WEN-0/before,1.5578921530743923,,,,
V5.1,X5D,100,7,ILO/PAN_YIN_GEN-1/before,0.9791972752109463,,,,
V5.1,X5D,100,7,ILO/SUN_YU_SHENG-0/before,0.9054493539854982,,,,
V5.1,X5D,100,7,ILO/WANG_XIAO_LIN-0/before,2.553736880457198,,,,
V5.1,X5D,100,7,ILO/YANG_YU_QING-1/before,2.8764673634168103,,,,
V5.1,X5D,100,7,ILO/ZHANG_JIAN_JUN-1/before,0.717435077807894,,,,
V5.1,X5D,100,2025,AAA/ruputer/DING_JUN_FENG,3.8396202224447835,,,,
V5.1,X5D,100,2025,AAA/ruputer/GAO_FENG_SHAN,0.7424364188917227,,,,
V5.1,X5D,100,2025,AAA/ruputer/HUO_SHI_LIANG,1.5162338149045627,,,,
V5.1,X5D,100,2025,AAA/ruputer/LIN_LIANG_XIAO,1.6145180517387394,,,,
V5.1,X5D,100,2025,AAA/ruputer/LI_LAO_PING,2.3465215905485226,,,,
V5.1,X5D,100,2025,AAA/ruputer/MENG_GUANG_QIN,2.5520785943360105,,,,
V5.1,X5D,100,2025,AAA/ruputer/TONG_XUE_LIAN,0.4880531339577566,,,,
V5.1,X5D,100,2025,AAA/ruputer/WANG_KUI_WU,2.6672299077339114,,,,
V5.1,X5D,100,2025,AAA/ruputer/ZHOU_KE_XUN,1.5470275475917514,,,,
V5.1,X5D,100,2025,AAA/unruputer/CHEN_FU_YE,1.9536987201313558,,,,
V5.1,X5D,100,2025,AAA/unruputer/CHEN_LIANG_FU,0.6638762554432905,,,,
V5.1,X5D,100,2025,AAA/unruputer/CHEN_SHU_LIN,1.16177689316046,,,,
V5.1,X5D,100,2025,AAA/unruputer/LIU_XING_GUO,0.6582101411834714,,,,
V5.1,X5D,100,2025,AAA/unruputer/YAN_FU_TANG,2.3195540258627165,,,,
V5.1,X5D,100,2025,AAA/unruputer/ZHU_ZI_HAI,0.6690872466475591,,,,
V5.1,X5D,100,2025,AG/fast/LIU_JUN_FENG,0.524611645941752,,,,
V5.1,X5D,100,2025,AG/fast/LIU_LI_QUN,0.9693940881948472,,,,
V5.1,X5D,100,2025,AG/fast/LIU_YI_BING,0.7836776903087926,,,,
V5.1,X5D,100,2025,AG/fast/LI_ZHEN_SHAN,1.4672627055615546,,,,
V5.1,X5D,100,2025,AG/fast/LI_ZHI_LIN,2.34916752282161,,,,
V5.1,X5D,100,2025,AG/fast/WANG_YONG_FAN,1.195955041130881,,,,
V5.1,X5D,100,2025,AG/fast/ZHANG_HAO,1.2978878816791517,,,,
V5.1,X5D,100,2025,AG/fast/ZHANG_QING_WANG,1.1192688798509722,,,,
V5.1,X5D,100,2025,AG/slow/CHENG_GUANG_SEN,0.66628446994253,,,,
V5.1,X5D,100,2025,AG/slow/GONG_HUI_XIA,0.5146450902532297,,,,
V5.1,X5D,100,2025,AG/slow/LIU_JIN_LIANG,1.2467139173781003,,,,
V5.1,X5D,100,2025,AG/slow/LIU_ZONG_YANG,3.018949580260184,,,,
V5.1,X5D,100,2025,AG/slow/NI_YAN_BIN,2.709547865810869,,,,
V5.1,X5D,100,2025,AG/slow/WANG_GUI,0.8487870710434811,,,,
V5.1,X5D,100,2025,AG/slow/WANG_YONG_LI,0.7125246158419384,,,,
V5.1,X5D,100,2025,AG/slow/XU_YI_CAI,0.6371742335965455,,,,
V5.1,X5D,100,2025,AG/slow/ZANG_YU_SHU,0.4542570320298755,,,,
V5.1,X5D,100,2025,AG/slow/ZHANG_JUN_HUA,2.268975701411453,,,,
V5.1,X5D,100,2025,AG/slow/ZHANG_QING_SHUI,1.8978235745283867,,,,
V5.1,X5D,100,2025,AG/slow/ZHANG_SONG_TIAN,0.7898639831666131,,,,
V5.1,X5D,100,2025,ILO/AN_GUANG_JIE-0/before,0.8912794379551274,,,,
V5.1,X5D,100,2025,ILO/GUO_QING_SHAN-0/before,1.617195140265688,,,,
V5.1,X5D,100,2025,ILO/GUO_YU_SHU-0/before,1.7293938085549057,,,,
V5.1,X5D,100,2025,ILO/LIU_BAO_JUN-0/before,0.7023804636506359,,,,
V5.1,X5D,100,2025,ILO/LIU_YUE_DONG-0/before,0.8159734109091209,,,,
V5.1,X5D,100,2025,ILO/LV_JIAN_HUA-0/before,0.9091940276286794,,,,
V5.1,X5D,100,2025,ILO/WANG_TIAN_QING-1/before,1.4097168352082996,,,,
V5.1,X5D,100,2025,ILO/WENG_ZHAO_GUANG-0/before,0.7366120568952278,,,,
V5.1,X5D,100,2025,ILO/XIE_ZHI_FU-0/before,1.0763750905286686,,,,
V5.1,X5D,100,2025,ILO/YANG_WANG_QI-1/before,2.316128325505088,,,,
V5.1,X5D,100,2025,ILO/ZHANG_YAN_SHAN-0/before,2.0870027603308356,,,,
V5.1,X5D,100,2025,AAA/ruputer/FENG_LI_XIN,0.8155943974697673,,,,
V5.1,X5D,100,2025,AAA/ruputer/GUO_AI_JUN,2.6544237627626304,,,,
V5.1,X5D,100,2025,AAA/ruputer/MA_XIAO_DONG,1.8649588009914027,,,,
V5.1,X5D,100,2025,AAA/ruputer/XIE_JIN_QUAN,1.2844892989435177,,,,
V5.1,X5D,100,2025,AAA/ruputer/ZOU_LI_SHUN,1.4087334366005355,,,,
V5.1,X5D,100,2025,AAA/unruputer/CAO_HONG_TAI,0.3902415356147766,,,,
V5.1,X5D,100,2025,AAA/unruputer/GAO_WEI_LI,0.887303979106283,,,,
V5.1,X5D,100,2025,AAA/unruputer/GUO_BAO_CHUN,0.3953660358683015,,,,
V5.1,X5D,100,2025,AAA/unruputer/HAN_JIAN_FU,0.7529186408557168,,,,
V5.1,X5D,100,2025,AAA/unruputer/LIU_CHENG_ZHANG,0.8851825958297744,,,,
V5.1,X5D,100,2025,AAA/unruputer/LIU_JIE,1.642256527571318,,,,
V5.1,X5D,100,2025,AAA/unruputer/LIU_LI_FENG,0.9561022623184813,,,,
V5.1,X5D,100,2025,AAA/unruputer/QIAO_XIU_YUN,1.2233958990851095,,,,
V5.1,X5D,100,2025,AAA/unruputer/YANG_BEN_RUI,0.41893797306231173,,,,
V5.1,X5D,100,2025,AAA/unruputer/ZHOU_XI_SHENG,1.4754245751538455,,,,
V5.1,X5D,100,2025,AG/fast/LI_SHU_KUN,1.2938465957973575,,,,
V5.1,X5D,100,2025,AG/fast/WANG_CHUN_MING,1.2158089670363978,,,,
V5.1,X5D,100,2025,AG/fast/ZHANG_XIU_WEN,0.9904280957836341,,,,
V5.1,X5D,100,2025,AG/slow/CAO_FENG_CHI,1.4678951458438954,,,,
V5.1,X5D,100,2025,AG/slow/GUAN_TONG_XIANG,0.599291631194748,,,,
V5.1,X5D,100,2025,AG/slow/KANG_XI_MING,1.9036010893758162,,,,
V5.1,X5D,100,2025,AG/slow/LIU_FA_CHUN,3.16502729697598,,,,
V5.1,X5D,100,2025,AG/slow/LIU_FENG,1.6294905566583509,,,,
V5.1,X5D,100,2025,AG/slow/LI_CHONG_ZENG,1.481957932753527,,,,
V5.1,X5D,100,2025,AG/slow/LI_GUI_YING,3.2529392323818174,,,,
V5.1,X5D,100,2025,AG/slow/LU_ZHEN_QING,1.7321363121290834,,,,
V5.1,X5D,100,2025,AG/slow/MI_DE_XI,2.550656690271394,,,,
V5.1,X5D,100,2025,AG/slow/QIN_SI_FU,1.5119453756322878,,,,
V5.1,X5D,100,2025,AG/slow/SHEN_ZHI_GANG,1.9637229534139924,,,,
V5.1,X5D,100,2025,AG/slow/WANG_KE,3.633829517557528,,,,
V5.1,X5D,100,2025,AG/slow/YANG_YOU_SHENG,0.9061473061663017,,,,
V5.1,X5D,100,2025,AG/slow/YIN_YU_RONG,1.3553373777637245,,,,
V5.1,X5D,100,2025,AG/slow/ZHANG_LING_GUANG,0.9161739637771468,,,,
V5.1,X5D,100,2025,AG/slow/ZHANG_QUAN_YOU,1.4300648174322732,,,,
V5.1,X5D,100,2025,AG/slow/ZHANG_ZHI_JUN,1.5004648080395753,,,,
V5.1,X5D,100,2025,ILO/CUI_WEI_PING-0/before,1.1620083176760942,,,,
V5.1,X5D,100,2025,ILO/GAO_SHU_CAI-0/before,1.1097089551084554,,,,
V5.1,X5D,100,2025,ILO/HOU_SHI_GUO-0/before,2.6740737949681885,,,,
V5.1,X5D,100,2025,ILO/LIU_LIAN_YOU-0/before,1.5193395800332086,,,,
V5.1,X5D,100,2025,ILO/SUN_DE_QI-1/before,1.4567103778584973,,,,
V5.1,X5D,100,2025,ILO/WAGN_LI_JUN-1/before,1.4148073734721525,,,,
V5.1,X5D,100,2025,ILO/WANG_JIN_MING-0/before,6.157502961412534,,,,
V5.1,X5D,100,2025,ILO/WANG_SHU_SHENG-0/before,1.5254620876441478,,,,
V5.1,X5D,100,2025,ILO/WU_JUN-0/before,0.6282248844569951,,,,
V5.1,X5D,100,2025,ILO/YAO_GUO_CHEN-0/before,1.9591591705118254,,,,
V5.1,X5D,100,2025,ILO/ZHAO_CHANG_SHAN-0/before,5.6140712178672905,,,,
V5.1,X5D,100,2025,AAA/ruputer/LIU_JI_XIN,1.439493235277446,,,,
V5.1,X5D,100,2025,AAA/ruputer/LIU_YONG_LAN,0.7212580480268087,,,,
V5.1,X5D,100,2025,AAA/ruputer/LI_BING_JIANG,1.3969335415648956,,,,
V5.1,X5D,100,2025,AAA/ruputer/WANG_AN,1.462413965717468,,,,
V5.1,X5D,100,2025,AAA/ruputer/WU_GUANG_CUN,2.175986112898275,,,,
V5.1,X5D,100,2025,AAA/ruputer/ZHANG_MAO_JIN,0.889932840948385,,,,
V5.1,X5D,100,2025,AAA/ruputer/ZUO_DAO_SHENG,0.8599067088654464,,,,
V5.1,X5D,100,2025,AAA/unruputer/FENG_ZHI_YING,2.28029429627114,,,,
V5.1,X5D,100,2025,AAA/unruputer/LIN_JIAN_RONG,2.94610053951303,,,,
V5.1,X5D,100,2025,AAA/unruputer/LI_YOU_YU,0.7147630836661839,,,,
V5.1,X5D,100,2025,AAA/unruputer/SHEN_CHUN_WANG,1.0809027737176315,,,,
V5.1,X5D,100,2025,AAA/unruputer/SHEN_FANG_JIN,0.5118721595693866,,,,
V5.1,X5D,100,2025,AAA/unruputer/ZHANG_XUN_LIAN,0.5322229712796906,,,,
V5.1,X5D,100,2025,AAA/unruputer/ZHANG_ZHI_HUA,1.7668811739084769,,,,
V5.1,X5D,100,2025,AG/fast/CHEN_SHI_MING,1.3360235005795573,,,,
V5.1,X5D,100,2025,AG/fast/HAN_JIAN_JUN,0.6953460125634879,,,,
V5.1,X5D,100,2025,AG/fast/LIU_FENG_MING,1.1815751628681495,,,,
V5.1,X5D,100,2025,AG/fast/LI_SHI_QIANG,1.2654380744736065,,,,
V5.1,X5D,100,2025,AG/fast/WANG_DAO_CHUN,2.6376040719852654,,,,
V5.1,X5D,100,2025,AG/fast/ZHANG_XIU_ZHEN,0.7039697487051731,,,,
V5.1,X5D,100,2025,AG/slow/A_MIN_SE_HA_CHI,0.882715204915107,,,,
V5.1,X5D,100,2025,AG/slow/CHENG_LU_LI,0.8898150516743863,,,,
V5.1,X5D,100,2025,AG/slow/DING_LIAN_ZHONG,1.2201299167228816,,,,
V5.1,X5D,100,2025,AG/slow/LI_BING_YI,1.575649809019947,,,,
V5.1,X5D,100,2025,AG/slow/LV_FU_LONG,1.252447993532029,,,,
V5.1,X5D,100,2025,AG/slow/QU_HE_PING,1.489733223998183,,,,
V5.1,X5D,100,2025,AG/slow/SUN_ZONG_GE,3.807796763142454,,,,
V5.1,X5D,100,2025,AG/slow/WANG_GUANG_CHAO,1.2557192034938838,,,,
V5.1,X5D,100,2025,AG/slow/WANG_YAN_LING,0.9503659515298368,,,,
V5.1,X5D,100,2025,AG/slow/WEI_BAO_XING,0.8184025801180894,,,,
V5.1,X5D,100,2025,AG/slow/WU_FENG_YAN,0.9286483529993176,,,,
V5.1,X5D,100,2025,AG/slow/WU_YI_FA,1.3467830656442858,,,,
V5.1,X5D,100,2025,AG/slow/XI_CHENG_JIANG,1.1081976216441067,,,,
V5.1,X5D,100,2025,AG/slow/ZHANG_JING_SHUN,1.1104501850161326,,,,
V5.1,X5D,100,2025,ILO/BAO_EN_YUN-0/before,1.311941352184353,,,,
V5.1,X5D,100,2025,ILO/GENG_CHUN_LAI-1/before,1.6746321974592986,,,,
V5.1,X5D,100,2025,ILO/GONG_HAI_ZENG-1/before,2.262945846876886,,,,
V5.1,X5D,100,2025,ILO/LIN_CHUN_YANG-1/before,2.056046009443431,,,,
V5.1,X5D,100,2025,ILO/LI_SHENG_WEN-0/before,1.4545837294102266,,,,
V5.1,X5D,100,2025,ILO/PAN_YIN_GEN-1/before,0.968089187365629,,,,
V5.1,X5D,100,2025,ILO/SUN_YU_SHENG-0/before,0.9210055571245777,,,,
V5.1,X5D,100,2025,ILO/WANG_XIAO_LIN-0/before,2.5571117572618385,,,,
V5.1,X5D,100,2025,ILO/YANG_YU_QING-1/before,2.8271770582033007,,,,
V5.1,X5D,100,2025,ILO/ZHANG_JIAN_JUN-1/before,0.7310821938530071,,,,
V5.2,X5D,100,1234,AAA/ruputer/CHEN_FU,0.8274929366939204,2.99183350643142,21.016149240434114,2.4462510515122786,False
V5.2,X5D,100,1234,AAA/ruputer/LIU_JI_XIN,1.532323803223432,4.434655915377273,60.774899061445616,10.425370830675837,True
V5.2,X5D,100,1234,AAA/ruputer/LV_GUO_YOU,1.0913633393091775,4.870842197652798,50.97794070749169,3.4770466159307456,False
V5.2,X5D,100,1234,AAA/ruputer/SU_KAI_LI,0.5325318418008481,1.8727082931047392,20.905363189042077,2.1988977753860084,False
V5.2,X5D,100,1234,AAA/ruputer/TONG_XUE_LIAN,0.43005874423238466,1.7138957194930158,7.8414343044748405,0.6947784044718721,True
V5.2,X5D,100,1234,AAA/ruputer/YU_TIAN_HAI,1.7704580307029867,5.806504572459942,76.00426850741304,10.665921118707983,False
V5.2,X5D,100,1234,AAA/unruputer/GAO_WEI_LI,0.7950433689042669,2.8441599013012886,19.215496876910642,2.2901984752895292,True
V5.2,X5D,100,1234,AAA/unruputer/LIN_JIAN_RONG,2.892601693873334,8.047568441788673,211.65327367041573,38.412366642219816,True
V5.2,X5D,100,1234,AAA/unruputer/LI_YOU_YU,0.6915111613518695,2.16490312501305,13.123072020828841,2.2603372191863627,True
V5.2,X5D,100,1234,AAA/unruputer/SHEN_CHUN_WANG,1.0250233395626214,3.86801851003588,28.108562755089046,3.132361692316874,True
V5.2,X5D,100,1234,AAA/unruputer/ZHANG_XUN_LIAN,0.5125256649864676,1.6350088741029847,7.232666070830891,1.3214251039126723,True
V5.2,X5D,100,1234,AAA/unruputer/ZHU_ZI_HAI,0.5359568234982669,3.067920899520899,18.957089595100175,0.815067404078685,True
V5.2,X5D,100,1234,AG/fast/HAN_JIAN_JUN,0.7025357742721335,3.1003336947623468,21.668393765498728,1.996788988372591,True
V5.2,X5D,100,1234,AG/fast/LIU_JUN_FENG,0.5057593252224185,2.4229270611653195,11.301038868882843,1.9631520888545448,True
V5.2,X5D,100,1234,AG/fast/LIU_LI_QUN,0.8220547332010812,3.8525098627103835,23.48888038368749,1.8092215286593534,True
V5.2,X5D,100,1234,AG/fast/LOU_YANG,0.9463810563249263,5.333864687945243,50.84754696155906,2.4307044658869987,False
V5.2,X5D,100,1234,AG/fast/WANG_CHUN_MING,1.1808582854025205,4.9020424085490015,41.244201735425975,3.9536445948673804,True
V5.2,X5D,100,1234,AG/slow/A_MIN_SE_HA_CHI,0.854586478296404,3.485531646181169,31.818232734627504,4.911625670715135,True
V5.2,X5D,100,1234,AG/slow/CAO_FENG_CHI,1.4122242950504498,6.170672043043534,62.448615615359834,5.013493275181271,True
V5.2,X5D,100,1234,AG/slow/GONG_HUI_XIA,0.4452274051006058,2.9383464063472715,12.964783250734289,0.40510159807658436,True
V5.2,X5D,100,1234,AG/slow/GUO_XI_JIANG,1.1244749025965808,5.341587085601477,61.74578925883366,4.512660217199003,False
V5.2,X5D,100,1234,AG/slow/KANG_XI_MING,1.8570082374132504,7.361003600886599,99.33919404120445,10.752339816928416,True
V5.2,X5D,100,1234,AG/slow/LIN_SHU_TIAN,1.6827559466794801,6.840133490265334,88.18127988739904,7.137476744200227,False
V5.2,X5D,100,1234,AG/slow/LI_GUI_YING,2.9800832019473824,8.854308039004852,183.44296184487115,34.72472566034802,True
V5.2,X5D,100,1234,AG/slow/LI_HUAN_GE,2.1974638373252082,7.342901174416122,105.37836075454415,12.048365060302235,False
V5.2,X5D,100,1234,AG/slow/TE_JIN_WANG,1.3579599452588687,5.2867208243257995,58.50123043638264,6.524188156905461,False
V5.2,X5D,100,1234,AG/slow/WEI_JUN_WEN,0.4947056509227352,2.627213772097452,11.02589383821926,0.7436864622601261,False
V5.2,X5D,100,1234,AG/slow/WU_YI_FA,1.329863314605627,5.848954401789787,58.426270723046834,4.503783055346986,True
V5.2,X5D,100,1234,AG/slow/ZHANG_LING_GUANG,0.9092678451485715,3.6587347315638334,26.676955102557784,2.8608602073230855,True
V5.2,X5D,100,1234,ILO/DONG_KE_QIN-0/after,0.7273407531604897,2.2924201356066702,13.493121945049692,2.1247968922666742,False
V5.2,X5D,100,1234,ILO/DONG_KE_QIN-0/before,0.599578971502884,2.09535600187973,11.783519875638483,1.7057951481986322,False
V5.2,X5D,100,1234,ILO/HOU_SHI_GUO-0/after,0.7482428270796555,2.8271915914788943,19.773817142225337,2.3317845567027353,False
V5.2,X5D,100,1234,ILO/HOU_SHI_GUO-0/before,2.2637958001007656,7.21830848347467,160.7798164290837,22.80268799774966,True
V5.2,X5D,100,1234,ILO/LIU_BAO_JUN-0/after,1.287830992348371,2.950701830011388,52.796010512172614,18.001459780138422,False
V5.2,X5D,100,1234,ILO/LIU_BAO_JUN-0/before,0.6916443819643036,1.9002290286139563,10.055864784345745,1.8729186111969167,True
V5.2,X5D,100,1234,ILO/LIU_LIAN_YOU-0/after,0.9286296059491003,2.8912675670464987,19.89085544624444,4.641857300820123,False
V5.2,X5D,100,1234,ILO/LIU_LIAN_YOU-0/before,1.2873486499146896,3.340464523888479,34.75574044868209,7.8878605232452825,True
V5.2,X5D,100,1234,ILO/LIU_YUE_DONG-0/after,0.8785921793549392,2.782403065948192,17.633983071271068,2.64711416019204,False
V5.2,X5D,100,1234,ILO/LIU_YUE_DONG-0/before,0.8368604704968695,3.3081279320603265,20.194020602630463,2.697836875328818,True
V5.2,X5D,100,1234,ILO/LI_BO_JUN-1/after,0.9190177236529938,2.5600062960397714,17.980769746688605,3.780606532316157,False
V5.2,X5D,100,1234,ILO/LI_BO_JUN-1/before,1.6723597724136499,4.509235974816815,78.9411697329769,15.949593688147061,False
V5.2,X5D,100,1234,ILO/SHEN_CHUN_WANG-0/after,0.6698089157953259,2.3141913050137086,11.665328781523698,1.4293155834515063,False
V5.2,X5D,100,1234,ILO/SHEN_CHUN_WANG-0/before,1.124268102662861,3.630439152871617,29.27657215367769,4.351453021002441,False
V5.2,X5D,100,1234,ILO/SUN_DONG_XIN-0/after,0.599745610034518,2.5035548053526595,12.472073643573172,1.035154691105904,False
V5.2,X5D,100,1234,ILO/SUN_DONG_XIN-0/before,0.558850872859659,2.4919734390281945,13.807935033292738,1.3947325989681494,False
V5.2,X5D,100,1234,ILO/WAGN_LI_JUN-1/after,0.7271530591084303,2.2155448703384417,14.09729748172141,2.323266358465352,False
V5.2,X5D,100,1234,ILO/WAGN_LI_JUN-1/before,1.2157547165079787,4.190104407364758,66.05751416472077,7.99074204341213,True
V5.2,X5D,100,1234,ILO/WANG_TIAN_QING-1/after,0.6357337923461025,2.5004722088218103,14.517951727026697,1.5230085215577807,False
V5.2,X5D,100,1234,ILO/WANG_TIAN_QING-1/before,1.2982402528182269,3.5691361282528224,63.34332745843718,13.449643685636351,True
V5.2,X5D,100,1234,ILO/XIONG_DONG_SUO-0/after,1.035844139770533,3.448601313712777,61.49097180996401,9.877349348385836,False
V5.2,X5D,100,1234,ILO/XIONG_DONG_SUO-0/before,0.6768681754873421,2.3249787159282818,19.58255089367013,2.846679998791087,False
V5.2,X5D,100,1234,ILO/YAO_GUO_CHEN-0/after,0.775528843301308,3.4465237984163473,29.026153609013093,2.4319246287111285,False
V5.2,X5D,100,1234,ILO/YAO_GUO_CHEN-0/before,1.8093378114557768,5.287628099523142,93.92314863020482,21.16843756033468,True
V5.2,X5D,100,1234,ILO/YU_XIANG_SHENG-1/after,1.1315206642981568,3.583468776689441,31.427174097325857,3.8496085021062036,False
V5.2,X5D,100,1234,ILO/YU_XIANG_SHENG-1/before,1.071634850960939,4.283221739526996,42.98376432031388,4.03399713948137,False
V5.2,X5D,100,1234,AAA/ruputer/GUO_AI_JUN,2.496346099988624,7.449840996752351,166.43543881394314,24.314859313016623,True
V5.2,X5D,100,1234,AAA/ruputer/LIU_YONG_LAN,0.6497655683877631,2.154298328684825,17.986341321231702,2.6531149840339268,True
V5.2,X5D,100,1234,AAA/ruputer/WANG_AN,1.589466418507293,4.367029000448692,92.9718956359118,18.968056549943256,True
V5.2,X5D,100,1234,AAA/ruputer/WU_GUANG_CUN,1.9026897799191516,6.954084807370937,257.72455967097324,25.05304377132906,True
V5.2,X5D,100,1234,AAA/ruputer/ZHANG_MAO_JIN,0.834232762340595,2.6295907298072283,15.947729599849643,2.1512761858335443,True
V5.2,X5D,100,1234,AAA/ruputer/ZUO_DAO_SHENG,0.7919767695691772,2.9315329954068625,38.9033055049693,4.797214964449695,True
V5.2,X5D,100,1234,AAA/unruputer/CHEN_LIANG_FU,0.6163112775019737,2.010021235052449,11.856954581775907,1.7016822050351046,True
V5.2,X5D,100,1234,AAA/unruputer/GAO_DIAN_WEN,0.6798619583278371,3.1348542477559045,20.424033212702113,1.7209735124849863,False
V5.2,X5D,100,1234,AAA/unruputer/LIU_JIE,1.5688442907492144,4.969619492379978,77.57118486459343,12.049716628729358,True
V5.2,X5D,100,1234,AAA/unruputer/LIU_LI_FENG,0.8803612891353905,3.353359137332773,44.25403522800125,4.5060889900726036,True
V5.2,X5D,100,1234,AAA/unruputer/LIU_XING_GUO,0.6102664829094695,3.2585904048475873,20.461996235860447,1.0375915678824594,True
V5.2,X5D,100,1234,AAA/unruputer/SHEN_FANG_JIN,0.44071375474439456,1.640102195485246,7.393989904466414,1.0393631866620743,True
V5.2,X5D,100,1234,AG/fast/LIU_YI_BING,0.7566357891744955,5.131292744577097,49.93639551925239,1.8419207146481724,True
V5.2,X5D,100,1234,AG/fast/PENG_JI_MING,1.077045214517252,4.26190413536515,37.41348052527692,3.503946890776428,False
V5.2,X5D,100,1234,AG/fast/SUN_ZHI_YU,0.5621419431414711,2.6229413039823064,11.020099765330107,0.8027248719525457,False
V5.2,X5D,100,1234,AG/fast/ZHANG_LIANG,0.7123121481313719,4.137625654752519,33.675306389227394,1.7246195457170261,False
V5.2,X5D,100,1234,AG/fast/ZHANG_XIU_WEN,0.9159875699637748,3.655839880935059,22.58873316150414,2.5160071482966746,True
V5.2,X5D,100,1234,AG/slow/BAI_WEN_JIE,0.7579490190692225,3.8999293011770098,28.439857711811907,2.1366618098268666,False
V5.2,X5D,100,1234,AG/slow/CHENG_GUANG_SEN,0.5574905268900163,3.0527146390463518,14.967695130403131,0.8210348246381977,True
V5.2,X5D,100,1234,AG/slow/DING_LIAN_ZHONG,1.1159304807292625,5.604275317227923,57.46990770676308,3.886295155412863,True
V5.2,X5D,100,1234,AG/slow/LU_ZHEN_QING,1.588806277513863,6.065024485873685,99.44994737875861,9.30070183861569,True
V5.2,X5D,100,1234,AG/slow/MI_DE_XI,2.207927011385173,8.628868617291074,192.71693992666115,18.906881280119865,True
V5.2,X5D,100,1234,AG/slow/QU_HE_PING,1.412681807357778,5.2783702119799125,58.33651984700764,6.520360252499064,True
V5.2,X5D,100,1234,AG/slow/WANG_KE,3.379007095236763,10.655591211013716,203.72227608935495,28.916064953520902,True
V5.2,X5D,100,1234,AG/slow/WEI_BAO_XING,0.7103323519363517,3.0376911397751063,23.15417497643126,2.20091742389299,True
V5.2,X5D,100,1234,AG/slow/XI_CHENG_JIANG,0.9625875575804943,4.303623430097886,29.276106225412153,2.5473642105928676,True
V5.2,X5D,100,1234,AG/slow/YANG_YOU_SHENG,0.9496516298321699,4.280526671285049,30.970811381146113,3.5478602204179506,True
V5.2,X5D,100,1234,AG/slow/ZHANG_HUAN_LI,1.281840467652871,5.482447490466909,70.47119610415659,6.1208941268685,False
V5.2,X5D,100,1234,AG/slow/ZHANG_ZHI_JUN,1.3678091539768582,5.888155859015022,58.88411848465769,4.81021749094506,True
V5.2,X5D,100,1234,ILO/GAO_SHU_CAI-0/after,0.9389942327906058,3.1604519232202413,29.17973401453175,3.872696783536727,False
V5.2,X5D,100,1234,ILO/GAO_SHU_CAI-0/before,0.848137336134624,2.4961900595200994,19.185343422204017,3.0370964052547182,True
V5.2,X5D,100,1234,ILO/GUO_AI_JUN-0/after,1.2113368445549122,3.4818888653770035,54.130925715571166,10.330630989676836,False
V5.2,X5D,100,1234,ILO/GUO_AI_JUN-0/before,1.0388635046147017,2.846687213573358,35.94437029412065,7.2034942386945495,False
V5.2,X5D,100,1234,ILO/LIU_CHUN_YANG-1/after,0.7582457294077674,2.5337530342159913,13.929782979045523,1.7678087787314365,False
V5.2,X5D,100,1234,ILO/LIU_CHUN_YANG-1/before,1.3882035746798933,4.433851615983138,55.145839477988545,9.255605987020571,False
V5.2,X5D,100,1234,ILO/LIU_YUN_ZHANG-0/after,0.7860640676089693,3.066511309301898,29.07481405646554,2.8680200460376195,False
V5.2,X5D,100,1234,ILO/LIU_YUN_ZHANG-0/before,0.7662066801847176,2.920038434976278,27.01822953326439,2.8862369847836837,False
V5.2,X5D,100,1234,ILO/LU_FU_SHAN-0/after,0.7183649647132503,2.605072763946019,18.860392383846865,2.4413029643397794,False
V5.2,X5D,100,1234,ILO/LU_FU_SHAN-0/before,1.2229265902861333,4.730034274601319,48.09283839184349,4.825889062813446,False
V5.2,X5D,100,1234,ILO/LV_JIAN_HUA-0/after,0.9135697940122481,3.8727032073844523,33.106969354323205,3.4444692595767687,False
V5.2,X5D,100,1234,ILO/LV_JIAN_HUA-0/before,0.7989422257298997,2.847487177360422,18.19514423676456,1.9983688666304664,True
V5.2,X5D,100,1234,ILO/SUN_CHUN_PU-0/after,0.9667886396499213,3.1520660201109085,25.5838664780902,4.369085570178894,False
V5.2,X5D,100,1234,ILO/SUN_CHUN_PU-0/before,1.338619425363374,4.088498696180674,46.108462846083654,7.963362815924109,False
V5.2,X5D,100,1234,ILO/SUN_DE_QI-1/after,1.3950728789714606,3.9743662390367227,50.83284308938841,8.658052763447763,False
V5.2,X5D,100,1234,ILO/SUN_DE_QI-1/before,1.319800273435335,4.056411270278355,51.232673347143674,7.37556553528443,True
V5.2,X5D,100,1234,ILO/WANG_XIAO_LIN-0/after,0.7978754772365363,2.3515349657488125,15.962611012509246,3.547688521691349,False
V5.2,X5D,100,1234,ILO/WANG_XIAO_LIN-0/before,2.401547226288008,6.225273341181436,140.0670621950337,26.352939058266113,True
V5.2,X5D,100,1234,ILO/XIE_ZHI_FU-0/after,1.088335176386228,3.166523011437513,22.61334306094672,3.6810082314456305,False
V5.2,X5D,100,1234,ILO/XIE_ZHI_FU-0/before,1.0246942711052278,2.912785300882459,23.479895680972408,4.233339230204745,True
V5.2,X5D,100,1234,ILO/ZHANG_JIN_CHUN-1/after,1.1640040257762807,2.9572296232957687,44.51030622254935,12.309026918965746,False
V5.2,X5D,100,1234,ILO/ZHANG_JIN_CHUN-1/before,2.3505839426034822,6.021284678046796,160.47203150440788,37.633257574460195,False
V5.2,X5D,100,1234,ILO/ZHANG_MAO_JIN-0/after,0.8357074917458067,1.9840147376467463,11.373815070138216,3.7680350449122115,False
V5.2,X5D,100,1234,ILO/ZHANG_MAO_JIN-0/before,1.455679049346894,3.9947743629441814,57.275210014920816,8.940662084209599,False
V5.2,X5D,100,1234,ILO/ZHANG_WAN_ZENG-1/after,1.9629158930217672,4.226823186221868,85.81271760208928,20.336474509663436,False
V5.2,X5D,100,1234,ILO/ZHANG_WAN_ZENG-1/before,3.261212530862508,7.569019393933783,255.0440746506557,69.62809656804441,False
V5.2,X5D,100,1234,ILO/ZHAO_CHANG_SHAN-0/after,1.773823267643236,4.611150478599526,68.75923456028728,17.54144024871701,False
V5.2,X5D,100,1234,ILO/ZHAO_CHANG_SHAN-0/before,4.999451484978558,10.634950593706868,370.99232595253847,113.0394155012556,True
V5.2,X5D,100,1234,AAA/ruputer/GAO_FENG_SHAN,0.7533401228071819,2.03753703851081,13.141723801014932,2.9384562193266075,True
V5.2,X5D,100,1234,AAA/ruputer/HUO_SHI_LIANG,1.4571405797550523,4.651739969935164,63.2318045148085,9.063363223242947,True
V5.2,X5D,100,1234,AAA/ruputer/LIN_LIANG_XIAO,1.4162717431372995,4.346704564328634,59.85686950834659,10.335213446079097,True
V5.2,X5D,100,1234,AAA/ruputer/WANG_FU_SHUN,2.129328863684683,5.025010594293936,94.8502233907485,20.55976194019878,False
V5.2,X5D,100,1234,AAA/ruputer/XIE_JIN_QUAN,1.170435247365853,3.4684101126546927,42.1810359391909,6.8209131128622476,True
V5.2,X5D,100,1234,AAA/ruputer/ZOU_LI_SHUN,1.2037135378595503,6.0598059119967145,63.38064566805187,3.9636294848732545,True
V5.2,X5D,100,1234,AAA/unruputer/CAO_DIAN_HE,0.41417442013821293,1.4151923203853616,5.452815159976291,1.0593770900035273,False
V5.2,X5D,100,1234,AAA/unruputer/HAN_JIAN_FU,0.6867739675954634,2.624829909413056,14.005638485301713,1.5071914068750711,True
V5.2,X5D,100,1234,AAA/unruputer/LIU_CHENG_ZHANG,0.7231423892341473,2.9926854177547035,21.174288948865577,2.1410328713197955,True
V5.2,X5D,100,1234,AAA/unruputer/LIU_KANG_WEN,0.9236849347114531,4.812939273747851,48.3982414101119,2.4575674261643754,False
V5.2,X5D,100,1234,AAA/unruputer/YANG_BEN_RUI,0.3622165744934188,1.6594835742166325,5.384164159342528,0.4402941947683715,True
V5.2,X5D,100,1234,AAA/unruputer/ZHANG_YONG_ZHI,3.014427743103046,7.297355275904969,205.98219187481664,46.79548526483841,False
V5.2,X5D,100,1234,AG/fast/LIU_FENG_MING,1.1604742644701733,4.7472446503834105,52.492849158687676,5.223211169646615,True
V5.2,X5D,100,1234,AG/fast/RAN_QING_BO,0.8727446322777968,4.1305700593143735,56.72770084868055,4.066512057514404,False
V5.2,X5D,100,1234,AG/fast/WANG_DAO_CHUN,2.533309955783528,8.460594571147846,178.94256783849704,26.27113795882062,True
V5.2,X5D,100,1234,AG/fast/ZHANG_HAO,1.2636046080471912,4.570449326298646,43.3107942839982,4.647756262174644,True
V5.2,X5D,100,1234,AG/fast/ZHANG_XIU_ZHEN,0.6381288359913336,2.8417692070729768,14.498496143402052,1.3621504827056603,True
V5.2,X5D,100,1234,AG/slow/LIU_JIN_LIANG,1.0720466234610673,5.2820480410124695,48.14996544690595,3.28634337089767,True
V5.2,X5D,100,1234,AG/slow/LV_FU_LONG,1.113090793481633,4.386930804130545,48.83742513304365,5.308560326291199,True
V5.2,X5D,100,1234,AG/slow/SUN_ZONG_GE,3.3942208787509736,8.27749472373084,209.91724743620927,50.42591089916337,True
V5.2,X5D,100,1234,AG/slow/WANG_DENG_FENG,2.377915747851179,6.4421648234595095,100.02339887144286,21.380320127850947,False
V5.2,X5D,100,1234,AG/slow/WANG_GUANG_CHAO,1.2779394984764576,4.614445391663087,39.80053643021218,5.093861121642118,True
V5.2,X5D,100,1234,AG/slow/WANG_YAN_LING,0.9388658989183281,4.494127975271114,30.36056416694121,2.023519462481821,True
V5.2,X5D,100,1234,AG/slow/XU_YI_CAI,0.5208064660875285,2.410303175785394,10.347809986080422,0.8134079286632151,True
V5.2,X5D,100,1234,AG/slow/ZANG_YU_SHU,0.4149054600217728,2.1634077010875474,7.53152965337858,0.49694504144105767,True
V5.2,X5D,100,1234,AG/slow/ZHANG_JING_SHUN,1.0048006371341989,3.363546346055187,23.74456773588907,4.295932522168823,True
V5.2,X5D,100,1234,AG/slow/ZHANG_QING_SHUI,1.7050202631761955,5.676999896579578,72.96072033856338,10.250570887815961,True
V5.2,X5D,100,1234,AG/slow/ZHANG_WEI_XIAN,1.9423591278996402,6.510907860837576,75.05890052444808,9.142502144658819,False
V5.2,X5D,100,1234,AG/slow/ZHAO_XIU_XUAN,0.8469969197289252,4.092126711668704,30.88023410957455,2.273954840804272,False
V5.2,X5D,100,1234,ILO/AN_GUANG_JIE-0/after,1.6386141712643094,5.284293944837935,63.139728400246405,8.505667408397754,False
V5.2,X5D,100,1234,ILO/AN_GUANG_JIE-0/before,0.851478041210001,3.574409216133782,25.039956437404225,2.596442721478227,True
V5.2,X5D,100,1234,ILO/BAO_EN_YUN-0/after,0.9100957700388079,2.6791721537448088,25.764479809023708,6.618790901573792,False
V5.2,X5D,100,1234,ILO/BAO_EN_YUN-0/before,1.2470207123388664,3.7908708777658124,43.06386448880109,7.646257274832826,True
V5.2,X5D,100,1234,ILO/DONG_JIA_JU-1/after,0.6375311421101715,2.498697041169414,14.585995823724014,1.7249357202647644,False
V5.2,X5D,100,1234,ILO/DONG_JIA_JU-1/before,0.8047152370957004,3.059519791485799,25.60886958214418,3.083258292232769,False
V5.2,X5D,100,1234,ILO/GONG_HAI_ZENG-1/after,1.2659316828768543,3.4626317396732005,33.71630887633731,7.6437945160999226,False
V5.2,X5D,100,1234,ILO/GONG_HAI_ZENG-1/before,2.153805359041433,5.495845351343775,107.16027555862578,23.851687204592743,True
V5.2,X5D,100,1234,ILO/GUO_QING_SHAN-0/after,1.2537673742623985,4.145374252872808,49.62588769878865,7.674450757395111,False
V5.2,X5D,100,1234,ILO/GUO_QING_SHAN-0/before,1.4635013268449777,5.0348014077575565,53.9909917213027,7.723706419667855,True
V5.2,X5D,100,1234,ILO/GUO_YU_SHU-0/after,0.8281702379329651,2.534641043685534,16.586700480741822,2.85631931333493,False
V5.2,X5D,100,1234,ILO/GUO_YU_SHU-0/before,1.6123020121484297,4.920912603556298,63.86524185105455,9.20179384019061,True
V5.2,X5D,100,1234,ILO/LI_FA_XIANG-1/after,0.9740609315521186,3.02574100857652,40.3007060545401,8.554515063185432,False
V5.2,X5D,100,1234,ILO/LI_SHENG_WEN-0/after,0.9041408093373935,3.1308673846422037,23.95820278080455,2.9065938437333503,False
V5.2,X5D,100,1234,ILO/LI_SHENG_WEN-0/before,1.3480572897715137,3.9642292537872144,41.65832073530187,7.060692703360595,True
V5.2,X5D,100,1234,ILO/YANG_WANG_QI-1/after,0.9135558472700468,3.0532699735222706,35.36673218870121,5.84528659903449,False
V5.2,X5D,100,1234,ILO/YANG_WANG_QI-1/before,2.1486685999489907,6.949511004651124,236.55005645293733,39.44523134152703,True
V5.2,X5D,100,1234,ILO/YANG_WEN_TAI-0/after,0.7261424447887806,1.7704143949214601,8.543490936613143,3.919515909432364,False
V5.2,X5D,100,1234,ILO/YANG_WEN_TAI-0/before,0.7808112444809091,2.459337813844964,18.891124914337894,3.35051122303168,False
V5.2,X5D,100,1234,ILO/ZHANG_HE_PING-0/after,0.8810655377872699,3.248198838208183,23.246963780778973,2.7409997802950885,False
V5.2,X5D,100,1234,ILO/ZHANG_HE_PING-0/before,0.6866825226097931,2.760201453131012,16.174038989825313,1.7770174571438093,False
V5.2,X5D,100,1234,AAA/ruputer/FENG_LI_XIN,0.7005233671564551,2.1214083458199364,10.639963499911126,1.571389589256743,True
V5.2,X5D,100,1234,AAA/ruputer/KANG_YONG,0.43596168438920363,1.7751382182199138,5.007907687124787,0.4099566085738717,False
V5.2,X5D,100,1234,AAA/ruputer/LI_LAO_PING,2.1542296294374648,5.698746129854421,74.16615406801773,14.20133038636717,True
V5.2,X5D,100,1234,AAA/ruputer/LI_ZHEN_HUA,1.1488756147556234,6.017556926644632,76.02240044405565,4.044124992315265,False
V5.2,X5D,100,1234,AAA/ruputer/ZHOU_KE_XUN,1.51604190170859,4.231635547564854,112.03595932659032,21.14238536172724,True
V5.2,X5D,100,1234,AAA/unruputer/CAO_HONG_TAI,0.35858301524951797,1.3268745460453764,5.446184193094293,0.715300438760882,True
V5.2,X5D,100,1234,AAA/unruputer/GUO_BAO_CHUN,0.35731154044802144,0.791344581372004,1.7750657781297383,0.644341922748134,True
V5.2,X5D,100,1234,AAA/unruputer/GUO_YU_YING,0.6620877456759733,2.2257789311635006,13.722407285033665,1.723049035712108,False
V5.2,X5D,100,1234,AAA/unruputer/SUN_SHU_MING,0.3706294172515889,1.4502544028699191,3.712576770708284,0.4140562572319922,False
V5.2,X5D,100,1234,AAA/unruputer/WANG_MAN_TIAN,1.8764932465186641,3.96226842433368,93.19822515434568,24.964115103068647,False
V5.2,X5D,100,1234,AAA/unruputer/ZHANG_ZHI_HUA,1.652462048587709,5.356977427001179,74.70460548786076,12.592486235309993,True
V5.2,X5D,100,1234,AAA/unruputer/ZHOU_XI_SHENG,1.4753051835827968,5.9103360739839195,79.42266806055865,7.480198434516251,True
V5.2,X5D,100,1234,AG/fast/CHEN_SHI_MING,1.3340774771781758,3.763268905005029,29.537482295285525,7.061301191513485,True
V5.2,X5D,100,1234,AG/fast/FAN_JIAN_MING,0.7366329731764865,3.0114672229786277,17.380932045890756,1.6252339545587835,False
V5.2,X5D,100,1234,AG/fast/LI_SHI_QIANG,1.2351837549415856,4.504941744560597,35.540369220249886,4.312569649538045,True
V5.2,X5D,100,1234,AG/fast/LI_ZHI_LIN,2.0545611993499566,6.201418541294914,110.31807732495815,19.74351657305277,True
V5.2,X5D,100,1234,AG/fast/WANG_YONG_FAN,1.1415828140859061,4.292869950059317,38.74525256468006,4.562817767212896,True
V5.2,X5D,100,1234,AG/slow/CHENG_LU_LI,0.7569729291640361,4.0763082863222575,30.83012060236573,1.6281484815324465,True
V5.2,X5D,100,1234,AG/slow/CHEN_JING_RU,0.8358076016193662,4.145240299818683,26.843166750835497,1.976802733087631,False
V5.2,X5D,100,1234,AG/slow/GUAN_TONG_XIANG,0.5960430059679008,2.372475772984785,14.114260557541792,1.5974730112360858,True
V5.2,X5D,100,1234,AG/slow/LIU_ZONG_YANG,2.6166360039190217,8.097104993927964,188.52902432586149,29.674794953183767,True
V5.2,X5D,100,1234,AG/slow/LI_BING_YI,1.4586033024286875,5.429423354828019,55.497318923053875,5.850105250467586,True
V5.2,X5D,100,1234,AG/slow/MA_YU,1.2150657926128916,3.978000399532755,32.911993323407664,3.8252874775680223,False
V5.2,X5D,100,1234,AG/slow/QIN_SI_FU,1.4710544965971033,5.930709869305175,70.199285467931,5.851296001614614,True
V5.2,X5D,100,1234,AG/slow/SUN_WEN_QING,0.602866849307713,2.6890980069391297,10.310263003762016,0.7486437323577627,False
V5.2,X5D,100,1234,AG/slow/WANG_BAO_SHAN,0.7782368320105054,3.9499355467516386,34.293253101408034,2.407510406380335,False
V5.2,X5D,100,1234,AG/slow/WANG_GUI,0.7847225872413496,3.6827013809898084,26.473705765694493,2.3942869138208627,True
V5.2,X5D,100,1234,AG/slow/WANG_YONG_LI,0.5859171924260669,2.7185023194494624,12.983189016324376,0.9596104321800439,True
V5.2,X5D,100,1234,AG/slow/YIN_YU_RONG,1.2080098590718746,5.061505312436657,37.467388774416754,3.9138111309909003,True
V5.2,X5D,100,1234,ILO/PAN_YIN_GEN-1/after,0.9431738279372898,3.7577721395917676,29.30514383125958,2.9019664446929827,False
V5.2,X5D,100,1234,ILO/PAN_YIN_GEN-1/before,0.8040808195205797,3.1754716950917135,23.56519968355469,2.2738896096815004,True
V5.2,X5D,100,1234,ILO/SUN_XU_XIA-1/after,2.1389868450181924,6.0409287876205475,202.71504838860014,36.98055801314372,False
V5.2,X5D,100,1234,ILO/SUN_XU_XIA-1/before,4.574042275337484,12.19183318939318,489.43694050297023,107.4606675256444,False
V5.2,X5D,100,1234,ILO/SUN_YU_SHENG-0/after,0.7116136053763163,2.5615405184114186,14.503342029265115,1.6705845003756887,False
V5.2,X5D,100,1234,ILO/SUN_YU_SHENG-0/before,0.8870178793208128,2.973660792979511,19.492324655687064,2.6678726806642996,True
V5.2,X5D,100,1234,ILO/WANG_LI_MIN-0/after,0.5195638941277396,1.8899178048719347,6.01317906664685,0.7974888520926394,False
V5.2,X5D,100,1234,ILO/WANG_LI_MIN-0/before,0.6349216501077426,2.0825364964329203,8.124975856650941,1.196917108503906,False
V5.2,X5D,100,1234,ILO/WENG_ZHAO_GUANG-0/after,0.7135326927738669,2.1499257333703476,11.283341028794325,2.1053714988915466,False
V5.2,X5D,100,1234,ILO/WENG_ZHAO_GUANG-0/before,0.706785406844467,2.558593384319974,12.700710601515064,1.6978283838821553,True
V5.2,X5D,100,1234,ILO/WU_JUN-0/after,0.7972796836067308,2.3610275694316676,10.037184983478785,1.7298112777649326,False
V5.2,X5D,100,1234,ILO/WU_JUN-0/before,0.547779272164579,2.3711870852346104,9.729965067863155,0.91745926777505,True
V5.2,X5D,100,1234,ILO/XUE_YOU_TANG-0/before,4.386942883910986,10.843782753562573,432.40077540533184,127.35390089591318,False
V5.2,X5D,100,1234,ILO/YANG_YU_QING-1/after,1.4367992090364057,4.4833083323144844,64.31529685133866,10.660517138540063,False
V5.2,X5D,100,1234,ILO/YANG_YU_QING-1/before,2.435682254774681,6.9830689361632245,191.45682824942702,38.64647703557694,True
V5.2,X5D,100,1234,ILO/ZHANG_JIAN_JUN-1/after,0.41103688017534135,1.7847243888383113,7.467814326386552,0.6143301088310964,False
V5.2,X5D,100,1234,ILO/ZHANG_JIAN_JUN-1/before,0.6182574891784587,2.589568926648138,16.747527354595082,1.6317298703904104,True
V5.2,X5D,100,1234,ILO/ZHANG_YAN_SHAN-0/after,1.073791787641635,4.138333420895427,53.06518058389276,5.4355219554183725,False
V5.2,X5D,100,1234,ILO/ZHANG_YAN_SHAN-0/before,2.1505272543039036,7.074490468879482,137.40443750805886,16.43461173613781,True
V5.2,X5D,100,1234,ILO/ZHAO_JIAN_PING-0/after,1.6650108664426895,4.24500925845931,73.468680408269,17.796456345741273,False
V5.2,X5D,100,1234,ILO/ZHAO_JIAN_PING-0/before,1.824001905474165,6.108795577952538,123.13669893072286,18.42059883456642,False
V5.2,X5D,100,1234,AAA/ruputer/DING_JUN_FENG,4.063956278013455,10.46771931328709,369.6206388814588,75.40766990177427,True
V5.2,X5D,100,1234,AAA/ruputer/LI_BING_JIANG,0.758207590771166,2.1451482001058615,18.743676688597077,3.293470458849377,True
V5.2,X5D,100,1234,AAA/ruputer/MA_XIAO_DONG,1.7687676665210164,5.480759544001788,68.11581806635034,11.330517933277308,True
V5.2,X5D,100,1234,AAA/ruputer/MENG_GUANG_QIN,2.4076993479477733,4.601930127497023,92.18364679148645,37.13182191829102,True
V5.2,X5D,100,1234,AAA/ruputer/WANG_KUI_WU,2.314714681358265,7.086179031012907,165.94411219895807,25.777048731713354,True
V5.2,X5D,100,1234,AAA/unruputer/CHEN_FU_YE,1.6268681838845922,5.9595728719438075,111.05884186068224,11.759439591070345,True
V5.2,X5D,100,1234,AAA/unruputer/CHEN_SHU_LIN,1.2791589826755412,2.8834434297185005,24.578362017968786,8.612599419354364,True
V5.2,X5D,100,1234,AAA/unruputer/FENG_ZHI_YING,2.054189135304677,5.83444409487982,131.60942587783873,29.258948994617615,True
V5.2,X5D,100,1234,AAA/unruputer/MA_JIN_HE,1.3957036178148223,3.7143120362268687,72.65855986671251,20.865515910300438,False
V5.2,X5D,100,1234,AAA/unruputer/QIAO_XIU_YUN,1.0184444742858565,3.6905139489330185,28.69365497684893,3.3097135634177834,True
V5.2,X5D,100,1234,AAA/unruputer/YAN_FU_TANG,2.0750306585917095,6.450001187196827,152.42342869485313,27.742011560332795,True
V5.2,X5D,100,1234,AAA/unruputer/ZHANG_GUI_HUA,0.6295601144821511,2.789698018856946,15.895906928278727,1.3112223916381114,False
V5.2,X5D,100,1234,AG/fast/LI_SHU_KUN,1.2384099344820516,5.714728753147314,51.50729605947091,4.168699841299541,True
V5.2,X5D,100,1234,AG/fast/LI_ZHEN_SHAN,0.9372030049635238,3.3918277628145326,19.937918094855608,2.453381264502688,True
V5.2,X5D,100,1234,AG/fast/YAO_CUN_HONG,1.693042877038808,7.475862533522821,104.36396915450877,8.60521771007976,False
V5.2,X5D,100,1234,AG/fast/ZHANG_CHUN,2.6847516425125457,8.133334796129043,183.97757033176913,34.789385923714576,False
V5.2,X5D,100,1234,AG/fast/ZHANG_QING_WANG,1.0028428305925117,5.330500605071768,58.23008502798455,3.116236840625401,True
V5.2,X5D,100,1234,AG/slow/HE_SHU_ZHEN,1.1181861610408232,4.458812784020269,33.03277648922501,3.216805594067753,False
V5.2,X5D,100,1234,AG/slow/LIU_FA_CHUN,2.728837597781775,9.713993074380417,198.1678501062539,22.4999233823716,True
V5.2,X5D,100,1234,AG/slow/LIU_FENG,1.6470428766093617,6.82821389001529,97.60726195346815,9.649474781861542,True
V5.2,X5D,100,1234,AG/slow/LI_CHONG_ZENG,1.4669655005630524,6.817950020326822,72.85597879412683,4.789024189633836,True
V5.2,X5D,100,1234,AG/slow/MA_TIAN_YI,3.925717643753788,13.211622550285794,407.496020237698,55.22919894683889,False
V5.2,X5D,100,1234,AG/slow/NIE_QUAN_ZHONG,2.2977029721682976,6.971520014835111,103.76248565644599,21.102826765613365,False
V5.2,X5D,100,1234,AG/slow/NI_YAN_BIN,2.553290421867663,7.63272153181254,142.80529321904206,26.752163073596677,True
V5.2,X5D,100,1234,AG/slow/SHEN_ZHI_GANG,1.7212855675396923,6.275638368398758,118.21090278225475,14.3677979361749,True
V5.2,X5D,100,1234,AG/slow/WU_FENG_YAN,0.7966817488116188,4.103783392941793,29.427837706032058,2.1988619531612463,True
V5.2,X5D,100,1234,AG/slow/ZHANG_JUN_HUA,1.9951609862156274,8.284258398127253,126.08610221141163,11.056285685759129,True
V5.2,X5D,100,1234,AG/slow/ZHANG_QUAN_YOU,1.2903463424446662,5.718389573404115,55.856207113619064,5.99856975179863,True
V5.2,X5D,100,1234,AG/slow/ZHANG_SONG_TIAN,0.7858544630906708,3.4186589025841823,18.215220989652536,1.5081224406631326,True
V5.2,X5D,100,1234,ILO/CUI_WEI_PING-0/after,0.6648624175068708,2.5333275486678817,13.413685104121395,1.4828029913865004,False
V5.2,X5D,100,1234,ILO/CUI_WEI_PING-0/before,1.0508883834556098,3.724526213465441,27.383086315986276,3.8358325148200816,True
V5.2,X5D,100,1234,ILO/GENG_CHUN_LAI-1/after,0.9044703293924551,3.329710513063734,27.33138646294412,3.1932635909360356,False
V5.2,X5D,100,1234,ILO/GENG_CHUN_LAI-1/before,1.5756379338093087,6.0069542876195525,74.50176786109033,7.6509051413738085,True
V5.2,X5D,100,1234,ILO/LIN_CHUN_YANG-1/after,0.5878674382598044,2.054718295628981,8.824292315823762,1.0594306545313794,False
V5.2,X5D,100,1234,ILO/LIN_CHUN_YANG-1/before,1.8910502005801544,4.898840521998173,72.13591141169327,16.666592305851765,True
V5.2,X5D,100,1234,ILO/LI_YOU_ZHI-0/after,0.3778556815776296,1.3131424496530564,3.293284662493258,0.3998605573173688,False
V5.2,X5D,100,1234,ILO/LI_YOU_ZHI-0/before,0.44011260266207025,1.7785040868983089,7.680918459801692,0.9221747193209748,False
V5.2,X5D,100,1234,ILO/LI_YU_GANG-0/after,0.799852692589781,2.281300062447903,16.053841053293848,2.9340185089740793,False
V5.2,X5D,100,1234,ILO/LI_YU_GANG-0/before,0.627912785040827,2.0798349732553363,14.1808770339175,2.4777446345246497,False
V5.2,X5D,100,1234,ILO/WANG_CAI-0/after,1.2285782136042074,3.3590240657345696,65.56565282471435,11.879677169344438,False
V5.2,X5D,100,1234,ILO/WANG_JIN_MING-0/after,0.7812428828099448,2.8687006418388257,16.503180223537605,2.2089467327901096,False
V5.2,X5D,100,1234,ILO/WANG_JIN_MING-0/before,6.174538144840883,10.391614904611252,551.0038375183153,250.67336846849776,True
V5.2,X5D,100,1234,ILO/WANG_SHU_SHENG-0/after,1.5836009081339764,4.390982756019013,56.116555041913045,10.39757174065744,False
V5.2,X5D,100,1234,ILO/WANG_SHU_SHENG-0/before,1.3899544169126823,4.365596433389344,46.55317194070791,7.727720735730902,True
V5.2,X5D,100,1234,ILO/WEI_QING_FENG-1/after,1.0926227614394266,3.2154691711418857,29.339164099540646,5.391044776773251,False
V5.2,X5D,100,1234,ILO/WEI_QING_FENG-1/before,1.7101401267640761,5.69546056440348,76.05877327565295,10.361836406550545,False
V5.2,X5D,100,1234,ILO/YANG_QING_REN-1/before,2.7433036457945126,8.243361365755417,205.81716588835636,32.22013922340269,False
V5.2,X5D,100,1234,ILO/ZHANG_YONG_SHENG-0/after,0.42933031384907416,1.8194063291927332,6.282024914192741,0.5175527620277967,False
V5.2,X5D,100,1234,ILO/ZHANG_YONG_SHENG-0/before,0.7354995747560079,2.3390057957495074,11.934721516415857,2.3611886933745687,False
V5.2,X5D,100,7,AAA/ruputer/CHEN_FU,0.7703254544672968,2.99183350643142,21.016149240434114,2.092205310654593,False
V5.2,X5D,100,7,AAA/ruputer/LIU_JI_XIN,1.376170124880315,4.434655915377273,60.774899061445616,8.226633784819697,True
V5.2,X5D,100,7,AAA/ruputer/LV_GUO_YOU,1.181592361290187,4.870842197652798,50.97794070749169,4.84529677712168,False
V5.2,X5D,100,7,AAA/ruputer/SU_KAI_LI,0.49115638411048623,1.8727082931047392,20.905363189042077,1.9823690954213409,False
V5.2,X5D,100,7,AAA/ruputer/TONG_XUE_LIAN,0.4555353590336162,1.7138957194930158,7.8414343044748405,0.7468078983409955,True
V5.2,X5D,100,7,AAA/ruputer/YU_TIAN_HAI,1.7750726248583582,5.806504572459942,76.00426850741304,10.65772600024489,False
V5.2,X5D,100,7,AAA/unruputer/GAO_WEI_LI,0.765314804814417,2.8441599013012886,19.215496876910642,2.1857129076595014,True
V5.2,X5D,100,7,AAA/unruputer/LIN_JIAN_RONG,2.816628432695589,8.047568441788673,211.65327367041573,36.29168129149224,True
V5.2,X5D,100,7,AAA/unruputer/LI_YOU_YU,0.6642787991305508,2.16490312501305,13.123072020828841,1.8801371878516564,True
V5.2,X5D,100,7,AAA/unruputer/SHEN_CHUN_WANG,0.9688090060956106,3.86801851003588,28.108562755089046,2.9075999133859427,True
V5.2,X5D,100,7,AAA/unruputer/ZHANG_XUN_LIAN,0.46656232423703425,1.6350088741029847,7.232666070830891,1.2467863120144134,True
V5.2,X5D,100,7,AAA/unruputer/ZHU_ZI_HAI,0.5488390933359936,3.067920899520899,18.957089595100175,0.9470852854225856,True
V5.2,X5D,100,7,AG/fast/HAN_JIAN_JUN,0.6710851445575958,3.1003336947623468,21.668393765498728,1.6438884481727785,True
V5.2,X5D,100,7,AG/fast/LIU_JUN_FENG,0.4931080318086552,2.4229270611653195,11.301038868882843,1.9841139892641861,True
V5.2,X5D,100,7,AG/fast/LIU_LI_QUN,0.8577222892913973,3.8525098627103835,23.48888038368749,1.8259787601465876,True
V5.2,X5D,100,7,AG/fast/LOU_YANG,0.8706813063363749,5.333864687945243,50.84754696155906,2.140124650118307,False
V5.2,X5D,100,7,AG/fast/WANG_CHUN_MING,1.1244976850154338,4.9020424085490015,41.244201735425975,3.7053770695571937,True
V5.2,X5D,100,7,AG/slow/A_MIN_SE_HA_CHI,0.8548073489155222,3.485531646181169,31.818232734627504,4.870761501478979,True
V5.2,X5D,100,7,AG/slow/CAO_FENG_CHI,1.4527495438773916,6.170672043043534,62.448615615359834,5.244226872840585,True
V5.2,X5D,100,7,AG/slow/GONG_HUI_XIA,0.42861654829026574,2.9383464063472715,12.964783250734289,0.37422501760888555,True
V5.2,X5D,100,7,AG/slow/GUO_XI_JIANG,1.0741513636040936,5.341587085601477,61.74578925883366,4.210253767512022,False
V5.2,X5D,100,7,AG/slow/KANG_XI_MING,2.0569795292651762,7.361003600886599,99.33919404120445,14.78119409588881,True
V5.2,X5D,100,7,AG/slow/LIN_SHU_TIAN,1.6993148948383667,6.840133490265334,88.18127988739904,7.308541753750848,False
V5.2,X5D,100,7,AG/slow/LI_GUI_YING,2.9772815512432063,8.854308039004852,183.44296184487115,32.19877000404726,True
V5.2,X5D,100,7,AG/slow/LI_HUAN_GE,2.2189602594373756,7.342901174416122,105.37836075454415,12.65693411039114,False
V5.2,X5D,100,7,AG/slow/TE_JIN_WANG,1.375567515694444,5.2867208243257995,58.50123043638264,7.0553081316084825,False
V5.2,X5D,100,7,AG/slow/WEI_JUN_WEN,0.45182394300084405,2.627213772097452,11.02589383821926,0.6069001040855483,False
V5.2,X5D,100,7,AG/slow/WU_YI_FA,1.2701605173785484,5.848954401789787,58.426270723046834,4.380407900884762,True
V5.2,X5D,100,7,AG/slow/ZHANG_LING_GUANG,0.860117823391875,3.6587347315638334,26.676955102557784,2.6058700554170544,True
V5.2,X5D,100,7,ILO/DONG_KE_QIN-0/after,0.7401249324460778,2.2924201356066702,13.493121945049692,2.1703730905228737,False
V5.2,X5D,100,7,ILO/DONG_KE_QIN-0/before,0.6042657982052937,2.09535600187973,11.783519875638483,1.8025716553828135,False
V5.2,X5D,100,7,ILO/HOU_SHI_GUO-0/after,0.732577237700468,2.8271915914788943,19.773817142225337,2.13197341077213,False
V5.2,X5D,100,7,ILO/HOU_SHI_GUO-0/before,2.279138376267441,7.21830848347467,160.7798164290837,24.14893831855094,True
V5.2,X5D,100,7,ILO/LIU_BAO_JUN-0/after,1.249598793832256,2.950701830011388,52.796010512172614,17.814788011455615,False
V5.2,X5D,100,7,ILO/LIU_BAO_JUN-0/before,0.6260130490880573,1.9002290286139563,10.055864784345745,1.6775240127827058,True
V5.2,X5D,100,7,ILO/LIU_LIAN_YOU-0/after,0.8741467645365898,2.8912675670464987,19.89085544624444,3.5974476751525786,False
V5.2,X5D,100,7,ILO/LIU_LIAN_YOU-0/before,1.5178043824947567,3.340464523888479,34.75574044868209,10.662534543626021,True
V5.2,X5D,100,7,ILO/LIU_YUE_DONG-0/after,0.8913572671633798,2.782403065948192,17.633983071271068,2.758372503082275,False
V5.2,X5D,100,7,ILO/LIU_YUE_DONG-0/before,0.7941786905958853,3.3081279320603265,20.194020602630463,2.540098725726498,True
V5.2,X5D,100,7,ILO/LI_BO_JUN-1/after,0.8577452029305062,2.5600062960397714,17.980769746688605,3.249139480767199,False
V5.2,X5D,100,7,ILO/LI_BO_JUN-1/before,1.5985385389866156,4.509235974816815,78.9411697329769,15.602633581861758,False
V5.2,X5D,100,7,ILO/SHEN_CHUN_WANG-0/after,0.6643355013408472,2.3141913050137086,11.665328781523698,1.440506973041349,False
V5.2,X5D,100,7,ILO/SHEN_CHUN_WANG-0/before,1.094389863891263,3.630439152871617,29.27657215367769,4.088716524103912,False
V5.2,X5D,100,7,ILO/SUN_DONG_XIN-0/after,0.579160830229696,2.5035548053526595,12.472073643573172,0.9570878448828702,False
V5.2,X5D,100,7,ILO/SUN_DONG_XIN-0/before,0.5473041469153314,2.4919734390281945,13.807935033292738,1.446688332268774,False
V5.2,X5D,100,7,ILO/WAGN_LI_JUN-1/after,0.7313221104797839,2.2155448703384417,14.09729748172141,2.434939186712011,False
V5.2,X5D,100,7,ILO/WAGN_LI_JUN-1/before,1.2595457878308747,4.190104407364758,66.05751416472077,8.825138977819327,True
V5.2,X5D,100,7,ILO/WANG_TIAN_QING-1/after,0.6288687805709376,2.5004722088218103,14.517951727026697,1.5503279465592539,False
V5.2,X5D,100,7,ILO/WANG_TIAN_QING-1/before,1.2014848789172545,3.5691361282528224,63.34332745843718,10.401147838475138,True
V5.2,X5D,100,7,ILO/XIONG_DONG_SUO-0/after,1.1364905556111229,3.448601313712777,61.49097180996401,13.16712090942617,False
V5.2,X5D,100,7,ILO/XIONG_DONG_SUO-0/before,0.6630870370203638,2.3249787159282818,19.58255089367013,2.7162052736605657,False
V5.2,X5D,100,7,ILO/YAO_GUO_CHEN-0/after,0.7621230503507329,3.4465237984163473,29.026153609013093,2.308153270459694,False
V5.2,X5D,100,7,ILO/YAO_GUO_CHEN-0/before,1.9612774876559855,5.287628099523142,93.92314863020482,24.364684955437994,True
V5.2,X5D,100,7,ILO/YU_XIANG_SHENG-1/after,1.1204480342927314,3.583468776689441,31.427174097325857,3.577324756797218,False
V5.2,X5D,100,7,ILO/YU_XIANG_SHENG-1/before,1.0630882964186363,4.283221739526996,42.98376432031388,4.499708059048156,False
V5.2,X5D,100,7,AAA/ruputer/GUO_AI_JUN,2.3564923608266315,7.449840996752351,166.43543881394314,21.20337152418465,True
V5.2,X5D,100,7,AAA/ruputer/LIU_YONG_LAN,0.6878981002577027,2.154298328684825,17.986341321231702,2.7706396928909878,True
V5.2,X5D,100,7,AAA/ruputer/WANG_AN,1.6082912557015299,4.367029000448692,92.9718956359118,23.428080036637493,True
V5.2,X5D,100,7,AAA/ruputer/WU_GUANG_CUN,2.4924429991707213,6.954084807370937,257.72455967097324,47.470714659812174,True
V5.2,X5D,100,7,AAA/ruputer/ZHANG_MAO_JIN,0.8379105555646501,2.6295907298072283,15.947729599849643,2.1203403958612324,True
V5.2,X5D,100,7,AAA/ruputer/ZUO_DAO_SHENG,0.8923351570051619,2.9315329954068625,38.9033055049693,6.275662362673092,True
V5.2,X5D,100,7,AAA/unruputer/CHEN_LIANG_FU,0.581402789780577,2.010021235052449,11.856954581775907,1.3945199591620863,True
V5.2,X5D,100,7,AAA/unruputer/GAO_DIAN_WEN,0.6246926969386879,3.1348542477559045,20.424033212702113,1.4659023013551804,False
V5.2,X5D,100,7,AAA/unruputer/LIU_JIE,1.5706866316823713,4.969619492379978,77.57118486459343,12.056832425628452,True
V5.2,X5D,100,7,AAA/unruputer/LIU_LI_FENG,0.895704452988462,3.353359137332773,44.25403522800125,4.91039213440155,True
V5.2,X5D,100,7,AAA/unruputer/LIU_XING_GUO,0.6136847854107411,3.2585904048475873,20.461996235860447,1.0524398155409727,True
V5.2,X5D,100,7,AAA/unruputer/SHEN_FANG_JIN,0.4645665448660041,1.640102195485246,7.393989904466414,1.0815101530720719,True
V5.2,X5D,100,7,AG/fast/LIU_YI_BING,0.7178512202634532,5.131292744577097,49.93639551925239,1.6951820884378759,True
V5.2,X5D,100,7,AG/fast/PENG_JI_MING,1.1547353455740537,4.26190413536515,37.41348052527692,4.4486723325207915,False
V5.2,X5D,100,7,AG/fast/SUN_ZHI_YU,0.5812269040302386,2.6229413039823064,11.020099765330107,0.866217833679962,False
V5.2,X5D,100,7,AG/fast/ZHANG_LIANG,0.6411628356381752,4.137625654752519,33.675306389227394,1.4036829038110643,False
V5.2,X5D,100,7,AG/fast/ZHANG_XIU_WEN,0.8520233863792004,3.655839880935059,22.58873316150414,2.053109536693364,True
V5.2,X5D,100,7,AG/slow/BAI_WEN_JIE,0.7944827401043117,3.8999293011770098,28.439857711811907,2.3423756370743147,False
V5.2,X5D,100,7,AG/slow/CHENG_GUANG_SEN,0.6166090125479191,3.0527146390463518,14.967695130403131,0.953847051629725,True
V5.2,X5D,100,7,AG/slow/DING_LIAN_ZHONG,1.0932799214717233,5.604275317227923,57.46990770676308,3.614121205404252,True
V5.2,X5D,100,7,AG/slow/LU_ZHEN_QING,1.5525852108004194,6.065024485873685,99.44994737875861,8.036447151880708,True
V5.2,X5D,100,7,AG/slow/MI_DE_XI,2.373210380270703,8.628868617291074,192.71693992666115,21.39294975650521,True
V5.2,X5D,100,7,AG/slow/QU_HE_PING,1.3796875151536745,5.2783702119799125,58.33651984700764,6.228223429476666,True
V5.2,X5D,100,7,AG/slow/WANG_KE,3.4169343020185172,10.655591211013716,203.72227608935495,29.958106837035963,True
V5.2,X5D,100,7,AG/slow/WEI_BAO_XING,0.7576553422430141,3.0376911397751063,23.15417497643126,2.8186073899802895,True
V5.2,X5D,100,7,AG/slow/XI_CHENG_JIANG,0.9701432075735129,4.303623430097886,29.276106225412153,2.559376413567127,True
V5.2,X5D,100,7,AG/slow/YANG_YOU_SHENG,0.8787642861470788,4.280526671285049,30.970811381146113,2.319346701412469,True
V5.2,X5D,100,7,AG/slow/ZHANG_HUAN_LI,1.2236497278274605,5.482447490466909,70.47119610415659,5.3521792539891075,False
V5.2,X5D,100,7,AG/slow/ZHANG_ZHI_JUN,1.376636390096443,5.888155859015022,58.88411848465769,4.780643804910121,True
V5.2,X5D,100,7,ILO/GAO_SHU_CAI-0/after,0.922614798625661,3.1604519232202413,29.17973401453175,4.058939955642571,False
V5.2,X5D,100,7,ILO/GAO_SHU_CAI-0/before,0.8459907631627255,2.4961900595200994,19.185343422204017,2.849109951718003,True
V5.2,X5D,100,7,ILO/GUO_AI_JUN-0/after,1.203846837486345,3.4818888653770035,54.130925715571166,9.623323872393845,False
V5.2,X5D,100,7,ILO/GUO_AI_JUN-0/before,1.0283195973920063,2.846687213573358,35.94437029412065,7.30231549729768,False
V5.2,X5D,100,7,ILO/LIU_CHUN_YANG-1/after,0.7270645359928537,2.5337530342159913,13.929782979045523,1.5789733717590853,False
V5.2,X5D,100,7,ILO/LIU_CHUN_YANG-1/before,1.3745297673343355,4.433851615983138,55.145839477988545,9.112634685669029,False
V5.2,X5D,100,7,ILO/LIU_YUN_ZHANG-0/after,0.7423094164920673,3.066511309301898,29.07481405646554,2.6409236517236008,False
V5.2,X5D,100,7,ILO/LIU_YUN_ZHANG-0/before,0.781453576189045,2.920038434976278,27.01822953326439,3.0514242391361868,False
V5.2,X5D,100,7,ILO/LU_FU_SHAN-0/after,0.7118828602014242,2.605072763946019,18.860392383846865,2.2821003476519626,False
V5.2,X5D,100,7,ILO/LU_FU_SHAN-0/before,1.2219406654856548,4.730034274601319,48.09283839184349,4.84968152277868,False
V5.2,X5D,100,7,ILO/LV_JIAN_HUA-0/after,0.8881908780999818,3.8727032073844523,33.106969354323205,3.242670886906167,False
V5.2,X5D,100,7,ILO/LV_JIAN_HUA-0/before,0.7481682441337376,2.847487177360422,18.19514423676456,1.6956862085033493,True
V5.2,X5D,100,7,ILO/SUN_CHUN_PU-0/after,0.9957646280804188,3.1520660201109085,25.5838664780902,4.116970825293057,False
V5.2,X5D,100,7,ILO/SUN_CHUN_PU-0/before,1.3697100840566634,4.088498696180674,46.108462846083654,7.910402927851702,False
V5.2,X5D,100,7,ILO/SUN_DE_QI-1/after,1.4100065566448623,3.9743662390367227,50.83284308938841,8.526822142422562,False
V5.2,X5D,100,7,ILO/SUN_DE_QI-1/before,1.399175485263394,4.056411270278355,51.232673347143674,8.3441128686701,True
V5.2,X5D,100,7,ILO/WANG_XIAO_LIN-0/after,0.7559449954752898,2.3515349657488125,15.962611012509246,3.001723058201094,False
V5.2,X5D,100,7,ILO/WANG_XIAO_LIN-0/before,2.2372005932416967,6.225273341181436,140.0670621950337,23.754247461602393,True
V5.2,X5D,100,7,ILO/XIE_ZHI_FU-0/after,1.1339079949505584,3.166523011437513,22.61334306094672,3.6410212189474973,False
V5.2,X5D,100,7,ILO/XIE_ZHI_FU-0/before,1.081061416986356,2.912785300882459,23.479895680972408,5.339077032809352,True
V5.2,X5D,100,7,ILO/ZHANG_JIN_CHUN-1/after,1.1769836669892515,2.9572296232957687,44.51030622254935,13.699569284991723,False
V5.2,X5D,100,7,ILO/ZHANG_JIN_CHUN-1/before,2.391751131949714,6.021284678046796,160.47203150440788,43.0892725816576,False
V5.2,X5D,100,7,ILO/ZHANG_MAO_JIN-0/after,0.8475705712826529,1.9840147376467463,11.373815070138216,3.9444031845386793,False
V5.2,X5D,100,7,ILO/ZHANG_MAO_JIN-0/before,1.4852721167571463,3.9947743629441814,57.275210014920816,9.382385153942831,False
V5.2,X5D,100,7,ILO/ZHANG_WAN_ZENG-1/after,2.0079251404840113,4.226823186221868,85.81271760208928,22.390143895526887,False
V5.2,X5D,100,7,ILO/ZHANG_WAN_ZENG-1/before,3.3952343207782776,7.569019393933783,255.0440746506557,77.23254719617917,False
V5.2,X5D,100,7,ILO/ZHAO_CHANG_SHAN-0/after,1.6726838421696912,4.611150478599526,68.75923456028728,14.409162483498866,False
V5.2,X5D,100,7,ILO/ZHAO_CHANG_SHAN-0/before,5.214135007231966,10.634950593706868,370.99232595253847,126.15232084694576,True
V5.2,X5D,100,7,AAA/ruputer/GAO_FENG_SHAN,0.8084105036453042,2.03753703851081,13.141723801014932,3.432876072021664,True
V5.2,X5D,100,7,AAA/ruputer/HUO_SHI_LIANG,1.3921283795341342,4.651739969935164,63.2318045148085,9.154043250289186,True
V5.2,X5D,100,7,AAA/ruputer/LIN_LIANG_XIAO,1.4000751390675874,4.346704564328634,59.85686950834659,8.919681158313061,True
V5.2,X5D,100,7,AAA/ruputer/WANG_FU_SHUN,2.105625153563926,5.025010594293936,94.8502233907485,20.461525654224644,False
V5.2,X5D,100,7,AAA/ruputer/XIE_JIN_QUAN,1.227199285592117,3.4684101126546927,42.1810359391909,7.890653475266609,True
V5.2,X5D,100,7,AAA/ruputer/ZOU_LI_SHUN,1.2623650038759073,6.0598059119967145,63.38064566805187,4.575233583361368,True
V5.2,X5D,100,7,AAA/unruputer/CAO_DIAN_HE,0.39869325711786946,1.4151923203853616,5.452815159976291,1.0030888768699442,False
V5.2,X5D,100,7,AAA/unruputer/HAN_JIAN_FU,0.623932799026546,2.624829909413056,14.005638485301713,1.2189155865029242,True
V5.2,X5D,100,7,AAA/unruputer/LIU_CHENG_ZHANG,0.7851323535998156,2.9926854177547035,21.174288948865577,2.3989728383112916,True
V5.2,X5D,100,7,AAA/unruputer/LIU_KANG_WEN,0.9446643627724317,4.812939273747851,48.3982414101119,2.474029653909209,False
V5.2,X5D,100,7,AAA/unruputer/YANG_BEN_RUI,0.39331058949485975,1.6594835742166325,5.384164159342528,0.5121257310937392,True
V5.2,X5D,100,7,AAA/unruputer/ZHANG_YONG_ZHI,2.988567318935482,7.297355275904969,205.98219187481664,47.669206141842906,False
V5.2,X5D,100,7,AG/fast/LIU_FENG_MING,1.0507744673919464,4.7472446503834105,52.492849158687676,4.327170974417686,True
V5.2,X5D,100,7,AG/fast/RAN_QING_BO,0.8871719646366845,4.1305700593143735,56.72770084868055,4.189175369870603,False
V5.2,X5D,100,7,AG/fast/WANG_DAO_CHUN,2.374618896300705,8.460594571147846,178.94256783849704,23.94866958136933,True
V5.2,X5D,100,7,AG/fast/ZHANG_HAO,1.370218175743206,4.570449326298646,43.3107942839982,5.745733379321764,True
V5.2,X5D,100,7,AG/fast/ZHANG_XIU_ZHEN,0.621849260796417,2.8417692070729768,14.498496143402052,1.3162250250103507,True
V5.2,X5D,100,7,AG/slow/LIU_JIN_LIANG,1.0957113768542033,5.2820480410124695,48.14996544690595,3.351101744235601,True
V5.2,X5D,100,7,AG/slow/LV_FU_LONG,1.0693415477273969,4.386930804130545,48.83742513304365,4.674661479359129,True
V5.2,X5D,100,7,AG/slow/SUN_ZONG_GE,3.6821656539010545,8.27749472373084,209.91724743620927,54.23935592842953,True
V5.2,X5D,100,7,AG/slow/WANG_DENG_FENG,2.4423599225252244,6.4421648234595095,100.02339887144286,23.437400104266345,False
V5.2,X5D,100,7,AG/slow/WANG_GUANG_CHAO,1.1973057289601725,4.614445391663087,39.80053643021218,4.584298557060835,True
V5.2,X5D,100,7,AG/slow/WANG_YAN_LING,0.8933724398201868,4.494127975271114,30.36056416694121,1.8464487746287084,True
V5.2,X5D,100,7,AG/slow/XU_YI_CAI,0.5258645798785015,2.410303175785394,10.347809986080422,0.832105357835729,True
V5.2,X5D,100,7,AG/slow/ZANG_YU_SHU,0.45343177102955223,2.1634077010875474,7.53152965337858,0.5840374015321078,True
V5.2,X5D,100,7,AG/slow/ZHANG_JING_SHUN,0.9730918618908264,3.363546346055187,23.74456773588907,4.003722076207072,True
V5.2,X5D,100,7,AG/slow/ZHANG_QING_SHUI,1.5917553597947647,5.676999896579578,72.96072033856338,8.217931940879023,True
V5.2,X5D,100,7,AG/slow/ZHANG_WEI_XIAN,1.8269851672862831,6.510907860837576,75.05890052444808,8.607063438489721,False
V5.2,X5D,100,7,AG/slow/ZHAO_XIU_XUAN,0.8443624991682978,4.092126711668704,30.88023410957455,2.130789405642462,False
V5.2,X5D,100,7,ILO/AN_GUANG_JIE-0/after,1.6357415327931824,5.284293944837935,63.139728400246405,8.885521044365232,False
V5.2,X5D,100,7,ILO/AN_GUANG_JIE-0/before,0.8634095090840618,3.574409216133782,25.039956437404225,2.501309010648273,True
V5.2,X5D,100,7,ILO/BAO_EN_YUN-0/after,0.8784173850030491,2.6791721537448088,25.764479809023708,6.468780808965858,False
V5.2,X5D,100,7,ILO/BAO_EN_YUN-0/before,1.2232393499814307,3.7908708777658124,43.06386448880109,7.521751799949816,True
V5.2,X5D,100,7,ILO/DONG_JIA_JU-1/after,0.6385981643005272,2.498697041169414,14.585995823724014,1.6914595608494374,False
V5.2,X5D,100,7,ILO/DONG_JIA_JU-1/before,0.8512008200556592,3.059519791485799,25.60886958214418,3.114314843918443,False
V5.2,X5D,100,7,ILO/GONG_HAI_ZENG-1/after,1.28430533715645,3.4626317396732005,33.71630887633731,8.1893884837468,False
V5.2,X5D,100,7,ILO/GONG_HAI_ZENG-1/before,2.195598873312464,5.495845351343775,107.16027555862578,24.622431672337918,True
V5.2,X5D,100,7,ILO/GUO_QING_SHAN-0/after,1.3452652144920936,4.145374252872808,49.62588769878865,9.297381494814037,False
V5.2,X5D,100,7,ILO/GUO_QING_SHAN-0/before,1.5035924250627264,5.0348014077575565,53.9909917213027,7.594920784705803,True
V5.2,X5D,100,7,ILO/GUO_YU_SHU-0/after,0.8273624479146222,2.534641043685534,16.586700480741822,2.9314688129895594,False
V5.2,X5D,100,7,ILO/GUO_YU_SHU-0/before,1.608802608803005,4.920912603556298,63.86524185105455,9.45984622678404,True
V5.2,X5D,100,7,ILO/LI_FA_XIANG-1/after,0.9401039453583543,3.02574100857652,40.3007060545401,6.477037824240351,False
V5.2,X5D,100,7,ILO/LI_SHENG_WEN-0/after,0.9508400018082314,3.1308673846422037,23.95820278080455,2.9707603853126354,False
V5.2,X5D,100,7,ILO/LI_SHENG_WEN-0/before,1.412262723274631,3.9642292537872144,41.65832073530187,7.862210827850026,True
V5.2,X5D,100,7,ILO/YANG_WANG_QI-1/after,0.9482893752509693,3.0532699735222706,35.36673218870121,6.1347696479856,False
V5.2,X5D,100,7,ILO/YANG_WANG_QI-1/before,2.1236711587257693,6.949511004651124,236.55005645293733,33.804278159973265,True
V5.2,X5D,100,7,ILO/YANG_WEN_TAI-0/after,0.730253369786767,1.7704143949214601,8.543490936613143,3.76370653302834,False
V5.2,X5D,100,7,ILO/YANG_WEN_TAI-0/before,0.8452640181362604,2.459337813844964,18.891124914337894,3.70598077549582,False
V5.2,X5D,100,7,ILO/ZHANG_HE_PING-0/after,0.8442487129452325,3.248198838208183,23.246963780778973,2.348735430315,False
V5.2,X5D,100,7,ILO/ZHANG_HE_PING-0/before,0.7469252283248796,2.760201453131012,16.174038989825313,1.7561450587097578,False
V5.2,X5D,100,7,AAA/ruputer/FENG_LI_XIN,0.8535197867457457,2.1214083458199364,10.639963499911126,2.517128148998081,True
V5.2,X5D,100,7,AAA/ruputer/KANG_YONG,0.4545826003655616,1.7751382182199138,5.007907687124787,0.4626113068570827,False
V5.2,X5D,100,7,AAA/ruputer/LI_LAO_PING,2.12210346673822,5.698746129854421,74.16615406801773,13.48091384300735,True
V5.2,X5D,100,7,AAA/ruputer/LI_ZHEN_HUA,1.2325498798299444,6.017556926644632,76.02240044405565,4.499497357233894,False
V5.2,X5D,100,7,AAA/ruputer/ZHOU_KE_XUN,1.6435387462316664,4.231635547564854,112.03595932659032,21.12735179333972,True
V5.2,X5D,100,7,AAA/unruputer/CAO_HONG_TAI,0.33410182640333425,1.3268745460453764,5.446184193094293,0.6788891283819447,True
V5.2,X5D,100,7,AAA/unruputer/GUO_BAO_CHUN,0.32412572204942086,0.791344581372004,1.7750657781297383,0.4977397834660778,True
V5.2,X5D,100,7,AAA/unruputer/GUO_YU_YING,0.7866652513369027,2.2257789311635006,13.722407285033665,2.4503067436698207,False
V5.2,X5D,100,7,AAA/unruputer/SUN_SHU_MING,0.3720107553522031,1.4502544028699191,3.712576770708284,0.4445159075706129,False
V5.2,X5D,100,7,AAA/unruputer/WANG_MAN_TIAN,2.045763005529489,3.96226842433368,93.19822515434568,32.33559691472454,False
V5.2,X5D,100,7,AAA/unruputer/ZHANG_ZHI_HUA,1.715509764679229,5.356977427001179,74.70460548786076,13.94741963780111,True
V5.2,X5D,100,7,AAA/unruputer/ZHOU_XI_SHENG,1.485181193296374,5.9103360739839195,79.42266806055865,7.4035152054372055,True
V5.2,X5D,100,7,AG/fast/CHEN_SHI_MING,1.2329705068075496,3.763268905005029,29.537482295285525,5.119608506271273,True
V5.2,X5D,100,7,AG/fast/FAN_JIAN_MING,0.7154664755112538,3.0114672229786277,17.380932045890756,1.7621805837918647,False
V5.2,X5D,100,7,AG/fast/LI_SHI_QIANG,1.3028494975173512,4.504941744560597,35.540369220249886,5.437335921862594,True
V5.2,X5D,100,7,AG/fast/LI_ZHI_LIN,2.117852884036854,6.201418541294914,110.31807732495815,21.326711668447043,True
V5.2,X5D,100,7,AG/fast/WANG_YONG_FAN,1.062524791570539,4.292869950059317,38.74525256468006,4.251303928552349,True
V5.2,X5D,100,7,AG/slow/CHENG_LU_LI,0.7369116070730087,4.0763082863222575,30.83012060236573,1.6226064197471475,True
V5.2,X5D,100,7,AG/slow/CHEN_JING_RU,0.8339231043774605,4.145240299818683,26.843166750835497,1.8557771976016089,False
V5.2,X5D,100,7,AG/slow/GUAN_TONG_XIANG,0.5695075619764564,2.372475772984785,14.114260557541792,1.2766063123230653,True
V5.2,X5D,100,7,AG/slow/LIU_ZONG_YANG,2.5798472592799446,8.097104993927964,188.52902432586149,27.222514187559465,True
V5.2,X5D,100,7,AG/slow/LI_BING_YI,1.433552106900393,5.429423354828019,55.497318923053875,5.711665764960319,True
V5.2,X5D,100,7,AG/slow/MA_YU,1.2044624432831965,3.978000399532755,32.911993323407664,4.0387761038244685,False
V5.2,X5D,100,7,AG/slow/QIN_SI_FU,1.3117297508375076,5.930709869305175,70.199285467931,4.6933529373057405,True
V5.2,X5D,100,7,AG/slow/SUN_WEN_QING,0.5693583271952031,2.6890980069391297,10.310263003762016,0.6555679046117809,False
V5.2,X5D,100,7,AG/slow/WANG_BAO_SHAN,0.8454788481382479,3.9499355467516386,34.293253101408034,2.650227565857351,False
V5.2,X5D,100,7,AG/slow/WANG_GUI,0.8143712555540211,3.6827013809898084,26.473705765694493,2.6877585824059267,True
V5.2,X5D,100,7,AG/slow/WANG_YONG_LI,0.604575839508526,2.7185023194494624,12.983189016324376,0.9909968486350567,True
V5.2,X5D,100,7,AG/slow/YIN_YU_RONG,1.247543586608591,5.061505312436657,37.467388774416754,4.1884041232993185,True
V5.2,X5D,100,7,ILO/PAN_YIN_GEN-1/after,0.8950353275632524,3.7577721395917676,29.30514383125958,2.5492735360430347,False
V5.2,X5D,100,7,ILO/PAN_YIN_GEN-1/before,0.8731798551646606,3.1754716950917135,23.56519968355469,2.7047905955054246,True
V5.2,X5D,100,7,ILO/SUN_XU_XIA-1/after,2.3684094513789398,6.0409287876205475,202.71504838860014,45.35166591548712,False
V5.2,X5D,100,7,ILO/SUN_XU_XIA-1/before,4.475499789927034,12.19183318939318,489.43694050297023,98.08385043704239,False
V5.2,X5D,100,7,ILO/SUN_YU_SHENG-0/after,0.7271076582177837,2.5615405184114186,14.503342029265115,1.7671240324422044,False
V5.2,X5D,100,7,ILO/SUN_YU_SHENG-0/before,0.839526591863321,2.973660792979511,19.492324655687064,2.5399520024766216,True
V5.2,X5D,100,7,ILO/WANG_LI_MIN-0/after,0.48990468030846673,1.8899178048719347,6.01317906664685,0.6902006183587567,False
V5.2,X5D,100,7,ILO/WANG_LI_MIN-0/before,0.5917095640741742,2.0825364964329203,8.124975856650941,1.0355683974408898,False
V5.2,X5D,100,7,ILO/WENG_ZHAO_GUANG-0/after,0.6935098352181895,2.1499257333703476,11.283341028794325,1.8019816232612826,False
V5.2,X5D,100,7,ILO/WENG_ZHAO_GUANG-0/before,0.716018456300939,2.558593384319974,12.700710601515064,1.7439499343008251,True
V5.2,X5D,100,7,ILO/WU_JUN-0/after,0.7626850533091359,2.3610275694316676,10.037184983478785,1.7258007079560223,False
V5.2,X5D,100,7,ILO/WU_JUN-0/before,0.5630835953284935,2.3711870852346104,9.729965067863155,0.93687629003201,True
V5.2,X5D,100,7,ILO/XUE_YOU_TANG-0/before,4.462620051429399,10.843782753562573,432.40077540533184,129.48746056175577,False
V5.2,X5D,100,7,ILO/YANG_YU_QING-1/after,1.4082307442026045,4.4833083323144844,64.31529685133866,10.42788420182599,False
V5.2,X5D,100,7,ILO/YANG_YU_QING-1/before,2.3631853235678832,6.9830689361632245,191.45682824942702,33.64602821065596,True
V5.2,X5D,100,7,ILO/ZHANG_JIAN_JUN-1/after,0.4182238841810498,1.7847243888383113,7.467814326386552,0.6729903033315823,False
V5.2,X5D,100,7,ILO/ZHANG_JIAN_JUN-1/before,0.6490238520267527,2.589568926648138,16.747527354595082,1.9649071646103367,True
V5.2,X5D,100,7,ILO/ZHANG_YAN_SHAN-0/after,1.163871724755765,4.138333420895427,53.06518058389276,6.201704678369499,False
V5.2,X5D,100,7,ILO/ZHANG_YAN_SHAN-0/before,2.0115790289189914,7.074490468879482,137.40443750805886,15.003843700167536,True
V5.2,X5D,100,7,ILO/ZHAO_JIAN_PING-0/after,1.709782201222124,4.24500925845931,73.468680408269,18.52253355295564,False
V5.2,X5D,100,7,ILO/ZHAO_JIAN_PING-0/before,1.7530842562586537,6.108795577952538,123.13669893072286,15.86744470870433,False
V5.2,X5D,100,7,AAA/ruputer/DING_JUN_FENG,4.1659398359531155,10.46771931328709,369.6206388814588,79.7100982058918,True
V5.2,X5D,100,7,AAA/ruputer/LI_BING_JIANG,0.7245572141352286,2.1451482001058615,18.743676688597077,2.840794045258447,True
V5.2,X5D,100,7,AAA/ruputer/MA_XIAO_DONG,1.7952868853819037,5.480759544001788,68.11581806635034,12.361693716895907,True
V5.2,X5D,100,7,AAA/ruputer/MENG_GUANG_QIN,2.4824815766502955,4.601930127497023,92.18364679148645,38.79609124891906,True
V5.2,X5D,100,7,AAA/ruputer/WANG_KUI_WU,2.16704399365826,7.086179031012907,165.94411219895807,22.1013738938386,True
V5.2,X5D,100,7,AAA/unruputer/CHEN_FU_YE,1.7940242881053061,5.9595728719438075,111.05884186068224,15.186314280820156,True
V5.2,X5D,100,7,AAA/unruputer/CHEN_SHU_LIN,1.2151301884722219,2.8834434297185005,24.578362017968786,7.6094427279844155,True
V5.2,X5D,100,7,AAA/unruputer/FENG_ZHI_YING,2.107748527008234,5.83444409487982,131.60942587783873,28.377901189319054,True
V5.2,X5D,100,7,AAA/unruputer/MA_JIN_HE,1.46611709033533,3.7143120362268687,72.65855986671251,21.46650089551275,False
V5.2,X5D,100,7,AAA/unruputer/QIAO_XIU_YUN,0.9825662263037591,3.6905139489330185,28.69365497684893,3.0460183713236693,True
V5.2,X5D,100,7,AAA/unruputer/YAN_FU_TANG,2.0565167519474974,6.450001187196827,152.42342869485313,26.53454514785246,True
V5.2,X5D,100,7,AAA/unruputer/ZHANG_GUI_HUA,0.7434232212304344,2.789698018856946,15.895906928278727,1.9687602525287458,False
V5.2,X5D,100,7,AG/fast/LI_SHU_KUN,1.135721049040673,5.714728753147314,51.50729605947091,3.3495085611432422,True
V5.2,X5D,100,7,AG/fast/LI_ZHEN_SHAN,0.9404409642547704,3.3918277628145326,19.937918094855608,2.2170270011231588,True
V5.2,X5D,100,7,AG/fast/YAO_CUN_HONG,1.646970592874849,7.475862533522821,104.36396915450877,8.02821154550445,False
V5.2,X5D,100,7,AG/fast/ZHANG_CHUN,2.6302421345199205,8.133334796129043,183.97757033176913,30.15071150309891,False
V5.2,X5D,100,7,AG/fast/ZHANG_QING_WANG,1.0159529628253818,5.330500605071768,58.23008502798455,3.145425629531261,True
V5.2,X5D,100,7,AG/slow/HE_SHU_ZHEN,1.0662043949024282,4.458812784020269,33.03277648922501,2.9766015078776324,False
V5.2,X5D,100,7,AG/slow/LIU_FA_CHUN,2.7885866269672848,9.713993074380417,198.1678501062539,22.12429550331329,True
V5.2,X5D,100,7,AG/slow/LIU_FENG,1.6581448777936514,6.82821389001529,97.60726195346815,10.378128651875558,True
V5.2,X5D,100,7,AG/slow/LI_CHONG_ZENG,1.4777552662482425,6.817950020326822,72.85597879412683,4.745295045926872,True
V5.2,X5D,100,7,AG/slow/MA_TIAN_YI,4.235128843959452,13.211622550285794,407.496020237698,67.11700591358048,False
V5.2,X5D,100,7,AG/slow/NIE_QUAN_ZHONG,2.209955278636825,6.971520014835111,103.76248565644599,19.97910737624275,False
V5.2,X5D,100,7,AG/slow/NI_YAN_BIN,2.1706513356203967,7.63272153181254,142.80529321904206,18.739308236235484,True
V5.2,X5D,100,7,AG/slow/SHEN_ZHI_GANG,1.7932039753766837,6.275638368398758,118.21090278225475,15.481319319398754,True
V5.2,X5D,100,7,AG/slow/WU_FENG_YAN,0.7961848136732516,4.103783392941793,29.427837706032058,2.0223239128535964,True
V5.2,X5D,100,7,AG/slow/ZHANG_JUN_HUA,2.0366147441104765,8.284258398127253,126.08610221141163,11.476969789512916,True
V5.2,X5D,100,7,AG/slow/ZHANG_QUAN_YOU,1.3048704964842892,5.718389573404115,55.856207113619064,6.592933769098677,True
V5.2,X5D,100,7,AG/slow/ZHANG_SONG_TIAN,0.7283228006377863,3.4186589025841823,18.215220989652536,1.3259542983311394,True
V5.2,X5D,100,7,ILO/CUI_WEI_PING-0/after,0.6428635670080606,2.5333275486678817,13.413685104121395,1.310405482427749,False
V5.2,X5D,100,7,ILO/CUI_WEI_PING-0/before,1.0068748998542545,3.724526213465441,27.383086315986276,3.4384158327836247,True
V5.2,X5D,100,7,ILO/GENG_CHUN_LAI-1/after,0.913268275968774,3.329710513063734,27.33138646294412,3.089694700029001,False
V5.2,X5D,100,7,ILO/GENG_CHUN_LAI-1/before,1.5778187624827127,6.0069542876195525,74.50176786109033,8.665074647779436,True
V5.2,X5D,100,7,ILO/LIN_CHUN_YANG-1/after,0.5452205985739331,2.054718295628981,8.824292315823762,0.9162154118752006,False
V5.2,X5D,100,7,ILO/LIN_CHUN_YANG-1/before,1.8696581425019776,4.898840521998173,72.13591141169327,16.564954294904755,True
V5.2,X5D,100,7,ILO/LI_YOU_ZHI-0/after,0.33805689828971053,1.3131424496530564,3.293284662493258,0.32675300698553283,False
V5.2,X5D,100,7,ILO/LI_YOU_ZHI-0/before,0.45889220082857946,1.7785040868983089,7.680918459801692,1.0400548330449353,False
V5.2,X5D,100,7,ILO/LI_YU_GANG-0/after,0.8021278148059011,2.281300062447903,16.053841053293848,3.6365206806029815,False
V5.2,X5D,100,7,ILO/LI_YU_GANG-0/before,0.6177514199360388,2.0798349732553363,14.1808770339175,2.1370736950803813,False
V5.2,X5D,100,7,ILO/WANG_CAI-0/after,1.119554410750987,3.3590240657345696,65.56565282471435,9.334565945807718,False
V5.2,X5D,100,7,ILO/WANG_JIN_MING-0/after,0.795699719550474,2.8687006418388257,16.503180223537605,2.1975746143243393,False
V5.2,X5D,100,7,ILO/WANG_JIN_MING-0/before,6.069623321830394,10.391614904611252,551.0038375183153,238.70620081272847,True
V5.2,X5D,100,7,ILO/WANG_SHU_SHENG-0/after,1.5727277274742195,4.390982756019013,56.116555041913045,10.877139027149893,False
V5.2,X5D,100,7,ILO/WANG_SHU_SHENG-0/before,1.356515185523141,4.365596433389344,46.55317194070791,7.497410034355547,True
V5.2,X5D,100,7,ILO/WEI_QING_FENG-1/after,1.1364901963414256,3.2154691711418857,29.339164099540646,5.839048284989295,False
V5.2,X5D,100,7,ILO/WEI_QING_FENG-1/before,1.7376225988567158,5.69546056440348,76.05877327565295,11.216905110869247,False
V5.2,X5D,100,7,ILO/YANG_QING_REN-1/before,2.8661444406868535,8.243361365755417,205.81716588835636,37.02509600365797,False
V5.2,X5D,100,7,ILO/ZHANG_YONG_SHENG-0/after,0.44370625666365016,1.8194063291927332,6.282024914192741,0.5710964764025025,False
V5.2,X5D,100,7,ILO/ZHANG_YONG_SHENG-0/before,0.7372668423661418,2.3390057957495074,11.934721516415857,2.480925913444501,False
V5.2,X5D,100,2025,AAA/ruputer/CHEN_FU,0.791733821223531,2.99183350643142,21.016149240434114,2.17133921803384,False
V5.2,X5D,100,2025,AAA/ruputer/LIU_JI_XIN,1.3209828710933302,4.434655915377273,60.774899061445616,7.231416452427079,True
V5.2,X5D,100,2025,AAA/ruputer/LV_GUO_YOU,1.1708283769142875,4.870842197652798,50.97794070749169,4.02325110659824,False
V5.2,X5D,100,2025,AAA/ruputer/SU_KAI_LI,0.5550456447829742,1.8727082931047392,20.905363189042077,2.5340057267451566,False
V5.2,X5D,100,2025,AAA/ruputer/TONG_XUE_LIAN,0.45618343278555695,1.7138957194930158,7.8414343044748405,0.8002043721495454,True
V5.2,X5D,100,2025,AAA/ruputer/YU_TIAN_HAI,1.78469438038637,5.806504572459942,76.00426850741304,10.881959045175678,False
V5.2,X5D,100,2025,AAA/unruputer/GAO_WEI_LI,0.791683701203539,2.8441599013012886,19.215496876910642,2.4392450127122696,True
V5.2,X5D,100,2025,AAA/unruputer/LIN_JIAN_RONG,2.5492397190086797,8.047568441788673,211.65327367041573,32.39782190375719,True
V5.2,X5D,100,2025,AAA/unruputer/LI_YOU_YU,0.7203937854733115,2.16490312501305,13.123072020828841,2.4832868975463227,True
V5.2,X5D,100,2025,AAA/unruputer/SHEN_CHUN_WANG,0.8920221376349825,3.86801851003588,28.108562755089046,2.6666991910404203,True
V5.2,X5D,100,2025,AAA/unruputer/ZHANG_XUN_LIAN,0.47550429390545473,1.6350088741029847,7.232666070830891,1.287096225036938,True
V5.2,X5D,100,2025,AAA/unruputer/ZHU_ZI_HAI,0.5467060819705468,3.067920899520899,18.957089595100175,0.885725735605718,True
V5.2,X5D,100,2025,AG/fast/HAN_JIAN_JUN,0.6966197774882797,3.1003336947623468,21.668393765498728,2.149003495202819,True
V5.2,X5D,100,2025,AG/fast/LIU_JUN_FENG,0.5304001677679907,2.4229270611653195,11.301038868882843,2.133823523933567,True
V5.2,X5D,100,2025,AG/fast/LIU_LI_QUN,0.8350016409764978,3.8525098627103835,23.48888038368749,1.8166366016735427,True
V5.2,X5D,100,2025,AG/fast/LOU_YANG,0.9518200830299417,5.333864687945243,50.84754696155906,2.548217505505131,False
V5.2,X5D,100,2025,AG/fast/WANG_CHUN_MING,1.1102917460442707,4.9020424085490015,41.244201735425975,3.4764136984656875,True
V5.2,X5D,100,2025,AG/slow/A_MIN_SE_HA_CHI,0.9417658321299165,3.485531646181169,31.818232734627504,5.625861945308073,True
V5.2,X5D,100,2025,AG/slow/CAO_FENG_CHI,1.5008564786004563,6.170672043043534,62.448615615359834,5.323851373961245,True
V5.2,X5D,100,2025,AG/slow/GONG_HUI_XIA,0.4305685829173912,2.9383464063472715,12.964783250734289,0.39020037950645325,True
V5.2,X5D,100,2025,AG/slow/GUO_XI_JIANG,1.0843695350435343,5.341587085601477,61.74578925883366,4.229521811716153,False
V5.2,X5D,100,2025,AG/slow/KANG_XI_MING,1.9566739997718423,7.361003600886599,99.33919404120445,10.92367104780035,True
V5.2,X5D,100,2025,AG/slow/LIN_SHU_TIAN,1.7518516929799324,6.840133490265334,88.18127988739904,8.047521775632976,False
V5.2,X5D,100,2025,AG/slow/LI_GUI_YING,2.9543819090493053,8.854308039004852,183.44296184487115,34.27493235423318,True
V5.2,X5D,100,2025,AG/slow/LI_HUAN_GE,2.014265878414462,7.342901174416122,105.37836075454415,10.305573607682962,False
V5.2,X5D,100,2025,AG/slow/TE_JIN_WANG,1.295740498699994,5.2867208243257995,58.50123043638264,6.122020690154198,False
V5.2,X5D,100,2025,AG/slow/WEI_JUN_WEN,0.49394061497437214,2.627213772097452,11.02589383821926,0.6882922730307983,False
V5.2,X5D,100,2025,AG/slow/WU_YI_FA,1.3544828607314816,5.848954401789787,58.426270723046834,4.888922166708747,True
V5.2,X5D,100,2025,AG/slow/ZHANG_LING_GUANG,0.8255122832658197,3.6587347315638334,26.676955102557784,2.2644299582506173,True
V5.2,X5D,100,2025,ILO/DONG_KE_QIN-0/after,0.7334603709258426,2.2924201356066702,13.493121945049692,2.138083119544292,False
V5.2,X5D,100,2025,ILO/DONG_KE_QIN-0/before,0.6492747024063693,2.09535600187973,11.783519875638483,2.1490077421713685,False
V5.2,X5D,100,2025,ILO/HOU_SHI_GUO-0/after,0.7740679440485914,2.8271915914788943,19.773817142225337,2.339764769653749,False
V5.2,X5D,100,2025,ILO/HOU_SHI_GUO-0/before,2.3621589522296924,7.21830848347467,160.7798164290837,24.94133780003205,True
V5.2,X5D,100,2025,ILO/LIU_BAO_JUN-0/after,1.304361637284969,2.950701830011388,52.796010512172614,20.043176644542132,False
V5.2,X5D,100,2025,ILO/LIU_BAO_JUN-0/before,0.6450360232751415,1.9002290286139563,10.055864784345745,1.725769196151025,True
V5.2,X5D,100,2025,ILO/LIU_LIAN_YOU-0/after,0.8563636987178238,2.8912675670464987,19.89085544624444,3.4596739025083383,False
V5.2,X5D,100,2025,ILO/LIU_LIAN_YOU-0/before,1.2497715948205328,3.340464523888479,34.75574044868209,7.917581083123979,True
V5.2,X5D,100,2025,ILO/LIU_YUE_DONG-0/after,0.88658473377203,2.782403065948192,17.633983071271068,2.6723758064239336,False
V5.2,X5D,100,2025,ILO/LIU_YUE_DONG-0/before,0.8231168241564449,3.3081279320603265,20.194020602630463,2.5489834241051463,True
V5.2,X5D,100,2025,ILO/LI_BO_JUN-1/after,0.8591361956754111,2.5600062960397714,17.980769746688605,3.2305192018341398,False
V5.2,X5D,100,2025,ILO/LI_BO_JUN-1/before,1.5443621629324675,4.509235974816815,78.9411697329769,14.337994507899952,False
V5.2,X5D,100,2025,ILO/SHEN_CHUN_WANG-0/after,0.704854795045583,2.3141913050137086,11.665328781523698,1.7374779805748013,False
V5.2,X5D,100,2025,ILO/SHEN_CHUN_WANG-0/before,1.0670573677188726,3.630439152871617,29.27657215367769,3.9234413154033043,False
V5.2,X5D,100,2025,ILO/SUN_DONG_XIN-0/after,0.5999634298902282,2.5035548053526595,12.472073643573172,1.143512685959546,False
V5.2,X5D,100,2025,ILO/SUN_DONG_XIN-0/before,0.5723108441980121,2.4919734390281945,13.807935033292738,1.5093897622257126,False
V5.2,X5D,100,2025,ILO/WAGN_LI_JUN-1/after,0.7553752496100168,2.2155448703384417,14.09729748172141,2.366431814280752,False
V5.2,X5D,100,2025,ILO/WAGN_LI_JUN-1/before,1.2449486183389435,4.190104407364758,66.05751416472077,8.215720479287913,True
V5.2,X5D,100,2025,ILO/WANG_TIAN_QING-1/after,0.6332388340811634,2.5004722088218103,14.517951727026697,1.4448133718093026,False
V5.2,X5D,100,2025,ILO/WANG_TIAN_QING-1/before,1.1424312837611368,3.5691361282528224,63.34332745843718,10.04103678472539,True
V5.2,X5D,100,2025,ILO/XIONG_DONG_SUO-0/after,1.168189051943613,3.448601313712777,61.49097180996401,15.005129962159499,False
V5.2,X5D,100,2025,ILO/XIONG_DONG_SUO-0/before,0.651905503526517,2.3249787159282818,19.58255089367013,2.956426508321437,False
V5.2,X5D,100,2025,ILO/YAO_GUO_CHEN-0/after,0.7705608495580641,3.4465237984163473,29.026153609013093,2.2953153713811365,False
V5.2,X5D,100,2025,ILO/YAO_GUO_CHEN-0/before,1.9059203071153206,5.287628099523142,93.92314863020482,27.463087165716583,True
V5.2,X5D,100,2025,ILO/YU_XIANG_SHENG-1/after,1.1009442616865013,3.583468776689441,31.427174097325857,3.658235958015089,False
V5.2,X5D,100,2025,ILO/YU_XIANG_SHENG-1/before,1.0768299448666385,4.283221739526996,42.98376432031388,4.314604634892128,False
V5.2,X5D,100,2025,AAA/ruputer/GUO_AI_JUN,2.577263870328621,7.449840996752351,166.43543881394314,26.686668384532496,True
V5.2,X5D,100,2025,AAA/ruputer/LIU_YONG_LAN,0.6647588283280678,2.154298328684825,17.986341321231702,2.584522346768698,True
V5.2,X5D,100,2025,AAA/ruputer/WANG_AN,1.5783796550563,4.367029000448692,92.9718956359118,19.4483296821734,True
V5.2,X5D,100,2025,AAA/ruputer/WU_GUANG_CUN,2.259528705757732,6.954084807370937,257.72455967097324,38.76978837033736,True
V5.2,X5D,100,2025,AAA/ruputer/ZHANG_MAO_JIN,0.8247159905817523,2.6295907298072283,15.947729599849643,2.0805676611150847,True
V5.2,X5D,100,2025,AAA/ruputer/ZUO_DAO_SHENG,0.8704186470464296,2.9315329954068625,38.9033055049693,5.744652232013605,True
V5.2,X5D,100,2025,AAA/unruputer/CHEN_LIANG_FU,0.6018906120536134,2.010021235052449,11.856954581775907,1.531133237112904,True
V5.2,X5D,100,2025,AAA/unruputer/GAO_DIAN_WEN,0.6204310620807796,3.1348542477559045,20.424033212702113,1.5111053064306177,False
V5.2,X5D,100,2025,AAA/unruputer/LIU_JIE,1.5296211870484084,4.969619492379978,77.57118486459343,10.429204086305631,True
V5.2,X5D,100,2025,AAA/unruputer/LIU_LI_FENG,0.8760040591916368,3.353359137332773,44.25403522800125,4.680393917962207,True
V5.2,X5D,100,2025,AAA/unruputer/LIU_XING_GUO,0.6392128977949286,3.2585904048475873,20.461996235860447,1.162312089141343,True
V5.2,X5D,100,2025,AAA/unruputer/SHEN_FANG_JIN,0.4546159928027938,1.640102195485246,7.393989904466414,1.1091237948801271,True
V5.2,X5D,100,2025,AG/fast/LIU_YI_BING,0.7826820173725251,5.131292744577097,49.93639551925239,1.96538643251913,True
V5.2,X5D,100,2025,AG/fast/PENG_JI_MING,1.2507709509667329,4.26190413536515,37.41348052527692,5.704221282053021,False
V5.2,X5D,100,2025,AG/fast/SUN_ZHI_YU,0.5892665244593276,2.6229413039823064,11.020099765330107,0.875926465941207,False
V5.2,X5D,100,2025,AG/fast/ZHANG_LIANG,0.7086446942483597,4.137625654752519,33.675306389227394,1.6911812909020976,False
V5.2,X5D,100,2025,AG/fast/ZHANG_XIU_WEN,0.8999081739177385,3.655839880935059,22.58873316150414,2.2760270202892983,True
V5.2,X5D,100,2025,AG/slow/BAI_WEN_JIE,0.7696953737383978,3.8999293011770098,28.439857711811907,2.181886645563998,False
V5.2,X5D,100,2025,AG/slow/CHENG_GUANG_SEN,0.6013181160077569,3.0527146390463518,14.967695130403131,0.9478690632322926,True
V5.2,X5D,100,2025,AG/slow/DING_LIAN_ZHONG,1.1088541189808987,5.604275317227923,57.46990770676308,3.7822442613677665,True
V5.2,X5D,100,2025,AG/slow/LU_ZHEN_QING,1.539697758537974,6.065024485873685,99.44994737875861,8.366926489845303,True
V5.2,X5D,100,2025,AG/slow/MI_DE_XI,2.454964904174879,8.628868617291074,192.71693992666115,24.133988964399943,True
V5.2,X5D,100,2025,AG/slow/QU_HE_PING,1.3990377698879137,5.2783702119799125,58.33651984700764,6.442472501735185,True
V5.2,X5D,100,2025,AG/slow/WANG_KE,3.2937529059567603,10.655591211013716,203.72227608935495,27.457248720490536,True
V5.2,X5D,100,2025,AG/slow/WEI_BAO_XING,0.7598471091191267,3.0376911397751063,23.15417497643126,2.5922610921384996,True
V5.2,X5D,100,2025,AG/slow/XI_CHENG_JIANG,1.0089814713306602,4.303623430097886,29.276106225412153,2.8773861286715956,True
V5.2,X5D,100,2025,AG/slow/YANG_YOU_SHENG,0.9618220091766534,4.280526671285049,30.970811381146113,3.244562813924552,True
V5.2,X5D,100,2025,AG/slow/ZHANG_HUAN_LI,1.2573755950577234,5.482447490466909,70.47119610415659,5.701036417381202,False
V5.2,X5D,100,2025,AG/slow/ZHANG_ZHI_JUN,1.4061468753564637,5.888155859015022,58.88411848465769,5.217291239939727,True
V5.2,X5D,100,2025,ILO/GAO_SHU_CAI-0/after,0.8967853215603635,3.1604519232202413,29.17973401453175,3.7338015533891995,False
V5.2,X5D,100,2025,ILO/GAO_SHU_CAI-0/before,0.8224524779220048,2.4961900595200994,19.185343422204017,2.9076107803358666,True
V5.2,X5D,100,2025,ILO/GUO_AI_JUN-0/after,1.2030687533976783,3.4818888653770035,54.130925715571166,9.941861108932029,False
V5.2,X5D,100,2025,ILO/GUO_AI_JUN-0/before,1.0743251551120319,2.846687213573358,35.94437029412065,6.955349997704598,False
V5.2,X5D,100,2025,ILO/LIU_CHUN_YANG-1/after,0.7353942100259802,2.5337530342159913,13.929782979045523,1.761880906210249,False
V5.2,X5D,100,2025,ILO/LIU_CHUN_YANG-1/before,1.3712942042773875,4.433851615983138,55.145839477988545,8.602304497766855,False
V5.2,X5D,100,2025,ILO/LIU_YUN_ZHANG-0/after,0.8188224614958477,3.066511309301898,29.07481405646554,3.0409203749567917,False
V5.2,X5D,100,2025,ILO/LIU_YUN_ZHANG-0/before,0.7642319145704591,2.920038434976278,27.01822953326439,2.866170357853882,False
V5.2,X5D,100,2025,ILO/LU_FU_SHAN-0/after,0.7069461637552751,2.605072763946019,18.860392383846865,2.2259190855179387,False
V5.2,X5D,100,2025,ILO/LU_FU_SHAN-0/before,1.2710058117362772,4.730034274601319,48.09283839184349,5.4246912446227045,False
V5.2,X5D,100,2025,ILO/LV_JIAN_HUA-0/after,0.9362319002970352,3.8727032073844523,33.106969354323205,3.438210345245201,False
V5.2,X5D,100,2025,ILO/LV_JIAN_HUA-0/before,0.7864767258260428,2.847487177360422,18.19514423676456,1.9439392740357668,True
V5.2,X5D,100,2025,ILO/SUN_CHUN_PU-0/after,0.9889051254343041,3.1520660201109085,25.5838664780902,4.086511651255252,False
V5.2,X5D,100,2025,ILO/SUN_CHUN_PU-0/before,1.3895227010640754,4.088498696180674,46.108462846083654,8.58221280486043,False
V5.2,X5D,100,2025,ILO/SUN_DE_QI-1/after,1.3956451494751934,3.9743662390367227,50.83284308938841,8.90000454306558,False
V5.2,X5D,100,2025,ILO/SUN_DE_QI-1/before,1.3875677623842835,4.056411270278355,51.232673347143674,8.040669285050962,True
V5.2,X5D,100,2025,ILO/WANG_XIAO_LIN-0/after,0.7651029612683873,2.3515349657488125,15.962611012509246,3.069550956268795,False
V5.2,X5D,100,2025,ILO/WANG_XIAO_LIN-0/before,2.2870697083018605,6.225273341181436,140.0670621950337,23.88984772246757,True
V5.2,X5D,100,2025,ILO/XIE_ZHI_FU-0/after,1.1472530302566768,3.166523011437513,22.61334306094672,4.0494317037147045,False
V5.2,X5D,100,2025,ILO/XIE_ZHI_FU-0/before,1.0094759424748279,2.912785300882459,23.479895680972408,4.555598236195227,True
V5.2,X5D,100,2025,ILO/ZHANG_JIN_CHUN-1/after,1.1763818698715838,2.9572296232957687,44.51030622254935,12.86233008870702,False
V5.2,X5D,100,2025,ILO/ZHANG_JIN_CHUN-1/before,2.383219730839681,6.021284678046796,160.47203150440788,39.210578840087514,False
V5.2,X5D,100,2025,ILO/ZHANG_MAO_JIN-0/after,0.8310126068431549,1.9840147376467463,11.373815070138216,3.1572657738411665,False
V5.2,X5D,100,2025,ILO/ZHANG_MAO_JIN-0/before,1.4617786807846265,3.9947743629441814,57.275210014920816,9.089880696741256,False
V5.2,X5D,100,2025,ILO/ZHANG_WAN_ZENG-1/after,1.9169396769823333,4.226823186221868,85.81271760208928,21.0963464997403,False
V5.2,X5D,100,2025,ILO/ZHANG_WAN_ZENG-1/before,3.3334986685111203,7.569019393933783,255.0440746506557,77.6391787848296,False
V5.2,X5D,100,2025,ILO/ZHAO_CHANG_SHAN-0/after,1.6680404452673703,4.611150478599526,68.75923456028728,15.228920455799154,False
V5.2,X5D,100,2025,ILO/ZHAO_CHANG_SHAN-0/before,5.2205428689846105,10.634950593706868,370.99232595253847,125.92949270343065,True
V5.2,X5D,100,2025,AAA/ruputer/GAO_FENG_SHAN,0.8446906445328821,2.03753703851081,13.141723801014932,3.840511283339454,True
V5.2,X5D,100,2025,AAA/ruputer/HUO_SHI_LIANG,1.4231010526381875,4.651739969935164,63.2318045148085,9.847938867799346,True
V5.2,X5D,100,2025,AAA/ruputer/LIN_LIANG_XIAO,1.4113653888041608,4.346704564328634,59.85686950834659,8.805212546674234,True
V5.2,X5D,100,2025,AAA/ruputer/WANG_FU_SHUN,2.2360402336145144,5.025010594293936,94.8502233907485,22.394767573461422,False
V5.2,X5D,100,2025,AAA/ruputer/XIE_JIN_QUAN,1.1809503448134633,3.4684101126546927,42.1810359391909,7.147219269807104,True
V5.2,X5D,100,2025,AAA/ruputer/ZOU_LI_SHUN,1.3373621661368844,6.0598059119967145,63.38064566805187,4.940080916437051,True
V5.2,X5D,100,2025,AAA/unruputer/CAO_DIAN_HE,0.4095242787337118,1.4151923203853616,5.452815159976291,1.0092234456458546,False
V5.2,X5D,100,2025,AAA/unruputer/HAN_JIAN_FU,0.632548550142139,2.624829909413056,14.005638485301713,1.27389992336814,True
V5.2,X5D,100,2025,AAA/unruputer/LIU_CHENG_ZHANG,0.7556588654337203,2.9926854177547035,21.174288948865577,2.364563940864567,True
V5.2,X5D,100,2025,AAA/unruputer/LIU_KANG_WEN,0.9466029650625944,4.812939273747851,48.3982414101119,2.570628729127133,False
V5.2,X5D,100,2025,AAA/unruputer/YANG_BEN_RUI,0.4224927960885768,1.6594835742166325,5.384164159342528,0.6344460145947385,True
V5.2,X5D,100,2025,AAA/unruputer/ZHANG_YONG_ZHI,3.0678145473657428,7.297355275904969,205.98219187481664,47.042534784215505,False
V5.2,X5D,100,2025,AG/fast/LIU_FENG_MING,1.0699555447790607,4.7472446503834105,52.492849158687676,4.2619203773515695,True
V5.2,X5D,100,2025,AG/fast/RAN_QING_BO,0.927893074397699,4.1305700593143735,56.72770084868055,4.443131568928625,False
V5.2,X5D,100,2025,AG/fast/WANG_DAO_CHUN,2.368111886048443,8.460594571147846,178.94256783849704,24.44682132835545,True
V5.2,X5D,100,2025,AG/fast/ZHANG_HAO,1.2849351199691945,4.570449326298646,43.3107942839982,4.703418730548186,True
V5.2,X5D,100,2025,AG/fast/ZHANG_XIU_ZHEN,0.5844826152979387,2.8417692070729768,14.498496143402052,1.059927509098162,True
V5.2,X5D,100,2025,AG/slow/LIU_JIN_LIANG,1.0241189932528942,5.2820480410124695,48.14996544690595,2.967861455570809,True
V5.2,X5D,100,2025,AG/slow/LV_FU_LONG,1.0143379007982936,4.386930804130545,48.83742513304365,4.122056830767096,True
V5.2,X5D,100,2025,AG/slow/SUN_ZONG_GE,3.501432478781087,8.27749472373084,209.91724743620927,53.92500460995041,True
V5.2,X5D,100,2025,AG/slow/WANG_DENG_FENG,2.566354126752476,6.4421648234595095,100.02339887144286,29.73270889039103,False
V5.2,X5D,100,2025,AG/slow/WANG_GUANG_CHAO,1.1226730582467461,4.614445391663087,39.80053643021218,4.070716781087831,True
V5.2,X5D,100,2025,AG/slow/WANG_YAN_LING,0.8677145107817099,4.494127975271114,30.36056416694121,1.894541305917675,True
V5.2,X5D,100,2025,AG/slow/XU_YI_CAI,0.509487935641576,2.410303175785394,10.347809986080422,0.8274231839574313,True
V5.2,X5D,100,2025,AG/slow/ZANG_YU_SHU,0.43879727439043487,2.1634077010875474,7.53152965337858,0.5133363930402226,True
V5.2,X5D,100,2025,AG/slow/ZHANG_JING_SHUN,1.062547659528499,3.363546346055187,23.74456773588907,4.262945021835763,True
V5.2,X5D,100,2025,AG/slow/ZHANG_QING_SHUI,1.6384380317904508,5.676999896579578,72.96072033856338,9.051008702016285,True
V5.2,X5D,100,2025,AG/slow/ZHANG_WEI_XIAN,1.954304409276819,6.510907860837576,75.05890052444808,9.611458011447072,False
V5.2,X5D,100,2025,AG/slow/ZHAO_XIU_XUAN,0.8144636723194754,4.092126711668704,30.88023410957455,2.227163661082201,False
V5.2,X5D,100,2025,ILO/AN_GUANG_JIE-0/after,1.6135923647221895,5.284293944837935,63.139728400246405,7.915311321541964,False
V5.2,X5D,100,2025,ILO/AN_GUANG_JIE-0/before,0.8891988928734776,3.574409216133782,25.039956437404225,2.7260529042523185,True
V5.2,X5D,100,2025,ILO/BAO_EN_YUN-0/after,0.8717879793638967,2.6791721537448088,25.764479809023708,6.14879426371083,False
V5.2,X5D,100,2025,ILO/BAO_EN_YUN-0/before,1.1588888420248673,3.7908708777658124,43.06386448880109,6.996058536382274,True
V5.2,X5D,100,2025,ILO/DONG_JIA_JU-1/after,0.6296037087689413,2.498697041169414,14.585995823724014,1.5976327741373655,False
V5.2,X5D,100,2025,ILO/DONG_JIA_JU-1/before,0.8625036227199859,3.059519791485799,25.60886958214418,3.2063244162858755,False
V5.2,X5D,100,2025,ILO/GONG_HAI_ZENG-1/after,1.3183101566944229,3.4626317396732005,33.71630887633731,9.000700968969264,False
V5.2,X5D,100,2025,ILO/GONG_HAI_ZENG-1/before,2.1831175138274834,5.495845351343775,107.16027555862578,24.563790909436687,True
V5.2,X5D,100,2025,ILO/GUO_QING_SHAN-0/after,1.3132024578724302,4.145374252872808,49.62588769878865,7.8542840848997075,False
V5.2,X5D,100,2025,ILO/GUO_QING_SHAN-0/before,1.3863229686879248,5.0348014077575565,53.9909917213027,6.683894589686545,True
V5.2,X5D,100,2025,ILO/GUO_YU_SHU-0/after,0.8291013797519274,2.534641043685534,16.586700480741822,2.878547473095853,False
V5.2,X5D,100,2025,ILO/GUO_YU_SHU-0/before,1.5531154152478337,4.920912603556298,63.86524185105455,8.895809146399746,True
V5.2,X5D,100,2025,ILO/LI_FA_XIANG-1/after,0.9772861332373255,3.02574100857652,40.3007060545401,7.128198011561756,False
V5.2,X5D,100,2025,ILO/LI_SHENG_WEN-0/after,0.9884327029291247,3.1308673846422037,23.95820278080455,3.4503729306290256,False
V5.2,X5D,100,2025,ILO/LI_SHENG_WEN-0/before,1.4105738893073971,3.9642292537872144,41.65832073530187,8.22359818708052,True
V5.2,X5D,100,2025,ILO/YANG_WANG_QI-1/after,0.9340988217070084,3.0532699735222706,35.36673218870121,5.973755342801159,False
V5.2,X5D,100,2025,ILO/YANG_WANG_QI-1/before,2.2654136317763283,6.949511004651124,236.55005645293733,39.47749399030959,True
V5.2,X5D,100,2025,ILO/YANG_WEN_TAI-0/after,0.7601727403403057,1.7704143949214601,8.543490936613143,5.100696660487411,False
V5.2,X5D,100,2025,ILO/YANG_WEN_TAI-0/before,0.7613665994017742,2.459337813844964,18.891124914337894,2.724214581852138,False
V5.2,X5D,100,2025,ILO/ZHANG_HE_PING-0/after,0.8689424734071953,3.248198838208183,23.246963780778973,2.4596189028811644,False
V5.2,X5D,100,2025,ILO/ZHANG_HE_PING-0/before,0.6935812488889259,2.760201453131012,16.174038989825313,1.7056261661611507,False
V5.2,X5D,100,2025,AAA/ruputer/FENG_LI_XIN,0.6961068238388507,2.1214083458199364,10.639963499911126,1.6387354928749809,True
V5.2,X5D,100,2025,AAA/ruputer/KANG_YONG,0.43997411408203396,1.7751382182199138,5.007907687124787,0.4293601723397799,False
V5.2,X5D,100,2025,AAA/ruputer/LI_LAO_PING,2.2119834172796153,5.698746129854421,74.16615406801773,14.456165044299139,True
V5.2,X5D,100,2025,AAA/ruputer/LI_ZHEN_HUA,1.1268391011088712,6.017556926644632,76.02240044405565,3.729092542132544,False
V5.2,X5D,100,2025,AAA/ruputer/ZHOU_KE_XUN,1.521418093127263,4.231635547564854,112.03595932659032,20.24117461926998,True
V5.2,X5D,100,2025,AAA/unruputer/CAO_HONG_TAI,0.38068711434866725,1.3268745460453764,5.446184193094293,0.8049838091245266,True
V5.2,X5D,100,2025,AAA/unruputer/GUO_BAO_CHUN,0.31211528477481437,0.791344581372004,1.7750657781297383,0.4362468065317358,True
V5.2,X5D,100,2025,AAA/unruputer/GUO_YU_YING,0.6682935706089592,2.2257789311635006,13.722407285033665,1.7050666449563274,False
V5.2,X5D,100,2025,AAA/unruputer/SUN_SHU_MING,0.32692228892392794,1.4502544028699191,3.712576770708284,0.3722091515530976,False
V5.2,X5D,100,2025,AAA/unruputer/WANG_MAN_TIAN,1.9341600626700126,3.96226842433368,93.19822515434568,26.061848694554214,False
V5.2,X5D,100,2025,AAA/unruputer/ZHANG_ZHI_HUA,1.7011048591510078,5.356977427001179,74.70460548786076,12.364400916699815,True
V5.2,X5D,100,2025,AAA/unruputer/ZHOU_XI_SHENG,1.4140265651783914,5.9103360739839195,79.42266806055865,6.822134968486146,True
V5.2,X5D,100,2025,AG/fast/CHEN_SHI_MING,1.3273902655464875,3.763268905005029,29.537482295285525,5.947027774225999,True
V5.2,X5D,100,2025,AG/fast/FAN_JIAN_MING,0.6983494811142598,3.0114672229786277,17.380932045890756,1.4737537891094576,False
V5.2,X5D,100,2025,AG/fast/LI_SHI_QIANG,1.2848404600037178,4.504941744560597,35.540369220249886,4.747464141038235,True
V5.2,X5D,100,2025,AG/fast/LI_ZHI_LIN,2.0460173019370766,6.201418541294914,110.31807732495815,21.193107260286116,True
V5.2,X5D,100,2025,AG/fast/WANG_YONG_FAN,1.0024084816067176,4.292869950059317,38.74525256468006,3.7695107149342104,True
V5.2,X5D,100,2025,AG/slow/CHENG_LU_LI,0.7649404700620314,4.0763082863222575,30.83012060236573,1.885811018102731,True
V5.2,X5D,100,2025,AG/slow/CHEN_JING_RU,0.7813595531013315,4.145240299818683,26.843166750835497,1.6635200369498895,False
V5.2,X5D,100,2025,AG/slow/GUAN_TONG_XIANG,0.6112368211661704,2.372475772984785,14.114260557541792,1.8983649713347692,True
V5.2,X5D,100,2025,AG/slow/LIU_ZONG_YANG,2.621144228926885,8.097104993927964,188.52902432586149,30.743957483452657,True
V5.2,X5D,100,2025,AG/slow/LI_BING_YI,1.3822243422590486,5.429423354828019,55.497318923053875,5.1411230834587,True
V5.2,X5D,100,2025,AG/slow/MA_YU,1.2225056304154305,3.978000399532755,32.911993323407664,4.12744432979268,False
V5.2,X5D,100,2025,AG/slow/QIN_SI_FU,1.4245673638956753,5.930709869305175,70.199285467931,5.714638083941773,True
V5.2,X5D,100,2025,AG/slow/SUN_WEN_QING,0.5141992373399742,2.6890980069391297,10.310263003762016,0.5811266476011846,False
V5.2,X5D,100,2025,AG/slow/WANG_BAO_SHAN,0.8440659461603858,3.9499355467516386,34.293253101408034,2.6579694288257887,False
V5.2,X5D,100,2025,AG/slow/WANG_GUI,0.796356616007965,3.6827013809898084,26.473705765694493,2.4165145133904287,True
V5.2,X5D,100,2025,AG/slow/WANG_YONG_LI,0.6135587202323328,2.7185023194494624,12.983189016324376,0.9601918709583092,True
V5.2,X5D,100,2025,AG/slow/YIN_YU_RONG,1.2317000285515083,5.061505312436657,37.467388774416754,3.9630469364753402,True
V5.2,X5D,100,2025,ILO/PAN_YIN_GEN-1/after,0.9544885876059445,3.7577721395917676,29.30514383125958,2.8558351888278426,False
V5.2,X5D,100,2025,ILO/PAN_YIN_GEN-1/before,0.7904966675455498,3.1754716950917135,23.56519968355469,2.2391409920637533,True
V5.2,X5D,100,2025,ILO/SUN_XU_XIA-1/after,2.0581580874160488,6.0409287876205475,202.71504838860014,31.073318872755383,False
V5.2,X5D,100,2025,ILO/SUN_XU_XIA-1/before,4.487345198774445,12.19183318939318,489.43694050297023,104.31173392003811,False
V5.2,X5D,100,2025,ILO/SUN_YU_SHENG-0/after,0.705827285579703,2.5615405184114186,14.503342029265115,1.6162075514074605,False
V5.2,X5D,100,2025,ILO/SUN_YU_SHENG-0/before,0.8657188295606404,2.973660792979511,19.492324655687064,2.682890938537013,True
V5.2,X5D,100,2025,ILO/WANG_LI_MIN-0/after,0.43917037739420894,1.8899178048719347,6.01317906664685,0.578224675671887,False
V5.2,X5D,100,2025,ILO/WANG_LI_MIN-0/before,0.5638312281733832,2.0825364964329203,8.124975856650941,0.9404154566633509,False
V5.2,X5D,100,2025,ILO/WENG_ZHAO_GUANG-0/after,0.6794008612236409,2.1499257333703476,11.283341028794325,1.7505023423222217,False
V5.2,X5D,100,2025,ILO/WENG_ZHAO_GUANG-0/before,0.6866554062994462,2.558593384319974,12.700710601515064,1.5904952748128125,True
V5.2,X5D,100,2025,ILO/WU_JUN-0/after,0.7673753141205981,2.3610275694316676,10.037184983478785,1.6430207038914602,False
V5.2,X5D,100,2025,ILO/WU_JUN-0/before,0.5540120607015507,2.3711870852346104,9.729965067863155,0.9236049417447053,True
V5.2,X5D,100,2025,ILO/XUE_YOU_TANG-0/before,4.138113939280595,10.843782753562573,432.40077540533184,109.48074078528462,False
V5.2,X5D,100,2025,ILO/YANG_YU_QING-1/after,1.3718282376647286,4.4833083323144844,64.31529685133866,9.379629893895943,False
V5.2,X5D,100,2025,ILO/YANG_YU_QING-1/before,2.5460712815593367,6.9830689361632245,191.45682824942702,42.095380089655656,True
V5.2,X5D,100,2025,ILO/ZHANG_JIAN_JUN-1/after,0.42937992092539323,1.7847243888383113,7.467814326386552,0.6814270365880666,False
V5.2,X5D,100,2025,ILO/ZHANG_JIAN_JUN-1/before,0.6185854999267425,2.589568926648138,16.747527354595082,1.7261087239664765,True
V5.2,X5D,100,2025,ILO/ZHANG_YAN_SHAN-0/after,1.1017321900501775,4.138333420895427,53.06518058389276,5.387218874586824,False
V5.2,X5D,100,2025,ILO/ZHANG_YAN_SHAN-0/before,1.9418943114341345,7.074490468879482,137.40443750805886,13.830348942714332,True
V5.2,X5D,100,2025,ILO/ZHAO_JIAN_PING-0/after,1.8148955635549822,4.24500925845931,73.468680408269,22.39142497002893,False
V5.2,X5D,100,2025,ILO/ZHAO_JIAN_PING-0/before,1.7562135149620994,6.108795577952538,123.13669893072286,15.838773457616387,False
V5.2,X5D,100,2025,AAA/ruputer/DING_JUN_FENG,4.059864816606377,10.46771931328709,369.6206388814588,75.54337770287783,True
V5.2,X5D,100,2025,AAA/ruputer/LI_BING_JIANG,0.7901548882597714,2.1451482001058615,18.743676688597077,3.510724621332984,True
V5.2,X5D,100,2025,AAA/ruputer/MA_XIAO_DONG,1.766653217384482,5.480759544001788,68.11581806635034,11.644286263986578,True
V5.2,X5D,100,2025,AAA/ruputer/MENG_GUANG_QIN,2.7199511020386855,4.601930127497023,92.18364679148645,45.571083595863506,True
V5.2,X5D,100,2025,AAA/ruputer/WANG_KUI_WU,2.140814015349363,7.086179031012907,165.94411219895807,21.703341188244345,True
V5.2,X5D,100,2025,AAA/unruputer/CHEN_FU_YE,1.6441172402583857,5.9595728719438075,111.05884186068224,12.437408611269285,True
V5.2,X5D,100,2025,AAA/unruputer/CHEN_SHU_LIN,1.0632764420383503,2.8834434297185005,24.578362017968786,5.508350164147724,True
V5.2,X5D,100,2025,AAA/unruputer/FENG_ZHI_YING,2.1160513863454433,5.83444409487982,131.60942587783873,30.860023171938533,True
V5.2,X5D,100,2025,AAA/unruputer/MA_JIN_HE,1.3558781150863022,3.7143120362268687,72.65855986671251,19.712165239766108,False
V5.2,X5D,100,2025,AAA/unruputer/QIAO_XIU_YUN,0.9848598215234116,3.6905139489330185,28.69365497684893,3.169027559909724,True
V5.2,X5D,100,2025,AAA/unruputer/YAN_FU_TANG,2.068538161420382,6.450001187196827,152.42342869485313,26.423015233068153,True
V5.2,X5D,100,2025,AAA/unruputer/ZHANG_GUI_HUA,0.6067971595802049,2.789698018856946,15.895906928278727,1.2942140663645387,False
V5.2,X5D,100,2025,AG/fast/LI_SHU_KUN,1.2239386473521758,5.714728753147314,51.50729605947091,3.8541715600105686,True
V5.2,X5D,100,2025,AG/fast/LI_ZHEN_SHAN,0.877579371466068,3.3918277628145326,19.937918094855608,2.211497483921027,True
V5.2,X5D,100,2025,AG/fast/YAO_CUN_HONG,1.6744303381997974,7.475862533522821,104.36396915450877,8.379786706914865,False
V5.2,X5D,100,2025,AG/fast/ZHANG_CHUN,2.849894492804809,8.133334796129043,183.97757033176913,37.075228321557134,False
V5.2,X5D,100,2025,AG/fast/ZHANG_QING_WANG,1.0494730999463795,5.330500605071768,58.23008502798455,3.6903654856073675,True
V5.2,X5D,100,2025,AG/slow/HE_SHU_ZHEN,1.1166845101129659,4.458812784020269,33.03277648922501,3.115374884902291,False
V5.2,X5D,100,2025,AG/slow/LIU_FA_CHUN,2.584341647525073,9.713993074380417,198.1678501062539,20.055052937327627,True
V5.2,X5D,100,2025,AG/slow/LIU_FENG,1.559648467867241,6.82821389001529,97.60726195346815,8.778058881484288,True
V5.2,X5D,100,2025,AG/slow/LI_CHONG_ZENG,1.4571069458913635,6.817950020326822,72.85597879412683,4.866316787352982,True
V5.2,X5D,100,2025,AG/slow/MA_TIAN_YI,4.2798866904736315,13.211622550285794,407.496020237698,69.79860057668105,False
V5.2,X5D,100,2025,AG/slow/NIE_QUAN_ZHONG,2.444004966948399,6.971520014835111,103.76248565644599,24.622534465744792,False
V5.2,X5D,100,2025,AG/slow/NI_YAN_BIN,2.5353015376906187,7.63272153181254,142.80529321904206,25.085663904902443,True
V5.2,X5D,100,2025,AG/slow/SHEN_ZHI_GANG,1.8624247674583159,6.275638368398758,118.21090278225475,16.362834761378068,True
V5.2,X5D,100,2025,AG/slow/WU_FENG_YAN,0.7825752801653124,4.103783392941793,29.427837706032058,2.012514545110911,True
V5.2,X5D,100,2025,AG/slow/ZHANG_JUN_HUA,2.0632212294813246,8.284258398127253,126.08610221141163,11.777690518079208,True
V5.2,X5D,100,2025,AG/slow/ZHANG_QUAN_YOU,1.2304873057458199,5.718389573404115,55.856207113619064,5.725220199939887,True
V5.2,X5D,100,2025,AG/slow/ZHANG_SONG_TIAN,0.7431860488865356,3.4186589025841823,18.215220989652536,1.3446307743612285,True
V5.2,X5D,100,2025,ILO/CUI_WEI_PING-0/after,0.6702276128791345,2.5333275486678817,13.413685104121395,1.604921856174109,False
V5.2,X5D,100,2025,ILO/CUI_WEI_PING-0/before,1.0223613366812834,3.724526213465441,27.383086315986276,3.6528715075775593,True
V5.2,X5D,100,2025,ILO/GENG_CHUN_LAI-1/after,0.9078300709362278,3.329710513063734,27.33138646294412,3.2644090319161494,False
V5.2,X5D,100,2025,ILO/GENG_CHUN_LAI-1/before,1.5693045158023604,6.0069542876195525,74.50176786109033,7.850590166876211,True
V5.2,X5D,100,2025,ILO/LIN_CHUN_YANG-1/after,0.5704890262045147,2.054718295628981,8.824292315823762,1.0455689219390516,False
V5.2,X5D,100,2025,ILO/LIN_CHUN_YANG-1/before,1.8716955170516136,4.898840521998173,72.13591141169327,16.23227076854575,True
V5.2,X5D,100,2025,ILO/LI_YOU_ZHI-0/after,0.37306030280400376,1.3131424496530564,3.293284662493258,0.3562524115871939,False
V5.2,X5D,100,2025,ILO/LI_YOU_ZHI-0/before,0.4802186582932677,1.7785040868983089,7.680918459801692,0.9950297027431868,False
V5.2,X5D,100,2025,ILO/LI_YU_GANG-0/after,0.8409914809744073,2.281300062447903,16.053841053293848,3.6537545678091052,False
V5.2,X5D,100,2025,ILO/LI_YU_GANG-0/before,0.6033989816712924,2.0798349732553363,14.1808770339175,2.2273845672871055,False
V5.2,X5D,100,2025,ILO/WANG_CAI-0/after,1.1643646360736375,3.3590240657345696,65.56565282471435,10.283623190464569,False
V5.2,X5D,100,2025,ILO/WANG_JIN_MING-0/after,0.7866376627523438,2.8687006418388257,16.503180223537605,2.198648317636153,False
V5.2,X5D,100,2025,ILO/WANG_JIN_MING-0/before,5.815326815042811,10.391614904611252,551.0038375183153,204.59369085837508,True
V5.2,X5D,100,2025,ILO/WANG_SHU_SHENG-0/after,1.6125003496098722,4.390982756019013,56.116555041913045,11.426860926876607,False
V5.2,X5D,100,2025,ILO/WANG_SHU_SHENG-0/before,1.3999651042130665,4.365596433389344,46.55317194070791,7.303856517522561,True
V5.2,X5D,100,2025,ILO/WEI_QING_FENG-1/after,1.0669602520790256,3.2154691711418857,29.339164099540646,5.068812581439158,False
V5.2,X5D,100,2025,ILO/WEI_QING_FENG-1/before,1.7080074522538822,5.69546056440348,76.05877327565295,10.977741302609,False
V5.2,X5D,100,2025,ILO/YANG_QING_REN-1/before,2.928161393311734,8.243361365755417,205.81716588835636,39.470242032105325,False
V5.2,X5D,100,2025,ILO/ZHANG_YONG_SHENG-0/after,0.4052756853745942,1.8194063291927332,6.282024914192741,0.46420587227006854,False
V5.2,X5D,100,2025,ILO/ZHANG_YONG_SHENG-0/before,0.7410474167169627,2.3390057957495074,11.934721516415857,2.2052013911926456,False
V5.2,X5Dcap,100,1234,AAA/ruputer/CHEN_FU,0.7408470849214318,2.99183350643142,21.016149240434114,1.9804983435677614,False
V5.2,X5Dcap,100,1234,AAA/ruputer/LIU_JI_XIN,1.20447107221557,4.434655915377273,60.774899061445616,6.847062947526768,True
V5.2,X5Dcap,100,1234,AAA/ruputer/LV_GUO_YOU,1.2238187742387119,4.870842197652798,50.97794070749169,4.805740764782711,False
V5.2,X5Dcap,100,1234,AAA/ruputer/SU_KAI_LI,0.5415164244125603,1.8727082931047392,20.905363189042077,2.334264277915828,False
V5.2,X5Dcap,100,1234,AAA/ruputer/TONG_XUE_LIAN,0.4270399291198406,1.7138957194930158,7.8414343044748405,0.6931995839924397,True
V5.2,X5Dcap,100,1234,AAA/ruputer/YU_TIAN_HAI,1.7451206682607143,5.806504572459942,76.00426850741304,10.339595903762108,False
V5.2,X5Dcap,100,1234,AAA/unruputer/GAO_WEI_LI,0.6660571082206325,2.8441599013012886,19.215496876910642,1.7065826893308669,True
V5.2,X5Dcap,100,1234,AAA/unruputer/LIN_JIAN_RONG,2.877998838264893,8.047568441788673,211.65327367041573,39.17486328617866,True
V5.2,X5Dcap,100,1234,AAA/unruputer/LI_YOU_YU,0.6802104230348176,2.16490312501305,13.123072020828841,2.7296788371926395,True
V5.2,X5Dcap,100,1234,AAA/unruputer/SHEN_CHUN_WANG,1.0985692432047187,3.86801851003588,28.108562755089046,3.506937150832629,True
V5.2,X5Dcap,100,1234,AAA/unruputer/ZHANG_XUN_LIAN,0.48879527997384975,1.6350088741029847,7.232666070830891,1.2632102903016411,True
V5.2,X5Dcap,100,1234,AAA/unruputer/ZHU_ZI_HAI,0.5616321618223254,3.067920899520899,18.957089595100175,0.8792946204985765,True
V5.2,X5Dcap,100,1234,AG/fast/HAN_JIAN_JUN,0.7603384336988849,3.1003336947623468,21.668393765498728,2.222034323274559,True
V5.2,X5Dcap,100,1234,AG/fast/LIU_JUN_FENG,0.5113462179102575,2.4229270611653195,11.301038868882843,1.9673316241811085,True
V5.2,X5Dcap,100,1234,AG/fast/LIU_LI_QUN,0.7354112563288026,3.8525098627103835,23.48888038368749,1.487406912797086,True
V5.2,X5Dcap,100,1234,AG/fast/LOU_YANG,0.9861354504155296,5.333864687945243,50.84754696155906,2.601788658204673,False
V5.2,X5Dcap,100,1234,AG/fast/WANG_CHUN_MING,1.0342666364645337,4.9020424085490015,41.244201735425975,2.9089117032362597,True
V5.2,X5Dcap,100,1234,AG/slow/A_MIN_SE_HA_CHI,0.9257592649650638,3.485531646181169,31.818232734627504,5.117847223890905,True
V5.2,X5Dcap,100,1234,AG/slow/CAO_FENG_CHI,1.4607263733206863,6.170672043043534,62.448615615359834,5.470455610400077,True
V5.2,X5Dcap,100,1234,AG/slow/GONG_HUI_XIA,0.46532888413579204,2.9383464063472715,12.964783250734289,0.43757570590779565,True
V5.2,X5Dcap,100,1234,AG/slow/GUO_XI_JIANG,1.0999163645232473,5.341587085601477,61.74578925883366,4.561839855929722,False
V5.2,X5Dcap,100,1234,AG/slow/KANG_XI_MING,1.8799466322272405,7.361003600886599,99.33919404120445,9.653603010194585,True
V5.2,X5Dcap,100,1234,AG/slow/LIN_SHU_TIAN,1.7043455628121047,6.840133490265334,88.18127988739904,7.623805286608435,False
V5.2,X5Dcap,100,1234,AG/slow/LI_GUI_YING,2.7009847154877673,8.854308039004852,183.44296184487115,22.64207718580261,True
V5.2,X5Dcap,100,1234,AG/slow/LI_HUAN_GE,2.280287204732824,7.342901174416122,105.37836075454415,12.863181868574218,False
V5.2,X5Dcap,100,1234,AG/slow/TE_JIN_WANG,1.3165821500990758,5.2867208243257995,58.50123043638264,6.189739554313034,False
V5.2,X5Dcap,100,1234,AG/slow/WEI_JUN_WEN,0.4942494603651352,2.627213772097452,11.02589383821926,0.8010074019538651,False
V5.2,X5Dcap,100,1234,AG/slow/WU_YI_FA,1.2451359432455777,5.848954401789787,58.426270723046834,4.305758680319657,True
V5.2,X5Dcap,100,1234,AG/slow/ZHANG_LING_GUANG,0.8105875601779673,3.6587347315638334,26.676955102557784,2.1971173134236808,True
V5.2,X5Dcap,100,1234,ILO/DONG_KE_QIN-0/after,0.7377450141774493,2.2924201356066702,13.493121945049692,2.152470815349381,False
V5.2,X5Dcap,100,1234,ILO/DONG_KE_QIN-0/before,0.6408393037710548,2.09535600187973,11.783519875638483,1.8314902687930108,False
V5.2,X5Dcap,100,1234,ILO/HOU_SHI_GUO-0/after,0.7513271412431818,2.8271915914788943,19.773817142225337,2.2574105106026128,False
V5.2,X5Dcap,100,1234,ILO/HOU_SHI_GUO-0/before,2.3272495747295943,7.21830848347467,160.7798164290837,22.680226929668482,True
V5.2,X5Dcap,100,1234,ILO/LIU_BAO_JUN-0/after,1.3609711698865528,2.950701830011388,52.796010512172614,16.88689867801083,False
V5.2,X5Dcap,100,1234,ILO/LIU_BAO_JUN-0/before,0.6517852442607223,1.9002290286139563,10.055864784345745,1.9790284515261007,True
V5.2,X5Dcap,100,1234,ILO/LIU_LIAN_YOU-0/after,0.8266345431714283,2.8912675670464987,19.89085544624444,3.026970843914903,False
V5.2,X5Dcap,100,1234,ILO/LIU_LIAN_YOU-0/before,1.2189443700277038,3.340464523888479,34.75574044868209,7.25578206599197,True
V5.2,X5Dcap,100,1234,ILO/LIU_YUE_DONG-0/after,0.8159779915730182,2.782403065948192,17.633983071271068,2.1921145438516736,False
V5.2,X5Dcap,100,1234,ILO/LIU_YUE_DONG-0/before,0.8106936385964232,3.3081279320603265,20.194020602630463,2.5304969952062115,True
V5.2,X5Dcap,100,1234,ILO/LI_BO_JUN-1/after,0.8068344506483379,2.5600062960397714,17.980769746688605,2.770222896199212,False
V5.2,X5Dcap,100,1234,ILO/LI_BO_JUN-1/before,1.7191394092428103,4.509235974816815,78.9411697329769,17.673754576400718,False
V5.2,X5Dcap,100,1234,ILO/SHEN_CHUN_WANG-0/after,0.712777018489831,2.3141913050137086,11.665328781523698,1.655525645400899,False
V5.2,X5Dcap,100,1234,ILO/SHEN_CHUN_WANG-0/before,1.1573787784828133,3.630439152871617,29.27657215367769,4.595228035446196,False
V5.2,X5Dcap,100,1234,ILO/SUN_DONG_XIN-0/after,0.5792663818188497,2.5035548053526595,12.472073643573172,0.9923066104801204,False
V5.2,X5Dcap,100,1234,ILO/SUN_DONG_XIN-0/before,0.5722320909514784,2.4919734390281945,13.807935033292738,1.3669571579689945,False
V5.2,X5Dcap,100,1234,ILO/WAGN_LI_JUN-1/after,0.774705844433556,2.2155448703384417,14.09729748172141,2.6105507025804457,False
V5.2,X5Dcap,100,1234,ILO/WAGN_LI_JUN-1/before,1.2143759388208564,4.190104407364758,66.05751416472077,7.851736702532967,True
V5.2,X5Dcap,100,1234,ILO/WANG_TIAN_QING-1/after,0.623232660632603,2.5004722088218103,14.517951727026697,1.5420010140263805,False
V5.2,X5Dcap,100,1234,ILO/WANG_TIAN_QING-1/before,1.1135493671462169,3.5691361282528224,63.34332745843718,9.992009138736929,True
V5.2,X5Dcap,100,1234,ILO/XIONG_DONG_SUO-0/after,1.0723143208065922,3.448601313712777,61.49097180996401,11.100453532387439,False
V5.2,X5Dcap,100,1234,ILO/XIONG_DONG_SUO-0/before,0.6110734552175926,2.3249787159282818,19.58255089367013,2.46377744654065,False
V5.2,X5Dcap,100,1234,ILO/YAO_GUO_CHEN-0/after,0.7550635093036051,3.4465237984163473,29.026153609013093,2.177898760891335,False
V5.2,X5Dcap,100,1234,ILO/YAO_GUO_CHEN-0/before,1.7489731232910717,5.287628099523142,93.92314863020482,21.66663473493064,True
V5.2,X5Dcap,100,1234,ILO/YU_XIANG_SHENG-1/after,1.0918984948852544,3.583468776689441,31.427174097325857,3.5354352668499844,False
V5.2,X5Dcap,100,1234,ILO/YU_XIANG_SHENG-1/before,1.0873057968174598,4.283221739526996,42.98376432031388,3.8762572238685853,False
V5.2,X5Dcap,100,1234,AAA/ruputer/GUO_AI_JUN,2.4162003835380683,7.449840996752351,166.43543881394314,23.076414671756453,True
V5.2,X5Dcap,100,1234,AAA/ruputer/LIU_YONG_LAN,0.6149551769932604,2.154298328684825,17.986341321231702,2.48418730922864,True
V5.2,X5Dcap,100,1234,AAA/ruputer/WANG_AN,1.5195227238189994,4.367029000448692,92.9718956359118,19.059777726756014,True
V5.2,X5Dcap,100,1234,AAA/ruputer/WU_GUANG_CUN,2.003838078794605,6.954084807370937,257.72455967097324,27.423881485916766,True
V5.2,X5Dcap,100,1234,AAA/ruputer/ZHANG_MAO_JIN,0.8817444064502317,2.6295907298072283,15.947729599849643,2.407106921597171,True
V5.2,X5Dcap,100,1234,AAA/ruputer/ZUO_DAO_SHENG,0.9003294676697311,2.9315329954068625,38.9033055049693,6.046906566257656,True
V5.2,X5Dcap,100,1234,AAA/unruputer/CHEN_LIANG_FU,0.5988158806640016,2.010021235052449,11.856954581775907,1.6149979765170934,True
V5.2,X5Dcap,100,1234,AAA/unruputer/GAO_DIAN_WEN,0.6304970292653289,3.1348542477559045,20.424033212702113,1.4551980506090645,False
V5.2,X5Dcap,100,1234,AAA/unruputer/LIU_JIE,1.4007436272360028,4.969619492379978,77.57118486459343,9.601180423717352,True
V5.2,X5Dcap,100,1234,AAA/unruputer/LIU_LI_FENG,0.8424343467765402,3.353359137332773,44.25403522800125,4.448642121210842,True
V5.2,X5Dcap,100,1234,AAA/unruputer/LIU_XING_GUO,0.5498055534298394,3.2585904048475873,20.461996235860447,0.8493868575297481,True
V5.2,X5Dcap,100,1234,AAA/unruputer/SHEN_FANG_JIN,0.47097872384580375,1.640102195485246,7.393989904466414,1.096084278833639,True
V5.2,X5Dcap,100,1234,AG/fast/LIU_YI_BING,0.718784204082265,5.131292744577097,49.93639551925239,1.7104278763883147,True
V5.2,X5Dcap,100,1234,AG/fast/PENG_JI_MING,1.1371587439134898,4.26190413536515,37.41348052527692,4.031687638589765,False
V5.2,X5Dcap,100,1234,AG/fast/SUN_ZHI_YU,0.503181271131097,2.6229413039823064,11.020099765330107,0.6871717586713358,False
V5.2,X5Dcap,100,1234,AG/fast/ZHANG_LIANG,0.6916448614701565,4.137625654752519,33.675306389227394,1.664624127031122,False
V5.2,X5Dcap,100,1234,AG/fast/ZHANG_XIU_WEN,0.8371108040508779,3.655839880935059,22.58873316150414,1.8718713289296576,True
V5.2,X5Dcap,100,1234,AG/slow/BAI_WEN_JIE,0.7749954795090668,3.8999293011770098,28.439857711811907,2.191195620736112,False
V5.2,X5Dcap,100,1234,AG/slow/CHENG_GUANG_SEN,0.6209874128992988,3.0527146390463518,14.967695130403131,0.9556192539178043,True
V5.2,X5Dcap,100,1234,AG/slow/DING_LIAN_ZHONG,1.1362546168849532,5.604275317227923,57.46990770676308,4.03294242329254,True
V5.2,X5Dcap,100,1234,AG/slow/LU_ZHEN_QING,1.3234785405352143,6.065024485873685,99.44994737875861,7.47555416630232,True
V5.2,X5Dcap,100,1234,AG/slow/MI_DE_XI,2.1556266090605463,8.628868617291074,192.71693992666115,18.495763208963236,True
V5.2,X5Dcap,100,1234,AG/slow/QU_HE_PING,1.4348024820664944,5.2783702119799125,58.33651984700764,6.532848428266266,True
V5.2,X5Dcap,100,1234,AG/slow/WANG_KE,3.3980591454683884,10.655591211013716,203.72227608935495,29.6505026675957,True
V5.2,X5Dcap,100,1234,AG/slow/WEI_BAO_XING,0.7209979422737283,3.0376911397751063,23.15417497643126,2.2527627545833315,True
V5.2,X5Dcap,100,1234,AG/slow/XI_CHENG_JIANG,0.9050602122890108,4.303623430097886,29.276106225412153,2.291851405536489,True
V5.2,X5Dcap,100,1234,AG/slow/YANG_YOU_SHENG,0.8216816579007304,4.280526671285049,30.970811381146113,1.934423582927288,True
V5.2,X5Dcap,100,1234,AG/slow/ZHANG_HUAN_LI,1.2652530197893177,5.482447490466909,70.47119610415659,6.001773990057908,False
V5.2,X5Dcap,100,1234,AG/slow/ZHANG_ZHI_JUN,1.1964190873476348,5.888155859015022,58.88411848465769,3.829721619973488,True
V5.2,X5Dcap,100,1234,ILO/GAO_SHU_CAI-0/after,0.9276703566375034,3.1604519232202413,29.17973401453175,5.0376819270672915,False
V5.2,X5Dcap,100,1234,ILO/GAO_SHU_CAI-0/before,0.8115022598215588,2.4961900595200994,19.185343422204017,2.7266000586808805,True
V5.2,X5Dcap,100,1234,ILO/GUO_AI_JUN-0/after,1.143162696422081,3.4818888653770035,54.130925715571166,9.444639956433267,False
V5.2,X5Dcap,100,1234,ILO/GUO_AI_JUN-0/before,1.0127775962246703,2.846687213573358,35.94437029412065,7.110223242117324,False
V5.2,X5Dcap,100,1234,ILO/LIU_CHUN_YANG-1/after,0.733873057500899,2.5337530342159913,13.929782979045523,1.814652832860111,False
V5.2,X5Dcap,100,1234,ILO/LIU_CHUN_YANG-1/before,1.340632752203243,4.433851615983138,55.145839477988545,8.306890441578727,False
V5.2,X5Dcap,100,1234,ILO/LIU_YUN_ZHANG-0/after,0.7633336810175417,3.066511309301898,29.07481405646554,2.63900460418705,False
V5.2,X5Dcap,100,1234,ILO/LIU_YUN_ZHANG-0/before,0.7420271958833485,2.920038434976278,27.01822953326439,2.6392065781517333,False
V5.2,X5Dcap,100,1234,ILO/LU_FU_SHAN-0/after,0.7013009857793134,2.605072763946019,18.860392383846865,2.1953397926521094,False
V5.2,X5Dcap,100,1234,ILO/LU_FU_SHAN-0/before,1.2238494038613237,4.730034274601319,48.09283839184349,4.735213887593204,False
V5.2,X5Dcap,100,1234,ILO/LV_JIAN_HUA-0/after,0.9490392761377638,3.8727032073844523,33.106969354323205,3.500908665056144,False
V5.2,X5Dcap,100,1234,ILO/LV_JIAN_HUA-0/before,0.7436809934138353,2.847487177360422,18.19514423676456,1.7114139519720728,True
V5.2,X5Dcap,100,1234,ILO/SUN_CHUN_PU-0/after,0.937455856160447,3.1520660201109085,25.5838664780902,4.628559028920128,False
V5.2,X5Dcap,100,1234,ILO/SUN_CHUN_PU-0/before,1.2506452896780964,4.088498696180674,46.108462846083654,7.1212343125573145,False
V5.2,X5Dcap,100,1234,ILO/SUN_DE_QI-1/after,1.4116141416950645,3.9743662390367227,50.83284308938841,9.21532454667925,False
V5.2,X5Dcap,100,1234,ILO/SUN_DE_QI-1/before,1.279264279149723,4.056411270278355,51.232673347143674,7.096311667438496,True
V5.2,X5Dcap,100,1234,ILO/WANG_XIAO_LIN-0/after,0.6913798664631332,2.3515349657488125,15.962611012509246,2.052233623601511,False
V5.2,X5Dcap,100,1234,ILO/WANG_XIAO_LIN-0/before,2.220324157277919,6.225273341181436,140.0670621950337,22.296877267374963,True
V5.2,X5Dcap,100,1234,ILO/XIE_ZHI_FU-0/after,1.0602081962104861,3.166523011437513,22.61334306094672,3.385238594753789,False
V5.2,X5Dcap,100,1234,ILO/XIE_ZHI_FU-0/before,1.0257493637535986,2.912785300882459,23.479895680972408,4.639381900602668,True
V5.2,X5Dcap,100,1234,ILO/ZHANG_JIN_CHUN-1/after,1.1882949184001879,2.9572296232957687,44.51030622254935,14.472419672299958,False
V5.2,X5Dcap,100,1234,ILO/ZHANG_JIN_CHUN-1/before,2.325299571025608,6.021284678046796,160.47203150440788,38.348787048166756,False
V5.2,X5Dcap,100,1234,ILO/ZHANG_MAO_JIN-0/after,0.6391826967611829,1.9840147376467463,11.373815070138216,1.5634618683235681,False
V5.2,X5Dcap,100,1234,ILO/ZHANG_MAO_JIN-0/before,1.2455398945265512,3.9947743629441814,57.275210014920816,6.458896575066158,False
V5.2,X5Dcap,100,1234,ILO/ZHANG_WAN_ZENG-1/after,1.9489046731546984,4.226823186221868,85.81271760208928,19.012401292360597,False
V5.2,X5Dcap,100,1234,ILO/ZHANG_WAN_ZENG-1/before,3.397397300562244,7.569019393933783,255.0440746506557,79.73039397071051,False
V5.2,X5Dcap,100,1234,ILO/ZHAO_CHANG_SHAN-0/after,1.6277660604142672,4.611150478599526,68.75923456028728,15.524276945289184,False
V5.2,X5Dcap,100,1234,ILO/ZHAO_CHANG_SHAN-0/before,5.358658731824021,10.634950593706868,370.99232595253847,132.94458633596312,True
V5.2,X5Dcap,100,1234,AAA/ruputer/GAO_FENG_SHAN,0.7137784078433352,2.03753703851081,13.141723801014932,2.4168052805016336,True
V5.2,X5Dcap,100,1234,AAA/ruputer/HUO_SHI_LIANG,1.4117746268825613,4.651739969935164,63.2318045148085,8.83723319237111,True
V5.2,X5Dcap,100,1234,AAA/ruputer/LIN_LIANG_XIAO,1.4092521348552252,4.346704564328634,59.85686950834659,9.589328003136938,True
V5.2,X5Dcap,100,1234,AAA/ruputer/WANG_FU_SHUN,2.052809142364401,5.025010594293936,94.8502233907485,21.495618818796448,False
V5.2,X5Dcap,100,1234,AAA/ruputer/XIE_JIN_QUAN,1.121752625780372,3.4684101126546927,42.1810359391909,6.367438494690058,True
V5.2,X5Dcap,100,1234,AAA/ruputer/ZOU_LI_SHUN,1.3492165723428764,6.0598059119967145,63.38064566805187,4.783232896420236,True
V5.2,X5Dcap,100,1234,AAA/unruputer/CAO_DIAN_HE,0.3557229773575701,1.4151923203853616,5.452815159976291,0.530497561051838,False
V5.2,X5Dcap,100,1234,AAA/unruputer/HAN_JIAN_FU,0.6567547777602535,2.624829909413056,14.005638485301713,1.4201408401422517,True
V5.2,X5Dcap,100,1234,AAA/unruputer/LIU_CHENG_ZHANG,0.7676362251279665,2.9926854177547035,21.174288948865577,2.4575913460382544,True
V5.2,X5Dcap,100,1234,AAA/unruputer/LIU_KANG_WEN,0.9270582115448004,4.812939273747851,48.3982414101119,2.431963772656216,False
V5.2,X5Dcap,100,1234,AAA/unruputer/YANG_BEN_RUI,0.4282252546511245,1.6594835742166325,5.384164159342528,0.6138948168698485,True
V5.2,X5Dcap,100,1234,AAA/unruputer/ZHANG_YONG_ZHI,3.0583361552446013,7.297355275904969,205.98219187481664,46.66442580930272,False
V5.2,X5Dcap,100,1234,AG/fast/LIU_FENG_MING,1.103686069916062,4.7472446503834105,52.492849158687676,4.403570643628289,True
V5.2,X5Dcap,100,1234,AG/fast/RAN_QING_BO,0.8269722950184725,4.1305700593143735,56.72770084868055,3.7409332685375416,False
V5.2,X5Dcap,100,1234,AG/fast/WANG_DAO_CHUN,2.5340324341751677,8.460594571147846,178.94256783849704,26.168457380315203,True
V5.2,X5Dcap,100,1234,AG/fast/ZHANG_HAO,1.1874676136444517,4.570449326298646,43.3107942839982,4.218387488089346,True
V5.2,X5Dcap,100,1234,AG/fast/ZHANG_XIU_ZHEN,0.5612490712578229,2.8417692070729768,14.498496143402052,1.0319403666164775,True
V5.2,X5Dcap,100,1234,AG/slow/LIU_JIN_LIANG,1.0882070157943247,5.2820480410124695,48.14996544690595,3.3179902890292556,True
V5.2,X5Dcap,100,1234,AG/slow/LV_FU_LONG,1.066963357813732,4.386930804130545,48.83742513304365,4.744950389284319,True
V5.2,X5Dcap,100,1234,AG/slow/SUN_ZONG_GE,3.5631874142630786,8.27749472373084,209.91724743620927,54.45012319170552,True
V5.2,X5Dcap,100,1234,AG/slow/WANG_DENG_FENG,2.5451525847960976,6.4421648234595095,100.02339887144286,25.231369416565478,False
V5.2,X5Dcap,100,1234,AG/slow/WANG_GUANG_CHAO,1.2216991573779763,4.614445391663087,39.80053643021218,4.536277785885176,True
V5.2,X5Dcap,100,1234,AG/slow/WANG_YAN_LING,0.9741331520836171,4.494127975271114,30.36056416694121,2.439627136627161,True
V5.2,X5Dcap,100,1234,AG/slow/XU_YI_CAI,0.5273399887724014,2.410303175785394,10.347809986080422,0.8246509982383202,True
V5.2,X5Dcap,100,1234,AG/slow/ZANG_YU_SHU,0.3460538019137397,2.1634077010875474,7.53152965337858,0.32090866595419393,True
V5.2,X5Dcap,100,1234,AG/slow/ZHANG_JING_SHUN,1.0615379591758956,3.363546346055187,23.74456773588907,4.699852569957527,True
V5.2,X5Dcap,100,1234,AG/slow/ZHANG_QING_SHUI,1.4275078033415516,5.676999896579578,72.96072033856338,7.760412975371449,True
V5.2,X5Dcap,100,1234,AG/slow/ZHANG_WEI_XIAN,1.9571286659975042,6.510907860837576,75.05890052444808,9.968738676097212,False
V5.2,X5Dcap,100,1234,AG/slow/ZHAO_XIU_XUAN,0.8688397339166677,4.092126711668704,30.88023410957455,2.5546741331857308,False
V5.2,X5Dcap,100,1234,ILO/AN_GUANG_JIE-0/after,1.5676400495311846,5.284293944837935,63.139728400246405,7.632502318830531,False
V5.2,X5Dcap,100,1234,ILO/AN_GUANG_JIE-0/before,0.9089705077717645,3.574409216133782,25.039956437404225,2.7864995180217047,True
V5.2,X5Dcap,100,1234,ILO/BAO_EN_YUN-0/after,0.8338982768782939,2.6791721537448088,25.764479809023708,4.712590556846715,False
V5.2,X5Dcap,100,1234,ILO/BAO_EN_YUN-0/before,1.194076287686223,3.7908708777658124,43.06386448880109,7.327640605820194,True
V5.2,X5Dcap,100,1234,ILO/DONG_JIA_JU-1/after,0.6217731364668813,2.498697041169414,14.585995823724014,1.4998060659634045,False
V5.2,X5Dcap,100,1234,ILO/DONG_JIA_JU-1/before,0.7989203266919201,3.059519791485799,25.60886958214418,3.2208896901138218,False
V5.2,X5Dcap,100,1234,ILO/GONG_HAI_ZENG-1/after,1.116395243631784,3.4626317396732005,33.71630887633731,5.085063019577577,False
V5.2,X5Dcap,100,1234,ILO/GONG_HAI_ZENG-1/before,2.083282508183044,5.495845351343775,107.16027555862578,23.876307467958622,True
V5.2,X5Dcap,100,1234,ILO/GUO_QING_SHAN-0/after,1.2800750102173946,4.145374252872808,49.62588769878865,7.920672614991555,False
V5.2,X5Dcap,100,1234,ILO/GUO_QING_SHAN-0/before,1.3952379048880796,5.0348014077575565,53.9909917213027,6.303399710790709,True
V5.2,X5Dcap,100,1234,ILO/GUO_YU_SHU-0/after,0.7228281749443229,2.534641043685534,16.586700480741822,1.9552252560544243,False
V5.2,X5Dcap,100,1234,ILO/GUO_YU_SHU-0/before,1.625101272489236,4.920912603556298,63.86524185105455,9.636459129285038,True
V5.2,X5Dcap,100,1234,ILO/LI_FA_XIANG-1/after,0.9431894610708008,3.02574100857652,40.3007060545401,6.957557940463154,False
V5.2,X5Dcap,100,1234,ILO/LI_SHENG_WEN-0/after,0.8802922368077601,3.1308673846422037,23.95820278080455,2.4922329351650196,False
V5.2,X5Dcap,100,1234,ILO/LI_SHENG_WEN-0/before,1.3371983802994387,3.9642292537872144,41.65832073530187,6.292399213918474,True
V5.2,X5Dcap,100,1234,ILO/YANG_WANG_QI-1/after,0.9005412954741371,3.0532699735222706,35.36673218870121,5.868928238317501,False
V5.2,X5Dcap,100,1234,ILO/YANG_WANG_QI-1/before,2.361937868806403,6.949511004651124,236.55005645293733,42.40287256880322,True
V5.2,X5Dcap,100,1234,ILO/YANG_WEN_TAI-0/after,0.462702631857204,1.7704143949214601,8.543490936613143,0.8374727747004349,False
V5.2,X5Dcap,100,1234,ILO/YANG_WEN_TAI-0/before,0.649895462443,2.459337813844964,18.891124914337894,1.9041702060689036,False
V5.2,X5Dcap,100,1234,ILO/ZHANG_HE_PING-0/after,0.8462749308687812,3.248198838208183,23.246963780778973,2.2338394702076556,False
V5.2,X5Dcap,100,1234,ILO/ZHANG_HE_PING-0/before,0.7075007302192228,2.760201453131012,16.174038989825313,1.6522869960172688,False
V5.2,X5Dcap,100,1234,AAA/ruputer/FENG_LI_XIN,0.6033899879344586,2.1214083458199364,10.639963499911126,1.217251723558904,True
V5.2,X5Dcap,100,1234,AAA/ruputer/KANG_YONG,0.3467935881712736,1.7751382182199138,5.007907687124787,0.2808924234502881,False
V5.2,X5Dcap,100,1234,AAA/ruputer/LI_LAO_PING,2.077230683647962,5.698746129854421,74.16615406801773,13.315922750567164,True
V5.2,X5Dcap,100,1234,AAA/ruputer/LI_ZHEN_HUA,1.1994586422871987,6.017556926644632,76.02240044405565,4.311633235802086,False
V5.2,X5Dcap,100,1234,AAA/ruputer/ZHOU_KE_XUN,1.5444752437616085,4.231635547564854,112.03595932659032,22.00793559558581,True
V5.2,X5Dcap,100,1234,AAA/unruputer/CAO_HONG_TAI,0.3206293664676076,1.3268745460453764,5.446184193094293,0.6527579573253288,True
V5.2,X5Dcap,100,1234,AAA/unruputer/GUO_BAO_CHUN,0.30807590948909186,0.791344581372004,1.7750657781297383,0.5525230843757211,True
V5.2,X5Dcap,100,1234,AAA/unruputer/GUO_YU_YING,0.6756511826908788,2.2257789311635006,13.722407285033665,1.8113280989277978,False
V5.2,X5Dcap,100,1234,AAA/unruputer/SUN_SHU_MING,0.30948104104228435,1.4502544028699191,3.712576770708284,0.36183436983962197,False
V5.2,X5Dcap,100,1234,AAA/unruputer/WANG_MAN_TIAN,1.5904581548186605,3.96226842433368,93.19822515434568,24.301424119531614,False
V5.2,X5Dcap,100,1234,AAA/unruputer/ZHANG_ZHI_HUA,1.5638251136714456,5.356977427001179,74.70460548786076,10.3238784332884,True
V5.2,X5Dcap,100,1234,AAA/unruputer/ZHOU_XI_SHENG,1.5231933023041577,5.9103360739839195,79.42266806055865,7.960960646618669,True
V5.2,X5Dcap,100,1234,AG/fast/CHEN_SHI_MING,1.0797547466244106,3.763268905005029,29.537482295285525,3.9601148505057684,True
V5.2,X5Dcap,100,1234,AG/fast/FAN_JIAN_MING,0.6507158059715189,3.0114672229786277,17.380932045890756,1.306335076389311,False
V5.2,X5Dcap,100,1234,AG/fast/LI_SHI_QIANG,1.1041270503536544,4.504941744560597,35.540369220249886,3.4065771357720216,True
V5.2,X5Dcap,100,1234,AG/fast/LI_ZHI_LIN,1.9851506897160014,6.201418541294914,110.31807732495815,18.573845900915018,True
V5.2,X5Dcap,100,1234,AG/fast/WANG_YONG_FAN,1.0163448925346623,4.292869950059317,38.74525256468006,3.781233090740556,True
V5.2,X5Dcap,100,1234,AG/slow/CHENG_LU_LI,0.728125349556086,4.0763082863222575,30.83012060236573,1.6617633460157009,True
V5.2,X5Dcap,100,1234,AG/slow/CHEN_JING_RU,0.7637440423935585,4.145240299818683,26.843166750835497,1.5420165163664183,False
V5.2,X5Dcap,100,1234,AG/slow/GUAN_TONG_XIANG,0.6567802845726832,2.372475772984785,14.114260557541792,1.8285179602369914,True
V5.2,X5Dcap,100,1234,AG/slow/LIU_ZONG_YANG,2.63936062771265,8.097104993927964,188.52902432586149,30.827523150644677,True
V5.2,X5Dcap,100,1234,AG/slow/LI_BING_YI,1.4909366336132877,5.429423354828019,55.497318923053875,5.522097426658756,True
V5.2,X5Dcap,100,1234,AG/slow/MA_YU,0.8974091392856921,3.978000399532755,32.911993323407664,2.465954570741244,False
V5.2,X5Dcap,100,1234,AG/slow/QIN_SI_FU,1.4342552635981398,5.930709869305175,70.199285467931,5.866175852375327,True
V5.2,X5Dcap,100,1234,AG/slow/SUN_WEN_QING,0.5876737473167865,2.6890980069391297,10.310263003762016,0.6961932118917078,False
V5.2,X5Dcap,100,1234,AG/slow/WANG_BAO_SHAN,0.7542615814293727,3.9499355467516386,34.293253101408034,2.124918392865422,False
V5.2,X5Dcap,100,1234,AG/slow/WANG_GUI,0.7634111622952683,3.6827013809898084,26.473705765694493,2.172753911271927,True
V5.2,X5Dcap,100,1234,AG/slow/WANG_YONG_LI,0.6383038414264551,2.7185023194494624,12.983189016324376,1.1503089296088427,True
V5.2,X5Dcap,100,1234,AG/slow/YIN_YU_RONG,1.1739382928217212,5.061505312436657,37.467388774416754,3.7554237907500823,True
V5.2,X5Dcap,100,1234,ILO/PAN_YIN_GEN-1/after,0.9329963011808479,3.7577721395917676,29.30514383125958,2.6783759975438337,False
V5.2,X5Dcap,100,1234,ILO/PAN_YIN_GEN-1/before,0.7466768928271397,3.1754716950917135,23.56519968355469,2.0357411520746593,True
V5.2,X5Dcap,100,1234,ILO/SUN_XU_XIA-1/after,2.126850200139391,6.0409287876205475,202.71504838860014,38.61030427545077,False
V5.2,X5Dcap,100,1234,ILO/SUN_XU_XIA-1/before,4.506320020821163,12.19183318939318,489.43694050297023,103.26034991363703,False
V5.2,X5Dcap,100,1234,ILO/SUN_YU_SHENG-0/after,0.6778060775613886,2.5615405184114186,14.503342029265115,1.4596899266407346,False
V5.2,X5Dcap,100,1234,ILO/SUN_YU_SHENG-0/before,0.7750180283362583,2.973660792979511,19.492324655687064,2.075662184449363,True
V5.2,X5Dcap,100,1234,ILO/WANG_LI_MIN-0/after,0.4657622052940522,1.8899178048719347,6.01317906664685,0.6007440994625555,False
V5.2,X5Dcap,100,1234,ILO/WANG_LI_MIN-0/before,0.592481644340728,2.0825364964329203,8.124975856650941,1.1224268014659058,False
V5.2,X5Dcap,100,1234,ILO/WENG_ZHAO_GUANG-0/after,0.670001856199724,2.1499257333703476,11.283341028794325,1.7706682213375018,False
V5.2,X5Dcap,100,1234,ILO/WENG_ZHAO_GUANG-0/before,0.7378609068835832,2.558593384319974,12.700710601515064,1.6826692776705399,True
V5.2,X5Dcap,100,1234,ILO/WU_JUN-0/after,0.7728450416243721,2.3610275694316676,10.037184983478785,1.6153717650741812,False
V5.2,X5Dcap,100,1234,ILO/WU_JUN-0/before,0.5589286521128924,2.3711870852346104,9.729965067863155,0.9730771743110368,True
V5.2,X5Dcap,100,1234,ILO/XUE_YOU_TANG-0/before,4.41034757655865,10.843782753562573,432.40077540533184,122.40664431831794,False
V5.2,X5Dcap,100,1234,ILO/YANG_YU_QING-1/after,1.3417198691985497,4.4833083323144844,64.31529685133866,9.75084047029128,False
V5.2,X5Dcap,100,1234,ILO/YANG_YU_QING-1/before,2.4805815627973393,6.9830689361632245,191.45682824942702,41.65925952758286,True
V5.2,X5Dcap,100,1234,ILO/ZHANG_JIAN_JUN-1/after,0.41255691058291216,1.7847243888383113,7.467814326386552,0.5989165074853003,False
V5.2,X5Dcap,100,1234,ILO/ZHANG_JIAN_JUN-1/before,0.643580156181334,2.589568926648138,16.747527354595082,1.7623094996939437,True
V5.2,X5Dcap,100,1234,ILO/ZHANG_YAN_SHAN-0/after,1.091985211721539,4.138333420895427,53.06518058389276,5.2818804791343545,False
V5.2,X5Dcap,100,1234,ILO/ZHANG_YAN_SHAN-0/before,2.159533349877129,7.074490468879482,137.40443750805886,16.590968126498424,True
V5.2,X5Dcap,100,1234,ILO/ZHAO_JIAN_PING-0/after,1.2989716194242256,4.24500925845931,73.468680408269,10.790091667262805,False
V5.2,X5Dcap,100,1234,ILO/ZHAO_JIAN_PING-0/before,1.7686556407306468,6.108795577952538,123.13669893072286,17.90860637210458,False
V5.2,X5Dcap,100,1234,AAA/ruputer/DING_JUN_FENG,4.20496217780084,10.46771931328709,369.6206388814588,85.85544012491388,True
V5.2,X5Dcap,100,1234,AAA/ruputer/LI_BING_JIANG,0.704733547852039,2.1451482001058615,18.743676688597077,2.7732257424522024,True
V5.2,X5Dcap,100,1234,AAA/ruputer/MA_XIAO_DONG,1.8087458796225235,5.480759544001788,68.11581806635034,12.188483047816895,True
V5.2,X5Dcap,100,1234,AAA/ruputer/MENG_GUANG_QIN,2.516884049574643,4.601930127497023,92.18364679148645,39.21844003712271,True
V5.2,X5Dcap,100,1234,AAA/ruputer/WANG_KUI_WU,2.277971226709474,7.086179031012907,165.94411219895807,22.11970456455309,True
V5.2,X5Dcap,100,1234,AAA/unruputer/CHEN_FU_YE,1.6392007478533586,5.9595728719438075,111.05884186068224,11.655801260879013,True
V5.2,X5Dcap,100,1234,AAA/unruputer/CHEN_SHU_LIN,1.1182236877823948,2.8834434297185005,24.578362017968786,5.655001887793445,True
V5.2,X5Dcap,100,1234,AAA/unruputer/FENG_ZHI_YING,2.0365958056694384,5.83444409487982,131.60942587783873,32.55352013645356,True
V5.2,X5Dcap,100,1234,AAA/unruputer/MA_JIN_HE,1.3973894749266127,3.7143120362268687,72.65855986671251,17.092662956901208,False
V5.2,X5Dcap,100,1234,AAA/unruputer/QIAO_XIU_YUN,0.9712838211055518,3.6905139489330185,28.69365497684893,3.0204693869985437,True
V5.2,X5Dcap,100,1234,AAA/unruputer/YAN_FU_TANG,1.9304131917856835,6.450001187196827,152.42342869485313,23.25410652598063,True
V5.2,X5Dcap,100,1234,AAA/unruputer/ZHANG_GUI_HUA,0.6599458375920068,2.789698018856946,15.895906928278727,1.575046632751512,False
V5.2,X5Dcap,100,1234,AG/fast/LI_SHU_KUN,1.2738899351898216,5.714728753147314,51.50729605947091,4.351643545951117,True
V5.2,X5Dcap,100,1234,AG/fast/LI_ZHEN_SHAN,0.8490138849012674,3.3918277628145326,19.937918094855608,1.8601965191693943,True
V5.2,X5Dcap,100,1234,AG/fast/YAO_CUN_HONG,1.6756296071407626,7.475862533522821,104.36396915450877,8.33356426724014,False
V5.2,X5Dcap,100,1234,AG/fast/ZHANG_CHUN,2.8328278084841902,8.133334796129043,183.97757033176913,37.33009970053353,False
V5.2,X5Dcap,100,1234,AG/fast/ZHANG_QING_WANG,1.091129089406464,5.330500605071768,58.23008502798455,3.441344110536176,True
V5.2,X5Dcap,100,1234,AG/slow/HE_SHU_ZHEN,1.0878947628975657,4.458812784020269,33.03277648922501,3.1215127386304258,False
V5.2,X5Dcap,100,1234,AG/slow/LIU_FA_CHUN,2.3032441747867622,9.713993074380417,198.1678501062539,17.95364979479752,True
V5.2,X5Dcap,100,1234,AG/slow/LIU_FENG,1.5228788875999875,6.82821389001529,97.60726195346815,8.297084690036629,True
V5.2,X5Dcap,100,1234,AG/slow/LI_CHONG_ZENG,1.3383640394699767,6.817950020326822,72.85597879412683,4.213303982169891,True
V5.2,X5Dcap,100,1234,AG/slow/MA_TIAN_YI,4.297972527733085,13.211622550285794,407.496020237698,69.6221257264338,False
V5.2,X5Dcap,100,1234,AG/slow/NIE_QUAN_ZHONG,2.2629564325534917,6.971520014835111,103.76248565644599,20.4322783575269,False
V5.2,X5Dcap,100,1234,AG/slow/NI_YAN_BIN,2.36484195244245,7.63272153181254,142.80529321904206,26.112035441112834,True
V5.2,X5Dcap,100,1234,AG/slow/SHEN_ZHI_GANG,1.6599279264824445,6.275638368398758,118.21090278225475,13.173411678830032,True
V5.2,X5Dcap,100,1234,AG/slow/WU_FENG_YAN,0.8104688611620591,4.103783392941793,29.427837706032058,2.3073354820746856,True
V5.2,X5Dcap,100,1234,AG/slow/ZHANG_JUN_HUA,2.0130376742327885,8.284258398127253,126.08610221141163,10.943471555330339,True
V5.2,X5Dcap,100,1234,AG/slow/ZHANG_QUAN_YOU,1.2903547139275027,5.718389573404115,55.856207113619064,5.9456410956666765,True
V5.2,X5Dcap,100,1234,AG/slow/ZHANG_SONG_TIAN,0.7571457752468544,3.4186589025841823,18.215220989652536,1.4190849863868165,True
V5.2,X5Dcap,100,1234,ILO/CUI_WEI_PING-0/after,0.6366503999693295,2.5333275486678817,13.413685104121395,1.2405543847818974,False
V5.2,X5Dcap,100,1234,ILO/CUI_WEI_PING-0/before,0.9459876472952855,3.724526213465441,27.383086315986276,2.832487563118353,True
V5.2,X5Dcap,100,1234,ILO/GENG_CHUN_LAI-1/after,0.8783156103178634,3.329710513063734,27.33138646294412,2.9137144399605988,False
V5.2,X5Dcap,100,1234,ILO/GENG_CHUN_LAI-1/before,1.5342739545071113,6.0069542876195525,74.50176786109033,7.237482580951517,True
V5.2,X5Dcap,100,1234,ILO/LIN_CHUN_YANG-1/after,0.5342875684516243,2.054718295628981,8.824292315823762,0.8477616283585077,False
V5.2,X5Dcap,100,1234,ILO/LIN_CHUN_YANG-1/before,1.9230811462930377,4.898840521998173,72.13591141169327,17.088752523374453,True
V5.2,X5Dcap,100,1234,ILO/LI_YOU_ZHI-0/after,0.38785697276769143,1.3131424496530564,3.293284662493258,0.37849338660146314,False
V5.2,X5Dcap,100,1234,ILO/LI_YOU_ZHI-0/before,0.41673632271914157,1.7785040868983089,7.680918459801692,0.7468543157205676,False
V5.2,X5Dcap,100,1234,ILO/LI_YU_GANG-0/after,0.8279080500754479,2.281300062447903,16.053841053293848,3.256630145813095,False
V5.2,X5Dcap,100,1234,ILO/LI_YU_GANG-0/before,0.5681113614983911,2.0798349732553363,14.1808770339175,2.1980632020831297,False
V5.2,X5Dcap,100,1234,ILO/WANG_CAI-0/after,1.1517767450354153,3.3590240657345696,65.56565282471435,10.671982827161221,False
V5.2,X5Dcap,100,1234,ILO/WANG_JIN_MING-0/after,0.8117972996466988,2.8687006418388257,16.503180223537605,2.3752305182505915,False
V5.2,X5Dcap,100,1234,ILO/WANG_JIN_MING-0/before,5.870702882054366,10.391614904611252,551.0038375183153,215.55138736677847,True
V5.2,X5Dcap,100,1234,ILO/WANG_SHU_SHENG-0/after,1.460251326125118,4.390982756019013,56.116555041913045,9.78729037131928,False
V5.2,X5Dcap,100,1234,ILO/WANG_SHU_SHENG-0/before,1.2883186309929495,4.365596433389344,46.55317194070791,6.287903726079518,True
V5.2,X5Dcap,100,1234,ILO/WEI_QING_FENG-1/after,1.0492640490071385,3.2154691711418857,29.339164099540646,5.081003036868826,False
V5.2,X5Dcap,100,1234,ILO/WEI_QING_FENG-1/before,1.7441253732650694,5.69546056440348,76.05877327565295,11.152446705002305,False
V5.2,X5Dcap,100,1234,ILO/YANG_QING_REN-1/before,3.1389575151193037,8.243361365755417,205.81716588835636,41.783809760930936,False
V5.2,X5Dcap,100,1234,ILO/ZHANG_YONG_SHENG-0/after,0.43544223428311635,1.8194063291927332,6.282024914192741,0.5462894270813575,False
V5.2,X5Dcap,100,1234,ILO/ZHANG_YONG_SHENG-0/before,0.7814692299008111,2.3390057957495074,11.934721516415857,2.9638792058245897,False
V5.2,X5Dcap,100,7,AAA/ruputer/CHEN_FU,0.7575960298284692,2.99183350643142,21.016149240434114,2.0283665278675214,False
V5.2,X5Dcap,100,7,AAA/ruputer/LIU_JI_XIN,1.248907008572373,4.434655915377273,60.774899061445616,7.578589236577628,True
V5.2,X5Dcap,100,7,AAA/ruputer/LV_GUO_YOU,1.0594164168386981,4.870842197652798,50.97794070749169,3.3033080209948342,False
V5.2,X5Dcap,100,7,AAA/ruputer/SU_KAI_LI,0.5200446930765675,1.8727082931047392,20.905363189042077,2.167972183328223,False
V5.2,X5Dcap,100,7,AAA/ruputer/TONG_XUE_LIAN,0.45193049612899316,1.7138957194930158,7.8414343044748405,0.7383829441971925,True
V5.2,X5Dcap,100,7,AAA/ruputer/YU_TIAN_HAI,1.805199888846246,5.806504572459942,76.00426850741304,10.876903673563884,False
V5.2,X5Dcap,100,7,AAA/unruputer/GAO_WEI_LI,0.7105394711489796,2.8441599013012886,19.215496876910642,2.1053803425685804,True
V5.2,X5Dcap,100,7,AAA/unruputer/LIN_JIAN_RONG,2.836298577685076,8.047568441788673,211.65327367041573,36.222580219275464,True
V5.2,X5Dcap,100,7,AAA/unruputer/LI_YOU_YU,0.6539890516726773,2.16490312501305,13.123072020828841,1.8843900599061854,True
V5.2,X5Dcap,100,7,AAA/unruputer/SHEN_CHUN_WANG,0.9869787285920408,3.86801851003588,28.108562755089046,2.931834809376489,True
V5.2,X5Dcap,100,7,AAA/unruputer/ZHANG_XUN_LIAN,0.4766621810536887,1.6350088741029847,7.232666070830891,1.1875821608836525,True
V5.2,X5Dcap,100,7,AAA/unruputer/ZHU_ZI_HAI,0.5501166471584815,3.067920899520899,18.957089595100175,0.8543083716265676,True
V5.2,X5Dcap,100,7,AG/fast/HAN_JIAN_JUN,0.6615305440782547,3.1003336947623468,21.668393765498728,1.892490178859133,True
V5.2,X5Dcap,100,7,AG/fast/LIU_JUN_FENG,0.4661498841193495,2.4229270611653195,11.301038868882843,1.9608687577714938,True
V5.2,X5Dcap,100,7,AG/fast/LIU_LI_QUN,0.7508392598372546,3.8525098627103835,23.48888038368749,1.4252831529158805,True
V5.2,X5Dcap,100,7,AG/fast/LOU_YANG,0.9116897699769202,5.333864687945243,50.84754696155906,2.402541007209829,False
V5.2,X5Dcap,100,7,AG/fast/WANG_CHUN_MING,1.0259298989088252,4.9020424085490015,41.244201735425975,2.8691413270601154,True
V5.2,X5Dcap,100,7,AG/slow/A_MIN_SE_HA_CHI,0.9043131611332015,3.485531646181169,31.818232734627504,4.287684639848106,True
V5.2,X5Dcap,100,7,AG/slow/CAO_FENG_CHI,1.4229026973783063,6.170672043043534,62.448615615359834,4.903337238303137,True
V5.2,X5Dcap,100,7,AG/slow/GONG_HUI_XIA,0.4292705091708329,2.9383464063472715,12.964783250734289,0.4017087839973851,True
V5.2,X5Dcap,100,7,AG/slow/GUO_XI_JIANG,1.1053485615790513,5.341587085601477,61.74578925883366,4.7504833432422275,False
V5.2,X5Dcap,100,7,AG/slow/KANG_XI_MING,1.8322989033996047,7.361003600886599,99.33919404120445,9.211845150283377,True
V5.2,X5Dcap,100,7,AG/slow/LIN_SHU_TIAN,1.634046859506172,6.840133490265334,88.18127988739904,6.9029178202897965,False
V5.2,X5Dcap,100,7,AG/slow/LI_GUI_YING,2.667617028997237,8.854308039004852,183.44296184487115,22.45557070069875,True
V5.2,X5Dcap,100,7,AG/slow/LI_HUAN_GE,2.2198717274724085,7.342901174416122,105.37836075454415,11.795886433579891,False
V5.2,X5Dcap,100,7,AG/slow/TE_JIN_WANG,1.3146981416436674,5.2867208243257995,58.50123043638264,5.704841536334844,False
V5.2,X5Dcap,100,7,AG/slow/WEI_JUN_WEN,0.4682170632780339,2.627213772097452,11.02589383821926,0.6631980185776774,False
V5.2,X5Dcap,100,7,AG/slow/WU_YI_FA,1.3252975640769176,5.848954401789787,58.426270723046834,4.936000779323043,True
V5.2,X5Dcap,100,7,AG/slow/ZHANG_LING_GUANG,0.8883858508030272,3.6587347315638334,26.676955102557784,2.534965411446925,True
V5.2,X5Dcap,100,7,ILO/DONG_KE_QIN-0/after,0.7096646861661873,2.2924201356066702,13.493121945049692,1.95901877403062,False
V5.2,X5Dcap,100,7,ILO/DONG_KE_QIN-0/before,0.609239254896288,2.09535600187973,11.783519875638483,1.7685135779016141,False
V5.2,X5Dcap,100,7,ILO/HOU_SHI_GUO-0/after,0.7397318702955819,2.8271915914788943,19.773817142225337,2.222192329440238,False
V5.2,X5Dcap,100,7,ILO/HOU_SHI_GUO-0/before,2.383786632920924,7.21830848347467,160.7798164290837,24.627250000755215,True
V5.2,X5Dcap,100,7,ILO/LIU_BAO_JUN-0/after,1.2993449067175067,2.950701830011388,52.796010512172614,16.40680576332771,False
V5.2,X5Dcap,100,7,ILO/LIU_BAO_JUN-0/before,0.6368519234813443,1.9002290286139563,10.055864784345745,2.0282962305211854,True
V5.2,X5Dcap,100,7,ILO/LIU_LIAN_YOU-0/after,0.8007486426991564,2.8912675670464987,19.89085544624444,2.8010400354578695,False
V5.2,X5Dcap,100,7,ILO/LIU_LIAN_YOU-0/before,1.1610813258386263,3.340464523888479,34.75574044868209,6.862047915416927,True
V5.2,X5Dcap,100,7,ILO/LIU_YUE_DONG-0/after,0.8266284644383495,2.782403065948192,17.633983071271068,2.276784801947926,False
V5.2,X5Dcap,100,7,ILO/LIU_YUE_DONG-0/before,0.8453488595231972,3.3081279320603265,20.194020602630463,2.700590499625485,True
V5.2,X5Dcap,100,7,ILO/LI_BO_JUN-1/after,0.874660964274786,2.5600062960397714,17.980769746688605,3.4107846960402224,False
V5.2,X5Dcap,100,7,ILO/LI_BO_JUN-1/before,1.582361794289137,4.509235974816815,78.9411697329769,15.012921914230851,False
V5.2,X5Dcap,100,7,ILO/SHEN_CHUN_WANG-0/after,0.7134703044343877,2.3141913050137086,11.665328781523698,1.560742339425093,False
V5.2,X5Dcap,100,7,ILO/SHEN_CHUN_WANG-0/before,1.1109730622415261,3.630439152871617,29.27657215367769,4.212046421520108,False
V5.2,X5Dcap,100,7,ILO/SUN_DONG_XIN-0/after,0.6310057484076149,2.5035548053526595,12.472073643573172,1.244330363246795,False
V5.2,X5Dcap,100,7,ILO/SUN_DONG_XIN-0/before,0.591092567335093,2.4919734390281945,13.807935033292738,1.570018024026362,False
V5.2,X5Dcap,100,7,ILO/WAGN_LI_JUN-1/after,0.7536122357352307,2.2155448703384417,14.09729748172141,2.5114947107324834,False
V5.2,X5Dcap,100,7,ILO/WAGN_LI_JUN-1/before,1.2136645007213491,4.190104407364758,66.05751416472077,8.310595838613844,True
V5.2,X5Dcap,100,7,ILO/WANG_TIAN_QING-1/after,0.6286363660858721,2.5004722088218103,14.517951727026697,1.4885686275820535,False
V5.2,X5Dcap,100,7,ILO/WANG_TIAN_QING-1/before,1.2100131223035573,3.5691361282528224,63.34332745843718,10.989870483892547,True
V5.2,X5Dcap,100,7,ILO/XIONG_DONG_SUO-0/after,1.016492569636969,3.448601313712777,61.49097180996401,9.451807270184817,False
V5.2,X5Dcap,100,7,ILO/XIONG_DONG_SUO-0/before,0.6365129621244564,2.3249787159282818,19.58255089367013,2.576362471335544,False
V5.2,X5Dcap,100,7,ILO/YAO_GUO_CHEN-0/after,0.7508778565939067,3.4465237984163473,29.026153609013093,2.119044579348286,False
V5.2,X5Dcap,100,7,ILO/YAO_GUO_CHEN-0/before,1.798598495788003,5.287628099523142,93.92314863020482,19.321178288887147,True
V5.2,X5Dcap,100,7,ILO/YU_XIANG_SHENG-1/after,1.1042386824141686,3.583468776689441,31.427174097325857,3.6283450651670637,False
V5.2,X5Dcap,100,7,ILO/YU_XIANG_SHENG-1/before,1.0483993372548859,4.283221739526996,42.98376432031388,4.471076989087799,False
V5.2,X5Dcap,100,7,AAA/ruputer/GUO_AI_JUN,2.3543840007613963,7.449840996752351,166.43543881394314,21.69813563110573,True
V5.2,X5Dcap,100,7,AAA/ruputer/LIU_YONG_LAN,0.6298889867209465,2.154298328684825,17.986341321231702,2.7976488875726186,True
V5.2,X5Dcap,100,7,AAA/ruputer/WANG_AN,1.4614079764045063,4.367029000448692,92.9718956359118,15.33371400962699,True
V5.2,X5Dcap,100,7,AAA/ruputer/WU_GUANG_CUN,2.3561430306271456,6.954084807370937,257.72455967097324,41.714986580613406,True
V5.2,X5Dcap,100,7,AAA/ruputer/ZHANG_MAO_JIN,0.8537498620234053,2.6295907298072283,15.947729599849643,2.3200247192343806,True
V5.2,X5Dcap,100,7,AAA/ruputer/ZUO_DAO_SHENG,0.9070278799101429,2.9315329954068625,38.9033055049693,6.1145137551149675,True
V5.2,X5Dcap,100,7,AAA/unruputer/CHEN_LIANG_FU,0.5863959735376014,2.010021235052449,11.856954581775907,1.5914936386061531,True
V5.2,X5Dcap,100,7,AAA/unruputer/GAO_DIAN_WEN,0.6907816877552572,3.1348542477559045,20.424033212702113,1.8054307361606436,False
V5.2,X5Dcap,100,7,AAA/unruputer/LIU_JIE,1.3670390086887843,4.969619492379978,77.57118486459343,9.024955463333802,True
V5.2,X5Dcap,100,7,AAA/unruputer/LIU_LI_FENG,0.8952108633538578,3.353359137332773,44.25403522800125,4.88090988076587,True
V5.2,X5Dcap,100,7,AAA/unruputer/LIU_XING_GUO,0.4892340873980645,3.2585904048475873,20.461996235860447,0.6772015453935508,True
V5.2,X5Dcap,100,7,AAA/unruputer/SHEN_FANG_JIN,0.48007318036773006,1.640102195485246,7.393989904466414,1.165525843330908,True
V5.2,X5Dcap,100,7,AG/fast/LIU_YI_BING,0.7559335434267512,5.131292744577097,49.93639551925239,1.7974264716223702,True
V5.2,X5Dcap,100,7,AG/fast/PENG_JI_MING,1.2232401829864645,4.26190413536515,37.41348052527692,5.637848346412815,False
V5.2,X5Dcap,100,7,AG/fast/SUN_ZHI_YU,0.5123585650747763,2.6229413039823064,11.020099765330107,0.7066344353436396,False
V5.2,X5Dcap,100,7,AG/fast/ZHANG_LIANG,0.7335263107766202,4.137625654752519,33.675306389227394,1.9208615252070989,False
V5.2,X5Dcap,100,7,AG/fast/ZHANG_XIU_WEN,0.8120687489776672,3.655839880935059,22.58873316150414,1.7913456404741916,True
V5.2,X5Dcap,100,7,AG/slow/BAI_WEN_JIE,0.7537085117063,3.8999293011770098,28.439857711811907,2.0756205748912766,False
V5.2,X5Dcap,100,7,AG/slow/CHENG_GUANG_SEN,0.5876777801122428,3.0527146390463518,14.967695130403131,1.0020710594710331,True
V5.2,X5Dcap,100,7,AG/slow/DING_LIAN_ZHONG,1.088384814817847,5.604275317227923,57.46990770676308,3.6444390836533382,True
V5.2,X5Dcap,100,7,AG/slow/LU_ZHEN_QING,1.322334433724864,6.065024485873685,99.44994737875861,7.466800268658149,True
V5.2,X5Dcap,100,7,AG/slow/MI_DE_XI,2.0793220776973387,8.628868617291074,192.71693992666115,16.448649981149885,True
V5.2,X5Dcap,100,7,AG/slow/QU_HE_PING,1.4142823226483439,5.2783702119799125,58.33651984700764,6.313189008862288,True
V5.2,X5Dcap,100,7,AG/slow/WANG_KE,3.3188755003050088,10.655591211013716,203.72227608935495,28.4165594892149,True
V5.2,X5Dcap,100,7,AG/slow/WEI_BAO_XING,0.7649951622309377,3.0376911397751063,23.15417497643126,2.8011436392582807,True
V5.2,X5Dcap,100,7,AG/slow/XI_CHENG_JIANG,0.9476177719465358,4.303623430097886,29.276106225412153,2.493114981849845,True
V5.2,X5Dcap,100,7,AG/slow/YANG_YOU_SHENG,0.8649372948397548,4.280526671285049,30.970811381146113,2.1491381320471037,True
V5.2,X5Dcap,100,7,AG/slow/ZHANG_HUAN_LI,1.245755917322439,5.482447490466909,70.47119610415659,5.537587615202079,False
V5.2,X5Dcap,100,7,AG/slow/ZHANG_ZHI_JUN,1.340570684419822,5.888155859015022,58.88411848465769,4.690702469727195,True
V5.2,X5Dcap,100,7,ILO/GAO_SHU_CAI-0/after,0.8696698878547422,3.1604519232202413,29.17973401453175,3.903736896280119,False
V5.2,X5Dcap,100,7,ILO/GAO_SHU_CAI-0/before,0.7976162310985792,2.4961900595200994,19.185343422204017,2.6884556624613607,True
V5.2,X5Dcap,100,7,ILO/GUO_AI_JUN-0/after,1.1221156997209814,3.4818888653770035,54.130925715571166,8.99738902922064,False
V5.2,X5Dcap,100,7,ILO/GUO_AI_JUN-0/before,0.9908621372873092,2.846687213573358,35.94437029412065,6.431515821126232,False
V5.2,X5Dcap,100,7,ILO/LIU_CHUN_YANG-1/after,0.7887769753574978,2.5337530342159913,13.929782979045523,2.183553825216337,False
V5.2,X5Dcap,100,7,ILO/LIU_CHUN_YANG-1/before,1.4182400556968489,4.433851615983138,55.145839477988545,9.055730113016196,False
V5.2,X5Dcap,100,7,ILO/LIU_YUN_ZHANG-0/after,0.7397707983486272,3.066511309301898,29.07481405646554,2.4953141015470073,False
V5.2,X5Dcap,100,7,ILO/LIU_YUN_ZHANG-0/before,0.7614268894441358,2.920038434976278,27.01822953326439,3.2537907663645087,False
V5.2,X5Dcap,100,7,ILO/LU_FU_SHAN-0/after,0.6957189458412167,2.605072763946019,18.860392383846865,2.154670622336179,False
V5.2,X5Dcap,100,7,ILO/LU_FU_SHAN-0/before,1.1864782440470705,4.730034274601319,48.09283839184349,4.496520191634094,False
V5.2,X5Dcap,100,7,ILO/LV_JIAN_HUA-0/after,1.0015040525088,3.8727032073844523,33.106969354323205,4.247463904736641,False
V5.2,X5Dcap,100,7,ILO/LV_JIAN_HUA-0/before,0.7531408690766883,2.847487177360422,18.19514423676456,1.7496306714601197,True
V5.2,X5Dcap,100,7,ILO/SUN_CHUN_PU-0/after,0.9491386580671181,3.1520660201109085,25.5838664780902,4.161512077613678,False
V5.2,X5Dcap,100,7,ILO/SUN_CHUN_PU-0/before,1.2709997937886837,4.088498696180674,46.108462846083654,7.315120533712078,False
V5.2,X5Dcap,100,7,ILO/SUN_DE_QI-1/after,1.394367646391748,3.9743662390367227,50.83284308938841,8.89431871299162,False
V5.2,X5Dcap,100,7,ILO/SUN_DE_QI-1/before,1.2411255682807072,4.056411270278355,51.232673347143674,7.414398169103149,True
V5.2,X5Dcap,100,7,ILO/WANG_XIAO_LIN-0/after,0.6971160041334363,2.3515349657488125,15.962611012509246,2.201815638692465,False
V5.2,X5Dcap,100,7,ILO/WANG_XIAO_LIN-0/before,2.2715534815552263,6.225273341181436,140.0670621950337,25.234607407728078,True
V5.2,X5Dcap,100,7,ILO/XIE_ZHI_FU-0/after,1.1188534439394966,3.166523011437513,22.61334306094672,3.723557426317359,False
V5.2,X5Dcap,100,7,ILO/XIE_ZHI_FU-0/before,1.054814490449959,2.912785300882459,23.479895680972408,4.62684261022158,True
V5.2,X5Dcap,100,7,ILO/ZHANG_JIN_CHUN-1/after,1.1761066439794756,2.9572296232957687,44.51030622254935,13.451185985371175,False
V5.2,X5Dcap,100,7,ILO/ZHANG_JIN_CHUN-1/before,2.3673007874437015,6.021284678046796,160.47203150440788,38.84608228954794,False
V5.2,X5Dcap,100,7,ILO/ZHANG_MAO_JIN-0/after,0.6517478296879599,1.9840147376467463,11.373815070138216,1.6180837103189463,False
V5.2,X5Dcap,100,7,ILO/ZHANG_MAO_JIN-0/before,1.2107929431602016,3.9947743629441814,57.275210014920816,6.570633432947923,False
V5.2,X5Dcap,100,7,ILO/ZHANG_WAN_ZENG-1/after,1.910258108928377,4.226823186221868,85.81271760208928,21.63258388883718,False
V5.2,X5Dcap,100,7,ILO/ZHANG_WAN_ZENG-1/before,3.4462753213663078,7.569019393933783,255.0440746506557,80.47389819393257,False
V5.2,X5Dcap,100,7,ILO/ZHAO_CHANG_SHAN-0/after,1.667732437455539,4.611150478599526,68.75923456028728,15.082006324673197,False
V5.2,X5Dcap,100,7,ILO/ZHAO_CHANG_SHAN-0/before,5.4213329570817805,10.634950593706868,370.99232595253847,137.13032885383438,True
V5.2,X5Dcap,100,7,AAA/ruputer/GAO_FENG_SHAN,0.7341829492754266,2.03753703851081,13.141723801014932,2.9636080006547285,True
V5.2,X5Dcap,100,7,AAA/ruputer/HUO_SHI_LIANG,1.4552000583135658,4.651739969935164,63.2318045148085,9.3549937317135,True
V5.2,X5Dcap,100,7,AAA/ruputer/LIN_LIANG_XIAO,1.4969742507873811,4.346704564328634,59.85686950834659,11.289002380597925,True
V5.2,X5Dcap,100,7,AAA/ruputer/WANG_FU_SHUN,1.964765806967462,5.025010594293936,94.8502233907485,19.030500164357797,False
V5.2,X5Dcap,100,7,AAA/ruputer/XIE_JIN_QUAN,1.2161422525896772,3.4684101126546927,42.1810359391909,7.5865980851390145,True
V5.2,X5Dcap,100,7,AAA/ruputer/ZOU_LI_SHUN,1.212769728524424,6.0598059119967145,63.38064566805187,3.8536837513414346,True
V5.2,X5Dcap,100,7,AAA/unruputer/CAO_DIAN_HE,0.3256992431657235,1.4151923203853616,5.452815159976291,0.4875653743452122,False
V5.2,X5Dcap,100,7,AAA/unruputer/HAN_JIAN_FU,0.6407216496949696,2.624829909413056,14.005638485301713,1.2592232824958223,True
V5.2,X5Dcap,100,7,AAA/unruputer/LIU_CHENG_ZHANG,0.7632519941785728,2.9926854177547035,21.174288948865577,2.4008789427567176,True
V5.2,X5Dcap,100,7,AAA/unruputer/LIU_KANG_WEN,0.9101515086974662,4.812939273747851,48.3982414101119,2.389049298701137,False
V5.2,X5Dcap,100,7,AAA/unruputer/YANG_BEN_RUI,0.4660828632069425,1.6594835742166325,5.384164159342528,0.6669339698922777,True
V5.2,X5Dcap,100,7,AAA/unruputer/ZHANG_YONG_ZHI,2.9993795035963107,7.297355275904969,205.98219187481664,43.96638866253639,False
V5.2,X5Dcap,100,7,AG/fast/LIU_FENG_MING,1.0553441660413294,4.7472446503834105,52.492849158687676,3.7727915774163967,True
V5.2,X5Dcap,100,7,AG/fast/RAN_QING_BO,0.9696305253952314,4.1305700593143735,56.72770084868055,5.162562223031239,False
V5.2,X5Dcap,100,7,AG/fast/WANG_DAO_CHUN,2.4172630015826453,8.460594571147846,178.94256783849704,24.47549380636085,True
V5.2,X5Dcap,100,7,AG/fast/ZHANG_HAO,1.162417436810607,4.570449326298646,43.3107942839982,4.192337821842614,True
V5.2,X5Dcap,100,7,AG/fast/ZHANG_XIU_ZHEN,0.5307641980533667,2.8417692070729768,14.498496143402052,0.9632916123478544,True
V5.2,X5Dcap,100,7,AG/slow/LIU_JIN_LIANG,1.0762121781099874,5.2820480410124695,48.14996544690595,3.2475455838372156,True
V5.2,X5Dcap,100,7,AG/slow/LV_FU_LONG,1.088722314579186,4.386930804130545,48.83742513304365,4.867352464773495,True
V5.2,X5Dcap,100,7,AG/slow/SUN_ZONG_GE,3.5829720099977056,8.27749472373084,209.91724743620927,54.52902714147439,True
V5.2,X5Dcap,100,7,AG/slow/WANG_DENG_FENG,2.6058348288509063,6.4421648234595095,100.02339887144286,27.516606541337435,False
V5.2,X5Dcap,100,7,AG/slow/WANG_GUANG_CHAO,1.2262158467738296,4.614445391663087,39.80053643021218,4.4931233854577455,True
V5.2,X5Dcap,100,7,AG/slow/WANG_YAN_LING,0.9961828492797967,4.494127975271114,30.36056416694121,2.6169771393471186,True
V5.2,X5Dcap,100,7,AG/slow/XU_YI_CAI,0.5197666768279207,2.410303175785394,10.347809986080422,0.7436706854388369,True
V5.2,X5Dcap,100,7,AG/slow/ZANG_YU_SHU,0.3226814368403251,2.1634077010875474,7.53152965337858,0.2948483715840139,True
V5.2,X5Dcap,100,7,AG/slow/ZHANG_JING_SHUN,1.0211741177205145,3.363546346055187,23.74456773588907,4.067238872837748,True
V5.2,X5Dcap,100,7,AG/slow/ZHANG_QING_SHUI,1.496046304882622,5.676999896579578,72.96072033856338,8.140362828918894,True
V5.2,X5Dcap,100,7,AG/slow/ZHANG_WEI_XIAN,1.9844730482807507,6.510907860837576,75.05890052444808,10.010442761303498,False
V5.2,X5Dcap,100,7,AG/slow/ZHAO_XIU_XUAN,0.8694279967147478,4.092126711668704,30.88023410957455,2.443195680253893,False
V5.2,X5Dcap,100,7,ILO/AN_GUANG_JIE-0/after,1.5331930780953196,5.284293944837935,63.139728400246405,7.242922326261507,False
V5.2,X5Dcap,100,7,ILO/AN_GUANG_JIE-0/before,0.9031414639703236,3.574409216133782,25.039956437404225,2.713099007941903,True
V5.2,X5Dcap,100,7,ILO/BAO_EN_YUN-0/after,0.8578609218145448,2.6791721537448088,25.764479809023708,5.0444998818133,False
V5.2,X5Dcap,100,7,ILO/BAO_EN_YUN-0/before,1.1315234355524486,3.7908708777658124,43.06386448880109,6.854779511893271,True
V5.2,X5Dcap,100,7,ILO/DONG_JIA_JU-1/after,0.6307317240125402,2.498697041169414,14.585995823724014,1.6371412642876018,False
V5.2,X5Dcap,100,7,ILO/DONG_JIA_JU-1/before,0.8130689708189429,3.059519791485799,25.60886958214418,2.9429945217607023,False
V5.2,X5Dcap,100,7,ILO/GONG_HAI_ZENG-1/after,1.1607959694488204,3.4626317396732005,33.71630887633731,6.233691432551812,False
V5.2,X5Dcap,100,7,ILO/GONG_HAI_ZENG-1/before,2.28908273745436,5.495845351343775,107.16027555862578,28.669731508080794,True
V5.2,X5Dcap,100,7,ILO/GUO_QING_SHAN-0/after,1.346201307775528,4.145374252872808,49.62588769878865,7.518981759183204,False
V5.2,X5Dcap,100,7,ILO/GUO_QING_SHAN-0/before,1.3990059785572417,5.0348014077575565,53.9909917213027,6.40414479593011,True
V5.2,X5Dcap,100,7,ILO/GUO_YU_SHU-0/after,0.7128136010531556,2.534641043685534,16.586700480741822,1.880963966143461,False
V5.2,X5Dcap,100,7,ILO/GUO_YU_SHU-0/before,1.5006979683016024,4.920912603556298,63.86524185105455,8.172991547156464,True
V5.2,X5Dcap,100,7,ILO/LI_FA_XIANG-1/after,0.9602390725462858,3.02574100857652,40.3007060545401,6.8698629209622535,False
V5.2,X5Dcap,100,7,ILO/LI_SHENG_WEN-0/after,0.8872958159502149,3.1308673846422037,23.95820278080455,2.456240319844777,False
V5.2,X5Dcap,100,7,ILO/LI_SHENG_WEN-0/before,1.2802966665483706,3.9642292537872144,41.65832073530187,5.864296044602935,True
V5.2,X5Dcap,100,7,ILO/YANG_WANG_QI-1/after,0.8641982800675914,3.0532699735222706,35.36673218870121,4.836735297583529,False
V5.2,X5Dcap,100,7,ILO/YANG_WANG_QI-1/before,2.240424858312432,6.949511004651124,236.55005645293733,39.45261475755926,True
V5.2,X5Dcap,100,7,ILO/YANG_WEN_TAI-0/after,0.4524973122161762,1.7704143949214601,8.543490936613143,0.7684299576990867,False
V5.2,X5Dcap,100,7,ILO/YANG_WEN_TAI-0/before,0.6654130396948235,2.459337813844964,18.891124914337894,1.9874236400920213,False
V5.2,X5Dcap,100,7,ILO/ZHANG_HE_PING-0/after,0.8421937143430331,3.248198838208183,23.246963780778973,2.241004764371561,False
V5.2,X5Dcap,100,7,ILO/ZHANG_HE_PING-0/before,0.7247755701389157,2.760201453131012,16.174038989825313,1.8174620600644666,False
V5.2,X5Dcap,100,7,AAA/ruputer/FENG_LI_XIN,0.6401419676595045,2.1214083458199364,10.639963499911126,1.386587898862759,True
V5.2,X5Dcap,100,7,AAA/ruputer/KANG_YONG,0.3690880753815453,1.7751382182199138,5.007907687124787,0.329723393710984,False
V5.2,X5Dcap,100,7,AAA/ruputer/LI_LAO_PING,2.03126560800302,5.698746129854421,74.16615406801773,12.848371217221894,True
V5.2,X5Dcap,100,7,AAA/ruputer/LI_ZHEN_HUA,1.2103361573938005,6.017556926644632,76.02240044405565,4.252829127489682,False
V5.2,X5Dcap,100,7,AAA/ruputer/ZHOU_KE_XUN,1.5256146470553513,4.231635547564854,112.03595932659032,20.450340358487047,True
V5.2,X5Dcap,100,7,AAA/unruputer/CAO_HONG_TAI,0.3858088103425721,1.3268745460453764,5.446184193094293,0.9333863078884992,True
V5.2,X5Dcap,100,7,AAA/unruputer/GUO_BAO_CHUN,0.3486710319118272,0.791344581372004,1.7750657781297383,0.7029642336146404,True
V5.2,X5Dcap,100,7,AAA/unruputer/GUO_YU_YING,0.648385429015357,2.2257789311635006,13.722407285033665,1.679488882617574,False
V5.2,X5Dcap,100,7,AAA/unruputer/SUN_SHU_MING,0.36722608815068547,1.4502544028699191,3.712576770708284,0.45596274916591983,False
V5.2,X5Dcap,100,7,AAA/unruputer/WANG_MAN_TIAN,1.546750055030333,3.96226842433368,93.19822515434568,22.771543833048327,False
V5.2,X5Dcap,100,7,AAA/unruputer/ZHANG_ZHI_HUA,1.5332425804224796,5.356977427001179,74.70460548786076,10.580557782423291,True
V5.2,X5Dcap,100,7,AAA/unruputer/ZHOU_XI_SHENG,1.3999439213434948,5.9103360739839195,79.42266806055865,6.863894163572717,True
V5.2,X5Dcap,100,7,AG/fast/CHEN_SHI_MING,1.0842789099166859,3.763268905005029,29.537482295285525,4.061293645586144,True
V5.2,X5Dcap,100,7,AG/fast/FAN_JIAN_MING,0.6941939985222988,3.0114672229786277,17.380932045890756,1.4900114056395823,False
V5.2,X5Dcap,100,7,AG/fast/LI_SHI_QIANG,1.1462770974060297,4.504941744560597,35.540369220249886,3.8129220755112523,True
V5.2,X5Dcap,100,7,AG/fast/LI_ZHI_LIN,1.942122208717674,6.201418541294914,110.31807732495815,18.39894491523362,True
V5.2,X5Dcap,100,7,AG/fast/WANG_YONG_FAN,1.0540026340089834,4.292869950059317,38.74525256468006,3.9596817578775285,True
V5.2,X5Dcap,100,7,AG/slow/CHENG_LU_LI,0.7198723130147487,4.0763082863222575,30.83012060236573,1.5516143587944953,True
V5.2,X5Dcap,100,7,AG/slow/CHEN_JING_RU,0.7852880599569955,4.145240299818683,26.843166750835497,1.6264665289629412,False
V5.2,X5Dcap,100,7,AG/slow/GUAN_TONG_XIANG,0.6037196270679168,2.372475772984785,14.114260557541792,1.5503488441118827,True
V5.2,X5Dcap,100,7,AG/slow/LIU_ZONG_YANG,2.6804020491918057,8.097104993927964,188.52902432586149,31.879507963443377,True
V5.2,X5Dcap,100,7,AG/slow/LI_BING_YI,1.4355281964541082,5.429423354828019,55.497318923053875,5.425150939835104,True
V5.2,X5Dcap,100,7,AG/slow/MA_YU,0.8506943892099617,3.978000399532755,32.911993323407664,2.4312829335852415,False
V5.2,X5Dcap,100,7,AG/slow/QIN_SI_FU,1.420970260787106,5.930709869305175,70.199285467931,5.432800616132184,True
V5.2,X5Dcap,100,7,AG/slow/SUN_WEN_QING,0.5179811266590019,2.6890980069391297,10.310263003762016,0.5767283495284242,False
V5.2,X5Dcap,100,7,AG/slow/WANG_BAO_SHAN,0.7808533789242835,3.9499355467516386,34.293253101408034,2.187825677921946,False
V5.2,X5Dcap,100,7,AG/slow/WANG_GUI,0.7771096479118348,3.6827013809898084,26.473705765694493,2.397361204036706,True
V5.2,X5Dcap,100,7,AG/slow/WANG_YONG_LI,0.6286133614448131,2.7185023194494624,12.983189016324376,1.029264445182779,True
V5.2,X5Dcap,100,7,AG/slow/YIN_YU_RONG,1.1908512217653608,5.061505312436657,37.467388774416754,3.936988261422958,True
V5.2,X5Dcap,100,7,ILO/PAN_YIN_GEN-1/after,0.9425640027136035,3.7577721395917676,29.30514383125958,2.604872554145177,False
V5.2,X5Dcap,100,7,ILO/PAN_YIN_GEN-1/before,0.8180312188028053,3.1754716950917135,23.56519968355469,2.357631090115593,True
V5.2,X5Dcap,100,7,ILO/SUN_XU_XIA-1/after,2.401258452647765,6.0409287876205475,202.71504838860014,48.278838850016314,False
V5.2,X5Dcap,100,7,ILO/SUN_XU_XIA-1/before,4.431900210164966,12.19183318939318,489.43694050297023,96.36260711850439,False
V5.2,X5Dcap,100,7,ILO/SUN_YU_SHENG-0/after,0.672901131547896,2.5615405184114186,14.503342029265115,1.4842428673945782,False
V5.2,X5Dcap,100,7,ILO/SUN_YU_SHENG-0/before,0.802269613417675,2.973660792979511,19.492324655687064,2.2016999021473267,True
V5.2,X5Dcap,100,7,ILO/WANG_LI_MIN-0/after,0.4877758187082975,1.8899178048719347,6.01317906664685,0.7148233003915789,False
V5.2,X5Dcap,100,7,ILO/WANG_LI_MIN-0/before,0.5610352824514258,2.0825364964329203,8.124975856650941,0.9778280217526917,False
V5.2,X5Dcap,100,7,ILO/WENG_ZHAO_GUANG-0/after,0.6933816596966851,2.1499257333703476,11.283341028794325,1.8740500418510875,False
V5.2,X5Dcap,100,7,ILO/WENG_ZHAO_GUANG-0/before,0.6629828818412736,2.558593384319974,12.700710601515064,1.4785300010522644,True
V5.2,X5Dcap,100,7,ILO/WU_JUN-0/after,0.7469217287017368,2.3610275694316676,10.037184983478785,1.6387002612620962,False
V5.2,X5Dcap,100,7,ILO/WU_JUN-0/before,0.5539707190409373,2.3711870852346104,9.729965067863155,0.9677967390869948,True
V5.2,X5Dcap,100,7,ILO/XUE_YOU_TANG-0/before,4.496686278871641,10.843782753562573,432.40077540533184,123.3738860740183,False
V5.2,X5Dcap,100,7,ILO/YANG_YU_QING-1/after,1.3628895732845343,4.4833083323144844,64.31529685133866,9.868608508932967,False
V5.2,X5Dcap,100,7,ILO/YANG_YU_QING-1/before,2.420673251829009,6.9830689361632245,191.45682824942702,36.05176391885946,True
V5.2,X5Dcap,100,7,ILO/ZHANG_JIAN_JUN-1/after,0.42450414948946147,1.7847243888383113,7.467814326386552,0.6930940866355831,False
V5.2,X5Dcap,100,7,ILO/ZHANG_JIAN_JUN-1/before,0.5902368115059028,2.589568926648138,16.747527354595082,1.503597846809479,True
V5.2,X5Dcap,100,7,ILO/ZHANG_YAN_SHAN-0/after,1.1200298349330593,4.138333420895427,53.06518058389276,6.124537384874606,False
V5.2,X5Dcap,100,7,ILO/ZHANG_YAN_SHAN-0/before,2.046307287707844,7.074490468879482,137.40443750805886,15.431006913993862,True
V5.2,X5Dcap,100,7,ILO/ZHAO_JIAN_PING-0/after,1.3008433332392448,4.24500925845931,73.468680408269,10.61220591080493,False
V5.2,X5Dcap,100,7,ILO/ZHAO_JIAN_PING-0/before,1.7229536395113252,6.108795577952538,123.13669893072286,16.0145622506015,False
V5.2,X5Dcap,100,7,AAA/ruputer/DING_JUN_FENG,4.098873195972248,10.46771931328709,369.6206388814588,76.80923005153132,True
V5.2,X5Dcap,100,7,AAA/ruputer/LI_BING_JIANG,0.6820660162579969,2.1451482001058615,18.743676688597077,2.7740465469740117,True
V5.2,X5Dcap,100,7,AAA/ruputer/MA_XIAO_DONG,1.8371085965269704,5.480759544001788,68.11581806635034,12.309859377868678,True
V5.2,X5Dcap,100,7,AAA/ruputer/MENG_GUANG_QIN,2.651447102844939,4.601930127497023,92.18364679148645,41.92654356929418,True
V5.2,X5Dcap,100,7,AAA/ruputer/WANG_KUI_WU,2.239085956707341,7.086179031012907,165.94411219895807,20.978692678581968,True
V5.2,X5Dcap,100,7,AAA/unruputer/CHEN_FU_YE,1.6903111509684825,5.9595728719438075,111.05884186068224,13.55206031901817,True
V5.2,X5Dcap,100,7,AAA/unruputer/CHEN_SHU_LIN,1.1355002429762435,2.8834434297185005,24.578362017968786,5.4099473980325214,True
V5.2,X5Dcap,100,7,AAA/unruputer/FENG_ZHI_YING,1.9868393095771406,5.83444409487982,131.60942587783873,25.28071732417235,True
V5.2,X5Dcap,100,7,AAA/unruputer/MA_JIN_HE,1.3011400266274555,3.7143120362268687,72.65855986671251,17.61830098198676,False
V5.2,X5Dcap,100,7,AAA/unruputer/QIAO_XIU_YUN,1.0364951009931382,3.6905139489330185,28.69365497684893,3.3142695906700186,True
V5.2,X5Dcap,100,7,AAA/unruputer/YAN_FU_TANG,1.9766828882122265,6.450001187196827,152.42342869485313,24.301838214765507,True
V5.2,X5Dcap,100,7,AAA/unruputer/ZHANG_GUI_HUA,0.6266674863868269,2.789698018856946,15.895906928278727,1.4383863356563382,False
V5.2,X5Dcap,100,7,AG/fast/LI_SHU_KUN,1.1600460579535432,5.714728753147314,51.50729605947091,3.26080854124725,True
V5.2,X5Dcap,100,7,AG/fast/LI_ZHEN_SHAN,0.9705407675100783,3.3918277628145326,19.937918094855608,2.4524879938841515,True
V5.2,X5Dcap,100,7,AG/fast/YAO_CUN_HONG,1.683617050248967,7.475862533522821,104.36396915450877,8.313563310360966,False
V5.2,X5Dcap,100,7,AG/fast/ZHANG_CHUN,2.4924890050989608,8.133334796129043,183.97757033176913,26.96816972249125,False
V5.2,X5Dcap,100,7,AG/fast/ZHANG_QING_WANG,1.0157828327325393,5.330500605071768,58.23008502798455,3.167852454400214,True
V5.2,X5Dcap,100,7,AG/slow/HE_SHU_ZHEN,1.0508156970516513,4.458812784020269,33.03277648922501,2.7487340469113297,False
V5.2,X5Dcap,100,7,AG/slow/LIU_FA_CHUN,2.4348269752827982,9.713993074380417,198.1678501062539,19.643563885534704,True
V5.2,X5Dcap,100,7,AG/slow/LIU_FENG,1.6453861134979022,6.82821389001529,97.60726195346815,11.452715529816741,True
V5.2,X5Dcap,100,7,AG/slow/LI_CHONG_ZENG,1.3156298493092036,6.817950020326822,72.85597879412683,3.881766110307905,True
V5.2,X5Dcap,100,7,AG/slow/MA_TIAN_YI,4.335507361143921,13.211622550285794,407.496020237698,72.44593957054175,False
V5.2,X5Dcap,100,7,AG/slow/NIE_QUAN_ZHONG,2.1586919912709472,6.971520014835111,103.76248565644599,17.59802832766913,False
V5.2,X5Dcap,100,7,AG/slow/NI_YAN_BIN,2.2219474571728584,7.63272153181254,142.80529321904206,22.095139509713974,True
V5.2,X5Dcap,100,7,AG/slow/SHEN_ZHI_GANG,1.5936042332838347,6.275638368398758,118.21090278225475,12.41108541261387,True
V5.2,X5Dcap,100,7,AG/slow/WU_FENG_YAN,0.7577399369164436,4.103783392941793,29.427837706032058,1.8691813861576705,True
V5.2,X5Dcap,100,7,AG/slow/ZHANG_JUN_HUA,2.102719364766198,8.284258398127253,126.08610221141163,11.715936747068678,True
V5.2,X5Dcap,100,7,AG/slow/ZHANG_QUAN_YOU,1.269751672914529,5.718389573404115,55.856207113619064,5.318610083607805,True
V5.2,X5Dcap,100,7,AG/slow/ZHANG_SONG_TIAN,0.6987110909823115,3.4186589025841823,18.215220989652536,1.1830820778921285,True
V5.2,X5Dcap,100,7,ILO/CUI_WEI_PING-0/after,0.6498268177301167,2.5333275486678817,13.413685104121395,1.357987769299654,False
V5.2,X5Dcap,100,7,ILO/CUI_WEI_PING-0/before,0.9781070194057866,3.724526213465441,27.383086315986276,3.0938384987288923,True
V5.2,X5Dcap,100,7,ILO/GENG_CHUN_LAI-1/after,0.8177992574747796,3.329710513063734,27.33138646294412,2.610955392531797,False
V5.2,X5Dcap,100,7,ILO/GENG_CHUN_LAI-1/before,1.5232004353022217,6.0069542876195525,74.50176786109033,7.721711529261313,True
V5.2,X5Dcap,100,7,ILO/LIN_CHUN_YANG-1/after,0.5582161666802695,2.054718295628981,8.824292315823762,0.9547668056861118,False
V5.2,X5Dcap,100,7,ILO/LIN_CHUN_YANG-1/before,1.9211281472111787,4.898840521998173,72.13591141169327,16.854256184536695,True
V5.2,X5Dcap,100,7,ILO/LI_YOU_ZHI-0/after,0.39453391169766355,1.3131424496530564,3.293284662493258,0.40828606376496945,False
V5.2,X5Dcap,100,7,ILO/LI_YOU_ZHI-0/before,0.4112619574865449,1.7785040868983089,7.680918459801692,0.6544039734386402,False
V5.2,X5Dcap,100,7,ILO/LI_YU_GANG-0/after,0.7957680636267145,2.281300062447903,16.053841053293848,3.304016866618672,False
V5.2,X5Dcap,100,7,ILO/LI_YU_GANG-0/before,0.6206824576763094,2.0798349732553363,14.1808770339175,2.377398007324905,False
V5.2,X5Dcap,100,7,ILO/WANG_CAI-0/after,1.1733197016793486,3.3590240657345696,65.56565282471435,11.288587248301784,False
V5.2,X5Dcap,100,7,ILO/WANG_JIN_MING-0/after,0.8081255057220846,2.8687006418388257,16.503180223537605,2.237864547828525,False
V5.2,X5Dcap,100,7,ILO/WANG_JIN_MING-0/before,5.843359032880082,10.391614904611252,551.0038375183153,218.20394222470705,True
V5.2,X5Dcap,100,7,ILO/WANG_SHU_SHENG-0/after,1.4378633867175288,4.390982756019013,56.116555041913045,8.416693839129591,False
V5.2,X5Dcap,100,7,ILO/WANG_SHU_SHENG-0/before,1.256221493727575,4.365596433389344,46.55317194070791,5.631836415847362,True
V5.2,X5Dcap,100,7,ILO/WEI_QING_FENG-1/after,1.0673332138843483,3.2154691711418857,29.339164099540646,5.14096702448124,False
V5.2,X5Dcap,100,7,ILO/WEI_QING_FENG-1/before,1.6763562799393126,5.69546056440348,76.05877327565295,10.737137687074092,False
V5.2,X5Dcap,100,7,ILO/YANG_QING_REN-1/before,3.1430860457587926,8.243361365755417,205.81716588835636,42.268287556553446,False
V5.2,X5Dcap,100,7,ILO/ZHANG_YONG_SHENG-0/after,0.42810470998854766,1.8194063291927332,6.282024914192741,0.5632376099180951,False
V5.2,X5Dcap,100,7,ILO/ZHANG_YONG_SHENG-0/before,0.7886767013563688,2.3390057957495074,11.934721516415857,2.9591075672253133,False
V5.2,X5Dcap,100,2025,AAA/ruputer/CHEN_FU,0.7854154707539546,2.99183350643142,21.016149240434114,2.2452412911050788,False
V5.2,X5Dcap,100,2025,AAA/ruputer/LIU_JI_XIN,1.2677350262402247,4.434655915377273,60.774899061445616,7.65026048063809,True
V5.2,X5Dcap,100,2025,AAA/ruputer/LV_GUO_YOU,1.268698188208072,4.870842197652798,50.97794070749169,4.910980529444989,False
V5.2,X5Dcap,100,2025,AAA/ruputer/SU_KAI_LI,0.49507049129073516,1.8727082931047392,20.905363189042077,2.1486258590574465,False
V5.2,X5Dcap,100,2025,AAA/ruputer/TONG_XUE_LIAN,0.4449553121277351,1.7138957194930158,7.8414343044748405,0.7569723075003117,True
V5.2,X5Dcap,100,2025,AAA/ruputer/YU_TIAN_HAI,1.829468635120166,5.806504572459942,76.00426850741304,11.304726268831072,False
V5.2,X5Dcap,100,2025,AAA/unruputer/GAO_WEI_LI,0.6855311138550371,2.8441599013012886,19.215496876910642,1.6895440310953418,True
V5.2,X5Dcap,100,2025,AAA/unruputer/LIN_JIAN_RONG,2.7437978613058323,8.047568441788673,211.65327367041573,35.8041599673468,True
V5.2,X5Dcap,100,2025,AAA/unruputer/LI_YOU_YU,0.701518938964048,2.16490312501305,13.123072020828841,2.448506945627337,True
V5.2,X5Dcap,100,2025,AAA/unruputer/SHEN_CHUN_WANG,1.156810947025979,3.86801851003588,28.108562755089046,4.212536612656163,True
V5.2,X5Dcap,100,2025,AAA/unruputer/ZHANG_XUN_LIAN,0.4730641541020873,1.6350088741029847,7.232666070830891,1.0871501267527288,True
V5.2,X5Dcap,100,2025,AAA/unruputer/ZHU_ZI_HAI,0.638311131328822,3.067920899520899,18.957089595100175,1.0648220526104324,True
V5.2,X5Dcap,100,2025,AG/fast/HAN_JIAN_JUN,0.7306579617567635,3.1003336947623468,21.668393765498728,2.171799668592891,True
V5.2,X5Dcap,100,2025,AG/fast/LIU_JUN_FENG,0.47416597362107454,2.4229270611653195,11.301038868882843,1.9501919758729775,True
V5.2,X5Dcap,100,2025,AG/fast/LIU_LI_QUN,0.7568700658709036,3.8525098627103835,23.48888038368749,1.5901210760464246,True
V5.2,X5Dcap,100,2025,AG/fast/LOU_YANG,0.9133753401879725,5.333864687945243,50.84754696155906,2.3465859815871535,False
V5.2,X5Dcap,100,2025,AG/fast/WANG_CHUN_MING,1.0892783208283758,4.9020424085490015,41.244201735425975,3.176679155473044,True
V5.2,X5Dcap,100,2025,AG/slow/A_MIN_SE_HA_CHI,0.9387106019429502,3.485531646181169,31.818232734627504,4.824128220802597,True
V5.2,X5Dcap,100,2025,AG/slow/CAO_FENG_CHI,1.4329841710200508,6.170672043043534,62.448615615359834,5.189212049325041,True
V5.2,X5Dcap,100,2025,AG/slow/GONG_HUI_XIA,0.45783963009270445,2.9383464063472715,12.964783250734289,0.4670746881769405,True
V5.2,X5Dcap,100,2025,AG/slow/GUO_XI_JIANG,1.0989310038349127,5.341587085601477,61.74578925883366,4.531595208190569,False
V5.2,X5Dcap,100,2025,AG/slow/KANG_XI_MING,1.7121448950752727,7.361003600886599,99.33919404120445,7.89645676650585,True
V5.2,X5Dcap,100,2025,AG/slow/LIN_SHU_TIAN,1.798726962846999,6.840133490265334,88.18127988739904,8.341472160917926,False
V5.2,X5Dcap,100,2025,AG/slow/LI_GUI_YING,2.7128388956340133,8.854308039004852,183.44296184487115,24.79012841422716,True
V5.2,X5Dcap,100,2025,AG/slow/LI_HUAN_GE,2.441312927516136,7.342901174416122,105.37836075454415,16.11224609015751,False
V5.2,X5Dcap,100,2025,AG/slow/TE_JIN_WANG,1.2997139347996618,5.2867208243257995,58.50123043638264,5.9122181691029665,False
V5.2,X5Dcap,100,2025,AG/slow/WEI_JUN_WEN,0.4893076359302453,2.627213772097452,11.02589383821926,0.7426285547432564,False
V5.2,X5Dcap,100,2025,AG/slow/WU_YI_FA,1.2569174211613552,5.848954401789787,58.426270723046834,4.3205062328958626,True
V5.2,X5Dcap,100,2025,AG/slow/ZHANG_LING_GUANG,0.8327902028521518,3.6587347315638334,26.676955102557784,2.4068150401503488,True
V5.2,X5Dcap,100,2025,ILO/DONG_KE_QIN-0/after,0.7470985295728519,2.2924201356066702,13.493121945049692,2.1197208323623955,False
V5.2,X5Dcap,100,2025,ILO/DONG_KE_QIN-0/before,0.5974157992770611,2.09535600187973,11.783519875638483,1.587598417348928,False
V5.2,X5Dcap,100,2025,ILO/HOU_SHI_GUO-0/after,0.749696765937829,2.8271915914788943,19.773817142225337,2.2141437477103816,False
V5.2,X5Dcap,100,2025,ILO/HOU_SHI_GUO-0/before,2.5049062805226128,7.21830848347467,160.7798164290837,28.36373052905387,True
V5.2,X5Dcap,100,2025,ILO/LIU_BAO_JUN-0/after,1.373807355221726,2.950701830011388,52.796010512172614,18.740355882591523,False
V5.2,X5Dcap,100,2025,ILO/LIU_BAO_JUN-0/before,0.6161324024089114,1.9002290286139563,10.055864784345745,1.661976432846935,True
V5.2,X5Dcap,100,2025,ILO/LIU_LIAN_YOU-0/after,0.8217170676589293,2.8912675670464987,19.89085544624444,2.9388116412170713,False
V5.2,X5Dcap,100,2025,ILO/LIU_LIAN_YOU-0/before,1.1984596404978958,3.340464523888479,34.75574044868209,7.368825930378591,True
V5.2,X5Dcap,100,2025,ILO/LIU_YUE_DONG-0/after,0.8231314467500636,2.782403065948192,17.633983071271068,2.24311430950208,False
V5.2,X5Dcap,100,2025,ILO/LIU_YUE_DONG-0/before,0.8443292635264497,3.3081279320603265,20.194020602630463,2.787853706409276,True
V5.2,X5Dcap,100,2025,ILO/LI_BO_JUN-1/after,0.8103911703546555,2.5600062960397714,17.980769746688605,2.8550893005377924,False
V5.2,X5Dcap,100,2025,ILO/LI_BO_JUN-1/before,1.6847376450416178,4.509235974816815,78.9411697329769,16.692938511678506,False
V5.2,X5Dcap,100,2025,ILO/SHEN_CHUN_WANG-0/after,0.6979925751376606,2.3141913050137086,11.665328781523698,1.5141316409413548,False
V5.2,X5Dcap,100,2025,ILO/SHEN_CHUN_WANG-0/before,1.1721264513036587,3.630439152871617,29.27657215367769,4.677365517005111,False
V5.2,X5Dcap,100,2025,ILO/SUN_DONG_XIN-0/after,0.619492345304521,2.5035548053526595,12.472073643573172,1.226463038620614,False
V5.2,X5Dcap,100,2025,ILO/SUN_DONG_XIN-0/before,0.5625877401983237,2.4919734390281945,13.807935033292738,1.3833245761173782,False
V5.2,X5Dcap,100,2025,ILO/WAGN_LI_JUN-1/after,0.7819121001847532,2.2155448703384417,14.09729748172141,2.562035392578397,False
V5.2,X5Dcap,100,2025,ILO/WAGN_LI_JUN-1/before,1.2353080539189807,4.190104407364758,66.05751416472077,8.391029392343277,True
V5.2,X5Dcap,100,2025,ILO/WANG_TIAN_QING-1/after,0.6388954371240473,2.5004722088218103,14.517951727026697,1.4587087552673939,False
V5.2,X5Dcap,100,2025,ILO/WANG_TIAN_QING-1/before,1.1822409877645852,3.5691361282528224,63.34332745843718,11.195540672878522,True
V5.2,X5Dcap,100,2025,ILO/XIONG_DONG_SUO-0/after,1.0123796118310437,3.448601313712777,61.49097180996401,8.935575196091618,False
V5.2,X5Dcap,100,2025,ILO/XIONG_DONG_SUO-0/before,0.6282699721063822,2.3249787159282818,19.58255089367013,2.6166815979897318,False
V5.2,X5Dcap,100,2025,ILO/YAO_GUO_CHEN-0/after,0.7867168345194187,3.4465237984163473,29.026153609013093,2.314256121909461,False
V5.2,X5Dcap,100,2025,ILO/YAO_GUO_CHEN-0/before,1.7652318051490243,5.287628099523142,93.92314863020482,22.753560144582885,True
V5.2,X5Dcap,100,2025,ILO/YU_XIANG_SHENG-1/after,1.161173479181604,3.583468776689441,31.427174097325857,4.084150611606046,False
V5.2,X5Dcap,100,2025,ILO/YU_XIANG_SHENG-1/before,1.070005240249985,4.283221739526996,42.98376432031388,4.05037129976036,False
V5.2,X5Dcap,100,2025,AAA/ruputer/GUO_AI_JUN,2.4086715798523155,7.449840996752351,166.43543881394314,21.006729332830357,True
V5.2,X5Dcap,100,2025,AAA/ruputer/LIU_YONG_LAN,0.5963296437219069,2.154298328684825,17.986341321231702,2.350651178933902,True
V5.2,X5Dcap,100,2025,AAA/ruputer/WANG_AN,1.4386002314549924,4.367029000448692,92.9718956359118,15.684059727257118,True
V5.2,X5Dcap,100,2025,AAA/ruputer/WU_GUANG_CUN,2.230528878109864,6.954084807370937,257.72455967097324,34.826108164209266,True
V5.2,X5Dcap,100,2025,AAA/ruputer/ZHANG_MAO_JIN,0.8504153535314276,2.6295907298072283,15.947729599849643,2.265559145488083,True
V5.2,X5Dcap,100,2025,AAA/ruputer/ZUO_DAO_SHENG,0.8863751519885174,2.9315329954068625,38.9033055049693,5.777501323266053,True
V5.2,X5Dcap,100,2025,AAA/unruputer/CHEN_LIANG_FU,0.5612953163248123,2.010021235052449,11.856954581775907,1.4186667899522014,True
V5.2,X5Dcap,100,2025,AAA/unruputer/GAO_DIAN_WEN,0.622203615676767,3.1348542477559045,20.424033212702113,1.3960940087182205,False
V5.2,X5Dcap,100,2025,AAA/unruputer/LIU_JIE,1.414003684885176,4.969619492379978,77.57118486459343,9.657778546994132,True
V5.2,X5Dcap,100,2025,AAA/unruputer/LIU_LI_FENG,0.9369468999599763,3.353359137332773,44.25403522800125,5.106742323602391,True
V5.2,X5Dcap,100,2025,AAA/unruputer/LIU_XING_GUO,0.648937121195151,3.2585904048475873,20.461996235860447,1.2226699347178203,True
V5.2,X5Dcap,100,2025,AAA/unruputer/SHEN_FANG_JIN,0.48528010139181077,1.640102195485246,7.393989904466414,1.1625026966143355,True
V5.2,X5Dcap,100,2025,AG/fast/LIU_YI_BING,0.753735520130573,5.131292744577097,49.93639551925239,1.8025665703119849,True
V5.2,X5Dcap,100,2025,AG/fast/PENG_JI_MING,1.134469086327073,4.26190413536515,37.41348052527692,4.366688068939634,False
V5.2,X5Dcap,100,2025,AG/fast/SUN_ZHI_YU,0.504356737774214,2.6229413039823064,11.020099765330107,0.644252331524546,False
V5.2,X5Dcap,100,2025,AG/fast/ZHANG_LIANG,0.6700697788950849,4.137625654752519,33.675306389227394,1.5401420525352347,False
V5.2,X5Dcap,100,2025,AG/fast/ZHANG_XIU_WEN,0.8192190549052684,3.655839880935059,22.58873316150414,1.8392926977062305,True
V5.2,X5Dcap,100,2025,AG/slow/BAI_WEN_JIE,0.7881055095121071,3.8999293011770098,28.439857711811907,2.236299716388381,False
V5.2,X5Dcap,100,2025,AG/slow/CHENG_GUANG_SEN,0.5978483681372492,3.0527146390463518,14.967695130403131,0.9249961885274728,True
V5.2,X5Dcap,100,2025,AG/slow/DING_LIAN_ZHONG,1.096807104104212,5.604275317227923,57.46990770676308,3.637243171900238,True
V5.2,X5Dcap,100,2025,AG/slow/LU_ZHEN_QING,1.4290050887022647,6.065024485873685,99.44994737875861,8.12846616227216,True
V5.2,X5Dcap,100,2025,AG/slow/MI_DE_XI,2.1199215451829545,8.628868617291074,192.71693992666115,18.052412554547352,True
V5.2,X5Dcap,100,2025,AG/slow/QU_HE_PING,1.3353267083090072,5.2783702119799125,58.33651984700764,5.854241648446234,True
V5.2,X5Dcap,100,2025,AG/slow/WANG_KE,3.1916999052908936,10.655591211013716,203.72227608935495,26.57705568169422,True
V5.2,X5Dcap,100,2025,AG/slow/WEI_BAO_XING,0.7535717819010015,3.0376911397751063,23.15417497643126,2.477557160821004,True
V5.2,X5Dcap,100,2025,AG/slow/XI_CHENG_JIANG,0.9355174920387545,4.303623430097886,29.276106225412153,2.371415101905904,True
V5.2,X5Dcap,100,2025,AG/slow/YANG_YOU_SHENG,0.8787506285693923,4.280526671285049,30.970811381146113,2.4698295796025924,True
V5.2,X5Dcap,100,2025,AG/slow/ZHANG_HUAN_LI,1.251526099165763,5.482447490466909,70.47119610415659,5.994778972704718,False
V5.2,X5Dcap,100,2025,AG/slow/ZHANG_ZHI_JUN,1.3714543096083773,5.888155859015022,58.88411848465769,4.652882980371481,True
V5.2,X5Dcap,100,2025,ILO/GAO_SHU_CAI-0/after,0.9174898438732904,3.1604519232202413,29.17973401453175,4.088751318501752,False
V5.2,X5Dcap,100,2025,ILO/GAO_SHU_CAI-0/before,0.7934934700298146,2.4961900595200994,19.185343422204017,2.584177884718562,True
V5.2,X5Dcap,100,2025,ILO/GUO_AI_JUN-0/after,1.1377905562940283,3.4818888653770035,54.130925715571166,9.267753252215996,False
V5.2,X5Dcap,100,2025,ILO/GUO_AI_JUN-0/before,1.0027663621737812,2.846687213573358,35.94437029412065,7.0635071360619435,False
V5.2,X5Dcap,100,2025,ILO/LIU_CHUN_YANG-1/after,0.732018719285765,2.5337530342159913,13.929782979045523,1.74282178010313,False
V5.2,X5Dcap,100,2025,ILO/LIU_CHUN_YANG-1/before,1.3141157317607688,4.433851615983138,55.145839477988545,7.829728258054672,False
V5.2,X5Dcap,100,2025,ILO/LIU_YUN_ZHANG-0/after,0.7801199013218103,3.066511309301898,29.07481405646554,2.8090454672554657,False
V5.2,X5Dcap,100,2025,ILO/LIU_YUN_ZHANG-0/before,0.7812070509457317,2.920038434976278,27.01822953326439,3.1847821329436936,False
V5.2,X5Dcap,100,2025,ILO/LU_FU_SHAN-0/after,0.6991901187359596,2.605072763946019,18.860392383846865,2.05347334744084,False
V5.2,X5Dcap,100,2025,ILO/LU_FU_SHAN-0/before,1.1833295770613967,4.730034274601319,48.09283839184349,4.486751832472648,False
V5.2,X5Dcap,100,2025,ILO/LV_JIAN_HUA-0/after,0.971655469609669,3.8727032073844523,33.106969354323205,4.061943999297788,False
V5.2,X5Dcap,100,2025,ILO/LV_JIAN_HUA-0/before,0.7979760981248754,2.847487177360422,18.19514423676456,2.0194566320493634,True
V5.2,X5Dcap,100,2025,ILO/SUN_CHUN_PU-0/after,0.9405584677521315,3.1520660201109085,25.5838664780902,4.578440019944017,False
V5.2,X5Dcap,100,2025,ILO/SUN_CHUN_PU-0/before,1.304888514608471,4.088498696180674,46.108462846083654,7.84410667301263,False
V5.2,X5Dcap,100,2025,ILO/SUN_DE_QI-1/after,1.4154236558064994,3.9743662390367227,50.83284308938841,9.632701226792504,False
V5.2,X5Dcap,100,2025,ILO/SUN_DE_QI-1/before,1.3360338521203374,4.056411270278355,51.232673347143674,8.06565715293877,True
V5.2,X5Dcap,100,2025,ILO/WANG_XIAO_LIN-0/after,0.6961359271499165,2.3515349657488125,15.962611012509246,2.1117730961913046,False
V5.2,X5Dcap,100,2025,ILO/WANG_XIAO_LIN-0/before,2.3380741699471175,6.225273341181436,140.0670621950337,26.766375054267755,True
V5.2,X5Dcap,100,2025,ILO/XIE_ZHI_FU-0/after,1.09375943208186,3.166523011437513,22.61334306094672,3.7227560579807917,False
V5.2,X5Dcap,100,2025,ILO/XIE_ZHI_FU-0/before,1.0846411396453712,2.912785300882459,23.479895680972408,5.254243115550538,True
V5.2,X5Dcap,100,2025,ILO/ZHANG_JIN_CHUN-1/after,1.099202539159955,2.9572296232957687,44.51030622254935,10.94568750366869,False
V5.2,X5Dcap,100,2025,ILO/ZHANG_JIN_CHUN-1/before,2.4717277123524455,6.021284678046796,160.47203150440788,41.09634531804232,False
V5.2,X5Dcap,100,2025,ILO/ZHANG_MAO_JIN-0/after,0.6665817713620907,1.9840147376467463,11.373815070138216,1.9542560526605879,False
V5.2,X5Dcap,100,2025,ILO/ZHANG_MAO_JIN-0/before,1.2899613569766835,3.9947743629441814,57.275210014920816,7.546411386918178,False
V5.2,X5Dcap,100,2025,ILO/ZHANG_WAN_ZENG-1/after,2.0880933115408618,4.226823186221868,85.81271760208928,19.992620851777154,False
V5.2,X5Dcap,100,2025,ILO/ZHANG_WAN_ZENG-1/before,3.583506577939066,7.569019393933783,255.0440746506557,81.80351009632523,False
V5.2,X5Dcap,100,2025,ILO/ZHAO_CHANG_SHAN-0/after,1.6830687892630773,4.611150478599526,68.75923456028728,15.731641093421192,False
V5.2,X5Dcap,100,2025,ILO/ZHAO_CHANG_SHAN-0/before,5.148273929768497,10.634950593706868,370.99232595253847,120.75859485570898,True
V5.2,X5Dcap,100,2025,AAA/ruputer/GAO_FENG_SHAN,0.7021945108528482,2.03753703851081,13.141723801014932,2.6290976513705973,True
V5.2,X5Dcap,100,2025,AAA/ruputer/HUO_SHI_LIANG,1.3569088793497714,4.651739969935164,63.2318045148085,8.67068052160321,True
V5.2,X5Dcap,100,2025,AAA/ruputer/LIN_LIANG_XIAO,1.386295114129963,4.346704564328634,59.85686950834659,9.261677864353622,True
V5.2,X5Dcap,100,2025,AAA/ruputer/WANG_FU_SHUN,2.096351022827124,5.025010594293936,94.8502233907485,21.706267110971826,False
V5.2,X5Dcap,100,2025,AAA/ruputer/XIE_JIN_QUAN,1.2406328171959458,3.4684101126546927,42.1810359391909,7.687644253487605,True
V5.2,X5Dcap,100,2025,AAA/ruputer/ZOU_LI_SHUN,1.2980247534992604,6.0598059119967145,63.38064566805187,4.5551692441186376,True
V5.2,X5Dcap,100,2025,AAA/unruputer/CAO_DIAN_HE,0.3415166468931971,1.4151923203853616,5.452815159976291,0.6551806414910669,False
V5.2,X5Dcap,100,2025,AAA/unruputer/HAN_JIAN_FU,0.6460641858777929,2.624829909413056,14.005638485301713,1.2339540730062755,True
V5.2,X5Dcap,100,2025,AAA/unruputer/LIU_CHENG_ZHANG,0.7604352436015115,2.9926854177547035,21.174288948865577,2.3869939769572235,True
V5.2,X5Dcap,100,2025,AAA/unruputer/LIU_KANG_WEN,1.037566365605121,4.812939273747851,48.3982414101119,3.208509498888255,False
V5.2,X5Dcap,100,2025,AAA/unruputer/YANG_BEN_RUI,0.4290790214551945,1.6594835742166325,5.384164159342528,0.5829597677108217,True
V5.2,X5Dcap,100,2025,AAA/unruputer/ZHANG_YONG_ZHI,3.099627758835351,7.297355275904969,205.98219187481664,50.34580047720663,False
V5.2,X5Dcap,100,2025,AG/fast/LIU_FENG_MING,1.035243153695002,4.7472446503834105,52.492849158687676,3.6227015879214712,True
V5.2,X5Dcap,100,2025,AG/fast/RAN_QING_BO,0.8818556038768237,4.1305700593143735,56.72770084868055,4.4376889613761925,False
V5.2,X5Dcap,100,2025,AG/fast/WANG_DAO_CHUN,2.5049426865991666,8.460594571147846,178.94256783849704,26.03635920139539,True
V5.2,X5Dcap,100,2025,AG/fast/ZHANG_HAO,1.198687607751758,4.570449326298646,43.3107942839982,4.815344565849987,True
V5.2,X5Dcap,100,2025,AG/fast/ZHANG_XIU_ZHEN,0.5811605370776812,2.8417692070729768,14.498496143402052,1.1602987141973016,True
V5.2,X5Dcap,100,2025,AG/slow/LIU_JIN_LIANG,1.108382910543532,5.2820480410124695,48.14996544690595,3.3642537640806163,True
V5.2,X5Dcap,100,2025,AG/slow/LV_FU_LONG,1.0783167037806103,4.386930804130545,48.83742513304365,4.658128915010946,True
V5.2,X5Dcap,100,2025,AG/slow/SUN_ZONG_GE,3.53808447542709,8.27749472373084,209.91724743620927,51.31925758905177,True
V5.2,X5Dcap,100,2025,AG/slow/WANG_DENG_FENG,2.4928379517672217,6.4421648234595095,100.02339887144286,24.620580174761173,False
V5.2,X5Dcap,100,2025,AG/slow/WANG_GUANG_CHAO,1.231826913457615,4.614445391663087,39.80053643021218,4.494749521403702,True
V5.2,X5Dcap,100,2025,AG/slow/WANG_YAN_LING,0.93994107283968,4.494127975271114,30.36056416694121,2.302628957863144,True
V5.2,X5Dcap,100,2025,AG/slow/XU_YI_CAI,0.5349586875012248,2.410303175785394,10.347809986080422,0.8858592825034879,True
V5.2,X5Dcap,100,2025,AG/slow/ZANG_YU_SHU,0.3486311716760723,2.1634077010875474,7.53152965337858,0.32735686092942284,True
V5.2,X5Dcap,100,2025,AG/slow/ZHANG_JING_SHUN,1.0631710681382767,3.363546346055187,23.74456773588907,4.551896855024325,True
V5.2,X5Dcap,100,2025,AG/slow/ZHANG_QING_SHUI,1.484538892036022,5.676999896579578,72.96072033856338,7.78572551937056,True
V5.2,X5Dcap,100,2025,AG/slow/ZHANG_WEI_XIAN,1.8994340889128336,6.510907860837576,75.05890052444808,9.93395893366477,False
V5.2,X5Dcap,100,2025,AG/slow/ZHAO_XIU_XUAN,0.8707724836206046,4.092126711668704,30.88023410957455,2.693660470054447,False
V5.2,X5Dcap,100,2025,ILO/AN_GUANG_JIE-0/after,1.4924162910131482,5.284293944837935,63.139728400246405,6.817184624598908,False
V5.2,X5Dcap,100,2025,ILO/AN_GUANG_JIE-0/before,0.8350610047579995,3.574409216133782,25.039956437404225,2.5576514391018397,True
V5.2,X5Dcap,100,2025,ILO/BAO_EN_YUN-0/after,0.876397738931585,2.6791721537448088,25.764479809023708,4.53890094090572,False
V5.2,X5Dcap,100,2025,ILO/BAO_EN_YUN-0/before,1.134606819385871,3.7908708777658124,43.06386448880109,6.575542261326634,True
V5.2,X5Dcap,100,2025,ILO/DONG_JIA_JU-1/after,0.6312770103243925,2.498697041169414,14.585995823724014,1.6729808170286327,False
V5.2,X5Dcap,100,2025,ILO/DONG_JIA_JU-1/before,0.8248264371601498,3.059519791485799,25.60886958214418,2.951166833056088,False
V5.2,X5Dcap,100,2025,ILO/GONG_HAI_ZENG-1/after,1.1330698862991966,3.4626317396732005,33.71630887633731,5.768204346641715,False
V5.2,X5Dcap,100,2025,ILO/GONG_HAI_ZENG-1/before,2.055693039212105,5.495845351343775,107.16027555862578,23.208727051122604,True
V5.2,X5Dcap,100,2025,ILO/GUO_QING_SHAN-0/after,1.3551741371126553,4.145374252872808,49.62588769878865,7.943995715791729,False
V5.2,X5Dcap,100,2025,ILO/GUO_QING_SHAN-0/before,1.3812959930645634,5.0348014077575565,53.9909917213027,6.20294497058465,True
V5.2,X5Dcap,100,2025,ILO/GUO_YU_SHU-0/after,0.7374877429746004,2.534641043685534,16.586700480741822,1.9379677887299442,False
V5.2,X5Dcap,100,2025,ILO/GUO_YU_SHU-0/before,1.5456573857008487,4.920912603556298,63.86524185105455,8.867434076352913,True
V5.2,X5Dcap,100,2025,ILO/LI_FA_XIANG-1/after,1.0175417968916651,3.02574100857652,40.3007060545401,7.335302384118959,False
V5.2,X5Dcap,100,2025,ILO/LI_SHENG_WEN-0/after,0.8724906370365529,3.1308673846422037,23.95820278080455,2.362883385602044,False
V5.2,X5Dcap,100,2025,ILO/LI_SHENG_WEN-0/before,1.2046662176389793,3.9642292537872144,41.65832073530187,5.2177609445243025,True
V5.2,X5Dcap,100,2025,ILO/YANG_WANG_QI-1/after,0.8732353029147012,3.0532699735222706,35.36673218870121,5.055626782174819,False
V5.2,X5Dcap,100,2025,ILO/YANG_WANG_QI-1/before,2.3211601044849193,6.949511004651124,236.55005645293733,40.008482091880126,True
V5.2,X5Dcap,100,2025,ILO/YANG_WEN_TAI-0/after,0.4935850559542572,1.7704143949214601,8.543490936613143,0.9701754520419168,False
V5.2,X5Dcap,100,2025,ILO/YANG_WEN_TAI-0/before,0.6441092559310725,2.459337813844964,18.891124914337894,1.9351334460153287,False
V5.2,X5Dcap,100,2025,ILO/ZHANG_HE_PING-0/after,0.8318215209512906,3.248198838208183,23.246963780778973,2.3438337529329227,False
V5.2,X5Dcap,100,2025,ILO/ZHANG_HE_PING-0/before,0.7269147827281186,2.760201453131012,16.174038989825313,1.8205978056338976,False
V5.2,X5Dcap,100,2025,AAA/ruputer/FENG_LI_XIN,0.7522253874101995,2.1214083458199364,10.639963499911126,1.946655640963163,True
V5.2,X5Dcap,100,2025,AAA/ruputer/KANG_YONG,0.3318732997334587,1.7751382182199138,5.007907687124787,0.24687147732599846,False
V5.2,X5Dcap,100,2025,AAA/ruputer/LI_LAO_PING,2.0046707284079974,5.698746129854421,74.16615406801773,12.531162082184537,True
V5.2,X5Dcap,100,2025,AAA/ruputer/LI_ZHEN_HUA,1.1714263580033866,6.017556926644632,76.02240044405565,3.902459694011976,False
V5.2,X5Dcap,100,2025,AAA/ruputer/ZHOU_KE_XUN,1.7216397473193343,4.231635547564854,112.03595932659032,27.24411216562815,True
V5.2,X5Dcap,100,2025,AAA/unruputer/CAO_HONG_TAI,0.3528873970066592,1.3268745460453764,5.446184193094293,0.7774388701238489,True
V5.2,X5Dcap,100,2025,AAA/unruputer/GUO_BAO_CHUN,0.3004678462282983,0.791344581372004,1.7750657781297383,0.4467998557214708,True
V5.2,X5Dcap,100,2025,AAA/unruputer/GUO_YU_YING,0.6008184078466081,2.2257789311635006,13.722407285033665,1.5207863326043802,False
V5.2,X5Dcap,100,2025,AAA/unruputer/SUN_SHU_MING,0.33316282497489824,1.4502544028699191,3.712576770708284,0.36042675929908063,False
V5.2,X5Dcap,100,2025,AAA/unruputer/WANG_MAN_TIAN,1.4774559975234085,3.96226842433368,93.19822515434568,21.69648802748697,False
V5.2,X5Dcap,100,2025,AAA/unruputer/ZHANG_ZHI_HUA,1.5464365318670874,5.356977427001179,74.70460548786076,10.702606831449403,True
V5.2,X5Dcap,100,2025,AAA/unruputer/ZHOU_XI_SHENG,1.4689763668343463,5.9103360739839195,79.42266806055865,7.828262747923901,True
V5.2,X5Dcap,100,2025,AG/fast/CHEN_SHI_MING,1.2314119013802594,3.763268905005029,29.537482295285525,5.433410284926266,True
V5.2,X5Dcap,100,2025,AG/fast/FAN_JIAN_MING,0.607933463481305,3.0114672229786277,17.380932045890756,1.2165397960286468,False
V5.2,X5Dcap,100,2025,AG/fast/LI_SHI_QIANG,1.2035036632765554,4.504941744560597,35.540369220249886,4.346019789030753,True
V5.2,X5Dcap,100,2025,AG/fast/LI_ZHI_LIN,2.0376282307662623,6.201418541294914,110.31807732495815,20.56753632373352,True
V5.2,X5Dcap,100,2025,AG/fast/WANG_YONG_FAN,0.9913962569405743,4.292869950059317,38.74525256468006,3.7608111837523603,True
V5.2,X5Dcap,100,2025,AG/slow/CHENG_LU_LI,0.7671396012350505,4.0763082863222575,30.83012060236573,1.7566172733371448,True
V5.2,X5Dcap,100,2025,AG/slow/CHEN_JING_RU,0.7523163236768917,4.145240299818683,26.843166750835497,1.5467550965490675,False
V5.2,X5Dcap,100,2025,AG/slow/GUAN_TONG_XIANG,0.7080123380269973,2.372475772984785,14.114260557541792,1.8594691419534486,True
V5.2,X5Dcap,100,2025,AG/slow/LIU_ZONG_YANG,2.9533122951096056,8.097104993927964,188.52902432586149,39.08754415407049,True
V5.2,X5Dcap,100,2025,AG/slow/LI_BING_YI,1.5101543099840913,5.429423354828019,55.497318923053875,5.880480146962372,True
V5.2,X5Dcap,100,2025,AG/slow/MA_YU,0.8775922471665122,3.978000399532755,32.911993323407664,2.5707019956902446,False
V5.2,X5Dcap,100,2025,AG/slow/QIN_SI_FU,1.4167880186561914,5.930709869305175,70.199285467931,5.766283617113431,True
V5.2,X5Dcap,100,2025,AG/slow/SUN_WEN_QING,0.5120162866311736,2.6890980069391297,10.310263003762016,0.5953906150928848,False
V5.2,X5Dcap,100,2025,AG/slow/WANG_BAO_SHAN,0.7952471018110532,3.9499355467516386,34.293253101408034,2.3378280044720148,False
V5.2,X5Dcap,100,2025,AG/slow/WANG_GUI,0.7360929719968722,3.6827013809898084,26.473705765694493,2.0139015877373834,True
V5.2,X5Dcap,100,2025,AG/slow/WANG_YONG_LI,0.5917165864123062,2.7185023194494624,12.983189016324376,0.8885726574638118,True
V5.2,X5Dcap,100,2025,AG/slow/YIN_YU_RONG,1.175949393301455,5.061505312436657,37.467388774416754,3.956143721308328,True
V5.2,X5Dcap,100,2025,ILO/PAN_YIN_GEN-1/after,0.9239487099605967,3.7577721395917676,29.30514383125958,2.603718046384385,False
V5.2,X5Dcap,100,2025,ILO/PAN_YIN_GEN-1/before,0.8713267567574277,3.1754716950917135,23.56519968355469,2.626451995622348,True
V5.2,X5Dcap,100,2025,ILO/SUN_XU_XIA-1/after,2.2211070121619665,6.0409287876205475,202.71504838860014,42.659253804480805,False
V5.2,X5Dcap,100,2025,ILO/SUN_XU_XIA-1/before,4.395317914302006,12.19183318939318,489.43694050297023,91.3069557014495,False
V5.2,X5Dcap,100,2025,ILO/SUN_YU_SHENG-0/after,0.6873509314234235,2.5615405184114186,14.503342029265115,1.5212869301019547,False
V5.2,X5Dcap,100,2025,ILO/SUN_YU_SHENG-0/before,0.7845485303489715,2.973660792979511,19.492324655687064,2.1373009051667338,True
V5.2,X5Dcap,100,2025,ILO/WANG_LI_MIN-0/after,0.47446634766258694,1.8899178048719347,6.01317906664685,0.6445668827767456,False
V5.2,X5Dcap,100,2025,ILO/WANG_LI_MIN-0/before,0.5767160313476133,2.0825364964329203,8.124975856650941,0.9996337444835265,False
V5.2,X5Dcap,100,2025,ILO/WENG_ZHAO_GUANG-0/after,0.6857313596678045,2.1499257333703476,11.283341028794325,1.8334395625761082,False
V5.2,X5Dcap,100,2025,ILO/WENG_ZHAO_GUANG-0/before,0.7179476981140984,2.558593384319974,12.700710601515064,1.7205138747927233,True
V5.2,X5Dcap,100,2025,ILO/WU_JUN-0/after,0.7596077249096219,2.3610275694316676,10.037184983478785,1.5898044555782345,False
V5.2,X5Dcap,100,2025,ILO/WU_JUN-0/before,0.5366558188241578,2.3711870852346104,9.729965067863155,0.8661159637955804,True
V5.2,X5Dcap,100,2025,ILO/XUE_YOU_TANG-0/before,4.5673433095796865,10.843782753562573,432.40077540533184,132.85297909214293,False
V5.2,X5Dcap,100,2025,ILO/YANG_YU_QING-1/after,1.3534044833042644,4.4833083323144844,64.31529685133866,9.677897504752284,False
V5.2,X5Dcap,100,2025,ILO/YANG_YU_QING-1/before,2.46310534586949,6.9830689361632245,191.45682824942702,38.246083650065486,True
V5.2,X5Dcap,100,2025,ILO/ZHANG_JIAN_JUN-1/after,0.4135637775583977,1.7847243888383113,7.467814326386552,0.6310885506817502,False
V5.2,X5Dcap,100,2025,ILO/ZHANG_JIAN_JUN-1/before,0.5752871167662279,2.589568926648138,16.747527354595082,1.543718997726642,True
V5.2,X5Dcap,100,2025,ILO/ZHANG_YAN_SHAN-0/after,1.0940855221953665,4.138333420895427,53.06518058389276,5.091940511244549,False
V5.2,X5Dcap,100,2025,ILO/ZHANG_YAN_SHAN-0/before,1.909547498875065,7.074490468879482,137.40443750805886,13.604293996210513,True
V5.2,X5Dcap,100,2025,ILO/ZHAO_JIAN_PING-0/after,1.3339433182437204,4.24500925845931,73.468680408269,10.787832313427534,False
V5.2,X5Dcap,100,2025,ILO/ZHAO_JIAN_PING-0/before,1.8126931251884137,6.108795577952538,123.13669893072286,17.290442487284324,False
V5.2,X5Dcap,100,2025,AAA/ruputer/DING_JUN_FENG,4.188161694478407,10.46771931328709,369.6206388814588,81.76154576416707,True
V5.2,X5Dcap,100,2025,AAA/ruputer/LI_BING_JIANG,0.7050176186422025,2.1451482001058615,18.743676688597077,2.7397545468078595,True
V5.2,X5Dcap,100,2025,AAA/ruputer/MA_XIAO_DONG,1.8148491343109747,5.480759544001788,68.11581806635034,11.796744779235272,True
V5.2,X5Dcap,100,2025,AAA/ruputer/MENG_GUANG_QIN,2.747962496506289,4.601930127497023,92.18364679148645,44.63207498364896,True
V5.2,X5Dcap,100,2025,AAA/ruputer/WANG_KUI_WU,2.2507912354903126,7.086179031012907,165.94411219895807,23.535208009861915,True
V5.2,X5Dcap,100,2025,AAA/unruputer/CHEN_FU_YE,1.7614773056156652,5.9595728719438075,111.05884186068224,14.02485354802639,True
V5.2,X5Dcap,100,2025,AAA/unruputer/CHEN_SHU_LIN,1.0275139292771418,2.8834434297185005,24.578362017968786,4.890633085727203,True
V5.2,X5Dcap,100,2025,AAA/unruputer/FENG_ZHI_YING,2.028268835857792,5.83444409487982,131.60942587783873,30.514070987964764,True
V5.2,X5Dcap,100,2025,AAA/unruputer/MA_JIN_HE,1.3784267188045913,3.7143120362268687,72.65855986671251,21.093597364437176,False
V5.2,X5Dcap,100,2025,AAA/unruputer/QIAO_XIU_YUN,0.9991336664289623,3.6905139489330185,28.69365497684893,3.1489964190748214,True
V5.2,X5Dcap,100,2025,AAA/unruputer/YAN_FU_TANG,1.9730584012481296,6.450001187196827,152.42342869485313,25.735333445336032,True
V5.2,X5Dcap,100,2025,AAA/unruputer/ZHANG_GUI_HUA,0.6094363125603188,2.789698018856946,15.895906928278727,1.2591494621654193,False
V5.2,X5Dcap,100,2025,AG/fast/LI_SHU_KUN,1.2690042242578214,5.714728753147314,51.50729605947091,4.156382845943197,True
V5.2,X5Dcap,100,2025,AG/fast/LI_ZHEN_SHAN,0.8336716702547975,3.3918277628145326,19.937918094855608,1.9561511522091148,True
V5.2,X5Dcap,100,2025,AG/fast/YAO_CUN_HONG,1.7270916217188161,7.475862533522821,104.36396915450877,9.25882867166183,False
V5.2,X5Dcap,100,2025,AG/fast/ZHANG_CHUN,2.742452690049192,8.133334796129043,183.97757033176913,35.04430156937889,False
V5.2,X5Dcap,100,2025,AG/fast/ZHANG_QING_WANG,1.0393085978993086,5.330500605071768,58.23008502798455,3.300827835168428,True
V5.2,X5Dcap,100,2025,AG/slow/HE_SHU_ZHEN,1.1560521162932071,4.458812784020269,33.03277648922501,3.4875008934733986,False
V5.2,X5Dcap,100,2025,AG/slow/LIU_FA_CHUN,2.5500097251284046,9.713993074380417,198.1678501062539,22.13948606235074,True
V5.2,X5Dcap,100,2025,AG/slow/LIU_FENG,1.5064185752193495,6.82821389001529,97.60726195346815,9.06326679184429,True
V5.2,X5Dcap,100,2025,AG/slow/LI_CHONG_ZENG,1.3287779852070718,6.817950020326822,72.85597879412683,4.256573906813542,True
V5.2,X5Dcap,100,2025,AG/slow/MA_TIAN_YI,4.051452369330856,13.211622550285794,407.496020237698,61.07504092496719,False
V5.2,X5Dcap,100,2025,AG/slow/NIE_QUAN_ZHONG,2.3478374054770583,6.971520014835111,103.76248565644599,20.291273240024548,False
V5.2,X5Dcap,100,2025,AG/slow/NI_YAN_BIN,2.2986277318062487,7.63272153181254,142.80529321904206,24.255470595610173,True
V5.2,X5Dcap,100,2025,AG/slow/SHEN_ZHI_GANG,1.8686846059661593,6.275638368398758,118.21090278225475,17.33128973122122,True
V5.2,X5Dcap,100,2025,AG/slow/WU_FENG_YAN,0.7516646949989327,4.103783392941793,29.427837706032058,1.7649149100033392,True
V5.2,X5Dcap,100,2025,AG/slow/ZHANG_JUN_HUA,2.082591818533713,8.284258398127253,126.08610221141163,12.153082947909834,True
V5.2,X5Dcap,100,2025,AG/slow/ZHANG_QUAN_YOU,1.2959444218721026,5.718389573404115,55.856207113619064,5.603345327386738,True
V5.2,X5Dcap,100,2025,AG/slow/ZHANG_SONG_TIAN,0.7159396452733173,3.4186589025841823,18.215220989652536,1.2585958396843722,True
V5.2,X5Dcap,100,2025,ILO/CUI_WEI_PING-0/after,0.6247707440093336,2.5333275486678817,13.413685104121395,1.1858050492689547,False
V5.2,X5Dcap,100,2025,ILO/CUI_WEI_PING-0/before,0.9575367200629987,3.724526213465441,27.383086315986276,3.0675387708371282,True
V5.2,X5Dcap,100,2025,ILO/GENG_CHUN_LAI-1/after,0.86620217228531,3.329710513063734,27.33138646294412,2.7973925100218624,False
V5.2,X5Dcap,100,2025,ILO/GENG_CHUN_LAI-1/before,1.4959232169979528,6.0069542876195525,74.50176786109033,7.111658883418913,True
V5.2,X5Dcap,100,2025,ILO/LIN_CHUN_YANG-1/after,0.548630168803287,2.054718295628981,8.824292315823762,0.9161084224406257,False
V5.2,X5Dcap,100,2025,ILO/LIN_CHUN_YANG-1/before,1.8829579295981824,4.898840521998173,72.13591141169327,15.47105720092405,True
V5.2,X5Dcap,100,2025,ILO/LI_YOU_ZHI-0/after,0.40701256957909865,1.3131424496530564,3.293284662493258,0.4260044341868261,False
V5.2,X5Dcap,100,2025,ILO/LI_YOU_ZHI-0/before,0.43328483386276645,1.7785040868983089,7.680918459801692,0.7724572366441397,False
V5.2,X5Dcap,100,2025,ILO/LI_YU_GANG-0/after,0.8068570234794757,2.281300062447903,16.053841053293848,3.338093733633542,False
V5.2,X5Dcap,100,2025,ILO/LI_YU_GANG-0/before,0.5474589244173957,2.0798349732553363,14.1808770339175,2.2823782242924704,False
V5.2,X5Dcap,100,2025,ILO/WANG_CAI-0/after,1.2003754959193187,3.3590240657345696,65.56565282471435,12.361031392405682,False
V5.2,X5Dcap,100,2025,ILO/WANG_JIN_MING-0/after,0.7928451365257471,2.8687006418388257,16.503180223537605,2.224801800003164,False
V5.2,X5Dcap,100,2025,ILO/WANG_JIN_MING-0/before,5.8698837595111195,10.391614904611252,551.0038375183153,213.47071291798161,True
V5.2,X5Dcap,100,2025,ILO/WANG_SHU_SHENG-0/after,1.4280955172225227,4.390982756019013,56.116555041913045,8.097944046664656,False
V5.2,X5Dcap,100,2025,ILO/WANG_SHU_SHENG-0/before,1.281239223343444,4.365596433389344,46.55317194070791,6.368342330567179,True
V5.2,X5Dcap,100,2025,ILO/WEI_QING_FENG-1/after,1.0536942487273706,3.2154691711418857,29.339164099540646,4.941672871151473,False
V5.2,X5Dcap,100,2025,ILO/WEI_QING_FENG-1/before,1.7451672249775818,5.69546056440348,76.05877327565295,11.117987235238028,False
V5.2,X5Dcap,100,2025,ILO/YANG_QING_REN-1/before,3.305026607694716,8.243361365755417,205.81716588835636,45.23111468830426,False
V5.2,X5Dcap,100,2025,ILO/ZHANG_YONG_SHENG-0/after,0.4282423457288215,1.8194063291927332,6.282024914192741,0.5541291414525321,False
V5.2,X5Dcap,100,2025,ILO/ZHANG_YONG_SHENG-0/before,0.7811443105715279,2.3390057957495074,11.934721516415857,2.6832814998554344,False
