{
  "case_name": "CHEN_SHI_MING",
  "normal_source": "stl",
  "n_wall": 9338,
  "normal_invalid_rate": 0.0,
  "basis_invalid_rate": 0.026451051235198975,
  "wss_rad_p95_over_wss_p95": 0.01164848326305556,
  "wss_rad_abs": {
    "p25": 0.0010117066399909843,
    "p50": 0.0029380172852575674,
    "p75": 0.007896168759210748,
    "p95": 0.05307714224769082
  },
  "wss_magnitude": {
    "p25": 0.3739897608,
    "p50": 0.6140975854499999,
    "p75": 0.968489468825,
    "p95": 4.556571104499999
  },
  "wss_axial": {
    "p25": -0.44913501565053404,
    "p50": -0.14897984588477556,
    "p75": 0.2171545516121954,
    "p95": 2.0702368901475006
  },
  "wss_circ": {
    "p25": -0.3086310624212313,
    "p50": -0.03506450613254354,
    "p75": 0.20825663349184387,
    "p95": 1.1222163758360009
  },
  "mask_histogram": {
    "normal_valid_1": 9338,
    "normal_valid_0": 0,
    "basis_valid_1": 9091,
    "basis_valid_0": 247
  },
  "thresholds": {
    "normal_invalid_rate_max": 0.05,
    "basis_invalid_rate_max": 0.1,
    "wss_rad_p95_over_wss_p95_max": 0.3
  },
  "pass": true,
  "sample_file": "result_features_merged-1200.csv",
  "stl_path": "data_new/AG/fast/CHEN_SHI_MING/CHEN_SHI_MING.stl"
}