{
  "n_cases": 3,
  "all_pass": true,
  "normal_source": "stl",
  "cases": [
    {
      "case_name": "CHEN_SHI_MING",
      "normal_source": "stl",
      "n_wall": 9338,
      "normal_invalid_rate": 0.0,
      "basis_invalid_rate": 0.026451051235198975,
      "wss_rad_p95_over_wss_p95": 0.01164848326305556,
      "wss_rad_abs": {
        "p25": 0.0010117066399909843,
        "p50": 0.0029380172852575674,
        "p75": 0.007896168759210748,
        "p95": 0.05307714224769082
      },
      "wss_magnitude": {
        "p25": 0.3739897608,
        "p50": 0.6140975854499999,
        "p75": 0.968489468825,
        "p95": 4.556571104499999
      },
      "wss_axial": {
        "p25": -0.44913501565053404,
        "p50": -0.14897984588477556,
        "p75": 0.2171545516121954,
        "p95": 2.0702368901475006
      },
      "wss_circ": {
        "p25": -0.3086310624212313,
        "p50": -0.03506450613254354,
        "p75": 0.20825663349184387,
        "p95": 1.1222163758360009
      },
      "mask_histogram": {
        "normal_valid_1": 9338,
        "normal_valid_0": 0,
        "basis_valid_1": 9091,
        "basis_valid_0": 247
      },
      "thresholds": {
        "normal_invalid_rate_max": 0.05,
        "basis_invalid_rate_max": 0.1,
        "wss_rad_p95_over_wss_p95_max": 0.3
      },
      "pass": true,
      "sample_file": "result_features_merged-1200.csv",
      "stl_path": "data_new/AG/fast/CHEN_SHI_MING/CHEN_SHI_MING.stl"
    },
    {
      "case_name": "FAN_JIAN_MING",
      "normal_source": "stl",
      "n_wall": 10627,
      "normal_invalid_rate": 0.0,
      "basis_invalid_rate": 0.0249364972114563,
      "wss_rad_p95_over_wss_p95": 0.010623276490414382,
      "wss_rad_abs": {
        "p25": 0.0006499102946614662,
        "p50": 0.002432243749969696,
        "p75": 0.006743978768841463,
        "p95": 0.022134781617642037
      },
      "wss_magnitude": {
        "p25": 0.32241151479999997,
        "p50": 0.5215846559,
        "p75": 0.9597393429000001,
        "p95": 2.0836115521999963
      },
      "wss_axial": {
        "p25": -0.3934288572110682,
        "p50": -0.22552117998464136,
        "p75": 0.06241455200622133,
        "p95": 0.9053293400998063
      },
      "wss_circ": {
        "p25": -0.18582597306486462,
        "p50": 0.007779697727332315,
        "p75": 0.2183389836927901,
        "p95": 0.921678111870612
      },
      "mask_histogram": {
        "normal_valid_1": 10627,
        "normal_valid_0": 0,
        "basis_valid_1": 10362,
        "basis_valid_0": 265
      },
      "thresholds": {
        "normal_invalid_rate_max": 0.05,
        "basis_invalid_rate_max": 0.1,
        "wss_rad_p95_over_wss_p95_max": 0.3
      },
      "pass": true,
      "sample_file": "result_features_merged-1200.csv",
      "stl_path": "data_new/AG/fast/FAN_JIAN_MING/FAN_JIAN_MING.stl"
    },
    {
      "case_name": "HAN_JIAN_JUN",
      "normal_source": "stl",
      "n_wall": 11325,
      "normal_invalid_rate": 0.0,
      "basis_invalid_rate": 0.054746150970458984,
      "wss_rad_p95_over_wss_p95": 0.011088799140399732,
      "wss_rad_abs": {
        "p25": 0.0004663877788840206,
        "p50": 0.0015678108888958799,
        "p75": 0.0059734586278629735,
        "p95": 0.0299460836371727
      },
      "wss_magnitude": {
        "p25": 0.3456222797,
        "p50": 0.475146804,
        "p75": 0.8320917419,
        "p95": 2.700570481799997
      },
      "wss_axial": {
        "p25": -0.39209829511667255,
        "p50": -0.23811911549145437,
        "p75": 0.04774403738893973,
        "p95": 0.8715266231373203
      },
      "wss_circ": {
        "p25": -0.14066147095590045,
        "p50": 0.004172349252437627,
        "p75": 0.19331399192082857,
        "p95": 1.0302203492868707
      },
      "mask_histogram": {
        "normal_valid_1": 11325,
        "normal_valid_0": 0,
        "basis_valid_1": 10705,
        "basis_valid_0": 620
      },
      "thresholds": {
        "normal_invalid_rate_max": 0.05,
        "basis_invalid_rate_max": 0.1,
        "wss_rad_p95_over_wss_p95_max": 0.3
      },
      "pass": true,
      "sample_file": "result_features_merged-1200.csv",
      "stl_path": "data_new/AG/fast/HAN_JIAN_JUN/HAN_JIAN_JUN.stl"
    }
  ]
}