{
  "case_name": "HAN_JIAN_JUN",
  "normal_source": "stl",
  "n_wall": 11325,
  "normal_invalid_rate": 0.0,
  "basis_invalid_rate": 0.054746150970458984,
  "wss_rad_p95_over_wss_p95": 0.011088799140399732,
  "wss_rad_abs": {
    "p25": 0.0004663877788840206,
    "p50": 0.0015678108888958799,
    "p75": 0.0059734586278629735,
    "p95": 0.0299460836371727
  },
  "wss_magnitude": {
    "p25": 0.3456222797,
    "p50": 0.475146804,
    "p75": 0.8320917419,
    "p95": 2.700570481799997
  },
  "wss_axial": {
    "p25": -0.39209829511667255,
    "p50": -0.23811911549145437,
    "p75": 0.04774403738893973,
    "p95": 0.8715266231373203
  },
  "wss_circ": {
    "p25": -0.14066147095590045,
    "p50": 0.004172349252437627,
    "p75": 0.19331399192082857,
    "p95": 1.0302203492868707
  },
  "mask_histogram": {
    "normal_valid_1": 11325,
    "normal_valid_0": 0,
    "basis_valid_1": 10705,
    "basis_valid_0": 620
  },
  "thresholds": {
    "normal_invalid_rate_max": 0.05,
    "basis_invalid_rate_max": 0.1,
    "wss_rad_p95_over_wss_p95_max": 0.3
  },
  "pass": true,
  "sample_file": "result_features_merged-1200.csv",
  "stl_path": "data_new/AG/fast/HAN_JIAN_JUN/HAN_JIAN_JUN.stl"
}