model,seed,epoch,train_loss,train_mse_norm,smooth21_train_loss,lr_logged_after_step,is_selected_best,is_last,pinball_lambda,test_r2_cb_ckpt_best,test_r2_cb_ckpt_last
X5X11,1234,0,0.8776859144369761,0.8145980277683423,0.3235694643373441,0.0002,0,0,0.2,0.7246566679822206,0.7241588263654587
X5X11,1234,1,0.5426538536945978,0.5005915895323823,0.31279879884311446,0.0003,0,0,0.2,0.7246566679822206,0.7241588263654587
X5X11,1234,2,0.3475857310824924,0.31101776140738224,0.3061061439096418,0.0004,0,0,0.2,0.7246566679822206,0.7241588263654587
X5X11,1234,3,0.27105623814794755,0.24021181357563406,0.2983428705188017,0.0005,0,0,0.2,0.7246566679822206,0.7241588263654587
X5X11,1234,4,0.23183688273032507,0.20479949367357336,0.2913222397091212,0.0006,0,0,0.2,0.7246566679822206,0.7241588263654587
X5X11,1234,5,0.24022566858265135,0.20979621971240942,0.28493551079494256,0.0007,0,0,0.2,0.7246566679822206,0.7241588263654587
X5X11,1234,6,0.22448746114969254,0.1993793202275815,0.27891654362962914,0.0008,0,0,0.2,0.7246566679822206,0.7241588263654587
X5X11,1234,7,0.21089602178997463,0.1811369490913723,0.27336343531899243,0.0009000000000000001,0,0,0.2,0.7246566679822206,0.7241588263654587
X5X11,1234,8,0.20627241995599535,0.1777755024343297,0.2679775460726685,0.001,0,0,0.2,0.7246566679822206,0.7241588263654587
X5X11,1234,9,0.2014608441127671,0.17502628757642663,0.2631248728889558,0.001,0,0,0.2,0.7246566679822206,0.7241588263654587
X5X11,1234,10,0.20510307202736536,0.1732901261039402,0.25888943453393287,0.0009999839400796813,0,0,0.2,0.7246566679822206,0.7241588263654587
X5X11,1234,11,0.19432147840658823,0.16938457668138587,0.22520928607179375,0.0009999357613608305,0,0,0.2,0.7246566679822206,0.7241588263654587
X5X11,1234,12,0.22579428470797008,0.19960634075662365,0.2071832892677141,0.0009998554669696956,0,0,0.2,0.7246566679822206,0.7241588263654587
X5X11,1234,13,0.1974203164378802,0.17106347373188405,0.1985779678616574,0.0009997430621164645,0,0,0.2,0.7246566679822206,0.7241588263654587
X5X11,1234,14,0.19303340837359428,0.17158308538906816,0.19320615022270765,0.000999598554094927,0,0,0.2,0.7246566679822206,0.7241588263654587
X5X11,1234,15,0.1891345770822631,0.1623889832427536,0.18976336760968757,0.0009994219522820016,0,0,0.2,0.7246566679822206,0.7241588263654587
X5X11,1234,16,0.1826130689846145,0.1573691211645154,0.18599253404077398,0.000999213268137127,0,0,0.2,0.7246566679822206,0.7241588263654587
X5X11,1234,17,0.17896059403816858,0.15318320949388586,0.18301077967598325,0.0009989725152015183,0,0,0.2,0.7246566679822206,0.7241588263654587
X5X11,1234,18,0.1710315396388372,0.14556225267493206,0.18061553706567754,0.0009986997090972883,0,0,0.2,0.7246566679822206,0.7241588263654587
X5X11,1234,19,0.1709240823984146,0.1468711659307065,0.17800009173769799,0.000998394867526434,0,0,0.2,0.7246566679822206,0.7241588263654587
X5X11,1234,20,0.1741806674334738,0.15005395826256793,0.17580521538380595,0.0009980580102696885,0,0,0.2,0.7246566679822206,0.7241588263654587
X5X11,1234,21,0.17040279673205483,0.1440647850147192,0.17298217204512742,0.0009976891591852361,0,0,0.2,0.7246566679822206,0.7241588263654587
X5X11,1234,22,0.16410792080892456,0.14286877122961958,0.1708155008890326,0.0009972883382072953,0,0,0.2,0.7246566679822206,0.7241588263654587
X5X11,1234,23,0.16687398155530295,0.1442231344471807,0.16679882774592708,0.000996855573344565,0,0,0.2,0.7246566679822206,0.7241588263654587
X5X11,1234,24,0.15824806773000294,0.13593301913496378,0.16422554499730863,0.0009963908926785368,0,0,0.2,0.7246566679822206,0.7241588263654587
X5X11,1234,25,0.15953844785690308,0.1374340873386549,0.1619018776509812,0.0009958943263616731,0,0,0.2,0.7246566679822206,0.7241588263654587
X5X11,1234,26,0.16103816363546583,0.13373846577077672,0.15951324664253408,0.000995365906615451,0,0,0.2,0.7246566679822206,0.7241588263654587
X5X11,1234,27,0.161870619489087,0.14002663821897646,0.15736608408273212,0.0009948056677282703,0,0,0.2,0.7246566679822206,0.7241588263654587
X5X11,1234,28,0.16059592697355482,0.13745680833899457,0.1554840642308432,0.0009942136460532297,0,0,0.2,0.7246566679822206,0.7241588263654587
X5X11,1234,29,0.15134806806842485,0.1285746872169384,0.15376588729796584,0.0009935898800057668,0,0,0.2,0.7246566679822206,0.7241588263654587
X5X11,1234,30,0.15536844068103367,0.13027787749801856,0.15193312697940403,0.000992934410061167,0,0,0.2,0.7246566679822206,0.7241588263654587
X5X11,1234,31,0.14581916191511685,0.12422040732563405,0.15019367867834355,0.000992247278751936,0,0,0.2,0.7246566679822206,0.7241588263654587
X5X11,1234,32,0.14882138412859705,0.12478132235762002,0.14858873998598449,0.000991528530665039,0,0,0.2,0.7246566679822206,0.7241588263654587
X5X11,1234,33,0.1414441487027539,0.12205852103855298,0.14733403235200854,0.0009907782124390096,0,0,0.2,0.7246566679822206,0.7241588263654587
X5X11,1234,34,0.14338137871689266,0.12102431817538496,0.14575108976433515,0.0009899963727609225,0,0,0.2,0.7246566679822206,0.7241588263654587
X5X11,1234,35,0.14423639410071903,0.12328149785580843,0.14465549806990322,0.0009891830623632338,0,0,0.2,0.7246566679822206,0.7241588263654587
X5X11,1234,36,0.13897332590487269,0.11692554843183876,0.14312470871856603,0.0009883383340204897,0,0,0.2,0.7246566679822206,0.7241588263654587
X5X11,1234,37,0.13752265522877374,0.11623222072435462,0.14143260073646036,0.000987462242545902,0,0,0.2,0.7246566679822206,0.7241588263654587
X5X11,1234,38,0.13943817714850107,0.11800361558112546,0.13956735559083797,0.0009865548447877902,0,0,0.2,0.7246566679822206,0.7241588263654587
X5X11,1234,39,0.13494982404841316,0.1142568996263587,0.13772374505876864,0.0009856161996258958,0,0,0.2,0.7246566679822206,0.7241588263654587
X5X11,1234,40,0.13243611570861605,0.11390718976449275,0.13625687831845235,0.0009846463679675573,0,0,0.2,0.7246566679822206,0.7241588263654587
X5X11,1234,41,0.13765225311120352,0.11832370596623075,0.13465918677430305,0.0009836454127437613,0,0,0.2,0.7246566679822206,0.7241588263654587
X5X11,1234,42,0.13669908419251442,0.11499455955615942,0.13351551062925152,0.000982613398905058,0,0,0.2,0.7246566679822206,0.7241588263654587
X5X11,1234,43,0.13775906049542957,0.1140424903759058,0.13249529758221887,0.0009815503934173463,0,0,0.2,0.7246566679822206,0.7241588263654587
X5X11,1234,44,0.13363218721416262,0.11359472426262454,0.131616692260775,0.0009804564652575293,0,0,0.2,0.7246566679822206,0.7241588263654587
X5X11,1234,45,0.13524064214693177,0.11324967571756114,0.13041870816359444,0.0009793316854090372,0,0,0.2,0.7246566679822206,0.7241588263654587
X5X11,1234,46,0.1273918714788225,0.10818185221354167,0.12908263108323492,0.000978176126857223,0,0,0.2,0.7246566679822206,0.7241588263654587
X5X11,1234,47,0.12550389601124656,0.10599206189141758,0.12830814727084347,0.0009769898645846245,0,0,0.2,0.7246566679822206,0.7241588263654587
X5X11,1234,48,0.12270047143101692,0.10451393140709918,0.12766741003308976,0.0009757729755661011,0,0,0.2,0.7246566679822206,0.7241588263654587
X5X11,1234,49,0.12188010580009884,0.10143787187216938,0.1266707934084393,0.000974525538763837,0,0,0.2,0.7246566679822206,0.7241588263654587
X5X11,1234,50,0.12054386652178234,0.10202362281688745,0.12587318340779613,0.000973247635122219,0,0,0.2,0.7246566679822206,0.7241588263654587
X5X11,1234,51,0.12181691825389862,0.10210864169355752,0.12511156822638536,0.0009719393475625828,0,0,0.2,0.7246566679822206,0.7241588263654587
X5X11,1234,52,0.12180196286903487,0.10184398883322011,0.12408764413976794,0.0009706007609778335,0,0,0.2,0.7246566679822206,0.7241588263654587
X5X11,1234,53,0.12739691014091173,0.10611549726845562,0.12305423219210257,0.0009692319622269362,0,0,0.2,0.7246566679822206,0.7241588263654587
X5X11,1234,54,0.12299343695243199,0.10370555136860281,0.1219871353417162,0.0009678330401292804,0,0,0.2,0.7246566679822206,0.7241588263654587
X5X11,1234,55,0.11822371267610127,0.10010011853204258,0.12099046888884415,0.0009664040854589161,0,0,0.2,0.7246566679822206,0.7241588263654587
X5X11,1234,56,0.1161787754131688,0.09757984937584918,0.11991105392259896,0.0009649451909386641,0,0,0.2,0.7246566679822206,0.7241588263654587
X5X11,1234,57,0.12270916584465238,0.10177897843070652,0.11922891294120481,0.0009634564512340994,0,0,0.2,0.7246566679822206,0.7241588263654587
X5X11,1234,58,0.12406717323594624,0.10606555388077446,0.11869669522321413,0.0009619379629474077,0,0,0.2,0.7246566679822206,0.7241588263654587
X5X11,1234,59,0.11850922803084056,0.09795378824869792,0.11822025081704532,0.000960389824611118,0,0,0.2,0.7246566679822206,0.7241588263654587
X5X11,1234,60,0.11820001403490703,0.0971288130165874,0.11764360759308728,0.0009588121366817083,0,0,0.2,0.7246566679822206,0.7241588263654587
X5X11,1234,61,0.11644219689899021,0.09775354393115943,0.11715229606581111,0.0009572050015330874,0,0,0.2,0.7246566679822206,0.7241588263654587
X5X11,1234,62,0.11614984729223782,0.09858777386209239,0.11673102659917382,0.0009555685234499522,0,0,0.2,0.7246566679822206,0.7241588263654587
X5X11,1234,63,0.1149974332915412,0.09661169318599977,0.116062078782648,0.00095390280862102,0,0,0.2,0.7246566679822206,0.7241588263654587
X5X11,1234,64,0.11535002663731575,0.09490672943557518,0.11526067349961197,0.0009522079651321392,0,0,0.2,0.7246566679822206,0.7241588263654587
X5X11,1234,65,0.11270219170384937,0.09543210661514946,0.11452399909732834,0.0009504841029592749,0,0,0.2,0.7246566679822206,0.7241588263654587
X5X11,1234,66,0.11257292785578304,0.092279467950351,0.11400276006608413,0.0009487313339613734,0,0,0.2,0.7246566679822206,0.7241588263654587
X5X11,1234,67,0.1130669108695454,0.09332179627349411,0.11346429300607827,0.0009469497718731027,0,0,0.2,0.7246566679822206,0.7241588263654587
X5X11,1234,68,0.11432732393344243,0.09616331512893456,0.1126317164254567,0.000945139532297474,0,0,0.2,0.7246566679822206,0.7241588263654587
X5X11,1234,69,0.11269513890147209,0.09482849519149117,0.11167481772246815,0.0009433007326983388,0,0,0.2,0.7246566679822206,0.7241588263654587
X5X11,1234,70,0.10977059809697999,0.09199578919341599,0.11095759619480719,0.0009414334923927686,0,0,0.2,0.7246566679822206,0.7241588263654587
X5X11,1234,71,0.11022632444898288,0.09244751365772191,0.11027878621425578,0.0009395379325433103,0,0,0.2,0.7246566679822206,0.7241588263654587
X5X11,1234,72,0.11297025945451525,0.09525045661373414,0.1097302595892596,0.0009376141761501264,0,0,0.2,0.7246566679822206,0.7241588263654587
X5X11,1234,73,0.1077540587219927,0.09043982942000679,0.10911904054659385,0.0009356623480430125,0,0,0.2,0.7246566679822206,0.7241588263654587
X5X11,1234,74,0.11056739919715458,0.09148173421223958,0.10850883139267799,0.0009336825748732972,0,0,0.2,0.7246566679822206,0.7241588263654587
X5X11,1234,75,0.10752327450447613,0.09096071635812952,0.10787837118619964,0.0009316749851056243,0,0,0.2,0.7246566679822206,0.7241588263654587
X5X11,1234,76,0.1072776930199729,0.08942192099750906,0.10726519892849617,0.000929639709009617,0,0,0.2,0.7246566679822206,0.7241588263654587
X5X11,1234,77,0.10487096715304586,0.08843201302790987,0.1066127208963273,0.0009275768786514248,0,0,0.2,0.7246566679822206,0.7241588263654587
X5X11,1234,78,0.10522505765159924,0.08778562790138134,0.10597018639325465,0.0009254866278851529,0,0,0.2,0.7246566679822206,0.7241588263654587
X5X11,1234,79,0.1039723004731867,0.08715206856105638,0.10530838847318025,0.0009233690923441785,0,0,0.2,0.7246566679822206,0.7241588263654587
X5X11,1234,80,0.10344757594996029,0.08675283194279325,0.10462492396907203,0.0009212244094323479,0,0,0.2,0.7246566679822206,0.7241588263654587
X5X11,1234,81,0.10394500444332759,0.08691124798318614,0.10417287700154164,0.0009190527183150622,0,0,0.2,0.7246566679822206,0.7241588263654587
X5X11,1234,82,0.1049231377740701,0.0878016968658005,0.10371997303984785,0.0009168541599102458,0,0,0.2,0.7246566679822206,0.7241588263654587
X5X11,1234,83,0.10331424739625719,0.0861675975854846,0.10307167330510403,0.0009146288768792027,0,0,0.2,0.7246566679822206,0.7241588263654587
X5X11,1234,84,0.10218304105930859,0.08558302974977355,0.10266312424625669,0.0009123770136173599,0,0,0.2,0.7246566679822206,0.7241588263654587
X5X11,1234,85,0.10211036230127017,0.08483330945001133,0.10204640060426697,0.0009100987162448975,0,0,0.2,0.7246566679822206,0.7241588263654587
X5X11,1234,86,0.09982557429207696,0.08236539731233017,0.1015922034543658,0.0009077941325972672,0,0,0.2,0.7246566679822206,0.7241588263654587
X5X11,1234,87,0.0988708891802364,0.08185410766601563,0.10106969474957735,0.000905463412215599,0,0,0.2,0.7246566679822206,0.7241588263654587
X5X11,1234,88,0.09957368630501959,0.08310305087324502,0.10061252284696495,0.0009031067063369985,0,0,0.2,0.7246566679822206,0.7241588263654587
X5X11,1234,89,0.10042956761187977,0.08315897190259851,0.10015511282143139,0.0009007241678847331,0,0,0.2,0.7246566679822206,0.7241588263654587
X5X11,1234,90,0.09834238431519932,0.08219242022970448,0.09970597847901955,0.0008983159514583084,0,0,0.2,0.7246566679822206,0.7241588263654587
X5X11,1234,91,0.10027761177884208,0.08212576683155004,0.09932992585673535,0.0008958822133234372,0,0,0.2,0.7246566679822206,0.7241588263654587
X5X11,1234,92,0.1007153412534131,0.08308105114923008,0.0988696853989962,0.0008934231114018996,0,0,0.2,0.7246566679822206,0.7241588263654587
X5X11,1234,93,0.09935596502489513,0.08227382290605185,0.09836178718420564,0.000890938805261295,0,0,0.2,0.7246566679822206,0.7241588263654587
X5X11,1234,94,0.09917452848619884,0.08255988831450974,0.09796909676500098,0.000888429456104689,0,0,0.2,0.7246566679822206,0.7241588263654587
X5X11,1234,95,0.09761620271537039,0.08056417395550272,0.0974536157513737,0.0008858952267601521,0,0,0.2,0.7246566679822206,0.7241588263654587
X5X11,1234,96,0.0979851343565517,0.07947627059273098,0.09701080746436246,0.0008833362816701948,0,0,0.2,0.7246566679822206,0.7241588263654587
X5X11,1234,97,0.09630501021941502,0.08019667721071105,0.09654157878781752,0.0008807527868810971,0,0,0.2,0.7246566679822206,0.7241588263654587
X5X11,1234,98,0.09527035719818538,0.07921611080446105,0.09618348015285043,0.0008781449100321333,0,0,0.2,0.7246566679822206,0.7241588263654587
X5X11,1234,99,0.0956194471153948,0.07896816087805707,0.09580208463643594,0.000875512820344695,0,0,0.2,0.7246566679822206,0.7241588263654587
X5X11,1234,100,0.0945404792825381,0.07758863817297894,0.09527784183857932,0.0008728566886113102,0,0,0.2,0.7246566679822206,0.7241588263654587
X5X11,1234,101,0.09555047088199192,0.07867258336163949,0.09499282460837137,0.0008701766871845605,0,0,0.2,0.7246566679822206,0.7241588263654587
X5X11,1234,102,0.09427995483080547,0.0775758541383605,0.09445365482852572,0.000867472989965898,0,0,0.2,0.7246566679822206,0.7241588263654587
X5X11,1234,103,0.09425727526346843,0.07790296188575634,0.09390882367179507,0.0008647457723943605,0,0,0.2,0.7246566679822206,0.7241588263654587
X5X11,1234,104,0.09506774859295951,0.07965706928640172,0.09344655967184476,0.0008619952114351882,0,0,0.2,0.7246566679822206,0.7241588263654587
X5X11,1234,105,0.09135793977313572,0.07615061866649683,0.09305463396209888,0.00085922148556834,0,0,0.2,0.7246566679822206,0.7241588263654587
X5X11,1234,106,0.09281138827403386,0.0769131391884624,0.09263638956915765,0.0008564247747769124,0,0,0.2,0.7246566679822206,0.7241588263654587
X5X11,1234,107,0.08997177208463351,0.07467482007897419,0.09237336661055606,0.0008536052605354608,0,0,0.2,0.7246566679822206,0.7241588263654587
X5X11,1234,108,0.09135081784592734,0.07576557298743207,0.0921328746807323,0.000850763125798224,0,0,0.2,0.7246566679822206,0.7241588263654587
X5X11,1234,109,0.09156438046031529,0.07663112306456635,0.09186491119877371,0.0008478985549872517,0,0,0.2,0.7246566679822206,0.7241588263654587
X5X11,1234,110,0.08942046885689099,0.0743065431456635,0.09146318994659595,0.0008450117339804393,0,0,0.2,0.7246566679822206,0.7241588263654587
X5X11,1234,111,0.0923570224808322,0.07646153484842051,0.09106193528210044,0.0008421028500994646,0,0,0.2,0.7246566679822206,0.7241588263654587
X5X11,1234,112,0.0889550464020835,0.07351774353911911,0.09063438531109895,0.0008391720920976342,0,0,0.2,0.7246566679822206,0.7241588263654587
X5X11,1234,113,0.08927388696206941,0.07388699862715127,0.090447734450064,0.0008362196501476349,0,0,0.2,0.7246566679822206,0.7241588263654587
X5X11,1234,114,0.08964842102593845,0.0744033979775249,0.09024046586146431,0.0008332457158291936,0,0,0.2,0.7246566679822206,0.7241588263654587
X5X11,1234,115,0.09094408858153555,0.0745227738974751,0.08996329245665086,0.0008302504821166468,0,0,0.2,0.7246566679822206,0.7241588263654587
X5X11,1234,116,0.08883307046360439,0.07366254378609036,0.08985957832484648,0.0008272341433664174,0,0,0.2,0.7246566679822206,0.7241588263654587
X5X11,1234,117,0.09246165222591823,0.07598622436523438,0.08967583506274475,0.0008241968953044044,0,0,0.2,0.7246566679822206,0.7241588263654587
X5X11,1234,118,0.09125467969311608,0.07485347688094429,0.08956630232315214,0.0008211389350132822,0,0,0.2,0.7246566679822206,0.7241588263654587
X5X11,1234,119,0.08964312407705519,0.07365479161359262,0.08933987760196918,0.0008180604609197117,0,0,0.2,0.7246566679822206,0.7241588263654587
X5X11,1234,120,0.08718330081966189,0.07168506407806839,0.0891580581073723,0.0008149616727814653,0,0,0.2,0.7246566679822206,0.7241588263654587
X5X11,1234,121,0.08611413132813242,0.07086520801488903,0.08898321686992569,0.0008118427716744646,0,0,0.2,0.7246566679822206,0.7241588263654587
X5X11,1234,122,0.08657192149096066,0.07128478773918705,0.08871789166220913,0.0008087039599797323,0,0,0.2,0.7246566679822206,0.7241588263654587
X5X11,1234,123,0.09036028674907154,0.07336593972911006,0.08846020939015838,0.0008055454413702621,0,0,0.2,0.7246566679822206,0.7241588263654587
X5X11,1234,124,0.08990463490287463,0.07379923714900362,0.0881279954913432,0.0008023674207977996,0,0,0.2,0.7246566679822206,0.7241588263654587
X5X11,1234,125,0.08924710709187719,0.07303270343282948,0.08788840464814,0.0007991701044795457,0,0,0.2,0.7246566679822206,0.7241588263654587
X5X11,1234,126,0.08917994300524394,0.07306952417346015,0.08765017706408071,0.0007959536998847742,0,0,0.2,0.7246566679822206,0.7241588263654587
X5X11,1234,127,0.08895277976989746,0.07323252970377604,0.08743221789756149,0.0007927184157213702,0,0,0.2,0.7246566679822206,0.7241588263654587
X5X11,1234,128,0.08767158455318874,0.07200098841570425,0.08710440605011567,0.0007894644619222865,0,0,0.2,0.7246566679822206,0.7241588263654587
X5X11,1234,129,0.08659589870108499,0.07055460399682971,0.08668241703084537,0.0007861920496319221,0,0,0.2,0.7246566679822206,0.7241588263654587
X5X11,1234,130,0.08774617107378112,0.07219076564622962,0.08643599767139348,0.0007829013911924211,0,0,0.2,0.7246566679822206,0.7241588263654587
X5X11,1234,131,0.08574880287051201,0.07010559754302537,0.08624932566095912,0.0007795927001298937,0,0,0.2,0.7246566679822206,0.7241588263654587
X5X11,1234,132,0.08678519311878416,0.07124540865248528,0.08604463787069397,0.0007762661911405618,0,0,0.2,0.7246566679822206,0.7241588263654587
X5X11,1234,133,0.08354371868901783,0.06883679747650588,0.0857646668221427,0.000772922080076826,0,0,0.2,0.7246566679822206,0.7241588263654587
X5X11,1234,134,0.08229739508695072,0.06827115301602128,0.08534318802966959,0.0007695605839332615,0,0,0.2,0.7246566679822206,0.7241588263654587
X5X11,1234,135,0.08461701331867112,0.06859313301418139,0.08487324510262442,0.0007661819208325358,0,0,0.2,0.7246566679822206,0.7241588263654587
X5X11,1234,136,0.08594130931629075,0.0709997896498528,0.08444436132001183,0.0007627863100112554,0,0,0.2,0.7246566679822206,0.7241588263654587
X5X11,1234,137,0.08425592796670066,0.06872211330247963,0.0840793985321566,0.0007593739718057405,0,0,0.2,0.7246566679822206,0.7241588263654587
X5X11,1234,138,0.08557760342955589,0.06855027686962183,0.0837468933314085,0.0007559451276377273,0,0,0.2,0.7246566679822206,0.7241588263654587
X5X11,1234,139,0.08239291028843986,0.06796635317595108,0.08351173205547548,0.0007525,0,0,0.2,0.7246566679822206,0.7241588263654587
X5X11,1234,140,0.08446831752856572,0.06776047097911006,0.0833809485057832,0.0007490388124419541,0,0,0.2,0.7246566679822206,0.7241588263654587
X5X11,1234,141,0.08326318860054016,0.06796477696515511,0.08308747399933439,0.00074556178955509,0,0,0.2,0.7246566679822206,0.7241588263654587
X5X11,1234,142,0.08181568773256408,0.06763192457116168,0.08272753325759104,0.0007420691569584402,0,0,0.2,0.7246566679822206,0.7241588263654587
X5X11,1234,143,0.08069252947138415,0.06597897789996603,0.08239001506771991,0.0007385611412839287,0,0,0.2,0.7246566679822206,0.7241588263654587
X5X11,1234,144,0.08150923210713598,0.06603562153249547,0.0821822106680542,0.0007350379701616654,0,0,0.2,0.7246566679822206,0.7241588263654587
X5X11,1234,145,0.08003583343492614,0.06638687540690104,0.08203272712687967,0.0007314998722051757,0,0,0.2,0.7246566679822206,0.7241588263654587
X5X11,1234,146,0.08024054765701294,0.06614623934980751,0.08174928699536298,0.0007279470769965654,0,0,0.2,0.7246566679822206,0.7241588263654587
X5X11,1234,147,0.08151572446028392,0.06529977018936821,0.08143390686541954,0.0007243798150716245,0,0,0.2,0.7246566679822206,0.7241588263654587
X5X11,1234,148,0.08197017055418757,0.06656302817524343,0.08109925475424874,0.000720798317904867,0,0,0.2,0.7246566679822206,0.7241588263654587
X5X11,1234,149,0.08273319775859515,0.0666278023097826,0.0806737332530911,0.0007172028178945118,0,0,0.2,0.7246566679822206,0.7241588263654587
X5X11,1234,150,0.08384944415754741,0.0683716159986413,0.08041915527135922,0.000713593548347402,0,0,0.2,0.7246566679822206,0.7241588263654587
X5X11,1234,151,0.08158320643835598,0.0663799123570539,0.08006565750788444,0.000709970743463866,0,0,0.2,0.7246566679822206,0.7241588263654587
X5X11,1234,152,0.07819004729390144,0.06404857876542686,0.07971352330906682,0.0007063346383225212,0,0,0.2,0.7246566679822206,0.7241588263654587
X5X11,1234,153,0.0796973111314906,0.0646617842964504,0.07943410058776854,0.0007026854688650193,0,0,0.2,0.7246566679822206,0.7241588263654587
X5X11,1234,154,0.07917982629603809,0.06514375654579936,0.07923277674449815,0.0006990234718807372,0,0,0.2,0.7246566679822206,0.7241588263654587
X5X11,1234,155,0.07915824072228538,0.06405136984120245,0.07895876857496444,0.0006953488849914112,0,0,0.2,0.7246566679822206,0.7241588263654587
X5X11,1234,156,0.07866477055682077,0.0643015720533288,0.07873572007058158,0.0006916619466357186,0,0,0.2,0.7246566679822206,0.7241588263654587
X5X11,1234,157,0.07931832658747832,0.06485926389832428,0.07846126002727677,0.000687962896053806,0,0,0.2,0.7246566679822206,0.7241588263654587
X5X11,1234,158,0.0772282336321142,0.06298863605001698,0.07817974873872661,0.0006842519732717643,0,0,0.2,0.7246566679822206,0.7241588263654587
X5X11,1234,159,0.07664165190524524,0.06233413351307745,0.0778317212585419,0.0006805294190860552,0,0,0.2,0.7246566679822206,0.7241588263654587
X5X11,1234,160,0.0770467726720704,0.0620696630505548,0.07738714742045553,0.0006767954750478849,0,0,0.2,0.7246566679822206,0.7241588263654587
X5X11,1234,161,0.07704486449559529,0.06251934938292572,0.0769825480168774,0.0006730503834475314,0,0,0.2,0.7246566679822206,0.7241588263654587
X5X11,1234,162,0.07586837042537001,0.061552075018399,0.07660462989141702,0.0006692943872986217,0,0,0.2,0.7246566679822206,0.7241588263654587
X5X11,1234,163,0.07594781058530013,0.061848692963088765,0.07637534018546817,0.000665527730322363,0,0,0.2,0.7246566679822206,0.7241588263654587
X5X11,1234,164,0.07646472876270612,0.06275725752236187,0.07604412585694008,0.000661750656931729,0,0,0.2,0.7246566679822206,0.7241588263654587
X5X11,1234,165,0.07575506054692799,0.061876798148777175,0.07591272702332212,0.000657963412215599,0,0,0.2,0.7246566679822206,0.7241588263654587
X5X11,1234,166,0.07535181484288639,0.06146354210895041,0.07563439364392291,0.0006541662419228555,0,0,0.2,0.7246566679822206,0.7241588263654587
X5X11,1234,167,0.0744768867476119,0.06120084485040195,0.07539843909797214,0.0006503593924464373,0,0,0.2,0.7246566679822206,0.7241588263654587
X5X11,1234,168,0.07560398740073045,0.0611645997862885,0.07514714614227021,0.0006465431108073511,0,0,0.2,0.7246566679822206,0.7241588263654587
X5X11,1234,169,0.07466159347030851,0.05978199958248415,0.07505368556649912,0.0006427176446386441,0,0,0.2,0.7246566679822206,0.7241588263654587
X5X11,1234,170,0.07339714715878169,0.0603071044921875,0.07494180717520298,0.0006388832421693336,0,0,0.2,0.7246566679822206,0.7241588263654587
X5X11,1234,171,0.07535285668240653,0.061366611115828806,0.07469486885718883,0.0006350401522083006,0,0,0.2,0.7246566679822206,0.7241588263654587
X5X11,1234,172,0.07364692580368784,0.05986542349552763,0.07440482749155274,0.0006311886241281456,0,0,0.2,0.7246566679822206,0.7241588263654587
X5X11,1234,173,0.07337496346897548,0.06009413814821105,0.07426270120161235,0.0006273289078490065,0,0,0.2,0.7246566679822206,0.7241588263654587
X5X11,1234,174,0.0727418102324009,0.059734417105412135,0.0740924156098454,0.0006234612538223411,0,0,0.2,0.7246566679822206,0.7241588263654587
X5X11,1234,175,0.07642045079006089,0.06095132720504982,0.07389401724295956,0.0006195859130146769,0,0,0.2,0.7246566679822206,0.7241588263654587
X5X11,1234,176,0.07331323975490199,0.06001170481806216,0.07372346748080519,0.0006157031368913251,0,0,0.2,0.7246566679822206,0.7241588263654587
X5X11,1234,177,0.07370972509185474,0.05964094335583673,0.07350622602398434,0.0006118131774000642,0,0,0.2,0.7246566679822206,0.7241588263654587
X5X11,1234,178,0.07404117451773749,0.0598900440160779,0.07323832324060499,0.0006079162869547908,0,0,0.2,0.7246566679822206,0.7241588263654587
X5X11,1234,179,0.07526556154092152,0.059999002738620924,0.07299253524887182,0.000604012718419142,0,0,0.2,0.7246566679822206,0.7241588263654587
X5X11,1234,180,0.07429220568802622,0.059293588212607565,0.0727794467417336,0.0006001027250900857,0,0,0.2,0.7246566679822206,0.7241588263654587
X5X11,1234,181,0.07186106799377336,0.05867597050321275,0.07264810126452219,0.0005961865606814857,0,0,0.2,0.7246566679822206,0.7241588263654587
X5X11,1234,182,0.07095399581723744,0.05751982758010643,0.07241145437632604,0.0005922644793076387,0,0,0.2,0.7246566679822206,0.7241588263654587
X5X11,1234,183,0.07288371833662192,0.05745213844188746,0.07227797965918269,0.000588336735466784,0,0,0.2,0.7246566679822206,0.7241588263654587
X5X11,1234,184,0.07237181315819423,0.05903304239908854,0.07220248457182336,0.0005844035840245913,0,0,0.2,0.7246566679822206,0.7241588263654587
X5X11,1234,185,0.07229836305810346,0.058373236526268114,0.07226534372087194,0.000580465280197621,0,0,0.2,0.7246566679822206,0.7241588263654587
X5X11,1234,186,0.07217351554168595,0.058184666376528534,0.07202864170232147,0.0005765220795367645,0,0,0.2,0.7246566679822206,0.7241588263654587
X5X11,1234,187,0.07078974424964851,0.05737581959600034,0.07187905203964975,0.0005725742379106623,0,0,0.2,0.7246566679822206,0.7241588263654587
X5X11,1234,188,0.06885092829664548,0.0563478771707286,0.07170501539592075,0.0005686220114890993,0,0,0.2,0.7246566679822206,0.7241588263654587
X5X11,1234,189,0.07044243957433435,0.05665479143667912,0.07151069696105662,0.0005646656567263849,0,0,0.2,0.7246566679822206,0.7241588263654587
X5X11,1234,190,0.07018673482040565,0.056664558388530344,0.07120219888116316,0.0005607054303447097,0,0,0.2,0.7246566679822206,0.7241588263654587
X5X11,1234,191,0.07063889213734204,0.057183304850260415,0.07094379747040057,0.0005567415893174885,0,0,0.2,0.7246566679822206,0.7241588263654587
X5X11,1234,192,0.07038327203028732,0.05619262553781703,0.07076932770747041,0.000552774390852685,0,0,0.2,0.7246566679822206,0.7241588263654587
X5X11,1234,193,0.07084395674367745,0.05683490335215693,0.07062842016891828,0.0005488040923761223,0,0,0.2,0.7246566679822206,0.7241588263654587
X5X11,1234,194,0.07178956663442983,0.05687997321529665,0.07041293858653969,0.0005448309515147795,0,0,0.2,0.7246566679822206,0.7241588263654587
X5X11,1234,195,0.07406185236242083,0.05923333554475204,0.07013642396679316,0.0005408552260800724,0,0,0.2,0.7246566679822206,0.7241588263654587
X5X11,1234,196,0.07144970840050115,0.05839951583198879,0.06991713435916358,0.0005368771740511277,0,0,0.2,0.7246566679822206,0.7241588263654587
X5X11,1234,197,0.07017185683879587,0.056527014602439994,0.06963967705372148,0.0005328970535580405,0,0,0.2,0.7246566679822206,0.7241588263654587
X5X11,1234,198,0.07005495557354556,0.05651295537533967,0.06946440172140245,0.000528915122865126,0,0,0.2,0.7246566679822206,0.7241588263654587
X5X11,1234,199,0.06996048738559087,0.056383577827785324,0.06937620903133715,0.0005249316403541605,0,0,0.2,0.7246566679822206,0.7241588263654587
X5X11,1234,200,0.06878710186315908,0.05570913435341655,0.06915781652880094,0.0005209468645076158,0,0,0.2,0.7246566679822206,0.7241588263654587
X5X11,1234,201,0.06886577606201172,0.055836718219259514,0.06899619470079424,0.0005169610538918856,0,0,0.2,0.7246566679822206,0.7241588263654587
X5X11,1234,202,0.06819720297223991,0.055532158096976904,0.068813783890277,0.0005129744671405092,0,0,0.2,0.7246566679822206,0.7241588263654587
X5X11,1234,203,0.06799493750764264,0.05439645129217618,0.06862301563735676,0.0005089873629373881,0,0,0.2,0.7246566679822206,0.7241588263654587
X5X11,1234,204,0.06835860510667165,0.054635238603232564,0.06844436908485713,0.000505,0,0,0.2,0.7246566679822206,0.7241588263654587
X5X11,1234,205,0.06656500614351696,0.05404723678810009,0.06815739404705781,0.0005010126370626121,0,0,0.2,0.7246566679822206,0.7241588263654587
X5X11,1234,206,0.0676932812978824,0.05323232758010643,0.06769982495754168,0.0004970255328594908,0,0,0.2,0.7246566679822206,0.7241588263654587
X5X11,1234,207,0.0663469121274021,0.054066651629019476,0.06738055906401426,0.0004930389461081146,0,0,0.2,0.7246566679822206,0.7241588263654587
X5X11,1234,208,0.06710896227094862,0.05358897050498188,0.06719309725261555,0.0004890531354923845,0,0,0.2,0.7246566679822206,0.7241588263654587
X5X11,1234,209,0.06699888180527422,0.05371522004500679,0.06702925119962957,0.00048506835964583965,0,0,0.2,0.7246566679822206,0.7241588263654587
X5X11,1234,210,0.06585619702107376,0.053399402474665986,0.06684497588131794,0.00048108487713487407,0,0,0.2,0.7246566679822206,0.7241588263654587
X5X11,1234,211,0.06679267643226518,0.05391149123924366,0.06669550023421093,0.00047710294644195945,0,0,0.2,0.7246566679822206,0.7241588263654587
X5X11,1234,212,0.06680826511647966,0.053595802550384965,0.06653822628318003,0.00047312282594887237,0,0,0.2,0.7246566679822206,0.7241588263654587
X5X11,1234,213,0.06637713871896267,0.053886524897036346,0.06636008484259485,0.0004691447739199277,0,0,0.2,0.7246566679822206,0.7241588263654587
X5X11,1234,214,0.06709237914118502,0.05344775160637455,0.06617596010288233,0.0004651690484852207,0,0,0.2,0.7246566679822206,0.7241588263654587
X5X11,1234,215,0.0657630908406443,0.05319940132472826,0.06601991204830704,0.00046119590762387766,0,0,0.2,0.7246566679822206,0.7241588263654587
X5X11,1234,216,0.06445290148258209,0.052472106093254645,0.06589440824020476,0.000457225609147315,0,0,0.2,0.7246566679822206,0.7241588263654587
X5X11,1234,217,0.06474512463642491,0.05242505457781363,0.0657107967232901,0.00045325841068251166,0,0,0.2,0.7246566679822206,0.7241588263654587
X5X11,1234,218,0.06623515879942311,0.05220745212720788,0.06560497794044082,0.0004492945696552903,0,0,0.2,0.7246566679822206,0.7241588263654587
X5X11,1234,219,0.06661418846084012,0.05238737049932065,0.06546146244244286,0.0004453343432736152,0,0,0.2,0.7246566679822206,0.7241588263654587
X5X11,1234,220,0.06609070570104653,0.05146859431612319,0.0653485133455544,0.00044137798851090075,0,0,0.2,0.7246566679822206,0.7241588263654587
X5X11,1234,221,0.06564811327391201,0.05331325285538383,0.06526851530861917,0.000437425762089338,0,0,0.2,0.7246566679822206,0.7241588263654587
X5X11,1234,222,0.06556302309036255,0.05160902037689651,0.06505127139783726,0.0004334779204632356,0,0,0.2,0.7246566679822206,0.7241588263654587
X5X11,1234,223,0.06445623271995121,0.052189464314778646,0.06491470683819403,0.000429534719802379,0,0,0.2,0.7246566679822206,0.7241588263654587
X5X11,1234,224,0.06412831797367996,0.05199838880456012,0.06470829830874528,0.00042559641597540867,0,0,0.2,0.7246566679822206,0.7241588263654587
X5X11,1234,225,0.06508159596059057,0.05153889531674592,0.06447765715026035,0.0004216632645332159,0,0,0.2,0.7246566679822206,0.7241588263654587
X5X11,1234,226,0.0639294261733691,0.05148244823511096,0.06431802624353657,0.0004177355206923614,0,0,0.2,0.7246566679822206,0.7241588263654587
X5X11,1234,227,0.06383743944267432,0.05132223059612772,0.06431615862147833,0.0004138134393185143,0,0,0.2,0.7246566679822206,0.7241588263654587
X5X11,1234,228,0.06412471768756707,0.05119812905131907,0.06448584711228414,0.00040989727490991433,0,0,0.2,0.7246566679822206,0.7241588263654587
X5X11,1234,229,0.06409513681299156,0.05164353597889776,0.06440945682189768,0.0004059872815808581,0,0,0.2,0.7246566679822206,0.7241588263654587
X5X11,1234,230,0.06462695077061653,0.05195003573652627,0.0642314166047428,0.0004020837130452092,0,0,0.2,0.7246566679822206,0.7241588263654587
X5X11,1234,231,0.06417623824543423,0.05095306228416553,0.0640363108228754,0.00039818682259993606,0,0,0.2,0.7246566679822206,0.7241588263654587
X5X11,1234,232,0.062230554305844836,0.050683600295799366,0.0638531628779318,0.00039429686310867517,0,0,0.2,0.7246566679822206,0.7241588263654587
X5X11,1234,233,0.06394040936397181,0.05004121925243433,0.06367195679476022,0.0003904140869853233,0,0,0.2,0.7246566679822206,0.7241588263654587
X5X11,1234,234,0.06204255960053868,0.0499912426934726,0.06350595906140312,0.00038653874617765907,0,0,0.2,0.7246566679822206,0.7241588263654587
X5X11,1234,235,0.06224891481300195,0.050044540714872056,0.06341891225289416,0.00038267109215099355,0,0,0.2,0.7246566679822206,0.7241588263654587
X5X11,1234,236,0.06241084179944462,0.05025560886548913,0.06333433695768238,0.00037881137587185426,0,0,0.2,0.7246566679822206,0.7241588263654587
X5X11,1234,237,0.06441368141935931,0.05097759054432745,0.06322954837528487,0.0003749598477916995,0,0,0.2,0.7246566679822206,0.7241588263654587
X5X11,1234,238,0.06830858294334677,0.053213993503736415,0.06311547889241151,0.0003711167578306666,0,0,0.2,0.7246566679822206,0.7241588263654587
X5X11,1234,239,0.0646309627013074,0.05113838465593863,0.06300633870774791,0.000367282355361356,0,0,0.2,0.7246566679822206,0.7241588263654587
X5X11,1234,240,0.06287534390058783,0.049938953255915984,0.06286635672644017,0.0003634568891926489,0,0,0.2,0.7246566679822206,0.7241588263654587
X5X11,1234,241,0.06199348428183132,0.04960821727807971,0.06277323463961244,0.00035964060755356284,0,0,0.2,0.7246566679822206,0.7241588263654587
X5X11,1234,242,0.0618020064300961,0.049242985114498414,0.0627004436103913,0.00035583375807714463,0,0,0.2,0.7246566679822206,0.7241588263654587
X5X11,1234,243,0.06175769534375933,0.049522056911302646,0.06262424038279624,0.0003520365877844011,0,0,0.2,0.7246566679822206,0.7241588263654587
X5X11,1234,244,0.060970280319452286,0.04913044442439425,0.062499957829319615,0.00034824934306827124,0,0,0.2,0.7246566679822206,0.7241588263654587
X5X11,1234,245,0.06230033499499162,0.048956005063264266,0.06240471704769387,0.0003444722696776371,0,0,0.2,0.7246566679822206,0.7241588263654587
X5X11,1234,246,0.06330551476114327,0.0494740748308707,0.06236064744492372,0.0003407056127013786,0,0,0.2,0.7246566679822206,0.7241588263654587
X5X11,1234,247,0.061728865943021245,0.04956457563759624,0.06230706934417997,0.0003369496165524686,0,0,0.2,0.7246566679822206,0.7241588263654587
X5X11,1234,248,0.06144198030233383,0.04929191531858582,0.062124410190831425,0.00033320452495211507,0,0,0.2,0.7246566679822206,0.7241588263654587
X5X11,1234,249,0.06183277380963167,0.04861270663496377,0.06181633341367599,0.0003294705809139449,0,0,0.2,0.7246566679822206,0.7241588263654587
X5X11,1234,250,0.061155515205529004,0.048860620072959125,0.0617063676731454,0.0003257480267282358,0,0,0.2,0.7246566679822206,0.7241588263654587
X5X11,1234,251,0.06267138694723447,0.04925845841117527,0.06160816509848234,0.0003220371039461941,0,0,0.2,0.7246566679822206,0.7241588263654587
X5X11,1234,252,0.06264762663178974,0.04903573953379756,0.061560303288162074,0.0003183380533642814,0,0,0.2,0.7246566679822206,0.7241588263654587
X5X11,1234,253,0.06063028652634886,0.04881401234502378,0.06145352518392934,0.0003146511150085889,0,0,0.2,0.7246566679822206,0.7241588263654587
X5X11,1234,254,0.06133047574096256,0.048392200237771736,0.061377151253283344,0.0003109765281192629,0,0,0.2,0.7246566679822206,0.7241588263654587
X5X11,1234,255,0.06004250318639808,0.047996154431329256,0.06126724535392391,0.0003073145311349808,0,0,0.2,0.7246566679822206,0.7241588263654587
X5X11,1234,256,0.061323453154828816,0.04846956999405571,0.06127850986307576,0.000303665361677479,0,0,0.2,0.7246566679822206,0.7241588263654587
X5X11,1234,257,0.06128570168382592,0.04818641215891078,0.06111154296292514,0.0003000292565361342,0,0,0.2,0.7246566679822206,0.7241588263654587
X5X11,1234,258,0.06057783919903967,0.04816709780485734,0.061019505379061215,0.0002964064516525982,0,0,0.2,0.7246566679822206,0.7241588263654587
X5X11,1234,259,0.061838970623082586,0.04833813759624094,0.0609300295235934,0.0002927971821054881,0,0,0.2,0.7246566679822206,0.7241588263654587
X5X11,1234,260,0.06232168215016524,0.048258168803781705,0.06078434835074755,0.000289201682095133,0,0,0.2,0.7246566679822206,0.7241588263654587
X5X11,1234,261,0.060813089832663536,0.04856757237531137,0.06067288386088515,0.0002856201849283756,0,0,0.2,0.7246566679822206,0.7241588263654587
X5X11,1234,262,0.06098838626510567,0.047957100865460824,0.06048436283513352,0.00028205292300343456,0,0,0.2,0.7246566679822206,0.7241588263654587
X5X11,1234,263,0.05955966624120871,0.047499369303385414,0.060295547294632455,0.00027850012779482436,0,0,0.2,0.7246566679822206,0.7241588263654587
X5X11,1234,264,0.06015384280019336,0.04779990083998528,0.060182767097281396,0.00027496202983833456,0,0,0.2,0.7246566679822206,0.7241588263654587
X5X11,1234,265,0.05866225643290414,0.047537990934952444,0.0600608156097156,0.00027143885871607143,0,0,0.2,0.7246566679822206,0.7241588263654587
X5X11,1234,266,0.06253688968718052,0.04732209331125453,0.059934274860160064,0.00026793084304155995,0,0,0.2,0.7246566679822206,0.7241588263654587
X5X11,1234,267,0.05979920985798041,0.04742781893965127,0.05978870866869493,0.00026443821044491,0,0,0.2,0.7246566679822206,0.7241588263654587
X5X11,1234,268,0.059796076681878835,0.04728944012185802,0.05968447793373671,0.000260961187558046,0,0,0.2,0.7246566679822206,0.7241588263654587
X5X11,1234,269,0.05956298733750979,0.046975439630038494,0.05956666826925895,0.00025750000000000013,0,0,0.2,0.7246566679822206,0.7241588263654587
X5X11,1234,270,0.0587734691798687,0.04742616294086843,0.059378355337434977,0.0002540548723622729,0,0,0.2,0.7246566679822206,0.7241588263654587
X5X11,1234,271,0.058814760918418564,0.046797918037746265,0.059182322362349146,0.0002506260281942595,0,0,0.2,0.7246566679822206,0.7241588263654587
X5X11,1234,272,0.05871244540645017,0.046713171209805254,0.05909891640422521,0.0002472136899887446,0,0,0.2,0.7246566679822206,0.7241588263654587
X5X11,1234,273,0.058682500281267695,0.04660873598845109,0.058956993862040466,0.00024381807916746423,0,0,0.2,0.7246566679822206,0.7241588263654587
X5X11,1234,274,0.05826190238197645,0.046507092196699504,0.05892315340381135,0.00024043941606673844,0,0,0.2,0.7246566679822206,0.7241588263654587
X5X11,1234,275,0.05876949450208081,0.04682021678979846,0.05884906262277611,0.00023707791992317402,0,0,0.2,0.7246566679822206,0.7241588263654587
X5X11,1234,276,0.05738514744573169,0.04629082756595335,0.05880354748910696,0.00023373380885943846,0,0,0.2,0.7246566679822206,0.7241588263654587
X5X11,1234,277,0.058266563134060964,0.046013261966428895,0.058565271594537,0.00023040729987010622,0,0,0.2,0.7246566679822206,0.7241588263654587
X5X11,1234,278,0.0590968562497033,0.046709860627547554,0.05848914025124734,0.00022709860880757896,0,0,0.2,0.7246566679822206,0.7241588263654587
X5X11,1234,279,0.058103836245006986,0.04615198567708333,0.05843361454311187,0.00022380795036807793,0,0,0.2,0.7246566679822206,0.7241588263654587
X5X11,1234,280,0.05788439905477895,0.046403603108723955,0.058325203381991264,0.00022053553807771365,0,0,0.2,0.7246566679822206,0.7241588263654587
X5X11,1234,281,0.058204989673362836,0.046271786808622054,0.05823272098072622,0.00021728158427863003,0,0,0.2,0.7246566679822206,0.7241588263654587
X5X11,1234,282,0.059061564712060824,0.046614332558452216,0.058174477919699645,0.00021404630011522585,0,0,0.2,0.7246566679822206,0.7241588263654587
X5X11,1234,283,0.05800801287922594,0.046105909353062725,0.05807507404732326,0.00021082989552045445,0,0,0.2,0.7246566679822206,0.7241588263654587
X5X11,1234,284,0.058849016618397504,0.04638379313151041,0.05795704549740231,0.00020763257920220036,0,0,0.2,0.7246566679822206,0.7241588263654587
X5X11,1234,285,0.05859793639845318,0.04592507695737092,0.05790528553542952,0.00020445455862973797,0,0,0.2,0.7246566679822206,0.7241588263654587
X5X11,1234,286,0.057706438625852265,0.046271528382232224,0.05781160720757076,0.00020129604002026765,0,0,0.2,0.7246566679822206,0.7241588263654587
X5X11,1234,287,0.057533095901211105,0.04583072872438292,0.057798429160679454,0.00019815722832553553,0,0,0.2,0.7246566679822206,0.7241588263654587
X5X11,1234,288,0.058200451648897596,0.04581646551602129,0.057752418317018994,0.0001950383272185347,0,0,0.2,0.7246566679822206,0.7241588263654587
X5X11,1234,289,0.05863003681103388,0.045816052069180255,0.05759250041511323,0.0001919395390802883,0,0,0.2,0.7246566679822206,0.7241588263654587
X5X11,1234,290,0.057286352953977056,0.045472825246617415,0.057524483227146365,0.00018886106498671785,0,0,0.2,0.7246566679822206,0.7241588263654587
X5X11,1234,291,0.056831338753302894,0.04575289138572804,0.05753750651680604,0.00018580310469559565,0,0,0.2,0.7246566679822206,0.7241588263654587
X5X11,1234,292,0.05759165663686064,0.04570185383230016,0.05747422158087373,0.00018276585663358263,0,0,0.2,0.7246566679822206,0.7241588263654587
X5X11,1234,293,0.05662496408654584,0.04545398705523947,0.057326114297938095,0.00017974951788335335,0,0,0.2,0.7246566679822206,0.7241588263654587
X5X11,1234,294,0.05620390073292785,0.04525868211829144,0.05728684039540076,0.00017675428417080648,0,0,0.2,0.7246566679822206,0.7241588263654587
X5X11,1234,295,0.05717494318054782,0.045417357248499775,0.05717316060942947,0.00017378034985236535,0,0,0.2,0.7246566679822206,0.7241588263654587
X5X11,1234,296,0.05680224961704678,0.04514416441986526,0.057146032562568075,0.00017082790790236586,0,0,0.2,0.7246566679822206,0.7241588263654587
X5X11,1234,297,0.05710840846101443,0.04503821366904438,0.057093394703414076,0.00016789714990053534,0,0,0.2,0.7246566679822206,0.7241588263654587
X5X11,1234,298,0.057300335417191185,0.04535313800314198,0.057033854521929266,0.0001649882660195607,0,0,0.2,0.7246566679822206,0.7241588263654587
X5X11,1234,299,0.05573858030968242,0.045019268710371374,0.056930302795042444,0.00016210144501274828,0,0,0.2,0.7246566679822206,0.7241588263654587
X5X11,1234,300,0.056675475297702685,0.04510890007571897,0.056792122513923064,0.00015923687420177625,0,0,0.2,0.7246566679822206,0.7241588263654587
X5X11,1234,301,0.058157888137631945,0.04544334539883379,0.056737675198486874,0.00015639473946453935,0,0,0.2,0.7246566679822206,0.7241588263654587
X5X11,1234,302,0.056876006018784314,0.04496995473668195,0.05671026840530061,0.00015357522522308766,0,0,0.2,0.7246566679822206,0.7241588263654587
X5X11,1234,303,0.055951311770412654,0.04502084151558254,0.05664960904017328,0.0001507785144316601,0,0,0.2,0.7246566679822206,0.7241588263654587
X5X11,1234,304,0.057183260925941996,0.04513384629401608,0.05666482116455439,0.00014800478856481184,0,0,0.2,0.7246566679822206,0.7241588263654587
X5X11,1234,305,0.056461741113000445,0.044798304107223734,0.056664296667333004,0.0001452542276056396,0,0,0.2,0.7246566679822206,0.7241588263654587
X5X11,1234,306,0.05802824741436376,0.04506951798148777,0.05658562036930884,0.00014252701003410225,0,0,0.2,0.7246566679822206,0.7241588263654587
X5X11,1234,307,0.05660104358361827,0.044936771647135415,0.0565483500717809,0.0001398233128154396,0,0,0.2,0.7246566679822206,0.7241588263654587
X5X11,1234,308,0.056282752090030246,0.04480177974977355,0.056493593951460544,0.0001371433113886898,0,0,0.2,0.7246566679822206,0.7241588263654587
X5X11,1234,309,0.05602586538427406,0.0448742846502774,0.05642725752972105,0.0001344871796553049,0,0,0.2,0.7246566679822206,0.7241588263654587
X5X11,1234,310,0.055728250907527074,0.04448673568946728,0.05643389482425634,0.0001318550899678667,0,0,0.2,0.7246566679822206,0.7241588263654587
X5X11,1234,311,0.05614295932981703,0.044164067630491396,0.056418977116071994,0.00012924721311890296,0,0,0.2,0.7246566679822206,0.7241588263654587
X5X11,1234,312,0.05625579609639115,0.044447900390625,0.05625585150269288,0.00012666371832980504,0,0,0.2,0.7246566679822206,0.7241588263654587
X5X11,1234,313,0.05631780996918678,0.044664318714971125,0.05618417722286371,0.00012410477323984785,0,0,0.2,0.7246566679822206,0.7241588263654587
X5X11,1234,314,0.05694441869854927,0.044559942626953127,0.05615042676291768,0.00012157054389531104,0,0,0.2,0.7246566679822206,0.7241588263654587
X5X11,1234,315,0.056192886291278735,0.04412784070001132,0.05607632759505163,0.00011906119473870497,0,0,0.2,0.7246566679822206,0.7241588263654587
X5X11,1234,316,0.05552274092204041,0.044112978329865826,0.05604649531265731,0.0001165768885981005,0,0,0.2,0.7246566679822206,0.7241588263654587
X5X11,1234,317,0.056019573368959956,0.04429407976675725,0.055933066638846875,0.00011411778667656276,0,0,0.2,0.7246566679822206,0.7241588263654587
X5X11,1234,318,0.05595852993428707,0.044226821943642435,0.05587649667665126,0.0001116840485416917,0,0,0.2,0.7246566679822206,0.7241588263654587
X5X11,1234,319,0.05590727056066195,0.044183198348335596,0.05581452063821927,0.00010927583211526703,0,0,0.2,0.7246566679822206,0.7241588263654587
X5X11,1234,320,0.05587796349492338,0.0439536180579144,0.055748807552157255,0.00010689329366300145,0,0,0.2,0.7246566679822206,0.7241588263654587
X5X11,1234,321,0.056362203425831266,0.04395021778051404,0.055689185867628097,0.00010453658778440107,0,0,0.2,0.7246566679822206,0.7241588263654587
X5X11,1234,322,0.05473225025667085,0.04375164246490036,0.05561025141092835,0.00010220586740273277,0,0,0.2,0.7246566679822206,0.7241588263654587
X5X11,1234,323,0.0553708461423715,0.04398579291744509,0.05554032910161863,9.99012837551024e-05,0,0,0.2,0.7246566679822206,0.7241588263654587
X5X11,1234,324,0.055242552111546196,0.044143975918534875,0.055496295549409096,9.76229863826401e-05,0,0,0.2,0.7246566679822206,0.7241588263654587
X5X11,1234,325,0.05562717840075493,0.043791931329257246,0.05539911295528765,9.537112312079738e-05,0,0,0.2,0.7246566679822206,0.7241588263654587
X5X11,1234,326,0.05583526318271955,0.04415973908797555,0.05535298880564157,9.314584008975433e-05,0,0,0.2,0.7246566679822206,0.7241588263654587
X5X11,1234,327,0.055646245264344744,0.043863897174337634,0.05534671781160844,9.094728168493777e-05,0,0,0.2,0.7246566679822206,0.7241588263654587
X5X11,1234,328,0.05541307437751028,0.04410526198235111,0.05527864321672097,8.877559056765208e-05,0,0,0.2,0.7246566679822206,0.7241588263654587
X5X11,1234,329,0.05498125528295835,0.04356203246185745,0.055246394728778535,8.663090765582167e-05,0,0,0.2,0.7246566679822206,0.7241588263654587
X5X11,1234,330,0.0546458905769719,0.04368784599857054,0.055181174021628164,8.451337211484718e-05,0,0,0.2,0.7246566679822206,0.7241588263654587
X5X11,1234,331,0.054476195532414645,0.04369647871376812,0.05512499515578229,8.242312134857536e-05,0,0,0.2,0.7246566679822206,0.7241588263654587
X5X11,1234,332,0.054485335739122495,0.043339733577120135,0.05505299535653893,8.036029099038284e-05,0,0,0.2,0.7246566679822206,0.7241588263654587
X5X11,1234,333,0.05478742760088709,0.04365498436084692,0.05501713172074348,7.83250148943756e-05,0,0,0.2,0.7246566679822206,0.7241588263654587
X5X11,1234,334,0.05539310537278652,0.04359789172186368,0.05500218386530245,7.631742512670284e-05,0,0,0.2,0.7246566679822206,0.7241588263654587
X5X11,1234,335,0.05490358422199885,0.04365896190698596,0.055004161619950864,7.433765195698761e-05,0,0,0.2,0.7246566679822206,0.7241588263654587
X5X11,1234,336,0.0552242791487111,0.04384605474057405,0.05497779728716644,7.238582384987364e-05,0,0,0.2,0.7246566679822206,0.7241588263654587
X5X11,1234,337,0.05539105004734463,0.04346541924960371,0.05497779151198094,7.04620674566897e-05,0,0,0.2,0.7246566679822206,0.7241588263654587
X5X11,1234,338,0.054590006876322955,0.0437450584522192,0.054954142117547615,6.856650760723151e-05,0,0,0.2,0.7246566679822206,0.7241588263654587
X5X11,1234,339,0.055281311687495976,0.04345260690882586,0.05489964409677124,6.669926730166114e-05,0,0,0.2,0.7246566679822206,0.7241588263654587
X5X11,1234,340,0.05453763571050432,0.04319932153674139,0.05494478728287119,6.486046770252613e-05,0,0,0.2,0.7246566679822206,0.7241588263654587
X5X11,1234,341,0.05469820731216007,0.04378298990000849,0.05499739953804584,6.305022812689734e-05,0,0,0.2,0.7246566679822206,0.7241588263654587
X5X11,1234,342,0.05485020764172077,0.04329381267160609,0.05502676855398233,6.126866603862663e-05,0,0,0.2,0.7246566679822206,0.7241588263654587
X5X11,1234,343,0.05397911390496625,0.04333942570340806,0.05505202454391611,5.951589704072504e-05,0,0,0.2,0.7246566679822206,0.7241588263654587
X5X11,1234,344,0.055056941178109914,0.0436112132196841,0.055009754098675874,5.7792034867860855e-05,0,0,0.2,0.7246566679822206,0.7241588263654587
X5X11,1234,345,0.05528408495916261,0.043477623804064766,0.0550039788343446,5.609719137898003e-05,0,0,0.2,0.7246566679822206,0.7241588263654587
X5X11,1234,346,0.055073527412282094,0.043285342141856316,0.05496779216266182,5.443147655004788e-05,0,0,0.2,0.7246566679822206,0.7241588263654587
X5X11,1234,347,0.05583514190382428,0.04350989158740942,0.05494687809712358,5.279499846691251e-05,0,0,0.2,0.7246566679822206,0.7241588263654587
X5X11,1234,348,0.05514960798124472,0.04333560844089674,0.05491950042624638,5.118786331829171e-05,0,0,0.2,0.7246566679822206,0.7241588263654587
X5X11,1234,349,0.05426861594120661,0.043085970848194065,0.05496365673564098,4.961017538888201e-05,0,0,0.2,0.7246566679822206,0.7241588263654587
X5X11,1234,350,0.055929262191057205,0.04307381954469543,0.054924803731775794,4.806203705259236e-05,0,0,0.2,0.7246566679822206,0.7241588263654587
X5X11,1234,351,0.055750747935639486,0.043562336089645604,0.054936846501376264,4.654354876590071e-05,0,0,0.2,0.7246566679822206,0.7241588263654587
X5X11,1234,352,0.05509294486708111,0.042946329664147416,0.05495100047577311,4.5054809061335864e-05,0,0,0.2,0.7246566679822206,0.7241588263654587
X5X11,1234,353,0.05501571152773169,0.04316864190585371,0.05490226078798217,4.3595914541083995e-05,0,0,0.2,0.7246566679822206,0.7241588263654587
X5X11,1234,354,0.053899748250842094,0.04280438533174819,0.05492000398102892,4.2166959870719715e-05,0,0,0.2,0.7246566679822206,0.7241588263654587
X5X11,1234,355,0.055271824821829796,0.04309856257784194,0.05488640018714168,4.0768037773063865e-05,0,0,0.2,0.7246566679822206,0.7241588263654587
X5X11,1234,356,0.05414366411666075,0.042951876698369564,0.05486063315242371,3.939923902216652e-05,0,0,0.2,0.7246566679822206,0.7241588263654587
X5X11,1234,357,0.054785083772407636,0.042954823458021964,0.05481355436264523,3.806065243741714e-05,0,0,0.2,0.7246566679822206,0.7241588263654587
X5X11,1234,358,0.05481611895892355,0.04331047752490942,0.05477363058420085,3.675236487778103e-05,0,0,0.2,0.7246566679822206,0.7241588263654587
X5X11,1234,359,0.05551728937360975,0.04313116508152174,0.05474180483786517,3.5474461236162985e-05,0,0,0.2,0.7246566679822206,0.7241588263654587
X5X11,1234,360,0.05446539860632685,0.042771913920969205,0.054848990348911796,3.4227024433899005e-05,0,0,0.2,0.7246566679822206,0.7241588263654587
X5X11,1234,361,0.054790533872114286,0.04290008544921875,0.05481108104583447,3.3010135415375565e-05,0,0,0.2,0.7246566679822206,0.7241588263654587
X5X11,1234,362,0.054995440774493747,0.0429422629536062,0.054784593177299015,3.1823873142777125e-05,0,0,0.2,0.7246566679822206,0.7241588263654587
X5X11,1234,363,0.0538266741981109,0.04325961887525476,0.05470976626707448,3.066831459096272e-05,0,0,0.2,0.7246566679822206,0.7241588263654587
X5X11,1234,364,0.054351720958948135,0.04290186626047328,0.05463109591177532,2.954353474247074e-05,0,0,0.2,0.7246566679822206,0.7241588263654587
X5X11,1234,365,0.05435126150647799,0.04260075639365376,0.05462836542181552,2.8449606582653618e-05,0,0,0.2,0.7246566679822206,0.7241588263654587
X5X11,1234,366,0.05474297723008527,0.042862913093014036,0.05459134819764623,2.7386601094942082e-05,0,0,0.2,0.7246566679822206,0.7241588263654587
X5X11,1234,367,0.05408487282693386,0.0427893629875736,0.05462456790227739,2.6354587256238774e-05,0,0,0.2,0.7246566679822206,0.7241588263654587
X5X11,1234,368,0.054996742556492485,0.04307744865970335,0.05455426014368495,2.535363203244282e-05,0,0,0.2,0.7246566679822206,0.7241588263654587
X5X11,1234,369,0.054481267308195434,0.042740739197661914,0.05447188255786107,2.4383800374104253e-05,0,0,0.2,0.7246566679822206,0.7241588263654587
X5X11,1234,370,0.05651951167318556,0.0431874952233356,0.05440408512260076,2.3445155212209604e-05,0,0,0.2,0.7246566679822206,0.7241588263654587
X5X11,1234,371,0.055133166826433606,0.042893950266077896,0.05435673333211708,2.2537757454098255e-05,0,0,0.2,0.7246566679822206,0.7241588263654587
X5X11,1234,372,0.05519450269639492,0.04307319512850996,0.05430774972650898,2.1661665979510303e-05,0,0,0.2,0.7246566679822206,0.7241588263654587
X5X11,1234,373,0.053521579752365746,0.04271593650043874,0.05429831649319678,2.0816937636766185e-05,0,0,0.2,0.7246566679822206,0.7241588263654587
X5X11,1234,374,0.05336363406644927,0.042835374295884285,0.05427912000330194,2.0003627239077502e-05,0,0,0.2,0.7246566679822206,0.7241588263654587
X5X11,1234,375,0.053842407961686455,0.04237001917742301,0.05430955809871198,1.9221787560990352e-05,0,0,0.2,0.7246566679822206,0.7241588263654587
X5X11,1234,376,0.054494463114274874,0.04290895483044611,0.05431110286227768,1.8471469334961106e-05,0,0,0.2,0.7246566679822206,0.7241588263654587
X5X11,1234,377,0.054841277913914785,0.04289882635586503,0.05433059589710658,1.775272124806412e-05,0,0,0.2,0.7246566679822206,0.7241588263654587
X5X11,1234,378,0.05330862084196673,0.04261905977553215,0.05434036506684842,1.7065589938832845e-05,0,0,0.2,0.7246566679822206,0.7241588263654587
X5X11,1234,379,0.05308618965662188,0.04286724678813547,0.05436240444600425,1.6410119994233144e-05,1,0,0.2,0.7246566679822206,0.7241588263654587
X5X11,1234,380,0.05409354323314296,0.042664904873613,0.05430619013076895,1.5786353946770484e-05,0,0,0.2,0.7246566679822206,0.7241588263654587
X5X11,1234,381,0.05347101100616985,0.042703207795516306,0.054185214235629664,1.5194332271729696e-05,0,0,0.2,0.7246566679822206,0.7241588263654587
X5X11,1234,382,0.05376187815434403,0.043005221336475316,0.05413077259682632,1.4634093384548982e-05,0,0,0.2,0.7246566679822206,0.7241588263654587
X5X11,1234,383,0.05479734287493759,0.04270484698751698,0.054070699018815525,1.4105673638326796e-05,0,0,0.2,0.7246566679822206,0.7241588263654587
X5X11,1234,384,0.05342354791031943,0.042554593028192936,0.05413551368903388,1.3609107321463285e-05,0,0,0.2,0.7246566679822206,0.7241588263654587
X5X11,1234,385,0.05499092096255885,0.04244813763162364,0.05416338167907227,1.314442665543507e-05,0,0,0.2,0.7246566679822206,0.7241588263654587
X5X11,1234,386,0.05438370154135757,0.04254126321543818,0.05413997506910057,1.2711661792704722e-05,0,0,0.2,0.7246566679822206,0.7241588263654587
X5X11,1234,387,0.05515233096149233,0.04305351633265399,0.05416978357073964,1.231084081476393e-05,0,0,0.2,0.7246566679822206,0.7241588263654587
X5X11,1234,388,0.054290025391512446,0.04291976857945539,0.05415667472752156,1.1941989730311609e-05,0,0,0.2,0.7246566679822206,0.7241588263654587
X5X11,1234,389,0.055459569518764816,0.04282266155740489,0.054173712963583295,1.1605132473566086e-05,0,0,0.2,0.7246566679822206,0.7241588263654587
X5X11,1234,390,0.05330076668825415,0.0424367076486781,0.054228089128931366,1.1300290902711933e-05,0,0,0.2,0.7246566679822206,0.7241588263654587
X5X11,1234,391,0.05397901787526078,0.04242429977638134,0.054235170491867594,1.1027484798481829e-05,0,0,0.2,0.7246566679822206,0.7241588263654587
X5X11,1234,392,0.05398989241156313,0.04270768927974977,0.05427762379662858,1.0786731862872998e-05,0,0,0.2,0.7246566679822206,0.7241588263654587
X5X11,1234,393,0.05393295755816831,0.04284981331203295,0.0543079617755865,1.0578047717998313e-05,0,0,0.2,0.7246566679822206,0.7241588263654587
X5X11,1234,394,0.05488268782695135,0.042449047143908514,0.05427737545687705,1.0401445905073056e-05,0,0,0.2,0.7246566679822206,0.7241588263654587
X5X11,1234,395,0.0539488618572553,0.04253825497834579,0.05433429729331423,1.0256937883535627e-05,0,0,0.2,0.7246566679822206,0.7241588263654587
X5X11,1234,396,0.053350869152281016,0.042549831666808195,0.0542873956026539,1.0144533030304495e-05,0,0,0.2,0.7246566679822206,0.7241588263654587
X5X11,1234,397,0.0551204416486952,0.04291065850741621,0.054279987453522846,1.0064238639169536e-05,0,0,0.2,0.7246566679822206,0.7241588263654587
X5X11,1234,398,0.05456599220633507,0.04228546920997509,0.05420729216119206,1.0016059920318663e-05,0,0,0.2,0.7246566679822206,0.7241588263654587
X5X11,1234,399,0.053666423799263105,0.042704462642946105,0.054199770958435665,1e-05,0,1,0.2,0.7246566679822206,0.7241588263654587
X5X11,7,0,0.9158619178666009,0.8376998287477355,0.350666094759498,0.0002,0,0,0.2,0.7262072095541969,0.725003203322601
X5X11,7,1,0.5765777462058597,0.5232846983978714,0.3376317436772364,0.0003,0,0,0.2,0.7262072095541969,0.725003203322601
X5X11,7,2,0.3766285727421443,0.34103064212522644,0.32683516274660057,0.0004,0,0,0.2,0.7262072095541969,0.725003203322601
X5X11,7,3,0.3174194147189458,0.2809085190925045,0.3172363161094605,0.0005,0,0,0.2,0.7262072095541969,0.725003203322601
X5X11,7,4,0.27334965682692,0.24063331882642663,0.3081788011999042,0.0006,0,0,0.2,0.7262072095541969,0.725003203322601
X5X11,7,5,0.26942384491364163,0.23431763013756793,0.3005788696981553,0.0007,0,0,0.2,0.7262072095541969,0.725003203322601
X5X11,7,6,0.22896287010775673,0.20167624104817708,0.29386381675897083,0.0008,0,0,0.2,0.7262072095541969,0.725003203322601
X5X11,7,7,0.22264079666799969,0.1937815178470335,0.28792737435871435,0.0009000000000000001,0,0,0.2,0.7262072095541969,0.725003203322601
X5X11,7,8,0.22572840419080523,0.1929987938037817,0.28301388986016573,0.001,0,0,0.2,0.7262072095541969,0.725003203322601
X5X11,7,9,0.2397821785675155,0.20774956691576088,0.2777319547823734,0.001,0,0,0.2,0.7262072095541969,0.725003203322601
X5X11,7,10,0.21095163954628837,0.17892319583616395,0.27281065555240114,0.0009999839400796813,0,0,0.2,0.7262072095541969,0.725003203322601
X5X11,7,11,0.19425388177235922,0.17051314679574275,0.23727026225003614,0.0009999357613608305,0,0,0.2,0.7262072095541969,0.725003203322601
X5X11,7,12,0.19727619157897103,0.16994744519219881,0.21767548643170842,0.0009998554669696956,0,0,0.2,0.7262072095541969,0.725003203322601
X5X11,7,13,0.19245130982663897,0.1693006248584692,0.2078891712482329,0.0009997430621164645,0,0,0.2,0.7262072095541969,0.725003203322601
X5X11,7,14,0.18137359246611595,0.15925223052536233,0.2007267414616845,0.000999598554094927,0,0,0.2,0.7262072095541969,0.725003203322601
X5X11,7,15,0.1865798971719212,0.16237031426913495,0.19547041885988423,0.0009994219522820016,0,0,0.2,0.7262072095541969,0.725003203322601
X5X11,7,16,0.18642296973201963,0.15912344263049139,0.19003384668754522,0.000999213268137127,0,0,0.2,0.7262072095541969,0.725003203322601
X5X11,7,17,0.18700785355435479,0.15964681024966032,0.1866221940982594,0.0009989725152015183,0,0,0.2,0.7262072095541969,0.725003203322601
X5X11,7,18,0.19457116888629067,0.16703864003057065,0.1837952881460152,0.0009986997090972883,0,0,0.2,0.7262072095541969,0.725003203322601
X5X11,7,19,0.1773751883043183,0.15142325421761776,0.18033786660070142,0.000998394867526434,0,0,0.2,0.7262072095541969,0.725003203322601
X5X11,7,20,0.17438467095295587,0.14885448174960372,0.17642298882837018,0.0009980580102696885,0,0,0.2,0.7262072095541969,0.725003203322601
X5X11,7,21,0.16951365851693684,0.14535703390370244,0.17356159386259537,0.0009976891591852361,0,0,0.2,0.7262072095541969,0.725003203322601
X5X11,7,22,0.16508745402097702,0.14356944473930028,0.1718142470788388,0.0009972883382072953,0,0,0.2,0.7262072095541969,0.725003203322601
X5X11,7,23,0.17111595388915804,0.14835663266389265,0.16948275295672593,0.000996855573344565,0,0,0.2,0.7262072095541969,0.725003203322601
X5X11,7,24,0.16700838920142916,0.14418421507019927,0.16713062326901804,0.0009963908926785368,0,0,0.2,0.7262072095541969,0.725003203322601
X5X11,7,25,0.1629668821891149,0.13715602072010868,0.1651445342986672,0.0009958943263616731,0,0,0.2,0.7262072095541969,0.725003203322601
X5X11,7,26,0.1552558292945226,0.1332749557716259,0.16284135543795492,0.000995365906615451,0,0,0.2,0.7262072095541969,0.725003203322601
X5X11,7,27,0.1573181657327546,0.13546913814821104,0.16065708675949034,0.0009948056677282703,0,0,0.2,0.7262072095541969,0.725003203322601
X5X11,7,28,0.16327577167087132,0.13510611129981884,0.1584420855989847,0.0009942136460532297,0,0,0.2,0.7262072095541969,0.725003203322601
X5X11,7,29,0.15312255173921585,0.13111583694236867,0.15581930714546058,0.0009935898800057668,0,0,0.2,0.7262072095541969,0.725003203322601
X5X11,7,30,0.1575697453485595,0.13160732121122057,0.15415753530604498,0.000992934410061167,0,0,0.2,0.7262072095541969,0.725003203322601
X5X11,7,31,0.15086234526501763,0.12948760561735734,0.15274004378016034,0.000992247278751936,0,0,0.2,0.7262072095541969,0.725003203322601
X5X11,7,32,0.15755959931347105,0.13400694067028984,0.15147342392928387,0.000991528530665039,0,0,0.2,0.7262072095541969,0.725003203322601
X5X11,7,33,0.14831481501460075,0.1253840236497962,0.14993580344019744,0.0009907782124390096,0,0,0.2,0.7262072095541969,0.725003203322601
X5X11,7,34,0.14305658638477325,0.12190567626953125,0.1480502428477088,0.0009899963727609225,0,0,0.2,0.7262072095541969,0.725003203322601
X5X11,7,35,0.1396657240887483,0.11933083619933198,0.14627841948753312,0.0009891830623632338,0,0,0.2,0.7262072095541969,0.725003203322601
X5X11,7,36,0.1382131410969628,0.11809595451907835,0.14461280951503092,0.0009883383340204897,0,0,0.2,0.7262072095541969,0.725003203322601
X5X11,7,37,0.1405533274842633,0.11877274718353714,0.1434355130192464,0.000987462242545902,0,0,0.2,0.7262072095541969,0.725003203322601
X5X11,7,38,0.14049282918373743,0.11764214026409647,0.14219500899078355,0.0009865548447877902,0,0,0.2,0.7262072095541969,0.725003203322601
X5X11,7,39,0.1394928213622835,0.12072040113366168,0.14027693777014968,0.0009856161996258958,0,0,0.2,0.7262072095541969,0.725003203322601
X5X11,7,40,0.14247797967659104,0.1211797679071841,0.1390678460005099,0.0009846463679675573,0,0,0.2,0.7262072095541969,0.725003203322601
X5X11,7,41,0.14461734890937805,0.12108547717108242,0.1376016055425954,0.0009836454127437613,0,0,0.2,0.7262072095541969,0.725003203322601
X5X11,7,42,0.14291464164853096,0.1206780174365942,0.1367651902178608,0.000982613398905058,0,0,0.2,0.7262072095541969,0.725003203322601
X5X11,7,43,0.13279742375016212,0.11052656426913496,0.13507940994684026,0.0009815503934173463,0,0,0.2,0.7262072095541969,0.725003203322601
X5X11,7,44,0.13151918144689667,0.1116589596071105,0.13391779361184314,0.0009804564652575293,0,0,0.2,0.7262072095541969,0.725003203322601
X5X11,7,45,0.1298000986377398,0.10940855164458786,0.13306150504599804,0.0009793316854090372,0,0,0.2,0.7262072095541969,0.725003203322601
X5X11,7,46,0.12798907276656893,0.10901422083757925,0.13218753976087091,0.000978176126857223,0,0,0.2,0.7262072095541969,0.725003203322601
X5X11,7,47,0.13053260288304752,0.10993212943699049,0.13115808783621383,0.0009769898645846245,0,0,0.2,0.7262072095541969,0.725003203322601
X5X11,7,48,0.13126758113503456,0.10736874009284421,0.1300848125228806,0.0009757729755661011,0,0,0.2,0.7262072095541969,0.725003203322601
X5X11,7,49,0.12299627603756057,0.10357286695397419,0.1289847823520186,0.000974525538763837,0,0,0.2,0.7262072095541969,0.725003203322601
X5X11,7,50,0.12773162457678053,0.10719886067708333,0.12780733449906898,0.000973247635122219,0,0,0.2,0.7262072095541969,0.725003203322601
X5X11,7,51,0.12677869573235512,0.10521675901551178,0.12654614186397306,0.0009719393475625828,0,0,0.2,0.7262072095541969,0.725003203322601
X5X11,7,52,0.13329762344559035,0.11263954724298007,0.12499748024517897,0.0009706007609778335,0,0,0.2,0.7262072095541969,0.725003203322601
X5X11,7,53,0.12215821362204021,0.10316965960074162,0.12347688334722998,0.0009692319622269362,0,0,0.2,0.7262072095541969,0.725003203322601
X5X11,7,54,0.12392087197966045,0.103113085583673,0.12291366577384963,0.0009678330401292804,0,0,0.2,0.7262072095541969,0.725003203322601
X5X11,7,55,0.12507452650202644,0.10477344351505888,0.12219261740723615,0.0009664040854589161,0,0,0.2,0.7262072095541969,0.725003203322601
X5X11,7,56,0.12131245310107867,0.10294364579795064,0.12134146911126598,0.0009649451909386641,0,0,0.2,0.7262072095541969,0.725003203322601
X5X11,7,57,0.11659465067916447,0.09699008576766305,0.12077894570335508,0.0009634564512340994,0,0,0.2,0.7262072095541969,0.725003203322601
X5X11,7,58,0.11801454590426551,0.09879585226307745,0.11982920245518759,0.0009619379629474077,0,0,0.2,0.7262072095541969,0.725003203322601
X5X11,7,59,0.11739219559563531,0.0995950289076653,0.1188744561618598,0.000960389824611118,0,0,0.2,0.7262072095541969,0.725003203322601
X5X11,7,60,0.11476641645034154,0.09649946501358696,0.11821612313626305,0.0009588121366817083,0,0,0.2,0.7262072095541969,0.725003203322601
X5X11,7,61,0.1159929343395763,0.09642262971297555,0.11739998068364839,0.0009572050015330874,0,0,0.2,0.7262072095541969,0.725003203322601
X5X11,7,62,0.11209545491470231,0.09384857177734375,0.1163580939567909,0.0009555685234499522,0,0,0.2,0.7262072095541969,0.725003203322601
X5X11,7,63,0.11098210679160224,0.09334323960456295,0.11505052080703161,0.00095390280862102,0,0,0.2,0.7262072095541969,0.725003203322601
X5X11,7,64,0.1209698547091749,0.09916373025645381,0.11436268706958762,0.0009522079651321392,0,0,0.2,0.7262072095541969,0.725003203322601
X5X11,7,65,0.11637716574801339,0.09637736073369566,0.1136058173364117,0.0009504841029592749,0,0,0.2,0.7262072095541969,0.725003203322601
X5X11,7,66,0.11192598442236583,0.09453220754429914,0.11273929066758936,0.0009487313339613734,0,0,0.2,0.7262072095541969,0.725003203322601
X5X11,7,67,0.11617608120044072,0.09823096003877944,0.11197709244868112,0.0009469497718731027,0,0,0.2,0.7262072095541969,0.725003203322601
X5X11,7,68,0.11058799467153019,0.09217666687896287,0.11156396402253047,0.000945139532297474,0,0,0.2,0.7262072095541969,0.725003203322601
X5X11,7,69,0.11121790897515085,0.093059875576738,0.11087132872097076,0.0009433007326983388,0,0,0.2,0.7262072095541969,0.725003203322601
X5X11,7,70,0.10917128250002861,0.09087041661359262,0.11023305813786845,0.0009414334923927686,0,0,0.2,0.7262072095541969,0.725003203322601
X5X11,7,71,0.11059263307187292,0.09157184350939765,0.10969929970682613,0.0009395379325433103,0,0,0.2,0.7262072095541969,0.725003203322601
X5X11,7,72,0.10489907446834776,0.08744125905797101,0.10899960572915102,0.0009376141761501264,0,0,0.2,0.7262072095541969,0.725003203322601
X5X11,7,73,0.10583858730064498,0.0886400122601053,0.1085812899052466,0.0009356623480430125,0,0,0.2,0.7262072095541969,0.725003203322601
X5X11,7,74,0.10771370513571633,0.08951722049436707,0.10812369842456764,0.0009336825748732972,0,0,0.2,0.7262072095541969,0.725003203322601
X5X11,7,75,0.10802660758296649,0.08915994324615036,0.10728331203892746,0.0009316749851056243,0,0,0.2,0.7262072095541969,0.725003203322601
X5X11,7,76,0.10687746645675765,0.08962228092801744,0.10645139487410979,0.000929639709009617,0,0,0.2,0.7262072095541969,0.725003203322601
X5X11,7,77,0.10530629050400522,0.0869915431810462,0.10592523711935552,0.0009275768786514248,0,0,0.2,0.7262072095541969,0.725003203322601
X5X11,7,78,0.10791895373000039,0.08856143958050272,0.10514623890556987,0.0009254866278851529,0,0,0.2,0.7262072095541969,0.725003203322601
X5X11,7,79,0.10346920457151201,0.08680390766530797,0.10474618165581315,0.0009233690923441785,0,0,0.2,0.7262072095541969,0.725003203322601
X5X11,7,80,0.10398851335048676,0.08625616782368094,0.10427945489605898,0.0009212244094323479,0,0,0.2,0.7262072095541969,0.725003203322601
X5X11,7,81,0.10355748939845297,0.08601463738040648,0.1038984813032642,0.0009190527183150622,0,0,0.2,0.7262072095541969,0.725003203322601
X5X11,7,82,0.10129936080839899,0.08377845600515173,0.10344044192048608,0.0009168541599102458,0,0,0.2,0.7262072095541969,0.725003203322601
X5X11,7,83,0.10331082261270946,0.08552293807319973,0.10314665642128418,0.0009146288768792027,0,0,0.2,0.7262072095541969,0.725003203322601
X5X11,7,84,0.10137268569734362,0.08445322194859602,0.10288713245637833,0.0009123770136173599,0,0,0.2,0.7262072095541969,0.725003203322601
X5X11,7,85,0.10332174061073197,0.08360135161911232,0.10250691600419855,0.0009100987162448975,0,0,0.2,0.7262072095541969,0.725003203322601
X5X11,7,86,0.09890690528684193,0.08236050344273664,0.102045227177244,0.0009077941325972672,0,0,0.2,0.7262072095541969,0.725003203322601
X5X11,7,87,0.10087667157252629,0.08469814205446105,0.10146087574619782,0.000905463412215599,0,0,0.2,0.7262072095541969,0.725003203322601
X5X11,7,88,0.09981711871094173,0.08308045397772305,0.1010852106723678,0.0009031067063369985,0,0,0.2,0.7262072095541969,0.725003203322601
X5X11,7,89,0.10218679242663914,0.08288745311792346,0.10054721650741405,0.0009007241678847331,0,0,0.2,0.7262072095541969,0.725003203322601
X5X11,7,90,0.10141664702031347,0.0833575681824615,0.10034814649434001,0.0008983159514583084,0,0,0.2,0.7262072095541969,0.725003203322601
X5X11,7,91,0.10117083705133861,0.08201164196954257,0.09991717680539719,0.0008958822133234372,0,0,0.2,0.7262072095541969,0.725003203322601
X5X11,7,92,0.10097380603353183,0.08340002388332202,0.0996037063400739,0.0008934231114018996,0,0,0.2,0.7262072095541969,0.725003203322601
X5X11,7,93,0.09872957898510827,0.08289345375835032,0.09948349455322222,0.000890938805261295,0,0,0.2,0.7262072095541969,0.725003203322601
X5X11,7,94,0.10038858403762181,0.08294966970250227,0.099078196095963,0.000888429456104689,0,0,0.2,0.7262072095541969,0.725003203322601
X5X11,7,95,0.09972915963994132,0.08273737872579823,0.0987632874123476,0.0008858952267601521,0,0,0.2,0.7262072095541969,0.725003203322601
X5X11,7,96,0.09833114221692085,0.08013880473703577,0.09828285000745265,0.0008833362816701948,0,0,0.2,0.7262072095541969,0.725003203322601
X5X11,7,97,0.09460608640478717,0.07962679859106092,0.09794991972939993,0.0008807527868810971,0,0,0.2,0.7262072095541969,0.725003203322601
X5X11,7,98,0.09741732395357555,0.08096839210399683,0.09737799029856448,0.0008781449100321333,0,0,0.2,0.7262072095541969,0.725003203322601
X5X11,7,99,0.09662107626597087,0.07969226958786232,0.09690777836219658,0.000875512820344695,0,0,0.2,0.7262072095541969,0.725003203322601
X5X11,7,100,0.09928873429695766,0.0798623632458673,0.09642067903445828,0.0008728566886113102,0,0,0.2,0.7262072095541969,0.725003203322601
X5X11,7,101,0.09493814988268746,0.07840122848731884,0.09607243462017288,0.0008701766871845605,0,0,0.2,0.7262072095541969,0.725003203322601
X5X11,7,102,0.09697460962666406,0.07778933636209238,0.09549844628643422,0.000867472989965898,0,0,0.2,0.7262072095541969,0.725003203322601
X5X11,7,103,0.09877491328451368,0.08113075685362885,0.09495893484424978,0.0008647457723943605,0,0,0.2,0.7262072095541969,0.725003203322601
X5X11,7,104,0.09479955501026577,0.07836244020323822,0.09455973516026187,0.0008619952114351882,0,0,0.2,0.7262072095541969,0.725003203322601
X5X11,7,105,0.09475960334142049,0.07814296848462976,0.09397144687593614,0.00085922148556834,0,0,0.2,0.7262072095541969,0.725003203322601
X5X11,7,106,0.09323255510793792,0.07732858851336051,0.09354244569740283,0.0008564247747769124,0,0,0.2,0.7262072095541969,0.725003203322601
X5X11,7,107,0.09191536944773462,0.07506459624801858,0.09305403562922956,0.0008536052605354608,0,0,0.2,0.7262072095541969,0.725003203322601
X5X11,7,108,0.0888661535249816,0.07373123814679575,0.09275750921319717,0.000850763125798224,0,0,0.2,0.7262072095541969,0.725003203322601
X5X11,7,109,0.0899426680472162,0.07456449301899343,0.09227644960598025,0.0008478985549872517,0,0,0.2,0.7262072095541969,0.725003203322601
X5X11,7,110,0.09195770654413435,0.0760166118234828,0.09193053582397404,0.0008450117339804393,0,0,0.2,0.7262072095541969,0.725003203322601
X5X11,7,111,0.09410351432032055,0.07618721304630888,0.09152041822080574,0.0008421028500994646,0,0,0.2,0.7262072095541969,0.725003203322601
X5X11,7,112,0.08911708204282655,0.07318631255661232,0.0911292617539407,0.0008391720920976342,0,0,0.2,0.7262072095541969,0.725003203322601
X5X11,7,113,0.08964406574765842,0.07350807946246603,0.0906650325943711,0.0008362196501476349,0,0,0.2,0.7262072095541969,0.725003203322601
X5X11,7,114,0.09034638562136227,0.07419370683310689,0.09005003356468426,0.0008332457158291936,0,0,0.2,0.7262072095541969,0.725003203322601
X5X11,7,115,0.08803453006678158,0.07296825464221014,0.08960218304797771,0.0008302504821166468,0,0,0.2,0.7262072095541969,0.725003203322601
X5X11,7,116,0.09072013489074177,0.07412183908656024,0.08925478190932641,0.0008272341433664174,0,0,0.2,0.7262072095541969,0.725003203322601
X5X11,7,117,0.08807453078528245,0.07361050238125566,0.08892623775653423,0.0008241968953044044,0,0,0.2,0.7262072095541969,0.725003203322601
X5X11,7,118,0.08837903166810672,0.07251933859120245,0.08855885692019626,0.0008211389350132822,0,0,0.2,0.7262072095541969,0.725003203322601
X5X11,7,119,0.08731507220202023,0.07248403904127038,0.08831950666373053,0.0008180604609197117,0,0,0.2,0.7262072095541969,0.725003203322601
X5X11,7,120,0.08935688684384029,0.07294088134765625,0.08800741496973884,0.0008149616727814653,0,0,0.2,0.7262072095541969,0.725003203322601
X5X11,7,121,0.09067626463042365,0.0740242653667063,0.08765358869084922,0.0008118427716744646,0,0,0.2,0.7262072095541969,0.725003203322601
X5X11,7,122,0.08672386407852173,0.07193317933013474,0.08741885318208939,0.0008087039599797323,0,0,0.2,0.7262072095541969,0.725003203322601
X5X11,7,123,0.08722579727570216,0.07077002678470336,0.08748343156246596,0.0008055454413702621,0,0,0.2,0.7262072095541969,0.725003203322601
X5X11,7,124,0.08585993366109,0.07084046913920969,0.08745348838862604,0.0008023674207977996,0,0,0.2,0.7262072095541969,0.725003203322601
X5X11,7,125,0.08539469415942828,0.0709867090197577,0.08722394859546391,0.0007991701044795457,0,0,0.2,0.7262072095541969,0.725003203322601
X5X11,7,126,0.08746417942974302,0.07169335849043251,0.08695385235524367,0.0007959536998847742,0,0,0.2,0.7262072095541969,0.725003203322601
X5X11,7,127,0.08633312789930238,0.07020570174507473,0.08657009058962108,0.0007927184157213702,0,0,0.2,0.7262072095541969,0.725003203322601
X5X11,7,128,0.08420037188463741,0.06947595011393229,0.08632657978506315,0.0007894644619222865,0,0,0.2,0.7262072095541969,0.725003203322601
X5X11,7,129,0.08383979813920127,0.06978612325917119,0.08593429806371214,0.0007861920496319221,0,0,0.2,0.7262072095541969,0.725003203322601
X5X11,7,130,0.08338874247339037,0.06841922112064085,0.08557731662162398,0.0007829013911924211,0,0,0.2,0.7262072095541969,0.725003203322601
X5X11,7,131,0.08452735468745232,0.06767401176120924,0.0851585960813931,0.0007795927001298937,0,0,0.2,0.7262072095541969,0.725003203322601
X5X11,7,132,0.0891740686363644,0.07371895097373188,0.08469117237698465,0.0007762661911405618,0,0,0.2,0.7262072095541969,0.725003203322601
X5X11,7,133,0.0904732280307346,0.07371350292261096,0.0844200139559766,0.000772922080076826,0,0,0.2,0.7262072095541969,0.725003203322601
X5X11,7,134,0.08901525909701984,0.07248896112856658,0.08410827506077352,0.0007695605839332615,0,0,0.2,0.7262072095541969,0.725003203322601
X5X11,7,135,0.08552604996495777,0.06995853634157043,0.08394997750246336,0.0007661819208325358,0,0,0.2,0.7262072095541969,0.725003203322601
X5X11,7,136,0.0823625090221564,0.06829313301418138,0.08373163283738509,0.0007627863100112554,0,0,0.2,0.7262072095541969,0.725003203322601
X5X11,7,137,0.08266113781266743,0.06756286249575408,0.08343365376509687,0.0007593739718057405,0,0,0.2,0.7262072095541969,0.725003203322601
X5X11,7,138,0.082960803889566,0.06713870548856431,0.08311439057191213,0.0007559451276377273,0,0,0.2,0.7262072095541969,0.725003203322601
X5X11,7,139,0.08014111551973555,0.06605073038736979,0.08285185186162829,0.0007525,0,0,0.2,0.7262072095541969,0.725003203322601
X5X11,7,140,0.0798184619181686,0.06577938595094543,0.08262719915657447,0.0007490388124419541,0,0,0.2,0.7262072095541969,0.725003203322601
X5X11,7,141,0.08056375549899207,0.06613764453832655,0.08240071828008959,0.00074556178955509,0,0,0.2,0.7262072095541969,0.725003203322601
X5X11,7,142,0.0808603668378459,0.0668409304411515,0.0821165332087764,0.0007420691569584402,0,0,0.2,0.7262072095541969,0.725003203322601
X5X11,7,143,0.08102953723735279,0.06601002374179121,0.08162396515487993,0.0007385611412839287,0,0,0.2,0.7262072095541969,0.725003203322601
X5X11,7,144,0.08067928047643767,0.06609452771173008,0.08098232300666275,0.0007350379701616654,0,0,0.2,0.7262072095541969,0.725003203322601
X5X11,7,145,0.08253568493657643,0.06741008999589561,0.08038337751434593,0.0007314998722051757,0,0,0.2,0.7262072095541969,0.725003203322601
X5X11,7,146,0.08080945619278485,0.06658384310957315,0.07995516703360611,0.0007279470769965654,0,0,0.2,0.7262072095541969,0.725003203322601
X5X11,7,147,0.08120661891169018,0.06598204213018002,0.07974122821417436,0.0007243798150716245,0,0,0.2,0.7262072095541969,0.725003203322601
X5X11,7,148,0.0796286008424229,0.06556548081550045,0.07948190819412944,0.000720798317904867,0,0,0.2,0.7262072095541969,0.725003203322601
X5X11,7,149,0.07868705896867646,0.06434284924493319,0.07921719500824573,0.0007172028178945118,0,0,0.2,0.7262072095541969,0.725003203322601
X5X11,7,150,0.0791220913330714,0.06379942281971807,0.07901309315292608,0.000713593548347402,0,0,0.2,0.7262072095541969,0.725003203322601
X5X11,7,151,0.07863264406720798,0.06418397738691689,0.07881330007874461,0.000709970743463866,0,0,0.2,0.7262072095541969,0.725003203322601
X5X11,7,152,0.07855946818987529,0.06332233957484149,0.07866728511791696,0.0007063346383225212,0,0,0.2,0.7262072095541969,0.725003203322601
X5X11,7,153,0.07883013950453864,0.06369486986243207,0.07844638043925875,0.0007026854688650193,0,0,0.2,0.7262072095541969,0.725003203322601
X5X11,7,154,0.07699874291817348,0.06356707931739697,0.07819397830300862,0.0006990234718807372,0,0,0.2,0.7262072095541969,0.725003203322601
X5X11,7,155,0.0764374037583669,0.06284401572407156,0.07793041713851154,0.0006953488849914112,0,0,0.2,0.7262072095541969,0.725003203322601
X5X11,7,156,0.07653362986942132,0.06249811392521513,0.07753764432928864,0.0006916619466357186,0,0,0.2,0.7262072095541969,0.725003203322601
X5X11,7,157,0.07786979381408957,0.06276168637483016,0.07720701893170674,0.000687962896053806,0,0,0.2,0.7262072095541969,0.725003203322601
X5X11,7,158,0.07721541739172405,0.0628845848194067,0.07695232291346189,0.0006842519732717643,0,0,0.2,0.7262072095541969,0.725003203322601
X5X11,7,159,0.07740182698600823,0.06258548760897871,0.07669095534377944,0.0006805294190860552,0,0,0.2,0.7262072095541969,0.725003203322601
X5X11,7,160,0.07585497655802304,0.06244420864823936,0.07648599565659882,0.0006767954750478849,0,0,0.2,0.7262072095541969,0.725003203322601
X5X11,7,161,0.0756228073603577,0.0610034082385077,0.07621416113482266,0.0006730503834475314,0,0,0.2,0.7262072095541969,0.725003203322601
X5X11,7,162,0.0774974413216114,0.06258130696614583,0.07601870398318011,0.0006692943872986217,0,0,0.2,0.7262072095541969,0.725003203322601
X5X11,7,163,0.07622136858602364,0.06139347321883492,0.07594770900708027,0.000665527730322363,0,0,0.2,0.7262072095541969,0.725003203322601
X5X11,7,164,0.07572909237609969,0.06117842557603034,0.07565153071844073,0.000661750656931729,0,0,0.2,0.7262072095541969,0.725003203322601
X5X11,7,165,0.07514449602199925,0.061483178445567256,0.07546258999635934,0.000657963412215599,0,0,0.2,0.7262072095541969,0.725003203322601
X5X11,7,166,0.07428745594289568,0.0608294872339221,0.07531298832011918,0.0006541662419228555,0,0,0.2,0.7262072095541969,0.725003203322601
X5X11,7,167,0.07386632284356488,0.06041413061169611,0.07518668125861536,0.0006503593924464373,0,0,0.2,0.7262072095541969,0.725003203322601
X5X11,7,168,0.07585800252854824,0.060119563359799594,0.07497350936607709,0.0006465431108073511,0,0,0.2,0.7262072095541969,0.725003203322601
X5X11,7,169,0.07413988187909126,0.0601384668322577,0.07472499285543721,0.0006427176446386441,0,0,0.2,0.7262072095541969,0.725003203322601
X5X11,7,170,0.07438290553788345,0.0603476634149966,0.07444177387607476,0.0006388832421693336,0,0,0.2,0.7262072095541969,0.725003203322601
X5X11,7,171,0.07341356637577216,0.05949231876981431,0.07426639400895627,0.0006350401522083006,0,0,0.2,0.7262072095541969,0.725003203322601
X5X11,7,172,0.07452804388271438,0.0603135424627774,0.07410290885578703,0.0006311886241281456,0,0,0.2,0.7262072095541969,0.725003203322601
X5X11,7,173,0.07706857369177872,0.061147916312839674,0.07384754524186805,0.0006273289078490065,0,0,0.2,0.7262072095541969,0.725003203322601
X5X11,7,174,0.07261039544310835,0.059320394853232566,0.07364583953663155,0.0006234612538223411,0,0,0.2,0.7262072095541969,0.725003203322601
X5X11,7,175,0.07303098775446415,0.05850364795629529,0.07347682398305368,0.0006195859130146769,0,0,0.2,0.7262072095541969,0.725003203322601
X5X11,7,176,0.07329576855732335,0.058737747678894926,0.07330490332392474,0.0006157031368913251,0,0,0.2,0.7262072095541969,0.725003203322601
X5X11,7,177,0.07388118157784145,0.05925958057348279,0.073179034466939,0.0006118131774000642,0,0,0.2,0.7262072095541969,0.725003203322601
X5X11,7,178,0.07339318407078584,0.05937089445694633,0.07298603530716959,0.0006079162869547908,0,0,0.2,0.7262072095541969,0.725003203322601
X5X11,7,179,0.07199657066828674,0.05848548637058424,0.07267971768502204,0.000604012718419142,0,0,0.2,0.7262072095541969,0.725003203322601
X5X11,7,180,0.07145422841939661,0.05760244273310122,0.07246445417995491,0.0006001027250900857,0,0,0.2,0.7262072095541969,0.725003203322601
X5X11,7,181,0.07217199934853448,0.05737349154707314,0.07223287960957914,0.0005961865606814857,0,0,0.2,0.7262072095541969,0.725003203322601
X5X11,7,182,0.07218961914380391,0.05823369910198709,0.07207832658890063,0.0005922644793076387,0,0,0.2,0.7262072095541969,0.725003203322601
X5X11,7,183,0.07213480542931291,0.05847476735875227,0.07187017722538223,0.000588336735466784,0,0,0.2,0.7262072095541969,0.725003203322601
X5X11,7,184,0.07198554877605703,0.057712920700294386,0.07147364146889201,0.0005844035840245913,0,0,0.2,0.7262072095541969,0.725003203322601
X5X11,7,185,0.07217976575096448,0.058476399031929346,0.07131660208303146,0.000580465280197621,0,0,0.2,0.7262072095541969,0.725003203322601
X5X11,7,186,0.07153416218029128,0.057868994317538495,0.07113977387626334,0.0005765220795367645,0,0,0.2,0.7262072095541969,0.725003203322601
X5X11,7,187,0.07164420994619529,0.05747834348816803,0.07093607954602077,0.0005725742379106623,0,0,0.2,0.7262072095541969,0.725003203322601
X5X11,7,188,0.06981334048840734,0.0568096485082654,0.07072582228907517,0.0005686220114890993,0,0,0.2,0.7262072095541969,0.725003203322601
X5X11,7,189,0.0694253324634499,0.056800654889535215,0.07056846977186897,0.0005646656567263849,0,0,0.2,0.7262072095541969,0.725003203322601
X5X11,7,190,0.06961934827268124,0.05677118539119112,0.07045558864674556,0.0005607054303447097,0,0,0.2,0.7262072095541969,0.725003203322601
X5X11,7,191,0.06951983955999215,0.05648218994140625,0.07036356482083204,0.0005567415893174885,0,0,0.2,0.7262072095541969,0.725003203322601
X5X11,7,192,0.07016795294152366,0.0565338474439538,0.07026474239925544,0.000552774390852685,0,0,0.2,0.7262072095541969,0.725003203322601
X5X11,7,193,0.07015690724882814,0.056383063628708104,0.07008258960944004,0.0005488040923761223,0,0,0.2,0.7262072095541969,0.725003203322601
X5X11,7,194,0.06874132280548413,0.05552965539020041,0.06993133650609741,0.0005448309515147795,0,0,0.2,0.7262072095541969,0.725003203322601
X5X11,7,195,0.0693125683400366,0.05616748931442482,0.06983056692061601,0.0005408552260800724,0,0,0.2,0.7262072095541969,0.725003203322601
X5X11,7,196,0.0693175954123338,0.05642937905131907,0.06960350953081929,0.0005368771740511277,0,0,0.2,0.7262072095541969,0.725003203322601
X5X11,7,197,0.06901818762222926,0.05579240205184273,0.06940045648269237,0.0005328970535580405,0,0,0.2,0.7262072095541969,0.725003203322601
X5X11,7,198,0.06946577918198374,0.055992332745980526,0.06926131629872889,0.000528915122865126,0,0,0.2,0.7262072095541969,0.725003203322601
X5X11,7,199,0.0700887812094556,0.055782143324699954,0.06926174578133715,0.0005249316403541605,0,0,0.2,0.7262072095541969,0.725003203322601
X5X11,7,200,0.06962606704069509,0.055679451851222826,0.06911530574320486,0.0005209468645076158,0,0,0.2,0.7262072095541969,0.725003203322601
X5X11,7,201,0.0695217280752129,0.056489159006312274,0.06905348092396422,0.0005169610538918856,0,0,0.2,0.7262072095541969,0.725003203322601
X5X11,7,202,0.07009672849542564,0.05544977372763813,0.06896716203520852,0.0005129744671405092,0,0,0.2,0.7262072095541969,0.725003203322601
X5X11,7,203,0.06836441055768067,0.05505450271385304,0.06886286661028862,0.0005089873629373881,0,0,0.2,0.7262072095541969,0.725003203322601
X5X11,7,204,0.06895849025911754,0.054882410021795745,0.06869183389085626,0.000505,0,0,0.2,0.7262072095541969,0.725003203322601
X5X11,7,205,0.0698693874809477,0.054731384011973506,0.06856659543577326,0.0005010126370626121,0,0,0.2,0.7262072095541969,0.725003203322601
X5X11,7,206,0.06741156056523323,0.05424111372353374,0.06842004994630183,0.0004970255328594908,0,0,0.2,0.7262072095541969,0.725003203322601
X5X11,7,207,0.06727004816962613,0.05414389338838881,0.06822120786580459,0.0004930389461081146,0,0,0.2,0.7262072095541969,0.725003203322601
X5X11,7,208,0.06872226608296235,0.05433247353374094,0.06803745995201761,0.0004890531354923845,0,0,0.2,0.7262072095541969,0.725003203322601
X5X11,7,209,0.0698223596231805,0.056052531543676405,0.06787035378711248,0.00048506835964583965,0,0,0.2,0.7262072095541969,0.725003203322601
X5X11,7,210,0.06635009166267183,0.05398538031094316,0.06759564355804175,0.00048108487713487407,0,0,0.2,0.7262072095541969,0.725003203322601
X5X11,7,211,0.0683210270686282,0.05338073128962862,0.06737714076523112,0.00047710294644195945,0,0,0.2,0.7262072095541969,0.725003203322601
X5X11,7,212,0.0677071428961224,0.053482573489866396,0.0672224090981578,0.00047312282594887237,0,0,0.2,0.7262072095541969,0.725003203322601
X5X11,7,213,0.06797774901820554,0.054706087151126584,0.06705677917315847,0.0004691447739199277,0,0,0.2,0.7262072095541969,0.725003203322601
X5X11,7,214,0.06656522014074856,0.05349157281405684,0.06689938375598224,0.0004651690484852207,0,0,0.2,0.7262072095541969,0.725003203322601
X5X11,7,215,0.06611131524874105,0.05311686923262002,0.06665864533611707,0.00046119590762387766,0,0,0.2,0.7262072095541969,0.725003203322601
X5X11,7,216,0.06623511306113666,0.05316016491876132,0.06641345601233226,0.000457225609147315,0,0,0.2,0.7262072095541969,0.725003203322601
X5X11,7,217,0.06514191172189182,0.05287161108929178,0.06626430646610008,0.00045325841068251166,0,0,0.2,0.7262072095541969,0.725003203322601
X5X11,7,218,0.06515948143270281,0.05213050298276155,0.06612724577268911,0.0004492945696552903,0,0,0.2,0.7262072095541969,0.725003203322601
X5X11,7,219,0.06595654971897602,0.052572812906901044,0.06584775136419074,0.0004453343432736152,0,0,0.2,0.7262072095541969,0.725003203322601
X5X11,7,220,0.06431986639897029,0.05200258603303329,0.06559469134955809,0.00044137798851090075,0,0,0.2,0.7262072095541969,0.725003203322601
X5X11,7,221,0.06503750839167172,0.05270225467405457,0.06549087811320546,0.000437425762089338,0,0,0.2,0.7262072095541969,0.725003203322601
X5X11,7,222,0.06627236306667328,0.05293031448143116,0.06524861086573866,0.0004334779204632356,0,0,0.2,0.7262072095541969,0.725003203322601
X5X11,7,223,0.06661850007043944,0.05346442941859149,0.06508078254641049,0.000429534719802379,0,0,0.2,0.7262072095541969,0.725003203322601
X5X11,7,224,0.0650591067969799,0.05217304616734601,0.06491137965133896,0.00042559641597540867,0,0,0.2,0.7262072095541969,0.725003203322601
X5X11,7,225,0.06390298344194889,0.05140946894106658,0.06479637796877238,0.0004216632645332159,0,0,0.2,0.7262072095541969,0.725003203322601
X5X11,7,226,0.06472041168146664,0.051114375813802085,0.06469332176462682,0.0004177355206923614,0,0,0.2,0.7262072095541969,0.725003203322601
X5X11,7,227,0.0642794200943576,0.051462382440981655,0.06456123663004114,0.0004138134393185143,0,0,0.2,0.7262072095541969,0.725003203322601
X5X11,7,228,0.06439177360799578,0.05170181814000226,0.06453115496015738,0.00040989727490991433,0,0,0.2,0.7262072095541969,0.725003203322601
X5X11,7,229,0.06285288350449668,0.05110177767103997,0.064398557982511,0.0004059872815808581,0,0,0.2,0.7262072095541969,0.725003203322601
X5X11,7,230,0.06450809931589498,0.051755232216655345,0.06424856894506664,0.0004020837130452092,0,0,0.2,0.7262072095541969,0.725003203322601
X5X11,7,231,0.06417001369926664,0.051620395649343294,0.0641880208163192,0.00039818682259993606,0,0,0.2,0.7262072095541969,0.725003203322601
X5X11,7,232,0.06323341487182511,0.051014117077813635,0.06412441243057844,0.00039429686310867517,0,0,0.2,0.7262072095541969,0.725003203322601
X5X11,7,233,0.06418274819023079,0.05090169783882473,0.0639335007047054,0.0003904140869853233,0,0,0.2,0.7262072095541969,0.725003203322601
X5X11,7,234,0.06442028822170363,0.0509242967688519,0.06370940951324959,0.00038653874617765907,0,0,0.2,0.7262072095541969,0.725003203322601
X5X11,7,235,0.06415018480685022,0.05123023655103601,0.06362945685981128,0.00038267109215099355,0,0,0.2,0.7262072095541969,0.725003203322601
X5X11,7,236,0.06394713496168454,0.05137312768023947,0.06351447833711824,0.00037881137587185426,0,0,0.2,0.7262072095541969,0.725003203322601
X5X11,7,237,0.063461325234837,0.05091581257253453,0.06337774199034486,0.0003749598477916995,0,0,0.2,0.7262072095541969,0.725003203322601
X5X11,7,238,0.06451019665433301,0.051063215968919835,0.06323207220033049,0.0003711167578306666,0,0,0.2,0.7262072095541969,0.725003203322601
X5X11,7,239,0.062374944902128644,0.05051542588385983,0.06317872251507152,0.000367282355361356,0,0,0.2,0.7262072095541969,0.725003203322601
X5X11,7,240,0.06280677993264464,0.04996632221608922,0.06308676776471277,0.0003634568891926489,0,0,0.2,0.7262072095541969,0.725003203322601
X5X11,7,241,0.06304835569527414,0.04995884514407835,0.06299097802509708,0.00035964060755356284,0,0,0.2,0.7262072095541969,0.725003203322601
X5X11,7,242,0.06370173229111566,0.050262284077077675,0.06287250521952513,0.00035583375807714463,0,0,0.2,0.7262072095541969,0.725003203322601
X5X11,7,243,0.06226321682333946,0.050218257472826086,0.06276752392726916,0.0003520365877844011,0,0,0.2,0.7262072095541969,0.725003203322601
X5X11,7,244,0.06191258504986763,0.049780922798488454,0.06260859508008237,0.00034824934306827124,0,0,0.2,0.7262072095541969,0.725003203322601
X5X11,7,245,0.06338010107477506,0.050198036437103716,0.062485235925547035,0.0003444722696776371,0,0,0.2,0.7262072095541969,0.725003203322601
X5X11,7,246,0.06148843446539508,0.04947139914692312,0.062330330746672144,0.0003407056127013786,0,0,0.2,0.7262072095541969,0.725003203322601
X5X11,7,247,0.06184894839922587,0.049242084536345106,0.06226174281072364,0.0003369496165524686,0,0,0.2,0.7262072095541969,0.725003203322601
X5X11,7,248,0.06122035450405545,0.04912620093304178,0.06216971438240123,0.00033320452495211507,0,0,0.2,0.7262072095541969,0.725003203322601
X5X11,7,249,0.06327143021755749,0.04976165187669837,0.06208294207259776,0.0003294705809139449,0,0,0.2,0.7262072095541969,0.725003203322601
X5X11,7,250,0.060921833746963076,0.048995092021555144,0.06200598605055972,0.0003257480267282358,0,0,0.2,0.7262072095541969,0.725003203322601
X5X11,7,251,0.062496514783965215,0.04915981286090353,0.06187797014517759,0.0003220371039461941,0,0,0.2,0.7262072095541969,0.725003203322601
X5X11,7,252,0.06168208478225602,0.048913388990319294,0.06172812806944998,0.0003183380533642814,0,0,0.2,0.7262072095541969,0.725003203322601
X5X11,7,253,0.06102880773444971,0.048610400213711505,0.06157659409104516,0.0003146511150085889,0,0,0.2,0.7262072095541969,0.725003203322601
X5X11,7,254,0.060845242399308413,0.04876821894991225,0.061506527776598305,0.0003109765281192629,0,0,0.2,0.7262072095541969,0.725003203322601
X5X11,7,255,0.061829745976461306,0.04924453018851902,0.06140462807798513,0.0003073145311349808,0,0,0.2,0.7262072095541969,0.725003203322601
X5X11,7,256,0.06089717605047756,0.04900096435546875,0.061261979971455514,0.000303665361677479,0,0,0.2,0.7262072095541969,0.725003203322601
X5X11,7,257,0.06250678830676609,0.04953273165053215,0.06123531484611767,0.0003000292565361342,0,0,0.2,0.7262072095541969,0.725003203322601
X5X11,7,258,0.061528728240066104,0.04897757497593976,0.06117908986748526,0.0002964064516525982,0,0,0.2,0.7262072095541969,0.725003203322601
X5X11,7,259,0.06268797814846039,0.04921535892210145,0.061095288456984295,0.0002927971821054881,0,0,0.2,0.7262072095541969,0.725003203322601
X5X11,7,260,0.06075886843933,0.047888425522956295,0.06090678211557802,0.000289201682095133,0,0,0.2,0.7262072095541969,0.725003203322601
X5X11,7,261,0.060118445919619665,0.04806631182242131,0.060951290642300614,0.0002856201849283756,0,0,0.2,0.7262072095541969,0.725003203322601
X5X11,7,262,0.059901672104994454,0.04775992086659307,0.060808780056143555,0.00028205292300343456,0,0,0.2,0.7262072095541969,0.725003203322601
X5X11,7,263,0.06051951874461439,0.048168767160609145,0.060727928080177185,0.00027850012779482436,0,0,0.2,0.7262072095541969,0.725003203322601
X5X11,7,264,0.06079182421995534,0.04815723116225091,0.06067593770210075,0.00027496202983833456,0,0,0.2,0.7262072095541969,0.725003203322601
X5X11,7,265,0.05977269137899081,0.047454798247848734,0.060568436960536966,0.00027143885871607143,0,0,0.2,0.7262072095541969,0.725003203322601
X5X11,7,266,0.06038449083765348,0.04752484077785326,0.060458372036616005,0.00026793084304155995,0,0,0.2,0.7262072095541969,0.725003203322601
X5X11,7,267,0.06092846683330006,0.04807965087890625,0.06033873079078538,0.00026443821044491,0,0,0.2,0.7262072095541969,0.725003203322601
X5X11,7,268,0.060668223847945534,0.04859841450124547,0.06014140373066305,0.000260961187558046,0,0,0.2,0.7262072095541969,0.725003203322601
X5X11,7,269,0.059460524883535176,0.047662171427408855,0.06008210455969212,0.00025750000000000013,0,0,0.2,0.7262072095541969,0.725003203322601
X5X11,7,270,0.05931279704802566,0.047641684711843296,0.059878689537524545,0.0002540548723622729,0,0,0.2,0.7262072095541969,0.725003203322601
X5X11,7,271,0.06185651280813747,0.04773336004727129,0.059749432391038644,0.0002506260281942595,0,0,0.2,0.7262072095541969,0.725003203322601
X5X11,7,272,0.05950379247466723,0.047721003435660096,0.059658153849855934,0.0002472136899887446,0,0,0.2,0.7262072095541969,0.725003203322601
X5X11,7,273,0.05998419328696198,0.047460936084692026,0.05962580240395649,0.00024381807916746423,0,0,0.2,0.7262072095541969,0.725003203322601
X5X11,7,274,0.05993700979484452,0.047311272574162136,0.05951230211193285,0.00024043941606673844,0,0,0.2,0.7262072095541969,0.725003203322601
X5X11,7,275,0.0585877268264691,0.047007874154353486,0.059402340776705864,0.00023707791992317402,0,0,0.2,0.7262072095541969,0.725003203322601
X5X11,7,276,0.059518382574121155,0.047300906858582424,0.05929712603292453,0.00023373380885943846,0,0,0.2,0.7262072095541969,0.725003203322601
X5X11,7,277,0.058384709888034396,0.04691867587324502,0.05920485109485015,0.00023040729987010622,0,0,0.2,0.7262072095541969,0.725003203322601
X5X11,7,278,0.05836292004419698,0.046863179215140965,0.059033763185931884,0.00022709860880757896,0,0,0.2,0.7262072095541969,0.725003203322601
X5X11,7,279,0.06028344564967685,0.04703991345391757,0.058908928136425044,0.00022380795036807793,0,0,0.2,0.7262072095541969,0.725003203322601
X5X11,7,280,0.05841626268294123,0.04659768207937047,0.058860941351485,0.00022053553807771365,0,0,0.2,0.7262072095541969,0.725003203322601
X5X11,7,281,0.05804446836312612,0.04666045169553895,0.05880512726843042,0.00021728158427863003,0,0,0.2,0.7262072095541969,0.725003203322601
X5X11,7,282,0.05820159655478266,0.047148948426177534,0.05869146607934482,0.00021404630011522585,0,0,0.2,0.7262072095541969,0.725003203322601
X5X11,7,283,0.05922229174110624,0.047023263151749324,0.05859722126097906,0.00021082989552045445,0,0,0.2,0.7262072095541969,0.725003203322601
X5X11,7,284,0.05813601261211766,0.04660127930572067,0.058529127339916255,0.00020763257920220036,0,0,0.2,0.7262072095541969,0.725003203322601
X5X11,7,285,0.058482636180188924,0.04698894927536232,0.058388797418465685,0.00020445455862973797,0,0,0.2,0.7262072095541969,0.725003203322601
X5X11,7,286,0.057563181759582624,0.04627247411755548,0.058371258801016866,0.00020129604002026765,0,0,0.2,0.7262072095541969,0.725003203322601
X5X11,7,287,0.05844671713809172,0.046853203770734264,0.05828308989170683,0.00019815722832553553,0,0,0.2,0.7262072095541969,0.725003203322601
X5X11,7,288,0.0573356207460165,0.04616976274131001,0.05822333730954342,0.0001950383272185347,0,0,0.2,0.7262072095541969,0.725003203322601
X5X11,7,289,0.05804668780830172,0.046263174438476565,0.05823918713857888,0.0001919395390802883,0,0,0.2,0.7262072095541969,0.725003203322601
X5X11,7,290,0.05845280239979426,0.0459771289770154,0.058172028827131114,0.00018886106498671785,0,0,0.2,0.7262072095541969,0.725003203322601
X5X11,7,291,0.05814070130387942,0.04620898428654325,0.05818926753900039,0.00018580310469559565,0,0,0.2,0.7262072095541969,0.725003203322601
X5X11,7,292,0.059469627837340035,0.045911654884227805,0.05815504746580565,0.00018276585663358263,0,0,0.2,0.7262072095541969,0.725003203322601
X5X11,7,293,0.057524651288986206,0.045849653072633605,0.05807979480811842,0.00017974951788335335,0,0,0.2,0.7262072095541969,0.725003203322601
X5X11,7,294,0.05855422094464302,0.04648619968580163,0.058013530694460747,0.00017675428417080648,0,0,0.2,0.7262072095541969,0.725003203322601
X5X11,7,295,0.05699008144438267,0.04591590248881907,0.057942790161601455,0.00017378034985236535,0,0,0.2,0.7262072095541969,0.725003203322601
X5X11,7,296,0.05821941586004363,0.045940237028702445,0.057877112120862995,0.00017082790790236586,0,0,0.2,0.7262072095541969,0.725003203322601
X5X11,7,297,0.05766683547861046,0.04542407828068388,0.05785498173818702,0.00016789714990053534,0,0,0.2,0.7262072095541969,0.725003203322601
X5X11,7,298,0.05712990566260285,0.04560104582413383,0.05779734876736131,0.0001649882660195607,0,0,0.2,0.7262072095541969,0.725003203322601
X5X11,7,299,0.058695766453941665,0.04577614286118659,0.05773913788377608,0.00016210144501274828,0,0,0.2,0.7262072095541969,0.725003203322601
X5X11,7,300,0.0588731211092737,0.045888112474524456,0.05774843014737286,0.00015923687420177625,0,0,0.2,0.7262072095541969,0.725003203322601
X5X11,7,301,0.058778275632196,0.0454622999108356,0.05770764009110511,0.00015639473946453935,0,0,0.2,0.7262072095541969,0.725003203322601
X5X11,7,302,0.05732584682603677,0.04542665272588315,0.057675377352449,0.00015357522522308766,0,0,0.2,0.7262072095541969,0.725003203322601
X5X11,7,303,0.05662129074335098,0.0453441686215608,0.0575063028643844,0.0001507785144316601,0,0,0.2,0.7262072095541969,0.725003203322601
X5X11,7,304,0.05783074535429478,0.04576280756411345,0.05747362661850516,0.00014800478856481184,0,0,0.2,0.7262072095541969,0.725003203322601
X5X11,7,305,0.056650461422072515,0.04523715860118037,0.05735215476699292,0.0001452542276056396,0,0,0.2,0.7262072095541969,0.725003203322601
X5X11,7,306,0.05710339732468128,0.04527311697697294,0.05733192590848794,0.00014252701003410225,0,0,0.2,0.7262072095541969,0.725003203322601
X5X11,7,307,0.05709844372338719,0.045209206091839337,0.05725935582446043,0.0001398233128154396,0,0,0.2,0.7262072095541969,0.725003203322601
X5X11,7,308,0.05723642475075192,0.04519337122820426,0.05719480394489235,0.0001371433113886898,0,0,0.2,0.7262072095541969,0.725003203322601
X5X11,7,309,0.0561131921907266,0.045196146514450294,0.05715479977704861,0.0001344871796553049,0,0,0.2,0.7262072095541969,0.725003203322601
X5X11,7,310,0.05824182534383403,0.04480826097571332,0.05705416704178171,0.0001318550899678667,0,0,0.2,0.7262072095541969,0.725003203322601
X5X11,7,311,0.05759621121817165,0.04487779576398324,0.05694229437639474,0.00012924721311890296,0,0,0.2,0.7262072095541969,0.725003203322601
X5X11,7,312,0.05746318379210101,0.04486929595504982,0.056813225820266385,0.00012666371832980504,0,0,0.2,0.7262072095541969,0.725003203322601
X5X11,7,313,0.05591906358798345,0.04500371345851732,0.05681332542743317,0.00012410477323984785,0,0,0.2,0.7262072095541969,0.725003203322601
X5X11,7,314,0.056838450125522084,0.04514162283634794,0.056774775886898325,0.00012157054389531104,0,0,0.2,0.7262072095541969,0.725003203322601
X5X11,7,315,0.05600331206288603,0.045156407806838765,0.056784044566845146,0.00011906119473870497,0,0,0.2,0.7262072095541969,0.725003203322601
X5X11,7,316,0.05656527541577816,0.044978665293817936,0.05673395116966237,0.0001165768885981005,0,0,0.2,0.7262072095541969,0.725003203322601
X5X11,7,317,0.05669544409546587,0.04506059406667516,0.056666695005285046,0.00011411778667656276,0,0,0.2,0.7262072095541969,0.725003203322601
X5X11,7,318,0.05631124600768089,0.04500191800767097,0.05657684658136632,0.0001116840485416917,0,0,0.2,0.7262072095541969,0.725003203322601
X5X11,7,319,0.05628981813788414,0.04458978351095448,0.05649232507619278,0.00010927583211526703,0,0,0.2,0.7262072095541969,0.725003203322601
X5X11,7,320,0.05658247901333703,0.04521630859375,0.056516205931387876,0.00010689329366300145,0,0,0.2,0.7262072095541969,0.725003203322601
X5X11,7,321,0.056523795136147074,0.04448988842065783,0.05645246805731582,0.00010453658778440107,0,0,0.2,0.7262072095541969,0.725003203322601
X5X11,7,322,0.05606783595350054,0.044803284399060235,0.05644512401213722,0.00010220586740273277,0,0,0.2,0.7262072095541969,0.725003203322601
X5X11,7,323,0.05732793857653936,0.04467447209012681,0.05637809649977104,9.99012837551024e-05,0,0,0.2,0.7262072095541969,0.725003203322601
X5X11,7,324,0.05581175039211909,0.044720083087423576,0.056413382646583375,9.76229863826401e-05,0,0,0.2,0.7262072095541969,0.725003203322601
X5X11,7,325,0.058025387633177966,0.04542796188575634,0.056353833388399194,9.537112312079738e-05,0,0,0.2,0.7262072095541969,0.725003203322601
X5X11,7,326,0.05559850008123451,0.04479121677564538,0.05640489755878372,9.314584008975433e-05,0,0,0.2,0.7262072095541969,0.725003203322601
X5X11,7,327,0.05569101787275738,0.04452561588010926,0.05641193918529011,9.094728168493777e-05,0,0,0.2,0.7262072095541969,0.725003203322601
X5X11,7,328,0.05521162682109409,0.04448488928753397,0.05633494848257335,8.877559056765208e-05,0,0,0.2,0.7262072095541969,0.725003203322601
X5X11,7,329,0.05546147314210733,0.04459389559980752,0.056291019445452735,8.663090765582167e-05,0,0,0.2,0.7262072095541969,0.725003203322601
X5X11,7,330,0.05661469014982382,0.04452661752009737,0.05622059891305903,8.451337211484718e-05,0,0,0.2,0.7262072095541969,0.725003203322601
X5X11,7,331,0.05690332998832067,0.04426539147418478,0.05622668404664312,8.242312134857536e-05,0,0,0.2,0.7262072095541969,0.725003203322601
X5X11,7,332,0.05744198626942105,0.04434970234304235,0.056179150012592785,8.036029099038284e-05,0,0,0.2,0.7262072095541969,0.725003203322601
X5X11,7,333,0.056055606032411255,0.04412998515695765,0.056117406676685994,7.83250148943756e-05,0,0,0.2,0.7262072095541969,0.725003203322601
X5X11,7,334,0.05666007267104255,0.044376829816293026,0.05604299299773716,7.631742512670284e-05,0,0,0.2,0.7262072095541969,0.725003203322601
X5X11,7,335,0.05558791570365429,0.04390288952813632,0.05599980927491314,7.433765195698761e-05,0,0,0.2,0.7262072095541969,0.725003203322601
X5X11,7,336,0.05707565964096122,0.044297008746603264,0.05593308198349501,7.238582384987364e-05,0,0,0.2,0.7262072095541969,0.725003203322601
X5X11,7,337,0.05671314957241217,0.0442858761994735,0.05589929384686959,7.04620674566897e-05,0,0,0.2,0.7262072095541969,0.725003203322601
X5X11,7,338,0.05507863933841387,0.04423287694074105,0.05593796813535311,6.856650760723151e-05,0,0,0.2,0.7262072095541969,0.725003203322601
X5X11,7,339,0.05538873622814814,0.044028462727864585,0.0559164788376875,6.669926730166114e-05,0,0,0.2,0.7262072095541969,0.725003203322601
X5X11,7,340,0.05481098695761628,0.04402428013898324,0.05596043259181359,6.486046770252613e-05,0,0,0.2,0.7262072095541969,0.725003203322601
X5X11,7,341,0.05671026681860288,0.04452721495697464,0.055897298441440965,6.305022812689734e-05,0,0,0.2,0.7262072095541969,0.725003203322601
X5X11,7,342,0.055525580421090126,0.043790973431131114,0.05578980394811542,6.126866603862663e-05,0,0,0.2,0.7262072095541969,0.725003203322601
X5X11,7,343,0.05477122589945793,0.04377519230497056,0.055666345560913356,5.951589704072504e-05,0,0,0.2,0.7262072095541969,0.725003203322601
X5X11,7,344,0.055765251318613686,0.04421262202608413,0.055600979005691234,5.7792034867860855e-05,0,0,0.2,0.7262072095541969,0.725003203322601
X5X11,7,345,0.054904892212814756,0.043906403207087864,0.05550464225942812,5.609719137898003e-05,0,0,0.2,0.7262072095541969,0.725003203322601
X5X11,7,346,0.05662411451339722,0.04436224347543025,0.05544896915594421,5.443147655004788e-05,0,0,0.2,0.7262072095541969,0.725003203322601
X5X11,7,347,0.054888949212100774,0.04394285340240036,0.05535170294975163,5.279499846691251e-05,0,0,0.2,0.7262072095541969,0.725003203322601
X5X11,7,348,0.056503177930911384,0.04374044472514719,0.05526361934761838,5.118786331829171e-05,0,0,0.2,0.7262072095541969,0.725003203322601
X5X11,7,349,0.05476035157011615,0.043866563260728034,0.05524335276315767,4.961017538888201e-05,0,0,0.2,0.7262072095541969,0.725003203322601
X5X11,7,350,0.056384501978755,0.04410379293690557,0.055279092459136224,4.806203705259236e-05,0,0,0.2,0.7262072095541969,0.725003203322601
X5X11,7,351,0.05528887299199899,0.043950490492668706,0.0553165597634183,4.654354876590071e-05,0,0,0.2,0.7262072095541969,0.725003203322601
X5X11,7,352,0.05464594562848409,0.04391543817934783,0.055201140552680335,4.5054809061335864e-05,0,0,0.2,0.7262072095541969,0.725003203322601
X5X11,7,353,0.05484936013817787,0.043814112212692484,0.05523936804285441,4.3595914541083995e-05,0,0,0.2,0.7262072095541969,0.725003203322601
X5X11,7,354,0.05468290837274657,0.04376938724241395,0.0552699188036578,4.2166959870719715e-05,0,0,0.2,0.7262072095541969,0.725003203322601
X5X11,7,355,0.05463700099951691,0.043784580617711163,0.05522489049053066,4.0768037773063865e-05,0,0,0.2,0.7262072095541969,0.725003203322601
X5X11,7,356,0.05441878053049246,0.04367332131206125,0.0552275295531939,3.939923902216652e-05,0,0,0.2,0.7262072095541969,0.725003203322601
X5X11,7,357,0.055033069310916796,0.04369994409533515,0.05513270387534427,3.806065243741714e-05,0,0,0.2,0.7262072095541969,0.725003203322601
X5X11,7,358,0.05486339392761389,0.04387890686919724,0.05511116364566737,3.675236487778103e-05,0,0,0.2,0.7262072095541969,0.725003203322601
X5X11,7,359,0.05465304106473923,0.04334376738175102,0.055093240653159764,3.5474461236162985e-05,0,0,0.2,0.7262072095541969,0.725003203322601
X5X11,7,360,0.05613926984369755,0.04400171420332314,0.05507466521252085,3.4227024433899005e-05,0,0,0.2,0.7262072095541969,0.725003203322601
X5X11,7,361,0.05559780034754011,0.043789126542685686,0.05500353985126056,3.3010135415375565e-05,0,0,0.2,0.7262072095541969,0.725003203322601
X5X11,7,362,0.0542864633931054,0.04357167190330616,0.054992500899566546,3.1823873142777125e-05,0,0,0.2,0.7262072095541969,0.725003203322601
X5X11,7,363,0.05632835771474573,0.04359249435645947,0.05502339488969594,3.066831459096272e-05,0,0,0.2,0.7262072095541969,0.725003203322601
X5X11,7,364,0.05541279187632932,0.04359545588838881,0.05510074982330913,2.954353474247074e-05,0,0,0.2,0.7262072095541969,0.725003203322601
X5X11,7,365,0.05481965674294366,0.04367715246228204,0.0551320442525798,2.8449606582653618e-05,0,0,0.2,0.7262072095541969,0.725003203322601
X5X11,7,366,0.054960312528742686,0.043665635216754414,0.055119608454997575,2.7386601094942082e-05,0,0,0.2,0.7262072095541969,0.725003203322601
X5X11,7,367,0.05463277527855502,0.0433030372509058,0.055133747547943764,2.6354587256238774e-05,0,0,0.2,0.7262072095541969,0.725003203322601
X5X11,7,368,0.05443660438888603,0.043549940557065216,0.05512448217936609,2.535363203244282e-05,0,0,0.2,0.7262072095541969,0.725003203322601
X5X11,7,369,0.056126795088251434,0.04364588773423347,0.05508648239509769,2.4383800374104253e-05,0,0,0.2,0.7262072095541969,0.725003203322601
X5X11,7,370,0.05437026731669903,0.0430857348455899,0.055092315559112835,2.3445155212209604e-05,0,0,0.2,0.7262072095541969,0.725003203322601
X5X11,7,371,0.05489086939228906,0.0435976953478827,0.05506158576755927,2.2537757454098255e-05,0,0,0.2,0.7262072095541969,0.725003203322601
X5X11,7,372,0.055057055006424584,0.0429378078294837,0.05513526807741198,2.1661665979510303e-05,0,0,0.2,0.7262072095541969,0.725003203322601
X5X11,7,373,0.05529471942120128,0.04352559146604676,0.05516706109441146,2.0816937636766185e-05,0,0,0.2,0.7262072095541969,0.725003203322601
X5X11,7,374,0.0564738137440549,0.04381665852864583,0.05512598848768643,2.0003627239077502e-05,0,0,0.2,0.7262072095541969,0.725003203322601
X5X11,7,375,0.055340091387430825,0.04314137122112772,0.05506993549328948,1.9221787560990352e-05,0,0,0.2,0.7262072095541969,0.725003203322601
X5X11,7,376,0.054375849250290126,0.04325813894962919,0.055037214711466165,1.8471469334961106e-05,0,0,0.2,0.7262072095541969,0.725003203322601
X5X11,7,377,0.05471570148236222,0.04348209989243659,0.05505570790991581,1.775272124806412e-05,0,0,0.2,0.7262072095541969,0.725003203322601
X5X11,7,378,0.05483849657078584,0.043319799672002376,0.05512731729282273,1.7065589938832845e-05,0,0,0.2,0.7262072095541969,0.725003203322601
X5X11,7,379,0.054065398457977504,0.04365771588311679,0.055146003733315165,1.6410119994233144e-05,1,0,0.2,0.7262072095541969,0.725003203322601
X5X11,7,380,0.054775537509057254,0.04351784384907156,0.055077484892631964,1.5786353946770484e-05,0,0,0.2,0.7262072095541969,0.725003203322601
X5X11,7,381,0.055493944221072726,0.043434361466117524,0.05510567691393945,1.5194332271729696e-05,0,0,0.2,0.7262072095541969,0.725003203322601
X5X11,7,382,0.05714512885444694,0.04353657368093297,0.05514778920188152,1.4634093384548982e-05,0,0,0.2,0.7262072095541969,0.725003203322601
X5X11,7,383,0.05495411675009462,0.043226036447718524,0.055131900188311066,1.4105673638326796e-05,0,0,0.2,0.7262072095541969,0.725003203322601
X5X11,7,384,0.05546583297351996,0.04363590547865716,0.055109335641775815,1.3609107321463285e-05,0,0,0.2,0.7262072095541969,0.725003203322601
X5X11,7,385,0.054235678993993335,0.04338307893172554,0.055014551178645836,1.314442665543507e-05,0,0,0.2,0.7262072095541969,0.725003203322601
X5X11,7,386,0.05413252032465405,0.04308293775475543,0.05496747522718376,1.2711661792704722e-05,0,0,0.2,0.7262072095541969,0.725003203322601
X5X11,7,387,0.05534866969618532,0.04323721941519475,0.05498350888648361,1.231084081476393e-05,0,0,0.2,0.7262072095541969,0.725003203322601
X5X11,7,388,0.056136572319600314,0.04380283583489017,0.05500418970745707,1.1941989730311609e-05,0,0,0.2,0.7262072095541969,0.725003203322601
X5X11,7,389,0.05482901963922712,0.04349187573419101,0.054981562530710584,1.1605132473566086e-05,0,0,0.2,0.7262072095541969,0.725003203322601
X5X11,7,390,0.05468789943390422,0.04307327403192935,0.055027370734347235,1.1300290902711933e-05,0,0,0.2,0.7262072095541969,0.725003203322601
X5X11,7,391,0.05496229976415634,0.043103662197831745,0.05504062511462565,1.1027484798481829e-05,0,0,0.2,0.7262072095541969,0.725003203322601
X5X11,7,392,0.0557752274390724,0.04333221161330956,0.05501544071982304,1.0786731862872998e-05,0,0,0.2,0.7262072095541969,0.725003203322601
X5X11,7,393,0.054723385721445084,0.043297995746999544,0.0548901649471981,1.0578047717998313e-05,0,0,0.2,0.7262072095541969,0.725003203322601
X5X11,7,394,0.054820863943960935,0.04352943628283514,0.054886167959517076,1.0401445905073056e-05,0,0,0.2,0.7262072095541969,0.725003203322601
X5X11,7,395,0.05448334001832538,0.04330082653985507,0.054847523625250215,1.0256937883535627e-05,0,0,0.2,0.7262072095541969,0.725003203322601
X5X11,7,396,0.054351496406727366,0.04333966298863508,0.054891226813197136,1.0144533030304495e-05,0,0,0.2,0.7262072095541969,0.725003203322601
X5X11,7,397,0.05471255609558688,0.043414065463301066,0.05494958885077737,1.0064238639169536e-05,0,0,0.2,0.7262072095541969,0.725003203322601
X5X11,7,398,0.05514999872280492,0.04343279595858809,0.054916332113660045,1.0016059920318663e-05,0,0,0.2,0.7262072095541969,0.725003203322601
X5X11,7,399,0.05436332585910956,0.043527299742767776,0.05480540118584729,1e-05,0,1,0.2,0.7262072095541969,0.725003203322601
X5X11,2025,0,1.0061860647466447,0.9184832455842391,0.34361845420466525,0.0002,0,0,0.2,0.7273864491772477,0.7262691338345901
X5X11,2025,1,0.5630976772970624,0.5102288213315217,0.33282239769619926,0.0003,0,0,0.2,0.7273864491772477,0.7262691338345901
X5X11,2025,2,0.37628936767578125,0.3365508449388587,0.3230311918971885,0.0004,0,0,0.2,0.7273864491772477,0.7262691338345901
X5X11,2025,3,0.2814946298797925,0.24818429998867753,0.31536116545635556,0.0005,0,0,0.2,0.7273864491772477,0.7262691338345901
X5X11,2025,4,0.25044533610343933,0.2205199413354846,0.30725228024853596,0.0006,0,0,0.2,0.7273864491772477,0.7262691338345901
X5X11,2025,5,0.24113461954726112,0.21058736377660778,0.29992885830708677,0.0007,0,0,0.2,0.7273864491772477,0.7262691338345901
X5X11,2025,6,0.2232370517320103,0.19818222019361412,0.29308897646424037,0.0008,0,0,0.2,0.7273864491772477,0.7262691338345901
X5X11,2025,7,0.21815519200430977,0.18994888031448143,0.28691951314240327,0.0009000000000000001,0,0,0.2,0.7273864491772477,0.7262691338345901
X5X11,2025,8,0.20733648455805248,0.18050780064679575,0.2822802136080307,0.001,0,0,0.2,0.7273864491772477,0.7262691338345901
X5X11,2025,9,0.2096869962082969,0.18333100815925046,0.2769950588130289,0.001,0,0,0.2,0.7273864491772477,0.7262691338345901
X5X11,2025,10,0.2027395764986674,0.17587560787477355,0.271930815918105,0.0009999839400796813,0,0,0.2,0.7273864491772477,0.7262691338345901
X5X11,2025,11,0.2140657761030727,0.18532832685829936,0.232496789247586,0.0009999357613608305,0,0,0.2,0.7273864491772477,0.7262691338345901
X5X11,2025,12,0.20553672230905956,0.17774352213541667,0.21523586100844477,0.0009998554669696956,0,0,0.2,0.7273864491772477,0.7262691338345901
X5X11,2025,13,0.21565082172552744,0.1866875877490942,0.20561610966447802,0.0009997430621164645,0,0,0.2,0.7273864491772477,0.7262691338345901
X5X11,2025,14,0.19372788733906215,0.16904899017776268,0.2000252589110344,0.000999598554094927,0,0,0.2,0.7273864491772477,0.7262691338345901
X5X11,2025,15,0.1900775291853481,0.16446509054432745,0.1963969785621557,0.0009994219522820016,0,0,0.2,0.7273864491772477,0.7262691338345901
X5X11,2025,16,0.1836508669786983,0.1604786171733469,0.1929271393036716,0.000999213268137127,0,0,0.2,0.7273864491772477,0.7262691338345901
X5X11,2025,17,0.18203863667117226,0.15672127314028533,0.19073353861532516,0.0009989725152015183,0,0,0.2,0.7273864491772477,0.7262691338345901
X5X11,2025,18,0.19877282198932436,0.16967187075407608,0.19035991939602706,0.0009986997090972883,0,0,0.2,0.7273864491772477,0.7262691338345901
X5X11,2025,19,0.17657711770799425,0.15291840112658514,0.18870640577620298,0.000998394867526434,0,0,0.2,0.7273864491772477,0.7262691338345901
X5X11,2025,20,0.17064595801962745,0.14908965746008832,0.1866414672325528,0.0009980580102696885,0,0,0.2,0.7273864491772477,0.7262691338345901
X5X11,2025,21,0.17807150466574562,0.15444867580247962,0.18563967434659837,0.0009976891591852361,0,0,0.2,0.7273864491772477,0.7262691338345901
X5X11,2025,22,0.2006181842750973,0.16946190875509512,0.18293065928592883,0.0009972883382072953,0,0,0.2,0.7273864491772477,0.7262691338345901
X5X11,2025,23,0.17427458945247862,0.15064260572350543,0.1804254209553754,0.000996855573344565,0,0,0.2,0.7273864491772477,0.7262691338345901
X5X11,2025,24,0.16408676405747732,0.13945233702728713,0.17782591074389756,0.0009963908926785368,0,0,0.2,0.7273864491772477,0.7262691338345901
X5X11,2025,25,0.17425144877698687,0.1504769237573596,0.17547857518943527,0.0009958943263616731,0,0,0.2,0.7273864491772477,0.7262691338345901
X5X11,2025,26,0.16826799511909485,0.1425490319293478,0.17334059466208732,0.000995365906615451,0,0,0.2,0.7273864491772477,0.7262691338345901
X5X11,2025,27,0.17717143727673423,0.14945004812047102,0.1713143037385726,0.0009948056677282703,0,0,0.2,0.7273864491772477,0.7262691338345901
X5X11,2025,28,0.21030918839904997,0.18767095841117526,0.1697774286229144,0.0009942136460532297,0,0,0.2,0.7273864491772477,0.7262691338345901
X5X11,2025,29,0.1726126985417472,0.1489506291043931,0.16691159226355098,0.0009935898800057668,0,0,0.2,0.7273864491772477,0.7262691338345901
X5X11,2025,30,0.16632328679164252,0.14236473194067029,0.16511260536770342,0.000992934410061167,0,0,0.2,0.7273864491772477,0.7262691338345901
X5X11,2025,31,0.18170192589362463,0.1525568890115489,0.16353758562494208,0.000992247278751936,0,0,0.2,0.7273864491772477,0.7262691338345901
X5X11,2025,32,0.15717645982901254,0.1370539200492527,0.16157007296249348,0.000991528530665039,0,0,0.2,0.7273864491772477,0.7262691338345901
X5X11,2025,33,0.15292671736743715,0.12907059343863225,0.15878817165102907,0.0009907782124390096,0,0,0.2,0.7273864491772477,0.7262691338345901
X5X11,2025,34,0.1610611072844929,0.13859181067425272,0.15772580154358393,0.0009899963727609225,0,0,0.2,0.7273864491772477,0.7262691338345901
X5X11,2025,35,0.14443384069535467,0.12393253969938858,0.15631049668426236,0.0009891830623632338,0,0,0.2,0.7273864491772477,0.7262691338345901
X5X11,2025,36,0.14517993811104032,0.12355410846212636,0.15423951475393205,0.0009883383340204897,0,0,0.2,0.7273864491772477,0.7262691338345901
X5X11,2025,37,0.14109875758488974,0.12132411826313406,0.15228643187533614,0.000987462242545902,0,0,0.2,0.7273864491772477,0.7262691338345901
X5X11,2025,38,0.1497642592423492,0.12779584819406703,0.15010709031706765,0.0009865548447877902,0,0,0.2,0.7273864491772477,0.7262691338345901
X5X11,2025,39,0.1385902584426933,0.11842881345887116,0.14658830791869493,0.0009856161996258958,0,0,0.2,0.7273864491772477,0.7262691338345901
X5X11,2025,40,0.13879839289519522,0.11897873154792232,0.14570012532923587,0.0009846463679675573,0,0,0.2,0.7273864491772477,0.7262691338345901
X5X11,2025,41,0.13757054342163932,0.11737486439580502,0.1446185465409327,0.0009836454127437613,0,0,0.2,0.7273864491772477,0.7262691338345901
X5X11,2025,42,0.13675373875432545,0.11768360772616622,0.1426372754353064,0.000982613398905058,0,0,0.2,0.7273864491772477,0.7262691338345901
X5X11,2025,43,0.1421982567343447,0.11961255466627038,0.14178275283445757,0.0009815503934173463,0,0,0.2,0.7273864491772477,0.7262691338345901
X5X11,2025,44,0.15196481719613075,0.131103930133322,0.14112041973405415,0.0009804564652575293,0,0,0.2,0.7273864491772477,0.7262691338345901
X5X11,2025,45,0.13436536201172405,0.1148925197435462,0.14029292854919004,0.0009793316854090372,0,0,0.2,0.7273864491772477,0.7262691338345901
X5X11,2025,46,0.1307608282400502,0.10998120895606885,0.13958213667547895,0.000978176126857223,0,0,0.2,0.7273864491772477,0.7262691338345901
X5X11,2025,47,0.12725325466858017,0.10891473353289176,0.13863855830970265,0.0009769898645846245,0,0,0.2,0.7273864491772477,0.7262691338345901
X5X11,2025,48,0.13140526455309656,0.10994826589390852,0.13780261552523054,0.0009757729755661011,0,0,0.2,0.7273864491772477,0.7262691338345901
X5X11,2025,49,0.13641475803322262,0.1146085785354393,0.13667714118799834,0.000974525538763837,0,0,0.2,0.7273864491772477,0.7262691338345901
X5X11,2025,50,0.15396086416310734,0.12763127759850543,0.13600246507733585,0.000973247635122219,0,0,0.2,0.7273864491772477,0.7262691338345901
X5X11,2025,51,0.14361013223727545,0.1187288963428442,0.13538573769034534,0.0009719393475625828,0,0,0.2,0.7273864491772477,0.7262691338345901
X5X11,2025,52,0.14009523267547289,0.1179660106714221,0.13503312664451422,0.0009706007609778335,0,0,0.2,0.7273864491772477,0.7262691338345901
X5X11,2025,53,0.13923148521118694,0.11865972245810688,0.13417389961304488,0.0009692319622269362,0,0,0.2,0.7273864491772477,0.7262691338345901
X5X11,2025,54,0.13901772225896517,0.11626891682942708,0.13308506234297676,0.0009678330401292804,0,0,0.2,0.7273864491772477,0.7262691338345901
X5X11,2025,55,0.14368379240234694,0.12306601765950521,0.13142353057782485,0.0009664040854589161,0,0,0.2,0.7273864491772477,0.7262691338345901
X5X11,2025,56,0.12950721134742102,0.11014052760912024,0.13074893183099529,0.0009649451909386641,0,0,0.2,0.7273864491772477,0.7262691338345901
X5X11,2025,57,0.12536479242973858,0.10574707650447238,0.1303761021761352,0.0009634564512340994,0,0,0.2,0.7273864491772477,0.7262691338345901
X5X11,2025,58,0.12354395911097527,0.10573617969457653,0.13009841852481402,0.0009619379629474077,0,0,0.2,0.7273864491772477,0.7262691338345901
X5X11,2025,59,0.1261292981604735,0.10640758605072463,0.12937638120203424,0.000960389824611118,0,0,0.2,0.7273864491772477,0.7262691338345901
X5X11,2025,60,0.1244220601187812,0.1043806736158288,0.12832121840781635,0.0009588121366817083,0,0,0.2,0.7273864491772477,0.7262691338345901
X5X11,2025,61,0.12584711776839363,0.10574392726732337,0.12638394292148333,0.0009572050015330874,0,0,0.2,0.7273864491772477,0.7262691338345901
X5X11,2025,62,0.13016571145918635,0.10785988256482111,0.12491988970173729,0.0009555685234499522,0,0,0.2,0.7273864491772477,0.7262691338345901
X5X11,2025,63,0.1187099710934692,0.10062005694845448,0.12362052823500658,0.00095390280862102,0,0,0.2,0.7273864491772477,0.7262691338345901
X5X11,2025,64,0.11933267406291431,0.10017902955870697,0.12223549039354399,0.0009522079651321392,0,0,0.2,0.7273864491772477,0.7262691338345901
X5X11,2025,65,0.11707265012794071,0.09839805651678556,0.12090835846448071,0.0009504841029592749,0,0,0.2,0.7273864491772477,0.7262691338345901
X5X11,2025,66,0.12019878832830323,0.09788257755887682,0.11923927545705171,0.0009487313339613734,0,0,0.2,0.7273864491772477,0.7262691338345901
X5X11,2025,67,0.12293140548798773,0.10495037160679914,0.11864432629454072,0.0009469497718731027,0,0,0.2,0.7273864491772477,0.7262691338345901
X5X11,2025,68,0.12142189799083604,0.10120252278645833,0.11793376716277586,0.000945139532297474,0,0,0.2,0.7273864491772477,0.7262691338345901
X5X11,2025,69,0.1162424807747205,0.09826283259737319,0.11730764762907432,0.0009433007326983388,0,0,0.2,0.7273864491772477,0.7262691338345901
X5X11,2025,70,0.11425633935464753,0.09643500091995018,0.11685277034760153,0.0009414334923927686,0,0,0.2,0.7273864491772477,0.7262691338345901
X5X11,2025,71,0.11327807895011371,0.09396469779636549,0.11657248388128308,0.0009395379325433103,0,0,0.2,0.7273864491772477,0.7262691338345901
X5X11,2025,72,0.11286501462260883,0.09469988314863564,0.11568177779200216,0.0009376141761501264,0,0,0.2,0.7273864491772477,0.7262691338345901
X5X11,2025,73,0.11280864187412792,0.09507629721821219,0.11464571791193474,0.0009356623480430125,0,0,0.2,0.7273864491772477,0.7262691338345901
X5X11,2025,74,0.11014569054047267,0.09312337292657383,0.11406363454208804,0.0009336825748732972,0,0,0.2,0.7273864491772477,0.7262691338345901
X5X11,2025,75,0.11114795174863604,0.09217294090381567,0.1135609999653839,0.0009316749851056243,0,0,0.2,0.7273864491772477,0.7262691338345901
X5X11,2025,76,0.10863304924633768,0.09090255754996038,0.11330017232626835,0.000929639709009617,0,0,0.2,0.7273864491772477,0.7262691338345901
X5X11,2025,77,0.11701327893469068,0.09745067527881567,0.11272135262609159,0.0009275768786514248,0,0,0.2,0.7273864491772477,0.7262691338345901
X5X11,2025,78,0.1104430506626765,0.09293678509256115,0.11183666428009038,0.0009254866278851529,0,0,0.2,0.7273864491772477,0.7262691338345901
X5X11,2025,79,0.11039544890324275,0.09221075386379077,0.11119939101041941,0.0009233690923441785,0,0,0.2,0.7273864491772477,0.7262691338345901
X5X11,2025,80,0.11657687524954478,0.09757184333248414,0.11071916232033382,0.0009212244094323479,0,0,0.2,0.7273864491772477,0.7262691338345901
X5X11,2025,81,0.11853604432609346,0.09614629613903986,0.11038616638650338,0.0009190527183150622,0,0,0.2,0.7273864491772477,0.7262691338345901
X5X11,2025,82,0.10714228989349471,0.09000286476024683,0.11010450148393236,0.0009168541599102458,0,0,0.2,0.7273864491772477,0.7262691338345901
X5X11,2025,83,0.10840845397777027,0.09052664573780005,0.10990182667103394,0.0009146288768792027,0,0,0.2,0.7273864491772477,0.7262691338345901
X5X11,2025,84,0.10648622032668856,0.08940740267988564,0.10947643301237828,0.0009123770136173599,0,0,0.2,0.7273864491772477,0.7262691338345901
X5X11,2025,85,0.10877734795212746,0.09138634095122848,0.10921356158833656,0.0009100987162448975,0,0,0.2,0.7273864491772477,0.7262691338345901
X5X11,2025,86,0.11159526970651415,0.09273294916567595,0.10865964565091032,0.0009077941325972672,0,0,0.2,0.7273864491772477,0.7262691338345901
X5X11,2025,87,0.10804357462459141,0.0900972903928895,0.108561405330581,0.000905463412215599,0,0,0.2,0.7273864491772477,0.7262691338345901
X5X11,2025,88,0.10435295022196239,0.08793799606544384,0.10788693641701703,0.0009031067063369985,0,0,0.2,0.7273864491772477,0.7262691338345901
X5X11,2025,89,0.10803915932774544,0.08889589737601902,0.1076856000477044,0.0009007241678847331,0,0,0.2,0.7273864491772477,0.7262691338345901
X5X11,2025,90,0.10615767828292316,0.08913486177748528,0.10734974214481928,0.0008983159514583084,0,0,0.2,0.7273864491772477,0.7262691338345901
X5X11,2025,91,0.10726342474420865,0.09023306407099185,0.10657867769557962,0.0008958822133234372,0,0,0.2,0.7273864491772477,0.7262691338345901
X5X11,2025,92,0.10736311599612236,0.09074206189141758,0.1056652359625019,0.0008934231114018996,0,0,0.2,0.7273864491772477,0.7262691338345901
X5X11,2025,93,0.1086088435517417,0.09077219220589901,0.1051976423730295,0.000890938805261295,0,0,0.2,0.7273864491772477,0.7262691338345901
X5X11,2025,94,0.10387537504235904,0.08619611657184104,0.1047136898315142,0.000888429456104689,0,0,0.2,0.7273864491772477,0.7262691338345901
X5X11,2025,95,0.10462539063559638,0.08599546429177989,0.1042133168608108,0.0008858952267601521,0,0,0.2,0.7273864491772477,0.7262691338345901
X5X11,2025,96,0.09951571706268522,0.0838138769177423,0.10398326372658766,0.0008833362816701948,0,0,0.2,0.7273864491772477,0.7262691338345901
X5X11,2025,97,0.10657000251942211,0.08856198942764945,0.10329515553971447,0.0008807527868810971,0,0,0.2,0.7273864491772477,0.7262691338345901
X5X11,2025,98,0.1028494317498472,0.08571575414685235,0.10275069182669674,0.0008781449100321333,0,0,0.2,0.7273864491772477,0.7262691338345901
X5X11,2025,99,0.10621498690711127,0.08616273140285326,0.10244094850446181,0.000875512820344695,0,0,0.2,0.7273864491772477,0.7262691338345901
X5X11,2025,100,0.10334243294265535,0.08632925459267436,0.10184293167379797,0.0008728566886113102,0,0,0.2,0.7273864491772477,0.7262691338345901
X5X11,2025,101,0.10038452181551191,0.08271199517733809,0.10140035766615438,0.0008701766871845605,0,0,0.2,0.7273864491772477,0.7262691338345901
X5X11,2025,102,0.09935376793146133,0.082121312945822,0.10073380189992133,0.000867472989965898,0,0,0.2,0.7273864491772477,0.7262691338345901
X5X11,2025,103,0.09732282451457447,0.08118393023947011,0.10036534559789789,0.0008647457723943605,0,0,0.2,0.7273864491772477,0.7262691338345901
X5X11,2025,104,0.09824545060594876,0.08084023747098619,0.0999798468023381,0.0008619952114351882,0,0,0.2,0.7273864491772477,0.7262691338345901
X5X11,2025,105,0.09597838794191678,0.07874330099354619,0.09976535582195514,0.00085922148556834,0,0,0.2,0.7273864491772477,0.7262691338345901
X5X11,2025,106,0.10394623213344151,0.0852798191236413,0.09933956300534269,0.0008564247747769124,0,0,0.2,0.7273864491772477,0.7262691338345901
X5X11,2025,107,0.09714499778217739,0.0815953539862149,0.09911461223764395,0.0008536052605354608,0,0,0.2,0.7273864491772477,0.7262691338345901
X5X11,2025,108,0.09660983665121926,0.0800188377490942,0.09845642715929047,0.000850763125798224,0,0,0.2,0.7273864491772477,0.7262691338345901
X5X11,2025,109,0.09784834045502874,0.08047661415874094,0.09787749976077406,0.0008478985549872517,0,0,0.2,0.7273864491772477,0.7262691338345901
X5X11,2025,110,0.09548080588380496,0.07882525811679121,0.09720139181803142,0.0008450117339804393,0,0,0.2,0.7273864491772477,0.7262691338345901
X5X11,2025,111,0.0968636241224077,0.07949929959946785,0.09665407794256689,0.0008421028500994646,0,0,0.2,0.7273864491772477,0.7262691338345901
X5X11,2025,112,0.09326575365331438,0.07742852677055027,0.0963033584966546,0.0008391720920976342,0,0,0.2,0.7273864491772477,0.7262691338345901
X5X11,2025,113,0.09962553365363015,0.08211153652909874,0.09595805116825633,0.0008362196501476349,0,0,0.2,0.7273864491772477,0.7262691338345901
X5X11,2025,114,0.10051336884498596,0.08256508948284647,0.09571929857450187,0.0008332457158291936,0,0,0.2,0.7273864491772477,0.7262691338345901
X5X11,2025,115,0.09937106445431709,0.08262466970250226,0.09554374899971421,0.0008302504821166468,0,0,0.2,0.7273864491772477,0.7262691338345901
X5X11,2025,116,0.09568374148673481,0.07916148133208786,0.09530155423772399,0.0008272341433664174,0,0,0.2,0.7273864491772477,0.7262691338345901
X5X11,2025,117,0.09479175094101164,0.07773689212522646,0.09464266947495242,0.0008241968953044044,0,0,0.2,0.7273864491772477,0.7262691338345901
X5X11,2025,118,0.09274811587399906,0.0775768798828125,0.09428950401131439,0.0008211389350132822,0,0,0.2,0.7273864491772477,0.7262691338345901
X5X11,2025,119,0.09069195638100307,0.07549867819081182,0.09391667388340152,0.0008180604609197117,0,0,0.2,0.7273864491772477,0.7262691338345901
X5X11,2025,120,0.09201672010951573,0.07624139793506567,0.09355885975023426,0.0008149616727814653,0,0,0.2,0.7273864491772477,0.7262691338345901
X5X11,2025,121,0.09184884155790012,0.07540181867074275,0.09322651475667953,0.0008118427716744646,0,0,0.2,0.7273864491772477,0.7262691338345901
X5X11,2025,122,0.09301941345135371,0.07579722192736639,0.09272550765878308,0.0008087039599797323,0,0,0.2,0.7273864491772477,0.7262691338345901
X5X11,2025,123,0.09210231403509776,0.07658636669214221,0.09245252859576669,0.0008055454413702621,0,0,0.2,0.7273864491772477,0.7262691338345901
X5X11,2025,124,0.0923090200457308,0.07576363605001699,0.0919014554490488,0.0008023674207977996,0,0,0.2,0.7273864491772477,0.7262691338345901
X5X11,2025,125,0.09455890953540802,0.07595545742753623,0.0912669482764113,0.0007991701044795457,0,0,0.2,0.7273864491772477,0.7262691338345901
X5X11,2025,126,0.09089229794012176,0.07462861929630887,0.09079926533910332,0.0007959536998847742,0,0,0.2,0.7273864491772477,0.7262691338345901
X5X11,2025,127,0.09010965211523904,0.07337486023833786,0.09045691677817592,0.0007927184157213702,0,0,0.2,0.7273864491772477,0.7262691338345901
X5X11,2025,128,0.08972852304577827,0.07317866458616396,0.09005381614364014,0.0007894644619222865,0,0,0.2,0.7273864491772477,0.7262691338345901
X5X11,2025,129,0.08878040396504933,0.07372614135742188,0.08980005106361455,0.0007861920496319221,0,0,0.2,0.7273864491772477,0.7262691338345901
X5X11,2025,130,0.09033424365851614,0.07481619085781815,0.08957909772951136,0.0007829013911924211,0,0,0.2,0.7273864491772477,0.7262691338345901
X5X11,2025,131,0.08850156101915571,0.07298382745272872,0.08937906006735467,0.0007795927001298937,0,0,0.2,0.7273864491772477,0.7262691338345901
X5X11,2025,132,0.08634247506658237,0.07108633988974751,0.08910817197627492,0.0007762661911405618,0,0,0.2,0.7273864491772477,0.7262691338345901
X5X11,2025,133,0.08753319332997005,0.07160800551262454,0.0887238770210869,0.000772922080076826,0,0,0.2,0.7273864491772477,0.7262691338345901
X5X11,2025,134,0.08805299757255448,0.07305749573638473,0.08846616478902954,0.0007695605839332615,0,0,0.2,0.7273864491772477,0.7262691338345901
X5X11,2025,135,0.08718871821959813,0.07255110270182291,0.08807521128149891,0.0007661819208325358,0,0,0.2,0.7273864491772477,0.7262691338345901
X5X11,2025,136,0.08954972277084987,0.07371177792756453,0.08756320123319272,0.0007627863100112554,0,0,0.2,0.7273864491772477,0.7262691338345901
X5X11,2025,137,0.08849442170725928,0.07236783358808876,0.08712319907530275,0.0007593739718057405,0,0,0.2,0.7273864491772477,0.7262691338345901
X5X11,2025,138,0.08632663761576016,0.07157467023324275,0.08676276166760732,0.0007559451276377273,0,0,0.2,0.7273864491772477,0.7262691338345901
X5X11,2025,139,0.08741904919346173,0.07138527973562048,0.08642243207604798,0.0007525,0,0,0.2,0.7273864491772477,0.7262691338345901
X5X11,2025,140,0.08605193636483616,0.06992672269517097,0.08611180444085409,0.0007490388124419541,0,0,0.2,0.7273864491772477,0.7262691338345901
X5X11,2025,141,0.08781592920422554,0.0716426173997962,0.0857666126752972,0.00074556178955509,0,0,0.2,0.7273864491772477,0.7262691338345901
X5X11,2025,142,0.08616019164522488,0.06995793722401494,0.08545493393663377,0.0007420691569584402,0,0,0.2,0.7273864491772477,0.7262691338345901
X5X11,2025,143,0.08494921939240561,0.06980562160326087,0.08530732833598026,0.0007385611412839287,0,0,0.2,0.7273864491772477,0.7262691338345901
X5X11,2025,144,0.08669035716189279,0.07181559209408968,0.0850773060290271,0.0007350379701616654,0,0,0.2,0.7273864491772477,0.7262691338345901
X5X11,2025,145,0.08409899638758765,0.06876847596099411,0.08472315700990814,0.0007314998722051757,0,0,0.2,0.7273864491772477,0.7262691338345901
X5X11,2025,146,0.08380669852097829,0.06780170181937839,0.08442415921855224,0.0007279470769965654,0,0,0.2,0.7273864491772477,0.7262691338345901
X5X11,2025,147,0.08165225262443225,0.06734047480044157,0.08397258325386299,0.0007243798150716245,0,0,0.2,0.7273864491772477,0.7262691338345901
X5X11,2025,148,0.08254046655363506,0.0676948781773664,0.0836173690185345,0.000720798317904867,0,0,0.2,0.7273864491772477,0.7262691338345901
X5X11,2025,149,0.08258160162303183,0.06783545054560122,0.08328882084479408,0.0007172028178945118,0,0,0.2,0.7273864491772477,0.7262691338345901
X5X11,2025,150,0.08225722362597783,0.06702325014860734,0.08298104041546742,0.000713593548347402,0,0,0.2,0.7273864491772477,0.7262691338345901
X5X11,2025,151,0.08308521658182144,0.06863435394729393,0.08266843402038807,0.000709970743463866,0,0,0.2,0.7273864491772477,0.7262691338345901
X5X11,2025,152,0.08195630750722355,0.06726333733157835,0.08227417298725673,0.0007063346383225212,0,0,0.2,0.7273864491772477,0.7262691338345901
X5X11,2025,153,0.08324275745285882,0.06821891983695652,0.08194839944520955,0.0007026854688650193,0,0,0.2,0.7273864491772477,0.7262691338345901
X5X11,2025,154,0.08270272488395373,0.06734340661090353,0.08173212854477463,0.0006990234718807372,0,0,0.2,0.7273864491772477,0.7262691338345901
X5X11,2025,155,0.08061586817105611,0.0666564574310745,0.08146318992373174,0.0006953488849914112,0,0,0.2,0.7273864491772477,0.7262691338345901
X5X11,2025,156,0.08090976460112466,0.06594483616041101,0.08133581079660901,0.0006916619466357186,0,0,0.2,0.7273864491772477,0.7262691338345901
X5X11,2025,157,0.08006662751237552,0.06576981811523437,0.08121391403533164,0.000687962896053806,0,0,0.2,0.7273864491772477,0.7262691338345901
X5X11,2025,158,0.08103492276536094,0.06519010912024456,0.0811135079613123,0.0006842519732717643,0,0,0.2,0.7273864491772477,0.7262691338345901
X5X11,2025,159,0.07942712596721119,0.06565449776027514,0.08095483198052361,0.0006805294190860552,0,0,0.2,0.7273864491772477,0.7262691338345901
X5X11,2025,160,0.08095566017760171,0.06650277621504189,0.08069254434297954,0.0006767954750478849,0,0,0.2,0.7273864491772477,0.7262691338345901
X5X11,2025,161,0.07948720206816991,0.06525680444689765,0.08046496793548898,0.0006730503834475314,0,0,0.2,0.7273864491772477,0.7262691338345901
X5X11,2025,162,0.07953644750846757,0.06518284505208333,0.08013233515833106,0.0006692943872986217,0,0,0.2,0.7273864491772477,0.7262691338345901
X5X11,2025,163,0.07931894726223415,0.06507108295827672,0.07987159343741873,0.000665527730322363,0,0,0.2,0.7273864491772477,0.7262691338345901
X5X11,2025,164,0.08040753048327234,0.06579887872225997,0.07956867028402273,0.000661750656931729,0,0,0.2,0.7273864491772477,0.7262691338345901
X5X11,2025,165,0.08104264611999194,0.06616982492640398,0.07922996274101986,0.000657963412215599,0,0,0.2,0.7273864491772477,0.7262691338345901
X5X11,2025,166,0.08142403471801016,0.06643919102765512,0.07909209313728507,0.0006541662419228555,0,0,0.2,0.7273864491772477,0.7262691338345901
X5X11,2025,167,0.08124686653415363,0.06509797504812047,0.07891040122895329,0.0006503593924464373,0,0,0.2,0.7273864491772477,0.7262691338345901
X5X11,2025,168,0.07954372507002619,0.06507033027980638,0.07877912376292799,0.0006465431108073511,0,0,0.2,0.7273864491772477,0.7262691338345901
X5X11,2025,169,0.07920827095707257,0.06321255625849184,0.07855851241638737,0.0006427176446386441,0,0,0.2,0.7273864491772477,0.7262691338345901
X5X11,2025,170,0.07707356123460664,0.062081939254981885,0.07840474630908045,0.0006388832421693336,0,0,0.2,0.7273864491772477,0.7262691338345901
X5X11,2025,171,0.07747811906867558,0.06338569132486979,0.07818656350688014,0.0006350401522083006,0,0,0.2,0.7273864491772477,0.7262691338345901
X5X11,2025,172,0.07609992826150523,0.06226350389563519,0.0779353296334939,0.0006311886241281456,0,0,0.2,0.7273864491772477,0.7262691338345901
X5X11,2025,173,0.07648073136806488,0.061978508017719654,0.07769527517889858,0.0006273289078490065,0,0,0.2,0.7273864491772477,0.7262691338345901
X5X11,2025,174,0.07688137123154269,0.06200439700803895,0.07744419671319148,0.0006234612538223411,0,0,0.2,0.7273864491772477,0.7262691338345901
X5X11,2025,175,0.07558986648089355,0.0622205335976421,0.0771555287674779,0.0006195859130146769,0,0,0.2,0.7273864491772477,0.7262691338345901
X5X11,2025,176,0.07772060649262534,0.06234800919242527,0.07682518216549719,0.0006157031368913251,0,0,0.2,0.7273864491772477,0.7262691338345901
X5X11,2025,177,0.07709423452615738,0.06269579414699389,0.07651741102968573,0.0006118131774000642,0,0,0.2,0.7273864491772477,0.7262691338345901
X5X11,2025,178,0.07730980072584417,0.06219395920020947,0.07613684067492762,0.0006079162869547908,0,0,0.2,0.7273864491772477,0.7262691338345901
X5X11,2025,179,0.07640208448800775,0.06252385740418365,0.07584265012432027,0.000604012718419142,0,0,0.2,0.7273864491772477,0.7262691338345901
X5X11,2025,180,0.0761980377137661,0.06268725117116734,0.07563428492063567,0.0006001027250900857,0,0,0.2,0.7273864491772477,0.7262691338345901
X5X11,2025,181,0.07637382133139504,0.061744564598194066,0.07550233167906602,0.0005961865606814857,0,0,0.2,0.7273864491772477,0.7262691338345901
X5X11,2025,182,0.07421129072705905,0.06072694374858469,0.07531378599544052,0.0005922644793076387,0,0,0.2,0.7273864491772477,0.7262691338345901
X5X11,2025,183,0.07449530396196577,0.06083523639181386,0.07515016075952974,0.000588336735466784,0,0,0.2,0.7273864491772477,0.7262691338345901
X5X11,2025,184,0.07404629948238532,0.059839804386747054,0.07496172390759936,0.0005844035840245913,0,0,0.2,0.7273864491772477,0.7262691338345901
X5X11,2025,185,0.07434550362328689,0.06010755827530571,0.07470255873348347,0.000580465280197621,0,0,0.2,0.7273864491772477,0.7262691338345901
X5X11,2025,186,0.07410536747839716,0.06046865428979846,0.07451123506737449,0.0005765220795367645,0,0,0.2,0.7273864491772477,0.7262691338345901
X5X11,2025,187,0.07496084086596966,0.06010754182235054,0.07421341516747676,0.0005725742379106623,0,0,0.2,0.7273864491772477,0.7262691338345901
X5X11,2025,188,0.07325488908423318,0.06023160559612772,0.07393637490729806,0.0005686220114890993,0,0,0.2,0.7273864491772477,0.7262691338345901
X5X11,2025,189,0.07336572350727187,0.05889930756057518,0.0736479880534625,0.0005646656567263849,0,0,0.2,0.7273864491772477,0.7262691338345901
X5X11,2025,190,0.07483260167969598,0.06030742824388587,0.07342039431056017,0.0005607054303447097,0,0,0.2,0.7273864491772477,0.7262691338345901
X5X11,2025,191,0.07430254316164388,0.060200980277683426,0.07319966655362535,0.0005567415893174885,0,0,0.2,0.7273864491772477,0.7262691338345901
X5X11,2025,192,0.07351865971253978,0.059354282898833786,0.07298712732970085,0.000552774390852685,0,0,0.2,0.7273864491772477,0.7262691338345901
X5X11,2025,193,0.07266379830737908,0.05950514128311821,0.07284154848407501,0.0005488040923761223,0,0,0.2,0.7273864491772477,0.7262691338345901
X5X11,2025,194,0.0725235574775272,0.05881762111497962,0.07269274545882745,0.0005448309515147795,0,0,0.2,0.7273864491772477,0.7262691338345901
X5X11,2025,195,0.07143890257510874,0.05869082416036855,0.07256592810153963,0.0005408552260800724,0,0,0.2,0.7273864491772477,0.7262691338345901
X5X11,2025,196,0.071572069492605,0.05834309480086617,0.07254257716396183,0.0005368771740511277,0,0,0.2,0.7273864491772477,0.7262691338345901
X5X11,2025,197,0.07146638859477308,0.05761644570170969,0.07244100411811834,0.0005328970535580405,0,0,0.2,0.7273864491772477,0.7262691338345901
X5X11,2025,198,0.07127638906240463,0.0580691354945086,0.07220248817885049,0.000528915122865126,0,0,0.2,0.7273864491772477,0.7262691338345901
X5X11,2025,199,0.0712536767952972,0.057621924093495244,0.07213106868719613,0.0005249316403541605,0,0,0.2,0.7273864491772477,0.7262691338345901
X5X11,2025,200,0.07162261588705911,0.05789578919341599,0.0719381690853172,0.0005209468645076158,0,0,0.2,0.7273864491772477,0.7262691338345901
X5X11,2025,201,0.07156275481813484,0.0579833815422611,0.07166832950577218,0.0005169610538918856,0,0,0.2,0.7273864491772477,0.7262691338345901
X5X11,2025,202,0.07191049762898022,0.058160287519814315,0.0714224237830393,0.0005129744671405092,0,0,0.2,0.7273864491772477,0.7262691338345901
X5X11,2025,203,0.07115413496891658,0.057171946473052536,0.07116988469802198,0.0005089873629373881,0,0,0.2,0.7273864491772477,0.7262691338345901
X5X11,2025,204,0.07137044043176705,0.057443199179829034,0.07094738911344575,0.000505,0,0,0.2,0.7273864491772477,0.7262691338345901
X5X11,2025,205,0.07138313497934076,0.057251317474807516,0.0707921985359419,0.0005010126370626121,0,0,0.2,0.7273864491772477,0.7262691338345901
X5X11,2025,206,0.07385513393415345,0.05896042268172554,0.07061855822170854,0.0004970255328594908,0,0,0.2,0.7273864491772477,0.7262691338345901
X5X11,2025,207,0.07197233351568381,0.05770475455021513,0.07048108301583737,0.0004930389461081146,0,0,0.2,0.7273864491772477,0.7262691338345901
X5X11,2025,208,0.06995200614134471,0.05659073026353034,0.07028938754998817,0.0004890531354923845,0,0,0.2,0.7273864491772477,0.7262691338345901
X5X11,2025,209,0.07175507975949182,0.0566912623308707,0.07014160073071561,0.00048506835964583965,0,0,0.2,0.7273864491772477,0.7262691338345901
X5X11,2025,210,0.06931483186781406,0.056194892109304236,0.06996312861641248,0.00048108487713487407,0,0,0.2,0.7273864491772477,0.7262691338345901
X5X11,2025,211,0.06916597050925095,0.05659820193967957,0.06972825193097668,0.00047710294644195945,0,0,0.2,0.7273864491772477,0.7262691338345901
X5X11,2025,212,0.06913852298425303,0.05594950411146966,0.06951508214746517,0.00047312282594887237,0,0,0.2,0.7273864491772477,0.7262691338345901
X5X11,2025,213,0.06821533892717627,0.05546452698638474,0.06935352406331471,0.0004691447739199277,0,0,0.2,0.7273864491772477,0.7262691338345901
X5X11,2025,214,0.0679913910312785,0.055282230277683427,0.06915702734871833,0.0004651690484852207,0,0,0.2,0.7273864491772477,0.7262691338345901
X5X11,2025,215,0.06926455534994602,0.055667371313122736,0.06900589453874442,0.00046119590762387766,0,0,0.2,0.7273864491772477,0.7262691338345901
X5X11,2025,216,0.06779245597620805,0.054683745895606886,0.06880915270398849,0.000457225609147315,0,0,0.2,0.7273864491772477,0.7262691338345901
X5X11,2025,217,0.06868509016931057,0.055014557327049365,0.06846758360585208,0.00045325841068251166,0,0,0.2,0.7273864491772477,0.7262691338345901
X5X11,2025,218,0.06744078381194009,0.0542330909618433,0.06823832525935754,0.0004492945696552903,0,0,0.2,0.7273864491772477,0.7262691338345901
X5X11,2025,219,0.06817286585768063,0.054998504727128625,0.0681068254191251,0.0004453343432736152,0,0,0.2,0.7273864491772477,0.7262691338345901
X5X11,2025,220,0.06750576239493158,0.05394089169709579,0.06782949477355317,0.00044137798851090075,0,0,0.2,0.7273864491772477,0.7262691338345901
X5X11,2025,221,0.0666902054929071,0.05433722658019135,0.06759740538382657,0.000437425762089338,0,0,0.2,0.7273864491772477,0.7262691338345901
X5X11,2025,222,0.06708618936439355,0.05407065097974694,0.06744381917453317,0.0004334779204632356,0,0,0.2,0.7273864491772477,0.7262691338345901
X5X11,2025,223,0.06851777786182033,0.0543605175073596,0.06732506094076646,0.000429534719802379,0,0,0.2,0.7273864491772477,0.7262691338345901
X5X11,2025,224,0.06702770396239227,0.054132800204512,0.06727496509947789,0.00042559641597540867,0,0,0.2,0.7273864491772477,0.7262691338345901
X5X11,2025,225,0.06819665142231518,0.05558994405995245,0.06715265183497673,0.0004216632645332159,0,0,0.2,0.7273864491772477,0.7262691338345901
X5X11,2025,226,0.06725155644946629,0.053943470830502716,0.06697890379283795,0.0004177355206923614,0,0,0.2,0.7273864491772477,0.7262691338345901
X5X11,2025,227,0.0666821828732888,0.053679281041242075,0.06683823394357527,0.0004138134393185143,0,0,0.2,0.7273864491772477,0.7262691338345901
X5X11,2025,228,0.0671579082392984,0.05382157619310462,0.06662241824799114,0.00040989727490991433,0,0,0.2,0.7273864491772477,0.7262691338345901
X5X11,2025,229,0.06719050949646367,0.053484526084125905,0.06646035639224229,0.0004059872815808581,0,0,0.2,0.7273864491772477,0.7262691338345901
X5X11,2025,230,0.06593113620248106,0.05321526126585145,0.06630780255155903,0.0004020837130452092,0,0,0.2,0.7273864491772477,0.7262691338345901
X5X11,2025,231,0.0644409546835555,0.052385206316519474,0.06612594797221756,0.00039818682259993606,0,0,0.2,0.7273864491772477,0.7262691338345901
X5X11,2025,232,0.06594066011408965,0.05273643940358922,0.06599677663552699,0.00039429686310867517,0,0,0.2,0.7273864491772477,0.7262691338345901
X5X11,2025,233,0.06664460007515219,0.05294085321841033,0.06580173536622651,0.0003904140869853233,0,0,0.2,0.7273864491772477,0.7262691338345901
X5X11,2025,234,0.06716332626011637,0.05429836010034533,0.06561233677837268,0.00038653874617765907,0,0,0.2,0.7273864491772477,0.7262691338345901
X5X11,2025,235,0.06542281247675419,0.05313197224934896,0.06546176778812887,0.00038267109215099355,0,0,0.2,0.7273864491772477,0.7262691338345901
X5X11,2025,236,0.06561584646503131,0.0523076025036798,0.06531893125878126,0.00037881137587185426,0,0,0.2,0.7273864491772477,0.7262691338345901
X5X11,2025,237,0.06483838914169206,0.052196949613267096,0.06518330171743714,0.0003749598477916995,0,0,0.2,0.7273864491772477,0.7262691338345901
X5X11,2025,238,0.06415296056204373,0.0520546801580899,0.06513476974907376,0.0003711167578306666,0,0,0.2,0.7273864491772477,0.7262691338345901
X5X11,2025,239,0.06403748484121428,0.05153715475331182,0.06501601239242566,0.000367282355361356,0,0,0.2,0.7273864491772477,0.7262691338345901
X5X11,2025,240,0.06496923520333237,0.05193254942963089,0.06485474078112809,0.0003634568891926489,0,0,0.2,0.7273864491772477,0.7262691338345901
X5X11,2025,241,0.06368681622876061,0.05160507396753283,0.06476774408664338,0.00035964060755356284,0,0,0.2,0.7273864491772477,0.7262691338345901
X5X11,2025,242,0.06397760742240483,0.05169452381963315,0.06475226204625513,0.00035583375807714463,0,0,0.2,0.7273864491772477,0.7262691338345901
X5X11,2025,243,0.06299032270908356,0.0513659521130548,0.06469466551034539,0.0003520365877844011,0,0,0.2,0.7273864491772477,0.7262691338345901
X5X11,2025,244,0.06454040751689011,0.051828806824615034,0.06453654362213991,0.00034824934306827124,0,0,0.2,0.7273864491772477,0.7262691338345901
X5X11,2025,245,0.06386575516727236,0.051909103349326316,0.0643458876206919,0.0003444722696776371,0,0,0.2,0.7273864491772477,0.7262691338345901
X5X11,2025,246,0.06519708430601491,0.05139916894885077,0.06418885494626704,0.0003407056127013786,0,0,0.2,0.7273864491772477,0.7262691338345901
X5X11,2025,247,0.06440333608123991,0.051905490023847936,0.06403744898775898,0.0003369496165524686,0,0,0.2,0.7273864491772477,0.7262691338345901
X5X11,2025,248,0.06566301153765784,0.05202654640087183,0.0639438131459491,0.00033320452495211507,0,0,0.2,0.7273864491772477,0.7262691338345901
X5X11,2025,249,0.06466400374968846,0.05181066505321558,0.06385433853224472,0.0003294705809139449,0,0,0.2,0.7273864491772477,0.7262691338345901
X5X11,2025,250,0.06380380565921466,0.05183623825294384,0.06379506972534632,0.0003257480267282358,0,0,0.2,0.7273864491772477,0.7262691338345901
X5X11,2025,251,0.06410420561830203,0.05093905383123868,0.06367441318022511,0.0003220371039461941,0,0,0.2,0.7273864491772477,0.7262691338345901
X5X11,2025,252,0.06411583183540238,0.05106441314254982,0.06359518466211816,0.0003183380533642814,0,0,0.2,0.7273864491772477,0.7262691338345901
X5X11,2025,253,0.06473113285998504,0.05104701953832654,0.06343617259707085,0.0003146511150085889,0,0,0.2,0.7273864491772477,0.7262691338345901
X5X11,2025,254,0.06332404042283694,0.0506305761364923,0.06337477413631937,0.0003109765281192629,0,0,0.2,0.7273864491772477,0.7262691338345901
X5X11,2025,255,0.06315955022970836,0.05017788722826087,0.06321191137272214,0.0003073145311349808,0,0,0.2,0.7273864491772477,0.7262691338345901
X5X11,2025,256,0.062125126313832074,0.050310730068925495,0.06313761661726017,0.000303665361677479,0,0,0.2,0.7273864491772477,0.7262691338345901
X5X11,2025,257,0.062436321336362094,0.050112155682107674,0.06297946430585057,0.0003000292565361342,0,0,0.2,0.7273864491772477,0.7262691338345901
X5X11,2025,258,0.0628720364636845,0.05005458851689878,0.06283793081012037,0.0002964064516525982,0,0,0.2,0.7273864491772477,0.7262691338345901
X5X11,2025,259,0.062273993674251765,0.04996021644481714,0.06264030074986515,0.0002927971821054881,0,0,0.2,0.7273864491772477,0.7262691338345901
X5X11,2025,260,0.06279283989634779,0.05023781862120697,0.062476085627047484,0.000289201682095133,0,0,0.2,0.7273864491772477,0.7262691338345901
X5X11,2025,261,0.062435447755787105,0.04978127618319746,0.06230608066396108,0.0002856201849283756,0,0,0.2,0.7273864491772477,0.7262691338345901
X5X11,2025,262,0.06202301734851466,0.049948760765186256,0.06216818507189157,0.00028205292300343456,0,0,0.2,0.7273864491772477,0.7262691338345901
X5X11,2025,263,0.06063835405641132,0.04917631782863451,0.06198901666338167,0.00027850012779482436,0,0,0.2,0.7273864491772477,0.7262691338345901
X5X11,2025,264,0.06170095503330231,0.04918339613762455,0.06185962842215621,0.00027496202983833456,0,0,0.2,0.7273864491772477,0.7262691338345901
X5X11,2025,265,0.06112028948134846,0.049325782488394476,0.06168714422909986,0.00027143885871607143,0,0,0.2,0.7273864491772477,0.7262691338345901
X5X11,2025,266,0.06230556530257066,0.04883316393866055,0.06156653937484537,0.00026793084304155995,0,0,0.2,0.7273864491772477,0.7262691338345901
X5X11,2025,267,0.06187588576641348,0.04875519364951313,0.06150274632114267,0.00026443821044491,0,0,0.2,0.7273864491772477,0.7262691338345901
X5X11,2025,268,0.06143113267090586,0.049159854302890056,0.0614956565812309,0.000260961187558046,0,0,0.2,0.7273864491772477,0.7262691338345901
X5X11,2025,269,0.06151278027229839,0.04858186583588089,0.06137900323503548,0.00025750000000000013,0,0,0.2,0.7273864491772477,0.7262691338345901
X5X11,2025,270,0.06121548617051707,0.04913013438349185,0.061269811743860515,0.0002540548723622729,0,0,0.2,0.7273864491772477,0.7262691338345901
X5X11,2025,271,0.06023370143440035,0.04865803567637568,0.061174006137267624,0.0002506260281942595,0,0,0.2,0.7273864491772477,0.7262691338345901
X5X11,2025,272,0.061208398184842534,0.049025928442028986,0.061067034051847206,0.0002472136899887446,0,0,0.2,0.7273864491772477,0.7262691338345901
X5X11,2025,273,0.06035329525669416,0.04865942497806273,0.06105417385697365,0.00024381807916746423,0,0,0.2,0.7273864491772477,0.7262691338345901
X5X11,2025,274,0.06201397979425059,0.04877264616593071,0.06105032915042506,0.00024043941606673844,0,0,0.2,0.7273864491772477,0.7262691338345901
X5X11,2025,275,0.05970187236865362,0.04860390686919724,0.06098563811451039,0.00023707791992317402,0,0,0.2,0.7273864491772477,0.7262691338345901
X5X11,2025,276,0.060626848290363945,0.04848202815401381,0.060891934281224934,0.00023373380885943846,0,0,0.2,0.7273864491772477,0.7262691338345901
X5X11,2025,277,0.060785472186075315,0.04846666719740716,0.06076907986410395,0.00023040729987010622,0,0,0.2,0.7273864491772477,0.7262691338345901
X5X11,2025,278,0.06228743679821491,0.049009730773041216,0.06068411040755491,0.00022709860880757896,0,0,0.2,0.7273864491772477,0.7262691338345901
X5X11,2025,279,0.06042231619358063,0.04798327344811481,0.06060609187950533,0.00022380795036807793,0,0,0.2,0.7273864491772477,0.7262691338345901
X5X11,2025,280,0.05998097235957781,0.04783904445482337,0.06051100050370214,0.00022053553807771365,0,0,0.2,0.7273864491772477,0.7262691338345901
X5X11,2025,281,0.06078092215789689,0.04795435684867527,0.06040386006078392,0.00021728158427863003,0,0,0.2,0.7273864491772477,0.7262691338345901
X5X11,2025,282,0.060189033961958356,0.04820573128962862,0.06034313337433906,0.00021404630011522585,0,0,0.2,0.7273864491772477,0.7262691338345901
X5X11,2025,283,0.06175295325616995,0.04827793994848279,0.060298516479118804,0.00021082989552045445,0,0,0.2,0.7273864491772477,0.7262691338345901
X5X11,2025,284,0.06055761521889104,0.04813607460795969,0.06027798786286324,0.00020763257920220036,0,0,0.2,0.7273864491772477,0.7262691338345901
X5X11,2025,285,0.06034244327909417,0.04788761287081069,0.06010421704520624,0.00020445455862973797,0,0,0.2,0.7273864491772477,0.7262691338345901
X5X11,2025,286,0.05915250898235374,0.047585155100062275,0.060118846191221445,0.00020129604002026765,0,0,0.2,0.7273864491772477,0.7262691338345901
X5X11,2025,287,0.059725622543030314,0.04777073833078578,0.06006416942549761,0.00019815722832553553,0,0,0.2,0.7273864491772477,0.7262691338345901
X5X11,2025,288,0.06009152717888355,0.04788636775362319,0.059960290769893655,0.0001950383272185347,0,0,0.2,0.7273864491772477,0.7262691338345901
X5X11,2025,289,0.059792743581864566,0.04743037870103035,0.05978322750519192,0.0001919395390802883,0,0,0.2,0.7273864491772477,0.7262691338345901
X5X11,2025,290,0.059515861380431384,0.04773690742824389,0.059706622567126354,0.00018886106498671785,0,0,0.2,0.7273864491772477,0.7262691338345901
X5X11,2025,291,0.05896553686923451,0.04736868082682292,0.059712313529517926,0.00018580310469559565,0,0,0.2,0.7273864491772477,0.7262691338345901
X5X11,2025,292,0.05895844101905823,0.04725521204851676,0.05961527811392905,0.00018276585663358263,0,0,0.2,0.7273864491772477,0.7262691338345901
X5X11,2025,293,0.06027144338521692,0.04730735694774683,0.05951719919328021,0.00017974951788335335,0,0,0.2,0.7273864491772477,0.7262691338345901
X5X11,2025,294,0.05992219431532754,0.04727619549295177,0.05930992913624598,0.00017675428417080648,0,0,0.2,0.7273864491772477,0.7262691338345901
X5X11,2025,295,0.05836479262345367,0.0468785204016644,0.059220239165283385,0.00017378034985236535,0,0,0.2,0.7273864491772477,0.7262691338345901
X5X11,2025,296,0.06000908443497287,0.04684027886874434,0.05911134250422633,0.00017082790790236586,0,0,0.2,0.7273864491772477,0.7262691338345901
X5X11,2025,297,0.05947863621016344,0.047080236551036006,0.05913450284097245,0.00016789714990053534,0,0,0.2,0.7273864491772477,0.7262691338345901
X5X11,2025,298,0.058604020418392286,0.04709207445227582,0.05907582387170464,0.0001649882660195607,0,0,0.2,0.7273864491772477,0.7262691338345901
X5X11,2025,299,0.058569108239478536,0.046846403437075405,0.05904918967218942,0.00016210144501274828,0,0,0.2,0.7273864491772477,0.7262691338345901
X5X11,2025,300,0.058813612494203776,0.046880025537463205,0.05895008097486521,0.00015923687420177625,0,0,0.2,0.7273864491772477,0.7262691338345901
X5X11,2025,301,0.06010048256980048,0.046989342023324276,0.05887070547533098,0.00015639473946453935,0,0,0.2,0.7273864491772477,0.7262691338345901
X5X11,2025,302,0.05874317843053076,0.04665110513438349,0.058824215557367075,0.00015357522522308766,0,0,0.2,0.7273864491772477,0.7262691338345901
X5X11,2025,303,0.05812937662833267,0.046657659248683765,0.05877758189050293,0.0001507785144316601,0,0,0.2,0.7273864491772477,0.7262691338345901
X5X11,2025,304,0.05740028205845091,0.0463004442297894,0.058767775182055414,0.00014800478856481184,0,0,0.2,0.7273864491772477,0.7262691338345901
X5X11,2025,305,0.05867412582867675,0.0465820995386096,0.0587043159459003,0.0001452542276056396,0,0,0.2,0.7273864491772477,0.7262691338345901
X5X11,2025,306,0.05805561339689626,0.04665339461616848,0.05872296032412027,0.00014252701003410225,0,0,0.2,0.7273864491772477,0.7262691338345901
X5X11,2025,307,0.059638876054022044,0.04655471810603487,0.058606513514720564,0.0001398233128154396,0,0,0.2,0.7273864491772477,0.7262691338345901
X5X11,2025,308,0.0584933641884062,0.046294889322916664,0.05851075452353273,0.0001371433113886898,0,0,0.2,0.7273864491772477,0.7262691338345901
X5X11,2025,309,0.059532208989063896,0.04630267245527627,0.05849520058898383,0.0001344871796553049,0,0,0.2,0.7273864491772477,0.7262691338345901
X5X11,2025,310,0.05771146093805631,0.04596426484481148,0.05842353916042066,0.0001318550899678667,0,0,0.2,0.7273864491772477,0.7262691338345901
X5X11,2025,311,0.05784897589021259,0.0463869884988536,0.05834476423090097,0.00012924721311890296,0,0,0.2,0.7273864491772477,0.7262691338345901
X5X11,2025,312,0.05798924859199259,0.04625510280443274,0.05823172581574273,0.00012666371832980504,0,0,0.2,0.7273864491772477,0.7262691338345901
X5X11,2025,313,0.05797913401491112,0.04618993547964787,0.058179338053657256,0.00012410477323984785,0,0,0.2,0.7273864491772477,0.7262691338345901
X5X11,2025,314,0.06006550250781907,0.04617949510657269,0.058227765437944855,0.00012157054389531104,0,0,0.2,0.7273864491772477,0.7262691338345901
X5X11,2025,315,0.0585895503560702,0.0461886522376019,0.05822150510730882,0.00011906119473870497,0,0,0.2,0.7273864491772477,0.7262691338345901
X5X11,2025,316,0.05875632456607289,0.046016019782467166,0.05815292093607168,0.0001165768885981005,0,0,0.2,0.7273864491772477,0.7262691338345901
X5X11,2025,317,0.05756370143757926,0.0455622937630916,0.05811446817424247,0.00011411778667656276,0,0,0.2,0.7273864491772477,0.7262691338345901
X5X11,2025,318,0.057467697395218745,0.04582502835038779,0.0579962828171947,0.0001116840485416917,0,0,0.2,0.7273864491772477,0.7262691338345901
X5X11,2025,319,0.05827738779286543,0.04664565288156703,0.05793830652834562,0.00010927583211526703,0,0,0.2,0.7273864491772477,0.7262691338345901
X5X11,2025,320,0.057064218239651784,0.045693190113012344,0.05783440549143407,0.00010689329366300145,0,0,0.2,0.7273864491772477,0.7262691338345901
X5X11,2025,321,0.05715933897429042,0.04572113713803499,0.05779011176021957,0.00010453658778440107,0,0,0.2,0.7273864491772477,0.7262691338345901
X5X11,2025,322,0.05772667585147752,0.046197055805593294,0.057749583578062445,0.00010220586740273277,0,0,0.2,0.7273864491772477,0.7262691338345901
X5X11,2025,323,0.05764303542673588,0.04547286430027174,0.05772203857463504,9.99012837551024e-05,0,0,0.2,0.7273864491772477,0.7262691338345901
X5X11,2025,324,0.059146351698372096,0.0455768969549649,0.05765974457577738,9.76229863826401e-05,0,0,0.2,0.7273864491772477,0.7262691338345901
X5X11,2025,325,0.057268815115094185,0.04543250268023947,0.05749638037627966,9.537112312079738e-05,0,0,0.2,0.7273864491772477,0.7262691338345901
X5X11,2025,326,0.05723385823269685,0.04539658932893172,0.05741810690237101,9.314584008975433e-05,0,0,0.2,0.7273864491772477,0.7262691338345901
X5X11,2025,327,0.05724810539848275,0.045508908832937046,0.05729991821424356,9.094728168493777e-05,0,0,0.2,0.7273864491772477,0.7262691338345901
X5X11,2025,328,0.057156983556018934,0.04542278362771739,0.05725332629428339,8.877559056765208e-05,0,0,0.2,0.7273864491772477,0.7262691338345901
X5X11,2025,329,0.05727586212257544,0.0458205515101336,0.05725073022028756,8.663090765582167e-05,0,0,0.2,0.7273864491772477,0.7262691338345901
X5X11,2025,330,0.05735028721392155,0.04521278854591259,0.05713786658826013,8.451337211484718e-05,0,0,0.2,0.7273864491772477,0.7262691338345901
X5X11,2025,331,0.056781292582551636,0.045465395454738454,0.05708411589225449,8.242312134857536e-05,0,0,0.2,0.7273864491772477,0.7262691338345901
X5X11,2025,332,0.056997884064912796,0.0454812672490659,0.05702739002961646,8.036029099038284e-05,0,0,0.2,0.7273864491772477,0.7262691338345901
X5X11,2025,333,0.0574108035200172,0.044970903833361636,0.05693155626653048,7.83250148943756e-05,0,0,0.2,0.7273864491772477,0.7262691338345901
X5X11,2025,334,0.056670960038900375,0.045109416132387906,0.05693638709092898,7.631742512670284e-05,0,0,0.2,0.7273864491772477,0.7262691338345901
X5X11,2025,335,0.05663485431836711,0.044661887348562045,0.05681255451901249,7.433765195698761e-05,0,0,0.2,0.7273864491772477,0.7262691338345901
X5X11,2025,336,0.05694580740398831,0.04513556819307631,0.056768207470812494,7.238582384987364e-05,0,0,0.2,0.7273864491772477,0.7262691338345901
X5X11,2025,337,0.056274362115396395,0.04537828245301177,0.05675332130933249,7.04620674566897e-05,0,0,0.2,0.7273864491772477,0.7262691338345901
X5X11,2025,338,0.05658527111841573,0.04505229978699615,0.056726508542264575,6.856650760723151e-05,0,0,0.2,0.7273864491772477,0.7262691338345901
X5X11,2025,339,0.05741317984130648,0.045421472433338994,0.05671601665634958,6.669926730166114e-05,0,0,0.2,0.7273864491772477,0.7262691338345901
X5X11,2025,340,0.05590725152028932,0.045136164524244224,0.05670467966172115,6.486046770252613e-05,0,0,0.2,0.7273864491772477,0.7262691338345901
X5X11,2025,341,0.05593545362353325,0.04496539067807405,0.056653400429736364,6.305022812689734e-05,0,0,0.2,0.7273864491772477,0.7262691338345901
X5X11,2025,342,0.05596809585889181,0.04492298668018286,0.05666435351250348,6.126866603862663e-05,0,0,0.2,0.7273864491772477,0.7262691338345901
X5X11,2025,343,0.055714166826672025,0.04489589684527853,0.05662250636076486,5.951589704072504e-05,0,0,0.2,0.7273864491772477,0.7262691338345901
X5X11,2025,344,0.057744482739104167,0.0449992016778476,0.056542910714313464,5.7792034867860855e-05,0,0,0.2,0.7273864491772477,0.7262691338345901
X5X11,2025,345,0.056545867688126035,0.04510945629175159,0.056481405314077776,5.609719137898003e-05,0,0,0.2,0.7273864491772477,0.7262691338345901
X5X11,2025,346,0.056337527102894254,0.045042963088768116,0.0564764521069943,5.443147655004788e-05,0,0,0.2,0.7273864491772477,0.7262691338345901
X5X11,2025,347,0.05692124884161684,0.04547294329214787,0.056464575842101745,5.279499846691251e-05,0,0,0.2,0.7273864491772477,0.7262691338345901
X5X11,2025,348,0.05668503729005655,0.04490079031681669,0.05648465396432334,5.118786331829171e-05,0,0,0.2,0.7273864491772477,0.7262691338345901
X5X11,2025,349,0.05693665395180384,0.04506817144863847,0.056455725439326476,4.961017538888201e-05,0,0,0.2,0.7273864491772477,0.7262691338345901
X5X11,2025,350,0.057037785235378474,0.04456754716513813,0.05636819225376246,4.806203705259236e-05,0,0,0.2,0.7273864491772477,0.7262691338345901
X5X11,2025,351,0.05627342334224118,0.04475868220674819,0.056374605400142844,4.654354876590071e-05,0,0,0.2,0.7273864491772477,0.7262691338345901
X5X11,2025,352,0.057011307320661016,0.04491827587182971,0.05643248087948277,4.5054809061335864e-05,0,0,0.2,0.7273864491772477,0.7262691338345901
X5X11,2025,353,0.05611909387840165,0.04459845828733582,0.056477602216459456,4.3595914541083995e-05,0,0,0.2,0.7273864491772477,0.7262691338345901
X5X11,2025,354,0.05573929494453801,0.04453914998372396,0.05647019756139902,4.2166959870719715e-05,0,0,0.2,0.7273864491772477,0.7262691338345901
X5X11,2025,355,0.05537934663395087,0.04421518855440444,0.05637525276295722,4.0768037773063865e-05,0,0,0.2,0.7273864491772477,0.7262691338345901
X5X11,2025,356,0.05653083696961403,0.04496750045997509,0.05640556414922079,3.939923902216652e-05,0,0,0.2,0.7273864491772477,0.7262691338345901
X5X11,2025,357,0.05669640584124459,0.04477159052309783,0.05640939112614702,3.806065243741714e-05,0,0,0.2,0.7273864491772477,0.7262691338345901
X5X11,2025,358,0.05669600268205007,0.044708919182376586,0.05645037749930033,3.675236487778103e-05,0,0,0.2,0.7273864491772477,0.7262691338345901
X5X11,2025,359,0.05597777209348149,0.044660131659024,0.05646926956990409,3.5474461236162985e-05,0,0,0.2,0.7273864491772477,0.7262691338345901
X5X11,2025,360,0.05557498294446203,0.0444112084430197,0.056409312914761284,3.4227024433899005e-05,0,0,0.2,0.7273864491772477,0.7262691338345901
X5X11,2025,361,0.05604192759427759,0.04431434843643852,0.056331752015957755,3.3010135415375565e-05,0,0,0.2,0.7273864491772477,0.7262691338345901
X5X11,2025,362,0.05715083868967162,0.04459005454243093,0.05632903156851335,3.1823873142777125e-05,0,0,0.2,0.7273864491772477,0.7262691338345901
X5X11,2025,363,0.05691564393540224,0.044353189750339674,0.05624928069177759,3.066831459096272e-05,0,0,0.2,0.7273864491772477,0.7262691338345901
X5X11,2025,364,0.05555866907040278,0.04447608049917912,0.05630148323400626,2.954353474247074e-05,0,0,0.2,0.7273864491772477,0.7262691338345901
X5X11,2025,365,0.05575064197182655,0.04457833017542742,0.056308186943174666,2.8449606582653618e-05,0,0,0.2,0.7273864491772477,0.7262691338345901
X5X11,2025,366,0.05718240679966079,0.04427865114073822,0.056350475098326726,2.7386601094942082e-05,0,0,0.2,0.7273864491772477,0.7262691338345901
X5X11,2025,367,0.05641789361834526,0.04443483656731205,0.05630951020965186,2.6354587256238774e-05,0,0,0.2,0.7273864491772477,0.7262691338345901
X5X11,2025,368,0.05778196267783642,0.04438932787024456,0.05627494022526122,2.535363203244282e-05,0,0,0.2,0.7273864491772477,0.7262691338345901
X5X11,2025,369,0.057081770772735275,0.04441629620980525,0.056307454302749305,2.4383800374104253e-05,0,0,0.2,0.7273864491772477,0.7262691338345901
X5X11,2025,370,0.05567756419380506,0.04422452109516531,0.056349231896025156,2.3445155212209604e-05,0,0,0.2,0.7273864491772477,0.7262691338345901
X5X11,2025,371,0.05540900636050436,0.044378268211475315,0.05637025841999622,2.2537757454098255e-05,0,0,0.2,0.7273864491772477,0.7262691338345901
X5X11,2025,372,0.056216293945908546,0.04456177553923234,0.05636166303206689,2.1661665979510303e-05,0,0,0.2,0.7273864491772477,0.7262691338345901
X5X11,2025,373,0.0553365389092101,0.04435783355270607,0.05628090312398931,2.0816937636766185e-05,0,0,0.2,0.7273864491772477,0.7262691338345901
X5X11,2025,374,0.057215347265203796,0.0448185352270154,0.056253046428085006,2.0003627239077502e-05,0,0,0.2,0.7273864491772477,0.7262691338345901
X5X11,2025,375,0.0558800728370746,0.0442045068713202,0.05630569615297848,1.9221787560990352e-05,0,0,0.2,0.7273864491772477,0.7262691338345901
X5X11,2025,376,0.056267397892143994,0.04476243144602016,0.05632474100976079,1.8471469334961106e-05,0,0,0.2,0.7273864491772477,0.7262691338345901
X5X11,2025,377,0.05567057430744171,0.04460766442340353,0.056252695038599324,1.775272124806412e-05,0,0,0.2,0.7273864491772477,0.7262691338345901
X5X11,2025,378,0.05597043616904153,0.044442049463244454,0.05623614980233095,1.7065589938832845e-05,0,0,0.2,0.7273864491772477,0.7262691338345901
X5X11,2025,379,0.05737879830929968,0.04449146383534307,0.0561186161444143,1.6410119994233144e-05,0,0,0.2,0.7273864491772477,0.7262691338345901
X5X11,2025,380,0.056855101552274495,0.0445071338598279,0.056054187485228765,1.5786353946770484e-05,0,0,0.2,0.7273864491772477,0.7262691338345901
X5X11,2025,381,0.056016539947854146,0.04452484281235847,0.05607480931258391,1.5194332271729696e-05,0,0,0.2,0.7273864491772477,0.7262691338345901
X5X11,2025,382,0.05586142444776164,0.04432798125778419,0.05616419390829468,1.4634093384548982e-05,0,0,0.2,0.7273864491772477,0.7262691338345901
X5X11,2025,383,0.05545488062004248,0.044602868563887,0.05609563466102358,1.4105673638326796e-05,0,0,0.2,0.7273864491772477,0.7262691338345901
X5X11,2025,384,0.05633065332141188,0.04435209094061368,0.0561631173880958,1.3609107321463285e-05,0,0,0.2,0.7273864491772477,0.7262691338345901
X5X11,2025,385,0.05666431329316563,0.044305831245754074,0.0561261518055169,1.314442665543507e-05,0,0,0.2,0.7273864491772477,0.7262691338345901
X5X11,2025,386,0.056150583964255124,0.04440996398925781,0.05616295943775821,1.2711661792704722e-05,0,0,0.2,0.7273864491772477,0.7262691338345901
X5X11,2025,387,0.05566944140526983,0.04417720186537591,0.05612418642908177,1.231084081476393e-05,0,0,0.2,0.7273864491772477,0.7262691338345901
X5X11,2025,388,0.05607044365670946,0.04446791501252548,0.056119150299795716,1.1941989730311609e-05,0,0,0.2,0.7273864491772477,0.7262691338345901
X5X11,2025,389,0.055313755861586995,0.04405259739972543,0.05610046240072403,1.1605132473566086e-05,0,0,0.2,0.7273864491772477,0.7262691338345901
X5X11,2025,390,0.055728768929839134,0.04429056750311368,0.05603654560529524,1.1300290902711933e-05,0,0,0.2,0.7273864491772477,0.7262691338345901
X5X11,2025,391,0.05611062256826295,0.04422474763289742,0.055993463713348963,1.1027484798481829e-05,0,0,0.2,0.7273864491772477,0.7262691338345901
X5X11,2025,392,0.05728608287043042,0.04440262645776721,0.055992181700320894,1.0786731862872998e-05,0,0,0.2,0.7273864491772477,0.7262691338345901
X5X11,2025,393,0.05477654975321558,0.044066834999858466,0.05599987330341262,1.0578047717998313e-05,1,0,0.2,0.7273864491772477,0.7262691338345901
X5X11,2025,394,0.05675367617772685,0.04450030659108922,0.056033935346123255,1.0401445905073056e-05,0,0,0.2,0.7273864491772477,0.7262691338345901
X5X11,2025,395,0.05643907003104687,0.04427969820326653,0.056014154147770674,1.0256937883535627e-05,0,0,0.2,0.7273864491772477,0.7262691338345901
X5X11,2025,396,0.05665303311414189,0.044025717561141306,0.0559677142088139,1.0144533030304495e-05,0,0,0.2,0.7273864491772477,0.7262691338345901
X5X11,2025,397,0.0554531647099389,0.044118056499094206,0.05595364730454919,1.0064238639169536e-05,0,0,0.2,0.7273864491772477,0.7262691338345901
X5X11,2025,398,0.055564815592434674,0.043873552405315895,0.05597733112948913,1.0016059920318663e-05,0,0,0.2,0.7273864491772477,0.7262691338345901
X5X11,2025,399,0.05557799028853575,0.04418279233186141,0.055968866354287286,1e-05,0,1,0.2,0.7273864491772477,0.7262691338345901
