canonical_id,section,segment,s_mm,layer,source,check,value,note
AAA/ruputer/DING_JUN_FENG,48,0,94.96741485595703,L1,ref,nonstar_from_centerline,0.10399619035962065,reversed-edge area fraction
AAA/ruputer/DING_JUN_FENG,52,0,102.88136291503906,L1,ref,nonstar_from_centerline,0.016558238774084244,reversed-edge area fraction
AAA/ruputer/DING_JUN_FENG,48,0,94.96741485595703,L2,ref,area_vs_volume_dVds,0.8795050585024371,A_ref=541.1 A_vol=287.9 mm2
AAA/ruputer/DING_JUN_FENG,53,0,104.85985565185547,L2,ref,area_vs_volume_dVds,0.27322430905490247,A_ref=1085.6 A_vol=852.6 mm2
AAA/ruputer/DING_JUN_FENG,54,0,106.83834075927734,L2,ref,area_vs_volume_dVds,0.309453785619517,A_ref=1274.4 A_vol=973.2 mm2
AAA/ruputer/DING_JUN_FENG,55,0,108.81682586669922,L2,ref,area_vs_volume_dVds,0.2595732443072887,A_ref=1495.9 A_vol=1187.6 mm2
AAA/ruputer/DING_JUN_FENG,56,0,110.79531860351562,L2,ref,area_vs_volume_dVds,0.27366356777085477,A_ref=1756.7 A_vol=1379.2 mm2
AAA/ruputer/DING_JUN_FENG,63,0,124.64472961425781,L2,ref,area_vs_volume_dVds,-0.23221648442438858,A_ref=2357.4 A_vol=3070.4 mm2
AAA/ruputer/DING_JUN_FENG,53,0,104.85985565185547,L2,pc,area_vs_volume_dVds,0.28472134907345437,A_pc=1095.4 A_vol=852.6 mm2
AAA/ruputer/DING_JUN_FENG,54,0,106.83834075927734,L2,pc,area_vs_volume_dVds,0.30855987104183824,A_pc=1273.5 A_vol=973.2 mm2
AAA/ruputer/DING_JUN_FENG,55,0,108.81682586669922,L2,pc,area_vs_volume_dVds,0.2555693166727191,A_pc=1491.2 A_vol=1187.6 mm2
AAA/ruputer/DING_JUN_FENG,56,0,110.79531860351562,L2,pc,area_vs_volume_dVds,0.2603667623217787,A_pc=1738.3 A_vol=1379.2 mm2
AAA/ruputer/DING_JUN_FENG,63,0,124.64472961425781,L2,pc,area_vs_volume_dVds,-0.23541697819739005,A_pc=2347.6 A_vol=3070.4 mm2
AAA/ruputer/DING_JUN_FENG,52,0,102.88136291503906,L2,ref,A_over_piRmis2,3.3242805004119873,A=778.8 Rmis=8.64
AAA/ruputer/DING_JUN_FENG,53,0,104.85985565185547,L2,ref,A_over_piRmis2,3.77630352973938,A=1085.6 Rmis=9.57
AAA/ruputer/DING_JUN_FENG,54,0,106.83834075927734,L2,ref,A_over_piRmis2,3.511306047439575,A=1274.4 Rmis=10.75
AAA/ruputer/DING_JUN_FENG,55,0,108.81682586669922,L2,ref,A_over_piRmis2,3.2879228591918945,A=1495.9 Rmis=12.03
AAA/ruputer/DING_JUN_FENG,56,0,110.79531860351562,L2,ref,A_over_piRmis2,3.086732864379883,A=1756.7 Rmis=13.46
AAA/ruputer/DING_JUN_FENG,48,0,94.96741485595703,L2,ref,adjacent_jump,2.063997745513916,A[47]=262.2 -> A[48]=541.1
AAA/ruputer/DING_JUN_FENG,49,0,96.9458999633789,L2,ref,adjacent_jump,2.0073695182800293,A[48]=541.1 -> A[49]=269.6
AAA/ruputer/DING_JUN_FENG,52,0,102.88136291503906,L2,ref,adjacent_jump,1.9312525987625122,A[51]=403.3 -> A[52]=778.8
AAA/ruputer/DING_JUN_FENG,151,2,45.572139739990234,L2,ref,adjacent_jump,1.6695576906204224,A[150]=43.7 -> A[151]=26.2
AAA/ruputer/DING_JUN_FENG,171,3,9.735289573669434,L2,ref,adjacent_jump,1.882035255432129,A[170]=16.3 -> A[171]=8.6
AAA/ruputer/DING_JUN_FENG,257,6,17.468738555908203,L2,ref,adjacent_jump,1.5304367542266846,A[256]=16.3 -> A[257]=25.0
AAA/ruputer/FENG_LI_XIN,50,0,99.54330444335938,L1,ref,nonstar_from_centerline,0.030860885685624916,reversed-edge area fraction
AAA/ruputer/FENG_LI_XIN,51,0,101.53417205810547,L1,ref,nonstar_from_centerline,0.055453500209885404,reversed-edge area fraction
AAA/ruputer/FENG_LI_XIN,63,0,125.424560546875,L1,ref,nonstar_from_centerline,0.023343783051061873,reversed-edge area fraction
AAA/ruputer/FENG_LI_XIN,64,0,127.4154281616211,L1,ref,nonstar_from_centerline,0.01588577422874068,reversed-edge area fraction
AAA/ruputer/FENG_LI_XIN,65,0,129.4062957763672,L1,ref,nonstar_from_centerline,0.01766610969619218,reversed-edge area fraction
AAA/ruputer/FENG_LI_XIN,66,0,131.39715576171875,L1,ref,nonstar_from_centerline,0.047786556430099325,reversed-edge area fraction
AAA/ruputer/FENG_LI_XIN,67,0,133.38803100585938,L1,ref,nonstar_from_centerline,0.04850179922027007,reversed-edge area fraction
AAA/ruputer/FENG_LI_XIN,68,0,135.37889099121094,L1,ref,nonstar_from_centerline,0.027840664117541724,reversed-edge area fraction
AAA/ruputer/FENG_LI_XIN,362,6,45.1411247253418,L1,ref,nonstar_from_centerline,0.0315387199581344,reversed-edge area fraction
AAA/ruputer/FENG_LI_XIN,48,0,95.56156921386719,L2,ref,area_vs_volume_dVds,-0.297549408477353,A_ref=341.1 A_vol=485.5 mm2
AAA/ruputer/FENG_LI_XIN,49,0,97.55243682861328,L2,ref,area_vs_volume_dVds,-0.8948425476127241,A_ref=310.1 A_vol=2949.0 mm2
AAA/ruputer/FENG_LI_XIN,50,0,99.54330444335938,L2,ref,area_vs_volume_dVds,-0.8635489749853333,A_ref=326.8 A_vol=2395.1 mm2
AAA/ruputer/FENG_LI_XIN,51,0,101.53417205810547,L2,ref,area_vs_volume_dVds,-0.7142996692656212,A_ref=355.5 A_vol=1244.3 mm2
AAA/ruputer/FENG_LI_XIN,52,0,103.52503204345703,L2,ref,area_vs_volume_dVds,-0.7483538728315811,A_ref=267.2 A_vol=1062.0 mm2
AAA/ruputer/FENG_LI_XIN,53,0,105.51589965820312,L2,ref,area_vs_volume_dVds,-0.6741672569106023,A_ref=276.0 A_vol=847.2 mm2
AAA/ruputer/FENG_LI_XIN,54,0,107.50676727294922,L2,ref,area_vs_volume_dVds,-0.528402144172033,A_ref=291.9 A_vol=618.9 mm2
AAA/ruputer/FENG_LI_XIN,55,0,109.49763488769531,L2,ref,area_vs_volume_dVds,-0.25816561852801867,A_ref=303.9 A_vol=409.6 mm2
AAA/ruputer/FENG_LI_XIN,57,0,113.47936248779297,L2,ref,area_vs_volume_dVds,-0.45586575164436827,A_ref=293.5 A_vol=539.4 mm2
AAA/ruputer/FENG_LI_XIN,58,0,115.47023010253906,L2,ref,area_vs_volume_dVds,-0.2683046868977228,A_ref=298.0 A_vol=407.3 mm2
AAA/ruputer/FENG_LI_XIN,63,0,125.424560546875,L2,ref,area_vs_volume_dVds,17.09431409270872,A_ref=5662.1 A_vol=312.9 mm2
AAA/ruputer/FENG_LI_XIN,64,0,127.4154281616211,L2,ref,area_vs_volume_dVds,14.993946890024985,A_ref=5138.2 A_vol=321.3 mm2
AAA/ruputer/FENG_LI_XIN,65,0,129.4062957763672,L2,ref,area_vs_volume_dVds,9.830782848339194,A_ref=3393.0 A_vol=313.3 mm2
AAA/ruputer/FENG_LI_XIN,66,0,131.39715576171875,L2,ref,area_vs_volume_dVds,3.477481639622341,A_ref=1501.4 A_vol=335.3 mm2
AAA/ruputer/FENG_LI_XIN,67,0,133.38803100585938,L2,ref,area_vs_volume_dVds,1.8838710767910345,A_ref=998.9 A_vol=346.4 mm2
AAA/ruputer/FENG_LI_XIN,68,0,135.37889099121094,L2,ref,area_vs_volume_dVds,0.996563435669765,A_ref=829.6 A_vol=415.5 mm2
AAA/ruputer/FENG_LI_XIN,69,0,137.3697509765625,L2,ref,area_vs_volume_dVds,0.3744198370066465,A_ref=984.6 A_vol=716.4 mm2
AAA/ruputer/FENG_LI_XIN,70,0,139.36062622070312,L2,ref,area_vs_volume_dVds,0.3558872185503408,A_ref=1470.4 A_vol=1084.5 mm2
AAA/ruputer/FENG_LI_XIN,71,0,141.3514862060547,L2,ref,area_vs_volume_dVds,0.888742274393254,A_ref=1944.1 A_vol=1029.3 mm2
AAA/ruputer/FENG_LI_XIN,72,0,143.3423614501953,L2,ref,area_vs_volume_dVds,0.7813528081728998,A_ref=2207.6 A_vol=1239.3 mm2
AAA/ruputer/FENG_LI_XIN,73,0,145.33322143554688,L2,ref,area_vs_volume_dVds,0.34946363724847873,A_ref=2492.7 A_vol=1847.2 mm2
AAA/ruputer/FENG_LI_XIN,74,0,147.32408142089844,L2,ref,area_vs_volume_dVds,0.34077968089641675,A_ref=2892.8 A_vol=2157.5 mm2
AAA/ruputer/FENG_LI_XIN,75,0,149.31495666503906,L2,ref,area_vs_volume_dVds,0.28607636279175064,A_ref=3326.1 A_vol=2586.2 mm2
AAA/ruputer/FENG_LI_XIN,76,0,151.30581665039062,L2,ref,area_vs_volume_dVds,0.2829885407119024,A_ref=3746.5 A_vol=2920.2 mm2
AAA/ruputer/FENG_LI_XIN,77,0,153.29669189453125,L2,ref,area_vs_volume_dVds,0.20423487751787084,A_ref=4110.8 A_vol=3413.7 mm2
AAA/ruputer/FENG_LI_XIN,78,0,155.2875518798828,L2,ref,area_vs_volume_dVds,0.2465187789669625,A_ref=4439.9 A_vol=3561.8 mm2
AAA/ruputer/FENG_LI_XIN,80,0,159.269287109375,L2,ref,area_vs_volume_dVds,0.20832412012912482,A_ref=5010.1 A_vol=4146.4 mm2
AAA/ruputer/FENG_LI_XIN,286,5,35.98493194580078,L2,ref,area_vs_volume_dVds,1.8930687326733882,A_ref=518.4 A_vol=179.2 mm2
AAA/ruputer/FENG_LI_XIN,287,5,37.98409652709961,L2,ref,area_vs_volume_dVds,0.6734289199296497,A_ref=471.8 A_vol=281.9 mm2
AAA/ruputer/FENG_LI_XIN,289,5,41.982421875,L2,ref,area_vs_volume_dVds,0.2050810061149646,A_ref=270.1 A_vol=224.1 mm2
AAA/ruputer/FENG_LI_XIN,359,6,39.253150939941406,L2,ref,area_vs_volume_dVds,0.52437942631262,A_ref=419.2 A_vol=275.0 mm2
AAA/ruputer/FENG_LI_XIN,361,6,43.178466796875,L2,ref,area_vs_volume_dVds,0.20533926724594154,A_ref=200.2 A_vol=166.1 mm2
AAA/ruputer/FENG_LI_XIN,362,6,45.1411247253418,L2,ref,area_vs_volume_dVds,3.347710860753865,A_ref=406.6 A_vol=93.5 mm2
AAA/ruputer/FENG_LI_XIN,364,6,49.06644058227539,L2,ref,area_vs_volume_dVds,-0.21440547908651575,A_ref=65.9 A_vol=83.9 mm2
AAA/ruputer/FENG_LI_XIN,48,0,95.56156921386719,L2,pc,area_vs_volume_dVds,-0.2807609400677552,A_pc=349.2 A_vol=485.5 mm2
AAA/ruputer/FENG_LI_XIN,72,0,143.3423614501953,L2,pc,area_vs_volume_dVds,0.7969089407310961,A_pc=2226.8 A_vol=1239.3 mm2
AAA/ruputer/FENG_LI_XIN,73,0,145.33322143554688,L2,pc,area_vs_volume_dVds,0.3767303777788553,A_pc=2543.1 A_vol=1847.2 mm2
AAA/ruputer/FENG_LI_XIN,74,0,147.32408142089844,L2,pc,area_vs_volume_dVds,0.35430498305372504,A_pc=2921.9 A_vol=2157.5 mm2
AAA/ruputer/FENG_LI_XIN,75,0,149.31495666503906,L2,pc,area_vs_volume_dVds,0.2902496958483105,A_pc=3336.9 A_vol=2586.2 mm2
AAA/ruputer/FENG_LI_XIN,76,0,151.30581665039062,L2,pc,area_vs_volume_dVds,0.27421416561992507,A_pc=3720.9 A_vol=2920.2 mm2
AAA/ruputer/FENG_LI_XIN,77,0,153.29669189453125,L2,pc,area_vs_volume_dVds,0.20031593696053096,A_pc=4097.5 A_vol=3413.7 mm2
AAA/ruputer/FENG_LI_XIN,78,0,155.2875518798828,L2,pc,area_vs_volume_dVds,0.2447861434445282,A_pc=4433.7 A_vol=3561.8 mm2
AAA/ruputer/FENG_LI_XIN,80,0,159.269287109375,L2,pc,area_vs_volume_dVds,0.20464843084039286,A_pc=4994.9 A_vol=4146.4 mm2
AAA/ruputer/FENG_LI_XIN,288,5,39.98325729370117,L2,pc,area_vs_volume_dVds,1.012650798646059,A_pc=565.3 A_vol=280.9 mm2
AAA/ruputer/FENG_LI_XIN,63,0,125.424560546875,L2,ref,A_over_piRmis2,24.65117835998535,A=5662.1 Rmis=8.55
AAA/ruputer/FENG_LI_XIN,64,0,127.4154281616211,L2,ref,A_over_piRmis2,22.45749855041504,A=5138.2 Rmis=8.53
AAA/ruputer/FENG_LI_XIN,65,0,129.4062957763672,L2,ref,A_over_piRmis2,14.334431648254395,A=3393.0 Rmis=8.68
AAA/ruputer/FENG_LI_XIN,66,0,131.39715576171875,L2,ref,A_over_piRmis2,6.201622009277344,A=1501.4 Rmis=8.78
AAA/ruputer/FENG_LI_XIN,67,0,133.38803100585938,L2,ref,A_over_piRmis2,3.9298715591430664,A=998.9 Rmis=8.99
AAA/ruputer/FENG_LI_XIN,69,0,137.3697509765625,L2,ref,A_over_piRmis2,3.110518217086792,A=984.6 Rmis=10.04
AAA/ruputer/FENG_LI_XIN,70,0,139.36062622070312,L2,ref,A_over_piRmis2,3.945598840713501,A=1470.4 Rmis=10.89
AAA/ruputer/FENG_LI_XIN,71,0,141.3514862060547,L2,ref,A_over_piRmis2,4.468579292297363,A=1944.1 Rmis=11.77
AAA/ruputer/FENG_LI_XIN,72,0,143.3423614501953,L2,ref,A_over_piRmis2,4.252506732940674,A=2207.6 Rmis=12.85
AAA/ruputer/FENG_LI_XIN,73,0,145.33322143554688,L2,ref,A_over_piRmis2,4.036342620849609,A=2492.7 Rmis=14.02
AAA/ruputer/FENG_LI_XIN,74,0,147.32408142089844,L2,ref,A_over_piRmis2,3.9278366565704346,A=2892.8 Rmis=15.31
AAA/ruputer/FENG_LI_XIN,75,0,149.31495666503906,L2,ref,A_over_piRmis2,3.7961249351501465,A=3326.1 Rmis=16.70
AAA/ruputer/FENG_LI_XIN,76,0,151.30581665039062,L2,ref,A_over_piRmis2,3.6424455642700195,A=3746.5 Rmis=18.09
AAA/ruputer/FENG_LI_XIN,77,0,153.29669189453125,L2,ref,A_over_piRmis2,3.4098827838897705,A=4110.8 Rmis=19.59
AAA/ruputer/FENG_LI_XIN,78,0,155.2875518798828,L2,ref,A_over_piRmis2,3.167757987976074,A=4439.9 Rmis=21.12
AAA/ruputer/FENG_LI_XIN,362,6,45.1411247253418,L2,ref,A_over_piRmis2,5.930314064025879,A=406.6 Rmis=4.67
AAA/ruputer/FENG_LI_XIN,63,0,125.424560546875,L2,ref,adjacent_jump,17.109073638916016,A[62]=330.9 -> A[63]=5662.1
AAA/ruputer/FENG_LI_XIN,65,0,129.4062957763672,L2,ref,adjacent_jump,1.5143506526947021,A[64]=5138.2 -> A[65]=3393.0
AAA/ruputer/FENG_LI_XIN,66,0,131.39715576171875,L2,ref,adjacent_jump,2.2599058151245117,A[65]=3393.0 -> A[66]=1501.4
AAA/ruputer/FENG_LI_XIN,67,0,133.38803100585938,L2,ref,adjacent_jump,1.5030995607376099,A[66]=1501.4 -> A[67]=998.9
AAA/ruputer/FENG_LI_XIN,362,6,45.1411247253418,L2,ref,adjacent_jump,2.0309927463531494,A[361]=200.2 -> A[362]=406.6
AAA/ruputer/FENG_LI_XIN,363,6,47.103782653808594,L2,ref,adjacent_jump,5.5482563972473145,A[362]=406.6 -> A[363]=73.3
AAA/ruputer/GAO_FENG_SHAN,115,1,25.769851684570312,L1,ref,nonstar_from_centerline,0.04611129429414364,reversed-edge area fraction
AAA/ruputer/GAO_FENG_SHAN,116,1,27.75214958190918,L1,ref,nonstar_from_centerline,0.05640222119456734,reversed-edge area fraction
AAA/ruputer/GAO_FENG_SHAN,117,1,29.734445571899414,L1,ref,nonstar_from_centerline,0.06363649332620337,reversed-edge area fraction
AAA/ruputer/GAO_FENG_SHAN,118,1,31.71674156188965,L1,ref,nonstar_from_centerline,0.07052348838621701,reversed-edge area fraction
AAA/ruputer/GAO_FENG_SHAN,119,1,33.699039459228516,L1,ref,nonstar_from_centerline,0.07880818549159903,reversed-edge area fraction
AAA/ruputer/GAO_FENG_SHAN,120,1,35.68133544921875,L1,ref,nonstar_from_centerline,0.08931888107009978,reversed-edge area fraction
AAA/ruputer/GAO_FENG_SHAN,121,1,37.663631439208984,L1,ref,nonstar_from_centerline,0.0977614287677937,reversed-edge area fraction
AAA/ruputer/GAO_FENG_SHAN,147,2,31.07634162902832,L1,ref,nonstar_from_centerline,0.0010436910315720013,reversed-edge area fraction
AAA/ruputer/GAO_FENG_SHAN,214,4,37.779544830322266,L1,ref,nonstar_from_centerline,0.023768430051329864,reversed-edge area fraction
AAA/ruputer/GAO_FENG_SHAN,215,4,39.767940521240234,L1,ref,nonstar_from_centerline,0.009910291770049007,reversed-edge area fraction
AAA/ruputer/GAO_FENG_SHAN,216,4,41.7563362121582,L1,ref,nonstar_from_centerline,0.15306150463049012,reversed-edge area fraction
AAA/ruputer/GAO_FENG_SHAN,67,0,133.24830627441406,L2,ref,area_vs_volume_dVds,0.20245711912695064,A_ref=1331.7 A_vol=1107.5 mm2
AAA/ruputer/GAO_FENG_SHAN,71,0,141.20343017578125,L2,ref,area_vs_volume_dVds,0.24927981615524253,A_ref=2406.8 A_vol=1926.5 mm2
AAA/ruputer/GAO_FENG_SHAN,72,0,143.1922149658203,L2,ref,area_vs_volume_dVds,0.3131606973130465,A_ref=2654.2 A_vol=2021.2 mm2
AAA/ruputer/GAO_FENG_SHAN,75,0,149.15855407714844,L2,ref,area_vs_volume_dVds,-0.34548732594834775,A_ref=2734.4 A_vol=4177.7 mm2
AAA/ruputer/GAO_FENG_SHAN,76,0,151.1473388671875,L2,ref,area_vs_volume_dVds,-0.21612065546667047,A_ref=2738.2 A_vol=3493.1 mm2
AAA/ruputer/GAO_FENG_SHAN,77,0,153.1361083984375,L2,ref,area_vs_volume_dVds,-0.3460756475762312,A_ref=2773.0 A_vol=4240.6 mm2
AAA/ruputer/GAO_FENG_SHAN,78,0,155.12489318847656,L2,ref,area_vs_volume_dVds,-0.33193918284601287,A_ref=2843.1 A_vol=4255.8 mm2
AAA/ruputer/GAO_FENG_SHAN,80,0,159.10244750976562,L2,ref,area_vs_volume_dVds,-0.2595353144798975,A_ref=3011.2 A_vol=4066.6 mm2
AAA/ruputer/GAO_FENG_SHAN,96,0,190.92294311523438,L2,ref,area_vs_volume_dVds,0.20433132024062495,A_ref=2552.9 A_vol=2119.8 mm2
AAA/ruputer/GAO_FENG_SHAN,115,1,25.769851684570312,L2,ref,area_vs_volume_dVds,2.0279515672996595,A_ref=2097.8 A_vol=692.8 mm2
AAA/ruputer/GAO_FENG_SHAN,116,1,27.75214958190918,L2,ref,area_vs_volume_dVds,1.9169134775469363,A_ref=1948.2 A_vol=667.9 mm2
AAA/ruputer/GAO_FENG_SHAN,117,1,29.734445571899414,L2,ref,area_vs_volume_dVds,1.9198814290204265,A_ref=1825.0 A_vol=625.0 mm2
AAA/ruputer/GAO_FENG_SHAN,118,1,31.71674156188965,L2,ref,area_vs_volume_dVds,1.919440531982953,A_ref=1724.8 A_vol=590.8 mm2
AAA/ruputer/GAO_FENG_SHAN,119,1,33.699039459228516,L2,ref,area_vs_volume_dVds,1.9772947078360614,A_ref=1643.2 A_vol=551.9 mm2
AAA/ruputer/GAO_FENG_SHAN,120,1,35.68133544921875,L2,ref,area_vs_volume_dVds,2.3222844081833753,A_ref=1594.0 A_vol=479.8 mm2
AAA/ruputer/GAO_FENG_SHAN,121,1,37.663631439208984,L2,ref,area_vs_volume_dVds,2.802385243826009,A_ref=1642.8 A_vol=432.1 mm2
AAA/ruputer/GAO_FENG_SHAN,214,4,37.779544830322266,L2,ref,area_vs_volume_dVds,0.7462594403711735,A_ref=467.1 A_vol=267.5 mm2
AAA/ruputer/GAO_FENG_SHAN,215,4,39.767940521240234,L2,ref,area_vs_volume_dVds,-0.415659674883457,A_ref=343.2 A_vol=587.3 mm2
AAA/ruputer/GAO_FENG_SHAN,216,4,41.7563362121582,L2,ref,area_vs_volume_dVds,-0.2327505285491963,A_ref=458.4 A_vol=597.4 mm2
AAA/ruputer/GAO_FENG_SHAN,217,4,43.74473571777344,L2,ref,area_vs_volume_dVds,-0.9035790391516392,A_ref=67.9 A_vol=703.8 mm2
AAA/ruputer/GAO_FENG_SHAN,218,4,45.733131408691406,L2,ref,area_vs_volume_dVds,-0.8925953097724626,A_ref=66.5 A_vol=618.7 mm2
AAA/ruputer/GAO_FENG_SHAN,219,4,47.721527099609375,L2,ref,area_vs_volume_dVds,-0.9182413224076627,A_ref=63.4 A_vol=776.0 mm2
AAA/ruputer/GAO_FENG_SHAN,220,4,49.70992660522461,L2,ref,area_vs_volume_dVds,-0.920373951232337,A_ref=59.5 A_vol=747.7 mm2
AAA/ruputer/GAO_FENG_SHAN,221,4,51.69832229614258,L2,ref,area_vs_volume_dVds,-0.6241925797080465,A_ref=54.5 A_vol=145.0 mm2
AAA/ruputer/GAO_FENG_SHAN,258,5,35.3381462097168,L2,ref,area_vs_volume_dVds,-0.20741876998587905,A_ref=55.7 A_vol=70.2 mm2
AAA/ruputer/GAO_FENG_SHAN,259,5,37.30137634277344,L2,ref,area_vs_volume_dVds,-0.44796689196117845,A_ref=48.4 A_vol=87.6 mm2
AAA/ruputer/GAO_FENG_SHAN,260,5,39.26460647583008,L2,ref,area_vs_volume_dVds,-0.6662458908195743,A_ref=33.6 A_vol=100.6 mm2
AAA/ruputer/GAO_FENG_SHAN,261,5,41.22783660888672,L2,ref,area_vs_volume_dVds,-0.7995866238035696,A_ref=30.5 A_vol=152.2 mm2
AAA/ruputer/GAO_FENG_SHAN,262,5,43.19106674194336,L2,ref,area_vs_volume_dVds,-0.770379486792848,A_ref=40.3 A_vol=175.4 mm2
AAA/ruputer/GAO_FENG_SHAN,263,5,45.154296875,L2,ref,area_vs_volume_dVds,-0.7604861822974903,A_ref=49.9 A_vol=208.5 mm2
AAA/ruputer/GAO_FENG_SHAN,264,5,47.11752700805664,L2,ref,area_vs_volume_dVds,-0.7031764280492769,A_ref=57.0 A_vol=192.2 mm2
AAA/ruputer/GAO_FENG_SHAN,266,5,51.04398727416992,L2,ref,area_vs_volume_dVds,-0.4294573478620163,A_ref=73.0 A_vol=127.9 mm2
AAA/ruputer/GAO_FENG_SHAN,267,5,53.00721740722656,L2,ref,area_vs_volume_dVds,-0.3716366585250066,A_ref=71.7 A_vol=114.2 mm2
AAA/ruputer/GAO_FENG_SHAN,71,0,141.20343017578125,L2,pc,area_vs_volume_dVds,0.2447098557598646,A_pc=2398.0 A_vol=1926.5 mm2
AAA/ruputer/GAO_FENG_SHAN,72,0,143.1922149658203,L2,pc,area_vs_volume_dVds,0.3029753264720867,A_pc=2633.6 A_vol=2021.2 mm2
AAA/ruputer/GAO_FENG_SHAN,75,0,149.15855407714844,L2,pc,area_vs_volume_dVds,-0.3467458004193775,A_pc=2729.1 A_vol=4177.7 mm2
AAA/ruputer/GAO_FENG_SHAN,76,0,151.1473388671875,L2,pc,area_vs_volume_dVds,-0.22181618248681767,A_pc=2718.3 A_vol=3493.1 mm2
AAA/ruputer/GAO_FENG_SHAN,77,0,153.1361083984375,L2,pc,area_vs_volume_dVds,-0.34830642104306475,A_pc=2763.5 A_vol=4240.6 mm2
AAA/ruputer/GAO_FENG_SHAN,78,0,155.12489318847656,L2,pc,area_vs_volume_dVds,-0.3327369242567827,A_pc=2839.7 A_vol=4255.8 mm2
AAA/ruputer/GAO_FENG_SHAN,80,0,159.10244750976562,L2,pc,area_vs_volume_dVds,-0.2736967518621404,A_pc=2953.6 A_vol=4066.6 mm2
AAA/ruputer/GAO_FENG_SHAN,67,0,133.24830627441406,L2,ref,A_over_piRmis2,3.145591974258423,A=1331.7 Rmis=11.61
AAA/ruputer/GAO_FENG_SHAN,68,0,135.23709106445312,L2,ref,A_over_piRmis2,3.1498425006866455,A=1551.5 Rmis=12.52
AAA/ruputer/GAO_FENG_SHAN,69,0,137.22586059570312,L2,ref,A_over_piRmis2,3.1111180782318115,A=1776.4 Rmis=13.48
AAA/ruputer/GAO_FENG_SHAN,70,0,139.2146453857422,L2,ref,A_over_piRmis2,3.094989061355591,A=2053.7 Rmis=14.53
AAA/ruputer/GAO_FENG_SHAN,71,0,141.20343017578125,L2,ref,A_over_piRmis2,3.1148030757904053,A=2406.8 Rmis=15.68
AAA/ruputer/GAO_FENG_SHAN,116,1,27.75214958190918,L2,ref,A_over_piRmis2,3.069195508956909,A=1948.2 Rmis=14.21
AAA/ruputer/GAO_FENG_SHAN,117,1,29.734445571899414,L2,ref,A_over_piRmis2,3.2842211723327637,A=1825.0 Rmis=13.30
AAA/ruputer/GAO_FENG_SHAN,118,1,31.71674156188965,L2,ref,A_over_piRmis2,3.532860040664673,A=1724.8 Rmis=12.47
AAA/ruputer/GAO_FENG_SHAN,119,1,33.699039459228516,L2,ref,A_over_piRmis2,3.8101422786712646,A=1643.2 Rmis=11.72
AAA/ruputer/GAO_FENG_SHAN,120,1,35.68133544921875,L2,ref,A_over_piRmis2,4.136696815490723,A=1594.0 Rmis=11.07
AAA/ruputer/GAO_FENG_SHAN,121,1,37.663631439208984,L2,ref,A_over_piRmis2,4.758822917938232,A=1642.8 Rmis=10.48
AAA/ruputer/GAO_FENG_SHAN,214,4,37.779544830322266,L2,ref,A_over_piRmis2,3.9284048080444336,A=467.1 Rmis=6.15
AAA/ruputer/GAO_FENG_SHAN,215,4,39.767940521240234,L2,ref,A_over_piRmis2,3.7738306522369385,A=343.2 Rmis=5.38
AAA/ruputer/GAO_FENG_SHAN,216,4,41.7563362121582,L2,ref,A_over_piRmis2,6.542867660522461,A=458.4 Rmis=4.72
AAA/ruputer/GAO_FENG_SHAN,66,0,131.259521484375,L2,ref,adjacent_jump,1.6496325731277466,A[65]=600.1 -> A[66]=990.0
AAA/ruputer/GAO_FENG_SHAN,122,1,39.64592742919922,L2,ref,adjacent_jump,4.4015374183654785,A[121]=1642.8 -> A[122]=373.2
AAA/ruputer/GAO_FENG_SHAN,217,4,43.74473571777344,L2,ref,adjacent_jump,6.753959655761719,A[216]=458.4 -> A[217]=67.9
AAA/ruputer/GUO_AI_JUN,175,3,15.41443920135498,L2,ref,adjacent_jump,2.782998561859131,A[174]=38.3 -> A[175]=13.8
AAA/ruputer/GUO_AI_JUN,202,4,15.73499870300293,L2,ref,adjacent_jump,1.9411602020263672,A[201]=44.1 -> A[202]=22.7
AAA/ruputer/HUO_SHI_LIANG,72,0,143.44015502929688,L1,ref,nonstar_from_centerline,0.011787903408011072,reversed-edge area fraction
AAA/ruputer/HUO_SHI_LIANG,73,0,145.432373046875,L1,ref,nonstar_from_centerline,0.003784199166731501,reversed-edge area fraction
AAA/ruputer/HUO_SHI_LIANG,101,1,13.900352478027344,L1,ref,nonstar_from_centerline,0.0898044600631352,reversed-edge area fraction
AAA/ruputer/HUO_SHI_LIANG,101,1,13.900352478027344,L2,ref,area_vs_volume_dVds,2.7271717264597664,A_ref=678.9 A_vol=182.1 mm2
AAA/ruputer/HUO_SHI_LIANG,102,1,15.886116981506348,L2,ref,area_vs_volume_dVds,0.7326910460607408,A_ref=343.3 A_vol=198.1 mm2
AAA/ruputer/HUO_SHI_LIANG,101,1,13.900352478027344,L2,ref,A_over_piRmis2,4.66643762588501,A=678.9 Rmis=6.81
AAA/ruputer/HUO_SHI_LIANG,102,1,15.886116981506348,L2,ref,adjacent_jump,1.9777356386184692,A[101]=678.9 -> A[102]=343.3
AAA/ruputer/LIN_LIANG_XIAO,38,0,75.54776763916016,L2,ref,area_vs_volume_dVds,0.3160501168919718,A_ref=362.1 A_vol=275.2 mm2
AAA/ruputer/LIN_LIANG_XIAO,105,1,29.341796875,L2,ref,area_vs_volume_dVds,0.2725156615157167,A_ref=313.8 A_vol=246.6 mm2
AAA/ruputer/LIN_LIANG_XIAO,38,0,75.54776763916016,L2,pc,area_vs_volume_dVds,0.3090563663371457,A_pc=360.2 A_vol=275.2 mm2
AAA/ruputer/LIN_LIANG_XIAO,105,1,29.341796875,L2,pc,area_vs_volume_dVds,0.2438928788065875,A_pc=306.8 A_vol=246.6 mm2
AAA/ruputer/LIU_JI_XIN,88,0,174.80848693847656,L2,ref,area_vs_volume_dVds,-0.30579616508546714,A_ref=1230.1 A_vol=1772.0 mm2
AAA/ruputer/LIU_JI_XIN,89,0,176.79495239257812,L2,ref,area_vs_volume_dVds,-0.2382723769091737,A_ref=1292.6 A_vol=1696.9 mm2
AAA/ruputer/LIU_JI_XIN,90,0,178.7814178466797,L2,ref,area_vs_volume_dVds,-0.22632452229486977,A_ref=1350.6 A_vol=1745.7 mm2
AAA/ruputer/LIU_JI_XIN,94,0,186.7272491455078,L2,ref,area_vs_volume_dVds,-0.2598029168925694,A_ref=1166.9 A_vol=1576.5 mm2
AAA/ruputer/LIU_JI_XIN,95,0,188.71371459960938,L2,ref,area_vs_volume_dVds,-0.24998164657302702,A_ref=1095.0 A_vol=1459.9 mm2
AAA/ruputer/LIU_JI_XIN,98,0,194.673095703125,L2,ref,area_vs_volume_dVds,0.3976209423314865,A_ref=804.0 A_vol=575.3 mm2
AAA/ruputer/LIU_JI_XIN,99,0,196.6595458984375,L2,ref,area_vs_volume_dVds,0.41410726867957615,A_ref=808.5 A_vol=571.7 mm2
AAA/ruputer/LIU_JI_XIN,139,2,17.23714256286621,L2,ref,area_vs_volume_dVds,-0.261669139336399,A_ref=201.3 A_vol=272.6 mm2
AAA/ruputer/LIU_JI_XIN,142,2,22.98285484313965,L2,ref,area_vs_volume_dVds,-0.3204574621058226,A_ref=169.8 A_vol=249.9 mm2
AAA/ruputer/LIU_JI_XIN,143,2,24.898094177246094,L2,ref,area_vs_volume_dVds,-0.42511164378852284,A_ref=149.9 A_vol=260.8 mm2
AAA/ruputer/LIU_JI_XIN,144,2,26.813331604003906,L2,ref,area_vs_volume_dVds,-0.3136462401641259,A_ref=123.3 A_vol=179.6 mm2
AAA/ruputer/LIU_JI_XIN,145,2,28.72856903076172,L2,ref,area_vs_volume_dVds,-0.23960021467634574,A_ref=101.3 A_vol=133.3 mm2
AAA/ruputer/LIU_JI_XIN,88,0,174.80848693847656,L2,pc,area_vs_volume_dVds,-0.31174438961607565,A_pc=1219.6 A_vol=1772.0 mm2
AAA/ruputer/LIU_JI_XIN,89,0,176.79495239257812,L2,pc,area_vs_volume_dVds,-0.24077907314209968,A_pc=1288.3 A_vol=1696.9 mm2
AAA/ruputer/LIU_JI_XIN,90,0,178.7814178466797,L2,pc,area_vs_volume_dVds,-0.23259945659602088,A_pc=1339.7 A_vol=1745.7 mm2
AAA/ruputer/LIU_JI_XIN,94,0,186.7272491455078,L2,pc,area_vs_volume_dVds,-0.265514700702134,A_pc=1157.9 A_vol=1576.5 mm2
AAA/ruputer/LIU_JI_XIN,95,0,188.71371459960938,L2,pc,area_vs_volume_dVds,-0.2562382600365999,A_pc=1085.8 A_vol=1459.9 mm2
AAA/ruputer/LIU_JI_XIN,145,2,28.72856903076172,L2,pc,area_vs_volume_dVds,-0.24006444022318696,A_pc=101.3 A_vol=133.3 mm2
AAA/ruputer/LIU_JI_XIN,156,3,11.858330726623535,L2,ref,adjacent_jump,1.5596532821655273,A[155]=38.4 -> A[156]=24.6
AAA/ruputer/LIU_YONG_LAN,37,0,73.39791107177734,L1,ref,nonstar_from_centerline,0.07683060466521492,reversed-edge area fraction
AAA/ruputer/LIU_YONG_LAN,222,4,17.924589157104492,L1,ref,nonstar_from_centerline,0.004958928543131858,reversed-edge area fraction
AAA/ruputer/LIU_YONG_LAN,1,0,1.9837273359298706,L2,ref,area_vs_volume_dVds,0.3277663160726134,A_ref=378.6 A_vol=285.1 mm2
AAA/ruputer/LIU_YONG_LAN,36,0,71.4141845703125,L2,ref,area_vs_volume_dVds,-0.3174401553090247,A_ref=325.1 A_vol=476.3 mm2
AAA/ruputer/LIU_YONG_LAN,37,0,73.39791107177734,L2,ref,area_vs_volume_dVds,1.3030665343365206,A_ref=919.9 A_vol=399.4 mm2
AAA/ruputer/LIU_YONG_LAN,38,0,75.38163757324219,L2,ref,area_vs_volume_dVds,1.08759690360516,A_ref=891.6 A_vol=427.1 mm2
AAA/ruputer/LIU_YONG_LAN,39,0,77.36537170410156,L2,ref,area_vs_volume_dVds,0.9206837054128372,A_ref=925.1 A_vol=481.6 mm2
AAA/ruputer/LIU_YONG_LAN,40,0,79.3490982055664,L2,ref,area_vs_volume_dVds,0.8159021107431559,A_ref=941.9 A_vol=518.7 mm2
AAA/ruputer/LIU_YONG_LAN,41,0,81.33282470703125,L2,ref,area_vs_volume_dVds,0.7675529547493358,A_ref=974.3 A_vol=551.2 mm2
AAA/ruputer/LIU_YONG_LAN,42,0,83.3165512084961,L2,ref,area_vs_volume_dVds,0.6565485288086585,A_ref=984.5 A_vol=594.3 mm2
AAA/ruputer/LIU_YONG_LAN,43,0,85.30027770996094,L2,ref,area_vs_volume_dVds,0.5124270486494209,A_ref=964.3 A_vol=637.6 mm2
AAA/ruputer/LIU_YONG_LAN,44,0,87.28400421142578,L2,ref,area_vs_volume_dVds,0.3050379329391695,A_ref=970.9 A_vol=743.9 mm2
AAA/ruputer/LIU_YONG_LAN,45,0,89.26773071289062,L2,ref,area_vs_volume_dVds,0.2295372065706367,A_ref=1020.7 A_vol=830.2 mm2
AAA/ruputer/LIU_YONG_LAN,1,0,1.9837273359298706,L2,pc,area_vs_volume_dVds,0.32360648956431404,A_pc=377.4 A_vol=285.1 mm2
AAA/ruputer/LIU_YONG_LAN,39,0,77.36537170410156,L2,pc,area_vs_volume_dVds,0.9032040408381048,A_pc=916.7 A_vol=481.6 mm2
AAA/ruputer/LIU_YONG_LAN,40,0,79.3490982055664,L2,pc,area_vs_volume_dVds,0.8025763348107746,A_pc=935.0 A_vol=518.7 mm2
AAA/ruputer/LIU_YONG_LAN,41,0,81.33282470703125,L2,pc,area_vs_volume_dVds,0.7577313287619725,A_pc=968.9 A_vol=551.2 mm2
AAA/ruputer/LIU_YONG_LAN,42,0,83.3165512084961,L2,pc,area_vs_volume_dVds,0.6553884406170873,A_pc=983.8 A_vol=594.3 mm2
AAA/ruputer/LIU_YONG_LAN,43,0,85.30027770996094,L2,pc,area_vs_volume_dVds,0.5114273698228207,A_pc=963.7 A_vol=637.6 mm2
AAA/ruputer/LIU_YONG_LAN,44,0,87.28400421142578,L2,pc,area_vs_volume_dVds,0.29627990029419005,A_pc=964.3 A_vol=743.9 mm2
AAA/ruputer/LIU_YONG_LAN,45,0,89.26773071289062,L2,pc,area_vs_volume_dVds,0.22416626563119002,A_pc=1016.3 A_vol=830.2 mm2
AAA/ruputer/LIU_YONG_LAN,37,0,73.39791107177734,L2,ref,A_over_piRmis2,4.268207550048828,A=919.9 Rmis=8.28
AAA/ruputer/LIU_YONG_LAN,38,0,75.38163757324219,L2,ref,A_over_piRmis2,3.9310014247894287,A=891.6 Rmis=8.50
AAA/ruputer/LIU_YONG_LAN,39,0,77.36537170410156,L2,ref,A_over_piRmis2,3.6978399753570557,A=925.1 Rmis=8.92
AAA/ruputer/LIU_YONG_LAN,40,0,79.3490982055664,L2,ref,A_over_piRmis2,3.2908575534820557,A=941.9 Rmis=9.54
AAA/ruputer/LIU_YONG_LAN,37,0,73.39791107177734,L2,ref,adjacent_jump,2.829888105392456,A[36]=325.1 -> A[37]=919.9
AAA/ruputer/LI_BING_JIANG,52,0,103.59834289550781,L1,ref,nonstar_from_centerline,0.010412193811135109,reversed-edge area fraction
AAA/ruputer/LI_BING_JIANG,7,0,13.945930480957031,L2,ref,area_vs_volume_dVds,0.2074672050016264,A_ref=513.4 A_vol=425.2 mm2
AAA/ruputer/LI_BING_JIANG,55,0,109.5751724243164,L2,ref,area_vs_volume_dVds,0.23100708743162857,A_ref=2135.0 A_vol=1734.4 mm2
AAA/ruputer/LI_BING_JIANG,56,0,111.56744384765625,L2,ref,area_vs_volume_dVds,0.21162033261309832,A_ref=2203.8 A_vol=1818.9 mm2
AAA/ruputer/LI_BING_JIANG,292,6,64.66097259521484,L2,ref,area_vs_volume_dVds,0.3909112836016333,A_ref=39.9 A_vol=28.7 mm2
AAA/ruputer/LI_BING_JIANG,7,0,13.945930480957031,L2,pc,area_vs_volume_dVds,0.2035832723353037,A_pc=511.8 A_vol=425.2 mm2
AAA/ruputer/LI_BING_JIANG,55,0,109.5751724243164,L2,pc,area_vs_volume_dVds,0.2223314628901203,A_pc=2120.0 A_vol=1734.4 mm2
AAA/ruputer/LI_BING_JIANG,56,0,111.56744384765625,L2,pc,area_vs_volume_dVds,0.20785810055011833,A_pc=2196.9 A_vol=1818.9 mm2
AAA/ruputer/LI_BING_JIANG,183,3,72.28199005126953,L2,pc,area_vs_volume_dVds,0.31831001108964396,A_pc=78.6 A_vol=59.6 mm2
AAA/ruputer/LI_BING_JIANG,292,6,64.66097259521484,L2,pc,area_vs_volume_dVds,0.39748894887166886,A_pc=40.1 A_vol=28.7 mm2
AAA/ruputer/LI_BING_JIANG,202,4,27.328943252563477,L2,ref,adjacent_jump,1.559885859489441,A[201]=89.1 -> A[202]=57.1
AAA/ruputer/LI_LAO_PING,46,0,91.62047576904297,L1,ref,nonstar_from_centerline,0.002115108601965295,reversed-edge area fraction
AAA/ruputer/LI_LAO_PING,49,0,97.5957260131836,L1,ref,nonstar_from_centerline,0.0016565924671454763,reversed-edge area fraction
AAA/ruputer/LI_LAO_PING,65,0,129.46371459960938,L1,ref,nonstar_from_centerline,0.013575235635873609,reversed-edge area fraction
AAA/ruputer/LI_LAO_PING,67,0,133.4472198486328,L1,ref,nonstar_from_centerline,0.0028639119580879616,reversed-edge area fraction
AAA/ruputer/LI_LAO_PING,73,0,145.397705078125,L1,ref,nonstar_from_centerline,0.0033681631995347225,reversed-edge area fraction
AAA/ruputer/LI_LAO_PING,90,0,179.2574462890625,L1,ref,nonstar_from_centerline,0.015162103999996531,reversed-edge area fraction
AAA/ruputer/LI_LAO_PING,91,0,181.24920654296875,L1,ref,nonstar_from_centerline,0.04223611430224615,reversed-edge area fraction
AAA/ruputer/LI_LAO_PING,46,0,91.62047576904297,L2,ref,area_vs_volume_dVds,0.26783140706498076,A_ref=231.5 A_vol=182.6 mm2
AAA/ruputer/LI_LAO_PING,65,0,129.46371459960938,L2,ref,area_vs_volume_dVds,1.0411835981527369,A_ref=620.1 A_vol=303.8 mm2
AAA/ruputer/LI_LAO_PING,66,0,131.45545959472656,L2,ref,area_vs_volume_dVds,1.4625590721163668,A_ref=887.4 A_vol=360.4 mm2
AAA/ruputer/LI_LAO_PING,69,0,137.4307098388672,L2,ref,area_vs_volume_dVds,0.21436849136798908,A_ref=1310.3 A_vol=1079.0 mm2
AAA/ruputer/LI_LAO_PING,70,0,139.42247009277344,L2,ref,area_vs_volume_dVds,0.28803671816356546,A_ref=1577.5 A_vol=1224.7 mm2
AAA/ruputer/LI_LAO_PING,71,0,141.41421508789062,L2,ref,area_vs_volume_dVds,0.3141647449711302,A_ref=1791.0 A_vol=1362.9 mm2
AAA/ruputer/LI_LAO_PING,72,0,143.4059600830078,L2,ref,area_vs_volume_dVds,0.7170189589680993,A_ref=2003.6 A_vol=1166.9 mm2
AAA/ruputer/LI_LAO_PING,74,0,147.38946533203125,L2,ref,area_vs_volume_dVds,-0.2923797655008197,A_ref=2452.9 A_vol=3466.4 mm2
AAA/ruputer/LI_LAO_PING,75,0,149.38121032714844,L2,ref,area_vs_volume_dVds,-0.20206161561251978,A_ref=2725.4 A_vol=3415.5 mm2
AAA/ruputer/LI_LAO_PING,76,0,151.37295532226562,L2,ref,area_vs_volume_dVds,-0.4796426754907882,A_ref=2949.9 A_vol=5668.9 mm2
AAA/ruputer/LI_LAO_PING,77,0,153.36471557617188,L2,ref,area_vs_volume_dVds,-0.6157776931776004,A_ref=3031.9 A_vol=7891.1 mm2
AAA/ruputer/LI_LAO_PING,78,0,155.35646057128906,L2,ref,area_vs_volume_dVds,-0.6228459927161732,A_ref=2887.4 A_vol=7655.7 mm2
AAA/ruputer/LI_LAO_PING,79,0,157.34820556640625,L2,ref,area_vs_volume_dVds,-0.306358762375897,A_ref=2583.9 A_vol=3725.2 mm2
AAA/ruputer/LI_LAO_PING,83,0,165.31520080566406,L2,ref,area_vs_volume_dVds,0.7093840529712279,A_ref=2106.2 A_vol=1232.1 mm2
AAA/ruputer/LI_LAO_PING,84,0,167.3069610595703,L2,ref,area_vs_volume_dVds,0.6660905597423641,A_ref=2024.6 A_vol=1215.2 mm2
AAA/ruputer/LI_LAO_PING,85,0,169.2987060546875,L2,ref,area_vs_volume_dVds,0.43873310466850457,A_ref=1953.4 A_vol=1357.8 mm2
AAA/ruputer/LI_LAO_PING,66,0,131.45545959472656,L2,pc,area_vs_volume_dVds,1.1486134261122398,A_pc=774.3 A_vol=360.4 mm2
AAA/ruputer/LI_LAO_PING,69,0,137.4307098388672,L2,pc,area_vs_volume_dVds,0.20836529613089216,A_pc=1303.8 A_vol=1079.0 mm2
AAA/ruputer/LI_LAO_PING,70,0,139.42247009277344,L2,pc,area_vs_volume_dVds,0.282712253596882,A_pc=1571.0 A_vol=1224.7 mm2
AAA/ruputer/LI_LAO_PING,71,0,141.41421508789062,L2,pc,area_vs_volume_dVds,0.3099973832967091,A_pc=1785.4 A_vol=1362.9 mm2
AAA/ruputer/LI_LAO_PING,72,0,143.4059600830078,L2,pc,area_vs_volume_dVds,0.7172858222979692,A_pc=2003.9 A_vol=1166.9 mm2
AAA/ruputer/LI_LAO_PING,74,0,147.38946533203125,L2,pc,area_vs_volume_dVds,-0.2955150841840013,A_pc=2442.1 A_vol=3466.4 mm2
AAA/ruputer/LI_LAO_PING,75,0,149.38121032714844,L2,pc,area_vs_volume_dVds,-0.20480458101143473,A_pc=2716.0 A_vol=3415.5 mm2
AAA/ruputer/LI_LAO_PING,76,0,151.37295532226562,L2,pc,area_vs_volume_dVds,-0.482962058927769,A_pc=2931.1 A_vol=5668.9 mm2
AAA/ruputer/LI_LAO_PING,77,0,153.36471557617188,L2,pc,area_vs_volume_dVds,-0.6185557461149286,A_pc=3010.0 A_vol=7891.1 mm2
AAA/ruputer/LI_LAO_PING,78,0,155.35646057128906,L2,pc,area_vs_volume_dVds,-0.6255046804331446,A_pc=2867.0 A_vol=7655.7 mm2
AAA/ruputer/LI_LAO_PING,85,0,169.2987060546875,L2,pc,area_vs_volume_dVds,0.4317036184258285,A_pc=1943.9 A_vol=1357.8 mm2
AAA/ruputer/LI_LAO_PING,65,0,129.46371459960938,L2,ref,A_over_piRmis2,5.538557052612305,A=620.1 Rmis=5.97
AAA/ruputer/LI_LAO_PING,66,0,131.45545959472656,L2,ref,A_over_piRmis2,6.524570465087891,A=887.4 Rmis=6.58
AAA/ruputer/LI_LAO_PING,67,0,133.4472198486328,L2,ref,A_over_piRmis2,3.9752016067504883,A=684.5 Rmis=7.40
AAA/ruputer/LI_LAO_PING,68,0,135.43896484375,L2,ref,A_over_piRmis2,4.403148174285889,A=914.5 Rmis=8.13
AAA/ruputer/LI_LAO_PING,69,0,137.4307098388672,L2,ref,A_over_piRmis2,4.807436466217041,A=1310.3 Rmis=9.31
AAA/ruputer/LI_LAO_PING,70,0,139.42247009277344,L2,ref,A_over_piRmis2,4.331179141998291,A=1577.5 Rmis=10.77
AAA/ruputer/LI_LAO_PING,71,0,141.41421508789062,L2,ref,A_over_piRmis2,3.805485963821411,A=1791.0 Rmis=12.24
AAA/ruputer/LI_LAO_PING,72,0,143.4059600830078,L2,ref,A_over_piRmis2,3.348259449005127,A=2003.6 Rmis=13.80
AAA/ruputer/LI_LAO_PING,73,0,145.397705078125,L2,ref,A_over_piRmis2,3.030195951461792,A=2261.8 Rmis=15.41
AAA/ruputer/LI_LAO_PING,86,0,171.2904510498047,L2,ref,A_over_piRmis2,3.357621908187866,A=1852.6 Rmis=13.25
AAA/ruputer/LI_LAO_PING,87,0,173.28221130371094,L2,ref,A_over_piRmis2,3.736633539199829,A=1741.0 Rmis=12.18
AAA/ruputer/LI_LAO_PING,88,0,175.27395629882812,L2,ref,A_over_piRmis2,4.0090765953063965,A=1614.6 Rmis=11.32
AAA/ruputer/LI_LAO_PING,89,0,177.2657012939453,L2,ref,A_over_piRmis2,3.9603986740112305,A=1422.5 Rmis=10.69
AAA/ruputer/LI_LAO_PING,90,0,179.2574462890625,L2,ref,A_over_piRmis2,3.4035964012145996,A=1130.6 Rmis=10.28
AAA/ruputer/LI_LAO_PING,46,0,91.62047576904297,L2,ref,adjacent_jump,1.7648379802703857,A[45]=131.2 -> A[46]=231.5
AAA/ruputer/LI_LAO_PING,65,0,129.46371459960938,L2,ref,adjacent_jump,3.7308545112609863,A[64]=166.2 -> A[65]=620.1
AAA/ruputer/LI_LAO_PING,91,0,181.24920654296875,L2,ref,adjacent_jump,2.1764469146728516,A[90]=1130.6 -> A[91]=519.4
AAA/ruputer/LI_ZHEN_HUA,239,4,7.953185081481934,L2,ref,area_vs_volume_dVds,0.28763040120880623,A_ref=106.6 A_vol=82.8 mm2
AAA/ruputer/LI_ZHEN_HUA,213,3,11.647768020629883,L2,ref,adjacent_jump,1.6228196620941162,A[212]=74.0 -> A[213]=45.6
AAA/ruputer/LI_ZHEN_HUA,278,5,11.939220428466797,L2,ref,adjacent_jump,1.511508822441101,A[277]=55.1 -> A[278]=36.5
AAA/ruputer/MENG_GUANG_QIN,126,1,39.69232177734375,L1,ref,nonstar_from_centerline,0.006064358836464803,reversed-edge area fraction
AAA/ruputer/MENG_GUANG_QIN,127,1,41.676937103271484,L1,ref,nonstar_from_centerline,0.007877191192235409,reversed-edge area fraction
AAA/ruputer/MENG_GUANG_QIN,128,1,43.661556243896484,L1,ref,nonstar_from_centerline,0.01449571698087623,reversed-edge area fraction
AAA/ruputer/MENG_GUANG_QIN,129,1,45.64617156982422,L1,ref,nonstar_from_centerline,0.032763158940620915,reversed-edge area fraction
AAA/ruputer/MENG_GUANG_QIN,48,0,95.31214904785156,L2,ref,area_vs_volume_dVds,0.22606258717493466,A_ref=896.9 A_vol=731.5 mm2
AAA/ruputer/MENG_GUANG_QIN,49,0,97.29782104492188,L2,ref,area_vs_volume_dVds,0.3071402771193199,A_ref=944.3 A_vol=722.4 mm2
AAA/ruputer/MENG_GUANG_QIN,50,0,99.28349304199219,L2,ref,area_vs_volume_dVds,0.21020437691420746,A_ref=968.0 A_vol=799.8 mm2
AAA/ruputer/MENG_GUANG_QIN,71,0,140.98255920410156,L2,ref,area_vs_volume_dVds,0.21843145167056122,A_ref=3658.5 A_vol=3002.7 mm2
AAA/ruputer/MENG_GUANG_QIN,126,1,39.69232177734375,L2,ref,area_vs_volume_dVds,0.9730402183308549,A_ref=1706.4 A_vol=864.9 mm2
AAA/ruputer/MENG_GUANG_QIN,127,1,41.676937103271484,L2,ref,area_vs_volume_dVds,0.9495791868620702,A_ref=1483.3 A_vol=760.8 mm2
AAA/ruputer/MENG_GUANG_QIN,128,1,43.661556243896484,L2,ref,area_vs_volume_dVds,0.8843952431153912,A_ref=1294.7 A_vol=687.1 mm2
AAA/ruputer/MENG_GUANG_QIN,129,1,45.64617156982422,L2,ref,area_vs_volume_dVds,0.5926517785522578,A_ref=1053.0 A_vol=661.2 mm2
AAA/ruputer/MENG_GUANG_QIN,131,1,49.61540222167969,L2,ref,area_vs_volume_dVds,0.26464232060126935,A_ref=522.2 A_vol=412.9 mm2
AAA/ruputer/MENG_GUANG_QIN,135,1,57.55386734008789,L2,ref,area_vs_volume_dVds,0.7197302996557211,A_ref=293.0 A_vol=170.4 mm2
AAA/ruputer/MENG_GUANG_QIN,254,5,11.778831481933594,L2,ref,area_vs_volume_dVds,-0.24377142058323686,A_ref=30.3 A_vol=40.0 mm2
AAA/ruputer/MENG_GUANG_QIN,255,5,13.74197006225586,L2,ref,area_vs_volume_dVds,-0.6306558308063597,A_ref=24.4 A_vol=66.0 mm2
AAA/ruputer/MENG_GUANG_QIN,48,0,95.31214904785156,L2,pc,area_vs_volume_dVds,0.2222367359233166,A_pc=894.1 A_vol=731.5 mm2
AAA/ruputer/MENG_GUANG_QIN,49,0,97.29782104492188,L2,pc,area_vs_volume_dVds,0.29862412458006515,A_pc=938.1 A_vol=722.4 mm2
AAA/ruputer/MENG_GUANG_QIN,50,0,99.28349304199219,L2,pc,area_vs_volume_dVds,0.207353865294031,A_pc=965.7 A_vol=799.8 mm2
AAA/ruputer/MENG_GUANG_QIN,71,0,140.98255920410156,L2,pc,area_vs_volume_dVds,0.215985789946477,A_pc=3651.2 A_vol=3002.7 mm2
AAA/ruputer/MENG_GUANG_QIN,131,1,49.61540222167969,L2,pc,area_vs_volume_dVds,0.2065740679758168,A_pc=498.2 A_vol=412.9 mm2
AAA/ruputer/MENG_GUANG_QIN,132,1,51.60001754760742,L2,pc,area_vs_volume_dVds,0.34649232877483005,A_pc=462.9 A_vol=343.8 mm2
AAA/ruputer/MENG_GUANG_QIN,133,1,53.58463668823242,L2,pc,area_vs_volume_dVds,0.5432512637465261,A_pc=463.3 A_vol=300.2 mm2
AAA/ruputer/MENG_GUANG_QIN,130,1,47.63078689575195,L2,ref,adjacent_jump,1.5942896604537964,A[129]=1053.0 -> A[130]=660.5
AAA/ruputer/MENG_GUANG_QIN,258,5,19.631385803222656,L2,ref,adjacent_jump,1.5343453884124756,A[257]=32.1 -> A[258]=49.3
AAA/ruputer/TONG_XUE_LIAN,285,6,17.45918846130371,L1,ref,nonstar_from_centerline,0.0023194911750960574,reversed-edge area fraction
AAA/ruputer/TONG_XUE_LIAN,6,0,11.860349655151367,L2,ref,area_vs_volume_dVds,0.21097838093495902,A_ref=380.3 A_vol=314.1 mm2
AAA/ruputer/TONG_XUE_LIAN,94,1,35.438880920410156,L2,ref,area_vs_volume_dVds,0.9621254389674778,A_ref=632.3 A_vol=322.3 mm2
AAA/ruputer/TONG_XUE_LIAN,281,6,9.699548721313477,L2,ref,area_vs_volume_dVds,0.5134964438336289,A_ref=197.7 A_vol=130.6 mm2
AAA/ruputer/TONG_XUE_LIAN,291,6,29.09864616394043,L2,ref,area_vs_volume_dVds,0.2521433763010774,A_ref=76.3 A_vol=60.9 mm2
AAA/ruputer/TONG_XUE_LIAN,6,0,11.860349655151367,L2,pc,area_vs_volume_dVds,0.21057161886929743,A_pc=380.2 A_vol=314.1 mm2
AAA/ruputer/TONG_XUE_LIAN,291,6,29.09864616394043,L2,pc,area_vs_volume_dVds,0.24700565661553142,A_pc=76.0 A_vol=60.9 mm2
AAA/ruputer/TONG_XUE_LIAN,95,1,37.407711029052734,L2,ref,adjacent_jump,1.8645192384719849,A[94]=632.3 -> A[95]=339.1
AAA/ruputer/TONG_XUE_LIAN,282,6,11.639458656311035,L2,ref,adjacent_jump,1.6500343084335327,A[281]=197.7 -> A[282]=119.8
AAA/ruputer/WANG_AN,50,0,99.8249282836914,L1,ref,nonstar_from_centerline,0.010348064672268979,reversed-edge area fraction
AAA/ruputer/WANG_AN,45,0,89.84243774414062,L2,ref,area_vs_volume_dVds,-0.2046112311904834,A_ref=321.0 A_vol=403.6 mm2
AAA/ruputer/WANG_AN,46,0,91.83893585205078,L2,ref,area_vs_volume_dVds,-0.2746376649266653,A_ref=315.2 A_vol=434.5 mm2
AAA/ruputer/WANG_AN,50,0,99.8249282836914,L2,ref,area_vs_volume_dVds,0.47901608088519665,A_ref=645.3 A_vol=436.3 mm2
AAA/ruputer/WANG_AN,51,0,101.82142639160156,L2,ref,area_vs_volume_dVds,0.7059321067997517,A_ref=956.7 A_vol=560.8 mm2
AAA/ruputer/WANG_AN,52,0,103.81792449951172,L2,ref,area_vs_volume_dVds,0.27766368914480344,A_ref=989.8 A_vol=774.7 mm2
AAA/ruputer/WANG_AN,55,0,109.80742645263672,L2,ref,area_vs_volume_dVds,0.22503575053349167,A_ref=1788.5 A_vol=1459.9 mm2
AAA/ruputer/WANG_AN,60,0,119.7899169921875,L2,ref,area_vs_volume_dVds,0.24882764506940203,A_ref=2884.7 A_vol=2310.0 mm2
AAA/ruputer/WANG_AN,61,0,121.78641510009766,L2,ref,area_vs_volume_dVds,0.33224873557465684,A_ref=3072.1 A_vol=2306.0 mm2
AAA/ruputer/WANG_AN,62,0,123.78291320800781,L2,ref,area_vs_volume_dVds,0.34374601682502615,A_ref=3145.5 A_vol=2340.8 mm2
AAA/ruputer/WANG_AN,63,0,125.77941131591797,L2,ref,area_vs_volume_dVds,0.3251598305706167,A_ref=3223.8 A_vol=2432.7 mm2
AAA/ruputer/WANG_AN,190,2,75.92546844482422,L2,ref,area_vs_volume_dVds,-0.25225530563503673,A_ref=147.1 A_vol=196.8 mm2
AAA/ruputer/WANG_AN,191,2,77.92350769042969,L2,ref,area_vs_volume_dVds,-0.24649758055169235,A_ref=163.3 A_vol=216.7 mm2
AAA/ruputer/WANG_AN,200,3,11.765704154968262,L2,ref,area_vs_volume_dVds,0.3715588738636566,A_ref=60.0 A_vol=43.8 mm2
AAA/ruputer/WANG_AN,228,4,11.721490859985352,L2,ref,area_vs_volume_dVds,-0.8742576988854555,A_ref=85.1 A_vol=677.1 mm2
AAA/ruputer/WANG_AN,229,4,13.67507266998291,L2,ref,area_vs_volume_dVds,-0.9529090633428162,A_ref=52.5 A_vol=1113.8 mm2
AAA/ruputer/WANG_AN,230,4,15.628653526306152,L2,ref,area_vs_volume_dVds,-0.972806229270041,A_ref=29.3 A_vol=1078.0 mm2
AAA/ruputer/WANG_AN,231,4,17.58223533630371,L2,ref,area_vs_volume_dVds,-0.9814002125221909,A_ref=19.8 A_vol=1063.8 mm2
AAA/ruputer/WANG_AN,232,4,19.535818099975586,L2,ref,area_vs_volume_dVds,-0.9755593699204275,A_ref=18.8 A_vol=768.5 mm2
AAA/ruputer/WANG_AN,233,4,21.489398956298828,L2,ref,area_vs_volume_dVds,-0.8515228962107046,A_ref=21.6 A_vol=145.7 mm2
AAA/ruputer/WANG_AN,55,0,109.80742645263672,L2,pc,area_vs_volume_dVds,0.21957396757616943,A_pc=1780.5 A_vol=1459.9 mm2
AAA/ruputer/WANG_AN,60,0,119.7899169921875,L2,pc,area_vs_volume_dVds,0.25189277501510543,A_pc=2891.8 A_vol=2310.0 mm2
AAA/ruputer/WANG_AN,61,0,121.78641510009766,L2,pc,area_vs_volume_dVds,0.33268885168902584,A_pc=3073.1 A_vol=2306.0 mm2
AAA/ruputer/WANG_AN,62,0,123.78291320800781,L2,pc,area_vs_volume_dVds,0.3428176636437852,A_pc=3143.3 A_vol=2340.8 mm2
AAA/ruputer/WANG_AN,63,0,125.77941131591797,L2,pc,area_vs_volume_dVds,0.32478861102874856,A_pc=3222.9 A_vol=2432.7 mm2
AAA/ruputer/WANG_AN,228,4,11.721490859985352,L2,pc,area_vs_volume_dVds,-0.89120576183216,A_pc=73.7 A_vol=677.1 mm2
AAA/ruputer/WANG_AN,229,4,13.67507266998291,L2,pc,area_vs_volume_dVds,-0.9530384947540816,A_pc=52.3 A_vol=1113.8 mm2
AAA/ruputer/WANG_AN,230,4,15.628653526306152,L2,pc,area_vs_volume_dVds,-0.9695144851993178,A_pc=32.9 A_vol=1078.0 mm2
AAA/ruputer/WANG_AN,231,4,17.58223533630371,L2,pc,area_vs_volume_dVds,-0.9792371630733439,A_pc=22.1 A_vol=1063.8 mm2
AAA/ruputer/WANG_AN,232,4,19.535818099975586,L2,pc,area_vs_volume_dVds,-0.9740870713049324,A_pc=19.9 A_vol=768.5 mm2
AAA/ruputer/WANG_AN,233,4,21.489398956298828,L2,pc,area_vs_volume_dVds,-0.8466164080453031,A_pc=22.3 A_vol=145.7 mm2
AAA/ruputer/WANG_AN,51,0,101.82142639160156,L2,ref,A_over_piRmis2,3.607351303100586,A=956.7 Rmis=9.19
AAA/ruputer/WANG_AN,52,0,103.81792449951172,L2,ref,A_over_piRmis2,3.3007266521453857,A=989.8 Rmis=9.77
AAA/ruputer/WANG_AN,53,0,105.81442260742188,L2,ref,A_over_piRmis2,3.2014942169189453,A=1178.8 Rmis=10.83
AAA/ruputer/WANG_AN,54,0,107.81092071533203,L2,ref,A_over_piRmis2,3.375560760498047,A=1498.3 Rmis=11.89
AAA/ruputer/WANG_AN,55,0,109.80742645263672,L2,ref,A_over_piRmis2,3.396566152572632,A=1788.5 Rmis=12.95
AAA/ruputer/WANG_AN,56,0,111.80392456054688,L2,ref,A_over_piRmis2,3.166498899459839,A=1945.0 Rmis=13.98
AAA/ruputer/WANG_AN,50,0,99.8249282836914,L2,ref,adjacent_jump,2.113732099533081,A[49]=305.3 -> A[50]=645.3
AAA/ruputer/WANG_AN,201,3,13.726654052734375,L2,ref,adjacent_jump,2.1880650520324707,A[200]=60.0 -> A[201]=27.4
AAA/ruputer/WANG_AN,229,4,13.67507266998291,L2,ref,adjacent_jump,1.6232558488845825,A[228]=85.1 -> A[229]=52.5
AAA/ruputer/WANG_AN,230,4,15.628653526306152,L2,ref,adjacent_jump,1.7892769575119019,A[229]=52.5 -> A[230]=29.3
AAA/ruputer/WANG_AN,294,6,13.67957878112793,L2,ref,adjacent_jump,1.5137492418289185,A[293]=27.8 -> A[294]=18.4
AAA/ruputer/WANG_FU_SHUN,45,0,89.15657043457031,L1,ref,nonstar_from_centerline,0.051672560149076605,reversed-edge area fraction
AAA/ruputer/WANG_FU_SHUN,46,0,91.13782501220703,L1,ref,nonstar_from_centerline,0.051238930310393095,reversed-edge area fraction
AAA/ruputer/WANG_FU_SHUN,48,0,95.100341796875,L1,ref,nonstar_from_centerline,0.002129785575711798,reversed-edge area fraction
AAA/ruputer/WANG_FU_SHUN,49,0,97.08159637451172,L1,ref,nonstar_from_centerline,0.01831979505753247,reversed-edge area fraction
AAA/ruputer/WANG_FU_SHUN,154,2,27.59270668029785,L1,ref,nonstar_from_centerline,0.11432601273582445,reversed-edge area fraction
AAA/ruputer/WANG_FU_SHUN,155,2,29.563613891601562,L1,ref,nonstar_from_centerline,0.0954949032214928,reversed-edge area fraction
AAA/ruputer/WANG_FU_SHUN,179,3,21.463647842407227,L1,ref,nonstar_from_centerline,0.009861739570776643,reversed-edge area fraction
AAA/ruputer/WANG_FU_SHUN,180,3,23.414888381958008,L1,ref,nonstar_from_centerline,0.06730406372050922,reversed-edge area fraction
AAA/ruputer/WANG_FU_SHUN,42,0,83.21279907226562,L2,ref,area_vs_volume_dVds,0.2012938931663586,A_ref=252.9 A_vol=210.5 mm2
AAA/ruputer/WANG_FU_SHUN,45,0,89.15657043457031,L2,ref,area_vs_volume_dVds,1.3889581194905434,A_ref=680.3 A_vol=284.8 mm2
AAA/ruputer/WANG_FU_SHUN,46,0,91.13782501220703,L2,ref,area_vs_volume_dVds,1.0636746339590135,A_ref=583.2 A_vol=282.6 mm2
AAA/ruputer/WANG_FU_SHUN,154,2,27.59270668029785,L2,ref,area_vs_volume_dVds,1.3154682821324597,A_ref=177.2 A_vol=76.5 mm2
AAA/ruputer/WANG_FU_SHUN,156,2,31.534523010253906,L2,ref,area_vs_volume_dVds,0.3020833822924447,A_ref=251.1 A_vol=192.8 mm2
AAA/ruputer/WANG_FU_SHUN,157,2,33.505428314208984,L2,ref,area_vs_volume_dVds,0.32174719462265267,A_ref=292.7 A_vol=221.4 mm2
AAA/ruputer/WANG_FU_SHUN,179,3,21.463647842407227,L2,ref,area_vs_volume_dVds,2.6198510171690392,A_ref=200.1 A_vol=55.3 mm2
AAA/ruputer/WANG_FU_SHUN,180,3,23.414888381958008,L2,ref,area_vs_volume_dVds,4.399713990825624,A_ref=231.2 A_vol=42.8 mm2
AAA/ruputer/WANG_FU_SHUN,184,3,31.219852447509766,L2,ref,area_vs_volume_dVds,-0.30163472457165785,A_ref=76.5 A_vol=109.5 mm2
AAA/ruputer/WANG_FU_SHUN,185,3,33.17109298706055,L2,ref,area_vs_volume_dVds,-0.2818624682293016,A_ref=87.5 A_vol=121.8 mm2
AAA/ruputer/WANG_FU_SHUN,200,3,62.43970489501953,L2,ref,area_vs_volume_dVds,0.2503634547462752,A_ref=24.3 A_vol=19.4 mm2
AAA/ruputer/WANG_FU_SHUN,201,3,64.39094543457031,L2,ref,area_vs_volume_dVds,0.22474092419061975,A_ref=21.4 A_vol=17.5 mm2
AAA/ruputer/WANG_FU_SHUN,157,2,33.505428314208984,L2,pc,area_vs_volume_dVds,0.3176245552117154,A_pc=291.7 A_vol=221.4 mm2
AAA/ruputer/WANG_FU_SHUN,200,3,62.43970489501953,L2,pc,area_vs_volume_dVds,0.2619822896645774,A_pc=24.5 A_vol=19.4 mm2
AAA/ruputer/WANG_FU_SHUN,201,3,64.39094543457031,L2,pc,area_vs_volume_dVds,0.2915429548020032,A_pc=22.6 A_vol=17.5 mm2
AAA/ruputer/WANG_FU_SHUN,45,0,89.15657043457031,L2,ref,A_over_piRmis2,4.119552135467529,A=680.3 Rmis=7.25
AAA/ruputer/WANG_FU_SHUN,154,2,27.59270668029785,L2,ref,A_over_piRmis2,3.982538938522339,A=177.2 Rmis=3.76
AAA/ruputer/WANG_FU_SHUN,156,2,31.534523010253906,L2,ref,A_over_piRmis2,3.373133420944214,A=251.1 Rmis=4.87
AAA/ruputer/WANG_FU_SHUN,179,3,21.463647842407227,L2,ref,A_over_piRmis2,6.120840072631836,A=200.1 Rmis=3.23
AAA/ruputer/WANG_FU_SHUN,180,3,23.414888381958008,L2,ref,A_over_piRmis2,8.840258598327637,A=231.2 Rmis=2.88
AAA/ruputer/WANG_FU_SHUN,45,0,89.15657043457031,L2,ref,adjacent_jump,2.450467586517334,A[44]=277.6 -> A[45]=680.3
AAA/ruputer/WANG_FU_SHUN,47,0,93.11908721923828,L2,ref,adjacent_jump,1.7194308042526245,A[46]=583.2 -> A[47]=339.2
AAA/ruputer/WANG_FU_SHUN,154,2,27.59270668029785,L2,ref,adjacent_jump,2.943040609359741,A[153]=60.2 -> A[154]=177.2
AAA/ruputer/WANG_FU_SHUN,156,2,31.534523010253906,L2,ref,adjacent_jump,1.9924006462097168,A[155]=126.0 -> A[156]=251.1
AAA/ruputer/WANG_FU_SHUN,181,3,25.366130828857422,L2,ref,adjacent_jump,6.0653395652771,A[180]=231.2 -> A[181]=38.1
AAA/ruputer/WANG_FU_SHUN,188,3,39.02481460571289,L2,ref,adjacent_jump,1.5076051950454712,A[187]=91.6 -> A[188]=60.7
AAA/ruputer/WANG_FU_SHUN,191,3,44.878536224365234,L2,ref,adjacent_jump,1.5675288438796997,A[190]=56.1 -> A[191]=88.0
AAA/ruputer/WANG_FU_SHUN,196,3,54.634742736816406,L2,ref,adjacent_jump,1.6783127784729004,A[195]=103.3 -> A[196]=61.5
AAA/ruputer/WANG_FU_SHUN,197,3,56.58598327636719,L2,ref,adjacent_jump,1.9334313869476318,A[196]=61.5 -> A[197]=31.8
AAA/ruputer/WANG_KUI_WU,183,3,58.84263229370117,L2,pc,area_vs_volume_dVds,0.8773633669091585,A_pc=30.9 A_vol=16.5 mm2
AAA/ruputer/WU_GUANG_CUN,66,0,131.7552490234375,L1,ref,nonstar_from_centerline,0.11760357348353616,reversed-edge area fraction
AAA/ruputer/WU_GUANG_CUN,67,0,133.7515411376953,L1,ref,nonstar_from_centerline,0.08227951845472559,reversed-edge area fraction
AAA/ruputer/WU_GUANG_CUN,57,0,113.78861999511719,L2,ref,area_vs_volume_dVds,-0.33937523101254174,A_ref=431.8 A_vol=653.6 mm2
AAA/ruputer/WU_GUANG_CUN,58,0,115.784912109375,L2,ref,area_vs_volume_dVds,-0.5314478898708371,A_ref=419.1 A_vol=894.5 mm2
AAA/ruputer/WU_GUANG_CUN,59,0,117.78120422363281,L2,ref,area_vs_volume_dVds,-0.6688140955675366,A_ref=422.1 A_vol=1274.6 mm2
AAA/ruputer/WU_GUANG_CUN,60,0,119.77749633789062,L2,ref,area_vs_volume_dVds,-0.6674085672260703,A_ref=425.2 A_vol=1278.4 mm2
AAA/ruputer/WU_GUANG_CUN,61,0,121.77378845214844,L2,ref,area_vs_volume_dVds,-0.6106896535408519,A_ref=428.4 A_vol=1100.3 mm2
AAA/ruputer/WU_GUANG_CUN,62,0,123.77008056640625,L2,ref,area_vs_volume_dVds,-0.5251800934800523,A_ref=449.5 A_vol=946.7 mm2
AAA/ruputer/WU_GUANG_CUN,63,0,125.76637268066406,L2,ref,area_vs_volume_dVds,-0.34596087443993007,A_ref=490.4 A_vol=749.8 mm2
AAA/ruputer/WU_GUANG_CUN,64,0,127.76266479492188,L2,ref,area_vs_volume_dVds,-0.37659534494677505,A_ref=509.0 A_vol=816.5 mm2
AAA/ruputer/WU_GUANG_CUN,65,0,129.7589569091797,L2,ref,area_vs_volume_dVds,-0.4498056117899476,A_ref=527.1 A_vol=958.0 mm2
AAA/ruputer/WU_GUANG_CUN,66,0,131.7552490234375,L2,ref,area_vs_volume_dVds,0.28359558256577344,A_ref=1432.0 A_vol=1115.6 mm2
AAA/ruputer/WU_GUANG_CUN,67,0,133.7515411376953,L2,ref,area_vs_volume_dVds,0.44800528625966574,A_ref=1572.1 A_vol=1085.7 mm2
AAA/ruputer/WU_GUANG_CUN,68,0,135.74783325195312,L2,ref,area_vs_volume_dVds,0.3484074972428046,A_ref=1770.0 A_vol=1312.7 mm2
AAA/ruputer/WU_GUANG_CUN,69,0,137.74412536621094,L2,ref,area_vs_volume_dVds,0.5219612307394643,A_ref=1950.8 A_vol=1281.8 mm2
AAA/ruputer/WU_GUANG_CUN,70,0,139.74041748046875,L2,ref,area_vs_volume_dVds,0.7757436554582118,A_ref=2164.4 A_vol=1218.9 mm2
AAA/ruputer/WU_GUANG_CUN,71,0,141.73670959472656,L2,ref,area_vs_volume_dVds,0.9556668375274326,A_ref=2322.5 A_vol=1187.6 mm2
AAA/ruputer/WU_GUANG_CUN,72,0,143.73300170898438,L2,ref,area_vs_volume_dVds,1.1252910806335552,A_ref=2434.6 A_vol=1145.5 mm2
AAA/ruputer/WU_GUANG_CUN,73,0,145.7292938232422,L2,ref,area_vs_volume_dVds,1.2027415767271536,A_ref=2520.2 A_vol=1144.1 mm2
AAA/ruputer/WU_GUANG_CUN,74,0,147.7255859375,L2,ref,area_vs_volume_dVds,0.8267544677665062,A_ref=2544.4 A_vol=1392.9 mm2
AAA/ruputer/WU_GUANG_CUN,75,0,149.7218780517578,L2,ref,area_vs_volume_dVds,0.6823162038067521,A_ref=2613.4 A_vol=1553.4 mm2
AAA/ruputer/WU_GUANG_CUN,76,0,151.71817016601562,L2,ref,area_vs_volume_dVds,0.6178224017862726,A_ref=2716.5 A_vol=1679.1 mm2
AAA/ruputer/WU_GUANG_CUN,77,0,153.71446228027344,L2,ref,area_vs_volume_dVds,0.41554475104915123,A_ref=2837.8 A_vol=2004.8 mm2
AAA/ruputer/WU_GUANG_CUN,78,0,155.71075439453125,L2,ref,area_vs_volume_dVds,0.34622830838773444,A_ref=2945.2 A_vol=2187.7 mm2
AAA/ruputer/WU_GUANG_CUN,81,0,161.69961547851562,L2,ref,area_vs_volume_dVds,-0.23987060929053872,A_ref=2871.0 A_vol=3777.0 mm2
AAA/ruputer/WU_GUANG_CUN,82,0,163.69590759277344,L2,ref,area_vs_volume_dVds,-0.23266380531770647,A_ref=2822.6 A_vol=3678.4 mm2
AAA/ruputer/WU_GUANG_CUN,190,3,23.21291160583496,L2,ref,area_vs_volume_dVds,0.20972402809731383,A_ref=45.1 A_vol=37.3 mm2
AAA/ruputer/WU_GUANG_CUN,70,0,139.74041748046875,L2,pc,area_vs_volume_dVds,0.7528378692361837,A_pc=2136.5 A_vol=1218.9 mm2
AAA/ruputer/WU_GUANG_CUN,71,0,141.73670959472656,L2,pc,area_vs_volume_dVds,0.9485187373622848,A_pc=2314.0 A_vol=1187.6 mm2
AAA/ruputer/WU_GUANG_CUN,72,0,143.73300170898438,L2,pc,area_vs_volume_dVds,1.116203189019208,A_pc=2424.2 A_vol=1145.5 mm2
AAA/ruputer/WU_GUANG_CUN,73,0,145.7292938232422,L2,pc,area_vs_volume_dVds,1.1834476288583287,A_pc=2498.1 A_vol=1144.1 mm2
AAA/ruputer/WU_GUANG_CUN,74,0,147.7255859375,L2,pc,area_vs_volume_dVds,0.8255914844215391,A_pc=2542.8 A_vol=1392.9 mm2
AAA/ruputer/WU_GUANG_CUN,75,0,149.7218780517578,L2,pc,area_vs_volume_dVds,0.6676057573465954,A_pc=2590.5 A_vol=1553.4 mm2
AAA/ruputer/WU_GUANG_CUN,76,0,151.71817016601562,L2,pc,area_vs_volume_dVds,0.5978728227028296,A_pc=2683.0 A_vol=1679.1 mm2
AAA/ruputer/WU_GUANG_CUN,77,0,153.71446228027344,L2,pc,area_vs_volume_dVds,0.4022563864394968,A_pc=2811.2 A_vol=2004.8 mm2
AAA/ruputer/WU_GUANG_CUN,78,0,155.71075439453125,L2,pc,area_vs_volume_dVds,0.3318744596325218,A_pc=2913.8 A_vol=2187.7 mm2
AAA/ruputer/WU_GUANG_CUN,81,0,161.69961547851562,L2,pc,area_vs_volume_dVds,-0.2404915916422532,A_pc=2868.7 A_vol=3777.0 mm2
AAA/ruputer/WU_GUANG_CUN,82,0,163.69590759277344,L2,pc,area_vs_volume_dVds,-0.23558968584595552,A_pc=2811.8 A_vol=3678.4 mm2
AAA/ruputer/WU_GUANG_CUN,66,0,131.7552490234375,L2,ref,A_over_piRmis2,6.63389253616333,A=1432.0 Rmis=8.29
AAA/ruputer/WU_GUANG_CUN,67,0,133.7515411376953,L2,ref,A_over_piRmis2,6.728243827819824,A=1572.1 Rmis=8.62
AAA/ruputer/WU_GUANG_CUN,68,0,135.74783325195312,L2,ref,A_over_piRmis2,6.750858306884766,A=1770.0 Rmis=9.14
AAA/ruputer/WU_GUANG_CUN,69,0,137.74412536621094,L2,ref,A_over_piRmis2,6.390512466430664,A=1950.8 Rmis=9.86
AAA/ruputer/WU_GUANG_CUN,70,0,139.74041748046875,L2,ref,A_over_piRmis2,5.974239349365234,A=2164.4 Rmis=10.74
AAA/ruputer/WU_GUANG_CUN,71,0,141.73670959472656,L2,ref,A_over_piRmis2,5.332845211029053,A=2322.5 Rmis=11.77
AAA/ruputer/WU_GUANG_CUN,72,0,143.73300170898438,L2,ref,A_over_piRmis2,4.640544414520264,A=2434.6 Rmis=12.92
AAA/ruputer/WU_GUANG_CUN,73,0,145.7292938232422,L2,ref,A_over_piRmis2,3.9721779823303223,A=2520.2 Rmis=14.21
AAA/ruputer/WU_GUANG_CUN,74,0,147.7255859375,L2,ref,A_over_piRmis2,3.3546812534332275,A=2544.4 Rmis=15.54
AAA/ruputer/WU_GUANG_CUN,66,0,131.7552490234375,L2,ref,adjacent_jump,2.71675705909729,A[65]=527.1 -> A[66]=1432.0
AAA/ruputer/WU_GUANG_CUN,252,5,27.813617706298828,L2,ref,adjacent_jump,2.1487796306610107,A[251]=48.4 -> A[252]=22.5
AAA/ruputer/WU_GUANG_CUN,282,6,25.338043212890625,L2,ref,adjacent_jump,1.5149922370910645,A[281]=34.3 -> A[282]=22.6
AAA/ruputer/XIE_JIN_QUAN,98,1,13.640851974487305,L1,ref,nonstar_from_centerline,0.0019274905652048536,reversed-edge area fraction
AAA/ruputer/XIE_JIN_QUAN,99,1,15.589545249938965,L1,ref,nonstar_from_centerline,0.036396685997051544,reversed-edge area fraction
AAA/ruputer/XIE_JIN_QUAN,98,1,13.640851974487305,L2,ref,area_vs_volume_dVds,4.8602189370802495,A_ref=1721.7 A_vol=293.8 mm2
AAA/ruputer/XIE_JIN_QUAN,99,1,15.589545249938965,L2,ref,area_vs_volume_dVds,2.8341212661677475,A_ref=1275.7 A_vol=332.7 mm2
AAA/ruputer/XIE_JIN_QUAN,98,1,13.640851974487305,L2,ref,A_over_piRmis2,12.096610069274902,A=1721.7 Rmis=6.73
AAA/ruputer/XIE_JIN_QUAN,99,1,15.589545249938965,L2,ref,A_over_piRmis2,11.482218742370605,A=1275.7 Rmis=5.95
AAA/ruputer/XIE_JIN_QUAN,100,1,17.538238525390625,L2,ref,adjacent_jump,9.9013671875,A[99]=1275.7 -> A[100]=128.8
AAA/ruputer/XIE_JIN_QUAN,181,3,61.553871154785156,L2,ref,adjacent_jump,1.520411491394043,A[180]=41.4 -> A[181]=27.2
AAA/ruputer/YU_TIAN_HAI,76,0,150.71849060058594,L1,ref,nonstar_from_centerline,0.035927976868167996,reversed-edge area fraction
AAA/ruputer/YU_TIAN_HAI,76,0,150.71849060058594,L2,ref,area_vs_volume_dVds,0.3840708391905876,A_ref=409.0 A_vol=295.5 mm2
AAA/ruputer/YU_TIAN_HAI,77,0,152.70162963867188,L2,ref,area_vs_volume_dVds,0.26813967534989236,A_ref=459.4 A_vol=362.2 mm2
AAA/ruputer/YU_TIAN_HAI,78,0,154.6847686767578,L2,ref,area_vs_volume_dVds,0.34129795167224053,A_ref=556.3 A_vol=414.8 mm2
AAA/ruputer/YU_TIAN_HAI,79,0,156.66790771484375,L2,ref,area_vs_volume_dVds,0.34124025730956276,A_ref=606.2 A_vol=452.0 mm2
AAA/ruputer/YU_TIAN_HAI,84,0,166.58360290527344,L2,ref,area_vs_volume_dVds,-0.2351175184368658,A_ref=948.6 A_vol=1240.2 mm2
AAA/ruputer/YU_TIAN_HAI,85,0,168.56674194335938,L2,ref,area_vs_volume_dVds,-0.2658274046389095,A_ref=1036.6 A_vol=1411.9 mm2
AAA/ruputer/YU_TIAN_HAI,78,0,154.6847686767578,L2,pc,area_vs_volume_dVds,0.3116521747078247,A_pc=544.0 A_vol=414.8 mm2
AAA/ruputer/YU_TIAN_HAI,79,0,156.66790771484375,L2,pc,area_vs_volume_dVds,0.327511056209822,A_pc=600.0 A_vol=452.0 mm2
AAA/ruputer/YU_TIAN_HAI,84,0,166.58360290527344,L2,pc,area_vs_volume_dVds,-0.23802789903500965,A_pc=945.0 A_vol=1240.2 mm2
AAA/ruputer/YU_TIAN_HAI,85,0,168.56674194335938,L2,pc,area_vs_volume_dVds,-0.2702947099741789,A_pc=1030.3 A_vol=1411.9 mm2
AAA/ruputer/YU_TIAN_HAI,76,0,150.71849060058594,L2,ref,adjacent_jump,1.6653759479522705,A[75]=245.6 -> A[76]=409.0
AAA/ruputer/ZHANG_MAO_JIN,46,0,91.24027252197266,L1,ref,nonstar_from_centerline,0.0012907186261196136,reversed-edge area fraction
AAA/ruputer/ZHANG_MAO_JIN,227,4,13.766069412231445,L1,ref,nonstar_from_centerline,0.024053602594620235,reversed-edge area fraction
AAA/ruputer/ZHANG_MAO_JIN,228,4,15.732650756835938,L1,ref,nonstar_from_centerline,0.011432228390758857,reversed-edge area fraction
AAA/ruputer/ZHANG_MAO_JIN,229,4,17.69923210144043,L1,ref,nonstar_from_centerline,0.02750313171907804,reversed-edge area fraction
AAA/ruputer/ZHANG_MAO_JIN,271,5,33.01640701293945,L1,ref,nonstar_from_centerline,0.010365061449054745,reversed-edge area fraction
AAA/ruputer/ZHANG_MAO_JIN,46,0,91.24027252197266,L2,ref,area_vs_volume_dVds,0.277194540558622,A_ref=335.3 A_vol=262.5 mm2
AAA/ruputer/ZHANG_MAO_JIN,47,0,93.2237548828125,L2,ref,area_vs_volume_dVds,0.3180015861046255,A_ref=357.7 A_vol=271.4 mm2
AAA/ruputer/ZHANG_MAO_JIN,65,0,128.9264678955078,L2,ref,area_vs_volume_dVds,-0.2542842561464753,A_ref=1528.6 A_vol=2049.8 mm2
AAA/ruputer/ZHANG_MAO_JIN,66,0,130.9099578857422,L2,ref,area_vs_volume_dVds,-0.4593708348514174,A_ref=1550.9 A_vol=2868.8 mm2
AAA/ruputer/ZHANG_MAO_JIN,227,4,13.766069412231445,L2,ref,area_vs_volume_dVds,1.4021703681133926,A_ref=306.7 A_vol=127.7 mm2
AAA/ruputer/ZHANG_MAO_JIN,228,4,15.732650756835938,L2,ref,area_vs_volume_dVds,1.060747055796369,A_ref=278.2 A_vol=135.0 mm2
AAA/ruputer/ZHANG_MAO_JIN,229,4,17.69923210144043,L2,ref,area_vs_volume_dVds,1.4496490292726611,A_ref=256.7 A_vol=104.8 mm2
AAA/ruputer/ZHANG_MAO_JIN,47,0,93.2237548828125,L2,pc,area_vs_volume_dVds,0.28520439380173146,A_pc=348.8 A_vol=271.4 mm2
AAA/ruputer/ZHANG_MAO_JIN,65,0,128.9264678955078,L2,pc,area_vs_volume_dVds,-0.25884264834528836,A_pc=1519.2 A_vol=2049.8 mm2
AAA/ruputer/ZHANG_MAO_JIN,66,0,130.9099578857422,L2,pc,area_vs_volume_dVds,-0.46168649083795477,A_pc=1544.3 A_vol=2868.8 mm2
AAA/ruputer/ZHANG_MAO_JIN,230,4,19.665813446044922,L2,ref,adjacent_jump,2.895552635192871,A[229]=256.7 -> A[230]=88.7
AAA/ruputer/ZHOU_KE_XUN,255,5,49.58797836303711,L1,ref,nonstar_from_centerline,0.0026853078727649086,reversed-edge area fraction
AAA/ruputer/ZHOU_KE_XUN,275,6,35.320133209228516,L1,ref,nonstar_from_centerline,0.0015954768606120362,reversed-edge area fraction
AAA/ruputer/ZHOU_KE_XUN,40,0,79.64218139648438,L2,ref,area_vs_volume_dVds,0.2112018468226311,A_ref=1032.9 A_vol=852.8 mm2
AAA/ruputer/ZHOU_KE_XUN,40,0,79.64218139648438,L2,pc,area_vs_volume_dVds,0.2074481612766106,A_pc=1029.7 A_vol=852.8 mm2
AAA/ruputer/ZHOU_KE_XUN,239,5,17.851673126220703,L2,pc,area_vs_volume_dVds,0.38982383875966686,A_pc=159.9 A_vol=115.1 mm2
AAA/ruputer/ZHOU_KE_XUN,249,5,37.68686294555664,L2,ref,adjacent_jump,1.528150200843811,A[248]=34.5 -> A[249]=22.6
AAA/ruputer/ZOU_LI_SHUN,135,1,67.0567398071289,L2,ref,area_vs_volume_dVds,-0.21862418379834347,A_ref=108.3 A_vol=138.7 mm2
AAA/ruputer/ZOU_LI_SHUN,135,1,67.0567398071289,L2,pc,area_vs_volume_dVds,-0.2139591536858676,A_pc=109.0 A_vol=138.7 mm2
AAA/ruputer/ZUO_DAO_SHENG,113,1,50.447410583496094,L1,ref,nonstar_from_centerline,0.001838884519226748,reversed-edge area fraction
AAA/ruputer/ZUO_DAO_SHENG,262,6,19.70039939880371,L1,ref,nonstar_from_centerline,0.04412511633355161,reversed-edge area fraction
AAA/ruputer/ZUO_DAO_SHENG,173,3,15.658890724182129,L2,ref,area_vs_volume_dVds,-0.2121276544402455,A_ref=96.6 A_vol=122.6 mm2
AAA/ruputer/ZUO_DAO_SHENG,173,3,15.658890724182129,L2,pc,area_vs_volume_dVds,-0.21380658320150192,A_pc=96.4 A_vol=122.6 mm2
AAA/unruputer/CAO_HONG_TAI,72,0,143.17527770996094,L1,ref,nonstar_from_centerline,0.07706527904767091,reversed-edge area fraction
AAA/unruputer/CAO_HONG_TAI,74,0,147.15237426757812,L1,ref,nonstar_from_centerline,0.08472057745786309,reversed-edge area fraction
AAA/unruputer/CAO_HONG_TAI,159,1,43.509300231933594,L1,ref,nonstar_from_centerline,0.04092458876888779,reversed-edge area fraction
AAA/unruputer/CAO_HONG_TAI,66,0,131.2440185546875,L2,ref,area_vs_volume_dVds,-0.21614136747775148,A_ref=318.8 A_vol=406.8 mm2
AAA/unruputer/CAO_HONG_TAI,72,0,143.17527770996094,L2,ref,area_vs_volume_dVds,8.250614667823012,A_ref=5537.4 A_vol=598.6 mm2
AAA/unruputer/CAO_HONG_TAI,74,0,147.15237426757812,L2,ref,area_vs_volume_dVds,4.394496818256046,A_ref=4586.9 A_vol=850.3 mm2
AAA/unruputer/CAO_HONG_TAI,79,0,157.09510803222656,L2,ref,area_vs_volume_dVds,0.24717409380918798,A_ref=1355.8 A_vol=1087.1 mm2
AAA/unruputer/CAO_HONG_TAI,80,0,159.08364868164062,L2,ref,area_vs_volume_dVds,0.2102317709836632,A_ref=1413.1 A_vol=1167.6 mm2
AAA/unruputer/CAO_HONG_TAI,82,0,163.0607452392578,L2,ref,area_vs_volume_dVds,0.2514583357321507,A_ref=1515.1 A_vol=1210.7 mm2
AAA/unruputer/CAO_HONG_TAI,154,1,33.62082290649414,L2,ref,area_vs_volume_dVds,0.20781542875497627,A_ref=933.1 A_vol=772.5 mm2
AAA/unruputer/CAO_HONG_TAI,155,1,35.59851837158203,L2,ref,area_vs_volume_dVds,0.2156875993214753,A_ref=753.3 A_vol=619.6 mm2
AAA/unruputer/CAO_HONG_TAI,156,1,37.57621383666992,L2,ref,area_vs_volume_dVds,0.33751628028431435,A_ref=652.5 A_vol=487.8 mm2
AAA/unruputer/CAO_HONG_TAI,157,1,39.55390930175781,L2,ref,area_vs_volume_dVds,0.6030975638950973,A_ref=658.3 A_vol=410.6 mm2
AAA/unruputer/CAO_HONG_TAI,158,1,41.5316047668457,L2,ref,area_vs_volume_dVds,0.7606250733070372,A_ref=686.4 A_vol=389.8 mm2
AAA/unruputer/CAO_HONG_TAI,159,1,43.509300231933594,L2,ref,area_vs_volume_dVds,0.9520259315686277,A_ref=704.8 A_vol=361.1 mm2
AAA/unruputer/CAO_HONG_TAI,80,0,159.08364868164062,L2,pc,area_vs_volume_dVds,0.23319110535549248,A_pc=1439.9 A_vol=1167.6 mm2
AAA/unruputer/CAO_HONG_TAI,81,0,161.0721893310547,L2,pc,area_vs_volume_dVds,0.20351885954594495,A_pc=1498.4 A_vol=1245.0 mm2
AAA/unruputer/CAO_HONG_TAI,82,0,163.0607452392578,L2,pc,area_vs_volume_dVds,0.2525473029212837,A_pc=1516.4 A_vol=1210.7 mm2
AAA/unruputer/CAO_HONG_TAI,72,0,143.17527770996094,L2,ref,A_over_piRmis2,22.476831436157227,A=5537.4 Rmis=8.86
AAA/unruputer/CAO_HONG_TAI,74,0,147.15237426757812,L2,ref,A_over_piRmis2,16.441741943359375,A=4586.9 Rmis=9.42
AAA/unruputer/CAO_HONG_TAI,72,0,143.17527770996094,L2,ref,adjacent_jump,10.65632438659668,A[71]=519.6 -> A[72]=5537.4
AAA/unruputer/CAO_HONG_TAI,75,0,149.1409149169922,L2,ref,adjacent_jump,6.431944847106934,A[74]=4586.9 -> A[75]=713.1
AAA/unruputer/CAO_HONG_TAI,160,1,45.486995697021484,L2,ref,adjacent_jump,2.0266880989074707,A[159]=704.8 -> A[160]=347.8
AAA/unruputer/CAO_HONG_TAI,181,2,34.69231033325195,L2,ref,adjacent_jump,1.5467075109481812,A[180]=632.0 -> A[181]=408.6
AAA/unruputer/CAO_HONG_TAI,196,3,17.80533790588379,L2,ref,adjacent_jump,1.552254319190979,A[195]=68.4 -> A[196]=44.1
AAA/unruputer/CHEN_FU_YE,235,4,17.386104583740234,L1,ref,nonstar_from_centerline,0.004949291302836936,reversed-edge area fraction
AAA/unruputer/CHEN_FU_YE,236,4,19.317893981933594,L1,ref,nonstar_from_centerline,0.037868435717657314,reversed-edge area fraction
AAA/unruputer/CHEN_FU_YE,291,6,9.904548645019531,L1,ref,nonstar_from_centerline,0.005627330846224644,reversed-edge area fraction
AAA/unruputer/CHEN_FU_YE,234,4,15.454314231872559,L2,ref,area_vs_volume_dVds,1.280346873937705,A_ref=123.0 A_vol=53.9 mm2
AAA/unruputer/CHEN_FU_YE,235,4,17.386104583740234,L2,ref,area_vs_volume_dVds,1.3939212175794502,A_ref=133.3 A_vol=55.7 mm2
AAA/unruputer/CHEN_FU_YE,236,4,19.317893981933594,L2,ref,area_vs_volume_dVds,1.8016868898056737,A_ref=151.6 A_vol=54.1 mm2
AAA/unruputer/CHEN_FU_YE,291,6,9.904548645019531,L2,ref,area_vs_volume_dVds,1.6618565720448317,A_ref=163.9 A_vol=61.6 mm2
AAA/unruputer/CHEN_FU_YE,235,4,17.386104583740234,L2,ref,A_over_piRmis2,3.1627440452575684,A=133.3 Rmis=3.66
AAA/unruputer/CHEN_FU_YE,236,4,19.317893981933594,L2,ref,A_over_piRmis2,3.95174241065979,A=151.6 Rmis=3.49
AAA/unruputer/CHEN_FU_YE,291,6,9.904548645019531,L2,ref,A_over_piRmis2,4.331423759460449,A=163.9 Rmis=3.47
AAA/unruputer/CHEN_FU_YE,237,4,21.24968147277832,L2,ref,adjacent_jump,2.9452619552612305,A[236]=151.6 -> A[237]=51.5
AAA/unruputer/CHEN_FU_YE,292,6,11.885457992553711,L2,ref,adjacent_jump,3.434328556060791,A[291]=163.9 -> A[292]=47.7
AAA/unruputer/CHEN_FU_YE,297,6,21.790006637573242,L2,ref,adjacent_jump,1.6471251249313354,A[296]=34.3 -> A[297]=20.8
AAA/unruputer/CHEN_LIANG_FU,154,3,27.777986526489258,L1,ref,nonstar_from_centerline,0.005397545795480679,reversed-edge area fraction
AAA/unruputer/CHEN_LIANG_FU,192,4,27.69158172607422,L1,ref,nonstar_from_centerline,0.003266736572843058,reversed-edge area fraction
AAA/unruputer/CHEN_LIANG_FU,60,0,118.9764404296875,L2,ref,area_vs_volume_dVds,-0.2081151739748376,A_ref=1741.9 A_vol=2199.7 mm2
AAA/unruputer/CHEN_LIANG_FU,154,3,27.777986526489258,L2,ref,area_vs_volume_dVds,0.9935514050942456,A_ref=167.9 A_vol=84.2 mm2
AAA/unruputer/CHEN_LIANG_FU,192,4,27.69158172607422,L2,ref,area_vs_volume_dVds,0.24901846011297524,A_ref=115.2 A_vol=92.3 mm2
AAA/unruputer/CHEN_LIANG_FU,60,0,118.9764404296875,L2,pc,area_vs_volume_dVds,-0.21113157132779914,A_pc=1735.3 A_vol=2199.7 mm2
AAA/unruputer/CHEN_LIANG_FU,154,3,27.777986526489258,L2,ref,A_over_piRmis2,3.284663200378418,A=167.9 Rmis=4.03
AAA/unruputer/CHEN_LIANG_FU,155,3,29.762128829956055,L2,ref,adjacent_jump,2.589768648147583,A[154]=167.9 -> A[155]=64.8
AAA/unruputer/CHEN_SHU_LIN,241,4,13.892128944396973,L1,ref,nonstar_from_centerline,0.004013030598017186,reversed-edge area fraction
AAA/unruputer/CHEN_SHU_LIN,242,4,15.87671947479248,L1,ref,nonstar_from_centerline,0.0045682487850355205,reversed-edge area fraction
AAA/unruputer/CHEN_SHU_LIN,243,4,17.861309051513672,L1,ref,nonstar_from_centerline,0.031197694935778602,reversed-edge area fraction
AAA/unruputer/CHEN_SHU_LIN,241,4,13.892128944396973,L2,ref,area_vs_volume_dVds,2.0911329216295695,A_ref=379.5 A_vol=122.8 mm2
AAA/unruputer/CHEN_SHU_LIN,242,4,15.87671947479248,L2,ref,area_vs_volume_dVds,1.0954640716214668,A_ref=258.6 A_vol=123.4 mm2
AAA/unruputer/CHEN_SHU_LIN,243,4,17.861309051513672,L2,ref,area_vs_volume_dVds,0.3340908710164814,A_ref=156.2 A_vol=117.1 mm2
AAA/unruputer/CHEN_SHU_LIN,93,0,185.23312377929688,L2,pc,area_vs_volume_dVds,-0.20205680974987494,A_pc=2103.7 A_vol=2636.5 mm2
AAA/unruputer/CHEN_SHU_LIN,241,4,13.892128944396973,L2,ref,A_over_piRmis2,3.2184739112854004,A=379.5 Rmis=6.13
AAA/unruputer/CHEN_SHU_LIN,243,4,17.861309051513672,L2,ref,adjacent_jump,1.6560852527618408,A[242]=258.6 -> A[243]=156.2
AAA/unruputer/FENG_ZHI_YING,241,6,13.660870552062988,L1,ref,nonstar_from_centerline,0.01465731601673244,reversed-edge area fraction
AAA/unruputer/FENG_ZHI_YING,247,6,25.370187759399414,L1,ref,nonstar_from_centerline,0.0012688083794294726,reversed-edge area fraction
AAA/unruputer/FENG_ZHI_YING,80,0,158.47474670410156,L2,ref,area_vs_volume_dVds,-0.2263206501047973,A_ref=1596.4 A_vol=2063.4 mm2
AAA/unruputer/FENG_ZHI_YING,241,6,13.660870552062988,L2,ref,area_vs_volume_dVds,4.004858062716605,A_ref=125.7 A_vol=25.1 mm2
AAA/unruputer/FENG_ZHI_YING,242,6,15.61242389678955,L2,ref,area_vs_volume_dVds,-0.25357713519723557,A_ref=22.6 A_vol=30.2 mm2
AAA/unruputer/FENG_ZHI_YING,80,0,158.47474670410156,L2,pc,area_vs_volume_dVds,-0.23000166912529463,A_pc=1588.8 A_vol=2063.4 mm2
AAA/unruputer/FENG_ZHI_YING,232,5,52.880489349365234,L2,pc,area_vs_volume_dVds,0.2721071360323615,A_pc=36.8 A_vol=28.9 mm2
AAA/unruputer/FENG_ZHI_YING,241,6,13.660870552062988,L2,ref,A_over_piRmis2,8.962396621704102,A=125.7 Rmis=2.11
AAA/unruputer/FENG_ZHI_YING,138,2,21.952123641967773,L2,ref,adjacent_jump,1.5988695621490479,A[137]=137.1 -> A[138]=85.7
AAA/unruputer/FENG_ZHI_YING,242,6,15.61242389678955,L2,ref,adjacent_jump,5.571211814880371,A[241]=125.7 -> A[242]=22.6
AAA/unruputer/FENG_ZHI_YING,243,6,17.563976287841797,L2,ref,adjacent_jump,1.5717761516571045,A[242]=22.6 -> A[243]=35.5
AAA/unruputer/GAO_DIAN_WEN,110,1,40.935264587402344,L1,ref,nonstar_from_centerline,0.05181841928233683,reversed-edge area fraction
AAA/unruputer/GAO_DIAN_WEN,111,1,42.88456344604492,L1,ref,nonstar_from_centerline,0.10910687457940627,reversed-edge area fraction
AAA/unruputer/GAO_DIAN_WEN,110,1,40.935264587402344,L2,ref,area_vs_volume_dVds,1.5056562195511667,A_ref=911.3 A_vol=363.7 mm2
AAA/unruputer/GAO_DIAN_WEN,111,1,42.88456344604492,L2,ref,area_vs_volume_dVds,0.7309616422613052,A_ref=625.4 A_vol=361.3 mm2
AAA/unruputer/GAO_DIAN_WEN,110,1,40.935264587402344,L2,ref,A_over_piRmis2,3.4719696044921875,A=911.3 Rmis=9.14
AAA/unruputer/GAO_DIAN_WEN,112,1,44.8338623046875,L2,ref,adjacent_jump,1.774242639541626,A[111]=625.4 -> A[112]=352.5
AAA/unruputer/GAO_WEI_LI,99,1,47.784305572509766,L1,ref,nonstar_from_centerline,0.07757327049992407,reversed-edge area fraction
AAA/unruputer/GAO_WEI_LI,100,1,49.77531814575195,L1,ref,nonstar_from_centerline,0.05452521782528698,reversed-edge area fraction
AAA/unruputer/GAO_WEI_LI,99,1,47.784305572509766,L2,ref,area_vs_volume_dVds,1.714080485311353,A_ref=853.9 A_vol=314.6 mm2
AAA/unruputer/GAO_WEI_LI,100,1,49.77531814575195,L2,ref,area_vs_volume_dVds,1.0299897138262883,A_ref=616.3 A_vol=303.6 mm2
AAA/unruputer/GAO_WEI_LI,99,1,47.784305572509766,L2,ref,A_over_piRmis2,3.182093381881714,A=853.9 Rmis=9.24
AAA/unruputer/GAO_WEI_LI,101,1,51.76633071899414,L2,ref,adjacent_jump,2.3596603870391846,A[100]=616.3 -> A[101]=261.2
AAA/unruputer/GUO_BAO_CHUN,43,0,85.32363891601562,L1,ref,nonstar_from_centerline,0.02675140012184343,reversed-edge area fraction
AAA/unruputer/GUO_BAO_CHUN,44,0,87.30791473388672,L1,ref,nonstar_from_centerline,0.011855512779666505,reversed-edge area fraction
AAA/unruputer/GUO_BAO_CHUN,106,1,37.67194747924805,L1,ref,nonstar_from_centerline,0.19955890954517902,reversed-edge area fraction
AAA/unruputer/GUO_BAO_CHUN,107,1,39.65468215942383,L1,ref,nonstar_from_centerline,0.15343515813042405,reversed-edge area fraction
AAA/unruputer/GUO_BAO_CHUN,43,0,85.32363891601562,L2,ref,area_vs_volume_dVds,0.23445051332538802,A_ref=784.7 A_vol=635.6 mm2
AAA/unruputer/GUO_BAO_CHUN,44,0,87.30791473388672,L2,ref,area_vs_volume_dVds,0.40292938863499406,A_ref=862.6 A_vol=614.9 mm2
AAA/unruputer/GUO_BAO_CHUN,45,0,89.29218292236328,L2,ref,area_vs_volume_dVds,0.24839670982952455,A_ref=832.9 A_vol=667.2 mm2
AAA/unruputer/GUO_BAO_CHUN,106,1,37.67194747924805,L2,ref,area_vs_volume_dVds,1.690377593376145,A_ref=2085.9 A_vol=775.3 mm2
AAA/unruputer/GUO_BAO_CHUN,107,1,39.65468215942383,L2,ref,area_vs_volume_dVds,0.9960556297364085,A_ref=1673.1 A_vol=838.2 mm2
AAA/unruputer/GUO_BAO_CHUN,189,3,73.53059387207031,L2,ref,area_vs_volume_dVds,0.40545279982395077,A_ref=235.4 A_vol=167.5 mm2
AAA/unruputer/GUO_BAO_CHUN,1,0,1.984270691871643,L2,pc,area_vs_volume_dVds,0.9406862166881353,A_pc=696.0 A_vol=358.6 mm2
AAA/unruputer/GUO_BAO_CHUN,45,0,89.29218292236328,L2,pc,area_vs_volume_dVds,0.22597915994853635,A_pc=817.9 A_vol=667.2 mm2
AAA/unruputer/GUO_BAO_CHUN,188,3,71.54328155517578,L2,pc,area_vs_volume_dVds,0.20045734181383956,A_pc=243.5 A_vol=202.8 mm2
AAA/unruputer/GUO_BAO_CHUN,189,3,73.53059387207031,L2,pc,area_vs_volume_dVds,0.3999040496286874,A_pc=234.5 A_vol=167.5 mm2
AAA/unruputer/GUO_BAO_CHUN,108,1,41.63741683959961,L2,ref,adjacent_jump,1.9078141450881958,A[107]=1673.1 -> A[108]=877.0
AAA/unruputer/LIN_JIAN_RONG,51,0,101.35488891601562,L2,ref,area_vs_volume_dVds,-0.2510115490904504,A_ref=575.1 A_vol=767.8 mm2
AAA/unruputer/LIN_JIAN_RONG,52,0,103.34223937988281,L2,ref,area_vs_volume_dVds,-0.25845396840784995,A_ref=601.5 A_vol=811.1 mm2
AAA/unruputer/LIN_JIAN_RONG,97,0,192.7730255126953,L2,ref,area_vs_volume_dVds,0.22072332039199893,A_ref=1260.1 A_vol=1032.3 mm2
AAA/unruputer/LIN_JIAN_RONG,101,0,200.72242736816406,L2,ref,area_vs_volume_dVds,0.20051543122424165,A_ref=662.0 A_vol=551.4 mm2
AAA/unruputer/LIN_JIAN_RONG,110,1,11.657343864440918,L2,ref,area_vs_volume_dVds,-0.6954190299137262,A_ref=49.3 A_vol=161.8 mm2
AAA/unruputer/LIN_JIAN_RONG,114,1,19.428905487060547,L2,ref,area_vs_volume_dVds,-0.23386729599078515,A_ref=75.9 A_vol=99.0 mm2
AAA/unruputer/LIN_JIAN_RONG,51,0,101.35488891601562,L2,pc,area_vs_volume_dVds,-0.2551675732499745,A_pc=571.9 A_vol=767.8 mm2
AAA/unruputer/LIN_JIAN_RONG,52,0,103.34223937988281,L2,pc,area_vs_volume_dVds,-0.26289961854816524,A_pc=597.9 A_vol=811.1 mm2
AAA/unruputer/LIN_JIAN_RONG,97,0,192.7730255126953,L2,pc,area_vs_volume_dVds,0.21346137501914786,A_pc=1252.6 A_vol=1032.3 mm2
AAA/unruputer/LIU_CHENG_ZHANG,191,3,21.640838623046875,L2,ref,adjacent_jump,1.5058566331863403,A[190]=26.3 -> A[191]=39.7
AAA/unruputer/LIU_CHENG_ZHANG,272,6,13.57007122039795,L2,ref,adjacent_jump,1.6476659774780273,A[271]=31.6 -> A[272]=19.2
AAA/unruputer/LIU_JIE,250,6,7.783945083618164,L1,ref,nonstar_from_centerline,0.0016027277308625883,reversed-edge area fraction
AAA/unruputer/LIU_JIE,250,6,7.783945083618164,L2,ref,area_vs_volume_dVds,-0.2035829012901842,A_ref=28.0 A_vol=35.1 mm2
AAA/unruputer/LIU_JIE,2,0,3.9876675605773926,L2,pc,area_vs_volume_dVds,1.3331506482950184,A_pc=620.2 A_vol=265.8 mm2
AAA/unruputer/LIU_JIE,113,1,25.386672973632812,L2,ref,adjacent_jump,1.6215678453445435,A[112]=153.9 -> A[113]=94.9
AAA/unruputer/LIU_KANG_WEN,205,2,83.23954010009766,L1,ref,nonstar_from_centerline,0.051956521088325026,reversed-edge area fraction
AAA/unruputer/LIU_KANG_WEN,206,2,85.221435546875,L1,ref,nonstar_from_centerline,0.05538365372374256,reversed-edge area fraction
AAA/unruputer/LIU_KANG_WEN,207,2,87.20333099365234,L1,ref,nonstar_from_centerline,0.06615832669677901,reversed-edge area fraction
AAA/unruputer/LIU_KANG_WEN,205,2,83.23954010009766,L2,ref,area_vs_volume_dVds,1.765471697746444,A_ref=1529.4 A_vol=553.0 mm2
AAA/unruputer/LIU_KANG_WEN,206,2,85.221435546875,L2,ref,area_vs_volume_dVds,1.3626390520988259,A_ref=1297.9 A_vol=549.4 mm2
AAA/unruputer/LIU_KANG_WEN,207,2,87.20333099365234,L2,ref,area_vs_volume_dVds,2.156406380333947,A_ref=1540.3 A_vol=488.0 mm2
AAA/unruputer/LIU_KANG_WEN,300,5,9.832324028015137,L2,pc,area_vs_volume_dVds,0.3100168757098072,A_pc=79.4 A_vol=60.6 mm2
AAA/unruputer/LIU_KANG_WEN,205,2,83.23954010009766,L2,ref,A_over_piRmis2,4.651152610778809,A=1529.4 Rmis=10.23
AAA/unruputer/LIU_KANG_WEN,206,2,85.221435546875,L2,ref,A_over_piRmis2,4.433403015136719,A=1297.9 Rmis=9.65
AAA/unruputer/LIU_KANG_WEN,207,2,87.20333099365234,L2,ref,A_over_piRmis2,5.762099742889404,A=1540.3 Rmis=9.22
AAA/unruputer/LIU_LI_FENG,180,3,9.66830062866211,L1,ref,nonstar_from_centerline,0.004168954873936744,reversed-edge area fraction
AAA/unruputer/LIU_LI_FENG,180,3,9.66830062866211,L2,ref,area_vs_volume_dVds,0.3491613897147021,A_ref=166.6 A_vol=123.5 mm2
AAA/unruputer/LIU_LI_FENG,180,3,9.66830062866211,L2,ref,A_over_piRmis2,3.453467845916748,A=166.6 Rmis=3.92
AAA/unruputer/LIU_LI_FENG,181,3,11.601960182189941,L2,ref,adjacent_jump,2.9792816638946533,A[180]=166.6 -> A[181]=55.9
AAA/unruputer/LIU_LI_FENG,183,3,15.469280242919922,L2,ref,adjacent_jump,1.706469178199768,A[182]=71.2 -> A[183]=121.5
AAA/unruputer/LIU_LI_FENG,275,6,21.534412384033203,L2,ref,adjacent_jump,1.5930758714675903,A[274]=54.9 -> A[275]=34.5
AAA/unruputer/LIU_WEN_QI,140,1,15.971770286560059,L1,ref,nonstar_from_centerline,0.02673852192954763,reversed-edge area fraction
AAA/unruputer/LIU_WEN_QI,142,1,19.96471405029297,L1,ref,nonstar_from_centerline,0.0010440913658185285,reversed-edge area fraction
AAA/unruputer/LIU_WEN_QI,184,2,21.696001052856445,L1,ref,nonstar_from_centerline,0.0019512069898122986,reversed-edge area fraction
AAA/unruputer/LIU_WEN_QI,185,2,23.668363571166992,L1,ref,nonstar_from_centerline,0.021101951277195587,reversed-edge area fraction
AAA/unruputer/LIU_WEN_QI,140,1,15.971770286560059,L2,ref,area_vs_volume_dVds,1.8603192032133418,A_ref=1738.1 A_vol=607.7 mm2
AAA/unruputer/LIU_WEN_QI,141,1,17.968242645263672,L2,ref,area_vs_volume_dVds,0.8086123325937722,A_ref=1240.7 A_vol=686.0 mm2
AAA/unruputer/LIU_WEN_QI,184,2,21.696001052856445,L2,ref,area_vs_volume_dVds,2.8424715697823837,A_ref=2168.0 A_vol=564.2 mm2
AAA/unruputer/LIU_WEN_QI,185,2,23.668363571166992,L2,ref,area_vs_volume_dVds,3.9342335878850214,A_ref=2007.2 A_vol=406.8 mm2
AAA/unruputer/LIU_WEN_QI,194,2,41.41963577270508,L2,ref,area_vs_volume_dVds,-0.2862992527872491,A_ref=243.3 A_vol=341.0 mm2
AAA/unruputer/LIU_WEN_QI,195,2,43.39200210571289,L2,ref,area_vs_volume_dVds,-0.341678511649149,A_ref=255.2 A_vol=387.6 mm2
AAA/unruputer/LIU_WEN_QI,196,2,45.36436462402344,L2,ref,area_vs_volume_dVds,-0.22412246338891018,A_ref=263.0 A_vol=339.0 mm2
AAA/unruputer/LIU_WEN_QI,198,2,49.3090934753418,L2,ref,area_vs_volume_dVds,-0.3137628269755979,A_ref=258.5 A_vol=376.6 mm2
AAA/unruputer/LIU_WEN_QI,199,2,51.281455993652344,L2,ref,area_vs_volume_dVds,-0.3323380587474112,A_ref=243.9 A_vol=365.3 mm2
AAA/unruputer/LIU_WEN_QI,200,2,53.25381851196289,L2,ref,area_vs_volume_dVds,-0.22923972249174274,A_ref=229.3 A_vol=297.4 mm2
AAA/unruputer/LIU_WEN_QI,203,2,59.1709098815918,L2,ref,area_vs_volume_dVds,-0.21612374964430547,A_ref=200.7 A_vol=256.0 mm2
AAA/unruputer/LIU_WEN_QI,209,2,71.00509643554688,L2,ref,area_vs_volume_dVds,-0.20616156764597493,A_ref=176.0 A_vol=221.7 mm2
AAA/unruputer/LIU_WEN_QI,210,2,72.97745513916016,L2,ref,area_vs_volume_dVds,-0.3880421274819209,A_ref=172.0 A_vol=281.1 mm2
AAA/unruputer/LIU_WEN_QI,211,2,74.94982147216797,L2,ref,area_vs_volume_dVds,-0.3835655295375503,A_ref=169.1 A_vol=274.3 mm2
AAA/unruputer/LIU_WEN_QI,213,2,78.89454650878906,L2,ref,area_vs_volume_dVds,-0.49045534125410684,A_ref=163.6 A_vol=321.0 mm2
AAA/unruputer/LIU_WEN_QI,214,2,80.86691284179688,L2,ref,area_vs_volume_dVds,-0.5459748685762613,A_ref=161.3 A_vol=355.4 mm2
AAA/unruputer/LIU_WEN_QI,215,2,82.83927154541016,L2,ref,area_vs_volume_dVds,-0.39979471436621705,A_ref=159.7 A_vol=266.0 mm2
AAA/unruputer/LIU_WEN_QI,216,2,84.81163787841797,L2,ref,area_vs_volume_dVds,-0.4845839031456436,A_ref=164.6 A_vol=319.4 mm2
AAA/unruputer/LIU_WEN_QI,217,2,86.78400421142578,L2,ref,area_vs_volume_dVds,-0.22268207891362812,A_ref=175.0 A_vol=225.1 mm2
AAA/unruputer/LIU_WEN_QI,218,2,88.75636291503906,L2,ref,area_vs_volume_dVds,-0.5071910665907955,A_ref=189.7 A_vol=384.9 mm2
AAA/unruputer/LIU_WEN_QI,219,2,90.72872924804688,L2,ref,area_vs_volume_dVds,-0.3021031951672224,A_ref=197.1 A_vol=282.4 mm2
AAA/unruputer/LIU_WEN_QI,214,2,80.86691284179688,L2,pc,area_vs_volume_dVds,-0.5449809384007287,A_pc=161.7 A_vol=355.4 mm2
AAA/unruputer/LIU_WEN_QI,215,2,82.83927154541016,L2,pc,area_vs_volume_dVds,-0.39797997231399196,A_pc=160.2 A_vol=266.0 mm2
AAA/unruputer/LIU_WEN_QI,216,2,84.81163787841797,L2,pc,area_vs_volume_dVds,-0.48384303996587286,A_pc=164.9 A_vol=319.4 mm2
AAA/unruputer/LIU_WEN_QI,217,2,86.78400421142578,L2,pc,area_vs_volume_dVds,-0.21904478650812875,A_pc=175.8 A_vol=225.1 mm2
AAA/unruputer/LIU_WEN_QI,218,2,88.75636291503906,L2,pc,area_vs_volume_dVds,-0.5079522877505711,A_pc=189.4 A_vol=384.9 mm2
AAA/unruputer/LIU_WEN_QI,219,2,90.72872924804688,L2,pc,area_vs_volume_dVds,-0.3028904543455192,A_pc=196.8 A_vol=282.4 mm2
AAA/unruputer/LIU_WEN_QI,140,1,15.971770286560059,L2,ref,A_over_piRmis2,3.466202974319458,A=1738.1 Rmis=12.63
AAA/unruputer/LIU_WEN_QI,141,1,17.968242645263672,L2,ref,A_over_piRmis2,3.0438740253448486,A=1240.7 Rmis=11.39
AAA/unruputer/LIU_WEN_QI,184,2,21.696001052856445,L2,ref,A_over_piRmis2,8.868441581726074,A=2168.0 Rmis=8.82
AAA/unruputer/LIU_WEN_QI,185,2,23.668363571166992,L2,ref,A_over_piRmis2,10.306376457214355,A=2007.2 Rmis=7.87
AAA/unruputer/LIU_WEN_QI,142,1,19.96471405029297,L2,ref,adjacent_jump,1.634474277496338,A[141]=1240.7 -> A[142]=759.1
AAA/unruputer/LIU_WEN_QI,143,1,21.961185455322266,L2,ref,adjacent_jump,1.5770546197891235,A[142]=759.1 -> A[143]=481.3
AAA/unruputer/LIU_WEN_QI,186,2,25.640727996826172,L2,ref,adjacent_jump,7.585986137390137,A[185]=2007.2 -> A[186]=264.6
AAA/unruputer/LIU_XING_GUO,219,4,9.90674114227295,L1,ref,nonstar_from_centerline,0.007844160405025523,reversed-edge area fraction
AAA/unruputer/LIU_XING_GUO,141,1,37.027496337890625,L2,ref,area_vs_volume_dVds,1.321176000274645,A_ref=1574.4 A_vol=678.3 mm2
AAA/unruputer/LIU_XING_GUO,142,1,38.976314544677734,L2,ref,area_vs_volume_dVds,0.804361223628344,A_ref=1297.1 A_vol=718.9 mm2
AAA/unruputer/LIU_XING_GUO,143,1,40.92512893676758,L2,ref,area_vs_volume_dVds,0.37256061249241545,A_ref=1015.0 A_vol=739.5 mm2
AAA/unruputer/LIU_XING_GUO,219,4,9.90674114227295,L2,ref,area_vs_volume_dVds,0.8950980422075994,A_ref=309.4 A_vol=163.3 mm2
AAA/unruputer/LIU_XING_GUO,190,3,15.752351760864258,L2,ref,adjacent_jump,1.5277899503707886,A[189]=100.2 -> A[190]=65.6
AAA/unruputer/LIU_XING_GUO,220,4,11.888089179992676,L2,ref,adjacent_jump,1.570290207862854,A[219]=309.4 -> A[220]=197.0
AAA/unruputer/LI_YOU_YU,1,0,1.9886994361877441,L2,ref,area_vs_volume_dVds,0.794379908193179,A_ref=744.0 A_vol=414.6 mm2
AAA/unruputer/LI_YOU_YU,1,0,1.9886994361877441,L2,pc,area_vs_volume_dVds,0.7830554922964703,A_pc=739.3 A_vol=414.6 mm2
AAA/unruputer/MA_JIN_HE,57,0,113.17132568359375,L2,ref,area_vs_volume_dVds,0.23391878846410852,A_ref=803.2 A_vol=650.9 mm2
AAA/unruputer/MA_JIN_HE,57,0,113.17132568359375,L2,pc,area_vs_volume_dVds,0.22587374199880017,A_pc=798.0 A_vol=650.9 mm2
AAA/unruputer/QIAO_XIU_YUN,84,0,167.5523223876953,L2,ref,area_vs_volume_dVds,0.23097389458036233,A_ref=1367.6 A_vol=1111.0 mm2
AAA/unruputer/QIAO_XIU_YUN,53,0,105.71753692626953,L2,pc,area_vs_volume_dVds,0.6210385559169633,A_pc=414.1 A_vol=255.5 mm2
AAA/unruputer/QIAO_XIU_YUN,54,0,107.71221160888672,L2,pc,area_vs_volume_dVds,0.6773304462059766,A_pc=429.7 A_vol=256.2 mm2
AAA/unruputer/QIAO_XIU_YUN,55,0,109.70687866210938,L2,pc,area_vs_volume_dVds,0.5286749198588618,A_pc=433.3 A_vol=283.4 mm2
AAA/unruputer/QIAO_XIU_YUN,56,0,111.70155334472656,L2,pc,area_vs_volume_dVds,0.6142324306671176,A_pc=439.0 A_vol=271.9 mm2
AAA/unruputer/QIAO_XIU_YUN,84,0,167.5523223876953,L2,pc,area_vs_volume_dVds,0.22180597501383903,A_pc=1357.4 A_vol=1111.0 mm2
AAA/unruputer/SHEN_CHUN_WANG,101,1,5.80646276473999,L1,ref,nonstar_from_centerline,0.025397132864877225,reversed-edge area fraction
AAA/unruputer/SHEN_CHUN_WANG,102,1,7.741950511932373,L1,ref,nonstar_from_centerline,0.03826809366576708,reversed-edge area fraction
AAA/unruputer/SHEN_CHUN_WANG,101,1,5.80646276473999,L2,ref,area_vs_volume_dVds,3.437114275795829,A_ref=560.6 A_vol=126.3 mm2
AAA/unruputer/SHEN_CHUN_WANG,102,1,7.741950511932373,L2,ref,area_vs_volume_dVds,3.953611186216409,A_ref=506.8 A_vol=102.3 mm2
AAA/unruputer/SHEN_CHUN_WANG,186,4,9.821849822998047,L2,ref,area_vs_volume_dVds,1.5209374102060869,A_ref=189.7 A_vol=75.3 mm2
AAA/unruputer/SHEN_CHUN_WANG,101,1,5.80646276473999,L2,ref,A_over_piRmis2,6.099560737609863,A=560.6 Rmis=5.41
AAA/unruputer/SHEN_CHUN_WANG,102,1,7.741950511932373,L2,ref,A_over_piRmis2,7.59432315826416,A=506.8 Rmis=4.61
AAA/unruputer/SHEN_CHUN_WANG,187,4,11.786219596862793,L2,ref,adjacent_jump,2.3527965545654297,A[186]=189.7 -> A[187]=80.6
AAA/unruputer/SHEN_FANG_JIN,102,1,35.472225189208984,L1,ref,nonstar_from_centerline,0.08870911159931921,reversed-edge area fraction
AAA/unruputer/SHEN_FANG_JIN,42,0,83.09330749511719,L2,ref,area_vs_volume_dVds,0.26561650076506993,A_ref=654.5 A_vol=517.2 mm2
AAA/unruputer/SHEN_FANG_JIN,43,0,85.07172393798828,L2,ref,area_vs_volume_dVds,0.21440368182716352,A_ref=689.3 A_vol=567.6 mm2
AAA/unruputer/SHEN_FANG_JIN,102,1,35.472225189208984,L2,ref,area_vs_volume_dVds,2.2702279333354305,A_ref=790.1 A_vol=241.6 mm2
AAA/unruputer/SHEN_FANG_JIN,42,0,83.09330749511719,L2,pc,area_vs_volume_dVds,0.25441323919505265,A_pc=648.7 A_vol=517.2 mm2
AAA/unruputer/SHEN_FANG_JIN,43,0,85.07172393798828,L2,pc,area_vs_volume_dVds,0.20687574779331386,A_pc=685.1 A_vol=567.6 mm2
AAA/unruputer/SHEN_FANG_JIN,275,6,13.52448844909668,L2,pc,area_vs_volume_dVds,-0.28683128039063155,A_pc=134.5 A_vol=188.6 mm2
AAA/unruputer/SHEN_FANG_JIN,276,6,15.456558227539062,L2,pc,area_vs_volume_dVds,-0.2104626261712661,A_pc=110.9 A_vol=140.4 mm2
AAA/unruputer/SHEN_FANG_JIN,102,1,35.472225189208984,L2,ref,A_over_piRmis2,3.8951914310455322,A=790.1 Rmis=8.04
AAA/unruputer/SHEN_FANG_JIN,103,1,37.44290542602539,L2,ref,adjacent_jump,3.579763889312744,A[102]=790.1 -> A[103]=220.7
AAA/unruputer/SUN_SHU_MING,145,1,37.52346420288086,L1,ref,nonstar_from_centerline,0.009565545893030316,reversed-edge area fraction
AAA/unruputer/SUN_SHU_MING,54,0,107.52066040039062,L2,ref,area_vs_volume_dVds,-0.20286098082632398,A_ref=585.9 A_vol=735.0 mm2
AAA/unruputer/SUN_SHU_MING,59,0,117.47628021240234,L2,ref,area_vs_volume_dVds,-0.3502384152710123,A_ref=473.9 A_vol=729.3 mm2
AAA/unruputer/SUN_SHU_MING,60,0,119.46739959716797,L2,ref,area_vs_volume_dVds,-0.4615093755556825,A_ref=467.4 A_vol=868.0 mm2
AAA/unruputer/SUN_SHU_MING,61,0,121.45852661132812,L2,ref,area_vs_volume_dVds,-0.522973273798692,A_ref=463.3 A_vol=971.2 mm2
AAA/unruputer/SUN_SHU_MING,62,0,123.44964599609375,L2,ref,area_vs_volume_dVds,-0.3181612079256657,A_ref=459.1 A_vol=673.3 mm2
AAA/unruputer/SUN_SHU_MING,73,0,145.3520050048828,L2,ref,area_vs_volume_dVds,0.33072529468044265,A_ref=1342.9 A_vol=1009.1 mm2
AAA/unruputer/SUN_SHU_MING,74,0,147.34312438964844,L2,ref,area_vs_volume_dVds,0.6126597297348915,A_ref=2112.9 A_vol=1310.2 mm2
AAA/unruputer/SUN_SHU_MING,75,0,149.33424377441406,L2,ref,area_vs_volume_dVds,0.6097563538951003,A_ref=2743.6 A_vol=1704.4 mm2
AAA/unruputer/SUN_SHU_MING,76,0,151.32537841796875,L2,ref,area_vs_volume_dVds,1.2668516757025539,A_ref=3531.9 A_vol=1558.1 mm2
AAA/unruputer/SUN_SHU_MING,77,0,153.31649780273438,L2,ref,area_vs_volume_dVds,1.379657957556495,A_ref=3617.7 A_vol=1520.3 mm2
AAA/unruputer/SUN_SHU_MING,78,0,155.3076171875,L2,ref,area_vs_volume_dVds,1.2258815228054276,A_ref=3428.7 A_vol=1540.4 mm2
AAA/unruputer/SUN_SHU_MING,79,0,157.2987518310547,L2,ref,area_vs_volume_dVds,0.9831180915190796,A_ref=3099.2 A_vol=1562.8 mm2
AAA/unruputer/SUN_SHU_MING,80,0,159.2898712158203,L2,ref,area_vs_volume_dVds,0.6111317887103698,A_ref=2815.2 A_vol=1747.4 mm2
AAA/unruputer/SUN_SHU_MING,81,0,161.28099060058594,L2,ref,area_vs_volume_dVds,0.27527307202519413,A_ref=2727.8 A_vol=2139.0 mm2
AAA/unruputer/SUN_SHU_MING,82,0,163.27210998535156,L2,ref,area_vs_volume_dVds,0.29815762933832346,A_ref=2810.3 A_vol=2164.8 mm2
AAA/unruputer/SUN_SHU_MING,141,1,29.623788833618164,L2,ref,area_vs_volume_dVds,2.7053494796582043,A_ref=1646.7 A_vol=444.4 mm2
AAA/unruputer/SUN_SHU_MING,142,1,31.59870719909668,L2,ref,area_vs_volume_dVds,1.5898505460898464,A_ref=1315.3 A_vol=507.9 mm2
AAA/unruputer/SUN_SHU_MING,143,1,33.57362747192383,L2,ref,area_vs_volume_dVds,0.9791457041185112,A_ref=1077.1 A_vol=544.2 mm2
AAA/unruputer/SUN_SHU_MING,144,1,35.548545837402344,L2,ref,area_vs_volume_dVds,0.7034373641039251,A_ref=880.5 A_vol=516.9 mm2
AAA/unruputer/SUN_SHU_MING,145,1,37.52346420288086,L2,ref,area_vs_volume_dVds,0.4040311248837427,A_ref=699.8 A_vol=498.4 mm2
AAA/unruputer/SUN_SHU_MING,1,0,1.9911233186721802,L2,pc,area_vs_volume_dVds,0.6633085267981942,A_pc=576.1 A_vol=346.3 mm2
AAA/unruputer/SUN_SHU_MING,54,0,107.52066040039062,L2,pc,area_vs_volume_dVds,-0.2240039774862682,A_pc=570.4 A_vol=735.0 mm2
AAA/unruputer/SUN_SHU_MING,74,0,147.34312438964844,L2,pc,area_vs_volume_dVds,0.4853679274152054,A_pc=1946.1 A_vol=1310.2 mm2
AAA/unruputer/SUN_SHU_MING,75,0,149.33424377441406,L2,pc,area_vs_volume_dVds,0.4935056913318421,A_pc=2545.5 A_vol=1704.4 mm2
AAA/unruputer/SUN_SHU_MING,76,0,151.32537841796875,L2,pc,area_vs_volume_dVds,0.9539650292187096,A_pc=3044.4 A_vol=1558.1 mm2
AAA/unruputer/SUN_SHU_MING,77,0,153.31649780273438,L2,pc,area_vs_volume_dVds,1.1917280587468757,A_pc=3332.0 A_vol=1520.3 mm2
AAA/unruputer/SUN_SHU_MING,78,0,155.3076171875,L2,pc,area_vs_volume_dVds,1.1611264185396402,A_pc=3328.9 A_vol=1540.4 mm2
AAA/unruputer/SUN_SHU_MING,79,0,157.2987518310547,L2,pc,area_vs_volume_dVds,0.9452719400329712,A_pc=3040.0 A_vol=1562.8 mm2
AAA/unruputer/SUN_SHU_MING,80,0,159.2898712158203,L2,pc,area_vs_volume_dVds,0.6160010085405503,A_pc=2823.7 A_vol=1747.4 mm2
AAA/unruputer/SUN_SHU_MING,81,0,161.28099060058594,L2,pc,area_vs_volume_dVds,0.278171695401386,A_pc=2734.0 A_vol=2139.0 mm2
AAA/unruputer/SUN_SHU_MING,82,0,163.27210998535156,L2,pc,area_vs_volume_dVds,0.2924062022101046,A_pc=2797.9 A_vol=2164.8 mm2
AAA/unruputer/SUN_SHU_MING,215,2,69.55245971679688,L2,pc,area_vs_volume_dVds,0.22007465546349692,A_pc=1034.0 A_vol=847.5 mm2
AAA/unruputer/SUN_SHU_MING,217,2,73.52688598632812,L2,pc,area_vs_volume_dVds,0.2586616508522328,A_pc=1000.5 A_vol=794.9 mm2
AAA/unruputer/SUN_SHU_MING,74,0,147.34312438964844,L2,ref,A_over_piRmis2,3.8273892402648926,A=2112.9 Rmis=13.26
AAA/unruputer/SUN_SHU_MING,75,0,149.33424377441406,L2,ref,A_over_piRmis2,4.3686842918396,A=2743.6 Rmis=14.14
AAA/unruputer/SUN_SHU_MING,76,0,151.32537841796875,L2,ref,A_over_piRmis2,4.9822845458984375,A=3531.9 Rmis=15.02
AAA/unruputer/SUN_SHU_MING,77,0,153.31649780273438,L2,ref,A_over_piRmis2,4.560304164886475,A=3617.7 Rmis=15.89
AAA/unruputer/SUN_SHU_MING,78,0,155.3076171875,L2,ref,A_over_piRmis2,3.8298275470733643,A=3428.7 Rmis=16.88
AAA/unruputer/SUN_SHU_MING,73,0,145.3520050048828,L2,ref,adjacent_jump,1.7009950876235962,A[72]=789.5 -> A[73]=1342.9
AAA/unruputer/SUN_SHU_MING,74,0,147.34312438964844,L2,ref,adjacent_jump,1.5734343528747559,A[73]=1342.9 -> A[74]=2112.9
AAA/unruputer/WANG_MAN_TIAN,51,0,101.27857208251953,L1,ref,nonstar_from_centerline,0.09687358358933211,reversed-edge area fraction
AAA/unruputer/WANG_MAN_TIAN,51,0,101.27857208251953,L2,ref,area_vs_volume_dVds,0.37542523784210946,A_ref=444.9 A_vol=323.5 mm2
AAA/unruputer/WANG_MAN_TIAN,52,0,103.2644271850586,L2,ref,area_vs_volume_dVds,0.3112308266482815,A_ref=600.6 A_vol=458.1 mm2
AAA/unruputer/WANG_MAN_TIAN,53,0,105.25028228759766,L2,ref,area_vs_volume_dVds,0.2510322778904668,A_ref=733.2 A_vol=586.1 mm2
AAA/unruputer/WANG_MAN_TIAN,54,0,107.23613739013672,L2,ref,area_vs_volume_dVds,0.26736254925123837,A_ref=865.7 A_vol=683.1 mm2
AAA/unruputer/WANG_MAN_TIAN,55,0,109.22199249267578,L2,ref,area_vs_volume_dVds,0.3021228831432796,A_ref=1021.2 A_vol=784.3 mm2
AAA/unruputer/WANG_MAN_TIAN,113,1,23.41314125061035,L2,ref,area_vs_volume_dVds,0.3354433592594981,A_ref=1142.6 A_vol=855.6 mm2
AAA/unruputer/WANG_MAN_TIAN,116,1,29.266427993774414,L2,ref,area_vs_volume_dVds,0.2374278514967434,A_ref=746.6 A_vol=603.3 mm2
AAA/unruputer/WANG_MAN_TIAN,53,0,105.25028228759766,L2,pc,area_vs_volume_dVds,0.23284854568069613,A_pc=722.5 A_vol=586.1 mm2
AAA/unruputer/WANG_MAN_TIAN,54,0,107.23613739013672,L2,pc,area_vs_volume_dVds,0.2539253202305791,A_pc=856.5 A_vol=683.1 mm2
AAA/unruputer/WANG_MAN_TIAN,55,0,109.22199249267578,L2,pc,area_vs_volume_dVds,0.289554687898973,A_pc=1011.3 A_vol=784.3 mm2
AAA/unruputer/WANG_MAN_TIAN,282,6,25.788726806640625,L2,ref,adjacent_jump,1.5541386604309082,A[281]=39.6 -> A[282]=61.5
AAA/unruputer/WANG_MAN_TIAN,283,6,27.772476196289062,L2,ref,adjacent_jump,1.5401108264923096,A[282]=61.5 -> A[283]=94.7
AAA/unruputer/YANG_BEN_RUI,110,1,21.832326889038086,L1,ref,nonstar_from_centerline,0.15128707723511253,reversed-edge area fraction
AAA/unruputer/YANG_BEN_RUI,111,1,23.81708526611328,L1,ref,nonstar_from_centerline,0.21330426859960983,reversed-edge area fraction
AAA/unruputer/YANG_BEN_RUI,1,0,1.997318983078003,L2,ref,area_vs_volume_dVds,0.2977374975295568,A_ref=487.7 A_vol=375.8 mm2
AAA/unruputer/YANG_BEN_RUI,110,1,21.832326889038086,L2,ref,area_vs_volume_dVds,2.6225845414782585,A_ref=1164.2 A_vol=321.4 mm2
AAA/unruputer/YANG_BEN_RUI,111,1,23.81708526611328,L2,ref,area_vs_volume_dVds,1.6491693853569296,A_ref=876.8 A_vol=331.0 mm2
AAA/unruputer/YANG_BEN_RUI,287,6,17.7627010345459,L2,ref,area_vs_volume_dVds,2.081958173530493,A_ref=368.9 A_vol=119.7 mm2
AAA/unruputer/YANG_BEN_RUI,1,0,1.997318983078003,L2,pc,area_vs_volume_dVds,0.2914893012004185,A_pc=485.3 A_vol=375.8 mm2
AAA/unruputer/YANG_BEN_RUI,110,1,21.832326889038086,L2,ref,A_over_piRmis2,4.512206554412842,A=1164.2 Rmis=9.06
AAA/unruputer/YANG_BEN_RUI,111,1,23.81708526611328,L2,ref,A_over_piRmis2,3.6738243103027344,A=876.8 Rmis=8.72
AAA/unruputer/YANG_BEN_RUI,287,6,17.7627010345459,L2,ref,A_over_piRmis2,3.915327548980713,A=368.9 Rmis=5.48
AAA/unruputer/YANG_BEN_RUI,112,1,25.801841735839844,L2,ref,adjacent_jump,2.8233044147491455,A[111]=876.8 -> A[112]=310.6
AAA/unruputer/YANG_BEN_RUI,288,6,19.7363338470459,L2,ref,adjacent_jump,3.268341541290283,A[287]=368.9 -> A[288]=112.9
AAA/unruputer/YAN_FU_TANG,199,4,11.869959831237793,L1,ref,nonstar_from_centerline,0.05164622062952904,reversed-edge area fraction
AAA/unruputer/YAN_FU_TANG,196,4,5.9349799156188965,L2,ref,area_vs_volume_dVds,1.6642532104639072,A_ref=175.1 A_vol=65.7 mm2
AAA/unruputer/YAN_FU_TANG,197,4,7.91330623626709,L2,ref,area_vs_volume_dVds,1.2357254101097337,A_ref=156.5 A_vol=70.0 mm2
AAA/unruputer/YAN_FU_TANG,198,4,9.891633033752441,L2,ref,area_vs_volume_dVds,1.6551819869726119,A_ref=129.0 A_vol=48.6 mm2
AAA/unruputer/YAN_FU_TANG,199,4,11.869959831237793,L2,ref,area_vs_volume_dVds,1.0525335602870007,A_ref=81.1 A_vol=39.5 mm2
AAA/unruputer/YAN_FU_TANG,197,4,7.91330623626709,L2,ref,A_over_piRmis2,3.1081387996673584,A=156.5 Rmis=4.00
AAA/unruputer/YAN_FU_TANG,198,4,9.891633033752441,L2,ref,A_over_piRmis2,3.5692951679229736,A=129.0 Rmis=3.39
AAA/unruputer/YAN_FU_TANG,199,4,11.869959831237793,L2,ref,adjacent_jump,1.5896905660629272,A[198]=129.0 -> A[199]=81.1
AAA/unruputer/YAN_FU_TANG,200,4,13.848285675048828,L2,ref,adjacent_jump,2.4647669792175293,A[199]=81.1 -> A[200]=32.9
AAA/unruputer/ZHANG_XUN_LIAN,2,0,3.9816787242889404,L2,ref,area_vs_volume_dVds,0.21162601767066835,A_ref=527.8 A_vol=435.6 mm2
AAA/unruputer/ZHANG_XUN_LIAN,177,3,29.771419525146484,L2,ref,area_vs_volume_dVds,0.30133610415942336,A_ref=74.0 A_vol=56.8 mm2
AAA/unruputer/ZHANG_XUN_LIAN,197,4,9.883576393127441,L2,ref,area_vs_volume_dVds,0.7217221974108319,A_ref=177.8 A_vol=103.3 mm2
AAA/unruputer/ZHANG_XUN_LIAN,1,0,1.9908393621444702,L2,pc,area_vs_volume_dVds,0.6467700081540495,A_pc=535.4 A_vol=325.1 mm2
AAA/unruputer/ZHANG_XUN_LIAN,2,0,3.9816787242889404,L2,pc,area_vs_volume_dVds,0.2103187174541279,A_pc=527.2 A_vol=435.6 mm2
AAA/unruputer/ZHANG_XUN_LIAN,198,4,11.860291481018066,L2,ref,adjacent_jump,1.790850043296814,A[197]=177.8 -> A[198]=99.3
AAA/unruputer/ZHANG_YONG_ZHI,117,1,32.71244430541992,L1,ref,nonstar_from_centerline,0.0038321770457961143,reversed-edge area fraction
AAA/unruputer/ZHANG_YONG_ZHI,137,2,29.441207885742188,L1,ref,nonstar_from_centerline,0.016414291477413735,reversed-edge area fraction
AAA/unruputer/ZHANG_YONG_ZHI,137,2,29.441207885742188,L2,ref,area_vs_volume_dVds,4.049160352369352,A_ref=456.7 A_vol=90.4 mm2
AAA/unruputer/ZHANG_YONG_ZHI,173,3,29.8624267578125,L2,ref,area_vs_volume_dVds,0.2058585927097598,A_ref=38.2 A_vol=31.7 mm2
AAA/unruputer/ZHANG_YONG_ZHI,137,2,29.441207885742188,L2,ref,A_over_piRmis2,11.645984649658203,A=456.7 Rmis=3.53
AAA/unruputer/ZHANG_YONG_ZHI,137,2,29.441207885742188,L2,ref,adjacent_jump,3.634451389312744,A[136]=125.7 -> A[137]=456.7
AAA/unruputer/ZHANG_YONG_ZHI,138,2,31.403955459594727,L2,ref,adjacent_jump,7.604753494262695,A[137]=456.7 -> A[138]=60.1
AAA/unruputer/ZHANG_YONG_ZHI,164,3,11.944971084594727,L2,ref,adjacent_jump,2.282000780105591,A[163]=48.4 -> A[164]=21.2
AAA/unruputer/ZHANG_YONG_ZHI,173,3,29.8624267578125,L2,ref,adjacent_jump,1.5514189004898071,A[172]=24.6 -> A[173]=38.2
AAA/unruputer/ZHANG_YONG_ZHI,189,4,7.72991418838501,L2,ref,adjacent_jump,1.7436639070510864,A[188]=109.0 -> A[189]=62.5
AAA/unruputer/ZHANG_YONG_ZHI,190,4,9.662392616271973,L2,ref,adjacent_jump,1.594569444656372,A[189]=62.5 -> A[190]=39.2
AAA/unruputer/ZHANG_ZHI_HUA,161,3,13.994621276855469,L2,ref,adjacent_jump,1.6661070585250854,A[160]=18.0 -> A[161]=30.1
AAA/unruputer/ZHU_ZI_HAI,140,1,15.971814155578613,L1,ref,nonstar_from_centerline,0.026738621664773136,reversed-edge area fraction
AAA/unruputer/ZHU_ZI_HAI,142,1,19.964767456054688,L1,ref,nonstar_from_centerline,0.0010429358819932168,reversed-edge area fraction
AAA/unruputer/ZHU_ZI_HAI,184,2,21.696001052856445,L1,ref,nonstar_from_centerline,0.0019513729341403133,reversed-edge area fraction
AAA/unruputer/ZHU_ZI_HAI,185,2,23.668363571166992,L1,ref,nonstar_from_centerline,0.02110381614957032,reversed-edge area fraction
AAA/unruputer/ZHU_ZI_HAI,140,1,15.971814155578613,L2,ref,area_vs_volume_dVds,1.860314109946723,A_ref=1738.1 A_vol=607.6 mm2
AAA/unruputer/ZHU_ZI_HAI,141,1,17.968292236328125,L2,ref,area_vs_volume_dVds,0.8086549155050284,A_ref=1240.7 A_vol=686.0 mm2
AAA/unruputer/ZHU_ZI_HAI,184,2,21.696001052856445,L2,ref,area_vs_volume_dVds,2.842438033325089,A_ref=2167.9 A_vol=564.2 mm2
AAA/unruputer/ZHU_ZI_HAI,185,2,23.668363571166992,L2,ref,area_vs_volume_dVds,3.932871865799566,A_ref=2007.2 A_vol=406.9 mm2
AAA/unruputer/ZHU_ZI_HAI,194,2,41.419639587402344,L2,ref,area_vs_volume_dVds,-0.28629777597585204,A_ref=243.3 A_vol=341.0 mm2
AAA/unruputer/ZHU_ZI_HAI,195,2,43.39200210571289,L2,ref,area_vs_volume_dVds,-0.3416776062806147,A_ref=255.2 A_vol=387.6 mm2
AAA/unruputer/ZHU_ZI_HAI,196,2,45.36436462402344,L2,ref,area_vs_volume_dVds,-0.22412246338891018,A_ref=263.0 A_vol=339.0 mm2
AAA/unruputer/ZHU_ZI_HAI,198,2,49.3090934753418,L2,ref,area_vs_volume_dVds,-0.31376298902986155,A_ref=258.5 A_vol=376.6 mm2
AAA/unruputer/ZHU_ZI_HAI,199,2,51.281455993652344,L2,ref,area_vs_volume_dVds,-0.33233810052076074,A_ref=243.9 A_vol=365.3 mm2
AAA/unruputer/ZHU_ZI_HAI,200,2,53.25381851196289,L2,ref,area_vs_volume_dVds,-0.22923855419939987,A_ref=229.3 A_vol=297.4 mm2
AAA/unruputer/ZHU_ZI_HAI,203,2,59.1709098815918,L2,ref,area_vs_volume_dVds,-0.21612242721685404,A_ref=200.7 A_vol=256.0 mm2
AAA/unruputer/ZHU_ZI_HAI,209,2,71.00509643554688,L2,ref,area_vs_volume_dVds,-0.20616163648590247,A_ref=176.0 A_vol=221.7 mm2
AAA/unruputer/ZHU_ZI_HAI,210,2,72.97745513916016,L2,ref,area_vs_volume_dVds,-0.3880422360331969,A_ref=172.0 A_vol=281.1 mm2
AAA/unruputer/ZHU_ZI_HAI,211,2,74.94982147216797,L2,ref,area_vs_volume_dVds,-0.3835656964278058,A_ref=169.1 A_vol=274.3 mm2
AAA/unruputer/ZHU_ZI_HAI,213,2,78.89454650878906,L2,ref,area_vs_volume_dVds,-0.49045534125410684,A_ref=163.6 A_vol=321.0 mm2
AAA/unruputer/ZHU_ZI_HAI,214,2,80.86691284179688,L2,ref,area_vs_volume_dVds,-0.5459749973960015,A_ref=161.3 A_vol=355.4 mm2
AAA/unruputer/ZHU_ZI_HAI,215,2,82.83927917480469,L2,ref,area_vs_volume_dVds,-0.39979247278992425,A_ref=159.7 A_vol=266.0 mm2
AAA/unruputer/ZHU_ZI_HAI,216,2,84.81163787841797,L2,ref,area_vs_volume_dVds,-0.48458625948200473,A_ref=164.6 A_vol=319.4 mm2
AAA/unruputer/ZHU_ZI_HAI,217,2,86.78400421142578,L2,ref,area_vs_volume_dVds,-0.22268160436333573,A_ref=175.0 A_vol=225.1 mm2
AAA/unruputer/ZHU_ZI_HAI,218,2,88.75636291503906,L2,ref,area_vs_volume_dVds,-0.5071903926279958,A_ref=189.7 A_vol=384.9 mm2
AAA/unruputer/ZHU_ZI_HAI,219,2,90.72872924804688,L2,ref,area_vs_volume_dVds,-0.30210287094764177,A_ref=197.1 A_vol=282.4 mm2
AAA/unruputer/ZHU_ZI_HAI,214,2,80.86691284179688,L2,pc,area_vs_volume_dVds,-0.5449809384007287,A_pc=161.7 A_vol=355.4 mm2
AAA/unruputer/ZHU_ZI_HAI,215,2,82.83927917480469,L2,pc,area_vs_volume_dVds,-0.3979776664306319,A_pc=160.2 A_vol=266.0 mm2
AAA/unruputer/ZHU_ZI_HAI,216,2,84.81163787841797,L2,pc,area_vs_volume_dVds,-0.4838449214120537,A_pc=164.9 A_vol=319.4 mm2
AAA/unruputer/ZHU_ZI_HAI,217,2,86.78400421142578,L2,pc,area_vs_volume_dVds,-0.21904478650812875,A_pc=175.8 A_vol=225.1 mm2
AAA/unruputer/ZHU_ZI_HAI,218,2,88.75636291503906,L2,pc,area_vs_volume_dVds,-0.5079522877505711,A_pc=189.4 A_vol=384.9 mm2
AAA/unruputer/ZHU_ZI_HAI,219,2,90.72872924804688,L2,pc,area_vs_volume_dVds,-0.30289050838211595,A_pc=196.8 A_vol=282.4 mm2
AAA/unruputer/ZHU_ZI_HAI,140,1,15.971814155578613,L2,ref,A_over_piRmis2,3.466203212738037,A=1738.1 Rmis=12.63
AAA/unruputer/ZHU_ZI_HAI,141,1,17.968292236328125,L2,ref,A_over_piRmis2,3.0439536571502686,A=1240.7 Rmis=11.39
AAA/unruputer/ZHU_ZI_HAI,184,2,21.696001052856445,L2,ref,A_over_piRmis2,8.868382453918457,A=2167.9 Rmis=8.82
AAA/unruputer/ZHU_ZI_HAI,185,2,23.668363571166992,L2,ref,A_over_piRmis2,10.306147575378418,A=2007.2 Rmis=7.87
AAA/unruputer/ZHU_ZI_HAI,142,1,19.964767456054688,L2,ref,adjacent_jump,1.63456130027771,A[141]=1240.7 -> A[142]=759.1
AAA/unruputer/ZHU_ZI_HAI,143,1,21.961244583129883,L2,ref,adjacent_jump,1.5770372152328491,A[142]=759.1 -> A[143]=481.3
AAA/unruputer/ZHU_ZI_HAI,186,2,25.640727996826172,L2,ref,adjacent_jump,7.585811614990234,A[185]=2007.2 -> A[186]=264.6
AG/fast/FAN_JIAN_MING,205,4,9.987485885620117,L2,ref,area_vs_volume_dVds,1.0870446555824693,A_ref=175.6 A_vol=84.2 mm2
AG/fast/FAN_JIAN_MING,179,3,13.961993217468262,L2,pc,area_vs_volume_dVds,0.20546336446343583,A_pc=55.1 A_vol=45.7 mm2
AG/fast/FAN_JIAN_MING,206,4,11.984983444213867,L2,ref,adjacent_jump,1.8420331478118896,A[205]=175.6 -> A[206]=95.3
AG/fast/HAN_JIAN_JUN,147,2,19.912405014038086,L1,ref,nonstar_from_centerline,0.05357687806504067,reversed-edge area fraction
AG/fast/HAN_JIAN_JUN,147,2,19.912405014038086,L2,ref,area_vs_volume_dVds,1.2076654697862637,A_ref=317.0 A_vol=143.6 mm2
AG/fast/HAN_JIAN_JUN,294,6,13.886006355285645,L2,pc,area_vs_volume_dVds,0.23478648570703786,A_pc=32.7 A_vol=26.5 mm2
AG/fast/HAN_JIAN_JUN,147,2,19.912405014038086,L2,ref,A_over_piRmis2,3.014596700668335,A=317.0 Rmis=5.79
AG/fast/HAN_JIAN_JUN,148,2,21.90364646911621,L2,ref,adjacent_jump,2.531470537185669,A[147]=317.0 -> A[148]=125.2
AG/fast/LIU_FENG_MING,167,3,19.552669525146484,L2,ref,adjacent_jump,1.8848408460617065,A[166]=37.0 -> A[167]=19.6
AG/fast/LIU_FENG_MING,266,6,17.5391902923584,L2,ref,adjacent_jump,1.6083184480667114,A[265]=43.3 -> A[266]=26.9
AG/fast/LI_ZHEN_SHAN,146,3,23.70693016052246,L1,ref,nonstar_from_centerline,0.06705095184945373,reversed-edge area fraction
AG/fast/LI_ZHI_LIN,235,4,53.54350280761719,L2,ref,area_vs_volume_dVds,0.20037573617335203,A_ref=39.0 A_vol=32.5 mm2
AG/fast/LI_ZHI_LIN,185,3,23.572538375854492,L2,pc,area_vs_volume_dVds,0.2459054513907053,A_pc=15.4 A_vol=12.4 mm2
AG/fast/LOU_YANG,255,6,15.398937225341797,L2,ref,adjacent_jump,1.5797836780548096,A[254]=42.3 -> A[255]=26.8
AG/fast/RAN_QING_BO,337,6,70.12491607666016,L2,ref,area_vs_volume_dVds,0.22840653814260303,A_ref=13.9 A_vol=11.3 mm2
AG/fast/SUN_ZHI_YU,1,0,1.9824432134628296,L2,pc,area_vs_volume_dVds,0.4175605310649071,A_pc=390.6 A_vol=275.6 mm2
AG/fast/SUN_ZHI_YU,165,3,50.40864944458008,L2,pc,area_vs_volume_dVds,0.2115263355638186,A_pc=55.3 A_vol=45.7 mm2
AG/fast/WANG_DAO_CHUN,164,3,11.702651023864746,L2,pc,area_vs_volume_dVds,0.25435745727136494,A_pc=16.1 A_vol=12.9 mm2
AG/fast/ZHANG_CHUN,164,2,15.704344749450684,L2,pc,area_vs_volume_dVds,0.21281577549983322,A_pc=75.7 A_vol=62.4 mm2
AG/fast/ZHANG_HAO,164,4,7.837674617767334,L1,ref,nonstar_from_centerline,0.017326798129920676,reversed-edge area fraction
AG/fast/ZHANG_HAO,165,4,9.797093391418457,L1,ref,nonstar_from_centerline,0.003496648371189247,reversed-edge area fraction
AG/fast/ZHANG_HAO,164,4,7.837674617767334,L2,ref,area_vs_volume_dVds,2.4305485629191916,A_ref=185.2 A_vol=54.0 mm2
AG/fast/ZHANG_HAO,165,4,9.797093391418457,L2,ref,area_vs_volume_dVds,0.6579734457579658,A_ref=102.4 A_vol=61.8 mm2
AG/fast/ZHANG_HAO,1,0,1.9912443161010742,L2,pc,area_vs_volume_dVds,0.3847861359746996,A_pc=340.2 A_vol=245.7 mm2
AG/fast/ZHANG_HAO,164,4,7.837674617767334,L2,ref,A_over_piRmis2,3.2968854904174805,A=185.2 Rmis=4.23
AG/fast/ZHANG_HAO,165,4,9.797093391418457,L2,ref,adjacent_jump,1.8086687326431274,A[164]=185.2 -> A[165]=102.4
AG/fast/ZHANG_HAO,166,4,11.756511688232422,L2,ref,adjacent_jump,1.749740719795227,A[165]=102.4 -> A[166]=58.5
AG/fast/ZHANG_XIU_ZHEN,107,1,23.65250015258789,L1,ref,nonstar_from_centerline,0.021622116940461726,reversed-edge area fraction
AG/fast/ZHANG_XIU_ZHEN,51,0,101.10088348388672,L2,ref,area_vs_volume_dVds,0.5218597479483154,A_ref=389.9 A_vol=256.2 mm2
AG/fast/ZHANG_XIU_ZHEN,106,1,21.681459426879883,L2,ref,area_vs_volume_dVds,1.1705580295363749,A_ref=436.4 A_vol=201.1 mm2
AG/fast/ZHANG_XIU_ZHEN,107,1,23.65250015258789,L2,ref,area_vs_volume_dVds,0.6694856900571058,A_ref=298.6 A_vol=178.8 mm2
AG/fast/ZHANG_XIU_ZHEN,51,0,101.10088348388672,L2,ref,adjacent_jump,1.5685306787490845,A[50]=248.6 -> A[51]=389.9
AG/fast/ZHANG_XIU_ZHEN,108,1,25.62354278564453,L2,ref,adjacent_jump,1.969233512878418,A[107]=298.6 -> A[108]=151.6
AG/slow/CAO_FENG_CHI,101,2,11.89200210571289,L2,ref,area_vs_volume_dVds,1.8060266071996587,A_ref=399.3 A_vol=142.3 mm2
AG/slow/CHENG_GUANG_SEN,1,0,1.9910914897918701,L2,pc,area_vs_volume_dVds,1.2071005246501172,A_pc=410.9 A_vol=186.2 mm2
AG/slow/CHEN_JING_RU,1,0,1.9812341928482056,L2,ref,area_vs_volume_dVds,0.4392744039947478,A_ref=527.7 A_vol=366.7 mm2
AG/slow/CHEN_JING_RU,1,0,1.9812341928482056,L2,pc,area_vs_volume_dVds,0.4288980116306407,A_pc=523.9 A_vol=366.7 mm2
AG/slow/DING_LIAN_ZHONG,247,6,15.560769081115723,L2,pc,area_vs_volume_dVds,0.2417007111878322,A_pc=23.1 A_vol=18.6 mm2
AG/slow/GONG_HUI_XIA,85,1,15.544571876525879,L1,ref,nonstar_from_centerline,0.06463403609331966,reversed-edge area fraction
AG/slow/GONG_HUI_XIA,87,1,19.430715560913086,L1,ref,nonstar_from_centerline,0.01556128532912447,reversed-edge area fraction
AG/slow/GONG_HUI_XIA,85,1,15.544571876525879,L2,ref,area_vs_volume_dVds,4.442532635386923,A_ref=883.2 A_vol=162.3 mm2
AG/slow/GONG_HUI_XIA,86,1,17.48764419555664,L2,ref,area_vs_volume_dVds,1.099817152997451,A_ref=363.3 A_vol=173.0 mm2
AG/slow/GONG_HUI_XIA,87,1,19.430715560913086,L2,ref,area_vs_volume_dVds,0.8524449981672795,A_ref=269.3 A_vol=145.4 mm2
AG/slow/GONG_HUI_XIA,85,1,15.544571876525879,L2,ref,A_over_piRmis2,4.759448051452637,A=883.2 Rmis=7.69
AG/slow/GONG_HUI_XIA,86,1,17.48764419555664,L2,ref,adjacent_jump,2.430896043777466,A[85]=883.2 -> A[86]=363.3
AG/slow/GONG_HUI_XIA,88,1,21.37378692626953,L2,ref,adjacent_jump,2.2436490058898926,A[87]=269.3 -> A[88]=120.0
AG/slow/GUAN_TONG_XIANG,124,1,15.595964431762695,L1,ref,nonstar_from_centerline,0.0013231468878242998,reversed-edge area fraction
AG/slow/GUAN_TONG_XIANG,126,1,19.49495506286621,L1,ref,nonstar_from_centerline,0.006933608698478338,reversed-edge area fraction
AG/slow/GUAN_TONG_XIANG,124,1,15.595964431762695,L2,ref,area_vs_volume_dVds,1.6283959085408242,A_ref=1046.8 A_vol=398.3 mm2
AG/slow/GUAN_TONG_XIANG,125,1,17.545459747314453,L2,ref,area_vs_volume_dVds,0.7809150212183245,A_ref=787.5 A_vol=442.2 mm2
AG/slow/GUAN_TONG_XIANG,126,1,19.49495506286621,L2,ref,area_vs_volume_dVds,1.2447826947992757,A_ref=889.9 A_vol=396.4 mm2
AG/slow/HE_SHU_ZHEN,209,5,61.99419403076172,L2,pc,area_vs_volume_dVds,0.4748643390266809,A_pc=53.2 A_vol=36.1 mm2
AG/slow/HOU_SHEN_QIAN,81,1,23.809062957763672,L2,ref,adjacent_jump,1.5984654426574707,A[80]=208.1 -> A[81]=130.2
AG/slow/HOU_SHEN_QIAN,233,6,13.684167861938477,L2,ref,adjacent_jump,1.7103865146636963,A[232]=16.5 -> A[233]=9.6
AG/slow/KANG_XI_MING,81,1,23.807937622070312,L2,ref,adjacent_jump,1.5992112159729004,A[80]=208.3 -> A[81]=130.3
AG/slow/KANG_XI_MING,233,6,13.684057235717773,L2,ref,adjacent_jump,1.7100898027420044,A[232]=16.4 -> A[233]=9.6
AG/slow/LIU_FENG,221,4,64.18498992919922,L2,ref,area_vs_volume_dVds,0.3299313785849147,A_ref=43.5 A_vol=32.7 mm2
AG/slow/LIU_FENG,221,4,64.18498992919922,L2,pc,area_vs_volume_dVds,0.3284352764754148,A_pc=43.4 A_vol=32.7 mm2
AG/slow/LIU_FENG,293,6,68.87151336669922,L2,pc,area_vs_volume_dVds,2.7606218485374807,A_pc=16.3 A_vol=4.3 mm2
AG/slow/LI_CHONG_ZENG,202,4,63.63172912597656,L2,pc,area_vs_volume_dVds,0.5009332719780684,A_pc=35.7 A_vol=23.8 mm2
AG/slow/LI_CHONG_ZENG,269,6,56.48667526245117,L2,pc,area_vs_volume_dVds,0.5373085441189649,A_pc=30.7 A_vol=20.0 mm2
AG/slow/LI_GUI_YING,216,4,69.509033203125,L2,pc,area_vs_volume_dVds,0.40357373900545057,A_pc=30.7 A_vol=21.9 mm2
AG/slow/LI_HUAN_GE,169,4,15.792032241821289,L2,ref,adjacent_jump,1.6175780296325684,A[168]=47.5 -> A[169]=29.4
AG/slow/LU_ZHEN_QING,189,4,17.670862197875977,L2,ref,area_vs_volume_dVds,1.4888395363386753,A_ref=241.6 A_vol=97.1 mm2
AG/slow/LU_ZHEN_QING,160,3,21.510082244873047,L2,ref,adjacent_jump,1.5008150339126587,A[159]=110.5 -> A[160]=73.6
AG/slow/LU_ZHEN_QING,190,4,19.63429069519043,L2,ref,adjacent_jump,2.4518680572509766,A[189]=241.6 -> A[190]=98.5
AG/slow/LV_FU_LONG,73,0,144.69000244140625,L1,ref,nonstar_from_centerline,0.0031798998878756024,reversed-edge area fraction
AG/slow/LV_FU_LONG,74,0,146.67205810546875,L1,ref,nonstar_from_centerline,0.05826056360060671,reversed-edge area fraction
AG/slow/LV_FU_LONG,73,0,144.69000244140625,L2,ref,area_vs_volume_dVds,0.23840707797951954,A_ref=318.3 A_vol=257.0 mm2
AG/slow/LV_FU_LONG,74,0,146.67205810546875,L2,ref,area_vs_volume_dVds,0.3624213713959725,A_ref=299.9 A_vol=220.1 mm2
AG/slow/MI_DE_XI,85,1,27.643932342529297,L1,ref,nonstar_from_centerline,0.012849955915239597,reversed-edge area fraction
AG/slow/MI_DE_XI,85,1,27.643932342529297,L2,ref,area_vs_volume_dVds,1.7890193296641166,A_ref=397.6 A_vol=142.6 mm2
AG/slow/MI_DE_XI,163,3,51.18900680541992,L2,ref,area_vs_volume_dVds,0.23777342840399407,A_ref=6.5 A_vol=5.2 mm2
AG/slow/MI_DE_XI,169,4,7.932952404022217,L2,ref,area_vs_volume_dVds,1.300055917292421,A_ref=132.5 A_vol=57.6 mm2
AG/slow/MI_DE_XI,258,6,48.33406448364258,L2,pc,area_vs_volume_dVds,0.23387542922241145,A_pc=15.2 A_vol=12.3 mm2
AG/slow/MI_DE_XI,85,1,27.643932342529297,L2,ref,A_over_piRmis2,3.5031964778900146,A=397.6 Rmis=6.01
AG/slow/MI_DE_XI,86,1,29.618497848510742,L2,ref,adjacent_jump,3.4758141040802,A[85]=397.6 -> A[86]=114.4
AG/slow/MI_DE_XI,158,3,41.344966888427734,L2,ref,adjacent_jump,1.5777465105056763,A[157]=12.4 -> A[158]=7.9
AG/slow/MI_DE_XI,170,4,9.916190147399902,L2,ref,adjacent_jump,2.3785972595214844,A[169]=132.5 -> A[170]=55.7
AG/slow/MI_DE_XI,241,6,15.466900825500488,L2,ref,adjacent_jump,1.535385012626648,A[240]=33.4 -> A[241]=21.8
AG/slow/MI_DE_XI,245,6,23.20035171508789,L2,ref,adjacent_jump,1.6261917352676392,A[244]=22.0 -> A[245]=35.7
AG/slow/MI_DE_XI,246,6,25.13371467590332,L2,ref,adjacent_jump,1.5004805326461792,A[245]=35.7 -> A[246]=53.6
AG/slow/MI_DE_XI,252,6,36.733890533447266,L2,ref,adjacent_jump,1.5818455219268799,A[251]=44.4 -> A[252]=28.1
AG/slow/QIN_SI_FU,91,1,13.744033813476562,L1,ref,nonstar_from_centerline,0.005167752595351463,reversed-edge area fraction
AG/slow/QIN_SI_FU,92,1,15.707467079162598,L1,ref,nonstar_from_centerline,0.018820207886899074,reversed-edge area fraction
AG/slow/QIN_SI_FU,91,1,13.744033813476562,L2,ref,area_vs_volume_dVds,1.471274973149443,A_ref=496.6 A_vol=201.0 mm2
AG/slow/QIN_SI_FU,92,1,15.707467079162598,L2,ref,area_vs_volume_dVds,2.10334539271926,A_ref=466.0 A_vol=150.2 mm2
AG/slow/QIN_SI_FU,196,3,39.273963928222656,L2,pc,area_vs_volume_dVds,0.2170970826629155,A_pc=15.9 A_vol=13.0 mm2
AG/slow/QIN_SI_FU,91,1,13.744033813476562,L2,ref,A_over_piRmis2,3.961956739425659,A=496.6 Rmis=6.32
AG/slow/QIN_SI_FU,92,1,15.707467079162598,L2,ref,A_over_piRmis2,4.9242119789123535,A=466.0 Rmis=5.49
AG/slow/QIN_SI_FU,93,1,17.670900344848633,L2,ref,adjacent_jump,4.210570335388184,A[92]=466.0 -> A[93]=110.7
AG/slow/QIN_SI_FU,256,6,11.821511268615723,L2,ref,adjacent_jump,1.5651134252548218,A[255]=22.7 -> A[256]=14.5
AG/slow/QU_HE_PING,53,0,105.8540267944336,L2,ref,area_vs_volume_dVds,-0.25302238804626387,A_ref=405.4 A_vol=542.7 mm2
AG/slow/QU_HE_PING,54,0,107.85127258300781,L2,ref,area_vs_volume_dVds,-0.25741425728505785,A_ref=538.5 A_vol=725.1 mm2
AG/slow/QU_HE_PING,58,0,115.84025573730469,L2,ref,area_vs_volume_dVds,0.2305822464143048,A_ref=569.8 A_vol=463.0 mm2
AG/slow/QU_HE_PING,53,0,105.8540267944336,L2,pc,area_vs_volume_dVds,-0.24408811012899223,A_pc=410.2 A_vol=542.7 mm2
AG/slow/QU_HE_PING,54,0,107.85127258300781,L2,pc,area_vs_volume_dVds,-0.26908135211508344,A_pc=530.0 A_vol=725.1 mm2
AG/slow/QU_HE_PING,58,0,115.84025573730469,L2,pc,area_vs_volume_dVds,0.21655671380918773,A_pc=563.3 A_vol=463.0 mm2
AG/slow/SHEN_ZHI_GANG,195,5,11.893802642822266,L2,ref,area_vs_volume_dVds,0.210637622646749,A_ref=74.4 A_vol=61.5 mm2
AG/slow/SUN_ZONG_GE,1,0,1.980034589767456,L2,pc,area_vs_volume_dVds,0.301787167086202,A_pc=299.0 A_vol=229.7 mm2
AG/slow/SUN_ZONG_GE,98,1,23.990345001220703,L2,ref,adjacent_jump,1.5004279613494873,A[97]=20.6 -> A[98]=13.7
AG/slow/WANG_GUI,183,4,5.875077247619629,L1,ref,nonstar_from_centerline,0.07845877558270864,reversed-edge area fraction
AG/slow/WANG_GUI,183,4,5.875077247619629,L2,ref,area_vs_volume_dVds,3.5033102327178094,A_ref=217.5 A_vol=48.3 mm2
AG/slow/WANG_GUI,183,4,5.875077247619629,L2,ref,A_over_piRmis2,3.746004581451416,A=217.5 Rmis=4.30
AG/slow/WANG_GUI,152,3,9.825632095336914,L2,ref,adjacent_jump,1.5520507097244263,A[151]=39.1 -> A[152]=25.2
AG/slow/WANG_GUI,184,4,7.833436489105225,L2,ref,adjacent_jump,3.6478137969970703,A[183]=217.5 -> A[184]=59.6
AG/slow/WANG_KE,252,6,5.955718994140625,L2,pc,area_vs_volume_dVds,0.3421414178187485,A_pc=34.1 A_vol=25.4 mm2
AG/slow/WANG_YAN_LING,67,1,15.807511329650879,L1,ref,nonstar_from_centerline,0.010852150098924986,reversed-edge area fraction
AG/slow/WANG_YAN_LING,66,1,13.831572532653809,L2,ref,area_vs_volume_dVds,2.0851463594404,A_ref=544.7 A_vol=176.6 mm2
AG/slow/WANG_YAN_LING,67,1,15.807511329650879,L2,ref,area_vs_volume_dVds,2.3987488646944435,A_ref=555.0 A_vol=163.3 mm2
AG/slow/WANG_YAN_LING,66,1,13.831572532653809,L2,ref,A_over_piRmis2,3.2683284282684326,A=544.7 Rmis=7.28
AG/slow/WANG_YAN_LING,67,1,15.807511329650879,L2,ref,A_over_piRmis2,3.9451904296875,A=555.0 Rmis=6.69
AG/slow/WEI_BAO_XING,1,0,1.9808661937713623,L2,ref,area_vs_volume_dVds,0.26640804812819074,A_ref=344.2 A_vol=271.8 mm2
AG/slow/WEI_BAO_XING,1,0,1.9808661937713623,L2,pc,area_vs_volume_dVds,0.2514565325116984,A_pc=340.1 A_vol=271.8 mm2
AG/slow/WEI_BAO_XING,143,3,11.842364311218262,L2,pc,area_vs_volume_dVds,0.24344527033656704,A_pc=27.9 A_vol=22.4 mm2
AG/slow/WEI_BAO_XING,239,6,15.898236274719238,L2,pc,area_vs_volume_dVds,0.2832675779161762,A_pc=30.4 A_vol=23.7 mm2
AG/slow/WEI_BAO_XING,143,3,11.842364311218262,L2,ref,adjacent_jump,2.009071111679077,A[142]=44.7 -> A[143]=22.3
AG/slow/WU_FENG_YAN,124,2,13.658782958984375,L1,ref,nonstar_from_centerline,0.04084532716397826,reversed-edge area fraction
AG/slow/WU_FENG_YAN,125,2,15.610037803649902,L1,ref,nonstar_from_centerline,0.035856619563924476,reversed-edge area fraction
AG/slow/WU_FENG_YAN,124,2,13.658782958984375,L2,ref,area_vs_volume_dVds,3.2611417234027087,A_ref=540.4 A_vol=126.8 mm2
AG/slow/WU_FENG_YAN,125,2,15.610037803649902,L2,ref,area_vs_volume_dVds,2.058575862007,A_ref=441.8 A_vol=144.4 mm2
AG/slow/WU_FENG_YAN,124,2,13.658782958984375,L2,ref,A_over_piRmis2,3.6012842655181885,A=540.4 Rmis=6.91
AG/slow/WU_FENG_YAN,125,2,15.610037803649902,L2,ref,A_over_piRmis2,3.456205368041992,A=441.8 Rmis=6.38
AG/slow/WU_FENG_YAN,306,6,63.527957916259766,L2,ref,adjacent_jump,1.5456029176712036,A[305]=42.0 -> A[306]=27.1
AG/slow/WU_FENG_YAN,307,6,65.5132064819336,L2,ref,adjacent_jump,1.598099708557129,A[306]=27.1 -> A[307]=17.0
AG/slow/WU_YI_FA,187,3,48.88969039916992,L2,ref,area_vs_volume_dVds,0.26466718789051136,A_ref=19.3 A_vol=15.3 mm2
AG/slow/WU_YI_FA,1,0,1.9975594282150269,L2,pc,area_vs_volume_dVds,0.2067840054676755,A_pc=431.8 A_vol=357.8 mm2
AG/slow/YIN_YU_RONG,73,1,11.843707084655762,L1,ref,nonstar_from_centerline,0.016885274892433983,reversed-edge area fraction
AG/slow/YIN_YU_RONG,74,1,13.817658424377441,L1,ref,nonstar_from_centerline,0.04755379903787428,reversed-edge area fraction
AG/slow/YIN_YU_RONG,73,1,11.843707084655762,L2,ref,area_vs_volume_dVds,3.1693083920902945,A_ref=413.0 A_vol=99.0 mm2
AG/slow/YIN_YU_RONG,74,1,13.817658424377441,L2,ref,area_vs_volume_dVds,3.743943206663304,A_ref=405.2 A_vol=85.4 mm2
AG/slow/YIN_YU_RONG,73,1,11.843707084655762,L2,ref,A_over_piRmis2,5.674636363983154,A=413.0 Rmis=4.81
AG/slow/YIN_YU_RONG,74,1,13.817658424377441,L2,ref,A_over_piRmis2,6.181221961975098,A=405.2 Rmis=4.57
AG/slow/YIN_YU_RONG,75,1,15.791609764099121,L2,ref,adjacent_jump,5.017902851104736,A[74]=405.2 -> A[75]=80.8
AG/slow/ZANG_YU_SHU,101,1,15.952064514160156,L1,ref,nonstar_from_centerline,0.012830682577842239,reversed-edge area fraction
AG/slow/ZANG_YU_SHU,102,1,17.94607162475586,L1,ref,nonstar_from_centerline,0.028901250445812043,reversed-edge area fraction
AG/slow/ZANG_YU_SHU,101,1,15.952064514160156,L2,ref,area_vs_volume_dVds,1.4561039325788725,A_ref=774.1 A_vol=315.2 mm2
AG/slow/ZANG_YU_SHU,102,1,17.94607162475586,L2,ref,area_vs_volume_dVds,1.0691457853094395,A_ref=601.3 A_vol=290.6 mm2
AG/slow/ZANG_YU_SHU,101,1,15.952064514160156,L2,ref,A_over_piRmis2,3.089229106903076,A=774.1 Rmis=8.93
AG/slow/ZANG_YU_SHU,103,1,19.940080642700195,L2,ref,adjacent_jump,2.390235662460327,A[102]=601.3 -> A[103]=251.5
AG/slow/ZHANG_JING_SHUN,286,5,21.73334312438965,L2,ref,area_vs_volume_dVds,0.2435497471137733,A_ref=61.3 A_vol=49.3 mm2
AG/slow/ZHANG_JING_SHUN,346,6,19.836132049560547,L2,pc,area_vs_volume_dVds,0.20848649269563313,A_pc=56.6 A_vol=46.8 mm2
AG/slow/ZHANG_JING_SHUN,288,5,25.684858322143555,L2,ref,adjacent_jump,1.5198487043380737,A[287]=52.7 -> A[288]=80.2
AG/slow/ZHANG_JUN_HUA,254,6,9.673450469970703,L1,ref,nonstar_from_centerline,0.00843913085439035,reversed-edge area fraction
AG/slow/ZHANG_LING_GUANG,191,4,11.891176223754883,L1,ref,nonstar_from_centerline,0.1094045086797731,reversed-edge area fraction
AG/slow/ZHANG_LING_GUANG,183,3,68.21644592285156,L2,ref,area_vs_volume_dVds,0.21574593529449948,A_ref=30.7 A_vol=25.3 mm2
AG/slow/ZHANG_LING_GUANG,191,4,11.891176223754883,L2,ref,area_vs_volume_dVds,2.3172873998884893,A_ref=338.5 A_vol=102.0 mm2
AG/slow/ZHANG_LING_GUANG,191,4,11.891176223754883,L2,ref,A_over_piRmis2,4.314483642578125,A=338.5 Rmis=5.00
AG/slow/ZHANG_LING_GUANG,192,4,13.873039245605469,L2,ref,adjacent_jump,3.691218376159668,A[191]=338.5 -> A[192]=91.7
AG/slow/ZHANG_QING_SHUI,249,4,5.921648025512695,L2,ref,area_vs_volume_dVds,1.5003191464271168,A_ref=171.8 A_vol=68.7 mm2
AG/slow/ZHANG_QING_SHUI,223,3,9.919323921203613,L2,ref,adjacent_jump,1.5302553176879883,A[222]=57.3 -> A[223]=37.4
AG/slow/ZHANG_QING_SHUI,250,4,7.895530700683594,L2,ref,adjacent_jump,2.150665044784546,A[249]=171.8 -> A[250]=79.9
AG/slow/ZHANG_QING_SHUI,314,6,13.582935333251953,L2,ref,adjacent_jump,1.6395130157470703,A[313]=55.9 -> A[314]=34.1
AG/slow/ZHANG_SONG_TIAN,76,1,21.998092651367188,L1,ref,nonstar_from_centerline,0.02260218550209188,reversed-edge area fraction
AG/slow/ZHANG_SONG_TIAN,75,1,19.998266220092773,L2,ref,area_vs_volume_dVds,1.199712488512303,A_ref=612.5 A_vol=278.5 mm2
AG/slow/ZHANG_SONG_TIAN,76,1,21.998092651367188,L2,ref,area_vs_volume_dVds,0.8920458667369784,A_ref=549.0 A_vol=290.2 mm2
AG/slow/ZHANG_SONG_TIAN,77,1,23.9979190826416,L2,ref,adjacent_jump,2.0007059574127197,A[76]=549.0 -> A[77]=274.4
AG/slow/ZHANG_WEI_XIAN,218,6,13.659554481506348,L1,ref,nonstar_from_centerline,0.04071624803088213,reversed-edge area fraction
AG/slow/ZHANG_WEI_XIAN,115,2,49.19469451904297,L2,ref,area_vs_volume_dVds,-0.3815674398893846,A_ref=258.1 A_vol=417.3 mm2
AG/slow/ZHANG_WEI_XIAN,126,3,13.879091262817383,L2,ref,area_vs_volume_dVds,-0.5816254360688008,A_ref=79.8 A_vol=190.7 mm2
AG/slow/ZHANG_WEI_XIAN,127,3,15.86181926727295,L2,ref,area_vs_volume_dVds,-0.5876111757324245,A_ref=61.6 A_vol=149.3 mm2
AG/slow/ZHANG_WEI_XIAN,115,2,49.19469451904297,L2,pc,area_vs_volume_dVds,-0.3819048217794192,A_pc=257.9 A_vol=417.3 mm2
AG/slow/ZHANG_WEI_XIAN,218,6,13.659554481506348,L2,ref,A_over_piRmis2,3.6542885303497314,A=57.8 Rmis=2.24
AG/slow/ZHANG_WEI_XIAN,219,6,15.610919952392578,L2,ref,adjacent_jump,3.050175428390503,A[218]=57.8 -> A[219]=18.9
AG/slow/ZHANG_ZHI_JUN,135,3,17.45991325378418,L2,pc,area_vs_volume_dVds,0.25063778505505985,A_pc=18.9 A_vol=15.1 mm2
ILO/AN_GUANG_JIE-0/before,79,0,157.5996551513672,L1,ref,nonstar_from_centerline,0.0024927220589286343,reversed-edge area fraction
ILO/AN_GUANG_JIE-0/before,80,0,159.59458923339844,L1,ref,nonstar_from_centerline,0.00391819249324599,reversed-edge area fraction
ILO/AN_GUANG_JIE-0/before,81,0,161.5895233154297,L1,ref,nonstar_from_centerline,0.01588663420613176,reversed-edge area fraction
ILO/AN_GUANG_JIE-0/before,82,0,163.58445739746094,L1,ref,nonstar_from_centerline,0.038124510195312246,reversed-edge area fraction
ILO/AN_GUANG_JIE-0/before,83,0,165.5793914794922,L1,ref,nonstar_from_centerline,0.06545026833926362,reversed-edge area fraction
ILO/AN_GUANG_JIE-0/before,84,0,167.57432556152344,L1,ref,nonstar_from_centerline,0.10605758399994748,reversed-edge area fraction
ILO/AN_GUANG_JIE-0/before,126,2,15.85435676574707,L1,ref,nonstar_from_centerline,0.0019348124646921744,reversed-edge area fraction
ILO/AN_GUANG_JIE-0/before,75,0,149.61993408203125,L2,ref,area_vs_volume_dVds,-0.5191840805395558,A_ref=729.5 A_vol=1517.2 mm2
ILO/AN_GUANG_JIE-0/before,76,0,151.6148681640625,L2,ref,area_vs_volume_dVds,-0.6388650909659208,A_ref=1315.3 A_vol=3642.0 mm2
ILO/AN_GUANG_JIE-0/before,77,0,153.60980224609375,L2,ref,area_vs_volume_dVds,-0.6120898627444938,A_ref=1536.0 A_vol=3959.6 mm2
ILO/AN_GUANG_JIE-0/before,79,0,157.5996551513672,L2,ref,area_vs_volume_dVds,1.0490778190002379,A_ref=1325.0 A_vol=646.6 mm2
ILO/AN_GUANG_JIE-0/before,80,0,159.59458923339844,L2,ref,area_vs_volume_dVds,1.844134655957216,A_ref=1264.1 A_vol=444.5 mm2
ILO/AN_GUANG_JIE-0/before,81,0,161.5895233154297,L2,ref,area_vs_volume_dVds,2.0269882401501027,A_ref=1218.8 A_vol=402.6 mm2
ILO/AN_GUANG_JIE-0/before,82,0,163.58445739746094,L2,ref,area_vs_volume_dVds,0.8283226206700085,A_ref=1152.6 A_vol=630.4 mm2
ILO/AN_GUANG_JIE-0/before,84,0,167.57432556152344,L2,ref,area_vs_volume_dVds,0.7483779736864626,A_ref=905.4 A_vol=517.8 mm2
ILO/AN_GUANG_JIE-0/before,85,0,169.5692596435547,L2,ref,area_vs_volume_dVds,-0.2283688125606188,A_ref=188.1 A_vol=243.7 mm2
ILO/AN_GUANG_JIE-0/before,86,0,171.56419372558594,L2,ref,area_vs_volume_dVds,-0.20185088923901529,A_ref=204.4 A_vol=256.1 mm2
ILO/AN_GUANG_JIE-0/before,87,0,173.5591278076172,L2,ref,area_vs_volume_dVds,-0.45965124517793887,A_ref=230.9 A_vol=427.4 mm2
ILO/AN_GUANG_JIE-0/before,88,0,175.55404663085938,L2,ref,area_vs_volume_dVds,-0.6750255717857433,A_ref=260.2 A_vol=800.7 mm2
ILO/AN_GUANG_JIE-0/before,73,0,145.63006591796875,L2,pc,area_vs_volume_dVds,0.2004200596210819,A_pc=504.7 A_vol=420.4 mm2
ILO/AN_GUANG_JIE-0/before,75,0,149.61993408203125,L2,pc,area_vs_volume_dVds,-0.5219658905794404,A_pc=725.3 A_vol=1517.2 mm2
ILO/AN_GUANG_JIE-0/before,76,0,151.6148681640625,L2,pc,area_vs_volume_dVds,-0.6438708124747121,A_pc=1297.0 A_vol=3642.0 mm2
ILO/AN_GUANG_JIE-0/before,77,0,153.60980224609375,L2,pc,area_vs_volume_dVds,-0.6237708370262657,A_pc=1489.7 A_vol=3959.6 mm2
ILO/AN_GUANG_JIE-0/before,76,0,151.6148681640625,L2,ref,A_over_piRmis2,3.1860859394073486,A=1315.3 Rmis=11.46
ILO/AN_GUANG_JIE-0/before,77,0,153.60980224609375,L2,ref,A_over_piRmis2,4.186047554016113,A=1536.0 Rmis=10.81
ILO/AN_GUANG_JIE-0/before,78,0,155.604736328125,L2,ref,A_over_piRmis2,4.528188705444336,A=1414.3 Rmis=9.97
ILO/AN_GUANG_JIE-0/before,79,0,157.5996551513672,L2,ref,A_over_piRmis2,4.958398342132568,A=1325.0 Rmis=9.22
ILO/AN_GUANG_JIE-0/before,80,0,159.59458923339844,L2,ref,A_over_piRmis2,5.60512113571167,A=1264.1 Rmis=8.47
ILO/AN_GUANG_JIE-0/before,81,0,161.5895233154297,L2,ref,A_over_piRmis2,6.381958961486816,A=1218.8 Rmis=7.80
ILO/AN_GUANG_JIE-0/before,82,0,163.58445739746094,L2,ref,A_over_piRmis2,6.9412031173706055,A=1152.6 Rmis=7.27
ILO/AN_GUANG_JIE-0/before,83,0,165.5793914794922,L2,ref,A_over_piRmis2,7.161910533905029,A=1051.1 Rmis=6.83
ILO/AN_GUANG_JIE-0/before,84,0,167.57432556152344,L2,ref,A_over_piRmis2,6.855966567993164,A=905.4 Rmis=6.48
ILO/AN_GUANG_JIE-0/before,76,0,151.6148681640625,L2,ref,adjacent_jump,1.803034782409668,A[75]=729.5 -> A[76]=1315.3
ILO/AN_GUANG_JIE-0/before,85,0,169.5692596435547,L2,ref,adjacent_jump,4.814054012298584,A[84]=905.4 -> A[85]=188.1
ILO/BAO_EN_YUN-0/before,228,3,47.51292419433594,L1,ref,nonstar_from_centerline,0.010570143501305852,reversed-edge area fraction
ILO/BAO_EN_YUN-0/before,228,3,47.51292419433594,L2,ref,area_vs_volume_dVds,0.32154235330838454,A_ref=55.2 A_vol=41.8 mm2
ILO/BAO_EN_YUN-0/before,1,0,1.993615746498108,L2,pc,area_vs_volume_dVds,0.7082494776393282,A_pc=514.3 A_vol=301.1 mm2
ILO/CUI_WEI_PING-0/before,98,0,195.38031005859375,L1,ref,nonstar_from_centerline,0.0012103760191767205,reversed-edge area fraction
ILO/CUI_WEI_PING-0/before,99,0,197.3739776611328,L1,ref,nonstar_from_centerline,0.024578960921603055,reversed-edge area fraction
ILO/CUI_WEI_PING-0/before,100,0,199.36766052246094,L1,ref,nonstar_from_centerline,0.027367406894444023,reversed-edge area fraction
ILO/CUI_WEI_PING-0/before,101,0,201.36134338378906,L1,ref,nonstar_from_centerline,0.027892395780361408,reversed-edge area fraction
ILO/CUI_WEI_PING-0/before,102,0,203.35501098632812,L1,ref,nonstar_from_centerline,0.025733232179865943,reversed-edge area fraction
ILO/CUI_WEI_PING-0/before,103,0,205.34869384765625,L1,ref,nonstar_from_centerline,0.02834827897147053,reversed-edge area fraction
ILO/CUI_WEI_PING-0/before,104,0,207.3423614501953,L1,ref,nonstar_from_centerline,0.03120536085100575,reversed-edge area fraction
ILO/CUI_WEI_PING-0/before,105,0,209.33604431152344,L1,ref,nonstar_from_centerline,0.017621300321989573,reversed-edge area fraction
ILO/CUI_WEI_PING-0/before,106,0,211.3297119140625,L1,ref,nonstar_from_centerline,0.006866455871504922,reversed-edge area fraction
ILO/CUI_WEI_PING-0/before,107,0,213.32339477539062,L1,ref,nonstar_from_centerline,0.001965483073776609,reversed-edge area fraction
ILO/CUI_WEI_PING-0/before,99,0,197.3739776611328,L2,ref,area_vs_volume_dVds,0.2886692223727867,A_ref=500.3 A_vol=388.2 mm2
ILO/CUI_WEI_PING-0/before,100,0,199.36766052246094,L2,ref,area_vs_volume_dVds,0.5101892274750732,A_ref=521.5 A_vol=345.3 mm2
ILO/CUI_WEI_PING-0/before,101,0,201.36134338378906,L2,ref,area_vs_volume_dVds,0.22760257683722585,A_ref=555.3 A_vol=452.4 mm2
ILO/CUI_WEI_PING-0/before,98,0,195.38031005859375,L2,ref,adjacent_jump,1.511102318763733,A[97]=268.6 -> A[98]=405.8
ILO/GAO_SHU_CAI-0/before,178,1,21.519445419311523,L1,ref,nonstar_from_centerline,0.10778085814446264,reversed-edge area fraction
ILO/GAO_SHU_CAI-0/before,261,3,19.850788116455078,L1,ref,nonstar_from_centerline,0.0015639345817208172,reversed-edge area fraction
ILO/GAO_SHU_CAI-0/before,361,6,9.907058715820312,L1,ref,nonstar_from_centerline,0.04732011267338072,reversed-edge area fraction
ILO/GAO_SHU_CAI-0/before,362,6,11.888470649719238,L1,ref,nonstar_from_centerline,0.0947135171192881,reversed-edge area fraction
ILO/GAO_SHU_CAI-0/before,364,6,15.851293563842773,L1,ref,nonstar_from_centerline,0.001341753744746637,reversed-edge area fraction
ILO/GAO_SHU_CAI-0/before,132,0,263.168212890625,L2,ref,area_vs_volume_dVds,0.2925016778712872,A_ref=817.2 A_vol=632.3 mm2
ILO/GAO_SHU_CAI-0/before,178,1,21.519445419311523,L2,ref,area_vs_volume_dVds,0.4978341435015101,A_ref=690.7 A_vol=461.2 mm2
ILO/GAO_SHU_CAI-0/before,361,6,9.907058715820312,L2,ref,area_vs_volume_dVds,5.098778296465268,A_ref=498.6 A_vol=81.8 mm2
ILO/GAO_SHU_CAI-0/before,362,6,11.888470649719238,L2,ref,area_vs_volume_dVds,2.016853392641309,A_ref=297.4 A_vol=98.6 mm2
ILO/GAO_SHU_CAI-0/before,132,0,263.168212890625,L2,pc,area_vs_volume_dVds,0.31150715887186253,A_pc=829.2 A_vol=632.3 mm2
ILO/GAO_SHU_CAI-0/before,280,3,57.56728744506836,L2,pc,area_vs_volume_dVds,0.2108429604183648,A_pc=74.6 A_vol=61.6 mm2
ILO/GAO_SHU_CAI-0/before,361,6,9.907058715820312,L2,ref,A_over_piRmis2,6.777468204498291,A=498.6 Rmis=4.84
ILO/GAO_SHU_CAI-0/before,362,6,11.888470649719238,L2,ref,A_over_piRmis2,6.32577657699585,A=297.4 Rmis=3.87
ILO/GAO_SHU_CAI-0/before,220,2,27.8125,L2,ref,adjacent_jump,1.5238338708877563,A[219]=302.3 -> A[220]=198.4
ILO/GAO_SHU_CAI-0/before,362,6,11.888470649719238,L2,ref,adjacent_jump,1.6766027212142944,A[361]=498.6 -> A[362]=297.4
ILO/GAO_SHU_CAI-0/before,363,6,13.869881629943848,L2,ref,adjacent_jump,6.221376419067383,A[362]=297.4 -> A[363]=47.8
ILO/GENG_CHUN_LAI-1/before,5,0,9.925296783447266,L2,ref,area_vs_volume_dVds,0.2197080100615132,A_ref=490.9 A_vol=402.5 mm2
ILO/GENG_CHUN_LAI-1/before,114,0,226.2967529296875,L2,ref,area_vs_volume_dVds,0.2360629721093659,A_ref=505.7 A_vol=409.1 mm2
ILO/GENG_CHUN_LAI-1/before,116,0,230.26687622070312,L2,ref,area_vs_volume_dVds,-0.37493127456227815,A_ref=677.1 A_vol=1083.3 mm2
ILO/GENG_CHUN_LAI-1/before,117,0,232.25193786621094,L2,ref,area_vs_volume_dVds,-0.3379656753206315,A_ref=705.1 A_vol=1065.1 mm2
ILO/GENG_CHUN_LAI-1/before,5,0,9.925296783447266,L2,pc,area_vs_volume_dVds,0.21822575124310117,A_pc=490.3 A_vol=402.5 mm2
ILO/GENG_CHUN_LAI-1/before,114,0,226.2967529296875,L2,pc,area_vs_volume_dVds,0.22853567893819426,A_pc=502.6 A_vol=409.1 mm2
ILO/GENG_CHUN_LAI-1/before,116,0,230.26687622070312,L2,pc,area_vs_volume_dVds,-0.37796736383581486,A_pc=673.8 A_vol=1083.3 mm2
ILO/GENG_CHUN_LAI-1/before,117,0,232.25193786621094,L2,pc,area_vs_volume_dVds,-0.34068622239259083,A_pc=702.2 A_vol=1065.1 mm2
ILO/GONG_HAI_ZENG-1/before,95,0,189.82093811035156,L2,ref,area_vs_volume_dVds,0.2298055219237154,A_ref=178.3 A_vol=144.9 mm2
ILO/GONG_HAI_ZENG-1/before,233,3,43.07809066772461,L2,ref,area_vs_volume_dVds,0.42427457495165255,A_ref=23.3 A_vol=16.3 mm2
ILO/GONG_HAI_ZENG-1/before,302,6,9.990985870361328,L2,ref,area_vs_volume_dVds,-0.22850316599353881,A_ref=10.8 A_vol=14.0 mm2
ILO/GONG_HAI_ZENG-1/before,95,0,189.82093811035156,L2,pc,area_vs_volume_dVds,0.2280545633004767,A_pc=178.0 A_vol=144.9 mm2
ILO/GONG_HAI_ZENG-1/before,233,3,43.07809066772461,L2,pc,area_vs_volume_dVds,0.46701737945880684,A_pc=24.0 A_vol=16.3 mm2
ILO/GONG_HAI_ZENG-1/before,261,4,51.97808837890625,L2,pc,area_vs_volume_dVds,0.5096424886872504,A_pc=70.2 A_vol=46.5 mm2
ILO/GONG_HAI_ZENG-1/before,295,5,62.44263458251953,L2,pc,area_vs_volume_dVds,0.20112965553265938,A_pc=68.9 A_vol=57.4 mm2
ILO/GONG_HAI_ZENG-1/before,218,3,13.7066650390625,L2,ref,adjacent_jump,2.1798489093780518,A[217]=3.4 -> A[218]=7.4
ILO/GONG_HAI_ZENG-1/before,219,3,15.664759635925293,L2,ref,adjacent_jump,1.6271244287490845,A[218]=7.4 -> A[219]=12.0
ILO/GONG_HAI_ZENG-1/before,225,3,27.413330078125,L2,ref,adjacent_jump,1.6242167949676514,A[224]=29.4 -> A[225]=18.1
ILO/GONG_HAI_ZENG-1/before,226,3,29.37142562866211,L2,ref,adjacent_jump,1.6791976690292358,A[225]=18.1 -> A[226]=10.8
ILO/GONG_HAI_ZENG-1/before,243,4,15.993257522583008,L2,ref,adjacent_jump,1.6359453201293945,A[242]=37.9 -> A[243]=61.9
ILO/GONG_HAI_ZENG-1/before,304,6,13.987380027770996,L2,ref,adjacent_jump,2.08077073097229,A[303]=8.4 -> A[304]=17.4
ILO/GONG_HAI_ZENG-1/before,310,6,25.9765625,L2,ref,adjacent_jump,1.532502293586731,A[309]=13.7 -> A[310]=9.0
ILO/GONG_HAI_ZENG-1/before,315,6,35.96754837036133,L2,ref,adjacent_jump,1.5060973167419434,A[314]=4.5 -> A[315]=6.7
ILO/GUO_QING_SHAN-0/before,1,0,1.9804267883300781,L2,pc,area_vs_volume_dVds,0.2006196063342478,A_pc=411.9 A_vol=343.1 mm2
ILO/GUO_QING_SHAN-0/before,164,3,9.812591552734375,L2,ref,adjacent_jump,1.697080373764038,A[163]=25.2 -> A[164]=14.9
ILO/GUO_YU_SHU-0/before,143,2,9.763391494750977,L1,ref,nonstar_from_centerline,0.0037021411870320525,reversed-edge area fraction
ILO/GUO_YU_SHU-0/before,144,2,11.716069221496582,L1,ref,nonstar_from_centerline,0.03938278077112802,reversed-edge area fraction
ILO/GUO_YU_SHU-0/before,143,2,9.763391494750977,L2,ref,area_vs_volume_dVds,2.0207457845606136,A_ref=422.5 A_vol=139.9 mm2
ILO/GUO_YU_SHU-0/before,144,2,11.716069221496582,L2,ref,area_vs_volume_dVds,1.1130434979602115,A_ref=297.8 A_vol=140.9 mm2
ILO/GUO_YU_SHU-0/before,143,2,9.763391494750977,L2,ref,A_over_piRmis2,3.695843458175659,A=422.5 Rmis=6.03
ILO/GUO_YU_SHU-0/before,145,2,13.668747901916504,L2,ref,adjacent_jump,2.6105387210845947,A[144]=297.8 -> A[145]=114.1
ILO/HOU_SHI_GUO-0/before,218,2,35.91227340698242,L1,ref,nonstar_from_centerline,0.006136194046485552,reversed-edge area fraction
ILO/HOU_SHI_GUO-0/before,121,0,241.48428344726562,L2,ref,area_vs_volume_dVds,0.2552417448113109,A_ref=178.3 A_vol=142.1 mm2
ILO/HOU_SHI_GUO-0/before,140,0,279.4033203125,L2,ref,area_vs_volume_dVds,0.2231536189896981,A_ref=286.4 A_vol=234.1 mm2
ILO/HOU_SHI_GUO-0/before,147,0,293.37347412109375,L2,ref,area_vs_volume_dVds,-0.20157814530481055,A_ref=949.1 A_vol=1188.7 mm2
ILO/HOU_SHI_GUO-0/before,148,0,295.36920166015625,L2,ref,area_vs_volume_dVds,-0.28600807576427767,A_ref=998.6 A_vol=1398.6 mm2
ILO/HOU_SHI_GUO-0/before,149,0,297.3649597167969,L2,ref,area_vs_volume_dVds,-0.2081693958374744,A_ref=994.3 A_vol=1255.7 mm2
ILO/HOU_SHI_GUO-0/before,248,3,9.894807815551758,L2,ref,area_vs_volume_dVds,-0.42096844405949474,A_ref=14.2 A_vol=24.5 mm2
ILO/HOU_SHI_GUO-0/before,121,0,241.48428344726562,L2,pc,area_vs_volume_dVds,0.24797524944532334,A_pc=177.3 A_vol=142.1 mm2
ILO/HOU_SHI_GUO-0/before,147,0,293.37347412109375,L2,pc,area_vs_volume_dVds,-0.20749607779587254,A_pc=942.1 A_vol=1188.7 mm2
ILO/HOU_SHI_GUO-0/before,148,0,295.36920166015625,L2,pc,area_vs_volume_dVds,-0.29069642337693513,A_pc=992.0 A_vol=1398.6 mm2
ILO/HOU_SHI_GUO-0/before,149,0,297.3649597167969,L2,pc,area_vs_volume_dVds,-0.21101126666455916,A_pc=990.7 A_vol=1255.7 mm2
ILO/LIN_CHUN_YANG-1/before,180,2,53.56535720825195,L1,ref,nonstar_from_centerline,0.0015478406723873365,reversed-edge area fraction
ILO/LIN_CHUN_YANG-1/before,181,2,55.549259185791016,L1,ref,nonstar_from_centerline,0.007223117265318942,reversed-edge area fraction
ILO/LIN_CHUN_YANG-1/before,182,2,57.53316116333008,L1,ref,nonstar_from_centerline,0.010281334888391117,reversed-edge area fraction
ILO/LIN_CHUN_YANG-1/before,183,2,59.51706314086914,L1,ref,nonstar_from_centerline,0.0019318127278755274,reversed-edge area fraction
ILO/LIN_CHUN_YANG-1/before,206,3,17.776824951171875,L2,ref,area_vs_volume_dVds,-0.5934602395608499,A_ref=20.2 A_vol=49.8 mm2
ILO/LIN_CHUN_YANG-1/before,207,3,19.752029418945312,L2,ref,area_vs_volume_dVds,-0.5679192810436308,A_ref=27.7 A_vol=64.1 mm2
ILO/LIN_CHUN_YANG-1/before,208,3,21.727231979370117,L2,ref,area_vs_volume_dVds,-0.5278165118192768,A_ref=36.2 A_vol=76.6 mm2
ILO/LIN_CHUN_YANG-1/before,209,3,23.702434539794922,L2,ref,area_vs_volume_dVds,-0.5806369017307522,A_ref=45.9 A_vol=109.4 mm2
ILO/LIN_CHUN_YANG-1/before,238,4,17.803199768066406,L2,ref,area_vs_volume_dVds,0.26022385992661357,A_ref=81.8 A_vol=64.9 mm2
ILO/LIU_BAO_JUN-0/before,148,2,49.16203689575195,L1,ref,nonstar_from_centerline,0.05823593908247423,reversed-edge area fraction
ILO/LIU_BAO_JUN-0/before,149,2,51.128517150878906,L1,ref,nonstar_from_centerline,0.03855462549622741,reversed-edge area fraction
ILO/LIU_BAO_JUN-0/before,148,2,49.16203689575195,L2,ref,area_vs_volume_dVds,0.35597149987333876,A_ref=266.1 A_vol=196.2 mm2
ILO/LIU_BAO_JUN-0/before,149,2,51.128517150878906,L2,ref,area_vs_volume_dVds,0.5320526854073071,A_ref=323.6 A_vol=211.2 mm2
ILO/LIU_BAO_JUN-0/before,148,2,49.16203689575195,L2,ref,adjacent_jump,1.748037576675415,A[147]=152.2 -> A[148]=266.1
ILO/LIU_BAO_JUN-0/before,180,3,39.66024398803711,L2,ref,adjacent_jump,1.5010002851486206,A[179]=115.2 -> A[180]=76.8
ILO/LIU_BAO_JUN-0/before,209,4,17.661169052124023,L2,ref,adjacent_jump,1.5229694843292236,A[208]=124.7 -> A[209]=81.9
ILO/LIU_LIAN_YOU-0/before,76,0,151.95030212402344,L1,ref,nonstar_from_centerline,0.004611136719380095,reversed-edge area fraction
ILO/LIU_LIAN_YOU-0/before,159,3,47.275230407714844,L1,ref,nonstar_from_centerline,0.00585990322894306,reversed-edge area fraction
ILO/LIU_LIAN_YOU-0/before,160,3,49.245033264160156,L1,ref,nonstar_from_centerline,0.03397535465056406,reversed-edge area fraction
ILO/LIU_LIAN_YOU-0/before,177,3,82.73165893554688,L1,ref,nonstar_from_centerline,0.0557281468798726,reversed-edge area fraction
ILO/LIU_LIAN_YOU-0/before,197,4,15.708160400390625,L1,ref,nonstar_from_centerline,0.003445471945210354,reversed-edge area fraction
ILO/LIU_LIAN_YOU-0/before,157,3,43.335628509521484,L2,ref,area_vs_volume_dVds,-0.2214560789463088,A_ref=78.5 A_vol=100.8 mm2
ILO/LIU_LIAN_YOU-0/before,159,3,47.275230407714844,L2,ref,area_vs_volume_dVds,0.4716795459897305,A_ref=65.4 A_vol=44.5 mm2
ILO/LIU_LIAN_YOU-0/before,160,3,49.245033264160156,L2,ref,area_vs_volume_dVds,1.6636174089792637,A_ref=71.9 A_vol=27.0 mm2
ILO/LIU_LIAN_YOU-0/before,161,3,51.21483612060547,L2,ref,area_vs_volume_dVds,-0.5501025575238226,A_ref=20.6 A_vol=45.8 mm2
ILO/LIU_LIAN_YOU-0/before,167,3,63.03364181518555,L2,ref,area_vs_volume_dVds,0.27526550092251734,A_ref=162.4 A_vol=127.3 mm2
ILO/LIU_LIAN_YOU-0/before,168,3,65.0034408569336,L2,ref,area_vs_volume_dVds,0.2434803458965753,A_ref=187.8 A_vol=151.0 mm2
ILO/LIU_LIAN_YOU-0/before,186,3,100.45986938476562,L2,ref,area_vs_volume_dVds,0.4479588858662973,A_ref=27.8 A_vol=19.2 mm2
ILO/LIU_LIAN_YOU-0/before,1,0,1.999346137046814,L2,pc,area_vs_volume_dVds,0.4161102209885761,A_pc=457.4 A_vol=323.0 mm2
ILO/LIU_LIAN_YOU-0/before,157,3,43.335628509521484,L2,pc,area_vs_volume_dVds,-0.23562787264337526,A_pc=77.1 A_vol=100.8 mm2
ILO/LIU_LIAN_YOU-0/before,167,3,63.03364181518555,L2,pc,area_vs_volume_dVds,0.24041787937100412,A_pc=158.0 A_vol=127.3 mm2
ILO/LIU_LIAN_YOU-0/before,168,3,65.0034408569336,L2,pc,area_vs_volume_dVds,0.23114360824556623,A_pc=185.9 A_vol=151.0 mm2
ILO/LIU_LIAN_YOU-0/before,186,3,100.45986938476562,L2,pc,area_vs_volume_dVds,0.5034933195956339,A_pc=28.9 A_vol=19.2 mm2
ILO/LIU_LIAN_YOU-0/before,157,3,43.335628509521484,L2,ref,A_over_piRmis2,5.157787799835205,A=78.5 Rmis=2.20
ILO/LIU_LIAN_YOU-0/before,158,3,45.3054313659668,L2,ref,A_over_piRmis2,6.186716079711914,A=76.0 Rmis=1.98
ILO/LIU_LIAN_YOU-0/before,159,3,47.275230407714844,L2,ref,A_over_piRmis2,5.191472053527832,A=65.4 Rmis=2.00
ILO/LIU_LIAN_YOU-0/before,160,3,49.245033264160156,L2,ref,A_over_piRmis2,5.839261054992676,A=71.9 Rmis=1.98
ILO/LIU_LIAN_YOU-0/before,174,3,76.82225036621094,L2,ref,A_over_piRmis2,3.234473466873169,A=209.8 Rmis=4.54
ILO/LIU_LIAN_YOU-0/before,175,3,78.79205322265625,L2,ref,A_over_piRmis2,4.636825084686279,A=161.4 Rmis=3.33
ILO/LIU_LIAN_YOU-0/before,176,3,80.76185607910156,L2,ref,A_over_piRmis2,6.550447463989258,A=112.1 Rmis=2.33
ILO/LIU_LIAN_YOU-0/before,177,3,82.73165893554688,L2,ref,A_over_piRmis2,4.997283935546875,A=51.5 Rmis=1.81
ILO/LIU_LIAN_YOU-0/before,156,3,41.36582946777344,L2,ref,adjacent_jump,2.0828490257263184,A[155]=23.5 -> A[156]=49.0
ILO/LIU_LIAN_YOU-0/before,157,3,43.335628509521484,L2,ref,adjacent_jump,1.6015334129333496,A[156]=49.0 -> A[157]=78.5
ILO/LIU_LIAN_YOU-0/before,161,3,51.21483612060547,L2,ref,adjacent_jump,3.4870035648345947,A[160]=71.9 -> A[161]=20.6
ILO/LIU_LIAN_YOU-0/before,166,3,61.0638427734375,L2,ref,adjacent_jump,1.9330495595932007,A[165]=44.6 -> A[166]=86.2
ILO/LIU_LIAN_YOU-0/before,167,3,63.03364181518555,L2,ref,adjacent_jump,1.8840208053588867,A[166]=86.2 -> A[167]=162.4
ILO/LIU_LIAN_YOU-0/before,177,3,82.73165893554688,L2,ref,adjacent_jump,2.177502393722534,A[176]=112.1 -> A[177]=51.5
ILO/LIU_LIAN_YOU-0/before,178,3,84.70145416259766,L2,ref,adjacent_jump,2.22994065284729,A[177]=51.5 -> A[178]=23.1
ILO/LIU_LIAN_YOU-0/before,179,3,86.67125701904297,L2,ref,adjacent_jump,1.7089557647705078,A[178]=23.1 -> A[179]=39.4
ILO/LIU_LIAN_YOU-0/before,182,3,92.5806655883789,L2,ref,adjacent_jump,1.5426316261291504,A[181]=30.3 -> A[182]=19.6
ILO/LIU_YUE_DONG-0/before,187,3,19.903127670288086,L2,ref,adjacent_jump,1.5063385963439941,A[186]=55.4 -> A[187]=36.8
ILO/LI_YOU_ZHI-0/before,185,3,33.433685302734375,L1,ref,nonstar_from_centerline,0.011493773213285437,reversed-edge area fraction
ILO/LI_YOU_ZHI-0/before,185,3,33.433685302734375,L2,ref,area_vs_volume_dVds,3.3929309350433927,A_ref=462.0 A_vol=105.2 mm2
ILO/LI_YOU_ZHI-0/before,186,3,35.40037155151367,L2,ref,area_vs_volume_dVds,1.4272604069872394,A_ref=343.6 A_vol=141.5 mm2
ILO/LI_YOU_ZHI-0/before,187,3,37.36705780029297,L2,ref,area_vs_volume_dVds,0.3529877665755532,A_ref=220.4 A_vol=162.9 mm2
ILO/LI_YOU_ZHI-0/before,187,3,37.36705780029297,L2,ref,adjacent_jump,1.5588806867599487,A[186]=343.6 -> A[187]=220.4
ILO/LI_YOU_ZHI-0/before,188,3,39.33374786376953,L2,ref,adjacent_jump,1.5689140558242798,A[187]=220.4 -> A[188]=140.5
ILO/LV_JIAN_HUA-0/before,65,0,129.41917419433594,L1,ref,nonstar_from_centerline,0.004113914847053643,reversed-edge area fraction
ILO/LV_JIAN_HUA-0/before,373,6,46.607215881347656,L1,ref,nonstar_from_centerline,0.0018150437262902787,reversed-edge area fraction
ILO/LV_JIAN_HUA-0/before,361,6,23.303607940673828,L2,ref,area_vs_volume_dVds,-0.20939979630854733,A_ref=51.4 A_vol=65.0 mm2
ILO/LV_JIAN_HUA-0/before,361,6,23.303607940673828,L2,pc,area_vs_volume_dVds,-0.20805862084632198,A_pc=51.5 A_vol=65.0 mm2
ILO/PAN_YIN_GEN-1/before,135,2,15.514894485473633,L1,ref,nonstar_from_centerline,0.14060599806525623,reversed-edge area fraction
ILO/PAN_YIN_GEN-1/before,114,1,13.335912704467773,L2,ref,area_vs_volume_dVds,0.2606262269284769,A_ref=650.2 A_vol=515.8 mm2
ILO/PAN_YIN_GEN-1/before,133,2,11.636170387268066,L2,ref,area_vs_volume_dVds,2.144294717929838,A_ref=1075.1 A_vol=341.9 mm2
ILO/PAN_YIN_GEN-1/before,134,2,13.575532913208008,L2,ref,area_vs_volume_dVds,0.7331595857519042,A_ref=746.6 A_vol=430.8 mm2
ILO/PAN_YIN_GEN-1/before,135,2,15.514894485473633,L2,ref,area_vs_volume_dVds,1.2454516887566625,A_ref=943.5 A_vol=420.2 mm2
ILO/PAN_YIN_GEN-1/before,135,2,15.514894485473633,L2,ref,A_over_piRmis2,3.241520404815674,A=943.5 Rmis=9.63
ILO/PAN_YIN_GEN-1/before,280,6,59.824501037597656,L2,ref,adjacent_jump,1.5528888702392578,A[279]=37.8 -> A[280]=24.3
ILO/SUN_DE_QI-1/before,121,1,47.44610595703125,L2,ref,area_vs_volume_dVds,0.26421486364817226,A_ref=176.7 A_vol=139.8 mm2
ILO/SUN_DE_QI-1/before,271,6,13.902242660522461,L2,ref,area_vs_volume_dVds,-0.2191214160519135,A_ref=27.2 A_vol=34.9 mm2
ILO/SUN_DE_QI-1/before,121,1,47.44610595703125,L2,pc,area_vs_volume_dVds,0.25778852967750465,A_pc=175.8 A_vol=139.8 mm2
ILO/SUN_XU_XIA-1/before,285,5,52.335269927978516,L2,ref,A_over_piRmis2,0.83339524269104,A=12.4 Rmis=2.18
ILO/SUN_XU_XIA-1/before,286,5,54.27361297607422,L2,ref,A_over_piRmis2,0.7583695650100708,A=11.3 Rmis=2.17
ILO/SUN_XU_XIA-1/before,287,5,56.21195602416992,L2,ref,A_over_piRmis2,0.7705693244934082,A=10.6 Rmis=2.09
ILO/SUN_XU_XIA-1/before,150,1,33.75099563598633,L2,ref,adjacent_jump,1.6631890535354614,A[149]=57.3 -> A[150]=34.5
ILO/SUN_XU_XIA-1/before,203,3,9.765706062316895,L2,ref,adjacent_jump,2.370929479598999,A[202]=32.9 -> A[203]=13.9
ILO/SUN_YU_SHENG-0/before,1,0,1.9891480207443237,L2,pc,area_vs_volume_dVds,0.2677292316499147,A_pc=543.1 A_vol=428.4 mm2
ILO/SUN_YU_SHENG-0/before,171,2,25.70842933654785,L2,pc,area_vs_volume_dVds,0.29724153911403417,A_pc=250.4 A_vol=193.0 mm2
ILO/WAGN_LI_JUN-1/before,115,1,49.3932991027832,L1,ref,nonstar_from_centerline,0.0016581187549020993,reversed-edge area fraction
ILO/WAGN_LI_JUN-1/before,115,1,49.3932991027832,L2,ref,area_vs_volume_dVds,1.1003728752099957,A_ref=484.6 A_vol=230.7 mm2
ILO/WAGN_LI_JUN-1/before,116,1,51.3690299987793,L2,ref,area_vs_volume_dVds,0.3577945566012144,A_ref=338.5 A_vol=249.3 mm2
ILO/WAGN_LI_JUN-1/before,223,4,13.674210548400879,L2,ref,adjacent_jump,1.5239284038543701,A[222]=64.7 -> A[223]=42.4
ILO/WAGN_LI_JUN-1/before,299,6,19.61989974975586,L2,ref,adjacent_jump,2.0514655113220215,A[298]=21.8 -> A[299]=44.8
ILO/WANG_JIN_MING-0/before,222,4,13.783489227294922,L1,ref,nonstar_from_centerline,0.001418148789492715,reversed-edge area fraction
ILO/WANG_JIN_MING-0/before,1,0,1.9953773021697998,L2,pc,area_vs_volume_dVds,0.5813606679245422,A_pc=314.6 A_vol=199.0 mm2
ILO/WANG_JIN_MING-0/before,198,3,23.661705017089844,L2,ref,adjacent_jump,1.7455432415008545,A[197]=20.4 -> A[198]=11.7
ILO/WANG_JIN_MING-0/before,222,4,13.783489227294922,L2,ref,adjacent_jump,2.0048370361328125,A[221]=7.5 -> A[222]=15.0
ILO/WANG_JIN_MING-0/before,223,4,15.752558708190918,L2,ref,adjacent_jump,2.7965996265411377,A[222]=15.0 -> A[223]=42.0
ILO/WANG_JIN_MING-0/before,253,5,17.738330841064453,L2,ref,adjacent_jump,1.7781635522842407,A[252]=32.5 -> A[253]=18.3
ILO/WANG_JIN_MING-0/before,257,5,25.622032165527344,L2,ref,adjacent_jump,1.6670479774475098,A[256]=13.5 -> A[257]=22.5
ILO/WANG_JIN_MING-0/before,258,5,27.592958450317383,L2,ref,adjacent_jump,1.5079677104949951,A[257]=22.5 -> A[258]=33.9
ILO/WANG_JIN_MING-0/before,290,6,19.649860382080078,L2,ref,adjacent_jump,1.862799882888794,A[289]=30.0 -> A[290]=16.1
ILO/WANG_JIN_MING-0/before,291,6,21.614845275878906,L2,ref,adjacent_jump,2.0346262454986572,A[290]=16.1 -> A[291]=32.7
ILO/WANG_SHU_SHENG-0/before,121,0,240.71017456054688,L1,ref,nonstar_from_centerline,0.0010953697756481444,reversed-edge area fraction
ILO/WANG_SHU_SHENG-0/before,126,0,250.65687561035156,L1,ref,nonstar_from_centerline,0.0010043221109197387,reversed-edge area fraction
ILO/WANG_SHU_SHENG-0/before,127,0,252.64620971679688,L1,ref,nonstar_from_centerline,0.04051281663795131,reversed-edge area fraction
ILO/WANG_SHU_SHENG-0/before,128,0,254.6355438232422,L1,ref,nonstar_from_centerline,0.05558450003166704,reversed-edge area fraction
ILO/WANG_SHU_SHENG-0/before,132,0,262.5929260253906,L1,ref,nonstar_from_centerline,0.005002285586263854,reversed-edge area fraction
ILO/WANG_SHU_SHENG-0/before,123,0,244.6888427734375,L2,ref,area_vs_volume_dVds,-0.21150024505676557,A_ref=861.2 A_vol=1092.1 mm2
ILO/WANG_SHU_SHENG-0/before,124,0,246.67819213867188,L2,ref,area_vs_volume_dVds,-0.3859854040764773,A_ref=873.8 A_vol=1423.2 mm2
ILO/WANG_SHU_SHENG-0/before,125,0,248.6675262451172,L2,ref,area_vs_volume_dVds,-0.20541542111201905,A_ref=812.6 A_vol=1022.7 mm2
ILO/WANG_SHU_SHENG-0/before,123,0,244.6888427734375,L2,pc,area_vs_volume_dVds,-0.21828676050391316,A_pc=853.7 A_vol=1092.1 mm2
ILO/WANG_SHU_SHENG-0/before,124,0,246.67819213867188,L2,pc,area_vs_volume_dVds,-0.38993871891106324,A_pc=868.2 A_vol=1423.2 mm2
ILO/WANG_SHU_SHENG-0/before,125,0,248.6675262451172,L2,pc,area_vs_volume_dVds,-0.21151972332488134,A_pc=806.4 A_vol=1022.7 mm2
ILO/WANG_SHU_SHENG-0/before,329,6,41.5692253112793,L2,ref,adjacent_jump,1.501899003982544,A[328]=18.1 -> A[329]=12.1
ILO/WANG_TIAN_QING-1/before,116,1,15.8112211227417,L1,ref,nonstar_from_centerline,0.0015675234299583327,reversed-edge area fraction
ILO/WANG_TIAN_QING-1/before,117,1,17.78762435913086,L1,ref,nonstar_from_centerline,0.013757674438124418,reversed-edge area fraction
ILO/WANG_TIAN_QING-1/before,118,1,19.764026641845703,L1,ref,nonstar_from_centerline,0.026779498570425206,reversed-edge area fraction
ILO/WANG_TIAN_QING-1/before,120,1,23.71683120727539,L1,ref,nonstar_from_centerline,0.008462468513770761,reversed-edge area fraction
ILO/WANG_TIAN_QING-1/before,121,1,25.693233489990234,L1,ref,nonstar_from_centerline,0.1357303343087446,reversed-edge area fraction
ILO/WANG_TIAN_QING-1/before,122,1,27.669635772705078,L1,ref,nonstar_from_centerline,0.16104850537105636,reversed-edge area fraction
ILO/WANG_TIAN_QING-1/before,218,4,7.961972236633301,L1,ref,nonstar_from_centerline,0.04273736975436379,reversed-edge area fraction
ILO/WANG_TIAN_QING-1/before,116,1,15.8112211227417,L2,ref,area_vs_volume_dVds,0.9634257942140203,A_ref=1202.1 A_vol=612.2 mm2
ILO/WANG_TIAN_QING-1/before,117,1,17.78762435913086,L2,ref,area_vs_volume_dVds,0.64678198901359,A_ref=1064.3 A_vol=646.3 mm2
ILO/WANG_TIAN_QING-1/before,118,1,19.764026641845703,L2,ref,area_vs_volume_dVds,0.5344333635815479,A_ref=955.2 A_vol=622.5 mm2
ILO/WANG_TIAN_QING-1/before,121,1,25.693233489990234,L2,ref,area_vs_volume_dVds,0.9650814568286474,A_ref=891.1 A_vol=453.5 mm2
ILO/WANG_TIAN_QING-1/before,122,1,27.669635772705078,L2,ref,area_vs_volume_dVds,1.6821715568345224,A_ref=1076.4 A_vol=401.3 mm2
ILO/WANG_TIAN_QING-1/before,218,4,7.961972236633301,L2,ref,area_vs_volume_dVds,1.4206764820810354,A_ref=226.3 A_vol=93.5 mm2
ILO/WANG_TIAN_QING-1/before,122,1,27.669635772705078,L2,ref,A_over_piRmis2,3.7896370887756348,A=1076.4 Rmis=9.51
ILO/WANG_TIAN_QING-1/before,121,1,25.693233489990234,L2,ref,adjacent_jump,1.6598972082138062,A[120]=536.9 -> A[121]=891.1
ILO/WANG_TIAN_QING-1/before,123,1,29.646039962768555,L2,ref,adjacent_jump,3.21484637260437,A[122]=1076.4 -> A[123]=334.8
ILO/WANG_TIAN_QING-1/before,219,4,9.952465057373047,L2,ref,adjacent_jump,2.459160089492798,A[218]=226.3 -> A[219]=92.0
ILO/WANG_TIAN_QING-1/before,300,6,11.779230117797852,L2,ref,adjacent_jump,2.8217968940734863,A[299]=76.0 -> A[300]=26.9
ILO/WANG_TIAN_QING-1/before,302,6,15.705639839172363,L2,ref,adjacent_jump,1.5131535530090332,A[301]=18.3 -> A[302]=27.6
ILO/WANG_TIAN_QING-1/before,303,6,17.66884422302246,L2,ref,adjacent_jump,1.9388651847839355,A[302]=27.6 -> A[303]=53.6
ILO/WANG_XIAO_LIN-0/before,101,0,201.7406463623047,L1,ref,nonstar_from_centerline,0.048027226169698074,reversed-edge area fraction
ILO/WANG_XIAO_LIN-0/before,186,2,17.977052688598633,L1,ref,nonstar_from_centerline,0.022722523159448317,reversed-edge area fraction
ILO/WANG_XIAO_LIN-0/before,266,4,11.869669914245605,L1,ref,nonstar_from_centerline,0.09728213670524558,reversed-edge area fraction
ILO/WANG_XIAO_LIN-0/before,104,0,207.73294067382812,L2,ref,area_vs_volume_dVds,0.2883666313258735,A_ref=1150.1 A_vol=892.7 mm2
ILO/WANG_XIAO_LIN-0/before,105,0,209.73037719726562,L2,ref,area_vs_volume_dVds,0.30712088161768114,A_ref=1211.6 A_vol=926.9 mm2
ILO/WANG_XIAO_LIN-0/before,106,0,211.72779846191406,L2,ref,area_vs_volume_dVds,0.22542467166143432,A_ref=1298.1 A_vol=1059.3 mm2
ILO/WANG_XIAO_LIN-0/before,186,2,17.977052688598633,L2,ref,area_vs_volume_dVds,0.8084243031881282,A_ref=174.8 A_vol=96.6 mm2
ILO/WANG_XIAO_LIN-0/before,193,2,31.959203720092773,L2,ref,area_vs_volume_dVds,-0.2970686596840286,A_ref=121.6 A_vol=173.0 mm2
ILO/WANG_XIAO_LIN-0/before,266,4,11.869669914245605,L2,ref,area_vs_volume_dVds,2.302229451635373,A_ref=139.3 A_vol=42.2 mm2
ILO/WANG_XIAO_LIN-0/before,104,0,207.73294067382812,L2,pc,area_vs_volume_dVds,0.28747287058913074,A_pc=1149.3 A_vol=892.7 mm2
ILO/WANG_XIAO_LIN-0/before,105,0,209.73037719726562,L2,pc,area_vs_volume_dVds,0.3053763602188557,A_pc=1210.0 A_vol=926.9 mm2
ILO/WANG_XIAO_LIN-0/before,106,0,211.72779846191406,L2,pc,area_vs_volume_dVds,0.22311561963799775,A_pc=1295.7 A_vol=1059.3 mm2
ILO/WANG_XIAO_LIN-0/before,195,2,35.954105377197266,L2,pc,area_vs_volume_dVds,0.3824323384899664,A_pc=143.3 A_vol=103.6 mm2
ILO/WANG_XIAO_LIN-0/before,266,4,11.869669914245605,L2,ref,A_over_piRmis2,3.7572553157806396,A=139.3 Rmis=3.44
ILO/WANG_XIAO_LIN-0/before,187,2,19.974502563476562,L2,ref,adjacent_jump,1.8498469591140747,A[186]=174.8 -> A[187]=94.5
ILO/WANG_XIAO_LIN-0/before,267,4,13.84794807434082,L2,ref,adjacent_jump,4.499752998352051,A[266]=139.3 -> A[267]=31.0
ILO/WANG_XIAO_LIN-0/before,271,4,21.76106071472168,L2,ref,adjacent_jump,1.660542607307434,A[270]=21.7 -> A[271]=36.0
ILO/WANG_XIAO_LIN-0/before,319,6,13.966900825500488,L2,ref,adjacent_jump,1.7456244230270386,A[318]=6.0 -> A[319]=3.5
ILO/WANG_XIAO_LIN-0/before,320,6,15.962172508239746,L2,ref,adjacent_jump,2.642284393310547,A[319]=3.5 -> A[320]=9.1
ILO/WENG_ZHAO_GUANG-0/before,127,0,252.86058044433594,L1,ref,nonstar_from_centerline,0.015714886734917784,reversed-edge area fraction
ILO/WENG_ZHAO_GUANG-0/before,157,1,25.90439224243164,L1,ref,nonstar_from_centerline,0.03213335872016904,reversed-edge area fraction
ILO/WENG_ZHAO_GUANG-0/before,217,2,31.314559936523438,L1,ref,nonstar_from_centerline,0.14411709934175335,reversed-edge area fraction
ILO/WENG_ZHAO_GUANG-0/before,218,2,33.27172088623047,L1,ref,nonstar_from_centerline,0.004993960505955222,reversed-edge area fraction
ILO/WENG_ZHAO_GUANG-0/before,157,1,25.90439224243164,L2,ref,area_vs_volume_dVds,2.4320214014658097,A_ref=659.2 A_vol=192.1 mm2
ILO/WENG_ZHAO_GUANG-0/before,216,2,29.35740089416504,L2,ref,area_vs_volume_dVds,-0.25319414560366493,A_ref=188.8 A_vol=252.8 mm2
ILO/WENG_ZHAO_GUANG-0/before,217,2,31.314559936523438,L2,ref,area_vs_volume_dVds,0.40815825097961467,A_ref=285.9 A_vol=203.0 mm2
ILO/WENG_ZHAO_GUANG-0/before,157,1,25.90439224243164,L2,ref,A_over_piRmis2,4.833751201629639,A=659.2 Rmis=6.59
ILO/WENG_ZHAO_GUANG-0/before,217,2,31.314559936523438,L2,ref,A_over_piRmis2,3.6871516704559326,A=285.9 Rmis=4.97
ILO/WENG_ZHAO_GUANG-0/before,217,2,31.314559936523438,L2,ref,adjacent_jump,1.5145310163497925,A[216]=188.8 -> A[217]=285.9
ILO/WU_JUN-0/before,121,0,240.5349884033203,L2,ref,area_vs_volume_dVds,-0.25010893645747057,A_ref=787.5 A_vol=1050.1 mm2
ILO/XIE_ZHI_FU-0/before,107,1,15.962870597839355,L1,ref,nonstar_from_centerline,0.004380805171986566,reversed-edge area fraction
ILO/XIE_ZHI_FU-0/before,255,6,11.642632484436035,L1,ref,nonstar_from_centerline,0.013952849525017179,reversed-edge area fraction
ILO/XIE_ZHI_FU-0/before,257,6,15.523509979248047,L1,ref,nonstar_from_centerline,0.0010542913113183203,reversed-edge area fraction
ILO/XIE_ZHI_FU-0/before,255,6,11.642632484436035,L2,ref,area_vs_volume_dVds,2.0259402101756283,A_ref=164.1 A_vol=54.2 mm2
ILO/XIE_ZHI_FU-0/before,255,6,11.642632484436035,L2,ref,A_over_piRmis2,3.9341719150543213,A=164.1 Rmis=3.64
ILO/XIE_ZHI_FU-0/before,256,6,13.583070755004883,L2,ref,adjacent_jump,3.303518772125244,A[255]=164.1 -> A[256]=49.7
ILO/YANG_WANG_QI-1/before,154,1,15.992582321166992,L1,ref,nonstar_from_centerline,0.03860411389422304,reversed-edge area fraction
ILO/YANG_WANG_QI-1/before,155,1,17.991655349731445,L1,ref,nonstar_from_centerline,0.054404968287758204,reversed-edge area fraction
ILO/YANG_WANG_QI-1/before,156,1,19.9907283782959,L1,ref,nonstar_from_centerline,0.019169278403253526,reversed-edge area fraction
ILO/YANG_WANG_QI-1/before,241,3,37.185420989990234,L1,ref,nonstar_from_centerline,0.0019776421122889745,reversed-edge area fraction
ILO/YANG_WANG_QI-1/before,154,1,15.992582321166992,L2,ref,area_vs_volume_dVds,1.072143405870599,A_ref=541.5 A_vol=261.3 mm2
ILO/YANG_WANG_QI-1/before,155,1,17.991655349731445,L2,ref,area_vs_volume_dVds,0.9831067261675459,A_ref=514.8 A_vol=259.6 mm2
ILO/YANG_WANG_QI-1/before,156,1,19.9907283782959,L2,ref,area_vs_volume_dVds,0.5839138122161085,A_ref=408.0 A_vol=257.6 mm2
ILO/YANG_WANG_QI-1/before,162,1,31.985164642333984,L2,ref,area_vs_volume_dVds,-0.22539345192971072,A_ref=246.3 A_vol=318.0 mm2
ILO/YANG_WANG_QI-1/before,163,1,33.98423767089844,L2,ref,area_vs_volume_dVds,-0.20068858617759966,A_ref=231.0 A_vol=289.0 mm2
ILO/YANG_WANG_QI-1/before,257,3,68.49945831298828,L2,ref,area_vs_volume_dVds,0.3195614528560782,A_ref=10.6 A_vol=8.0 mm2
ILO/YANG_WANG_QI-1/before,162,1,31.985164642333984,L2,pc,area_vs_volume_dVds,-0.22930394117961894,A_pc=245.1 A_vol=318.0 mm2
ILO/YANG_WANG_QI-1/before,163,1,33.98423767089844,L2,pc,area_vs_volume_dVds,-0.20110062588770095,A_pc=230.9 A_vol=289.0 mm2
ILO/YANG_WANG_QI-1/before,257,3,68.49945831298828,L2,pc,area_vs_volume_dVds,0.4405504701504337,A_pc=11.5 A_vol=8.0 mm2
ILO/YANG_WANG_QI-1/before,157,1,21.98980140686035,L2,ref,adjacent_jump,1.5109288692474365,A[156]=408.0 -> A[157]=270.0
ILO/YANG_WANG_QI-1/before,198,2,25.436552047729492,L2,ref,adjacent_jump,1.633816123008728,A[197]=227.4 -> A[198]=139.2
ILO/YANG_WANG_QI-1/before,248,3,50.88531494140625,L2,ref,adjacent_jump,1.5360510349273682,A[247]=23.8 -> A[248]=36.6
ILO/YANG_WANG_QI-1/before,254,3,62.62807846069336,L2,ref,adjacent_jump,1.6216485500335693,A[253]=42.9 -> A[254]=26.5
ILO/YANG_WANG_QI-1/before,255,3,64.585205078125,L2,ref,adjacent_jump,1.7011888027191162,A[254]=26.5 -> A[255]=15.6
ILO/YANG_WANG_QI-1/before,300,5,13.539351463317871,L2,ref,adjacent_jump,1.5994088649749756,A[299]=39.0 -> A[300]=24.4
ILO/YANG_WANG_QI-1/before,332,6,15.597259521484375,L2,ref,adjacent_jump,1.5984145402908325,A[331]=16.5 -> A[332]=10.3
ILO/YANG_WEN_TAI-0/before,105,0,209.34620666503906,L1,ref,nonstar_from_centerline,0.08657044963359646,reversed-edge area fraction
ILO/YANG_WEN_TAI-0/before,106,0,211.33998107910156,L1,ref,nonstar_from_centerline,0.05207367679921909,reversed-edge area fraction
ILO/YANG_WEN_TAI-0/before,213,2,23.901094436645508,L1,ref,nonstar_from_centerline,0.05976526987483036,reversed-edge area fraction
ILO/YANG_WEN_TAI-0/before,1,0,1.9937734603881836,L2,ref,area_vs_volume_dVds,0.4197506121328449,A_ref=648.1 A_vol=456.5 mm2
ILO/YANG_WEN_TAI-0/before,83,0,165.4832000732422,L2,ref,area_vs_volume_dVds,-0.3083485795446199,A_ref=389.9 A_vol=563.7 mm2
ILO/YANG_WEN_TAI-0/before,87,0,173.45828247070312,L2,ref,area_vs_volume_dVds,-0.3016871400577851,A_ref=424.3 A_vol=607.7 mm2
ILO/YANG_WEN_TAI-0/before,88,0,175.45205688476562,L2,ref,area_vs_volume_dVds,-0.47515410316353723,A_ref=417.4 A_vol=795.4 mm2
ILO/YANG_WEN_TAI-0/before,89,0,177.44583129882812,L2,ref,area_vs_volume_dVds,-0.4664927834936716,A_ref=407.9 A_vol=764.6 mm2
ILO/YANG_WEN_TAI-0/before,90,0,179.43960571289062,L2,ref,area_vs_volume_dVds,-0.5059760661481653,A_ref=392.8 A_vol=795.1 mm2
ILO/YANG_WEN_TAI-0/before,91,0,181.43338012695312,L2,ref,area_vs_volume_dVds,-0.6179426741168255,A_ref=380.3 A_vol=995.5 mm2
ILO/YANG_WEN_TAI-0/before,92,0,183.42715454101562,L2,ref,area_vs_volume_dVds,-0.4737505841971388,A_ref=381.1 A_vol=724.1 mm2
ILO/YANG_WEN_TAI-0/before,93,0,185.42092895507812,L2,ref,area_vs_volume_dVds,-0.2689054700597068,A_ref=385.9 A_vol=527.9 mm2
ILO/YANG_WEN_TAI-0/before,105,0,209.34620666503906,L2,ref,area_vs_volume_dVds,0.6794573381721118,A_ref=896.3 A_vol=533.7 mm2
ILO/YANG_WEN_TAI-0/before,106,0,211.33998107910156,L2,ref,area_vs_volume_dVds,0.39969060800089196,A_ref=834.5 A_vol=596.2 mm2
ILO/YANG_WEN_TAI-0/before,107,0,213.33375549316406,L2,ref,area_vs_volume_dVds,0.3940776229029166,A_ref=968.0 A_vol=694.3 mm2
ILO/YANG_WEN_TAI-0/before,108,0,215.32752990722656,L2,ref,area_vs_volume_dVds,0.3460931301036967,A_ref=1208.1 A_vol=897.5 mm2
ILO/YANG_WEN_TAI-0/before,109,0,217.32130432128906,L2,ref,area_vs_volume_dVds,0.31832970901345425,A_ref=1520.7 A_vol=1153.5 mm2
ILO/YANG_WEN_TAI-0/before,110,0,219.31507873535156,L2,ref,area_vs_volume_dVds,0.3156648760311713,A_ref=1878.6 A_vol=1427.9 mm2
ILO/YANG_WEN_TAI-0/before,111,0,221.30885314941406,L2,ref,area_vs_volume_dVds,0.3054916567637922,A_ref=2190.7 A_vol=1678.1 mm2
ILO/YANG_WEN_TAI-0/before,113,0,225.29640197753906,L2,ref,area_vs_volume_dVds,0.4122062602905332,A_ref=2893.8 A_vol=2049.1 mm2
ILO/YANG_WEN_TAI-0/before,114,0,227.29017639160156,L2,ref,area_vs_volume_dVds,0.30211175948372393,A_ref=3141.1 A_vol=2412.3 mm2
ILO/YANG_WEN_TAI-0/before,115,0,229.28395080566406,L2,ref,area_vs_volume_dVds,0.35352469593292546,A_ref=3293.0 A_vol=2432.9 mm2
ILO/YANG_WEN_TAI-0/before,116,0,231.27772521972656,L2,ref,area_vs_volume_dVds,0.22916727027437922,A_ref=3396.0 A_vol=2762.8 mm2
ILO/YANG_WEN_TAI-0/before,117,0,233.271484375,L2,ref,area_vs_volume_dVds,0.20273958769556244,A_ref=3552.1 A_vol=2953.3 mm2
ILO/YANG_WEN_TAI-0/before,118,0,235.2652587890625,L2,ref,area_vs_volume_dVds,0.21048721222729805,A_ref=3780.4 A_vol=3123.0 mm2
ILO/YANG_WEN_TAI-0/before,213,2,23.901094436645508,L2,ref,area_vs_volume_dVds,17.094654978863485,A_ref=3763.7 A_vol=208.0 mm2
ILO/YANG_WEN_TAI-0/before,1,0,1.9937734603881836,L2,pc,area_vs_volume_dVds,0.41711520049107786,A_pc=646.9 A_vol=456.5 mm2
ILO/YANG_WEN_TAI-0/before,109,0,217.32130432128906,L2,pc,area_vs_volume_dVds,0.29993889141164454,A_pc=1499.5 A_vol=1153.5 mm2
ILO/YANG_WEN_TAI-0/before,110,0,219.31507873535156,L2,pc,area_vs_volume_dVds,0.2997116480313844,A_pc=1855.9 A_vol=1427.9 mm2
ILO/YANG_WEN_TAI-0/before,111,0,221.30885314941406,L2,pc,area_vs_volume_dVds,0.29806127018837403,A_pc=2178.2 A_vol=1678.1 mm2
ILO/YANG_WEN_TAI-0/before,113,0,225.29640197753906,L2,pc,area_vs_volume_dVds,0.40527436284795426,A_pc=2879.6 A_vol=2049.1 mm2
ILO/YANG_WEN_TAI-0/before,114,0,227.29017639160156,L2,pc,area_vs_volume_dVds,0.29234059176216065,A_pc=3117.5 A_vol=2412.3 mm2
ILO/YANG_WEN_TAI-0/before,115,0,229.28395080566406,L2,pc,area_vs_volume_dVds,0.345894545315367,A_pc=3274.4 A_vol=2432.9 mm2
ILO/YANG_WEN_TAI-0/before,116,0,231.27772521972656,L2,pc,area_vs_volume_dVds,0.221340632795181,A_pc=3374.4 A_vol=2762.8 mm2
ILO/YANG_WEN_TAI-0/before,118,0,235.2652587890625,L2,pc,area_vs_volume_dVds,0.2035978856273124,A_pc=3758.8 A_vol=3123.0 mm2
ILO/YANG_WEN_TAI-0/before,235,3,13.726402282714844,L2,pc,area_vs_volume_dVds,0.2283120065337032,A_pc=46.9 A_vol=38.2 mm2
ILO/YANG_WEN_TAI-0/before,113,0,225.29640197753906,L2,ref,A_over_piRmis2,3.017922878265381,A=2893.8 Rmis=17.47
ILO/YANG_WEN_TAI-0/before,213,2,23.901094436645508,L2,ref,A_over_piRmis2,27.563289642333984,A=3763.7 Rmis=6.59
ILO/YANG_WEN_TAI-0/before,105,0,209.34620666503906,L2,ref,adjacent_jump,1.6779464483261108,A[104]=534.1 -> A[105]=896.3
ILO/YANG_WEN_TAI-0/before,214,2,25.892852783203125,L2,ref,adjacent_jump,24.100637435913086,A[213]=3763.7 -> A[214]=156.2
ILO/YANG_YU_QING-1/before,133,1,48.86164474487305,L1,ref,nonstar_from_centerline,0.001923737370865638,reversed-edge area fraction
ILO/YANG_YU_QING-1/before,134,1,50.81610870361328,L1,ref,nonstar_from_centerline,0.0048089079687471765,reversed-edge area fraction
ILO/YANG_YU_QING-1/before,172,3,13.62044620513916,L2,ref,adjacent_jump,1.6081666946411133,A[171]=21.5 -> A[172]=13.4
ILO/YANG_YU_QING-1/before,184,3,36.969783782958984,L2,ref,adjacent_jump,1.508172631263733,A[183]=8.9 -> A[184]=13.4
ILO/YANG_YU_QING-1/before,205,4,11.95452880859375,L2,ref,adjacent_jump,2.346339464187622,A[204]=49.2 -> A[205]=21.0
ILO/YANG_YU_QING-1/before,280,6,21.698633193969727,L2,ref,adjacent_jump,1.5375044345855713,A[279]=15.7 -> A[280]=10.2
ILO/YAO_GUO_CHEN-0/before,253,4,29.290573120117188,L2,ref,adjacent_jump,1.760685682296753,A[252]=15.8 -> A[253]=27.7
ILO/YU_XIANG_SHENG-1/before,97,0,192.55409240722656,L1,ref,nonstar_from_centerline,0.0051735301050198045,reversed-edge area fraction
ILO/YU_XIANG_SHENG-1/before,197,3,66.3984146118164,L2,ref,area_vs_volume_dVds,0.2049070915127078,A_ref=16.3 A_vol=13.6 mm2
ILO/YU_XIANG_SHENG-1/before,197,3,66.3984146118164,L2,pc,area_vs_volume_dVds,0.24821584688334397,A_pc=16.9 A_vol=13.6 mm2
ILO/ZHANG_HE_PING-0/before,71,0,141.4689178466797,L1,ref,nonstar_from_centerline,0.02406523395511591,reversed-edge area fraction
ILO/ZHANG_HE_PING-0/before,72,0,143.46144104003906,L1,ref,nonstar_from_centerline,0.008726952244820493,reversed-edge area fraction
ILO/ZHANG_HE_PING-0/before,278,6,7.8714141845703125,L2,ref,area_vs_volume_dVds,4.471329065106002,A_ref=332.2 A_vol=60.7 mm2
ILO/ZHANG_HE_PING-0/before,278,6,7.8714141845703125,L2,ref,A_over_piRmis2,7.123994827270508,A=332.2 Rmis=3.85
ILO/ZHANG_JIAN_JUN-1/before,128,0,254.69815063476562,L2,ref,area_vs_volume_dVds,0.2526916048035408,A_ref=1421.2 A_vol=1134.5 mm2
ILO/ZHANG_JIAN_JUN-1/before,128,0,254.69815063476562,L2,pc,area_vs_volume_dVds,0.2507968704746295,A_pc=1419.1 A_vol=1134.5 mm2
ILO/ZHANG_JIN_CHUN-1/before,113,1,19.802749633789062,L1,ref,nonstar_from_centerline,0.05495595398427875,reversed-edge area fraction
ILO/ZHANG_JIN_CHUN-1/before,301,6,5.81599235534668,L1,ref,nonstar_from_centerline,0.0021484880717332743,reversed-edge area fraction
ILO/ZHANG_JIN_CHUN-1/before,302,6,7.754656791687012,L1,ref,nonstar_from_centerline,0.0020359456472357385,reversed-edge area fraction
ILO/ZHANG_JIN_CHUN-1/before,303,6,9.693321228027344,L1,ref,nonstar_from_centerline,0.1301129885557751,reversed-edge area fraction
ILO/ZHANG_JIN_CHUN-1/before,305,6,13.570649147033691,L1,ref,nonstar_from_centerline,0.0019267296214505794,reversed-edge area fraction
ILO/ZHANG_JIN_CHUN-1/before,1,0,1.9852217435836792,L2,ref,area_vs_volume_dVds,0.2701809872694103,A_ref=521.2 A_vol=410.4 mm2
ILO/ZHANG_JIN_CHUN-1/before,113,1,19.802749633789062,L2,ref,area_vs_volume_dVds,1.928297388810448,A_ref=891.7 A_vol=304.5 mm2
ILO/ZHANG_JIN_CHUN-1/before,284,5,45.702903747558594,L2,ref,area_vs_volume_dVds,-0.38539898786690996,A_ref=33.8 A_vol=55.0 mm2
ILO/ZHANG_JIN_CHUN-1/before,285,5,47.68998718261719,L2,ref,area_vs_volume_dVds,-0.6201579563682609,A_ref=29.3 A_vol=77.1 mm2
ILO/ZHANG_JIN_CHUN-1/before,286,5,49.67707061767578,L2,ref,area_vs_volume_dVds,-0.6699278882733809,A_ref=26.2 A_vol=79.4 mm2
ILO/ZHANG_JIN_CHUN-1/before,287,5,51.664154052734375,L2,ref,area_vs_volume_dVds,-0.6607698457149038,A_ref=28.4 A_vol=83.6 mm2
ILO/ZHANG_JIN_CHUN-1/before,288,5,53.6512336730957,L2,ref,area_vs_volume_dVds,-0.27052588453387183,A_ref=35.1 A_vol=48.1 mm2
ILO/ZHANG_JIN_CHUN-1/before,301,6,5.81599235534668,L2,ref,area_vs_volume_dVds,1.2014936169835413,A_ref=251.4 A_vol=114.2 mm2
ILO/ZHANG_JIN_CHUN-1/before,302,6,7.754656791687012,L2,ref,area_vs_volume_dVds,1.2245802614812802,A_ref=135.6 A_vol=61.0 mm2
ILO/ZHANG_JIN_CHUN-1/before,303,6,9.693321228027344,L2,ref,area_vs_volume_dVds,2.705106059731986,A_ref=94.5 A_vol=25.5 mm2
ILO/ZHANG_JIN_CHUN-1/before,321,6,44.58927536010742,L2,ref,area_vs_volume_dVds,0.4608767213660816,A_ref=27.2 A_vol=18.6 mm2
ILO/ZHANG_JIN_CHUN-1/before,1,0,1.9852217435836792,L2,pc,area_vs_volume_dVds,0.2647495937420752,A_pc=519.0 A_vol=410.4 mm2
ILO/ZHANG_JIN_CHUN-1/before,228,3,63.6875,L2,pc,area_vs_volume_dVds,0.5118555515172925,A_pc=13.2 A_vol=8.7 mm2
ILO/ZHANG_JIN_CHUN-1/before,321,6,44.58927536010742,L2,pc,area_vs_volume_dVds,0.5611670692581912,A_pc=29.1 A_vol=18.6 mm2
ILO/ZHANG_JIN_CHUN-1/before,322,6,46.52793884277344,L2,pc,area_vs_volume_dVds,0.32600875312646016,A_pc=25.8 A_vol=19.4 mm2
ILO/ZHANG_JIN_CHUN-1/before,113,1,19.802749633789062,L2,ref,A_over_piRmis2,3.322883129119873,A=891.7 Rmis=9.24
ILO/ZHANG_JIN_CHUN-1/before,301,6,5.81599235534668,L2,ref,A_over_piRmis2,4.46794319152832,A=251.4 Rmis=4.23
ILO/ZHANG_JIN_CHUN-1/before,302,6,7.754656791687012,L2,ref,A_over_piRmis2,4.6500396728515625,A=135.6 Rmis=3.05
ILO/ZHANG_JIN_CHUN-1/before,303,6,9.693321228027344,L2,ref,A_over_piRmis2,6.002927780151367,A=94.5 Rmis=2.24
ILO/ZHANG_JIN_CHUN-1/before,211,3,29.853515625,L2,ref,adjacent_jump,1.5170533657073975,A[210]=51.6 -> A[211]=34.0
ILO/ZHANG_JIN_CHUN-1/before,218,3,43.78515625,L2,ref,adjacent_jump,1.7078551054000854,A[217]=34.5 -> A[218]=20.2
ILO/ZHANG_JIN_CHUN-1/before,302,6,7.754656791687012,L2,ref,adjacent_jump,1.8533525466918945,A[301]=251.4 -> A[302]=135.6
ILO/ZHANG_JIN_CHUN-1/before,304,6,11.63198471069336,L2,ref,adjacent_jump,7.991950035095215,A[303]=94.5 -> A[304]=11.8
ILO/ZHANG_JIN_CHUN-1/before,320,6,42.650611877441406,L2,ref,adjacent_jump,1.6126713752746582,A[319]=52.8 -> A[320]=32.7
ILO/ZHANG_YAN_SHAN-0/before,1,0,1.9815864562988281,L2,ref,area_vs_volume_dVds,0.34768449666014445,A_ref=351.9 A_vol=261.1 mm2
ILO/ZHANG_YAN_SHAN-0/before,1,0,1.9815864562988281,L2,pc,area_vs_volume_dVds,0.3419609589394852,A_pc=350.4 A_vol=261.1 mm2
ILO/ZHAO_CHANG_SHAN-0/before,86,0,170.73458862304688,L1,ref,nonstar_from_centerline,0.01728957356850694,reversed-edge area fraction
ILO/ZHAO_CHANG_SHAN-0/before,171,3,23.242294311523438,L1,ref,nonstar_from_centerline,0.001231563032200506,reversed-edge area fraction
ILO/ZHAO_CHANG_SHAN-0/before,188,3,56.16887664794922,L2,ref,area_vs_volume_dVds,0.22684604558685595,A_ref=24.7 A_vol=20.2 mm2
ILO/ZHAO_CHANG_SHAN-0/before,188,3,56.16887664794922,L2,pc,area_vs_volume_dVds,0.22905067901014742,A_pc=24.8 A_vol=20.2 mm2
ILO/ZHAO_CHANG_SHAN-0/before,147,2,28.906309127807617,L2,ref,adjacent_jump,1.7355555295944214,A[146]=30.9 -> A[147]=17.8
ILO/ZHAO_CHANG_SHAN-0/before,149,2,32.76048278808594,L2,ref,adjacent_jump,1.9438648223876953,A[148]=12.7 -> A[149]=24.6
ILO/ZHAO_CHANG_SHAN-0/before,150,2,34.68757247924805,L2,ref,adjacent_jump,2.483285427093506,A[149]=24.6 -> A[150]=61.2
ILO/ZHAO_CHANG_SHAN-0/before,261,6,9.734047889709473,L2,ref,adjacent_jump,1.6126900911331177,A[260]=32.2 -> A[261]=20.0
