canonical_id,key,cohort,n_sections,L1_ref_area_relerr_max,L1_ref_perim_relerr_max,L1_ref_centroid_mm_max,L1_ref_ecc_abs_max,L1_ref_planarity_mm_max,L1_ref_not_containing_center,L1_ref_self_intersecting,L1_ref_nonstar_from_center,L1_ref_req_identity_max,L1_ref_roundness_identity_max,L1_ref_valid_reason_mismatch,L1_pc_area_relerr_max,L1_pc_perim_relerr_max,L1_pc_centroid_mm_max,L1_pc_ecc_abs_max,L1_pc_planarity_mm_max,L1_pc_not_containing_center,L1_pc_self_intersecting,L1_pc_nonstar_from_center,L1_pc_req_identity_max,L1_pc_roundness_identity_max,L1_pc_valid_reason_mismatch,L1_wallmap_area_relerr_p99,L1_wallmap_valid_but_uninterpolable,L2_wall_segment_agree_v5,L2_wall_s_absdiff_p95_mm,L2_wall_segment_disagree_count,L2_ref_vs_volume_median_relerr,L2_ref_vs_volume_p90_absrelerr,L2_ref_vs_volume_n_over20pct,L2_ref_vs_volume_n_compared,L2_pc_vs_volume_median_relerr,L2_pc_vs_volume_p90_absrelerr,L2_pc_vs_volume_n_over20pct,L2_pc_vs_volume_n_compared,L2_ref_A_over_piRmis2_min,L2_ref_A_over_piRmis2_max,L2_ref_A_over_piRmis2_median,L2_ref_adjacent_jump_count,L2_pc_vs_ref_p90_absrelerr,L2_pc_vs_ref_n_over20pct,openings_count,openings_valid,L1_opening_vs_fluent_area_relerr_max,L1_opening_vs_fluent_centre_gap_mm_max,L1_inlet_ref_vs_fluent_relerr,L1_inlet_pc_vs_fluent_relerr,ref_valid_frac,pc_valid_frac,wall_valid_frac,wall_ambiguous_frac,topology_valid,aortoiliac_pattern,n_segments,n_warnings,trunk_length_mm,trunk_tortuosity,trunk_daughter_angle_deg,cia_left_length_mm,cia_left_tortuosity,cia_left_parent_angle_deg,cia_left_daughter_angle_deg,cia_right_length_mm,cia_right_tortuosity,cia_right_parent_angle_deg,cia_right_daughter_angle_deg,inlet_area_mm2,fluent_inlet_area_mm2,fluent_out-le_area_mm2,fluent_out-li_area_mm2,fluent_out-re_area_mm2,fluent_out-ri_area_mm2,outlet_area_sum_over_inlet,J_seg0_status,J_seg0_s_mm,J_seg1_status,J_seg1_s_mm,J_seg2_status,J_seg2_s_mm,bif_undetermined,stability_variants_compared,stability_variants_over20pct
AAA/ruputer/DING_JUN_FENG,AAA__ruputer__DING_JUN_FENG,AAA,277,5.801220814838359e-08,5.5571832247025554e-08,5.03273898725361e-05,1.0468977815009106e-05,2.8976771348240687e-05,0,0,2,1.9073486328125e-06,1.7881393432617188e-07,0,5.8970992533602384e-08,5.666159852424357e-08,4.77496500866663e-05,1.0432534177567954e-05,2.8976753914889548e-05,0,0,0,1.9073486328125e-06,1.7881393432617188e-07,0,1.2506994613103995e-06,0,1.0,0.2361307144165039,0,0.001854482626285403,0.07584220315193174,6,203,0.001336428687696678,0.07710165477852887,5,199,0.928784191608429,3.77630352973938,1.1931986808776855,6,0.007991313934326172,0,5,5,4.320099833421409e-12,1.50153012034949e-06,5.551115123125783e-16,0.002494208840386203,0.7328519855595668,0.7184115523465704,0.7630866345067517,0.136237289959292,True,True,7,0,175.0502370479069,1.1154270930597077,12.929289938623636,72.6340541497138,1.0944936911002128,7.342681548259659,16.547934031211128,72.99012571118658,1.1597275266352507,20.20972960368282,43.320664469554096,390.38267507217313,390.38267507217336,27.55600476979994,11.518475253735444,29.355310561671473,21.24200176472241,0.22970228464506237,candidate,41.25,candidate,13.5,candidate,9.5,0,188,7
AAA/ruputer/FENG_LI_XIN,AAA__ruputer__FENG_LI_XIN,AAA,386,5.617270393276641e-08,5.231497279822861e-08,0.00010304793479551718,1.191694629208706e-05,6.0420215156767254e-05,0,0,9,3.814697265625e-06,2.384185791015625e-07,0,5.5960270417543256e-08,4.991087720895848e-08,0.00010818168701311296,1.1869459151152284e-05,6.0419808244042703e-05,0,0,0,3.814697265625e-06,1.7881393432617188e-07,0,1.6579069042066408e-06,0,1.0,0.2366476058959961,0,0.006735575560025131,0.2883709719288713,34,239,0.009188647168402397,0.12027891698704238,10,208,1.0463542938232422,24.65117835998535,1.2028834819793701,6,0.010453271865844726,1,5,5,1.348641531784267e-09,1.9800240090053816e-05,3.489404321044276e-10,0.0067249603597994145,0.6191709844559585,0.538860103626943,0.6433653668453151,0.2554056551469229,True,True,7,0,230.1648920422302,1.2180944747426503,4.460917967357555,79.09706979931374,1.0122267661883335,5.291371780296618,0.8944794619017915,94.49364714031466,1.0296519212106927,1.0545069021764115,17.589562210420294,461.7360727030743,461.7360728641927,44.64931918412226,48.2704506967116,47.361709728176685,40.445844649477884,0.39140828468830624,no_persistent_two_contour_transition,,candidate,52.75,candidate,15.75,1,128,1
AAA/ruputer/GAO_FENG_SHAN,AAA__ruputer__GAO_FENG_SHAN,AAA,304,5.521290713517146e-08,5.5414066668646456e-08,2.5087549173254952e-05,3.4365374093868473e-06,1.3713155734981217e-05,0,0,11,1.9073486328125e-06,1.7881393432617188e-07,0,5.23756973347389e-08,5.5342135540925597e-08,2.686330956949116e-05,3.203293115858208e-06,1.371322120640482e-05,0,0,0,1.9073486328125e-06,1.7881393432617188e-07,0,1.3187348732435247e-06,0,1.0,0.23597126007080077,0,0.0010623460247497496,0.40245276997592266,33,204,-0.001224806547198587,0.12455877030471108,7,135,1.0614452362060547,6.542867660522461,1.2205791473388672,3,0.008289861679077153,2,5,5,1.7508217098338719e-13,5.096500310429507e-07,2.220446049250313e-15,0.0012090859327062997,0.6710526315789473,0.4440789473684211,0.699699450720282,0.20339931599129443,True,True,7,1,200.24924117202573,1.2089365857420176,11.3974987149211,55.420407470696595,1.0397399461409886,4.434910834706184,4.835564057615577,40.530672897107976,1.1375113538634452,14.422306929626796,9.989960359544453,629.3975818461341,629.3975818461355,37.3646951936052,61.303426617855266,49.742955839108966,88.90578034427043,0.37705397167041405,no_persistent_two_contour_transition,,candidate,24.5,candidate,44.25,1,142,7
AAA/ruputer/GUO_AI_JUN,AAA__ruputer__GUO_AI_JUN,AAA,284,5.552254611629337e-08,5.364816835218278e-08,4.1216756613750005e-05,8.088896646038513e-06,2.283436961322191e-05,0,0,0,1.9073486328125e-06,1.7881393432617188e-07,0,5.673966474439851e-08,5.885320020215801e-08,4.6968343843547095e-05,8.395586572066543e-06,2.2834499308637854e-05,0,0,0,1.9073486328125e-06,2.384185791015625e-07,0,3.186247323672115e-07,0,1.0,0.23641853332519533,0,0.005623100377718182,0.04857643392271557,0,210,0.013825851739717065,0.04950130206561367,0,204,1.0012274980545044,2.3219759464263916,1.1543996334075928,2,0.023792552947998046,0,5,5,9.044862636642392e-10,1.763303967798643e-05,3.213548316338688e-10,0.006268152781210401,0.7394366197183099,0.7183098591549296,0.7717737268518519,0.1247829861111111,True,True,7,0,212.55783445358426,1.109790702084387,6.144417467796871,58.04476507371837,1.0831851180665295,8.513069482899574,2.751407247788818,53.735976486241455,1.0636712509216926,4.501351131265748,1.5002712261748257,617.0301373998024,617.030137598088,43.59298772564754,16.10910801835962,33.99060680695767,13.71634687760467,0.17407423541203432,candidate,29.25,candidate,23.75,candidate,15.75,0,174,3
AAA/ruputer/HUO_SHI_LIANG,AAA__ruputer__HUO_SHI_LIANG,AAA,255,5.604826869287649e-08,5.538629266332862e-08,2.279963941371168e-05,3.365487136641754e-06,1.4517193979925483e-05,0,0,3,1.9073486328125e-06,2.384185791015625e-07,0,5.884655540633332e-08,5.674887426643238e-08,2.6764805679466586e-05,3.3755661733858577e-06,1.451727534689901e-05,0,0,0,1.9073486328125e-06,2.384185791015625e-07,0,4.100025450259892e-07,0,1.0,0.23573226928710939,0,0.004568162439493539,0.05672329698080794,2,194,0.0029027011070967834,0.045820912345199374,0,194,1.019469976425171,4.66643762588501,1.1672558784484863,1,0.005597054958343506,0,5,5,7.151612635425408e-12,3.0308628469581922e-06,1.5654144647214707e-13,0.0010885724810419939,0.7607843137254902,0.7607843137254902,0.801482274334274,0.10529986052998605,True,True,7,0,184.3975550629149,1.0666055409641955,29.315794181908842,29.624818845534627,1.0609907389640794,5.604476810009448,4.4844140957690195,50.89320428242954,1.071551041625698,24.923654617609113,15.828413865225121,350.74784051885524,350.74784051891015,42.73480759736878,22.342392036920977,43.198969095851155,35.21851653148311,0.40911067349504515,candidate,23.5,candidate,19.75,candidate,12.25,0,181,4
AAA/ruputer/KANG_YONG,AAA__ruputer__KANG_YONG,AAA,308,5.2612323386824755e-08,5.396075142272139e-08,1.2590568835592453e-05,7.062820867060476e-07,8.84442399558455e-06,0,0,0,1.9073486328125e-06,1.7881393432617188e-07,0,5.192173901935604e-08,5.475234243768057e-08,1.2017222504615991e-05,7.096418557558243e-07,8.844578125231654e-06,0,0,0,1.9073486328125e-06,2.384185791015625e-07,0,2.7334335499507194e-07,0,1.0,0.2365932464599609,0,0.004095041178143521,0.0352529632310544,0,217,0.006736255622264098,0.03717898501738626,0,221,1.0237525701522827,1.5666190385818481,1.141714096069336,0,0.011706995964050296,0,5,5,3.2555635964826024e-10,1.209908417048056e-05,1.1708389813236408e-10,0.0023501075976650743,0.7045454545454546,0.7175324675324676,0.7594236381322957,0.12579036964980544,True,True,7,0,212.5245693679379,1.1010568627813588,13.254103932715637,59.219094054054345,1.147505413808475,6.7977462598431755,17.07961715758469,34.95969987273181,1.0118183479978353,15.840278058717116,4.363156505768552,506.04575739510017,506.04575745435,70.46104835952367,55.851935651972866,75.25102527855057,57.78648776162664,0.5125040438167681,no_persistent_two_contour_transition,,candidate,22.75,candidate,31.0,1,165,0
AAA/ruputer/LIN_LIANG_XIAO,AAA__ruputer__LIN_LIANG_XIAO,AAA,269,5.520416457294175e-08,5.561005333998281e-08,2.497611626219149e-05,4.5141715356994405e-06,1.4210228974479517e-05,0,0,0,9.5367431640625e-07,2.384185791015625e-07,0,5.463817120965331e-08,5.823523618886384e-08,2.447740126727293e-05,4.51283357422172e-06,1.4210127869286741e-05,0,0,0,9.5367431640625e-07,1.7881393432617188e-07,0,3.053298998079157e-07,0,1.0,0.2363243103027343,0,0.009415899830388597,0.08713548022400161,2,197,0.007483648197397663,0.080795501503485,2,192,1.011225700378418,1.8146936893463135,1.298228144645691,0,0.0060677647590637205,0,5,5,1.5918377727075494e-12,1.7260333900425489e-06,9.769962616701378e-15,0.0034286049714568057,0.7323420074349443,0.7137546468401487,0.7607700024716847,0.1035781270445921,True,True,7,0,176.14365105244258,1.0467760541847537,10.110056642947116,54.368354057164204,1.0630562871789269,8.472852248341253,21.923466383214326,46.99687585164289,1.1119521159379782,11.044956212882619,10.032153427561765,513.2973953606862,513.2973953606912,34.80926912723967,45.7067553942703,55.5111032878813,21.499350715863997,0.3068912485218483,candidate,28.25,candidate,14.5,candidate,20.75,0,174,0
AAA/ruputer/LIU_JI_XIN,AAA__ruputer__LIU_JI_XIN,AAA,263,5.1401987333221655e-08,5.338066788596052e-08,2.7299012832093428e-05,2.9762135502521547e-06,1.4741610306726102e-05,0,0,0,1.9073486328125e-06,2.384185791015625e-07,0,5.5214750327436946e-08,5.091376453769669e-08,2.7592372784718777e-05,2.982191914458615e-06,1.4741363988944085e-05,0,0,0,1.9073486328125e-06,1.7881393432617188e-07,0,5.276934110010095e-07,0,1.0,0.23638916015625,0,0.0033749485394849454,0.09533920950996361,12,208,0.004049794985290345,0.07581601796890806,6,202,1.0076137781143188,2.6003410816192627,1.1417019367218018,1,0.007230818271636963,0,5,5,1.1685097334179773e-12,1.224391221210396e-06,1.6897594434794883e-13,0.0013626196929970025,0.7908745247148289,0.7680608365019012,0.7994511407662506,0.11750251112067729,True,True,7,0,199.69836611746456,1.0886456007710263,20.366316716291433,52.952646052671085,1.1222779297199084,8.550274180597711,16.253427866119374,36.20837478417419,1.0707804136989918,14.06496711282387,15.422012415316543,389.2999561395603,389.2999561396261,26.612868279782155,30.821111615957797,30.645265156527312,37.853601328315996,0.32348538548361994,candidate,20.75,candidate,13.25,candidate,13.0,0,178,4
AAA/ruputer/LIU_YONG_LAN,AAA__ruputer__LIU_YONG_LAN,AAA,304,5.544299996884661e-08,5.615015730153772e-08,2.4770791199065186e-05,3.0546112280843696e-06,1.4991589951452437e-05,0,0,2,3.814697265625e-06,2.384185791015625e-07,0,5.589221818702583e-08,5.549437265273127e-08,2.5982956335449884e-05,3.017802557889193e-06,1.4989776879147286e-05,0,0,0,3.814697265625e-06,2.384185791015625e-07,0,3.970540538522743e-07,0,1.0,0.236297607421875,0,0.005558028564737416,0.08487248860452717,11,234,0.0028525634006728584,0.08426776153980037,8,235,1.0556654930114746,4.268207550048828,1.2568509578704834,1,0.005529797077178955,0,5,5,1.4348433369670843e-05,0.0009084840067196253,2.220446049250313e-16,0.00037794457411965965,0.7697368421052632,0.7730263157894737,0.7687396935301889,0.1623769250797998,True,True,7,1,193.27949922116449,1.1377430052301467,11.046009595127357,89.38709204525307,1.3067202683175076,10.350725164266219,14.2692451531839,72.0685875266291,1.0904228053721667,18.249307626005898,11.064816429619494,375.8700546088576,375.8700546088575,47.119126291484804,28.381033081556165,49.657544999581305,28.432648467621746,0.408626201946508,candidate,31.25,candidate,17.25,candidate,18.0,0,190,0
AAA/ruputer/LI_BING_JIANG,AAA__ruputer__LI_BING_JIANG,AAA,298,5.091822230518517e-08,5.549473336419197e-08,2.629971821326309e-05,5.277410247597758e-06,1.4529931513080609e-05,0,0,1,1.9073486328125e-06,2.384185791015625e-07,0,5.312261053269651e-08,5.7482494320026944e-08,2.518937263537704e-05,5.260299390977274e-06,1.4528806806335462e-05,0,0,0,1.9073486328125e-06,1.7881393432617188e-07,0,3.4502699435723346e-07,0,1.0,0.23688125610351562,0,0.005614265489614079,0.06778061010092284,4,181,0.0032632947860959938,0.0693308604737767,5,187,1.0257772207260132,1.921655535697937,1.1611775159835815,1,0.0055955290794372555,0,5,5,3.100852907778062e-13,8.586259900041248e-07,1.4654943925052066e-14,0.009188143806444393,0.6073825503355704,0.62751677852349,0.6616976436829509,0.19360139069141652,True,True,7,1,184.55071464568385,1.1275000962664896,6.555969957002637,54.19918084401402,1.0574878346758265,6.0380521268424285,18.00504664336531,43.16485483597638,1.067024396810464,11.958132262533377,5.165062238834697,652.5152171765918,652.5152171766014,26.23127237769372,38.21946292631609,53.812290610842254,78.08044098498048,0.300902510365046,no_persistent_two_contour_transition,,candidate,23.25,candidate,31.25,1,152,1
AAA/ruputer/LI_LAO_PING,AAA__ruputer__LI_LAO_PING,AAA,295,5.440740868944971e-08,5.560647209357228e-08,2.6684431325021168e-05,3.122280848560921e-06,1.439442580623848e-05,0,0,7,1.9073486328125e-06,2.384185791015625e-07,0,5.4528526804986654e-08,5.036267580749154e-08,2.430414750728627e-05,3.0699711218995507e-06,1.4394461721922445e-05,0,0,0,1.9073486328125e-06,1.7881393432617188e-07,0,2.8330721099378865e-06,0,1.0,0.23550188541412354,0,0.004807425854416181,0.09155784309566226,16,239,0.0024467903286462533,0.07454452064917758,11,207,1.0242277383804321,6.524570465087891,1.1400384902954102,3,0.00563042163848877,0,5,5,1.6286971771251046e-13,8.016369923167984e-07,1.0191847366058937e-13,0.002941307004616922,0.8101694915254237,0.7016949152542373,0.8483196985236244,0.05107687170558351,True,True,7,0,240.65522008449028,1.3371711946917584,7.51908442342625,65.92736883115526,1.1013419703422525,15.488051809178774,35.54484278604105,55.24227104486552,1.093393390504972,8.183570002699279,9.918105789127901,303.31566254915606,303.315662549187,27.067521712012233,42.57255920531931,35.69460490388683,41.917284532605414,0.48547433758039044,candidate,18.5,candidate,10.5,candidate,13.25,0,190,0
AAA/ruputer/LI_ZHEN_HUA,AAA__ruputer__LI_ZHEN_HUA,AAA,330,5.356847587734137e-08,5.5540588017599646e-08,1.5009400875254253e-05,3.4708370078365136e-06,9.266890105532052e-06,0,0,0,9.5367431640625e-07,1.7881393432617188e-07,0,5.769684630063665e-08,5.419515480831194e-08,1.3548110507938088e-05,3.0604537944387e-06,9.266896768738702e-06,0,0,0,1.9073486328125e-06,1.7881393432617188e-07,0,4.211209671067805e-07,0,1.0,0.23691768646240235,0,0.0021476777823341564,0.03864418966942892,1,225,0.010438197267630844,0.04976347787275173,0,227,1.0138351917266846,1.6737538576126099,1.1346726417541504,2,0.026032257080078124,0,5,5,4.534331798922153e-10,1.4215816129431158e-05,1.1535505883841779e-10,0.007805133725482305,0.6818181818181818,0.6878787878787879,0.7495039288832447,0.13135963171680293,True,True,7,0,160.28279057388772,1.072059068961007,3.300537442523257,120.39117128917604,1.1204225640500707,6.752679416790215,19.33256558052917,123.25546684834737,1.040554168405101,5.972306652948256,33.53537734986793,473.822341253987,473.8223413086448,24.775299605422333,21.35903423310083,24.949685695208462,21.621086116982266,0.195653724125107,candidate,79.5,candidate,14.25,candidate,15.25,0,191,4
AAA/ruputer/MA_XIAO_DONG,AAA__ruputer__MA_XIAO_DONG,AAA,253,5.2023679364410214e-08,5.9274947838972025e-08,5.324571744171835e-05,9.000433346714742e-06,2.9996007862193222e-05,0,0,0,9.5367431640625e-07,1.7881393432617188e-07,0,5.2635712011195324e-08,5.776806610846563e-08,5.786917312446503e-05,8.950682864342085e-06,2.9999531375222024e-05,0,0,0,9.5367431640625e-07,1.7881393432617188e-07,0,2.525734655378646e-07,0,1.0,0.23607635498046875,0,0.006514937125423836,0.04307041823614388,0,191,0.004889013552049182,0.04111900249670783,0,195,0.9556540250778198,1.5088081359863281,1.2097281217575073,0,0.005139172077178955,0,5,5,1.938560423297986e-12,1.2660305439824582e-06,4.440892098500626e-16,0.00029812339758406026,0.7549407114624506,0.7707509881422925,0.7246046902452067,0.14761286379955696,True,True,7,0,144.68548834957892,1.0220644842253692,8.1567115512011,73.37301346671637,1.074423427310542,1.832873673692331,23.135404008765786,67.25131306113012,1.0183828742665908,9.989211307039652,35.60950025803047,306.3776991463396,306.37769914633947,45.579189425503664,24.073864632942335,37.807897421294214,21.854647953035442,0.42207902139446785,candidate,28.75,candidate,12.75,candidate,12.75,0,195,0
AAA/ruputer/MENG_GUANG_QIN,AAA__ruputer__MENG_GUANG_QIN,AAA,307,5.5511542917940915e-08,5.159924321151976e-08,1.5409444189659265e-05,2.6354227850369782e-06,8.250726173541335e-06,0,0,4,3.814697265625e-06,1.7881393432617188e-07,0,5.221053056558844e-08,5.69668064942519e-08,1.3715400360144675e-05,2.7024056190351475e-06,8.250716858984077e-06,0,0,0,3.814697265625e-06,1.7881393432617188e-07,0,3.777866820642301e-07,0,1.0,0.23686218261718747,0,0.006562810668686803,0.13043112534971146,12,216,0.012338068176914518,0.11198257932412847,7,201,0.9980930685997009,2.8591294288635254,1.151472568511963,2,0.027737951278686505,0,5,5,3.6288905214121314e-10,2.1011989880193126e-05,1.5814616283194027e-10,0.005343075687726628,0.7035830618892508,0.6547231270358306,0.70895573759207,0.18930267777242377,True,True,7,0,207.59726288273652,1.1299107647544384,4.781455372934143,82.9411633615431,1.4246062506025485,2.8812262235839885,22.539107098783145,69.11548280189851,1.0726052646864386,3.272791574195667,5.03653060886036,459.9939628301228,459.9939629028691,93.62576983472292,27.65126929880759,26.74066968252734,36.120180390723206,0.40030501279788105,candidate,56.25,candidate,14.25,candidate,17.75,0,171,3
AAA/ruputer/TONG_XUE_LIAN,AAA__ruputer__TONG_XUE_LIAN,AAA,309,5.6116026048158574e-08,5.605268871278213e-08,5.449151882094651e-05,6.528577462930341e-06,2.9962027170790725e-05,0,0,1,1.9073486328125e-06,1.7881393432617188e-07,0,5.4570319596436434e-08,5.4615773792399125e-08,5.180625260840211e-05,6.528344113417017e-06,2.9962022229321898e-05,0,0,0,1.9073486328125e-06,1.7881393432617188e-07,0,2.9732788520697714e-07,0,1.0,0.23651123046875,0,0.0050418068930384585,0.08467988845334601,4,236,0.0015760710362027197,0.0806052791185142,2,229,1.06278657913208,2.2559404373168945,1.2094006538391113,2,0.00604599118232727,0,5,5,1.1556311463323254e-12,9.992391333172438e-07,1.1102230246251565e-16,0.00592771969172512,0.7637540453074434,0.7411003236245954,0.7850035369016741,0.1605281773166706,True,True,7,0,147.73645745916093,1.0739449884284762,7.706495768706198,109.69051772265601,1.3285293162636584,7.295520108128544,9.68820020877464,106.19525880989718,1.3398861087850122,3.488013241850302,21.02735556655779,376.78572546556745,376.7857254655675,52.24755346275796,54.585330924450304,57.854167026921786,31.405614593380935,0.5204354962365231,candidate,44.75,candidate,18.25,candidate,18.25,0,180,5
AAA/ruputer/WANG_AN,AAA__ruputer__WANG_AN,AAA,313,5.573970263128558e-08,5.430239924386626e-08,5.344239936891587e-05,8.68199353396687e-06,3.0164732180443768e-05,0,0,1,3.814697265625e-06,1.7881393432617188e-07,0,5.448809137220678e-08,5.6117059887839105e-08,4.5453167833590714e-05,9.027247346443668e-06,3.0164914269629738e-05,0,0,0,3.814697265625e-06,2.384185791015625e-07,0,7.793462475591534e-07,0,1.0,0.2365875244140625,0,0.0011996839118839642,0.1700892285753801,19,221,0.00888620826507125,0.0916166914432517,11,180,1.0014145374298096,3.607351303100586,1.1089006662368774,5,0.037528544664382914,0,5,5,3.5263658659800967e-10,1.3298986409010134e-05,1.6331880292597134e-10,0.0027636493445544197,0.7060702875399361,0.5750798722044729,0.6911477064799041,0.23149725534734053,True,True,7,0,206.76310647536363,1.1328066679846216,7.585186706822114,91.00952304751425,1.1106322653235028,10.678694392119713,11.531779320693706,81.42948403823904,1.2065040816006773,11.022388184092746,15.677776630186223,500.6859910277576,500.685991109529,22.680311271063715,31.01418448442244,20.29413740014701,47.19705449122039,0.2420393016754951,candidate,60.25,candidate,13.5,candidate,15.0,0,135,10
AAA/ruputer/WANG_FU_SHUN,AAA__ruputer__WANG_FU_SHUN,AAA,296,5.739922581682322e-08,5.312386242017908e-08,4.955836930947473e-05,9.058255198174381e-06,2.8517678430194694e-05,0,0,8,1.9073486328125e-06,1.7881393432617188e-07,0,5.581718554026338e-08,5.4149041694984135e-08,5.1617596768793945e-05,9.001814755243975e-06,2.8517008060627545e-05,0,0,0,1.9073486328125e-06,1.7881393432617188e-07,0,6.899878766564171e-07,0,1.0,0.2368084907531738,0,0.007883944692318456,0.13379464445247755,12,228,0.004770796922040299,0.069248599297704,3,193,1.0526721477508545,8.840258598327637,1.3116533756256104,9,0.007112705707550049,0,5,5,1.3890000261085333e-12,1.420541293070927e-06,5.4289905904170155e-14,0.0026063778217118028,0.7702702702702703,0.652027027027027,0.8039900929832294,0.11399366118842222,True,True,7,0,193.31775100996916,1.2407951469945255,14.354366195928481,78.72603700580274,1.0787391160991853,1.9968370684652985,13.225076791279571,52.83828604355876,1.0748870500530323,16.28082662355818,21.707238636748418,267.88558426257225,267.8855842625868,52.30161815143542,35.757385057795915,61.65348724176534,16.708340465214015,0.6212384715449326,candidate,24.0,candidate,18.25,candidate,21.25,0,171,8
AAA/ruputer/WANG_KUI_WU,AAA__ruputer__WANG_KUI_WU,AAA,273,5.4910515467909704e-08,5.410571546349274e-08,5.306184834867701e-05,1.1842622350904941e-05,2.861951129555838e-05,0,0,0,1.9073486328125e-06,1.7881393432617188e-07,0,5.4591933418279837e-08,5.868723607083126e-08,5.634836650581391e-05,1.175731145999781e-05,2.861894805337484e-05,0,0,0,1.9073486328125e-06,1.7881393432617188e-07,0,5.311924969109165e-07,0,1.0,0.23719940185546873,0,0.009769395348227405,0.05321985416449914,0,193,0.008245939690527893,0.05507477650645979,1,197,1.00766921043396,1.5045191049575806,1.1453754901885986,0,0.006729412078857422,0,5,5,2.280287070277609e-12,1.5325139815699212e-06,4.440892098500626e-16,0.007030304786196595,0.706959706959707,0.7216117216117216,0.6993735219682197,0.14603991204414388,True,True,7,0,162.53233084583837,1.04542419514614,4.640692001871415,62.49486134788421,1.0396970805427026,7.5076579811807855,26.416979722475432,70.62044683447327,1.0217375984072854,3.135909352981017,7.415627460964507,574.8187979824218,574.818797982422,34.6899873864751,30.593507461826224,30.871891497477346,22.117428160614274,0.20575669223331447,candidate,34.0,candidate,15.5,candidate,16.0,0,188,1
AAA/ruputer/WU_GUANG_CUN,AAA__ruputer__WU_GUANG_CUN,AAA,298,5.791526191956109e-08,5.5825382538898793e-08,5.509012538802742e-05,1.8890625642517533e-05,2.922130991253463e-05,0,0,2,1.9073486328125e-06,1.7881393432617188e-07,0,5.111477019426047e-08,5.638554223530434e-08,5.054210729008149e-05,1.538951014712353e-05,2.9223042547230246e-05,0,0,0,1.9073486328125e-06,1.7881393432617188e-07,0,1.730725019493132e-06,0,1.0,0.23574066162109375,0,0.0008629662637005264,0.32264133647851223,25,204,0.007780689413960817,0.11904546947364597,11,192,0.9984546303749084,6.750858306884766,1.1280381679534912,3,0.04244933128356935,1,5,5,6.177185429834253e-10,1.707286645883462e-05,3.0334346146076996e-10,0.0032740950411618286,0.6845637583892618,0.6442953020134228,0.7499685732243871,0.15832809553739785,True,True,7,0,214.95968637261123,1.0436299508193292,7.315005746249821,45.31714015552595,1.0357436502308561,12.130271321110012,3.4170579267161556,87.40140358148976,1.030781902370508,14.253498259661074,1.5997430997486652,515.5785910537173,515.5785912101147,6.637744423061509,12.537359391015855,18.28351420535492,19.63685781543499,0.11074058699927485,candidate,37.5,candidate,27.0,candidate,27.5,0,182,6
AAA/ruputer/XIE_JIN_QUAN,AAA__ruputer__XIE_JIN_QUAN,AAA,284,5.502830280335047e-08,5.322371599003617e-08,5.345078862279052e-05,1.1298074211768538e-05,2.9438048866349415e-05,0,0,2,1.9073486328125e-06,1.7881393432617188e-07,0,5.565616345570845e-08,5.592374829888058e-08,5.671287125831082e-05,1.1195671458269496e-05,2.9438146537856487e-05,0,0,0,1.9073486328125e-06,1.7881393432617188e-07,0,3.9865809520089824e-07,0,1.0,0.2362408876419067,0,0.007698071487041158,0.06929265526299058,2,213,0.00504072172988379,0.06632061057387287,0,210,1.0575194358825684,12.096610069274902,1.2273045778274536,2,0.0060971975326538095,0,5,5,1.3241630014704242e-12,1.4654445432267345e-06,1.6986412276764895e-14,0.0005017861287631709,0.75,0.7394366197183099,0.7382685753237901,0.13919563735514656,True,True,7,0,177.9935377005203,1.118991185207622,11.487437417414021,62.05727371735808,1.210337254089099,10.705259740124978,24.263378040879697,48.34339754428851,1.1140930921903924,6.692213425537295,15.080127645927837,696.5770640282822,696.577064028294,40.04162900592658,64.6433527594119,48.57253725900184,10.03683178041116,0.23442395570767557,candidate,22.25,candidate,20.0,candidate,29.25,0,188,2
AAA/ruputer/YU_TIAN_HAI,AAA__ruputer__YU_TIAN_HAI,AAA,278,5.678718739687838e-08,5.831095362118788e-08,4.917951745705596e-05,9.305583877086687e-06,2.850474824199269e-05,0,0,1,1.9073486328125e-06,1.7881393432617188e-07,0,5.207498898762708e-08,5.766844379806457e-08,5.263851986619768e-05,9.175770729639987e-06,2.7631564656691742e-05,0,0,0,9.5367431640625e-07,2.384185791015625e-07,0,6.665470510047721e-07,0,1.0,0.23719100952148436,0,0.002048031660135896,0.04096504408956742,6,215,0.0014767937401769515,0.04065945214120679,4,205,1.002580165863037,2.934866428375244,1.1093146800994873,1,0.006204640865325928,0,5,5,3.4567904094728874e-12,1.998684643408315e-06,8.604228440844963e-14,0.003801206999854756,0.7733812949640287,0.737410071942446,0.7733560215171809,0.11089764701577194,True,True,7,0,173.84206059358783,1.0803122394896014,11.598729702903366,81.25104617861865,1.0631994036833645,2.061798121265912,31.828109759823274,65.95489397507916,1.0768581707504805,12.513031585193156,16.55071028927746,492.4112394952895,492.41123949533187,35.89639747163106,23.410760118408586,41.28506939561541,27.28480369527515,0.259695596737374,candidate,31.5,candidate,10.75,candidate,13.75,0,193,0
AAA/ruputer/ZHANG_MAO_JIN,AAA__ruputer__ZHANG_MAO_JIN,AAA,318,5.294538985012309e-08,5.838711469863256e-08,5.069939986748539e-05,9.063625721159041e-06,2.9127983855954643e-05,0,0,5,1.9073486328125e-06,1.7881393432617188e-07,0,5.506408207178737e-08,5.697432259310631e-08,5.021427678297527e-05,9.011758722810015e-06,2.9128023032325267e-05,0,0,0,1.9073486328125e-06,1.7881393432617188e-07,0,3.5416401682253427e-07,0,1.0,0.23662035465240477,0,0.008740022659478264,0.08823477509738248,7,246,0.007271905789083766,0.06716731522595212,3,225,1.0624432563781738,2.9708774089813232,1.3203883171081543,1,0.0071344256401062005,0,5,5,9.947598300641403e-14,1.2847478441391977e-06,9.525713551283843e-14,0.001036788254740073,0.7735849056603774,0.7075471698113207,0.7873669253933918,0.12033973788013742,True,True,7,0,167.51919559983506,1.1112698494352302,1.6237513096762715,80.62514502874814,1.1736854191597306,4.652965244631247,30.85606746323458,110.41414141232192,1.359769344783653,5.0561321209501155,2.945804791051218,578.6634259476311,578.6634259476863,61.40046808132307,56.01878971127341,55.44224583868109,25.89862858941248,0.34348141477090494,candidate,28.0,candidate,18.75,candidate,21.25,0,176,0
AAA/ruputer/ZHOU_KE_XUN,AAA__ruputer__ZHOU_KE_XUN,AAA,282,5.145126857897253e-08,5.5373087226584516e-08,5.431449565556383e-05,6.250643568012429e-06,2.9957186716289346e-05,0,0,2,1.9073486328125e-06,1.7881393432617188e-07,0,5.688199111730796e-08,5.512818690434074e-08,5.960995471676582e-05,6.1671497479766704e-06,2.9957153936744483e-05,0,0,0,1.9073486328125e-06,1.7881393432617188e-07,0,4.258587993355434e-07,0,1.0,0.2354888916015625,0,0.00744539569230418,0.07796611294693233,1,217,0.009943374690810192,0.07928069432690561,2,223,1.0614497661590576,2.647876024246216,1.337027668952942,1,0.012508869171142578,0,5,5,1.3169465518103607e-12,1.0294228999909627e-06,5.67323965583455e-14,0.002909500361587769,0.7695035460992907,0.7907801418439716,0.8448667009262625,0.0831756138525751,True,True,7,1,197.98230016969563,1.1744036424096345,9.746993292097727,42.18832167299072,1.0338671843076428,9.417697358521883,3.4356780247622574,52.23693908778697,1.0474673861588004,1.3057798810839858,20.158021391156915,693.4806673469727,693.4806673470121,7.1477632040161305,25.805416218409984,17.195257408304666,23.66584761320387,0.10644029158926588,candidate,24.25,candidate,18.0,candidate,13.0,0,185,1
AAA/ruputer/ZOU_LI_SHUN,AAA__ruputer__ZOU_LI_SHUN,AAA,355,5.804453628854844e-08,5.5773827112304275e-08,2.6514054639342974e-05,3.5153149224951413e-06,1.5087715442343369e-05,0,0,0,3.814697265625e-06,2.384185791015625e-07,0,5.670011216096782e-08,5.6502485357157184e-08,2.687861038334274e-05,3.3906516153023314e-06,1.5087954735798334e-05,0,0,0,3.814697265625e-06,1.7881393432617188e-07,0,4.897453993646376e-07,0,1.0,0.23542289733886718,0,0.003532444657015077,0.045047560522998124,1,283,0.009921237328440968,0.05355707863110798,1,272,1.0082073211669922,2.3273558616638184,1.0922636985778809,0,0.013176059722900391,0,5,5,1.0149806550785456e-09,3.042818595930441e-05,1.4251932967113135e-10,0.0016897868403967786,0.7971830985915493,0.7661971830985915,0.8045725237867069,0.10719419535902526,True,True,7,0,197.8016862365805,1.1035777718923696,4.454429744143542,127.90974596933293,1.2288541718224022,13.819147434012134,7.149934283203741,130.23948502267154,1.388191599091221,11.764781542262913,22.154896873200155,601.6155044144898,601.6155045002316,31.53087299357556,22.61925238755968,25.43703751754607,24.716432501700595,0.17337251885991206,candidate,37.25,candidate,16.0,candidate,13.5,0,182,3
AAA/ruputer/ZUO_DAO_SHENG,AAA__ruputer__ZUO_DAO_SHENG,AAA,285,4.9517741018689776e-08,5.533286473458077e-08,4.948325005046376e-05,7.520523267405543e-06,2.924186937181607e-05,0,0,2,1.9073486328125e-06,1.7881393432617188e-07,0,5.383254508828372e-08,5.8026822902235153e-08,5.065977828238287e-05,7.499543679297116e-06,2.9241756702467945e-05,0,0,0,1.9073486328125e-06,1.7881393432617188e-07,0,3.622798407365573e-07,0,1.0,0.23685312271118164,0,0.007749457148373717,0.05561425856139157,1,186,0.005619679523484633,0.05626303008280119,1,189,1.0675619840621948,2.3143324851989746,1.1971285343170166,0,0.00930688381195069,0,5,5,3.930189507173054e-14,6.30274268629723e-07,3.930189507173054e-14,0.0024209190627407784,0.6526315789473685,0.6631578947368421,0.6078017710530913,0.25199209879197515,True,True,7,0,169.7052454628859,1.0961913020484892,7.852791483392811,63.819577086962035,1.0685197133023934,9.579892323472118,22.35060445056741,85.34613569954752,1.1843453029809625,2.8912371804897545,32.75994265046671,510.1191240304023,510.11912403042237,39.131668888598426,12.253904852610082,19.5749062459174,30.32090513991606,0.1985445758763629,candidate,53.75,candidate,21.75,candidate,13.25,0,190,4
AAA/unruputer/CAO_HONG_TAI,AAA__unruputer__CAO_HONG_TAI,AAA,333,5.021788684889117e-08,5.41220341876425e-08,1.5514376291571088e-05,1.4459510370608275e-06,7.490449138143505e-06,0,0,3,3.814697265625e-06,2.384185791015625e-07,0,5.7302144362836316e-08,5.508320777281028e-08,1.3344494123834571e-05,1.4025466703072864e-06,7.49061329812225e-06,0,0,0,3.814697265625e-06,1.7881393432617188e-07,0,4.057644122035242e-06,0,1.0,0.23613014221191403,0,0.006165807491713249,0.11975823113737816,12,232,0.013959909151058048,0.08444724604101944,3,215,0.964328944683075,22.476831436157227,1.1065770387649536,5,0.029513001441955566,0,5,5,2.380954322589446e-10,7.075434818125747e-06,1.525632953303102e-10,0.0016861844007793891,0.6966966966966966,0.6456456456456456,0.6902948188637553,0.2011397336744781,True,True,7,0,269.54135632378217,1.2294176626254572,13.555912747944154,49.18299713308354,1.056247410161396,8.978446235489102,9.953308517327017,44.209768397910295,1.0192076589019805,6.463891202881263,11.068217040238931,741.614877391199,741.6148775043422,49.96608923895694,91.78072894014785,55.57004488604609,32.12918834702144,0.30938706648428704,no_persistent_two_contour_transition,,candidate,38.5,candidate,20.25,1,164,8
AAA/unruputer/CHEN_FU_YE,AAA__unruputer__CHEN_FU_YE,AAA,316,5.5037842505711865e-08,5.8916819423160405e-08,2.719146971719291e-05,4.927051228606483e-06,1.6076250347866434e-05,0,0,3,1.9073486328125e-06,2.384185791015625e-07,0,5.61437365487194e-08,5.5069266702290065e-08,2.557395397122859e-05,4.466672037304123e-06,1.607621346086967e-05,0,0,0,1.9073486328125e-06,1.7881393432617188e-07,0,6.889690469558112e-07,0,1.0,0.23637008666992188,0,0.0007633993471165557,0.06756549656641987,4,247,0.008615057584207997,0.06428741699963977,0,234,1.0050193071365356,4.331423759460449,1.1854021549224854,3,0.029109835624694824,2,5,5,5.144853432170748e-10,2.320306806264029e-05,2.7543411995623046e-10,0.0020105640647986034,0.7816455696202531,0.740506329113924,0.8023081855097243,0.1015886585452732,True,True,7,0,228.46326317139398,1.2297312910856957,7.664819159166807,68.32252329226841,1.2731020624099887,6.492992220948851,12.541510955590088,97.71964365599976,1.5390759176344895,2.5363375685656333,13.46752822864933,538.3246315356624,538.3246316839354,43.0682932131774,25.319958211759516,16.77504576923902,20.368810143650258,0.19603804308138525,candidate,35.5,candidate,15.0,candidate,21.5,0,177,4
AAA/unruputer/CHEN_LIANG_FU,AAA__unruputer__CHEN_LIANG_FU,AAA,310,5.516601009336597e-08,5.4866513554685525e-08,2.4782558864414562e-05,3.750036371097387e-06,1.487503318308846e-05,0,0,2,1.9073486328125e-06,1.7881393432617188e-07,0,5.736791930388563e-08,5.737886321632857e-08,2.5724014833102025e-05,3.7425305468019587e-06,1.4875031116503679e-05,0,0,0,1.9073486328125e-06,2.384185791015625e-07,0,3.596243292047774e-07,0,1.0,0.23590850830078125,0,0.001632745227037491,0.06540005465277177,3,191,0.0002633613055309514,0.06053515480103846,1,190,1.0602084398269653,3.284663200378418,1.2832878828048706,1,0.006097674369812012,0,5,5,5.085931675807842e-13,9.454408626211584e-07,0.0,0.005878756058093071,0.6161290322580645,0.6129032258064516,0.686883851798969,0.16830622893678673,True,True,7,0,145.67809689686015,1.0818555719094765,4.952307752192293,50.459630634921844,1.0471498014336984,9.078278535627915,2.7460616015649704,73.63837836498291,1.046819864124759,10.599538347599402,24.039444666251285,603.3629567473886,603.3629567473886,48.4937448039978,52.38726882146606,59.309603820209155,42.61941691695355,0.33613272424932367,candidate,43.0,candidate,41.25,candidate,34.5,0,182,3
AAA/unruputer/CHEN_SHU_LIN,AAA__unruputer__CHEN_SHU_LIN,AAA,381,5.6155937566693126e-08,5.3161096968956656e-08,5.0745380373766504e-05,1.1352889161514446e-05,2.874376405345816e-05,0,0,3,1.9073486328125e-06,1.7881393432617188e-07,0,5.7343430892586866e-08,5.83135109089028e-08,5.650919353904916e-05,1.1220782980381205e-05,2.8743901658561076e-05,0,0,0,1.9073486328125e-06,1.7881393432617188e-07,0,4.6135601779795364e-07,0,1.0,0.23682174682617188,0,0.0017565960307177608,0.041218823623224064,3,288,0.007261908513307103,0.0486596996359799,1,278,1.0102075338363647,3.2184739112854004,1.115034818649292,1,0.026280462741851845,2,5,5,2.6123980756409537e-10,1.2207524077641327e-05,1.3977596857728258e-10,0.0008175282873464917,0.7559055118110236,0.7296587926509186,0.7959059277695941,0.130746177680703,True,True,7,0,218.46670495412067,1.193805599060324,5.996620729038125,89.71267423118334,1.2034401083973685,6.526082394629533,4.055930877632611,74.42759434148718,1.2608310502380455,4.980288513734493,6.313255048665527,553.7703143115059,553.7703143889097,19.312495614809755,33.48164348413844,70.02788508194698,17.853627154974106,0.25403248906743237,candidate,47.0,candidate,24.75,candidate,24.0,0,177,0
AAA/unruputer/FENG_ZHI_YING,AAA__unruputer__FENG_ZHI_YING,AAA,265,5.490783872019733e-08,5.468756314463974e-08,2.6686785581112733e-05,4.018525761734226e-06,1.3820283509444035e-05,0,0,2,1.9073486328125e-06,2.384185791015625e-07,0,5.551959614269464e-08,5.507995082254524e-08,2.364415025070887e-05,3.977876993951912e-06,1.3820019896359959e-05,0,0,0,1.9073486328125e-06,1.7881393432617188e-07,0,4.727278663185794e-07,0,1.0,0.2364286422729492,0,0.003386792784759507,0.08126489875746412,3,206,0.0022977586581121034,0.07633227819951048,2,202,1.0271408557891846,8.962396621704102,1.1921560764312744,3,0.006914383172988891,0,5,5,1.9872992140790302e-13,1.737410214013744e-06,1.9872992140790302e-13,0.0018784755095421213,0.7773584905660378,0.7622641509433963,0.8205371900826446,0.12330578512396695,True,True,7,0,195.1981701433428,1.1243417037204693,8.749611415500715,50.21165401250793,1.0176390215669426,3.0033669577940825,9.19011864472346,43.72160411807839,1.1565795553428484,5.7597292039890835,15.485199110240428,419.50159063187635,419.50159063195974,35.70078794100261,15.641651219080988,30.090367176183953,18.288719243033245,0.23771429669450106,candidate,25.0,candidate,16.5,candidate,12.0,0,175,6
AAA/unruputer/GAO_DIAN_WEN,AAA__unruputer__GAO_DIAN_WEN,AAA,315,5.4093726054027513e-08,5.8442251593682215e-08,3.7833565317462054e-05,5.51819019107419e-06,1.546472990503967e-05,0,0,2,1.9073486328125e-06,1.7881393432617188e-07,0,5.5427735512481036e-08,4.68590442004313e-08,2.8891384134610343e-05,3.886298614596412e-06,1.5464959191400318e-05,0,0,0,1.9073486328125e-06,1.7881393432617188e-07,0,2.430062779334992e-07,0,1.0,0.23710060119628906,0,0.002266380416047653,0.035588555155869894,2,231,0.006916704824125652,0.04299574901763474,0,205,1.0096746683120728,3.4719696044921875,1.113851547241211,1,0.015368187427520752,1,5,5,6.131948282472877e-10,1.604893488789598e-05,2.6707591693764243e-10,0.0034702647144045917,0.7333333333333333,0.6507936507936508,0.7760838494521201,0.12366432995303886,True,True,7,0,175.41292256580607,1.079875010113671,4.610807482064637,73.85516599761122,1.0279826793153488,7.3218348269684475,16.036344116203672,75.4070130428021,1.1523467232017301,7.448408758330286,10.801687200977618,612.3697361314184,612.3697362949677,65.10845981297581,34.3832778004556,64.68855805896168,29.582675893971977,0.3164150023786167,candidate,50.75,candidate,16.75,candidate,15.75,0,178,0
AAA/unruputer/GAO_WEI_LI,AAA__unruputer__GAO_WEI_LI,AAA,286,5.775377664996029e-08,5.628911137200987e-08,2.3703262629074006e-05,2.752973144518056e-06,1.2412559474058347e-05,0,0,2,1.9073486328125e-06,1.7881393432617188e-07,0,4.753511806399047e-08,5.500771149691275e-08,2.467779884224251e-05,2.939516234354289e-06,1.2413412100606982e-05,0,0,0,1.9073486328125e-06,1.7881393432617188e-07,0,4.631340418992356e-07,0,1.0,0.23641204833984375,0,-0.0001785565325292393,0.04397021284928164,2,184,0.00427392615350064,0.04229360287162708,0,184,1.0100535154342651,3.182093381881714,1.144925594329834,1,0.018095016479492188,0,5,5,7.375789978780745e-10,2.9200407328834072e-05,2.6695357036032874e-10,0.007464232137493809,0.6433566433566433,0.6433566433566433,0.6818214568772967,0.21637005547950142,True,True,7,0,147.53539695621038,1.1041912740362052,0.9595567485486171,87.34534035414414,1.0873820598842097,15.127511485369501,11.013013777094157,91.30342163460674,1.2156793177887928,14.841002299765673,6.592061110009617,442.17781573490913,442.17781585295006,45.02694308527644,65.97145968719809,33.03085560659938,56.44003972748162,0.4533680590010044,candidate,59.25,candidate,19.25,candidate,25.75,0,188,1
AAA/unruputer/GUO_BAO_CHUN,AAA__unruputer__GUO_BAO_CHUN,AAA,302,5.57930255329353e-08,4.9816943903380206e-08,4.815950990585355e-05,4.319225385802927e-06,2.9680444268632598e-05,0,0,4,1.9073486328125e-06,2.384185791015625e-07,0,5.796310798000803e-08,5.438523364986736e-08,5.197534516635437e-05,4.29645893505054e-06,2.9680013785690597e-05,0,0,0,1.9073486328125e-06,1.7881393432617188e-07,0,3.6758024060445916e-07,0,1.0,0.2361557006835937,0,0.008442023277264399,0.12869166140476884,6,181,0.00390202265798989,0.11675813765628609,4,172,1.0968310832977295,2.9153103828430176,1.309300184249878,1,0.009993970394134535,0,5,5,1.3776757512573568e-12,2.0040160534406802e-06,1.1102230246251565e-16,0.0018421384726658996,0.5993377483443708,0.5695364238410596,0.6618967366324499,0.19024053929829937,True,True,7,1,169.80904349448068,1.1225921716670395,8.504923385659772,65.27426025255372,1.0534577344436902,8.552427274165296,16.074307066380896,58.819900777710174,1.0430171699857829,4.441356135366424,1.7502641478543122,684.2058038873209,684.205803887321,94.6727390034143,240.179226227763,94.40147563954133,225.18257948596647,0.9564900160719205,candidate,54.75,candidate,31.5,candidate,38.25,0,178,3
AAA/unruputer/HAN_JIAN_FU,AAA__unruputer__HAN_JIAN_FU,AAA,313,5.893694199343713e-08,5.2183552368134656e-08,1.3248222065000575e-05,2.3698383531250977e-06,7.63609124705736e-06,0,0,0,9.5367431640625e-07,1.7881393432617188e-07,0,5.585583129352756e-08,5.446661155428245e-08,1.151501932195664e-05,2.365122482632376e-06,7.636165307949905e-06,0,0,0,9.5367431640625e-07,2.384185791015625e-07,0,2.3402736236688425e-07,0,1.0,0.23688077926635742,0,0.005180467621917151,0.044747349809793474,0,252,0.003090456365565375,0.040105492151537345,0,254,1.0222272872924805,1.5156049728393555,1.1393722295761108,0,0.005469679832458496,0,5,5,1.8732793094500266e-12,1.9244300388829366e-06,4.440892098500626e-16,0.005069918125952477,0.805111821086262,0.8115015974440895,0.8528216266061613,0.07414732397442275,True,True,7,0,197.37264963314271,1.0483570771130757,21.670114892011483,77.91116064939419,1.221690958677753,16.289691837621945,17.732180408338287,91.48616521342393,1.2004017336741557,7.034206833029091,13.077766960207612,518.3766045991664,518.3766045991666,66.96425766579156,40.99259333331067,65.52390716258344,27.44135710226939,0.3875987332015448,candidate,17.75,candidate,14.5,candidate,20.5,0,186,0
AAA/unruputer/LIN_JIAN_RONG,AAA__unruputer__LIN_JIAN_RONG,AAA,270,5.9102234772900886e-08,5.749724829584579e-08,5.535948317135855e-05,1.0131765435045237e-05,2.9376083254164696e-05,0,0,0,1.9073486328125e-06,1.7881393432617188e-07,0,5.517396206577985e-08,5.5912041219130515e-08,5.084988541554245e-05,9.655598675273325e-06,2.9376093461860238e-05,0,0,0,1.9073486328125e-06,1.7881393432617188e-07,0,6.661135704133514e-07,0,1.0,0.23692703247070312,0,0.00680166799693982,0.08066314871523676,6,224,0.006639561281950868,0.07233525810433715,3,212,0.9926512241363525,2.00329327583313,1.191530704498291,0,0.006731569766998291,0,5,5,6.330713731017568e-12,2.007965879025102e-06,4.908295991867817e-13,0.003738020636409045,0.8296296296296296,0.7851851851851852,0.852417228671726,0.09009074621647997,True,True,7,1,203.66612595166652,1.082762081961419,41.35846368627401,58.01735384972382,1.1881592390278557,36.06937897571274,30.946936319486067,41.756697826806096,1.0719811950331752,10.151818103313602,13.662929842818931,292.1589804344395,292.15898043458293,15.497695128226344,15.52694958258897,26.314768745934654,22.865824028365562,0.2745260041837879,candidate,14.25,candidate,10.0,candidate,14.5,0,175,8
AAA/unruputer/LIU_CHENG_ZHANG,AAA__unruputer__LIU_CHENG_ZHANG,AAA,294,4.998166414083016e-08,5.348583309583432e-08,2.423718727668947e-05,3.65362068079772e-06,1.466406499379518e-05,0,0,0,9.5367431640625e-07,1.7881393432617188e-07,0,5.348491860512894e-08,5.821891524426803e-08,2.7962096444315795e-05,3.68160501543896e-06,1.4664108805447701e-05,0,0,0,1.9073486328125e-06,1.7881393432617188e-07,0,6.507593079274644e-07,0,1.0,0.23684906959533691,0,0.003563453307748543,0.03917196213448398,0,208,0.0011637216869477829,0.04164098024075165,0,214,1.0108709335327148,1.7104294300079346,1.1458723545074463,2,0.005796980857849121,0,5,5,1.8129941992128806e-13,4.508749251749844e-07,1.4765966227514582e-14,0.001620814921652003,0.7074829931972789,0.7278911564625851,0.7135137115536097,0.1720493139643518,True,True,7,0,183.6690139046886,1.225600850577951,13.006048924439924,84.18739546918556,1.1487093521781333,7.574070633034117,26.204859726458096,81.34439447302728,1.0589619540652007,18.79950658087528,9.905446431705862,489.4602100662221,489.4602100662293,62.756826686492964,13.779241270903237,56.08019829685118,17.732010875406054,0.30717160258912496,candidate,46.5,candidate,13.0,candidate,15.0,0,193,3
AAA/unruputer/LIU_JIE,AAA__unruputer__LIU_JIE,AAA,272,4.8517558859373366e-08,5.6196979292266747e-08,2.6942222673254554e-05,2.903736339317925e-06,1.4579412887056361e-05,0,0,1,1.9073486328125e-06,1.7881393432617188e-07,0,5.4303218144369225e-08,5.5514409402768194e-08,2.853908861718005e-05,3.117505644432972e-06,1.4578955591701624e-05,0,0,0,1.9073486328125e-06,2.384185791015625e-07,0,2.746078335391645e-07,0,1.0,0.23681259155273438,0,0.010355263474800203,0.0456223315034516,1,214,0.009130048483446673,0.05067581675068422,1,211,1.0465339422225952,2.037888526916504,1.1756113767623901,1,0.006652575731277466,0,5,5,3.4416913763379853e-15,2.0153427028706625e-07,3.1086244689504383e-15,0.0009530285546592854,0.7867647058823529,0.7757352941176471,0.8079631934706225,0.12021995682795783,True,True,7,1,196.60571493457556,1.0650842990065825,10.907027546477538,68.01553602389454,1.1879025572049153,12.734967914074756,32.93324630572103,54.30543207952687,1.156394087939359,17.263438325587554,11.062029342631766,621.814430476714,621.814430476716,36.74726863418989,19.269366799183945,43.13542945043089,15.582763596761787,0.18451618820200857,candidate,25.5,candidate,11.5,candidate,16.5,0,189,6
AAA/unruputer/LIU_KANG_WEN,AAA__unruputer__LIU_KANG_WEN,AAA,356,5.6333774534067516e-08,5.833334104643484e-08,3.9264538417275244e-05,5.35339062884832e-06,2.541816247118279e-05,0,0,3,1.9073486328125e-06,1.7881393432617188e-07,0,5.776137945723292e-08,5.512499412496652e-08,5.251946670905478e-05,5.314815538951662e-06,2.5418256173936786e-05,0,0,0,1.9073486328125e-06,1.7881393432617188e-07,0,4.581750852383763e-07,0,1.0,0.23781204223632812,0,0.002876825077533063,0.041560548862596,3,228,0.00786872803150751,0.04567191269772747,1,219,1.0221898555755615,5.762099742889404,1.1211719512939453,0,0.019072878360748294,0,5,5,6.91335877434085e-10,2.7510575085340425e-05,8.694467368286496e-11,0.0025634485859510336,0.6404494382022472,0.6151685393258427,0.6975557917109458,0.13078285511866808,True,True,7,0,169.01721214663326,1.3038736196647873,9.379092179161763,149.97893373355754,1.180163111759339,6.161579513054201,11.72839577320779,134.0459399717939,1.1250160238170068,10.038290963113203,19.27620923882129,577.8288853138953,577.8288853641344,29.787231690674734,28.522881990719416,24.486549197546534,21.585998588335993,0.1806463195440587,candidate,96.25,candidate,16.75,candidate,15.75,0,184,2
AAA/unruputer/LIU_LI_FENG,AAA__unruputer__LIU_LI_FENG,AAA,297,5.320343965387053e-08,5.6521828661892926e-08,5.4417240232087205e-05,7.121506578181003e-06,2.9391942092140993e-05,0,0,1,1.9073486328125e-06,2.384185791015625e-07,0,5.624474508358901e-08,5.5201745063904184e-08,5.3665417043662207e-05,6.859646088069882e-06,2.939194626726445e-05,0,0,0,1.9073486328125e-06,1.7881393432617188e-07,0,3.7777065268640443e-07,0,1.0,0.2364654541015625,0,0.011704799862669368,0.057827867193918366,1,213,0.00929465365704707,0.05495979816861737,0,209,1.0529403686523438,3.453467845916748,1.1837575435638428,3,0.0060880184173583984,0,5,5,6.8833827526759706e-15,3.4506039176576774e-07,6.8833827526759706e-15,0.0066808169190268885,0.7171717171717171,0.7037037037037037,0.7080993757646099,0.18918410238715141,True,True,7,0,162.1470996109245,1.147329688432205,6.173531528371759,82.49327895620345,1.0226333051142715,5.754793051276787,9.709266207854059,95.4077935750812,1.025750867621078,1.937323531606288,17.21776977882174,414.07920789233754,414.0792078923404,18.525206686749762,28.93541570731114,25.936942296111937,29.2412547337785,0.2478724298821524,candidate,52.0,candidate,23.0,candidate,14.5,0,159,4
AAA/unruputer/LIU_WEN_QI,AAA__unruputer__LIU_WEN_QI,AAA,349,5.686076609556778e-08,5.42455623753213e-08,2.4032807221887284e-05,1.9734299211808526e-06,1.603102841021424e-05,0,0,4,3.814697265625e-06,1.7881393432617188e-07,0,5.45702595333708e-08,5.41357039196555e-08,2.3053017765587024e-05,1.9913033288288667e-06,1.60313227503762e-05,0,0,0,3.814697265625e-06,1.7881393432617188e-07,0,9.266977529187569e-07,0,1.0,0.23761901855468748,0,0.004485466662479176,0.11949174755195845,21,287,0.005182799280068595,0.07011831278353836,6,216,1.0114903450012207,10.306376457214355,1.1379265785217285,3,0.010560405254364013,0,5,5,3.247974111886265e-10,7.533065358288545e-06,1.369799829120666e-10,0.002498688991139364,0.8223495702005731,0.6189111747851003,0.8132754763034782,0.08678554478269714,True,True,7,0,260.8462369122101,1.4124214667167714,5.897026462708955,79.60024649896552,1.4138258722577604,7.476757722211499,24.934029968784383,100.32678225276628,1.297434416170776,10.549847755525919,18.018519371966708,999.2598498243568,999.2598499612354,43.27861580437387,36.61677094925479,35.38907014218411,30.245563449454423,0.14563781417907742,candidate,30.5,candidate,15.75,candidate,18.5,0,160,1
AAA/unruputer/LIU_XING_GUO,AAA__unruputer__LIU_XING_GUO,AAA,330,5.789339840855945e-08,5.282379256232872e-08,2.607657976302261e-05,3.6349273623975664e-06,1.583931499661867e-05,0,0,1,1.9073486328125e-06,1.7881393432617188e-07,0,5.7595185509740077e-08,5.59491273310897e-08,2.7595646951674133e-05,3.5544222161260075e-06,1.5839390450115374e-05,0,0,0,1.9073486328125e-06,1.7881393432617188e-07,0,6.677767226415117e-07,0,1.0,0.23696517944335938,0,0.005549966125140582,0.0491626228919337,4,243,0.0073881710054933825,0.04833812892264825,0,222,1.0234558582305908,1.9673019647598267,1.0959218740463257,2,0.011481666564941406,0,5,5,3.603503051508028e-10,1.2174060908072406e-05,1.1781731146243146e-10,0.00016550154851069365,0.7363636363636363,0.6727272727272727,0.7829672508127825,0.117199270478154,True,True,7,0,240.1687305027629,1.0527416132505083,0.2908498473056951,44.670904873033926,1.0149997970004427,4.413170188772741,5.244181884716313,68.54034621826618,1.25392430779675,4.1967517033934305,25.52109909991038,530.2973408845124,530.2973409469906,35.672373626891336,28.835510225640025,54.42635850819222,32.96606442036418,0.28644365161218477,no_persistent_two_contour_transition,,candidate,25.75,candidate,19.25,1,147,3
AAA/unruputer/LI_YOU_YU,AAA__unruputer__LI_YOU_YU,AAA,298,5.404764968908182e-08,5.456653640045772e-08,1.4354368089027755e-05,1.4395176326856274e-06,7.617677828650465e-06,0,0,0,1.9073486328125e-06,1.7881393432617188e-07,0,5.6152584582136456e-08,5.631373989345434e-08,1.4133973094901793e-05,1.2851176923039942e-06,7.61751728159355e-06,0,0,0,1.9073486328125e-06,2.384185791015625e-07,0,2.7644642968560507e-07,0,1.0,0.23639335632324215,0,0.005733477123442521,0.04779557014935585,1,217,0.0035638417045001924,0.04954666260269164,1,216,1.0408005714416504,2.1887733936309814,1.230432152748108,0,0.006562036275863648,0,5,5,1.1501910535116622e-13,4.21661874470586e-07,7.882583474838611e-15,0.0007769842756819578,0.7281879194630873,0.7248322147651006,0.7462378776056181,0.11511165607698881,True,True,7,0,150.636573295999,1.0671758467799037,17.395794737237793,91.50153787144366,1.1717479822373196,9.774628519877998,5.983773632221962,103.2085249438544,1.193251150645164,14.060728875680141,10.084379300578094,734.9199052986281,734.9199052986339,54.73168298574267,53.06524852467337,52.31529587121936,99.85357247218585,0.35373351297130057,candidate,36.25,candidate,17.0,candidate,18.0,0,187,0
AAA/unruputer/MA_JIN_HE,AAA__unruputer__MA_JIN_HE,AAA,267,5.405514236223041e-08,5.387675927615021e-08,5.2992475495504235e-05,7.877334763456423e-06,2.7815993833871526e-05,0,0,0,1.9073486328125e-06,2.384185791015625e-07,0,5.351920706608837e-08,5.4997227216802e-08,4.209912546255515e-05,7.79012510380983e-06,2.7815841036718083e-05,0,0,0,1.9073486328125e-06,2.384185791015625e-07,0,5.001373234447826e-07,0,1.0,0.235687255859375,0,0.0068373239467252045,0.05876763463448412,1,205,0.005340885270855189,0.057628828101512354,1,207,0.9211499094963074,2.2576377391815186,1.2050434350967407,0,0.007237589359283444,0,5,5,3.31656924146273e-12,1.7644488285544062e-06,3.3306690738754696e-16,0.003144513551218031,0.7677902621722846,0.7752808988764045,0.7701260279685647,0.1589490283986498,True,True,7,1,177.7015180063044,1.0490080941486832,7.658116753107545,62.35189022420575,1.085493861423279,19.196635904120583,16.53933829540159,66.76619648316886,1.074237208233341,14.250714319141832,14.77759785813393,443.2886943384233,443.28869433842345,31.280901279549823,50.82077756526833,40.97531499806687,14.40113608659177,0.310132272005387,candidate,31.0,candidate,11.5,candidate,13.25,0,191,0
AAA/unruputer/QIAO_XIU_YUN,AAA__unruputer__QIAO_XIU_YUN,AAA,283,5.6812692550423094e-08,5.6724674624142324e-08,2.643701737908376e-05,5.01085081200392e-06,1.4563935121130596e-05,0,0,0,1.9073486328125e-06,1.7881393432617188e-07,0,5.931241542356247e-08,5.588910167997341e-08,2.8886794454516043e-05,4.9709969340630544e-06,1.456389187382565e-05,0,0,0,1.9073486328125e-06,1.7881393432617188e-07,0,7.714683666337763e-07,0,1.0,0.2373136520385742,0,0.0034825972499887836,0.05486986078517647,1,216,0.0044985612585810575,0.07078391210314164,5,205,1.0244871377944946,1.7314835786819458,1.1042962074279785,0,0.00573122501373291,4,5,5,6.242784067467255e-13,1.0122085465414217e-06,2.220446049250313e-16,0.0011269758607390656,0.7632508833922261,0.7243816254416962,0.7718083976492247,0.1328506691212915,True,True,7,0,216.82866810307553,1.2922862845999117,12.715019391084635,47.52825937319399,1.0548556676111454,16.167554372604002,21.034472755018076,61.00731954017626,1.0323264855888008,4.2370854413029395,17.47594498135944,389.3735763535104,389.3735763535103,57.69140411795966,25.18060091403696,63.20665962871213,37.35148268264848,0.47109038333105047,candidate,33.0,candidate,13.25,candidate,12.75,0,176,2
AAA/unruputer/SHEN_CHUN_WANG,AAA__unruputer__SHEN_CHUN_WANG,AAA,276,5.290140436819968e-08,5.346020481855618e-08,2.6843053882362944e-05,3.3336368582964626e-06,1.5112604687959536e-05,0,0,2,9.5367431640625e-07,1.7881393432617188e-07,0,5.747470344097394e-08,5.492559407294095e-08,2.3932522120511072e-05,3.3564968489468994e-06,1.5112525730883846e-05,0,0,0,9.5367431640625e-07,1.7881393432617188e-07,0,1.946337642699801e-07,0,1.0,0.23633432388305664,0,0.00644208830113735,0.04950683973217669,3,224,0.004861869736977109,0.04633715429450467,0,225,1.0195115804672241,7.59432315826416,1.1455659866333008,1,0.00489652156829834,0,5,5,1.66644475996236e-13,6.13063600559355e-07,2.531308496145357e-14,0.0003475695239438803,0.8115942028985508,0.8152173913043478,0.832914177931468,0.06582049669915122,True,True,7,0,193.32565803903896,1.0505388141731296,52.12203172693288,38.56675625304272,1.0768821254110248,29.181907067682122,12.607800227981043,61.52875564863955,1.1625914329425404,28.523163968534377,24.63264706305571,462.27975152185996,462.2797515218717,56.720013901671344,26.90005719935222,58.354963090950555,39.63471650054235,0.392856814720175,candidate,13.5,candidate,20.5,candidate,16.75,0,180,0
AAA/unruputer/SHEN_FANG_JIN,AAA__unruputer__SHEN_FANG_JIN,AAA,298,5.630697386127537e-08,5.532347380210467e-08,2.844169143053499e-05,2.4417591757974755e-06,1.4409872107646479e-05,0,0,1,3.814697265625e-06,1.7881393432617188e-07,0,5.4938188220887696e-08,5.489617183052076e-08,2.625842886228481e-05,2.447878485051236e-06,1.440959908305423e-05,0,0,0,3.814697265625e-06,1.7881393432617188e-07,0,4.059578557080695e-07,0,1.0,0.2366790771484375,0,0.006696372687775787,0.05096840461426892,3,207,0.0050093241035074065,0.05303141851887905,4,216,1.0690561532974243,3.8951914310455322,1.2127736806869507,1,0.005384469032287597,1,5,5,2.5435209494162336e-13,5.544677723097094e-07,1.1102230246251565e-16,0.0009175497151421297,0.6946308724832215,0.7248322147651006,0.6586795460939698,0.2203648129044359,True,True,7,0,163.51227903971176,1.0663385531175205,13.96803578094405,94.23040012271136,1.2656445396737863,8.120904049073307,13.692531867170368,75.08643368665017,1.170391740656587,5.920323447703575,15.354317045684446,443.31656102085253,443.3165610208526,61.621621966468645,49.17517664173862,52.25708547154607,63.34371920373981,0.5106906061938072,candidate,42.0,candidate,17.5,candidate,22.25,0,195,2
AAA/unruputer/SUN_SHU_MING,AAA__unruputer__SUN_SHU_MING,AAA,392,5.6496711309250713e-08,5.431675020872717e-08,1.5684024544265188e-05,1.6726450719553587e-06,9.358874302146517e-06,0,0,1,3.814697265625e-06,1.7881393432617188e-07,0,5.5457291425753397e-08,5.6674603787776334e-08,1.3969844840407164e-05,1.6580327458562416e-06,9.358865888634803e-06,0,0,0,3.814697265625e-06,2.384185791015625e-07,0,9.668774349880234e-07,0,1.0,0.23766326904296875,0,0.005800119439290596,0.14168884464079964,20,278,0.00827590246312071,0.10436489758536169,13,222,1.01426362991333,4.9822845458984375,1.142450213432312,2,0.01260778307914734,2,5,5,2.021259826179289e-10,1.9626219056220305e-05,1.2202783228332237e-10,0.004009586283545752,0.7091836734693877,0.5663265306122449,0.7565182511030887,0.13243749164326782,True,True,7,0,247.95893824859849,1.355457098639237,10.785061941538716,104.4481021061469,1.324985559408218,10.680017215077992,12.455717132205914,101.08143545776647,1.4178542542371473,0.7038232859940957,5.444839167553486,578.2413635612465,578.2413636318081,99.27178871087537,56.57481536697769,102.63673345570541,61.997490715038424,0.5542336615902512,no_persistent_two_contour_transition,,candidate,26.25,candidate,43.75,1,168,0
AAA/unruputer/WANG_MAN_TIAN,AAA__unruputer__WANG_MAN_TIAN,AAA,303,5.436797323454812e-08,5.4497888868354494e-08,2.568238455747234e-05,4.397293992902673e-06,1.4421142755709289e-05,0,0,1,1.9073486328125e-06,1.7881393432617188e-07,0,5.365930655365503e-08,5.7108638040759274e-08,2.558152450418027e-05,4.2822670065917334e-06,1.4421669814062e-05,0,0,0,1.9073486328125e-06,1.7881393432617188e-07,0,5.551167778294885e-07,0,1.0,0.23651123046875,0,0.014148927111208631,0.12338395006281959,7,218,0.00913078123352451,0.093642555348608,3,202,1.01861572265625,2.7276508808135986,1.2306766510009766,2,0.011141204833984383,0,5,5,1.4201972931005002e-12,1.090656962095942e-06,9.092726571680032e-14,0.00037689507445415327,0.7194719471947195,0.6666666666666666,0.7277316487821026,0.17642271937325868,True,True,7,1,197.66728672695385,1.1937406757418052,21.67387573692701,67.90655991787327,1.047243438304768,17.159086067967785,21.55277337866696,46.284169305576754,1.0309695056208836,15.451038110316102,13.206337690248253,409.4336653580645,409.43366535810173,16.582764726728595,23.559565210815087,22.811978181517908,45.364330044816015,0.2645572343669864,candidate,38.5,candidate,16.0,candidate,33.25,0,165,7
AAA/unruputer/YANG_BEN_RUI,AAA__unruputer__YANG_BEN_RUI,AAA,317,5.2508660974837085e-08,5.722072216052254e-08,2.597144504182636e-05,2.7176418111521383e-06,1.4833238728553795e-05,0,0,2,1.9073486328125e-06,1.7881393432617188e-07,0,5.777465417189376e-08,5.8966629246093305e-08,2.5224247008788153e-05,2.695265823859927e-06,1.4831340891100017e-05,0,0,0,1.9073486328125e-06,1.7881393432617188e-07,0,3.232904867989084e-07,0,1.0,0.23728408813476554,0,0.012639642548819552,0.06293300089685162,4,239,0.011449523788894744,0.05683220684171069,1,239,1.0407943725585938,4.512206554412842,1.1999022960662842,2,0.006100070476531983,1,5,5,3.75921516138078e-13,1.3853935604585102e-06,1.716404796070492e-13,0.004299962841445293,0.7539432176656151,0.7570977917981072,0.8215196659789125,0.11177359348853834,True,True,7,1,195.01060678878656,1.1225917422552916,8.099270214727067,71.14216890857881,1.131672527227368,8.869273918946213,6.0065352505035285,69.73968425445413,1.1919382847390942,8.619065462463332,8.163793758456887,484.1609132336868,484.1609132337699,66.45148918600457,57.04487776536215,87.77604670459245,77.31645342491119,0.5960598205942524,candidate,34.0,candidate,25.25,candidate,23.25,0,181,1
AAA/unruputer/YAN_FU_TANG,AAA__unruputer__YAN_FU_TANG,AAA,284,5.373934719443696e-08,5.59180233228318e-08,2.620789259708357e-05,5.046756280366327e-06,1.4573748905164685e-05,0,0,1,9.5367431640625e-07,1.7881393432617188e-07,0,5.2342148948447687e-08,5.0731483236532426e-08,2.3022072080965692e-05,5.024546395102081e-06,1.457364035736434e-05,0,0,0,9.5367431640625e-07,1.7881393432617188e-07,0,2.551882318790888e-07,0,1.0,0.23678035736083983,0,0.005478938720397619,0.052764193981072814,4,214,0.0017632534237326247,0.0477245371005852,0,212,1.0170358419418335,3.5692951679229736,1.2039899826049805,2,0.005993813276290893,1,5,5,1.2516654379624015e-12,8.909794286956847e-07,6.972200594645983e-14,0.0011683736865635286,0.7535211267605634,0.7464788732394366,0.7881994822337913,0.1179482802765213,True,True,7,0,173.51631192101797,1.1241276490630474,13.211460205822886,64.83394151642005,1.1134704978176297,12.81721262265655,19.183955348204705,84.30253365542009,1.084854225141495,7.560507341546396,24.820137839807952,627.3477564507675,627.3477564508113,24.93090914338699,15.777439076665242,30.76831444121204,28.3150435734702,0.15906920078793474,candidate,43.5,candidate,14.75,candidate,13.25,0,187,3
AAA/unruputer/ZHANG_XUN_LIAN,AAA__unruputer__ZHANG_XUN_LIAN,AAA,296,5.123026636244532e-08,5.903478084157143e-08,2.6242032522474386e-05,3.0988961952638228e-06,1.3784559412117885e-05,0,0,0,1.9073486328125e-06,2.384185791015625e-07,0,5.62100066492377e-08,5.740834163603381e-08,2.778525967312758e-05,3.0853423371585142e-06,1.3742134630556874e-05,0,0,0,1.9073486328125e-06,1.7881393432617188e-07,0,4.0091968276367747e-07,0,1.0,0.23607521057128905,0,0.014450734302352108,0.06528446732736426,3,231,0.009705164290600976,0.05753947620609329,2,213,1.0452618598937988,2.0945374965667725,1.2327923774719238,1,0.006403207778930664,0,5,5,2.8573809984777654e-12,3.0001603102544346e-06,5.329070518200751e-15,0.00625197311802439,0.7804054054054054,0.7195945945945946,0.7535466062010154,0.16609651500961206,True,True,7,0,144.64659392037674,1.046559691465605,11.393385932791832,85.8915849139548,1.09763068819575,3.7855600282947215,14.57483398544711,82.77675662588067,1.075185253657528,11.070559496101174,13.502769259509469,535.7669150016128,535.7669150016156,97.12310716591051,28.338203762883882,96.60860387528378,31.513615227499784,0.4733094241752745,candidate,32.75,candidate,16.75,candidate,16.0,0,169,1
AAA/unruputer/ZHANG_YONG_ZHI,AAA__unruputer__ZHANG_YONG_ZHI,AAA,280,5.55666090917839e-08,5.6198378173277774e-08,2.7343189357924203e-05,5.272379335868882e-06,1.4900035274972379e-05,0,0,2,1.9073486328125e-06,1.7881393432617188e-07,0,5.715465245526019e-08,5.204199393649134e-08,2.7217900376460587e-05,5.259385279815509e-06,1.4900027138757648e-05,0,0,0,1.9073486328125e-06,1.7881393432617188e-07,0,5.44420293063785e-07,0,1.0,0.23612537384033203,0,0.011865923718841653,0.07812532171176567,2,207,0.009189377163532297,0.059896167448673904,0,190,0.9380975365638733,11.645984649658203,1.1157015562057495,6,0.006499755382537843,0,5,5,2.6494362259654736e-12,1.7231967576421038e-06,2.0095036745715333e-14,0.008453527282152762,0.7392857142857143,0.6785714285714286,0.7488832107907042,0.1290956180146356,True,True,7,0,197.02926314640808,1.08134831532603,14.847742325965537,40.25895819464807,1.1318936385660698,12.534125310219688,6.671089344330235,68.43672359285888,1.3377803022767834,3.6543355043532313,50.46498567088191,458.1105136907059,458.1105136907151,50.14558802269706,49.07568952346775,40.97973301924756,85.08728956631,0.4917771878159113,candidate,28.75,candidate,22.75,candidate,13.0,0,169,12
AAA/unruputer/ZHANG_ZHI_HUA,AAA__unruputer__ZHANG_ZHI_HUA,AAA,272,5.393472957138101e-08,5.495722588122476e-08,5.318455758150557e-05,7.92445657224472e-06,2.9500547413948598e-05,0,0,0,9.5367431640625e-07,1.7881393432617188e-07,0,5.720227935768207e-08,5.2368270164748765e-08,5.508635979991838e-05,7.597883474638745e-06,2.9500659508721888e-05,0,0,0,9.5367431640625e-07,1.7881393432617188e-07,0,2.2374030482996543e-07,0,1.0,0.23665666580200195,0,0.005711445553607586,0.05025228958930503,0,212,0.004901646843430196,0.04591012554977731,0,214,1.0087143182754517,1.613949179649353,1.2037681341171265,1,0.005548262596130371,0,5,5,2.5165425299178423e-12,1.4900951383558486e-06,1.0769163338864018e-14,0.00040418506921602315,0.7794117647058824,0.7867647058823529,0.8082789855072464,0.09608695652173913,True,True,7,0,180.67088763916303,1.0506230163382688,5.18671902872198,50.47948845260434,1.1634021326449826,6.7576882798039275,7.545637729019747,66.54157551835263,1.2099669048929407,11.677734981198753,28.89114750831867,519.7179321726101,519.7179321726156,42.86520405318565,24.731160572796437,51.48315728054214,33.872956255404816,0.2942990200906295,candidate,23.75,candidate,17.5,candidate,10.5,0,180,1
AAA/unruputer/ZHOU_XI_SHENG,AAA__unruputer__ZHOU_XI_SHENG,AAA,351,5.510194045488248e-08,5.633521338310743e-08,2.9270159361368193e-05,4.497904040423259e-06,1.5139675331252507e-05,0,0,0,1.9073486328125e-06,2.384185791015625e-07,0,5.847804018799252e-08,5.527453006415328e-08,2.6507490249954817e-05,4.177256435368773e-06,1.5138786204081048e-05,0,0,0,1.9073486328125e-06,2.384185791015625e-07,0,8.040690190114253e-07,0,1.0,0.2374640941619873,0,0.0037441687189585515,0.04056994678618763,0,263,0.006868836635812059,0.04211929090927793,0,249,1.0101773738861084,1.895696997642517,1.0837310552597046,0,0.01686265468597412,0,5,5,4.682031429226186e-10,9.576134991051394e-06,8.906675397213348e-11,3.036702006875558e-05,0.7492877492877493,0.7094017094017094,0.7870764265806073,0.09711016576206542,True,True,7,0,292.8464963439745,1.154692691655749,6.64555199717206,86.7282988518775,1.0398843302773821,5.0268990836651035,19.689038265146177,70.53471361954837,1.0288722160461188,2.1788801052513636,19.747688966384807,688.6224179072444,688.6224179685778,25.24644309624899,30.022144484358996,31.1777059390932,25.736644146365432,0.16290921517920376,candidate,57.0,candidate,14.0,candidate,17.5,0,187,3
AAA/unruputer/ZHU_ZI_HAI,AAA__unruputer__ZHU_ZI_HAI,AAA,349,5.720835516420664e-08,4.734471525935646e-08,2.7413456884991865e-05,2.080465534660958e-06,1.4148884464609671e-05,0,0,4,3.814697265625e-06,1.7881393432617188e-07,0,5.06376782727358e-08,5.41330258396755e-08,2.7525275107044152e-05,2.1865133284504346e-06,1.4148233585749346e-05,0,0,0,3.814697265625e-06,1.7881393432617188e-07,0,8.340210654589312e-07,0,1.0,0.23752059936523437,0,0.004201576037481836,0.11949130939256856,21,287,0.005099247970135834,0.0698378238541833,6,216,1.011488676071167,10.306147575378418,1.1379258632659912,3,0.010559809207916259,0,5,5,3.247974111886265e-10,7.533065358288545e-06,1.369799829120666e-10,0.002498688991139364,0.8223495702005731,0.6189111747851003,0.8132754763034782,0.08678554478269714,True,True,7,0,260.846054937532,1.4124217347632535,5.897055995341155,79.6003212097585,1.4138257477308322,7.476811161783625,24.934444384818487,100.3267764163152,1.2974341934425797,10.549902802582748,18.012119474570177,999.2598498243568,999.2598499612354,43.27861580437387,36.61677094925479,35.38907014218411,30.245563449454423,0.14563781417907742,candidate,30.5,candidate,15.75,candidate,18.5,0,160,1
AG/fast/CHEN_SHI_MING,AG__fast__CHEN_SHI_MING,AG,271,5.6759972610898046e-08,5.7560923583110934e-08,2.5413004931424242e-05,5.022107373783835e-06,1.4711332924881301e-05,0,0,0,1.9073486328125e-06,2.384185791015625e-07,0,5.511649159295473e-08,5.739391628623025e-08,2.5432032832421223e-05,5.00063837667597e-06,1.4711215627789577e-05,0,0,0,1.9073486328125e-06,2.384185791015625e-07,0,2.2972878910287875e-07,0,1.0,0.2357799530029297,0,0.007859229925549216,0.04635933640841961,0,202,0.014158701845126354,0.05990942531613338,0,207,0.9896300435066223,1.4479879140853882,1.19456148147583,0,0.03167345523834229,0,5,5,3.50674822513497e-10,1.6606081697857673e-05,1.964206575166827e-10,0.008585239177156923,0.7453874538745388,0.7638376383763837,0.7656885842792889,0.11030199186121226,True,True,7,0,141.13330688964768,1.0790806101277068,17.423149271534015,49.684479496504736,1.0368814527006573,10.838421223012439,6.641264256979359,61.6155205360898,1.3923668978931139,6.655611069793017,18.947766644701197,366.1175611359308,366.1175612078439,16.67019654693588,28.21816003272715,43.43935494996251,45.84194117650692,0.36646603966086383,candidate,21.75,candidate,22.0,candidate,16.75,0,192,0
AG/fast/FAN_JIAN_MING,AG__fast__FAN_JIAN_MING,AG,297,5.667218438976107e-08,5.1103113629658026e-08,2.649257369410944e-05,2.4022070310228405e-06,1.5080095471811647e-05,0,0,0,9.5367431640625e-07,1.7881393432617188e-07,0,5.6166107320620995e-08,5.575837402904682e-08,2.7954886764845622e-05,2.4698400657233166e-06,1.5079968410665698e-05,0,0,0,1.9073486328125e-06,1.7881393432617188e-07,0,2.1543893503395107e-07,0,1.0,0.2355804443359375,0,0.006548913609702112,0.04102669381730115,1,225,0.008837875955429286,0.046349438114432484,1,191,1.0122668743133545,1.8950777053833008,1.1128044128417969,1,0.02295703887939455,1,5,5,4.0143666169001335e-10,9.82501672832747e-06,1.6007017933361567e-10,0.006460997273557201,0.7575757575757576,0.6430976430976431,0.7798061541356921,0.116307518584737,True,True,7,0,128.64919148578036,1.0638470279989927,4.0723409655610885,95.01890547290458,2.2331681140986217,14.260926625918485,4.688411017125732,111.61713309168908,1.7326602668538307,10.197971642745502,13.809304147028735,551.0770264194007,551.0770265076117,51.54777222983273,55.92707072999544,64.4659026387988,68.17973114201436,0.43572942654201663,candidate,33.75,candidate,20.0,candidate,16.25,0,161,1
AG/fast/HAN_JIAN_JUN,AG__fast__HAN_JIAN_JUN,AG,319,5.8507261702089863e-08,5.220772836267429e-08,2.5731663874412723e-05,2.88628606326391e-06,1.4479541001172097e-05,0,0,1,1.9073486328125e-06,1.7881393432617188e-07,0,5.7433755751290505e-08,5.3202303118560224e-08,2.7301835462465274e-05,2.138272876072919e-06,1.4480808607108374e-05,0,0,0,1.9073486328125e-06,2.384185791015625e-07,0,3.421249167612216e-07,0,1.0,0.2367011308670044,0,0.006308627131549338,0.05571866780959551,1,259,0.011820253283827076,0.056033437903666675,1,258,0.9926903247833252,3.014596700668335,1.0882716178894043,1,0.023345589637756348,2,5,5,1.922142445209829e-10,1.132870471494678e-05,1.0510614600889312e-10,0.0013599270708699596,0.8119122257053292,0.8087774294670846,0.8493598233995585,0.09350993377483444,True,True,7,0,188.83362122585822,1.032346566357512,6.777292037110361,78.57609976170177,1.502232769457128,6.139282218591171,6.791438219965055,63.6009888317394,1.050143405593075,12.214063001590814,1.4695224961644133,544.923074231774,544.9230742890487,49.444568655394974,52.725727874866266,58.46794226599695,55.436488311758644,0.3965233577049854,candidate,25.75,candidate,15.75,candidate,17.5,0,180,11
AG/fast/LIU_FENG_MING,AG__fast__LIU_FENG_MING,AG,291,5.9266847429739755e-08,5.370593880726915e-08,2.5780127242358394e-05,3.7864100478623985e-06,1.4265495333611752e-05,0,0,0,1.9073486328125e-06,2.384185791015625e-07,0,5.6591308084108505e-08,5.198895647318125e-08,2.8785505707730543e-05,4.263948204255574e-06,1.426549566123531e-05,0,0,0,1.9073486328125e-06,2.384185791015625e-07,0,2.5257453350468994e-07,0,1.0,0.23812170028686525,0,0.004007612063080757,0.03478391165904664,0,219,0.008483990754311499,0.044000061327520996,0,212,0.9974555373191833,1.6901025772094727,1.1440922021865845,2,0.016614675521850586,0,5,5,3.7016001375178575e-10,1.2887438845932579e-05,2.691511458152718e-10,0.0012536667248713718,0.7525773195876289,0.7285223367697594,0.7691036140957247,0.12360057104215193,True,True,7,0,143.09253499277503,1.166815016425784,3.041716754701619,72.81753105894134,1.0278108785982354,3.2707294593205654,14.665014000115892,89.45822809320426,1.103366513918514,1.1960335294327449,1.892695298780171,447.20934442502374,447.20934454539065,31.340428901569652,31.397916878273648,32.83916875851236,29.965006455474725,0.28072427941202854,candidate,28.5,candidate,18.5,candidate,20.5,0,182,2
AG/fast/LIU_JUN_FENG,AG__fast__LIU_JUN_FENG,AG,280,5.4735888044277203e-08,5.791079815686828e-08,1.9073905388877208e-05,3.849076212147917e-06,1.155224787938673e-05,0,0,0,1.9073486328125e-06,2.384185791015625e-07,0,4.9658712031330765e-08,5.720347906468248e-08,1.9516075293671374e-05,4.667554482909106e-06,1.155157394734031e-05,0,0,0,1.9073486328125e-06,2.384185791015625e-07,0,3.921417308361239e-07,0,1.0,0.23754978179931638,0,0.003000369823924154,0.03222505229885039,0,202,0.0055345036103156,0.034627484150383525,0,201,0.9938644170761108,1.4536652565002441,1.0648767948150635,0,0.015411663055419923,0,5,5,4.3645709268957944e-10,1.7758926471964232e-05,8.404554829866129e-11,0.0014287547941986833,0.7214285714285714,0.7178571428571429,0.754468085106383,0.16368794326241135,True,True,7,0,184.9914937333353,1.0617335846195939,8.370430451466083,45.319932008183706,1.0089763883357028,10.304989694477793,19.882463079651156,35.69415266520926,1.0923040089826621,5.02833610795086,3.1622247149116003,540.0387982029122,540.0387982483,81.08820511126501,34.44534126716731,68.38508367865836,16.658021929071225,0.37141155901532175,no_persistent_two_contour_transition,,candidate,13.5,candidate,17.75,1,151,1
AG/fast/LIU_LI_QUN,AG__fast__LIU_LI_QUN,AG,231,5.6841601425716703e-08,5.6980930529526574e-08,1.3004614580856814e-05,2.6658266577654632e-06,8.317604199130066e-06,0,0,0,9.5367431640625e-07,1.7881393432617188e-07,0,5.3467661631501073e-08,4.9797908019399983e-08,1.4449134725981788e-05,2.688000847662908e-06,8.3177387907274e-06,0,0,0,9.5367431640625e-07,1.7881393432617188e-07,0,1.5697999983910196e-07,0,1.0,0.23590745925903317,0,0.003074634827980649,0.031130732842741534,0,162,0.0055361160843134805,0.030000329186919444,0,169,1.0056800842285156,1.813670039176941,1.0958538055419922,0,0.011028599739074708,0,5,5,9.714796744830778e-10,1.1985580228140817e-05,2.3379465030615165e-10,0.00788590048452209,0.7012987012987013,0.7316017316017316,0.7210434463121154,0.13272710572242125,True,True,7,0,108.17650768641735,1.078756992951515,4.201555848986312,55.788875665327,1.1040662208485745,12.044514807655775,17.343521551497243,44.95041346106031,1.0815575182213633,14.452490114335454,11.512532465101268,284.95956028918846,284.9595603558105,41.00038083749719,34.822698638143585,50.622576663372335,28.912454824866845,0.545193538233616,candidate,23.25,candidate,17.25,candidate,20.75,0,197,0
AG/fast/LIU_YI_BING,AG__fast__LIU_YI_BING,AG,298,5.561474791804244e-08,5.566815586277585e-08,2.6517471822829467e-05,4.269605441538371e-06,1.5115754061807934e-05,0,0,0,9.5367431640625e-07,1.7881393432617188e-07,0,5.323281637714672e-08,5.400928726473353e-08,2.8277341448835366e-05,4.092618201010159e-06,1.5115735249767081e-05,0,0,0,9.5367431640625e-07,1.7881393432617188e-07,0,1.460185225443661e-07,0,1.0,0.23741283416748046,0,0.0029595624795328845,0.0332171824560069,0,219,0.00883492712195777,0.038941110622338605,0,224,0.9888593554496765,1.5068048238754272,1.0617027282714844,0,0.022825717926025398,0,5,5,6.64106214465221e-10,1.897957556072983e-05,2.5269975001407374e-10,0.0021990873135846467,0.7348993288590604,0.7516778523489933,0.7635452303285862,0.14440289601400272,True,True,7,0,181.30543137495746,1.0346549935009985,6.744912737923933,50.396895055735605,1.0299900818753767,6.258312157611761,3.099572264196433,59.60817860195582,1.0677573041388735,2.695567080999691,15.261878595491154,397.88357149319756,397.88357159374266,17.92095826012994,31.817364188962458,16.398489826902647,26.38158807178677,0.23252631411041855,candidate,37.25,candidate,24.5,candidate,14.0,0,189,0
AG/fast/LI_SHI_QIANG,AG__fast__LI_SHI_QIANG,AG,264,5.711826001064679e-08,5.494255750360111e-08,2.6781180473842122e-05,4.4883917512394955e-06,2.0807269964153e-05,0,0,0,9.5367431640625e-07,2.384185791015625e-07,0,5.557441673520458e-08,5.8331978358694414e-08,3.962016768754792e-05,4.4546091371583385e-06,2.080727703777091e-05,0,0,0,9.5367431640625e-07,2.980232238769531e-07,0,4.030708771218803e-07,0,1.0,0.23568420410156252,0,0.0046046165897379865,0.03820566792566633,0,205,0.01032662210091817,0.04672660637385166,0,205,0.995303213596344,1.57456636428833,1.1430522203445435,0,0.018297135829925537,0,5,5,6.402574026509456e-10,1.980179593417238e-05,2.5617807875022436e-10,0.0014585372620644632,0.7765151515151515,0.7765151515151515,0.7905246374610888,0.12846404980639284,True,True,7,0,178.90839334723515,1.024497971580436,7.528944722779534,66.85975040406586,1.052300965863652,9.773295322905714,20.858182533492542,14.601271041655366,1.0507135312361695,5.500137854393502,3.5103475593697673,521.8188322238035,521.818832357482,44.57792043252256,51.60345979874997,18.679468447429183,20.150387381386167,0.25873201135752766,no_persistent_two_contour_transition,,candidate,16.0,candidate,21.25,1,151,0
AG/fast/LI_SHU_KUN,AG__fast__LI_SHU_KUN,AG,267,5.257028190541746e-08,5.77363292730837e-08,5.820916693407763e-05,6.90872454317884e-06,3.0319969044906796e-05,0,0,0,9.5367431640625e-07,1.7881393432617188e-07,0,5.4010483530042563e-08,5.5457243575141035e-08,5.03537989583658e-05,6.869234394898081e-06,3.0321108343393793e-05,0,0,0,9.5367431640625e-07,1.7881393432617188e-07,0,5.023543070592493e-07,0,1.0,0.23674869537353516,0,0.0028997925319339535,0.034581263053857204,0,202,0.00833428860480634,0.04128554660261046,0,207,0.9931653141975403,1.4957616329193115,1.1078369617462158,0,0.020795047283172607,0,5,5,5.696675353661362e-10,2.1534209351901355e-05,2.888078665108651e-10,0.0010830472901947052,0.7565543071161048,0.7752808988764045,0.7917815529662902,0.097571822467313,True,True,7,0,171.20576438491008,1.0402493071130483,8.479984659471397,39.04931417334473,1.0462604383120142,9.577822712549688,9.21681140962453,50.59454857680883,1.0260301246209156,2.4607725212005174,9.223050467488193,365.57770888797523,365.57770899355694,40.29480929423111,17.072300040231728,25.368731971423493,34.46546474296547,0.3205920469590705,candidate,23.5,candidate,19.25,candidate,15.5,0,198,0
AG/fast/LI_ZHEN_SHAN,AG__fast__LI_ZHEN_SHAN,AG,343,5.329247110275048e-08,4.7926896340477754e-08,5.1966270913332475e-05,7.2804472661322506e-06,2.9838809397806595e-05,0,0,1,1.9073486328125e-06,2.384185791015625e-07,0,5.7820243481998546e-08,5.189724894272274e-08,5.0356517624470607e-05,7.231728000253734e-06,2.9838836719153098e-05,0,0,0,1.9073486328125e-06,1.7881393432617188e-07,0,2.2388596865319244e-07,0,1.0,0.23671493530273433,0,0.003813082454589223,0.03757681693641057,0,246,0.009491553653636076,0.043040815850657686,0,248,0.9920397400856018,1.6709650754928589,1.0636159181594849,0,0.013649058341979978,0,5,5,3.434056372597638e-10,2.9755225690396983e-05,1.66967328851797e-10,0.0052799151790480225,0.717201166180758,0.7230320699708455,0.7283164210058514,0.14043404192282052,True,True,7,0,107.64528722636398,1.070549880933267,10.656019947835102,76.43204343445544,1.3785805850182238,5.9087531449222785,8.31991707109715,74.17168667683185,1.0458197300196892,11.174107281650752,6.032921749672633,563.9468259238521,563.9468260180128,36.79999774778663,34.47240929982685,34.74428242904539,32.681517842215776,0.24594199474126408,candidate,37.0,candidate,23.0,candidate,25.5,0,186,0
AG/fast/LI_ZHI_LIN,AG__fast__LI_ZHI_LIN,AG,299,5.5373543417225335e-08,5.392855184638279e-08,2.769304448094039e-05,2.5761708039306885e-06,1.5812869742339798e-05,0,0,0,9.5367431640625e-07,1.7881393432617188e-07,0,5.877221787020659e-08,5.481689058228767e-08,3.0050828355499342e-05,2.40620018770836e-06,1.5813259125913898e-05,0,0,0,9.5367431640625e-07,1.7881393432617188e-07,0,3.189757119947963e-07,0,1.0,0.2364776611328125,0,0.002646987072891349,0.030886177829387622,1,245,0.006343962537081804,0.03597107356435631,1,245,0.986814022064209,1.4390158653259277,1.1403595209121704,0,0.018726265430450438,0,5,5,4.926223873269464e-10,1.8366584767684396e-05,3.1670877032041744e-10,0.002346659279132246,0.8193979933110368,0.8193979933110368,0.8482238200327472,0.07645760660639282,True,True,7,0,254.44913444911526,1.022072323124881,11.833456740281328,44.442019793919606,1.0439576020816936,15.934977031019962,6.016712501140364,37.88959981371101,1.022374666528114,7.239239983099325,1.793382301904903,467.2117778531455,467.2117780011156,27.34975749389319,28.90946467509082,30.023391320803967,31.345133205433626,0.2517653711523958,candidate,15.25,candidate,12.0,candidate,17.0,0,180,1
AG/fast/LOU_YANG,AG__fast__LOU_YANG,AG,273,5.518904000467728e-08,5.324934904127332e-08,1.3226918630737986e-05,1.4059587021934827e-06,7.4048081432754935e-06,0,0,0,9.5367431640625e-07,2.384185791015625e-07,0,5.3687369550026176e-08,5.778104195108824e-08,1.3535265066902567e-05,1.3493806238183692e-06,7.404970420392923e-06,0,0,0,9.5367431640625e-07,2.384185791015625e-07,0,1.806585624031242e-07,0,1.0,0.23706026077270503,0,0.0020985673332929444,0.032443224436615715,0,199,0.008418561019538529,0.045158206138957005,0,202,0.9778550267219543,1.5809314250946045,1.067750334739685,1,0.022236347198486384,0,5,5,3.4741054477649413e-10,9.915340729760357e-06,2.264080034564131e-10,0.004661370848757951,0.7289377289377289,0.73992673992674,0.7652230242457894,0.13918193596150286,True,True,7,0,135.8431361548597,1.042733693028943,1.5002670990027471,88.37650356156774,1.1507312206252778,2.41746551117062,10.527514514872705,82.67099175703427,1.1125833687814422,2.863813700263162,40.98303388447213,432.79333780770867,432.79333790569655,43.30963806502658,17.10552953558842,38.730582515250994,19.690332203688154,0.27457927817143973,candidate,40.5,candidate,16.25,candidate,10.5,0,184,3
AG/fast/RAN_QING_BO,AG__fast__RAN_QING_BO,AG,340,5.745961473291317e-08,5.503202848977651e-08,9.974000459218564e-05,6.894705476372977e-06,5.9167601156327596e-05,0,0,0,1.9073486328125e-06,1.7881393432617188e-07,0,5.405149794412978e-08,5.4592947718035134e-08,0.00010844734204421531,1.1687580323622299e-05,5.916793306714027e-05,0,0,0,1.9073486328125e-06,1.7881393432617188e-07,0,2.4943526772958084e-07,0,1.0,0.23679504394531248,0,0.0025936972936857483,0.04046635475751482,1,259,0.008540064047286688,0.051763132907902076,0,256,0.9854747653007507,1.647555947303772,1.1176738739013672,0,0.02443485260009766,0,5,5,4.284256283071386e-10,1.1466361252656341e-05,1.1056600079939471e-10,1.7194564188915962e-05,0.7617647058823529,0.7529411764705882,0.7666553557289899,0.14268747879199187,True,True,7,0,174.04076687599434,1.0228228147371496,6.704899443112554,97.01128938927965,1.0268987998252705,4.430861094895979,4.379194744929115,95.00135562557918,1.064840004331721,8.62903918374971,5.97829483900976,524.9856081667481,524.9856082247936,34.90762539966463,11.2825119348695,30.150483043154644,14.20070611096029,0.17246439725235316,candidate,28.25,candidate,28.0,candidate,16.75,0,173,1
AG/fast/SUN_ZHI_YU,AG__fast__SUN_ZHI_YU,AG,247,5.7060456803981197e-08,5.5099192319829626e-08,2.4559523923961473e-05,2.5953482953380846e-06,1.518507443241961e-05,0,0,0,1.9073486328125e-06,1.7881393432617188e-07,0,5.612347742101065e-08,5.539915548524732e-08,2.839680146804756e-05,2.6236965332548934e-06,1.5185589313263218e-05,0,0,0,1.9073486328125e-06,1.7881393432617188e-07,0,2.863263527386195e-07,0,1.0,0.23593740463256835,0,0.005026714703894042,0.03578375412623558,0,189,0.007367800041456318,0.039277924076956384,2,197,1.0120288133621216,1.6200497150421143,1.0963194370269775,0,0.014592981338500977,0,5,5,2.870520487974204e-10,2.095147762185669e-05,1.465280119461454e-10,0.010688233986464013,0.7651821862348178,0.7975708502024291,0.7845417236662107,0.11610807113543091,True,True,7,0,134.45445655875687,1.1036569728460102,7.419075102254295,74.01249935525635,1.2127673325772605,21.19189245850965,19.456124416507986,59.72684292174824,1.0339117355463001,18.04108977783924,12.954598473347634,392.35604534583285,392.356045403324,93.98103551209739,41.29348274325334,95.55420748140519,36.6969589179391,0.6818441764537894,candidate,21.0,candidate,14.75,candidate,15.0,0,191,0
AG/fast/WANG_CHUN_MING,AG__fast__WANG_CHUN_MING,AG,232,5.789186552362935e-08,5.8164192240361956e-08,2.7152036402586078e-05,3.7121900734182756e-06,1.5075285062546046e-05,0,0,0,9.5367431640625e-07,1.7881393432617188e-07,0,5.850746354063574e-08,5.418236859178194e-08,2.834176767747662e-05,3.626818135565868e-06,1.5075349091830213e-05,0,0,0,9.5367431640625e-07,1.7881393432617188e-07,0,4.34407079230592e-07,0,1.0,0.23640785217285157,0,0.0060831539101142695,0.043302194213461945,0,182,0.01142600773250857,0.054154534498184914,0,183,1.0204296112060547,1.6830881834030151,1.1375212669372559,0,0.028621083498001104,0,5,5,2.713670399501211e-10,1.3610698119658689e-05,1.3789114294837646e-10,0.003923265347638427,0.7844827586206896,0.7887931034482759,0.8286141575274177,0.10229312063808574,True,True,7,0,132.0434668230339,1.045342413726781,25.892655133311248,50.15261100022714,1.0233434444411784,15.07473389100878,4.443852350874368,41.9849113259034,1.0298226275930502,11.58611043119476,11.715336523480591,398.37087964922586,398.3708797041577,50.13809991920571,29.73361573416061,44.69291586030843,32.544286877456635,0.39437852111029115,candidate,18.0,candidate,16.75,candidate,13.5,0,192,1
AG/fast/WANG_DAO_CHUN,AG__fast__WANG_DAO_CHUN,AG,271,5.855072604532552e-08,5.169859362830209e-08,0.00010966332370015663,1.3759992099834917e-05,5.890690038759367e-05,0,0,0,9.5367431640625e-07,2.384185791015625e-07,0,5.6559617656049e-08,5.6968589845496354e-08,0.00011274797786754843,1.4466285679540225e-05,5.890701554164053e-05,0,0,0,9.5367431640625e-07,1.7881393432617188e-07,0,3.29111371266677e-07,0,1.0,0.23615608215332032,0,0.0017104429721169767,0.03920802416505026,0,206,0.011118753817862759,0.04581706532255003,1,195,0.9930831789970398,1.5890357494354248,1.112663984298706,0,0.028632187843322762,1,5,5,7.525132739161222e-10,9.688357614489434e-06,1.615971800816851e-10,0.005853799030059781,0.7601476014760148,0.7195571955719557,0.7781223995763673,0.1391935849913004,True,True,7,0,157.01539814919676,1.0301026687179882,4.900384898179693,78.25727421848849,1.1332314610705145,8.747537308900624,3.338315951201122,70.97543768121217,1.1480128862479382,7.318936132555342,12.889483572926547,396.83802457155207,396.83802463568,58.103477542441716,17.18540186308358,25.554360281434956,19.905580599737945,0.304277344383902,candidate,28.0,candidate,16.25,candidate,12.0,0,178,4
AG/fast/WANG_YONG_FAN,AG__fast__WANG_YONG_FAN,AG,298,5.15465992112496e-08,5.737888841839123e-08,2.7828449358490296e-05,3.3258336396418953e-06,1.4792144432627596e-05,0,0,0,1.9073486328125e-06,1.7881393432617188e-07,0,5.5455907643775504e-08,5.7151119725595834e-08,2.6300974072888137e-05,2.9414637326037607e-06,1.4791323784185028e-05,0,0,0,1.9073486328125e-06,1.7881393432617188e-07,0,4.719975120381907e-07,0,1.0,0.23634939193725585,0,0.005192964384264087,0.04789562870075359,0,236,0.011110567666982707,0.05684332498942215,0,235,1.0176349878311157,1.598331332206726,1.1810599565505981,0,0.03698042631149292,0,5,5,7.257688894313219e-10,2.480242158989264e-05,2.122543252269793e-10,0.005928148677910805,0.7919463087248322,0.7885906040268457,0.8311169382531061,0.10145470437659987,True,True,7,0,203.84530861930818,1.0751815917060923,40.91145402554322,60.384622951083685,1.0500657406906748,9.787523984571674,25.281969002624074,51.780879414138,1.0317335920097104,31.522694403966177,3.777801526933212,280.1012079453439,280.1012080047966,53.998906530421735,10.482663702406686,31.465283477785082,13.063191751832314,0.38918091870770893,candidate,15.75,candidate,13.25,candidate,28.0,0,180,0
AG/fast/YAO_CUN_HONG,AG__fast__YAO_CUN_HONG,AG,257,5.697483573818829e-08,5.5840679857865894e-08,2.564764000633037e-05,5.00764720190016e-06,1.3339735854203031e-05,0,0,0,9.5367431640625e-07,2.384185791015625e-07,0,5.5868498161082414e-08,5.849207973529502e-08,2.618712938494323e-05,4.463797001356962e-06,1.3340084027367337e-05,0,0,0,9.5367431640625e-07,1.7881393432617188e-07,0,5.075273410426462e-07,0,1.0,0.2366790771484375,0,0.003443658141873751,0.03979086858760022,0,213,0.010535542820847676,0.05112642458174357,0,218,0.9864974617958069,1.7294851541519165,1.064592957496643,0,0.02704901695251466,0,5,5,3.0924907079565855e-10,1.2039044194780462e-05,1.1155210088986678e-10,0.0009620341922309539,0.8287937743190662,0.8482490272373541,0.8325432811211871,0.08140972794723825,True,True,7,0,176.34543499860732,1.0596450979040397,24.71186998715054,53.487982143955755,1.0396491545981064,7.780805009285973,38.242615562994736,43.8668287653903,1.021518048628977,16.964915657205477,19.13158430667399,411.5848685283301,411.5848685742433,33.96467080836138,21.617958424020152,33.94203803756945,21.32669734630845,0.26932808536002734,candidate,14.5,candidate,9.75,candidate,11.0,0,184,1
AG/fast/ZHANG_CHUN,AG__fast__ZHANG_CHUN,AG,294,5.6788753477476916e-08,5.713819373198703e-08,2.8569534056118373e-05,2.587419321534168e-06,1.5181001392409814e-05,0,0,0,1.9073486328125e-06,1.7881393432617188e-07,0,5.220208920686531e-08,5.4972129959196536e-08,2.6557830486447736e-05,2.3896757012555753e-06,1.5181006389809931e-05,0,0,0,1.9073486328125e-06,2.384185791015625e-07,0,6.107592129189762e-07,0,1.0,0.2370758056640625,0,0.002166024253691168,0.03724916580474453,0,243,0.009543215754743706,0.05610004769853769,1,247,0.9962545037269592,1.7063802480697632,1.1512526273727417,0,0.028238105773925784,0,5,5,2.8434066212668085e-10,1.1843681689793022e-05,2.022495504405697e-10,0.0008265541642420438,0.826530612244898,0.8401360544217688,0.8758122743682311,0.06267148014440434,True,True,7,0,249.14213602502008,1.0994340091748902,6.824905617902973,57.63503490306482,1.0194733383928276,11.959296865476741,4.136466284375333,60.64942755596405,1.1665734240149377,5.8870900134050395,32.506642999432636,426.41867619828236,426.41867628452536,39.235966703630474,22.880050998664395,20.955021147551758,27.077007661534978,0.2583096206552782,candidate,20.25,candidate,13.0,candidate,9.5,0,188,0
AG/fast/ZHANG_HAO,AG__fast__ZHANG_HAO,AG,269,5.638051592260496e-08,5.7646618811801886e-08,2.6041988466490937e-05,4.345377063584566e-06,1.4558967466620293e-05,0,0,2,1.9073486328125e-06,1.7881393432617188e-07,0,5.3444048075945716e-08,5.5453742264788275e-08,2.5436870534318817e-05,4.233270394483901e-06,1.4558153082777471e-05,0,0,0,1.9073486328125e-06,1.7881393432617188e-07,0,2.886061617246579e-07,0,1.0,0.23711242675781247,0,0.006660165771178339,0.05091234308382955,2,210,0.010659113528043829,0.057979528452971385,1,211,1.02141273021698,3.2968854904174805,1.158726453781128,2,0.02264888286590577,1,5,5,2.2291235524107833e-10,1.8163439720804e-05,1.414833805668536e-10,0.006936544148041679,0.7806691449814126,0.7843866171003717,0.7923488539254053,0.12930277134414184,True,True,7,0,136.9307148216236,1.100047495230531,5.466751853130103,54.959243837639306,1.0287205308697882,6.895560027181155,3.299529098120174,60.5373918899624,1.036324702427114,2.469054314241402,29.41917697693731,343.69145274620166,343.6914527948283,45.15302142165864,23.782024848559736,31.1198420423669,37.13251217513066,0.39915860395170194,candidate,22.25,candidate,16.25,candidate,14.5,0,187,1
AG/fast/ZHANG_LIANG,AG__fast__ZHANG_LIANG,AG,311,5.5865110537567375e-08,5.608556974401324e-08,2.748694970315885e-05,3.8143226194081725e-06,1.525784005538994e-05,0,0,0,1.9073486328125e-06,2.384185791015625e-07,0,5.5465045445401984e-08,5.411522607801089e-08,2.5001830612666056e-05,3.820527329057022e-06,1.5257244740516922e-05,0,0,0,1.9073486328125e-06,1.7881393432617188e-07,0,2.522770168245092e-07,0,1.0,0.2372196197509765,0,0.000984642215103304,0.03491056127277479,0,254,0.007334610642708128,0.04396058716203339,0,255,0.993254542350769,1.6124277114868164,1.0700955390930176,0,0.018567943572998048,0,5,5,2.776945340343673e-10,1.052542044631887e-05,8.116773919653042e-11,0.0015840754095749476,0.8167202572347267,0.819935691318328,0.8207514410722967,0.10764636433085631,True,True,7,0,186.56346931801653,1.049034776452578,9.063255373417581,61.132397451536455,1.150178992511839,4.3107426945872795,15.892628108601361,71.59793580672414,1.1515216507714758,5.12434447419264,13.836398604207714,474.5587250667829,474.5587251053018,39.26019557047053,24.97691095286517,37.751564060079524,31.543486443920823,0.2813817341525141,candidate,24.5,candidate,12.25,candidate,14.25,0,183,1
AG/fast/ZHANG_QING_WANG,AG__fast__ZHANG_QING_WANG,AG,328,5.901507016403684e-08,5.3829207868894e-08,5.1439382237287625e-05,6.643729016757305e-06,2.8756813341718435e-05,0,0,0,9.5367431640625e-07,1.7881393432617188e-07,0,5.669371960781433e-08,5.440434069914346e-08,4.733832824527628e-05,6.572775128228792e-06,2.875692347895634e-05,0,0,0,1.9073486328125e-06,1.7881393432617188e-07,0,4.3588565791230397e-07,0,1.0,0.23685035705566407,0,0.0021950042597367325,0.03345953975092706,0,267,0.008446514040395425,0.03987210007558914,0,272,1.0004152059555054,1.5095754861831665,1.0858112573623657,0,0.018723785877227783,0,5,5,4.5101711254602606e-10,1.789432566264694e-05,1.4610013199245486e-10,7.30647996542988e-05,0.8140243902439024,0.8292682926829268,0.8170916708805894,0.09824460015892508,True,True,7,0,214.0758911834318,1.0227003816982931,13.492360461773279,39.94249541018178,1.0098646115961756,11.108661001118866,16.721937100554,46.89667863459609,1.0322502050574558,7.3216848777401555,19.66506737465702,501.54656655505266,501.54656662832866,21.749880512169156,33.11375446839268,26.463041776055388,18.02366598573582,0.19808797298771394,candidate,26.75,candidate,13.0,candidate,14.75,0,189,1
AG/fast/ZHANG_XIU_WEN,AG__fast__ZHANG_XIU_WEN,AG,285,5.155141802326568e-08,5.385407753077942e-08,3.8176544649281406e-05,6.817918287820024e-06,2.0093858707360846e-05,0,0,0,1.9073486328125e-06,1.7881393432617188e-07,0,5.40819491412492e-08,5.596114105443917e-08,3.772145706913744e-05,7.74257103699702e-06,2.009536083839982e-05,0,0,0,1.9073486328125e-06,2.384185791015625e-07,0,4.542529914997039e-07,0,1.0,0.2368621826171875,0,0.003589922349563457,0.033159494570804825,0,225,0.00870904216622126,0.04032917069991501,0,230,0.9998855590820312,1.4452816247940063,1.0822174549102783,0,0.01799190044403076,0,5,5,8.726921407742338e-10,1.8313806846170787e-05,1.8497270382056286e-10,0.004812564278836695,0.7894736842105263,0.8070175438596491,0.8016638158917743,0.11467889908256881,True,True,7,0,164.4148484057759,1.073893876506969,9.444976257795892,56.22740050580887,1.0821276971696643,5.137491462958907,3.5437704487176984,73.58001712191549,1.077380907291573,13.849673560530624,29.783269284876575,598.861546037079,598.8615461478521,51.97524545889434,31.15398028141472,42.44253630167505,21.784030839268848,0.2460598678093659,candidate,23.75,candidate,19.25,candidate,12.5,0,190,1
AG/fast/ZHANG_XIU_ZHEN,AG__fast__ZHANG_XIU_ZHEN,AG,310,5.7897772354209565e-08,5.3294730850694805e-08,1.403529328879643e-05,1.9185763482088003e-06,7.511663395095814e-06,0,0,1,9.5367431640625e-07,1.7881393432617188e-07,0,5.7651907248157386e-08,5.3126043897400166e-08,1.0631588676424386e-05,1.8504782347480986e-06,7.511637977383426e-06,0,0,0,9.5367431640625e-07,1.7881393432617188e-07,0,3.4826214145855516e-07,0,1.0,0.2362213134765625,0,0.0009548193294446339,0.03252486448987681,3,249,0.00439233478070955,0.029549397452651994,0,209,1.008414626121521,2.455958366394043,1.073162317276001,2,0.019678235054016113,1,5,5,3.451195995651801e-10,2.426682337032762e-05,6.143541231296012e-11,0.005866976613934538,0.8032258064516129,0.6741935483870968,0.8266581410219148,0.11125966401209092,True,True,7,0,185.90729237902607,1.3002346170538468,1.5532131890042904,92.5047183097596,1.3226664030719133,3.033901947126332,27.356546404555957,108.00462692226736,1.341041773625083,4.586092422603333,10.840231487923988,624.6507517328321,624.6507517712078,43.99135487064395,48.19053317272505,44.91345309404226,33.88853718911262,0.27372716328555785,candidate,30.0,candidate,13.5,candidate,17.75,0,176,0
AG/slow/A_MIN_SE_HA_CHI,AG__slow__A_MIN_SE_HA_CHI,AG,284,5.586528195600238e-08,5.6703030715254954e-08,2.9182139663428557e-05,4.520404025848412e-06,1.519367197411754e-05,0,0,0,1.9073486328125e-06,2.384185791015625e-07,0,5.134301250819817e-08,5.245459799851915e-08,2.4921617230638207e-05,4.453896574944244e-06,1.5193842880857953e-05,0,0,0,1.9073486328125e-06,2.384185791015625e-07,0,2.865016924968877e-07,0,1.0,0.236724853515625,0,0.0023072769822327643,0.03836596884245738,0,214,0.005165847422375136,0.03736707153613292,0,220,0.956718921661377,1.4614536762237549,1.0841937065124512,0,0.022639179229736354,0,5,5,2.807484245082037e-10,1.1875007868305107e-05,1.1320222537136715e-10,0.005699452683395667,0.7535211267605634,0.7746478873239436,0.7788609960191729,0.1241368104638882,True,True,7,0,201.6123509472815,1.08474308179586,10.128162406196454,48.282709672421994,1.00791221784909,12.694088481085503,6.552813629155467,64.73835178550735,1.0459674132845638,12.28143794875584,33.668491924984835,589.3824855947018,589.3824856614212,41.779851957080744,52.38024867738044,39.39424788154148,11.83603116439882,0.24668255880939594,candidate,22.75,candidate,26.75,candidate,12.5,0,186,0
AG/slow/BAI_WEN_JIE,AG__slow__BAI_WEN_JIE,AG,237,5.7214901483249037e-08,5.848184758683317e-08,2.436603899035549e-05,2.179948257537319e-06,1.4733047232301921e-05,0,0,0,1.9073486328125e-06,1.7881393432617188e-07,0,4.9076529173852634e-08,5.566793903621914e-08,2.4301177681911935e-05,2.103805147075574e-06,1.4732454983428153e-05,0,0,0,1.9073486328125e-06,1.7881393432617188e-07,0,2.0268690553715292e-07,0,1.0,0.23688659667968748,0,0.0015135922253142198,0.034930995570243796,0,167,0.005410146418357242,0.03982727300895864,0,170,0.9951311349868774,1.334359884262085,1.0596479177474976,0,0.017036485671997077,0,5,5,3.1551661283657495e-10,1.3861295881419744e-05,3.1479363560293905e-10,0.0031795178353912767,0.7046413502109705,0.7172995780590717,0.7086361491269467,0.12628598395469562,True,True,7,0,135.09067407175002,1.0338010447908068,14.992153854418575,56.97375515592641,1.0612398288652027,11.143987114034761,24.700029263447956,44.70072643639069,1.0600181613977373,9.528063572672158,6.834876344947446,354.46091819604595,354.460918307628,42.8531393783708,22.619419446296234,49.33194356188483,24.41177362787056,0.39275493805949013,candidate,32.75,candidate,12.25,candidate,15.75,0,181,0
AG/slow/CAO_FENG_CHI,AG__slow__CAO_FENG_CHI,AG,251,5.331801555819027e-08,4.929317021229451e-08,2.6157707508025247e-05,3.0408369330152396e-06,1.5049254095154715e-05,0,0,0,9.5367431640625e-07,1.7881393432617188e-07,0,4.846162493521433e-08,5.948901660168815e-08,2.1945671779761804e-05,2.427807099896623e-06,1.5049167594542275e-05,0,0,0,9.5367431640625e-07,1.7881393432617188e-07,0,4.305421048211851e-07,0,1.0,0.23602142333984374,0,0.002698794460483267,0.034161739473527374,1,199,0.007675597158722902,0.041766915721637314,0,204,0.9694833755493164,2.930159568786621,1.100795865058899,0,0.02060801982879639,0,5,5,3.310584029136976e-10,6.599878125532186e-06,1.2590117837163461e-10,0.01064881149567043,0.7928286852589641,0.8127490039840638,0.8283140068407442,0.07449737215316593,True,True,7,0,121.70743306595523,1.0313526596096734,13.922015582368253,61.04256338017041,1.1255570972432078,14.834234453178311,23.981520162340928,73.11252027208873,1.0491234495385366,3.467283421350877,25.540722672956708,335.7498918286263,335.7498918708976,35.94743770787203,14.69377288289857,36.051897007151354,30.688513202898662,0.3496103011284249,candidate,20.25,candidate,12.25,candidate,14.5,0,188,0
AG/slow/CHENG_GUANG_SEN,AG__slow__CHENG_GUANG_SEN,AG,252,5.8493494270450697e-08,5.507768285895054e-08,4.6265165163805855e-05,6.772977358199955e-06,2.8014588691092933e-05,0,0,0,9.5367431640625e-07,1.7881393432617188e-07,0,5.7935248376494997e-08,5.6174357832006194e-08,5.459302785804546e-05,5.698126563636469e-06,2.801470518157822e-05,0,0,0,9.5367431640625e-07,1.7881393432617188e-07,0,4.921421109305162e-07,0,1.0,0.23708343505859375,0,0.004258064961066732,0.033409580417219975,0,206,0.007958446187026125,0.037204917136563306,1,210,1.008407473564148,1.3934903144836426,1.096024990081787,0,0.017131805419921875,0,5,5,2.31465221478544e-06,0.000552178197632955,2.31465221478544e-06,0.002202069260364481,0.8174603174603174,0.8333333333333334,0.8361256065183558,0.07891604870456834,True,True,7,0,172.82884510839932,1.0381882058057472,40.00435007547477,56.777838996280856,1.0870844810005393,20.602416248447565,6.377017967545695,46.77680727466248,1.0095206704410113,19.424140072370694,22.76859790036984,411.48415367330955,411.4851061182218,67.64357410168847,36.0254984619368,68.46278178753076,33.010448813121755,0.49854125972991925,candidate,14.0,candidate,15.25,candidate,11.75,0,196,0
AG/slow/CHENG_LU_LI,AG__slow__CHENG_LU_LI,AG,261,5.620199827749417e-08,5.575296568860466e-08,5.5400430523091276e-05,1.0266057196950396e-05,2.856044279898856e-05,0,0,0,9.5367431640625e-07,2.384185791015625e-07,0,5.006976311339173e-08,5.785627510412894e-08,4.242281389887138e-05,1.022392633422825e-05,2.8560442941412523e-05,0,0,0,9.5367431640625e-07,1.7881393432617188e-07,0,3.2499297325516707e-07,0,1.0,0.23646783828735352,0,0.0030447765075445332,0.029905542888902573,0,207,0.00782436007028231,0.03937237324978389,0,213,0.9939508438110352,1.4371154308319092,1.1049069166183472,0,0.019290781021118166,0,5,5,5.849334350216395e-10,2.181520026524227e-05,2.4359392281070313e-10,0.0058496256910655076,0.7931034482758621,0.8160919540229885,0.8094421375699585,0.0850333995306012,True,True,7,0,183.47841262796072,1.132658766300866,6.9762620081919495,71.44678035607957,1.1062259148213969,8.743275876325725,32.317340796231335,71.60182484325378,1.0743786616660207,1.8428657085399909,26.809643831589433,458.4951634476372,458.4951635593238,43.33080597078312,20.111650300759155,39.330854055775674,25.691292721554095,0.2801874769007247,candidate,23.0,candidate,11.25,candidate,12.25,0,193,0
AG/slow/CHEN_JING_RU,AG__slow__CHEN_JING_RU,AG,308,5.741233888301167e-08,5.5178731139804427e-08,2.1468016913740738e-05,5.718058860367144e-06,1.4290730664498249e-05,0,0,0,9.5367431640625e-07,2.384185791015625e-07,0,5.814211978538708e-08,5.700678118447655e-08,2.4321067413283885e-05,4.497434873178274e-06,1.4291357642291297e-05,0,0,0,9.5367431640625e-07,1.7881393432617188e-07,0,3.1212336888963834e-07,0,1.0,0.2366455078125,0,0.0023581155144832833,0.032212119696734945,1,248,0.009166927510308676,0.046785986587302604,1,250,0.9750246405601501,1.3786165714263916,1.0515143871307373,0,0.031231427192687993,0,5,5,1.4732178810206165e-09,3.07568635974167e-05,2.912629026852187e-10,0.007033321238696266,0.8051948051948052,0.8116883116883117,0.8150997836018273,0.09777991504368037,True,True,7,0,158.19177684265395,1.0974619593618493,2.3591339886935656,75.36855654593418,1.1423165097000558,13.300773692167253,23.66476244584288,63.29687665829915,1.0847154763731903,15.540472356853355,8.531296301648778,527.5206911915914,527.5206913452386,63.348615440092395,25.3452197630756,63.6083431351451,26.143568891043504,0.33827250789784075,candidate,23.5,candidate,16.5,candidate,13.5,0,182,1
AG/slow/DING_LIAN_ZHONG,AG__slow__DING_LIAN_ZHONG,AG,267,5.476060116471615e-08,5.532779134842514e-08,2.6484734746106827e-05,4.09562389050086e-06,1.388492167623499e-05,0,0,0,9.5367431640625e-07,2.384185791015625e-07,0,5.667952041044089e-08,5.565785554662028e-08,2.6503994538280906e-05,4.062037084667791e-06,1.3885295207168704e-05,0,0,0,9.5367431640625e-07,2.384185791015625e-07,0,3.1972897175824853e-07,0,1.0,0.23615207672119143,0,0.0034930188100112947,0.035519872010405296,0,211,0.011069315276804215,0.04358765321561679,1,215,0.9904689788818359,1.3475747108459473,1.0723541975021362,0,0.01884171962738037,2,5,5,7.523468514847309e-10,2.4364386027984998e-05,3.0823410490654624e-10,0.0033656390234388933,0.7902621722846442,0.8052434456928839,0.8047088884832999,0.10439861288556306,True,True,7,0,149.2704276627361,1.0631707515374598,0.32043461421979286,73.29536508645134,1.0836103974275015,4.959070393313319,6.795854983241986,66.07362926409323,1.0660960383257476,5.227262860495486,9.169059334619668,465.1707259998934,465.1707261432749,34.731367499505126,25.99471964271015,31.76131701500358,32.08157857131356,0.2677919648154397,candidate,18.75,candidate,15.25,candidate,15.75,0,191,3
AG/slow/GONG_HUI_XIA,AG__slow__GONG_HUI_XIA,AG,285,5.38065570987456e-08,5.659280599701333e-08,2.9147268509031867e-05,3.0067379150136575e-06,1.624875492791747e-05,0,0,2,9.5367431640625e-07,1.7881393432617188e-07,0,4.903105188525103e-08,5.6427767569644516e-08,2.8733580450098503e-05,2.8236315978390214e-06,1.624894093705237e-05,0,0,0,9.5367431640625e-07,2.384185791015625e-07,0,4.049613382894905e-07,0,1.0,0.23757066726684564,0,0.0020484577601858067,0.028962142217065404,3,229,0.004320162530916161,0.030575912865656116,0,233,1.0058001279830933,4.759448051452637,1.0650652647018433,2,0.011038279533386234,2,5,5,4.689663102297459e-10,1.59027464585866e-05,2.8188384959548785e-10,0.009619583132531973,0.8035087719298246,0.8175438596491228,0.8305601124912116,0.10163268494648856,True,True,7,0,151.10907530791758,1.0368369064544902,3.396332062615807,58.18522958776456,1.0633207447530595,3.2835755837183385,15.631432908494967,77.76905847804696,1.066267702623305,2.6540257258461515,9.8771654928971,402.3419217780303,402.34192189144403,41.120428250083016,37.070680409729356,46.209359098645656,45.9520205312494,0.4234022830354483,candidate,25.0,candidate,15.25,candidate,17.0,0,187,0
AG/slow/GUAN_TONG_XIANG,AG__slow__GUAN_TONG_XIANG,AG,326,5.7800540020913616e-08,5.450483175906129e-08,2.922045175511928e-05,2.3620247721935217e-06,1.6183883288638365e-05,0,0,2,1.9073486328125e-06,1.7881393432617188e-07,0,5.2743635015062296e-08,5.4279501227050275e-08,2.7109935665500433e-05,3.718031949581646e-06,1.6184076523994785e-05,0,0,0,1.9073486328125e-06,1.7881393432617188e-07,0,4.086899951971594e-07,0,1.0,0.23708400726318357,0,0.004187236856095566,0.04427295736257565,3,243,0.007069853271951976,0.04742375064359823,0,243,1.0029274225234985,2.785707950592041,1.125710368156433,0,0.01371468305587771,0,5,5,2.2434887281264082e-10,1.8772499395942865e-05,1.022518736348843e-10,0.0037083616949697973,0.745398773006135,0.745398773006135,0.745969016756244,0.1274106860575403,True,True,7,0,227.71143706453384,1.1001660437560978,14.39728404880656,54.327799501878225,1.1349765719560259,12.020788551321978,13.980963626579754,68.45044731192695,1.2297611247143403,11.150234691049663,11.380237517661723,453.8489032542156,453.8489033006225,53.31810204006488,44.71755445701914,96.84897628749808,73.42606297749703,0.591189476962015,candidate,29.25,candidate,19.0,candidate,30.0,0,185,3
AG/slow/GUO_XI_JIANG,AG__slow__GUO_XI_JIANG,AG,268,5.102628675146548e-08,5.603151209676582e-08,5.0438381434010544e-05,8.295433765022342e-06,2.6782409510373252e-05,0,0,0,1.9073486328125e-06,1.7881393432617188e-07,0,5.104262623678579e-08,5.7958664978485785e-08,4.642045884798071e-05,8.309138743223254e-06,2.678253492967686e-05,0,0,0,1.9073486328125e-06,2.384185791015625e-07,0,2.993439059451028e-07,0,1.0,0.23542938232421876,0,0.0026252956228343116,0.03194857146615693,0,217,0.00925269565183573,0.04062160902633615,0,223,0.9855121970176697,1.4299999475479126,1.079781413078308,0,0.0200178861618042,0,5,5,4.190461311281979e-10,1.9474960599576164e-05,1.9753987334780732e-10,0.0054960347552740485,0.8097014925373134,0.832089552238806,0.8162368112543963,0.0938843298163345,True,True,7,0,173.12017704956565,1.0655748475475693,12.268639005316796,69.38774111313914,1.0749911374491186,8.204866786614962,23.340496077922158,66.86441803893307,1.0358242347359043,16.254133889897275,7.7198568200117,445.2954743570624,445.295474445026,22.449570456253593,34.70788512465379,21.565092816727446,22.956943033729566,0.22834162318421955,candidate,19.75,candidate,11.5,candidate,16.0,0,188,0
AG/slow/HE_SHU_ZHEN,AG__slow__HE_SHU_ZHEN,AG,248,4.819114818310766e-08,5.576436357124237e-08,2.7199540300006705e-05,3.831286516806087e-06,1.3957564673550955e-05,0,0,0,9.5367431640625e-07,1.7881393432617188e-07,0,5.634196531545399e-08,5.4207215161028444e-08,2.7004320825351983e-05,3.663400143530393e-06,2.2022207268940262e-05,0,0,0,9.5367431640625e-07,1.7881393432617188e-07,0,2.016115618719283e-07,0,1.0,0.2370920181274414,0,0.004840417346013259,0.03228321619034147,0,171,0.009398340194970212,0.036570125245218243,1,178,1.0064780712127686,1.4486347436904907,1.1066908836364746,0,0.014856028556823728,0,5,5,2.670774712498769e-10,1.7841559976882075e-05,2.3022805883954334e-10,0.01395121871006444,0.6895161290322581,0.717741935483871,0.7349668098399063,0.10894181960171807,True,True,7,1,135.60116661381943,1.121090070480429,12.389320844817547,46.603359790186,1.060953926923435,8.664158363422828,10.370472108799122,51.26337817520107,1.1082823555993118,11.745783133191937,15.30861892472765,231.44991631730136,231.44991637058763,53.031847595066566,42.28341935475954,61.42083158907441,39.385635093681095,0.8473614365820723,candidate,21.0,candidate,26.75,candidate,17.0,0,190,0
AG/slow/HOU_SHEN_QIAN,AG__slow__HOU_SHEN_QIAN,AG,255,5.7226577032665205e-08,5.417463389001398e-08,1.4886628579153525e-05,3.1633885332824074e-06,8.8765460748153e-06,0,0,0,1.9073486328125e-06,1.7881393432617188e-07,0,5.895464216809643e-08,5.3043909820083e-08,1.2701741649726302e-05,2.9186365370567624e-06,8.877151637657363e-06,0,0,0,1.9073486328125e-06,2.384185791015625e-07,0,2.656479091145414e-07,0,1.0,0.23507051467895498,0,0.0010290839592355105,0.03794630777325363,0,200,0.009201510459119544,0.0444188899037345,0,200,0.9793714284896851,1.659266471862793,1.1439324617385864,2,0.024029672145843506,0,5,5,7.137629814879531e-05,0.00046482104441993504,2.4958657363072234e-10,0.002159753817273402,0.7843137254901961,0.7843137254901961,0.8107918094735918,0.0930661745320327,True,True,7,0,134.81197152148408,1.0560803682556703,22.153993360145677,67.22882487136987,1.0977585920982424,15.691774197432123,8.051913744574815,72.82709889534819,1.0425383012929745,10.720951351411914,10.35685074209418,243.75894760562187,243.75894766646084,39.01462418414011,13.501234642616017,42.927264480035625,17.366264646568876,0.46279075715292095,candidate,27.0,candidate,12.5,candidate,13.25,0,181,4
AG/slow/KANG_XI_MING,AG__slow__KANG_XI_MING,AG,255,5.590578688874359e-08,5.187225760039382e-08,1.0584086140768913e-05,3.607686255708599e-06,6.5478787867882585e-06,0,0,0,1.9073486328125e-06,1.7881393432617188e-07,0,5.6864628228403546e-08,5.139506109586023e-08,9.932116545490624e-06,3.826315066006447e-06,6.547672212742091e-06,0,0,0,1.9073486328125e-06,1.7881393432617188e-07,0,2.1700804571089806e-07,0,1.0,0.23545379638671876,0,0.0017057490916801976,0.03914078986761408,0,200,0.009032936443211681,0.04514982632069748,0,200,0.9794557690620422,1.6603752374649048,1.1437811851501465,2,0.02432847023010254,0,5,5,5.850990123723587e-05,0.00047586250193013815,1.836518714881663e-10,0.0021616289310887327,0.7843137254901961,0.7843137254901961,0.8107039282889533,0.09315405571667106,True,True,7,0,134.8107615400993,1.0560604819425399,22.154448507269052,67.2265447084904,1.0977821315139547,15.690959652524493,8.048400896183022,72.82855611367683,1.0425589999023757,10.721004786802725,10.357668862707108,243.75894760562176,243.75894765038854,39.014624182628395,13.501234641789384,42.92726447710417,17.366041192240772,0.46278984045976174,candidate,27.0,candidate,12.5,candidate,13.25,0,181,4
AG/slow/LIU_FA_CHUN,AG__slow__LIU_FA_CHUN,AG,271,5.5916005048395334e-08,5.6780383839161175e-08,4.463632557696107e-05,9.915688265761322e-06,2.6889962794405924e-05,0,0,0,9.5367431640625e-07,2.384185791015625e-07,0,5.071133490908153e-08,5.711615336245757e-08,4.5412213981903775e-05,9.596095665039862e-06,2.6890195825742962e-05,0,0,0,9.5367431640625e-07,2.980232238769531e-07,0,1.8091202935277548e-07,0,1.0,0.23627729415893556,0,0.00503295310932661,0.038776825324686404,0,186,0.011638089034687882,0.04057372810727822,0,191,1.0009678602218628,1.3287826776504517,1.0754163265228271,0,0.013016748428344726,0,5,5,6.417220088650311e-10,1.7600306454347847e-05,9.862954897243981e-11,0.004551945083205888,0.6863468634686347,0.7047970479704797,0.7393631020264936,0.10307921747521713,True,True,7,0,138.39013677215684,1.0552902922121623,6.997952649829661,80.78490376177743,1.0267281866194675,4.507322922086061,5.238627075704167,76.4800369770274,1.060800900652948,4.750834176008278,12.173082088104955,391.920980041924,391.920980080579,23.48810781288052,21.517757634586406,34.7301545085976,14.385401760178448,0.2401540782452922,candidate,44.5,candidate,16.5,candidate,14.0,0,186,1
AG/slow/LIU_FENG,AG__slow__LIU_FENG,AG,296,5.1459654981655945e-08,5.708483130639763e-08,2.738864680793864e-05,4.829897722172238e-06,1.4215644089166046e-05,0,0,0,1.9073486328125e-06,1.7881393432617188e-07,0,5.732866770191691e-08,5.730006036319679e-08,2.567366438546044e-05,4.503066232515451e-06,1.4215540789779172e-05,0,0,0,1.9073486328125e-06,2.384185791015625e-07,0,6.26714228595395e-07,0,1.0,0.2366859436035156,0,0.00384805695656687,0.03493526086923192,1,218,0.005878282825729997,0.04092811917319243,2,220,0.9485234022140503,1.779992938041687,1.0900788307189941,0,0.016893237829208377,0,5,5,0.0004239943306714178,0.0044278652546442445,1.118751757900327e-10,0.0050101636201909105,0.7364864864864865,0.7432432432432432,0.7687440217791185,0.12316974468398205,True,True,7,1,169.85374006584587,1.0537063087617078,8.823160079834713,62.52262976486103,1.0313525847308098,3.8588135255765157,0.06745026689125272,74.64432055942957,1.1019417997155845,12.23297468085599,32.22077712395159,478.8268544669396,478.82685452050845,42.719476963692955,15.253984010454197,42.81496875148661,29.80554932180684,0.27273737430248324,candidate,34.5,candidate,22.75,candidate,10.75,0,184,1
AG/slow/LIU_JIN_LIANG,AG__slow__LIU_JIN_LIANG,AG,297,5.531286073612307e-08,5.499707600442605e-08,1.9197978104127445e-05,2.6199777560798054e-06,9.843209944630147e-06,0,0,0,9.5367431640625e-07,1.7881393432617188e-07,0,5.3731394888956174e-08,5.802439762003786e-08,1.7821926072567675e-05,2.5741153890021518e-06,1.2057782477901356e-05,0,0,0,1.9073486328125e-06,2.384185791015625e-07,0,5.20704029705053e-07,0,1.0,0.23695831298828124,0,0.005168085978242365,0.03885091068609636,0,221,0.009946016075111475,0.042659765208886924,0,217,1.0141117572784424,1.860465407371521,1.10792875289917,0,0.015065670013427734,0,5,5,1.0625901269989413e-09,2.5006576651075964e-05,1.781795821997889e-10,0.0024857698854678922,0.7441077441077442,0.7306397306397306,0.7857402427501998,0.10102478377789084,True,True,7,0,166.80652245922582,1.0820493016790376,6.579013860205766,72.09311606744426,1.058065640056268,12.90700912589498,6.564837566663809,97.58421145755594,1.1388942873549126,16.653438681626856,9.194215549583825,405.17792736503014,405.1779274372246,36.83031601218841,20.627968221919097,46.15563221778402,13.703555012421507,0.2895455638621612,candidate,34.25,candidate,16.75,candidate,15.75,0,188,0
AG/slow/LIU_ZONG_YANG,AG__slow__LIU_ZONG_YANG,AG,231,5.620208032297569e-08,5.561171600998449e-08,1.1108854770028932e-05,2.847117986086445e-06,6.870370417368047e-06,0,0,0,9.5367431640625e-07,1.7881393432617188e-07,0,5.2418949181287644e-08,5.511124401280654e-08,1.2393128042777488e-05,2.8118619225542957e-06,6.870857235001317e-06,0,0,0,9.5367431640625e-07,1.7881393432617188e-07,0,2.395313758518646e-07,0,1.0,0.23666763305664062,0,0.004418230342691398,0.04122722696162007,0,171,0.01102188586324715,0.05272579044532473,0,179,1.0211173295974731,1.5528274774551392,1.183929681777954,0,0.025044202804565426,0,5,5,6.970064525546604e-10,1.9631293319665532e-05,1.6923540346880372e-10,0.006375712962548241,0.7402597402597403,0.7748917748917749,0.7759103641456583,0.0959795682979074,True,True,7,0,148.5610075413416,1.050235807271082,31.21392180821138,52.296778864585875,1.0449452669492485,11.142122253164157,9.158041049171596,43.67824960240781,1.050220125649186,22.046288291021312,25.53035891889645,419.34540321900994,419.34540328997804,50.69573958221229,21.19751432419934,15.8305044313847,23.29297505431632,0.26473816696482155,candidate,18.75,candidate,16.5,candidate,13.0,0,192,1
AG/slow/LI_BING_YI,AG__slow__LI_BING_YI,AG,271,5.355477195045921e-08,5.746797626660083e-08,2.7869372135678494e-05,3.443797641902724e-06,1.4764268250873215e-05,0,0,0,1.9073486328125e-06,1.7881393432617188e-07,0,5.751225418126893e-08,5.6857940688992414e-08,2.8736528411638688e-05,2.7233768135903613e-06,1.476429393193792e-05,0,0,0,9.5367431640625e-07,1.7881393432617188e-07,0,2.6967534179411716e-07,0,1.0,0.23678922653198242,0,0.0033050205770974728,0.03199642097599216,0,213,0.007171592322400833,0.03623301641777954,0,218,1.011193037033081,1.5481761693954468,1.1394197940826416,0,0.012988471984863284,0,5,5,2.873205007247748e-10,1.383562971966722e-05,1.7990531286926625e-10,0.0009422921485170432,0.7859778597785978,0.8044280442804428,0.78921639108555,0.09662113587347232,True,True,7,0,163.92646928662145,1.0510221788042065,28.76815147828546,43.7756910035033,1.008934068917119,15.84773873975931,4.270915367266014,51.78932931714759,1.040078924467227,15.740118557866108,11.488265921833799,362.1384111739726,362.13841123912323,40.56797794105776,45.47187629646984,45.240969526354334,11.060718215110805,0.3930583930380236,candidate,16.0,candidate,22.25,candidate,14.75,0,192,1
AG/slow/LI_CHONG_ZENG,AG__slow__LI_CHONG_ZENG,AG,271,5.4331844356880765e-08,5.892104626425976e-08,9.597988386613043e-05,7.952505050590197e-06,5.597012512253518e-05,0,0,0,9.5367431640625e-07,2.384185791015625e-07,0,5.121768165139429e-08,5.594381313756003e-08,9.942566889662829e-05,7.947675101961649e-06,5.5970148456842964e-05,0,0,0,9.5367431640625e-07,1.7881393432617188e-07,0,4.345610879563645e-07,0,1.0,0.2364558219909668,0,0.002484186981760228,0.029139345731498914,0,214,0.006138781059470411,0.03557173033356342,2,223,1.0095877647399902,1.4590468406677246,1.105429768562317,0,0.009516358375549318,0,5,5,0.001263227578857662,0.008364030057923832,3.225525402328344e-10,0.0006876172178651441,0.7896678966789668,0.8228782287822878,0.8287475966319697,0.0792282702380163,True,True,7,1,147.71439424015324,1.0441222829854735,1.1248538229995269,55.33196712777046,1.0387233369000244,9.317841266373264,23.19123971120628,69.82259995409329,1.0906843818561052,8.287449838307982,11.550549886743054,395.2045889269476,395.2045890544219,36.632826467684225,29.01130633902309,35.67762951559032,25.24934915807679,0.32026731213625886,candidate,19.25,candidate,13.0,candidate,16.25,0,198,0
AG/slow/LI_GUI_YING,AG__slow__LI_GUI_YING,AG,283,5.926639001785361e-08,5.716713047387856e-08,2.3901816556147155e-05,3.1650628390597624e-06,1.4596133731208343e-05,0,0,0,9.5367431640625e-07,1.7881393432617188e-07,0,5.686758042244833e-08,5.8183291962166095e-08,2.5415002865804134e-05,2.9679937700241577e-06,1.4596217770632343e-05,0,0,0,9.5367431640625e-07,2.384185791015625e-07,0,2.3214996058840143e-07,0,1.0,0.23605995178222655,0,0.0024925793802963447,0.03000535862460918,0,196,0.007997186983087268,0.0313420140893379,1,196,1.0151052474975586,1.4474403858184814,1.1075966358184814,0,0.013281607627868657,0,5,5,9.211522087959612e-05,0.0016482267425889465,1.528385196181148e-10,0.002379267791903228,0.6925795053003534,0.6925795053003534,0.7282346638092687,0.11538976694347709,True,True,7,1,140.8280725239031,1.026421954424031,9.974607923052053,73.19992899702405,1.0857919473821336,13.209258395772194,12.52511468645591,76.06942264775114,1.1716639449941129,18.54243242457881,17.68264171546149,366.7822966030617,366.78229665912016,34.07189887419004,18.819541139298245,30.26969125596885,30.51824830178319,0.3099369315441404,candidate,45.75,candidate,15.5,candidate,14.0,0,189,3
AG/slow/LI_HUAN_GE,AG__slow__LI_HUAN_GE,AG,252,5.572320094238137e-08,5.426444993350543e-08,2.7564805060802913e-05,2.888862119160285e-06,1.4744250728758834e-05,0,0,0,9.5367431640625e-07,1.7881393432617188e-07,0,5.705028349733965e-08,5.835476601934175e-08,1.8537712177544936e-05,2.8736035371443314e-06,1.4744178437237852e-05,0,0,0,9.5367431640625e-07,1.7881393432617188e-07,0,2.2005454529572232e-07,0,1.0,0.236690330505371,0,0.0010236562035259578,0.03676297919087964,0,184,0.006967357411360786,0.045900585896700416,0,188,1.0297954082489014,1.4588199853897095,1.147291660308838,1,0.011946582794189465,0,5,5,6.109281969202129e-10,1.4179168845757128e-05,2.7824575976609367e-10,0.003043934279854832,0.7301587301587301,0.746031746031746,0.7684185643369317,0.10274998030100072,True,True,7,0,145.13789735037682,1.0709833222406202,11.376785166138843,43.102017414844646,1.0312684602823265,7.941580234353315,7.509872301976961,59.38833930844048,1.0728244268825546,3.4385168533539563,10.982452900076751,329.79537093844004,329.7953710302042,23.581215179917386,16.183108621152034,39.080197547540244,30.37586386114911,0.3311762226030634,candidate,28.25,candidate,18.5,candidate,16.75,0,192,5
AG/slow/LU_ZHEN_QING,AG__slow__LU_ZHEN_QING,AG,276,5.6857942132282346e-08,5.5382150199179137e-08,4.802392638416503e-05,6.733968283371972e-06,2.672053591979308e-05,0,0,0,1.9073486328125e-06,2.384185791015625e-07,0,5.788059487255026e-08,5.7355610039167004e-08,3.797158221343128e-05,7.570619539994106e-06,2.6720693256250083e-05,0,0,0,1.9073486328125e-06,2.384185791015625e-07,0,4.0744520264590627e-07,0,1.0,0.23790931701660156,0,0.0022153746493289717,0.04181472595928215,1,201,0.00574358557343424,0.04678853362510179,0,198,0.9739708304405212,2.825362205505371,1.128605842590332,2,0.03080582618713379,0,5,5,4.2815329059919804e-10,1.2416714973504359e-05,1.5611223425082699e-10,0.0040000204396221095,0.7282608695652174,0.717391304347826,0.7618048268625394,0.15626765679231577,True,True,7,0,171.98917459681888,1.1346059594523934,9.34485953348773,63.26398665216676,1.0307124055498043,6.591795184135374,2.0946102169101692,52.111718744244506,1.0605858591955268,10.390257257060508,6.127557142020416,575.3902974925181,575.3902975823436,30.15543484165587,26.131409161150366,12.673363743930622,28.300496686559374,0.1690343143462153,candidate,38.0,candidate,17.5,candidate,25.25,0,182,2
AG/slow/LV_FU_LONG,AG__slow__LV_FU_LONG,AG,268,5.356584298343847e-08,5.725418761315382e-08,5.3623825667168545e-05,7.130814587801015e-06,2.7728779946544252e-05,0,0,2,1.9073486328125e-06,2.384185791015625e-07,0,5.388700929920276e-08,5.2436477382400426e-08,5.392226660236374e-05,6.843188581101556e-06,2.7729093066890455e-05,0,0,0,9.5367431640625e-07,2.384185791015625e-07,0,7.96495273736042e-07,0,1.0,0.2372293472290039,0,0.003961511007246843,0.04064829079759775,2,205,0.009066926577892098,0.050961900065255486,0,200,0.9972361326217651,2.239116907119751,1.1151530742645264,0,0.02545374631881714,0,5,5,2.9226299158580105e-10,1.43376426444605e-05,1.6315826467661054e-10,0.0009292513138486891,0.7649253731343284,0.746268656716418,0.785093355506841,0.11066596114596719,True,True,7,0,179.92326420260366,1.0484219384020697,10.328606592126631,39.808660567424035,1.019023858661525,13.721131832154056,13.041887056526337,61.51388596939914,1.0336222782120632,7.211594264385119,36.27028151285634,343.6053080455597,343.60530810162174,39.3053782148205,38.97576093403398,33.47447852902158,19.697937886076406,0.38257137612401176,candidate,24.25,candidate,22.5,candidate,10.0,0,181,3
AG/slow/MA_TIAN_YI,AG__slow__MA_TIAN_YI,AG,223,5.109913014944567e-08,5.930574586976434e-08,2.6940485688601556e-05,3.906488546701059e-06,1.5116327245409294e-05,0,0,0,9.5367431640625e-07,1.7881393432617188e-07,0,5.1161660907794726e-08,5.6827933025971333e-08,2.6408140774552614e-05,4.755697608042897e-06,1.5116367803734664e-05,0,0,0,9.5367431640625e-07,1.7881393432617188e-07,0,2.1096561745981255e-07,0,1.0,0.23661098480224607,0,0.004523389202604533,0.025864054536790304,0,166,0.007449374575386525,0.035638983850597446,0,170,1.002468466758728,1.4002315998077393,1.1177022457122803,0,0.02005016803741455,0,5,5,9.299294667641789e-10,2.3225782487319523e-05,1.723545750564881e-10,0.005383552494756083,0.7443946188340808,0.7623318385650224,0.7561728395061729,0.12488129154795821,True,True,7,0,147.4523871628743,1.0272017208818274,2.9829852198173534,45.23884840302523,1.0152599220826626,7.115492877908782,7.614610485493814,47.34945594404449,1.0218234917145723,4.199167811255444,29.995373339261388,366.6024442153349,366.6024442785205,18.235048599765953,17.82129831612919,18.99040328954653,12.042205623409117,0.18300193268182632,candidate,21.0,candidate,17.5,candidate,10.25,0,193,1
AG/slow/MA_YU,AG__slow__MA_YU,AG,337,5.727711116509937e-08,5.6016879468323566e-08,2.8733214852305842e-05,1.600865195502954e-06,1.5748602856741757e-05,0,0,0,9.5367431640625e-07,1.7881393432617188e-07,0,5.5887203087578996e-08,5.4371344093695484e-08,2.5668806904368682e-05,1.5683755104495267e-06,1.5748535896477597e-05,0,0,0,9.5367431640625e-07,1.7881393432617188e-07,0,3.0529038322013493e-07,0,1.0,0.2367542266845703,0,0.004045566580829663,0.03041531949814147,0,261,0.00858846888861553,0.040315747944698055,0,271,0.9903237819671631,1.4945687055587769,1.1162238121032715,0,0.01781296730041504,0,5,5,2.2373281005627632e-10,1.920165359315468e-05,2.001889765068654e-10,0.005955201321231174,0.7744807121661721,0.8041543026706232,0.8190024302742738,0.10617984029626201,True,True,7,0,151.6958018706153,1.0809627916275968,4.353278319233612,88.93184118572246,1.1801730969161535,8.110395194101867,1.5530878484895925,71.37066906753766,1.0503414476224882,5.112941844772694,13.425636791330612,425.67315237146164,425.6731524566767,43.31198843602227,8.081084583317795,60.38967599428839,14.955304967557913,0.2977356059449515,candidate,30.0,candidate,21.75,candidate,16.25,0,192,2
AG/slow/MI_DE_XI,AG__slow__MI_DE_XI,AG,260,5.3925867327109245e-08,5.8167210159609795e-08,1.4636756871912197e-05,3.276688079839607e-06,8.83019944531747e-06,0,0,1,1.9073486328125e-06,2.384185791015625e-07,0,5.63806215048146e-08,5.695755511681e-08,1.47773646035451e-05,2.8665212301465237e-06,8.830061907016396e-06,0,0,0,1.9073486328125e-06,1.7881393432617188e-07,0,5.011332241044996e-07,0,1.0,0.2364072799682617,0,0.0006849044616970001,0.04508417346532911,3,194,0.003020677853977638,0.04559697979724205,1,192,1.0141949653625488,3.5031964778900146,1.1152706146240234,7,0.025016701221466077,1,5,5,5.637016409210105e-10,1.608434578394555e-05,1.5630330363336498e-10,0.014538406582212948,0.7461538461538462,0.7384615384615385,0.7992847854356306,0.10962288686605982,True,True,7,0,138.34444056168314,1.0614693494452596,5.920775161634091,72.88021162843587,1.1071938407090969,6.279590683120999,21.292262436444002,52.8147331966058,1.1620784098559438,11.899412834411876,25.45128095292639,476.84261443495313,476.8426145094852,21.30315603773039,11.081813984099995,33.371144734194814,5.525171622655784,0.14948598176781258,candidate,34.0,candidate,16.0,candidate,13.0,0,178,5
AG/slow/NI_YAN_BIN,AG__slow__NI_YAN_BIN,AG,281,5.7337554038028316e-08,5.6589442909427135e-08,3.9623616091048e-05,4.707530638969892e-06,2.266501033347895e-05,0,0,0,9.5367431640625e-07,2.384185791015625e-07,0,5.800239266662288e-08,5.4924194747840716e-08,4.2546293189302625e-05,4.659114660188202e-06,2.26650962066919e-05,0,0,0,9.5367431640625e-07,1.7881393432617188e-07,0,4.764253153544117e-07,0,1.0,0.23662071228027343,0,0.0023114794345764356,0.027764292741565492,0,209,0.004880378170069033,0.034375664876766354,0,211,1.0127757787704468,1.7906032800674438,1.110290288925171,0,0.014956569671630861,0,5,5,5.77842995674871e-10,2.7020520627907382e-05,2.0105694886751735e-10,0.0021624230224206453,0.7437722419928826,0.7508896797153025,0.7739294339400365,0.11627496024032515,True,True,7,0,179.62206072077367,1.015626637621701,1.6707901257595736,60.07473304021578,1.1144500748875825,12.750678026172963,6.563697749562477,75.90171003792574,1.2838819062092153,12.928095556413107,11.513211695141003,504.2799901788751,504.2799902802641,30.240033556366186,17.46733274955949,36.13657209331777,35.09689323655823,0.23586268328770657,candidate,26.75,candidate,20.0,candidate,17.75,0,188,1
AG/slow/QIN_SI_FU,AG__slow__QIN_SI_FU,AG,274,5.5063895221252324e-08,5.726684348950073e-08,5.291968382247023e-05,8.171253222836322e-06,3.0776287052359325e-05,0,0,2,1.9073486328125e-06,1.7881393432617188e-07,0,5.350815179827606e-08,5.377939149564526e-08,5.294367526616782e-05,8.014008493865965e-06,3.077567138308304e-05,0,0,0,1.9073486328125e-06,2.384185791015625e-07,0,2.408221417171673e-07,0,1.0,0.2357318878173828,0,0.003126810615709852,0.032449530981034716,2,220,0.0066926334130776866,0.03780632583510589,1,217,1.00680410861969,4.9242119789123535,1.077227234840393,2,0.015561580657958983,1,5,5,6.436614574667487e-10,9.575949391703622e-06,1.3785683705691554e-10,0.0007993377267785373,0.8029197080291971,0.791970802919708,0.8170351473922902,0.10260770975056689,True,True,7,0,163.92869645727825,1.01289182346392,19.318691930968843,88.08803880889565,1.3590975342512006,7.135036638826308,23.86633554549762,89.79766533835821,1.0969093840959638,12.52673068042351,1.2582888686780378,774.5894026455194,774.5894027523018,48.4862263760962,22.551757960868382,33.26086750074894,12.662358840143016,0.1509976902114402,candidate,19.5,candidate,11.5,candidate,19.0,0,180,2
AG/slow/QU_HE_PING,AG__slow__QU_HE_PING,AG,245,5.6198818265684736e-08,5.460426333314672e-08,2.6617855352824972e-05,4.3034406599206515e-06,1.4933979131197755e-05,0,0,0,9.5367431640625e-07,1.7881393432617188e-07,0,5.6007274595870626e-08,5.558926630122585e-08,2.740120712625456e-05,3.815838869811183e-06,1.4933986802223464e-05,0,0,0,9.5367431640625e-07,1.7881393432617188e-07,0,7.123228015770713e-07,0,1.0,0.23594045639038086,0,0.003536393336454613,0.04292247170117908,3,166,0.00804650960933695,0.047415273924575674,3,171,0.9895784854888916,2.726836681365967,1.117230772972107,0,0.020439267158508297,0,5,5,3.330454800831717e-10,9.030881943469413e-06,1.2396650372892282e-10,0.003579406983325928,0.6775510204081633,0.6979591836734694,0.7658013544018059,0.1357928893905192,True,True,7,0,175.21610097824563,1.040410097269369,19.62160394229036,33.359976103346455,1.0285469728240528,12.780481591559326,1.6489333761367158,28.7200582684058,1.0105184589117322,14.948727305274165,3.2093664787215146,378.4042370311809,378.4042370780904,36.95107889093964,15.312156776358021,54.355498036875176,12.545394513009231,0.31491224606079254,candidate,15.25,candidate,26.0,candidate,28.75,0,189,0
AG/slow/SHEN_ZHI_GANG,AG__slow__SHEN_ZHI_GANG,AG,241,5.90411498579968e-08,5.215508191991347e-08,2.869844267197364e-05,5.233254674514437e-06,1.4298333954719729e-05,0,0,0,1.9073486328125e-06,1.7881393432617188e-07,0,5.076899189937478e-08,5.4514874614497444e-08,2.8822081647403552e-05,4.323562999800079e-06,1.4298547542805585e-05,0,0,0,1.9073486328125e-06,1.7881393432617188e-07,0,3.977732327586905e-07,0,1.0,0.23620071411132812,0,0.00394980476577822,0.03638652005809173,1,191,0.007470440891033214,0.04915537286934816,0,194,1.0056527853012085,1.5364490747451782,1.163974642753601,0,0.030405092239379886,0,5,5,4.3928505277790464e-10,2.2075442200164318e-05,1.1042611269829194e-10,0.0016931325310083345,0.7925311203319502,0.8049792531120332,0.8144684671205207,0.09717962145582404,True,True,7,0,183.39267198230118,1.052982911477568,24.065702245568826,42.521583877039554,1.0796619286103146,8.560190433195947,14.393182473607185,34.95793089408288,1.0398753035409882,17.319442530235598,26.872268168402744,470.99014117342745,470.99014122543707,31.997068835504006,14.69333010448851,49.9204213597571,35.038750889805925,0.27951661758147534,candidate,15.75,candidate,15.5,candidate,10.75,0,183,0
AG/slow/SUN_ZONG_GE,AG__slow__SUN_ZONG_GE,AG,246,4.8929805762654155e-08,5.5314075542156615e-08,2.5181775541049344e-05,3.6534340069893645e-06,1.4710908119158911e-05,0,0,0,1.9073486328125e-06,1.7881393432617188e-07,0,5.760809851373949e-08,5.4523739745349076e-08,2.8300550608809404e-05,3.8404625419957705e-06,1.47110442385231e-05,0,0,0,9.5367431640625e-07,1.7881393432617188e-07,0,4.1661286538374683e-07,0,1.0,0.23718032836914063,0,0.006370057138480156,0.03995988942939611,0,199,0.013595734418392458,0.05718591275607153,1,202,1.0140883922576904,1.6129050254821777,1.180936574935913,1,0.028673028945922854,0,5,5,3.428574091302039e-10,1.9415696808718994e-05,2.0932777733406738e-10,0.001414416691366771,0.8089430894308943,0.8211382113821138,0.846541659295949,0.08676808774102246,True,True,7,0,167.97693469928956,1.0483680057641194,10.654401203253697,67.73627735611714,1.0933065276113951,15.094756246790206,46.55951818740589,64.25470620910572,1.0673324202392993,7.104428615600311,3.840636964545542,296.72910776094324,296.7291078230569,48.113973615631245,30.890059112246515,49.274346823386395,26.807848920947468,0.522652562163505,candidate,16.75,candidate,9.25,candidate,15.0,0,189,1
AG/slow/WANG_GUANG_CHAO,AG__slow__WANG_GUANG_CHAO,AG,188,5.276777148566225e-08,5.289263005359146e-08,1.3244235032182863e-05,2.105847869618774e-06,6.798175177631592e-06,0,0,0,9.5367431640625e-07,1.7881393432617188e-07,0,5.509401412862047e-08,5.449196671669654e-08,1.2766909430070919e-05,1.4245542342694595e-06,6.798514061415023e-06,0,0,0,9.5367431640625e-07,1.7881393432617188e-07,0,3.245378785443618e-07,0,1.0,0.2350677490234375,0,0.005140163817026422,0.04087577527844223,0,138,0.007793353994828833,0.0496100491528082,0,132,1.0191800594329834,1.377884030342102,1.122448444366455,0,0.021311521530151367,0,5,5,5.877746067639578e-10,2.3999021210171706e-05,5.877746067639578e-10,0.0183378517032472,0.7340425531914894,0.7021276595744681,0.7593327230190214,0.11911300986674804,True,True,7,0,132.84817609180186,1.0777421602653656,14.868978187311763,43.64822091383435,1.0295855707626604,15.928598722495165,30.96502344424013,37.55515198663212,1.0177208463251821,6.69964760974474,33.56011089528989,316.644564839304,316.64456502541964,60.010192786689785,15.014325676896231,53.33039122115491,22.403204880413696,0.4761114865592342,candidate,22.0,candidate,10.25,candidate,11.25,0,183,0
AG/slow/WANG_GUI,AG__slow__WANG_GUI,AG,282,5.782227507911131e-08,5.4023211015774564e-08,2.819609241114097e-05,3.4659178071161367e-06,1.4951931085410455e-05,0,0,1,9.5367431640625e-07,1.7881393432617188e-07,0,5.630621524588264e-08,5.410876069422699e-08,2.7118906974401626e-05,3.498175063287867e-06,1.551905709076632e-05,0,0,0,9.5367431640625e-07,1.7881393432617188e-07,0,2.3118003247057936e-07,0,1.0,0.23668289184570312,0,0.005201710960992756,0.04320737331897445,1,204,0.012382403535741049,0.04980786500265929,0,208,1.0072658061981201,3.746004581451416,1.1276994943618774,2,0.02231884002685547,0,5,5,3.0241320558843654e-10,1.8967924944033237e-05,8.1207485180812e-11,0.0011840843932886536,0.723404255319149,0.7375886524822695,0.7196409276036905,0.1755465048624387,True,True,7,0,125.30689195010953,1.0213361564596672,3.6582318036621393,76.49578366791582,1.0272255064946227,12.496311224358877,6.709756680177458,83.39429487871732,1.0808423781828045,9.049434183185737,27.40602954876827,432.6749610469226,432.67496108205904,55.0180143106701,26.960081539511396,45.11143919400374,40.158822911387176,0.3865450349548951,candidate,48.25,candidate,14.25,candidate,11.5,0,181,5
AG/slow/WANG_KE,AG__slow__WANG_KE,AG,278,5.4689465955881644e-08,5.7555381349772006e-08,2.5395692455528823e-05,4.9530295974722915e-06,1.5185877439255825e-05,0,0,0,9.5367431640625e-07,2.384185791015625e-07,0,5.463030983143824e-08,5.8506899325294626e-08,2.701678323248047e-05,5.39738889419189e-06,1.518556248183193e-05,0,0,0,9.5367431640625e-07,2.384185791015625e-07,0,2.267317818505074e-07,0,1.0,0.23713607788085936,0,0.004610626007517826,0.032286231943572614,0,219,0.012014081486658723,0.047106847090316775,1,224,1.0068473815917969,1.4521565437316895,1.1238480806350708,0,0.02910450696945191,0,5,5,3.660473035793643e-10,1.244149102294341e-05,1.372219005091324e-10,0.0066009249374551215,0.7877697841726619,0.8057553956834532,0.7974673888168434,0.1201464642611946,True,True,7,0,122.31019459199985,1.0065833006119382,0.9122927426316714,96.58025929606816,1.137478486299695,13.042933729783142,20.090562057306073,88.77823887232016,1.1616115990273224,13.124513460893898,27.338028289821512,434.0760654614212,434.07606552098594,28.281243102992235,20.608932772080568,33.310799242731115,19.398075943861382,0.2340581735132627,candidate,30.25,candidate,10.0,candidate,10.0,0,190,1
AG/slow/WANG_YAN_LING,AG__slow__WANG_YAN_LING,AG,224,5.497591226699683e-08,4.798126274074832e-08,2.7745858240347235e-05,2.6878728506748994e-06,1.4592491285553804e-05,0,0,1,1.9073486328125e-06,1.7881393432617188e-07,0,5.377144285390045e-08,5.0023682973687755e-08,2.7116588508798222e-05,3.414356864406276e-06,1.4592205982388413e-05,0,0,0,9.5367431640625e-07,1.7881393432617188e-07,0,2.1408096090969058e-07,0,1.0,0.23691864013671876,0,0.004442410751199666,0.03056585135438748,2,168,0.006727614455028341,0.03485296509770151,0,163,1.0155882835388184,3.9451904296875,1.1101291179656982,0,0.014994871616363526,1,5,5,7.290043013696845e-10,1.7124997614597394e-05,3.192388575712357e-10,0.012324148361582465,0.75,0.7276785714285714,0.7772552372808893,0.10705429670799486,True,True,7,0,114.4863644217962,1.1666207649955822,15.099548155915134,47.33020706790524,1.1118751076649973,4.950648263213018,2.889255241362568,58.66418433759874,1.134784316978856,13.623733649853381,48.86813775226194,298.74189472607145,298.74189482144146,51.36956776837142,28.424691234678388,50.04724495737074,38.05144432485442,0.5620000113664168,candidate,22.0,candidate,21.5,candidate,9.75,0,184,0
AG/slow/WANG_YONG_LI,AG__slow__WANG_YONG_LI,AG,267,5.5822883093803455e-08,5.6313142926534e-08,4.6313030074027235e-05,3.3905376703585732e-06,2.8130700074214857e-05,0,0,0,1.9073486328125e-06,1.7881393432617188e-07,0,5.354806309476601e-08,5.6099165757217406e-08,4.602764695035844e-05,3.043225334082439e-06,2.813136737785722e-05,0,0,0,1.9073486328125e-06,1.7881393432617188e-07,0,3.964096707609314e-07,0,1.0,0.23658599853515616,0,0.002682421406092095,0.043398002116232924,0,205,0.007165049850558214,0.053520933653425924,0,209,1.0100834369659424,1.7985764741897583,1.0918774604797363,0,0.020053505897521966,0,5,5,2.5810986681307213e-10,8.637245904739614e-06,1.5668666364376804e-10,0.007292969781858449,0.7677902621722846,0.7827715355805244,0.8146788990825689,0.10333172380492515,True,True,7,0,146.1185653830234,1.0407731024750875,3.4866158905040634,67.00977221233777,1.0322545172941828,1.921112177136669,13.45584471263879,68.77211668032926,1.0425758781814518,5.384546157282967,3.8544031349133876,384.83852969458883,384.8385297548879,68.60270036531321,28.69496142557751,62.05233626642282,57.222673790319185,0.5627624447728055,candidate,21.5,candidate,17.0,candidate,18.75,0,184,0
AG/slow/WEI_BAO_XING,AG__slow__WEI_BAO_XING,AG,260,5.750127551884532e-08,5.323062679529755e-08,4.685571668535843e-05,3.464665634451969e-06,2.898096128574661e-05,0,0,0,1.9073486328125e-06,1.7881393432617188e-07,0,5.334628649933393e-08,5.1702453096602596e-08,5.264561973091212e-05,3.4476854413253988e-06,2.8981030168943362e-05,0,0,0,1.9073486328125e-06,1.7881393432617188e-07,0,4.090783483734488e-07,0,1.0,0.23685932159423828,0,0.0062095107978554775,0.051432827463894604,1,209,0.012354502770921205,0.0658969063742845,3,208,1.0162407159805298,1.8613862991333008,1.163182258605957,1,0.029172122478485107,2,5,5,7.539351365437597e-10,2.2581764916355834e-05,2.414153321694812e-10,0.01062493327788161,0.8038461538461539,0.8,0.8315736040609137,0.09644670050761421,True,True,7,0,146.04363335400947,1.0395295097671984,11.184976604470652,67.74383963942563,1.0717472642891697,10.10780660533643,8.817598622411937,49.93052338396142,1.0260723872380195,8.151354202637362,18.159558069780456,340.3545644218017,340.3545645039685,50.35235631641094,26.481702287511233,62.49874494002603,69.50715237471006,0.6135952847379053,candidate,22.5,candidate,16.25,candidate,13.75,0,175,3
AG/slow/WU_FENG_YAN,AG__slow__WU_FENG_YAN,AG,325,5.829294691395148e-08,5.653798829108325e-08,2.4293721645340364e-05,5.355666496245637e-06,1.5170770176346934e-05,0,0,2,9.5367431640625e-07,1.7881393432617188e-07,0,5.490500987193059e-08,5.238491129766487e-08,2.546801116144423e-05,5.1881717557655804e-06,1.5170528771293927e-05,0,0,0,9.5367431640625e-07,1.7881393432617188e-07,0,4.2626601144845974e-07,0,1.0,0.2369481086730957,0,0.0035187989067861913,0.041979335318387635,2,269,0.010496180583478898,0.047204520683347614,0,270,1.002355694770813,3.6012842655181885,1.1214041709899902,2,0.03691834211349487,0,5,5,3.291207306688193e-10,1.2770954764393954e-05,1.5569767697343195e-10,0.0005957370101042914,0.8276923076923077,0.8307692307692308,0.847025902274521,0.09449666355743704,True,True,7,0,166.49841669764288,1.0464756012837084,0.10158824925214635,61.2180359202591,1.1257636087779368,10.325466396674132,9.087807697161606,54.50914813736251,1.02551048519018,10.248388508554052,9.7887608864117,391.35241056231575,391.35241062324843,48.968909910325166,25.263424178419292,57.56045690531964,17.780213038751793,0.38219517747345244,candidate,23.5,candidate,17.0,candidate,14.25,0,180,0
AG/slow/WU_YI_FA,AG__slow__WU_YI_FA,AG,289,5.0152524799784715e-08,5.648570411409537e-08,2.8345277654472727e-05,5.0630923260769345e-06,1.5100289710089471e-05,0,0,0,1.9073486328125e-06,1.7881393432617188e-07,0,4.693049215909184e-08,5.9023953391523776e-08,2.752022466065947e-05,5.099422283133537e-06,1.5100204199621643e-05,0,0,0,1.9073486328125e-06,1.7881393432617188e-07,0,3.4271795543938646e-07,0,1.0,0.23714447021484375,0,0.004907116309858184,0.02872783505218628,1,237,0.005069757542981224,0.035162322115789735,1,241,1.0212651491165161,1.5167156457901,1.1021350622177124,0,0.01341215372085571,0,5,5,6.281468678537294e-10,1.1235189922057839e-05,1.608709832012778e-10,0.005613189983640465,0.8200692041522492,0.8339100346020761,0.8203430915532351,0.09187954503076637,True,True,7,0,161.52787840609477,1.1011223447115381,27.35539479662374,91.20492412426947,1.2337127970965995,18.41485395125528,18.58303567347798,62.62563694340563,1.1807031008109858,9.490301789258789,12.071741532772657,433.01753035700585,433.0175304266658,43.62849636142628,12.858922770701122,44.379280267954464,14.943850869669236,0.26745002715164745,candidate,15.75,candidate,12.5,candidate,14.5,0,187,1
AG/slow/XI_CHENG_JIANG,AG__slow__XI_CHENG_JIANG,AG,305,5.397381452887373e-08,5.78942529472215e-08,5.2036994412757434e-05,9.687100939924365e-06,2.8569441760386003e-05,0,0,0,9.5367431640625e-07,2.384185791015625e-07,0,5.6886912735976125e-08,5.544017633862808e-08,5.5025659066036056e-05,9.939721780132665e-06,2.8569495998849693e-05,0,0,0,9.5367431640625e-07,1.7881393432617188e-07,0,4.053805576265219e-07,0,1.0,0.23683471679687498,0,0.004134342389278567,0.03896135938444245,0,231,0.010233281482154633,0.04565214116457826,0,239,1.0223817825317383,1.4913228750228882,1.1351255178451538,0,0.021954774856567383,0,5,5,3.089228872710237e-10,1.5456650761564118e-05,1.5578005552185914e-10,6.712542344544659e-05,0.7573770491803279,0.7836065573770492,0.7822774970851146,0.11410804508356005,True,True,7,0,164.00500741398943,1.0480987997545401,8.681322342400403,57.63048957596223,1.0347942301157995,11.07611473014604,4.466968607976593,71.64642929389981,1.2974734308737292,3.279677169433962,10.347137392643983,449.2836978844578,449.28369795444723,45.18869210076249,27.449167870754305,67.35958779052328,36.319493361698704,0.3924401039398841,candidate,25.75,candidate,25.25,candidate,14.5,0,193,0
AG/slow/XU_YI_CAI,AG__slow__XU_YI_CAI,AG,288,5.5593891934435646e-08,5.7268958686407245e-08,2.538787952502596e-05,1.728442102996025e-06,1.3604085708127097e-05,0,0,0,9.5367431640625e-07,2.384185791015625e-07,0,5.41092119998865e-08,5.652995094251878e-08,1.8254056942311782e-05,1.6412748488070505e-06,1.360313114551394e-05,0,0,0,9.5367431640625e-07,1.7881393432617188e-07,0,2.3210333549350535e-07,0,1.0,0.23740816116333008,0,0.001841780498713419,0.03640624636099,0,217,0.005944459693129289,0.042577895806662956,0,220,1.0082074403762817,1.4145593643188477,1.0937447547912598,0,0.012341642379760742,0,5,5,2.48762677124148e-10,1.2345212344123553e-05,9.426681657487279e-11,0.0029726364569557795,0.7534722222222222,0.7638888888888888,0.7783964365256125,0.13437268002969563,True,True,7,0,164.12994487697432,1.0409400985164063,5.768751069312612,64.16883599536094,1.048698067885392,5.244944270045489,36.80392401760072,73.21574587600605,1.1960277399732164,1.377545759280353,10.527513722329912,520.2226485761071,520.2226486251468,73.89776788272552,98.06877902744752,61.240446879740695,81.80876626796415,0.6055402641357635,candidate,37.25,candidate,12.0,candidate,19.75,0,188,0
AG/slow/YANG_YOU_SHENG,AG__slow__YANG_YOU_SHENG,AG,289,5.801133029503802e-08,5.559086591055973e-08,5.43151847650191e-05,9.631100243705226e-06,2.8793059082168317e-05,0,0,0,9.5367431640625e-07,1.7881393432617188e-07,0,5.6207717147316316e-08,5.8025500626612825e-08,4.9312060221887134e-05,8.920279655426355e-06,2.879288825514256e-05,0,0,0,9.5367431640625e-07,1.7881393432617188e-07,0,4.559218029998039e-07,0,1.0,0.23615550994873044,0,0.003300933851089649,0.03032247000272884,0,223,0.007152590307372142,0.037051764362312806,0,225,1.0123804807662964,1.398437738418579,1.100455641746521,0,0.019914984703063965,0,5,5,3.210450794099984e-10,1.8312437658013045e-05,1.448708930595899e-10,0.003600006854285409,0.7716262975778547,0.7785467128027682,0.7902219837703709,0.10254174770303802,True,True,7,0,172.00913915905466,1.0553555814124742,9.159625760315476,60.72725412028163,1.0318091793387385,8.187672475063232,2.4809708004480266,66.8961542830428,1.0321952449586949,2.2275502277887433,51.75845762593767,487.52761165335386,487.52761172398243,47.36912171591377,20.980690842524712,48.40025090803861,21.454958852076906,0.28348142545165184,candidate,29.75,candidate,18.25,candidate,9.0,0,182,1
AG/slow/YIN_YU_RONG,AG__slow__YIN_YU_RONG,AG,250,5.817500814409016e-08,5.730276675386392e-08,2.6046137634636152e-05,3.2271686674426037e-06,1.4591113810809145e-05,0,0,2,9.5367431640625e-07,1.7881393432617188e-07,0,5.8230090416167e-08,5.5025146661336066e-08,2.6446207429442608e-05,3.121812589906847e-06,1.4591247161276966e-05,0,0,0,9.5367431640625e-07,1.7881393432617188e-07,0,2.539984121363581e-07,0,1.0,0.23634681701660154,0,0.006728634134225642,0.04711564172610943,2,197,0.012037810496929868,0.05504300954096498,0,198,0.9910011887550354,6.181221961975098,1.144804835319519,1,0.030541682243347162,1,5,5,4.331248693034695e-10,9.69682649995636e-06,2.372423368868226e-10,0.011794112592391715,0.788,0.792,0.8231361426256077,0.08458265802269044,True,True,7,0,131.27213697341097,1.0478749664893559,22.13585407390211,57.09887616340069,1.085682813267117,16.244225850289236,29.5001083555904,50.43888706871308,1.232814128824826,16.5470125718592,4.1947287352695435,287.35071145089375,287.3507115190655,56.85279691863782,22.95222986983261,61.041168237487625,19.35696210570474,0.557517871748974,candidate,18.5,candidate,10.0,candidate,18.25,0,180,1
AG/slow/ZANG_YU_SHU,AG__slow__ZANG_YU_SHU,AG,336,5.846776862661329e-08,5.4154004280881907e-08,5.626414287269897e-05,8.845939700657945e-06,2.9103340406540204e-05,0,0,2,1.9073486328125e-06,1.7881393432617188e-07,0,5.751571174883452e-08,5.498397803727073e-08,5.3058240825071174e-05,8.620898005046174e-06,2.9103348211812932e-05,0,0,0,1.9073486328125e-06,1.7881393432617188e-07,0,3.653721384278001e-07,0,1.0,0.23630414009094236,0,0.003975098850576786,0.0453251706565576,2,268,0.00890912752894113,0.04305868092029346,0,272,1.0171923637390137,3.089229106903076,1.1097661256790161,1,0.015206098556518555,0,5,5,2.580515801042793e-10,1.974195345591896e-05,1.175186614688073e-10,0.000934641590139007,0.7976190476190477,0.8095238095238095,0.8022885378063845,0.12476431961510955,True,True,7,0,181.7823719491611,1.0953867652166724,7.927216525723116,47.7511247120251,1.0868468027343576,1.067218424329037,12.856681060556571,64.09252284486418,1.120191389140403,7.240070290716964,7.246182091359278,546.7335217668934,546.7335218311448,50.08222099536009,51.974311407411946,65.20229088513963,27.97772217613768,0.35709635072339124,candidate,26.5,candidate,23.5,candidate,18.5,0,190,0
AG/slow/ZHANG_JING_SHUN,AG__slow__ZHANG_JING_SHUN,AG,364,5.521155033161307e-08,5.699847593909624e-08,4.5395015457596284e-05,7.408891759048963e-06,2.6850016619556594e-05,0,0,0,9.5367431640625e-07,2.384185791015625e-07,0,5.90804277722512e-08,5.531892788290804e-08,5.094162426346291e-05,7.228712312269681e-06,2.685195345030673e-05,0,0,0,9.5367431640625e-07,1.7881393432617188e-07,0,4.2428677952233055e-07,0,1.0,0.2369558334350586,0,0.001611408464304409,0.05746225810461387,1,287,0.009018695380508701,0.06276283568885006,1,247,1.0122097730636597,1.8694275617599487,1.1455219984054565,1,0.025451302528381348,0,5,5,3.0132318862285956e-10,1.0059788641541098e-05,1.4075118848211332e-10,0.003221622784658651,0.7884615384615384,0.6785714285714286,0.7941128372853639,0.11774325429272281,True,True,7,0,182.5669720967157,1.1944240861374655,4.184949660808086,94.03613284611791,1.6829821825411846,11.649906956969664,9.328984143942836,99.82044475227245,1.8327615213317971,13.245749126510681,9.850491676484314,524.8144243948683,524.8144244687365,54.29508913750033,34.97141211440216,54.744736031321324,49.7169340624369,0.3691365220035053,candidate,26.25,candidate,23.5,candidate,17.75,0,159,2
AG/slow/ZHANG_JUN_HUA,AG__slow__ZHANG_JUN_HUA,AG,280,5.518491608125231e-08,5.299919303425327e-08,2.7641215209475554e-05,5.313564499738466e-06,1.4584949125421126e-05,0,0,1,1.9073486328125e-06,1.7881393432617188e-07,0,5.592471241655517e-08,5.41310287704988e-08,2.7721898633098402e-05,4.672005512865174e-06,1.4584944937166413e-05,0,0,0,9.5367431640625e-07,2.384185791015625e-07,0,3.4743330595610046e-07,0,1.0,0.23677897453308105,0,0.0027023364583236287,0.042669466253757164,0,230,0.01360757294273518,0.05476616171639047,0,233,0.9961481690406799,1.6038552522659302,1.1422232389450073,0,0.02871212959289552,1,5,5,5.032541050553618e-10,1.8601977234803194e-05,1.4593570796250788e-10,0.0003799959623120852,0.8214285714285714,0.8321428571428572,0.8411084088731667,0.08600486402829981,True,True,7,0,144.38923429355185,1.045527079662053,21.740941330463514,75.01260382522864,1.1744715951936555,16.399759801966507,18.944826758066878,86.72278389145723,1.2484321350245722,17.215426617077863,8.541278798372216,407.10369731691793,407.1036973763289,37.63306326676521,13.768275984154771,39.99122477644483,27.8358233989613,0.2928698220986942,candidate,16.5,candidate,11.0,candidate,15.25,0,188,2
AG/slow/ZHANG_LING_GUANG,AG__slow__ZHANG_LING_GUANG,AG,323,5.9034189425766215e-08,5.6674900550390817e-08,1.829468374138311e-05,1.8248862953679224e-06,8.438738764328796e-06,0,0,1,9.5367431640625e-07,2.384185791015625e-07,0,4.972277334314157e-08,5.645157763467523e-08,2.1368111988001547e-05,1.6933842245919067e-06,8.438867702148966e-06,0,0,0,9.5367431640625e-07,1.7881393432617188e-07,0,2.2843040157649564e-07,0,1.0,0.23587312698364257,0,0.004738873942867983,0.03576417892540167,2,257,0.007644392761867458,0.042456929066794616,0,258,1.012426733970642,4.314483642578125,1.093847393989563,1,0.020045042037963878,0,5,5,3.2586733311745775e-10,1.1141020822636257e-05,1.5087786575662676e-10,0.0028960722620861024,0.7956656346749226,0.7987616099071208,0.8158794967998234,0.0955638931803134,True,True,7,0,145.127207628075,1.0161583824761389,14.97917716088041,72.5075391865891,1.0243989879922157,11.092305941298296,13.636799006022965,68.93675886734965,1.0179461502344926,7.586712263260285,14.671392124093682,427.5124264269403,427.51242649144245,71.71124584898143,20.59130833106316,65.30094476053146,25.10966979535671,0.42738680191227174,candidate,31.0,candidate,16.25,candidate,17.5,0,176,0
AG/slow/ZHANG_QING_SHUI,AG__slow__ZHANG_QING_SHUI,AG,340,5.4128740489822746e-08,5.7746195603058936e-08,2.6239449825894853e-05,2.788275256265793e-06,1.5103825758253086e-05,0,0,0,9.5367431640625e-07,2.384185791015625e-07,0,5.656352686234101e-08,5.6336852960470196e-08,2.687501187098572e-05,2.7844879175176196e-06,1.5102947879013899e-05,0,0,0,9.5367431640625e-07,2.384185791015625e-07,0,3.7293060795029476e-07,0,1.0,0.23711585998535156,0,0.0003393563096799612,0.03769546707482448,1,290,0.006331279853870497,0.046102936115885014,0,254,1.0125375986099243,2.031702995300293,1.1243457794189453,3,0.03083360195159912,0,5,5,4.0173520066133506e-10,1.0082639064940406e-05,1.5781653761592906e-10,0.0009680574064788727,0.8529411764705882,0.7470588235294118,0.8718976305983267,0.07291007523026084,True,True,7,0,195.8606876884752,1.114957054517615,6.110413896973496,112.27150797788869,1.87850688866488,10.715179959703756,18.236166411622843,117.2618619386343,1.7464491258325516,9.789803131444474,32.771258164731655,555.1025605634849,555.1025606510892,49.47889487695174,20.43733204802061,31.369611794618876,17.873901286029866,0.21466256589747418,candidate,22.0,candidate,15.5,candidate,12.5,0,169,5
AG/slow/ZHANG_QUAN_YOU,AG__slow__ZHANG_QUAN_YOU,AG,285,5.683938930634014e-08,5.653421286666571e-08,2.483089199728205e-05,2.558970305547442e-06,1.64000453113639e-05,0,0,0,9.5367431640625e-07,1.7881393432617188e-07,0,5.900871502539928e-08,5.7204200931693094e-08,2.624366610090091e-05,2.4337746549023265e-06,1.640022228541844e-05,0,0,0,9.5367431640625e-07,1.7881393432617188e-07,0,5.829441075011491e-07,0,1.0,0.2367039680480957,0,0.0005115676638189903,0.03299186550361366,0,231,0.005562299382376179,0.04176786999159453,0,238,0.9801568984985352,1.3301270008087158,1.0763155221939087,0,0.023829102516174316,0,5,5,2.0707036085809705e-10,1.4172696098236164e-05,1.0724598986655565e-10,0.004137521865259508,0.8105263157894737,0.8350877192982457,0.8507534853735192,0.0671286969135305,True,True,7,0,163.4784984107988,1.026266787960534,14.263790654940118,59.9012567558251,1.0606977939006568,7.873567583715928,10.683014426281627,61.4080311166175,1.0859372471655542,7.353738343716588,18.548043299383608,398.7412417101795,398.7412417529429,57.76531283700963,21.823694778736176,55.58549414112972,14.830267651466704,0.37619577234823387,candidate,19.25,candidate,15.75,candidate,12.5,0,190,0
AG/slow/ZHANG_SONG_TIAN,AG__slow__ZHANG_SONG_TIAN,AG,293,5.753333720548426e-08,5.6839291717736273e-08,3.785450550538578e-05,3.461947900970999e-06,2.7534120251349816e-05,0,0,1,9.5367431640625e-07,1.7881393432617188e-07,0,5.492804933115991e-08,5.759013199657659e-08,3.9282098942058974e-05,4.082008569722059e-06,2.7534063762148726e-05,0,0,0,9.5367431640625e-07,1.7881393432617188e-07,0,2.0547812113469393e-07,0,1.0,0.2373048782348633,0,0.0018314011388566032,0.03881495603718081,2,232,0.00803043073945131,0.040881450826997505,0,232,1.0061372518539429,2.236124277114868,1.0851069688796997,1,0.017144155502319344,0,5,5,2.617907002289144e-10,1.218957333832297e-05,8.939460283130529e-11,0.006160184271035707,0.7918088737201365,0.7918088737201365,0.7983638113570741,0.12255373756817453,True,True,7,0,126.35330363282442,1.031567774811094,2.4714190697553393,69.73514148207687,1.117118416755689,9.288130229400652,27.664638299929774,70.72919295694754,1.3114536097967477,8.122268462158912,14.358444896244439,464.98062621923634,464.9806262608031,59.190115166277764,40.51155519415694,56.919220497348014,22.865753767737175,0.38600886679706004,candidate,29.75,candidate,12.75,candidate,17.0,0,173,0
AG/slow/ZHANG_WEI_XIAN,AG__slow__ZHANG_WEI_XIAN,AG,240,5.5406841781291405e-08,5.71621098233166e-08,5.116176204111424e-05,5.268088897905643e-06,2.795727125904183e-05,0,0,1,9.5367431640625e-07,2.384185791015625e-07,0,5.682617731928019e-08,5.8122257784454234e-08,5.360421023719317e-05,5.730280262846582e-06,2.7957302147326012e-05,0,0,0,9.5367431640625e-07,2.384185791015625e-07,0,2.616424234269664e-07,0,1.0,0.2363800048828125,0,0.0027052748484297506,0.04131648231785625,3,183,0.0028568889683207033,0.03308717070685543,1,180,1.0092823505401611,3.6542885303497314,1.1028562784194946,1,0.009224510192871094,0,5,5,3.3960612100258913e-12,2.109823902115464e-06,3.697042672001771e-14,0.0020429568530668796,0.7625,0.75,0.7568849366747508,0.13807599029911075,True,True,7,0,125.16849105541428,1.22149155038726,11.774034628332057,49.607756977209014,1.0431014726149024,8.460897313098139,17.100066915014345,54.92953995850508,1.052339606282665,11.10680256635424,4.49754660575897,258.3763010075478,258.37630100755734,37.213228296945296,21.249989285423574,40.09662871891041,28.83649757219515,0.4930651277871965,candidate,19.75,candidate,14.5,candidate,17.5,0,173,1
AG/slow/ZHANG_ZHI_JUN,AG__slow__ZHANG_ZHI_JUN,AG,239,5.337979969155526e-08,5.73559795213896e-08,2.6065457288844204e-05,3.784248205795926e-06,1.4376196331813973e-05,0,0,0,9.5367431640625e-07,1.7881393432617188e-07,0,5.2320644705616814e-08,5.224429822092702e-08,2.7491391093425106e-05,3.7635328111185196e-06,1.4376849668304335e-05,0,0,0,9.5367431640625e-07,1.7881393432617188e-07,0,4.389134699689381e-07,0,1.0,0.23631138801574708,0,0.0021225572279732763,0.04538882655512064,0,175,0.008874215314869538,0.05624326245172078,1,183,0.9712516665458679,1.6477571725845337,1.1049216985702515,0,0.023786997795104976,0,5,5,3.461888553601966e-10,1.9544113206600342e-05,1.2244749658663068e-10,0.0012641849583460152,0.7322175732217573,0.7656903765690377,0.7792966815255077,0.09668152550767707,True,True,7,0,138.71199007464844,1.0432536932381613,19.803521067395838,48.22986664538655,1.0123371622644604,17.868785863427004,9.622925802532011,55.0518525807232,1.0157464514799177,14.638574417347792,2.7482156769032393,342.6515247275783,342.6515247695351,37.07993322764744,23.36991512029648,47.209095414017334,15.50507585126042,0.359443956060201,candidate,19.25,candidate,17.25,candidate,17.75,0,193,0
ILO/AN_GUANG_JIE-0/before,ILO__AN_GUANG_JIE-0__before,ILO,293,5.728315222164326e-08,5.289328908197888e-08,5.441894431250498e-05,6.893135427045449e-06,2.9429065591917245e-05,0,0,7,1.9073486328125e-06,1.7881393432617188e-07,0,5.5798410558693945e-08,5.3045774217608255e-08,5.2169226675973315e-05,6.9805436161106404e-06,2.9429062553622203e-05,0,0,0,9.5367431640625e-07,1.7881393432617188e-07,0,1.2802781190979204e-06,0,1.0,0.23620014190673827,0,0.00495859049165881,0.04796800817986597,12,232,0.0041370047076929595,0.0372852461830858,4,225,1.0177839994430542,7.161910533905029,1.0919005870819092,2,0.004722315073013306,0,5,5,5.24366883247751e-10,1.665208292477897e-05,0.0,0.00297093678923821,0.7918088737201365,0.7679180887372014,0.8307959753463625,0.09301304676113716,True,True,7,0,186.92068548898988,1.0504514418657231,13.99395931054412,42.26002431768781,1.0374270745356748,3.687567670756679,12.605630836021431,57.35040229302371,1.1931055832289563,12.313191683189535,8.905115556090477,562.8158384295325,562.8158384295325,47.559472103168545,34.89358034053325,51.40387817310214,29.03153681743385,0.2894169927569163,candidate,19.0,candidate,17.0,candidate,15.0,0,192,0
ILO/BAO_EN_YUN-0/before,ILO__BAO_EN_YUN-0__before,ILO,334,5.2797025862361124e-08,5.3764862339988895e-08,2.519718258781127e-05,3.0581210496150035e-06,1.605622993880216e-05,0,0,1,1.9073486328125e-06,1.7881393432617188e-07,0,5.593334684306228e-08,5.205215036774291e-08,2.3974185160659552e-05,3.0945513529376245e-06,1.6056298353546147e-05,0,0,0,1.9073486328125e-06,1.7881393432617188e-07,0,3.369619521453871e-07,0,1.0,0.237152099609375,0,0.007591983559227078,0.045568209738749345,1,255,0.004187253173242755,0.04562046497017814,1,257,1.0311825275421143,1.91266930103302,1.1590896844863892,0,0.00637357234954834,0,5,5,6.098851423885776e-10,1.2909453330204658e-05,6.02172756103414e-11,0.002089364993898002,0.7634730538922155,0.7694610778443114,0.7901717813366735,0.11462154424264114,True,True,7,0,236.31690718452137,1.0225276831452765,20.92720725768429,76.42988499609952,1.0756255171904234,15.336065436496561,57.79558218591546,84.87792487235478,1.0718883491314761,12.242434908380648,3.437245002185783,512.744650799412,512.7446508302882,26.09579210261474,28.14009827252477,41.44442034855056,27.183357168785882,0.23961959952877643,candidate,35.0,candidate,9.75,candidate,23.0,0,193,1
ILO/CUI_WEI_PING-0/before,ILO__CUI_WEI_PING-0__before,ILO,318,5.622228016477493e-08,5.403875069642794e-08,1.0489504120911877e-05,2.0365303629032994e-06,7.546156171100173e-06,0,0,10,1.9073486328125e-06,1.7881393432617188e-07,0,5.5743725302370706e-08,5.480059739326748e-08,1.2426098803462486e-05,2.052906956914735e-06,7.546162172104375e-06,0,0,0,1.9073486328125e-06,2.384185791015625e-07,0,6.401999364991073e-07,0,1.0,0.236907958984375,0,0.0069414354630894515,0.05087728303863348,3,261,0.00475557631976864,0.04550516040942082,0,254,1.0236740112304688,2.195918560028076,1.1181962490081787,1,0.005399394035339358,0,5,5,1.0287402041342375e-09,7.036544968985744e-06,1.1495959739704631e-10,0.0006406539474834716,0.8207547169811321,0.7987421383647799,0.8374029156830591,0.09028165714594634,True,True,7,0,236.64242624405787,1.0585877201222287,7.480002955133248,60.587282611446845,1.0908660910334376,15.243192537371307,24.710282553101738,66.58012375010676,1.1699603727285044,9.010851340166974,17.348984952387045,483.63196232995557,483.6319623855537,54.98277010141901,21.638285816472795,53.498247667287444,36.40224898543841,0.34431461425592436,candidate,22.0,candidate,12.5,candidate,18.25,0,193,1
ILO/GAO_SHU_CAI-0/before,ILO__GAO_SHU_CAI-0__before,ILO,396,5.8290067439514814e-08,5.630980259851981e-08,5.1807735194134196e-05,6.010114599677707e-06,2.9809592819406498e-05,0,0,5,1.9073486328125e-06,2.384185791015625e-07,0,5.785852619233367e-08,5.624190191344525e-08,5.125082398734134e-05,4.744706886515571e-06,2.9809894142573156e-05,0,0,0,3.814697265625e-06,2.384185791015625e-07,0,1.6047732660950982e-06,0,1.0,0.23715629577636715,0,0.004423965501971772,0.0654216093802352,4,328,0.0029716039506602066,0.059154093496979865,2,321,1.0285518169403076,6.777468204498291,1.1258487701416016,3,0.006125831604003906,0,5,5,3.0856039945348357e-10,6.2219490380347376e-06,8.721234845410208e-11,0.011565348785495866,0.8282828282828283,0.8106060606060606,0.7879361573453235,0.15401908968998976,True,True,7,0,330.10387265497064,1.0695268503878026,9.1162689352302,74.06985376571417,1.101980247355802,7.188115615631154,15.19485174529772,87.17737945883067,1.0867742687445716,6.034767662701892,4.6325444309907455,452.1893099451486,452.18930998458507,51.56108419635044,103.01409933597925,46.76809811811648,72.750596960661,0.6061485147016211,candidate,32.75,candidate,16.25,candidate,20.0,0,175,5
ILO/GENG_CHUN_LAI-1/before,ILO__GENG_CHUN_LAI-1__before,ILO,361,5.610843256675935e-08,5.4538215055188743e-08,5.105061186898735e-05,7.519883155782114e-06,2.8286547806611613e-05,0,0,0,9.5367431640625e-07,2.384185791015625e-07,0,5.4951694306026866e-08,5.363490718224284e-08,4.6959641414381876e-05,7.3530752395002674e-06,2.8286665267757302e-05,0,0,0,9.5367431640625e-07,1.7881393432617188e-07,0,8.006147962813542e-07,0,1.0,0.23674392700195312,0,0.0036321974935329404,0.060890826180684914,4,309,0.0034335365728868084,0.060494040459331266,4,312,1.0207185745239258,1.919712781906128,1.1037145853042603,0,0.005177068710327147,0,5,5,3.428242134617676e-10,1.467843696764261e-05,5.29433163976023e-11,0.004577135297813006,0.8559556786703602,0.8642659279778393,0.8719524604175994,0.054886238756156135,True,True,7,0,263.31778420856995,1.0697256761858553,29.565922384730918,68.77975505333175,1.0661269457758775,15.373381249540753,14.474772944523785,56.88568470842688,1.077152471098538,15.59464250102226,15.596695693157722,467.723898702696,467.72389872745885,31.183952528871732,29.52974204474588,32.863713836960926,24.151295704086824,0.25170555628004265,candidate,16.75,candidate,13.75,candidate,13.25,0,191,0
ILO/GONG_HAI_ZENG-1/before,ILO__GONG_HAI_ZENG-1__before,ILO,330,5.2775152470374564e-08,4.9949909208812926e-08,2.9073228693184213e-05,1.0310089687121798e-05,1.5194268906309977e-05,0,0,0,1.9073486328125e-06,1.7881393432617188e-07,0,5.284529502880275e-08,5.730185292929235e-08,2.817746782107221e-05,1.0566292048205111e-05,1.519425715539611e-05,0,0,0,9.5367431640625e-07,2.384185791015625e-07,0,1.4692476837296868e-06,0,1.0,0.2371368408203125,0,0.005664394468207545,0.04129436822514348,3,247,0.004810063046301161,0.03704129461187531,4,248,1.030181884765625,2.026348114013672,1.1512305736541748,8,0.00864773392677308,0,5,5,5.362377208939506e-14,3.403303912661157e-07,1.5543122344752192e-15,0.0015088128886284746,0.7484848484848485,0.7515151515151515,0.780016597915497,0.14517073885132661,True,True,7,0,276.8483114856916,1.095138388285846,12.679528132058172,64.82024995174422,1.13136951015291,12.33626355015507,16.324484762637805,69.98983892070645,1.0565771812793725,6.504307832108723,24.535422586471324,479.5005286173313,479.50052861733207,72.28107283674848,14.50414263613729,69.0499346125796,19.354941137449412,0.3653595372002732,candidate,48.75,candidate,11.75,candidate,10.0,0,180,8
ILO/GUO_QING_SHAN-0/before,ILO__GUO_QING_SHAN-0__before,ILO,315,5.632845112568674e-08,5.5999471726408956e-08,1.2943799538549062e-05,2.8422927972615586e-06,8.182580361606125e-06,0,0,0,9.5367431640625e-07,2.384185791015625e-07,0,5.269754344006117e-08,5.2673424510985e-08,1.4425667826375294e-05,2.7987771325788113e-06,8.182290427091573e-06,0,0,0,9.5367431640625e-07,1.7881393432617188e-07,0,2.5297224824027955e-07,0,1.0,0.2366485595703125,0,0.005051238040441497,0.043327422189115825,0,245,0.00489390763637787,0.04446686985601724,1,243,1.0260342359542847,1.6867079734802246,1.144332766532898,1,0.005151337385177612,0,5,5,5.592193375036913e-13,7.824032829631477e-07,1.1102230246251565e-16,0.0019437425350397053,0.7777777777777778,0.7714285714285715,0.807238102686427,0.09128768623157237,True,True,7,0,201.60988989746144,1.0187858037783055,11.65974743815038,31.7970814468939,1.014920851650209,4.3064721597015305,5.944382602470513,73.73629215102325,1.1229202466747492,7.391708997426936,22.643472139523727,418.0792091407998,418.07920914079983,48.263244784975036,36.36724383526092,51.45274917935179,32.06918360045421,0.40220230454801675,candidate,28.75,candidate,23.75,candidate,11.0,0,172,1
ILO/GUO_YU_SHU-0/before,ILO__GUO_YU_SHU-0__before,ILO,282,5.452302986874713e-08,5.465600594334319e-08,2.6511158593925394e-05,3.3684766657937626e-06,1.3946122380530435e-05,0,0,2,9.5367431640625e-07,1.7881393432617188e-07,0,5.330928987135053e-08,5.728605900756634e-08,2.5733446688160702e-05,3.347960259029309e-06,1.3946006769442901e-05,0,0,0,9.5367431640625e-07,1.7881393432617188e-07,0,2.986238026192468e-07,0,1.0,0.23627882003784179,0,0.0028200712228946268,0.054193687780250355,2,236,0.002145358939191322,0.05344619131244259,0,234,1.026118278503418,3.695843458175659,1.1661205291748047,1,0.00770777463912964,1,5,5,8.237854842718662e-14,1.0858494543483729e-06,8.237854842718662e-14,0.006435683988023855,0.8368794326241135,0.8297872340425532,0.837169803780522,0.09892898533349319,True,True,7,1,196.64456948218304,1.150743551204766,32.53553125649424,73.3727084206082,1.1036573595870383,21.788147322461942,17.495883540936212,74.03566978082787,1.2196729706122322,17.80024436573297,15.580908930486265,578.2234765432753,578.2234765433229,23.995855364221384,10.265592971012074,43.722855506962986,29.23176005581113,0.18542322864328478,candidate,17.25,candidate,11.75,candidate,12.5,0,172,1
ILO/HOU_SHI_GUO-0/before,ILO__HOU_SHI_GUO-0__before,ILO,357,5.285181603476019e-08,5.484029053093309e-08,4.228658726130621e-05,9.716335965151424e-06,1.7631769962407262e-05,0,0,1,1.9073486328125e-06,2.384185791015625e-07,0,5.620920162652254e-08,5.787487111774681e-08,3.747942246948125e-05,9.727262188036212e-06,1.7631800645770343e-05,0,0,0,1.9073486328125e-06,1.7881393432617188e-07,0,1.653064243933855e-06,0,1.0,0.237152099609375,0,0.007142612557398786,0.07253835489611264,6,305,0.008437463990927707,0.07113460495778622,4,303,1.0369449853897095,2.4413421154022217,1.1995033025741577,0,0.007409447431564332,0,5,5,6.360963977769529e-10,9.901349517645138e-06,1.7946866215368118e-11,0.0011230386265430603,0.8543417366946778,0.8487394957983193,0.8589611545552801,0.0828151821476254,True,True,7,0,327.7864563373708,1.0611145549753753,18.84738772667392,65.19938539055735,1.0549309885552265,8.90594514609676,11.753550365400388,83.44095848394913,1.0644665797847959,12.346445759357984,37.88584558084611,433.3193614851898,433.31936149296655,25.356115402267445,18.66933560643208,30.107726730958486,9.22355228295525,0.19236788712928599,candidate,20.0,candidate,14.5,candidate,10.5,0,173,3
ILO/LIN_CHUN_YANG-1/before,ILO__LIN_CHUN_YANG-1__before,ILO,322,5.492466848000532e-08,5.775644029704097e-08,2.6915362785138165e-05,4.078683629227253e-06,1.5168600012975334e-05,0,0,4,9.5367431640625e-07,2.384185791015625e-07,0,5.6913759483023796e-08,5.7149756038654687e-08,2.8495336559763305e-05,2.4758861204912663e-06,1.5168563209967312e-05,0,0,0,9.5367431640625e-07,2.384185791015625e-07,0,5.692442732629925e-07,0,1.0,0.23725929260253906,0,0.007774180081735471,0.05936112650366982,5,269,0.0064561142065617805,0.05075405708316474,0,260,1.0321080684661865,2.317204475402832,1.331216812133789,0,0.006814908981323242,0,5,5,6.453855228016891e-10,1.83042957404145e-05,2.0135515477193167e-10,0.00010540405634951178,0.8354037267080745,0.8074534161490683,0.8143279362631715,0.12774351066563866,True,True,7,0,213.94247057995597,1.0489058281663264,25.655993176668563,83.66942412752681,1.2870652210165066,23.129700284510765,21.841742597295685,84.95194383991425,1.2921562066040915,14.82081649765783,11.398619078766782,295.63952755686944,295.63952761639797,74.79230276299376,27.92179240343678,81.68275770043516,60.3350179238109,0.8278049716958832,candidate,16.0,candidate,11.5,candidate,20.0,0,168,3
ILO/LIU_BAO_JUN-0/before,ILO__LIU_BAO_JUN-0__before,ILO,319,5.6163651174223617e-08,5.4279890804309616e-08,2.7595002051337953e-05,2.7536996935195734e-06,1.4496732677712334e-05,0,0,2,1.9073486328125e-06,1.7881393432617188e-07,0,5.33012589620796e-08,5.473519282261918e-08,2.7022676912285817e-05,2.777937434397717e-06,1.4496439500593916e-05,0,0,0,9.5367431640625e-07,1.7881393432617188e-07,0,3.1097444075811534e-07,0,1.0,0.23635940551757806,0,0.009800377672710137,0.06973042864157769,2,226,0.007137993647938545,0.0561411335422326,0,191,1.0437265634536743,2.4735167026519775,1.2370412349700928,3,0.0057203412055969235,0,5,5,7.597147355653533e-10,2.012711967541068e-05,1.7075663105714511e-10,0.0024587585246272914,0.7084639498432602,0.5987460815047022,0.7077482240211466,0.15218693209978523,True,True,7,0,175.2962585907625,1.053483752502234,4.262212281254469,62.05275677967815,1.2093650935937776,4.879551643689086,20.9322715274171,70.27711958185822,1.4196792035572605,7.655463982535843,7.483218351523484,644.9493260017732,644.9493261119026,61.11328392786445,63.191521044142846,65.74995061310034,123.57676183966018,0.4862886194726419,candidate,44.25,candidate,23.25,candidate,19.5,0,150,3
ILO/LIU_LIAN_YOU-0/before,ILO__LIU_LIAN_YOU-0__before,ILO,285,5.318103646345662e-08,5.778925515897981e-08,2.7039952289437237e-05,5.174060657836543e-06,1.48850794800109e-05,0,0,5,9.5367431640625e-07,1.7881393432617188e-07,0,5.626307575390399e-08,5.486752308048182e-08,2.7911240621042437e-05,5.177031282374567e-06,1.4884892316210457e-05,0,0,0,9.5367431640625e-07,1.7881393432617188e-07,0,1.0494244464187596e-06,0,1.0,0.23792123794555664,0,0.006869607348978013,0.0810505656312326,7,224,0.004071874488323579,0.05930228122286752,5,212,1.0403984785079956,6.550447463989258,1.2833038568496704,9,0.0072159409523010224,0,5,5,1.4824980132388532e-09,1.5258723898728284e-05,1.6605827823923391e-10,0.004084384669224894,0.7859649122807018,0.743859649122807,0.8234827668873439,0.10269791801132278,True,True,7,0,222.85401483507422,1.0221854399587555,15.121396999076714,23.272976764230513,1.0223918424733116,10.197962460517271,5.224393187807896,14.911102615203239,1.0730190408466747,21.257809379020507,2.08659342503071,460.61701570669095,460.6170157831802,44.514023580793456,29.07392958294711,40.898268175106395,12.91408584574136,0.2765861937774302,no_persistent_two_contour_transition,,candidate,18.0,candidate,17.0,1,141,1
ILO/LIU_YUE_DONG-0/before,ILO__LIU_YUE_DONG-0__before,ILO,302,5.587312923438503e-08,5.4743365840437264e-08,2.5496632396949533e-05,1.6978388049718185e-06,1.53790773783081e-05,0,0,0,9.5367431640625e-07,1.7881393432617188e-07,0,5.886221821072013e-08,5.168183236925472e-08,2.58048028577217e-05,1.7940349765002694e-06,1.5378719511829614e-05,0,0,0,9.5367431640625e-07,2.384185791015625e-07,0,2.980494493887153e-07,0,1.0,0.23706588745117185,0,0.00427406207398795,0.04604539272137353,0,242,0.002487684777009558,0.047475617345659776,0,242,1.0159881114959717,1.6756007671356201,1.1071300506591797,1,0.004459095001220703,0,5,5,8.504308368628699e-14,1.0186919467382497e-06,8.504308368628699e-14,0.0027732673548586106,0.8013245033112583,0.8013245033112583,0.8134861424172196,0.08897107844693482,True,True,7,0,225.56749110851308,1.0511701489790235,21.246186819772618,58.81771695357075,1.0716196838817251,23.633203563016583,15.733435497875652,58.19741225132181,1.1075238012263213,22.252617893592582,15.399912819255734,414.24148663565074,414.241486635686,61.866026516518005,25.52439215784207,60.5223134985085,27.567498238357217,0.42361819391005573,candidate,19.25,candidate,14.0,candidate,19.5,0,187,2
ILO/LI_SHENG_WEN-0/before,ILO__LI_SHENG_WEN-0__before,ILO,302,5.61749260441502e-08,5.4661940307454415e-08,2.8091359956335503e-05,3.3817458550550183e-06,1.5154779445102527e-05,0,0,0,1.9073486328125e-06,2.384185791015625e-07,0,5.860464047380276e-08,5.6564283701376894e-08,2.759226569653902e-05,3.364967077340575e-06,1.5154845261093617e-05,0,0,0,1.9073486328125e-06,2.384185791015625e-07,0,6.51854107802663e-07,0,1.0,0.2368995666503906,0,0.011721385317406297,0.054219394134359465,0,238,0.01149389812217394,0.05492373450379542,0,240,1.029735803604126,1.6269073486328125,1.209456205368042,0,0.00568685531616211,0,5,5,7.708945704010262e-10,2.061435926387552e-05,5.079892062553881e-11,0.0034723271198322525,0.7880794701986755,0.7947019867549668,0.8043363099742697,0.11856742848494022,True,True,7,0,255.79140428676448,1.0625330358790686,4.00859025768897,40.67005346440266,1.0341350160387164,1.502878104131096,5.4238842352384715,39.68794856373444,1.0348449605235153,4.417401092041832,13.423340462446482,459.7963004116535,459.7963004350106,41.14955567063057,31.679011408522328,61.34285146552471,26.856387033995873,0.35021553115222115,candidate,20.75,candidate,17.25,candidate,16.75,0,186,0
ILO/LI_YOU_ZHI-0/before,ILO__LI_YOU_ZHI-0__before,ILO,360,5.410829007068685e-08,5.802096181284355e-08,2.5021400474228537e-05,1.7809075209263003e-06,1.4786652067749136e-05,0,0,1,1.9073486328125e-06,1.7881393432617188e-07,0,5.588705320747067e-08,5.6882992538476174e-08,2.6690126551375817e-05,1.776779102506676e-06,1.4786506655485086e-05,0,0,0,1.9073486328125e-06,1.7881393432617188e-07,0,4.1205454581749734e-07,0,1.0,0.23738479614257812,0,0.005915435708589323,0.050020204146628264,3,255,0.003741843313723736,0.04834585115733749,0,247,1.052437663078308,2.9284417629241943,1.1528785228729248,2,0.006072497367858887,0,5,5,3.7969627442180354e-14,6.458704111514805e-07,3.1530333899354446e-14,0.0010664732995575577,0.7083333333333334,0.6861111111111111,0.7312868949232586,0.16055194805194806,True,True,7,0,220.5692772716278,1.104635822531051,7.529928235224139,64.91160405664186,1.0422802694058038,7.507650237547373,14.152739338355563,40.76604915268297,1.0300807346264238,0.24530691926686685,5.009842559173862,707.47067895405,707.4706789540722,89.08147350359039,34.72833372801655,81.96677966986967,60.0881576245071,0.37579613181855015,candidate,35.5,candidate,24.25,candidate,43.0,0,180,0
ILO/LU_FU_SHAN-0/before,ILO__LU_FU_SHAN-0__before,ILO,311,5.423900850676233e-08,5.364873700841599e-08,5.8801450729909235e-05,9.856963256366091e-06,2.9370045584547044e-05,0,0,0,9.5367431640625e-07,1.7881393432617188e-07,0,5.897825094969278e-08,5.8267550784307787e-08,5.544584469966709e-05,9.827166550846478e-06,2.9370016950828502e-05,0,0,0,9.5367431640625e-07,2.384185791015625e-07,0,3.3051062208522225e-07,0,1.0,0.2368213891983032,0,0.005244431336971944,0.0384311088718019,0,264,0.004476164598442356,0.036959720520736684,0,267,1.029693603515625,1.4911117553710938,1.1593332290649414,0,0.005138719081878663,0,5,5,5.176014061802903e-10,1.3269706199897406e-05,2.0464718808455018e-10,0.004664939242620458,0.8488745980707395,0.8585209003215434,0.8836642372455391,0.06768032168886655,True,True,7,0,232.66767665978097,1.0856027568990405,14.73278025739277,71.0998140212123,1.1780491756111187,9.29636644282124,30.028553025748593,76.07570063897818,1.174645923918745,13.393019471916906,41.35417005125517,307.1416603764296,307.1416604392853,39.67563652928927,25.16616995406281,41.263098536089664,16.765005058804558,0.4000431263623217,candidate,20.25,candidate,10.75,candidate,9.75,0,190,6
ILO/LV_JIAN_HUA-0/before,ILO__LV_JIAN_HUA-0__before,ILO,384,5.593232743628107e-08,5.228628707776295e-08,2.2350543340329564e-05,3.4077646625246816e-06,1.4855039113417714e-05,0,0,2,9.5367431640625e-07,1.7881393432617188e-07,0,5.807122338552517e-08,5.27411735395944e-08,2.6491871609376926e-05,3.4511393583805394e-06,1.485503791898467e-05,0,0,0,9.5367431640625e-07,1.7881393432617188e-07,0,3.996820227758493e-07,0,1.0,0.2365875244140625,0,0.005181451579261198,0.04550525860791464,1,303,0.0035467254064240894,0.04353934722004658,1,303,1.0339487791061401,2.058607578277588,1.2117270231246948,0,0.0068771839141845694,0,5,5,2.1815882433884326e-13,3.002455307572763e-07,0.0,0.0028286207068254354,0.7890625,0.7890625,0.7885732329273077,0.12071687605852127,True,True,7,0,158.58444956634324,1.028650310286047,22.258399402905614,84.97101551053476,1.0411439839633727,12.853807862809525,12.96100597645942,78.49148246937813,1.0191159726107444,23.15201037147411,14.361562349416195,478.45908398573033,478.45908398573033,73.8386597046562,14.235878318566753,57.097444359474686,24.479102472910807,0.35457804132875054,candidate,20.75,candidate,19.75,candidate,29.0,0,179,0
ILO/PAN_YIN_GEN-1/before,ILO__PAN_YIN_GEN-1__before,ILO,284,5.4231691359873935e-08,5.573599559660636e-08,2.6729981326258648e-05,4.850191951413785e-06,1.4405747903944744e-05,0,0,1,1.9073486328125e-06,1.7881393432617188e-07,0,5.876437858542971e-08,5.427776805788653e-08,2.585217240796426e-05,4.8023643494689294e-06,1.4405980600552076e-05,0,0,0,9.5367431640625e-07,1.7881393432617188e-07,0,3.9350595953058206e-07,0,1.0,0.236785888671875,0,0.007084927876077618,0.04093481831500199,4,224,0.004877867279462045,0.03949610518731374,0,219,1.0401042699813843,3.241520404815674,1.1191478967666626,1,0.005215400457382203,0,5,5,3.57435303577347e-10,8.31012193649401e-06,1.4344470056215641e-10,0.002003851231370146,0.7887323943661971,0.7711267605633803,0.7940125424797674,0.12101040535332656,True,True,7,0,209.87274741485558,1.0292971371538366,12.434267948462553,36.04862650806551,1.0297021079815007,4.404453863991568,8.605612339261537,36.613207793106135,1.0809335955670893,11.569110488113708,12.750395844765613,540.2364288652993,540.2364289427934,57.11994167062285,16.670164120350677,56.784682815080124,43.780648467410494,0.3227391337060814,candidate,27.5,candidate,17.75,candidate,15.0,0,162,0
ILO/SUN_DE_QI-1/before,ILO__SUN_DE_QI-1__before,ILO,295,5.645938139231532e-08,5.3068026861780027e-08,4.908876908666277e-05,1.0393599653366059e-05,2.948970473355495e-05,0,0,0,1.9073486328125e-06,1.7881393432617188e-07,0,5.733465169299734e-08,5.1690798086312384e-08,4.775228905158388e-05,1.0354892556935225e-05,2.9488925737755678e-05,0,0,0,1.9073486328125e-06,1.7881393432617188e-07,0,4.5266200269677993e-07,0,1.0,0.23641109466552734,0,0.006492431514676156,0.07096025764726199,2,230,0.004581949542624253,0.0713936076139692,1,229,1.0653523206710815,1.7967828512191772,1.21589994430542,0,0.007368803024291992,0,5,5,4.723729185585057e-10,1.0689780596419621e-05,1.482408640285371e-10,0.003498234815686785,0.7796610169491526,0.7762711864406779,0.8282444926378267,0.10055929688391736,True,True,7,0,189.87613299725177,1.0580813547526704,3.450469465951571,72.8612436734606,1.080749997462712,12.928412038912658,36.569867369489174,76.69359372835359,1.0628533868368415,9.53053156054557,21.572047454003087,407.1275990085459,407.1275990688988,69.44572220219787,26.827658880762012,77.66312188968944,18.282168445272262,0.47213372873154724,candidate,31.25,candidate,15.25,candidate,11.0,0,185,2
ILO/SUN_DONG_XIN-0/before,ILO__SUN_DONG_XIN-0__before,ILO,297,5.634566635492888e-08,5.6085535105054873e-08,1.6775986504931022e-05,1.315869807699821e-06,9.372207040257413e-06,0,0,0,9.5367431640625e-07,2.384185791015625e-07,0,5.490844012800977e-08,5.866482433170006e-08,1.4090560679362749e-05,1.35415075463996e-06,9.371906800047337e-06,0,0,0,9.5367431640625e-07,1.7881393432617188e-07,0,2.882809803828046e-07,0,1.0,0.23676605224609376,0,0.0022612444138513377,0.05622543156522049,0,222,0.0015688625324439265,0.05426694887538247,0,222,1.0211564302444458,1.8284847736358643,1.109520435333252,0,0.004878014326095581,0,5,5,2.9184832328610355e-10,5.033417898190392e-06,2.6756374893466273e-14,0.0015169876745609878,0.7474747474747475,0.7474747474747475,0.7362022153343425,0.13061342175448715,True,True,7,0,190.51921938976932,1.157501727542937,12.46149177998003,56.38151416679371,1.075182781352439,18.987753194712614,12.803034906982372,53.869749082746615,1.0562941121534721,14.264815594171475,8.003401994960651,431.4069393142592,431.40693931427074,88.52031328727956,50.98049731590276,58.515131800815844,76.04566203379933,0.6352739825498019,candidate,36.5,candidate,17.0,candidate,16.25,0,196,1
ILO/SUN_XU_XIA-1/before,ILO__SUN_XU_XIA-1__before,ILO,320,5.469965858040382e-08,5.7669543584992766e-08,2.5209569437160005e-05,4.5176003739544335e-06,1.4922438803471744e-05,0,0,0,1.9073486328125e-06,1.7881393432617188e-07,0,5.88472801599238e-08,5.8687098736243115e-08,2.5086047751066637e-05,4.524925900223353e-06,1.4922356877914972e-05,0,0,0,1.9073486328125e-06,1.7881393432617188e-07,0,6.61476618257773e-07,0,1.0,0.23642692565917967,0,0.009033041783936824,0.046140314722874734,0,259,0.00918572456155653,0.04575479838180736,0,260,0.7583695650100708,2.0848548412323,1.1764672994613647,2,0.005021095275878906,0,5,5,7.454180606103478e-10,1.6445736706291043e-05,7.922629219336841e-11,0.003057574958765019,0.809375,0.8125,0.8482938239246197,0.07043678771088735,True,True,7,0,262.4264986098703,1.0429055556102491,4.767983959135421,57.32314845189014,1.1093620071864774,9.773866083448256,16.394391194887238,66.80236960626888,1.1319575860943398,13.097506665101733,14.476123082056969,376.1033681277606,376.10336815755784,9.524355610814789,23.33607223319506,10.422517659650671,19.67991433917806,0.16740839134538693,candidate,31.0,candidate,13.5,candidate,11.25,0,185,3
ILO/SUN_YU_SHENG-0/before,ILO__SUN_YU_SHENG-0__before,ILO,300,5.847489958910046e-08,5.2145431750361126e-08,5.562875760616188e-05,7.081057628519072e-06,3.033380649995002e-05,0,0,0,9.5367431640625e-07,1.7881393432617188e-07,0,5.59488254614493e-08,5.1421671809492864e-08,5.954402020162313e-05,7.068977504770535e-06,3.033380314384612e-05,0,0,0,9.5367431640625e-07,1.7881393432617188e-07,0,2.213818257690292e-07,0,1.0,0.23735351562499996,0,0.007195757609214315,0.05183494669054682,0,225,0.004946325107254235,0.05339626948006616,2,232,1.0367289781570435,1.803126335144043,1.2624506950378418,0,0.006267964839935305,0,5,5,6.670494157035023e-10,1.8528992346775925e-06,2.6634250360757505e-13,0.0029095094587326953,0.75,0.7733333333333333,0.7933145939375522,0.10851629567727722,True,True,7,0,208.01718270104857,1.0679856524814493,10.546787415684488,100.95467618243242,1.1927694300729752,13.07515285866051,24.10212780461263,90.53222446177276,1.1455939918783715,7.260632746242361,18.97596819893156,553.3047354218268,553.3047354219741,52.50051283581191,57.07560686028128,39.01376701112887,38.65540805138784,0.3384126011786408,candidate,34.25,candidate,13.75,candidate,20.25,0,200,0
ILO/WAGN_LI_JUN-1/before,ILO__WAGN_LI_JUN-1__before,ILO,326,4.868499814403293e-08,5.274825687351381e-08,2.583896398798766e-05,4.873968060255945e-06,1.5142514248697927e-05,0,0,1,9.5367431640625e-07,1.7881393432617188e-07,0,5.4538819238558744e-08,5.564282667958054e-08,2.7966943515856017e-05,5.0788140188752495e-06,1.5142512538989088e-05,0,0,0,9.5367431640625e-07,1.7881393432617188e-07,0,3.2343760668740444e-07,0,1.0,0.2366790771484375,0,0.006118227410746302,0.05984435390765097,2,233,0.005847092307361468,0.05616966539693913,0,226,1.035241961479187,2.5373430252075195,1.233173131942749,2,0.009292370080947878,0,5,5,6.827381993090853e-10,1.741077186559685e-05,2.1295487595551776e-10,0.004217446743188025,0.7147239263803681,0.6932515337423313,0.7197901251177183,0.18638503968787837,True,True,7,0,176.3289129396057,1.1159346936107037,7.929118176778846,90.43972717270458,1.1478307461106956,5.453828850964973,4.015088975101561,81.46323661274523,1.3889222385744628,11.69528708065894,14.03621311538662,490.2334856566918,490.2334857610894,22.658879828233513,18.15754448990118,45.82309413125402,21.359289352565504,0.2203007565553904,candidate,62.0,candidate,17.75,candidate,16.5,0,176,5
ILO/WANG_JIN_MING-0/before,ILO__WANG_JIN_MING-0__before,ILO,314,5.768918631687825e-08,5.785839363170453e-08,2.721471520625514e-05,4.350532063816803e-06,2.4271983541802667e-05,0,0,1,1.9073486328125e-06,1.7881393432617188e-07,0,5.598389640759649e-08,5.62224140576717e-08,4.5081428008887966e-05,4.241374826047251e-06,2.4271829973761768e-05,0,0,0,1.9073486328125e-06,1.7881393432617188e-07,0,8.760514157823998e-07,0,1.0,0.236798095703125,0,0.00537942535989,0.04989125525714394,0,255,0.005203555438269447,0.04994507830162817,1,250,0.9808171987533569,2.2100532054901123,1.1663016080856323,8,0.010000348091125499,0,5,5,5.522747814623585e-10,1.0881013871837476e-05,1.2605916310803877e-10,0.004147448896009376,0.8121019108280255,0.7961783439490446,0.8418617477632063,0.09244392695183233,True,True,7,0,252.28046315142217,1.0312964096399015,9.316693100774325,39.50470865869352,1.0481217605928024,20.46701437230383,7.899464912242265,71.69272674896449,1.0628140876179333,14.452175753912563,33.238079332422075,315.86624168576594,315.8662417255838,34.08887763191981,36.55534829360583,58.051735376537756,9.675822642981041,0.43807082133600767,candidate,24.75,candidate,18.0,candidate,8.75,0,187,6
ILO/WANG_SHU_SHENG-0/before,ILO__WANG_SHU_SHENG-0__before,ILO,343,5.543261027973756e-08,5.713993311839971e-08,3.911800066264156e-05,8.791498277038734e-06,2.5403758918118792e-05,0,0,5,9.5367431640625e-07,2.384185791015625e-07,0,5.5931688835997306e-08,5.66888671560406e-08,4.181379346862082e-05,8.722037593181242e-06,2.5404239396984962e-05,0,0,0,9.5367431640625e-07,2.384185791015625e-07,0,1.5500501079346307e-06,0,1.0,0.23688507080078125,0,0.0027189021682395564,0.041656873464340216,3,298,0.002139095985257189,0.044087566085066664,3,303,1.0184231996536255,2.6435914039611816,1.118382215499878,1,0.006436073780059814,0,5,5,4.246368812133028e-10,3.862149208890291e-06,9.549583346313284e-11,0.0025453648919019356,0.8688046647230321,0.8833819241982507,0.8870605951279196,0.04627378394064407,True,True,7,0,273.6222652932876,1.0216952433204374,38.52386024406576,67.80428162558388,1.1032504294595888,22.03473821051876,33.3220742457334,66.04829412800585,1.058954971512139,16.91216534608974,40.54918837765692,461.92728436498936,461.9272844091015,58.27231208517479,30.53902835001873,45.252496882390474,23.64055345321106,0.34140522998664363,candidate,14.0,candidate,12.75,candidate,11.5,0,193,1
ILO/WANG_TIAN_QING-1/before,ILO__WANG_TIAN_QING-1__before,ILO,323,5.5653323727256065e-08,5.716188322679727e-08,2.5173938925722854e-05,6.137412613314852e-06,1.349876352788567e-05,0,0,7,1.9073486328125e-06,2.384185791015625e-07,0,5.551339121723231e-08,5.7165859379537665e-08,2.456578172787219e-05,6.139023251999776e-06,1.3497977375361132e-05,0,0,0,1.9073486328125e-06,2.384185791015625e-07,0,3.8694466054423054e-07,0,1.0,0.2365703582763672,0,0.007469469555185793,0.06954302867969586,6,271,0.004128213083051002,0.05166150247523455,0,240,1.0519757270812988,3.7896370887756348,1.2384098768234253,6,0.006969493627548215,2,5,5,5.590490292917139e-10,1.252114879808085e-05,1.3776502161277904e-10,0.0013171944300225391,0.8390092879256966,0.7430340557275542,0.8274997565962419,0.12190877227144387,True,True,7,0,211.414027391103,1.1311902792067599,23.52032121334217,80.77059688770845,1.1891940552445137,13.779266200042077,31.42646277885078,81.14111856820693,1.2431564959314545,10.078385808076398,20.275984448806625,476.8807356166133,476.8807356823108,29.965053344577996,41.864097698376995,45.23358679430871,12.622947322956657,0.2719457412652009,candidate,30.75,candidate,13.0,candidate,14.75,0,164,5
ILO/WANG_XIAO_LIN-0/before,ILO__WANG_XIAO_LIN-0__before,ILO,331,5.7549798482270376e-08,5.593415286497816e-08,2.7664187866667675e-05,5.8375586725195605e-06,1.5049405586221398e-05,0,0,3,1.9073486328125e-06,1.7881393432617188e-07,0,5.799529811945092e-08,4.9829501413967137e-08,2.7585910402792275e-05,5.50819273437142e-06,1.5048684672817515e-05,0,0,0,1.9073486328125e-06,2.384185791015625e-07,0,7.275036284881639e-07,0,1.0,0.2367706298828125,0,0.007561346135631863,0.06237871230447563,6,277,0.006048832372566482,0.052721895152094814,4,235,1.0516544580459595,3.7572553157806396,1.1908444166183472,5,0.005950438976287842,1,5,5,6.49821196851974e-10,1.3053349959026173e-05,3.290756556140195e-11,0.0016503578130653285,0.8368580060422961,0.7099697885196374,0.7979014598540146,0.13123479318734793,True,True,7,1,268.61173438392035,1.1139412845263699,34.10401686462025,79.73477630555709,1.1411373077366889,30.374038168249328,21.893511347483663,115.44527060391668,1.8157487060767104,11.521465387469469,9.071873809863742,658.6177573129586,658.6177573346321,46.01202996597972,13.945745155452078,49.99322920132037,21.400990239127676,0.19943585349634327,candidate,19.0,candidate,12.0,candidate,16.0,0,153,6
ILO/WENG_ZHAO_GUANG-0/before,ILO__WENG_ZHAO_GUANG-0__before,ILO,411,5.714806916579107e-08,5.7320153512563365e-08,3.5847970658269945e-05,3.587573731934565e-06,1.4281600711228218e-05,0,0,4,9.5367431640625e-07,2.384185791015625e-07,0,5.6979378326715846e-08,5.696192117987664e-08,2.8047368427985922e-05,3.4607192490156494e-06,1.428185183652034e-05,0,0,0,1.9073486328125e-06,2.384185791015625e-07,0,6.916700442061105e-07,0,1.0,0.23686447143554684,0,0.004448463548075043,0.04696367307811868,3,342,0.0009793835000606599,0.043300907754823925,0,326,1.0347075462341309,4.833751201629639,1.111508846282959,1,0.005575072765350345,0,5,5,3.339606369223702e-10,1.6720621446825117e-05,6.346023706527149e-11,0.002306754359035379,0.8321167883211679,0.7931873479318735,0.7977471484117654,0.12243421647526902,True,True,7,0,283.9649632324883,1.1184812856782569,7.457424897184775,111.14299727851832,1.2525431267766405,8.12213731153971,41.876579383307224,87.55580436401239,1.2279384323038725,13.89582883643938,13.688094393475787,516.1431505018483,516.1431505346028,57.39491628291033,58.570681490334046,72.17836438473051,32.618976631185845,0.42771649407824613,candidate,31.0,candidate,14.75,candidate,18.5,0,177,2
ILO/WU_JUN-0/before,ILO__WU_JUN-0__before,ILO,327,5.6016144611703567e-08,5.684105874870227e-08,1.4772501221672502e-05,2.0148925040167076e-06,8.079304365531598e-06,0,0,0,9.5367431640625e-07,1.7881393432617188e-07,0,5.6414842575236435e-08,5.7456655211396424e-08,1.2988675071755327e-05,2.029083124972797e-06,8.079224497433887e-06,0,0,0,9.5367431640625e-07,2.384185791015625e-07,0,4.5920660233012024e-07,0,1.0,0.2371535301208496,0,0.005652929755439962,0.036773666583053144,1,268,0.0030470623733145352,0.03910494965612079,0,273,1.0243804454803467,1.5387126207351685,1.0949628353118896,0,0.004623425006866455,0,5,5,5.5289106626332796e-14,8.918848628775431e-07,5.5289106626332796e-14,0.0006248239284396551,0.8195718654434251,0.8348623853211009,0.8024160461935876,0.11265765081294636,True,True,7,0,243.8363955812476,1.030166063607384,5.090653412025706,68.33274668882834,1.0389552846282644,31.213927198331692,22.82100355793668,87.10963523129385,1.1003233897878846,32.845864131227486,36.90775409579028,505.49223574111636,505.4922357411443,80.54109001969105,46.21465677052284,83.23629082273865,36.40091577207204,0.487431726866719,candidate,23.75,candidate,14.25,candidate,12.5,0,190,0
ILO/XIE_ZHI_FU-0/before,ILO__XIE_ZHI_FU-0__before,ILO,283,5.652440993042518e-08,5.0873540380358406e-08,2.47268841249935e-05,3.1752074769325622e-06,1.3807700165622714e-05,0,0,3,1.9073486328125e-06,1.7881393432617188e-07,0,5.4181853559320814e-08,5.902080657538278e-08,2.6120220401833188e-05,3.1733956014773357e-06,1.3807285835978057e-05,0,0,0,1.9073486328125e-06,2.384185791015625e-07,0,2.4324995540503343e-07,0,1.0,0.23637962341308594,0,0.00932509171865159,0.055793730068107505,1,211,0.0075262327921437056,0.050590615352091195,0,211,1.1067211627960205,3.9341719150543213,1.27652907371521,1,0.006621766090393066,0,5,5,4.766999017746798e-10,1.2953375638243429e-05,1.651481174036462e-10,0.0077678327077264075,0.7455830388692579,0.7455830388692579,0.7934774178537266,0.12707789353946383,True,True,7,0,194.01226008191364,1.0860590606303098,20.009767112947497,41.77554486173101,1.0568987820708762,12.189887018513918,23.61907897550542,36.63346267544065,1.061506397679433,22.449450786966622,9.917239244560236,537.3231259259426,537.3231260146805,74.70814962096522,54.62412899062234,39.15530600050748,34.4487914545633,0.377680330961809,candidate,20.75,candidate,15.75,candidate,30.5,0,185,4
ILO/YANG_WANG_QI-1/before,ILO__YANG_WANG_QI-1__before,ILO,356,5.8850899931073286e-08,5.311627315762735e-08,2.4838304057114e-05,5.411669665653096e-06,1.4171018397018e-05,0,0,4,9.5367431640625e-07,1.7881393432617188e-07,0,5.775082634329465e-08,5.6323753883091854e-08,2.8285408562237137e-05,5.371374573293064e-06,1.417146879547327e-05,0,0,0,9.5367431640625e-07,2.384185791015625e-07,0,4.761541303355268e-07,0,1.0,0.23675537109375,0,0.0059372510278628,0.06429587542654103,6,298,0.007169567594115689,0.06477335590401326,3,295,0.9991051554679871,2.6494109630584717,1.1602723598480225,7,0.013023602962493898,0,5,5,6.194562640615686e-10,1.265121068618257e-05,1.1154510648481164e-10,0.0021205100968954005,0.8370786516853933,0.8286516853932584,0.857337122601149,0.08136230289695637,True,True,7,0,287.6607161508499,1.0747903032714325,18.595355990747564,75.73268998069912,1.1563869201948767,9.688556892863897,15.567571208407168,70.15379804623433,1.177510868961997,10.193251832611745,17.687661947610458,511.61921624542913,511.61921630249776,20.45028592985183,17.1621028874673,18.307887485294184,7.9939847865819535,0.12492545051592746,candidate,31.75,candidate,14.5,candidate,15.0,0,184,9
ILO/YANG_WEN_TAI-0/before,ILO__YANG_WEN_TAI-0__before,ILO,375,5.094486976719992e-08,4.901796013534465e-08,2.7080876672366227e-05,2.261823904337046e-06,1.5167011773028936e-05,0,0,3,3.814697265625e-06,2.384185791015625e-07,0,5.816262427238428e-08,5.677789727265292e-08,2.2549003871989213e-05,2.254809501084365e-06,1.5167015982075525e-05,0,0,0,3.814697265625e-06,1.7881393432617188e-07,0,7.106186962202443e-07,0,1.0,0.2365043640136718,0,0.006357918831688902,0.1114936487193281,23,301,0.007689772121386662,0.05105159705963407,10,265,1.0222492218017578,27.563289642333984,1.1855058670043945,2,0.005680525302886963,0,5,5,6.35746677524196e-10,1.387863715631736e-05,4.968259137427822e-11,0.0008088432557347147,0.8026666666666666,0.7066666666666667,0.8046978062246544,0.11370743147505741,True,True,7,0,337.7166343671463,1.2670132267654917,29.92896925074562,55.90992032444473,1.0502199517115207,14.8675134490746,28.169913295138336,51.59142704478797,1.193367680443401,15.16721330549877,37.31415397275937,644.9403112209593,644.9403112530016,32.766950993974824,26.924614292996953,46.22771633619722,41.673504986002754,0.2288472034294551,candidate,31.75,candidate,24.5,candidate,16.0,0,167,6
ILO/YANG_YU_QING-1/before,ILO__YANG_YU_QING-1__before,ILO,300,5.569842864705521e-08,5.138536440796315e-08,2.6793520610524755e-05,7.012933119471265e-06,1.4487191951379996e-05,0,0,2,9.5367431640625e-07,1.7881393432617188e-07,0,5.4070310895326656e-08,5.063777031022454e-08,2.7138188682987674e-05,6.905077212154831e-06,1.448718493755772e-05,0,0,0,9.5367431640625e-07,1.7881393432617188e-07,0,3.798380797803698e-07,0,1.0,0.23676109313964844,0,0.007460422134773381,0.059438737239203454,0,241,0.011007098312071695,0.054578593675580114,0,240,1.0248069763183594,1.9744863510131836,1.1995849609375,4,0.018892073631286622,0,5,5,6.596537760472643e-10,7.765522554261676e-06,1.4931367253723238e-10,0.0025691435480389435,0.8033333333333333,0.8,0.833630707647433,0.09994879990070284,True,True,7,0,211.70740122934706,1.0358232718484193,8.689148232459148,56.35565043552382,1.0622962051656673,1.0786611434595426,5.184605627969015,51.25264364558163,1.024427118706149,7.620091606019815,20.948723657752183,442.94216452875094,442.94216459488825,31.659599992252446,7.387180001132799,42.550288744393676,13.14616846640135,0.21389527748127515,candidate,25.25,candidate,14.0,candidate,12.75,0,184,5
ILO/YAO_GUO_CHEN-0/before,ILO__YAO_GUO_CHEN-0__before,ILO,341,5.819546200491743e-08,5.3983736147955597e-08,2.491661041193593e-05,4.7281693977829775e-06,1.4959345168192248e-05,0,0,0,1.9073486328125e-06,2.980232238769531e-07,0,5.600039476583163e-08,5.408974523835042e-08,2.479688967862471e-05,4.54401480363964e-06,1.4959340339852919e-05,0,0,0,1.9073486328125e-06,1.7881393432617188e-07,0,9.755779812692395e-07,0,1.0,0.23714256286621094,0,0.004972549343499,0.03907376996014442,0,250,0.003491456117257874,0.0399131926443201,0,253,1.0220569372177124,1.9885048866271973,1.091339349746704,1,0.004869759082794193,0,5,5,5.001565828166576e-10,6.322621727263808e-06,5.2699844488302006e-11,0.001597425775113459,0.7331378299120235,0.7419354838709677,0.7062047527506238,0.1530123931449139,True,True,7,0,327.22102699525374,1.0632948431102553,4.572071116585973,37.39939020536818,1.0280407739850919,7.113766222168355,6.128749635566586,35.21407932752076,1.0443822641153215,5.694914283762592,5.516126002699391,577.8307489671954,577.830748997647,54.77697228319239,19.979288989413256,36.26488710131853,20.591295013731564,0.22776988524055108,candidate,30.75,candidate,23.0,candidate,25.5,0,183,3
ILO/YU_XIANG_SHENG-1/before,ILO__YU_XIANG_SHENG-1__before,ILO,296,5.8436051109111986e-08,5.616947862385757e-08,1.539610000271183e-05,3.5771215413996083e-06,8.476712984027093e-06,0,0,1,9.5367431640625e-07,1.7881393432617188e-07,0,5.198384134263989e-08,5.631430444186236e-08,1.443195195941532e-05,3.520072850631689e-06,8.477068101485177e-06,0,0,0,9.5367431640625e-07,1.7881393432617188e-07,0,7.729406942091893e-07,0,1.0,0.2370767593383789,0,0.003437374189285136,0.04027307172486274,1,234,0.0030093179609813614,0.037636816621228156,1,233,1.0223945379257202,1.8332828283309937,1.113774061203003,0,0.008035552501678466,0,5,5,4.685080101651806e-10,1.2642950998698066e-05,1.2384637759765837e-10,0.004351411636684066,0.7905405405405406,0.7871621621621622,0.8260033897712779,0.10413936502944209,True,True,7,0,207.74958499159004,1.0287617064042962,4.689903433957307,50.99210569952541,1.0506416113803256,13.669401552398071,9.860130901181467,56.23415034825218,1.0256052860797877,17.54775030598453,5.652880732629224,480.8089829603378,480.80898301988424,46.40058984410752,14.035531287426526,40.38707911069037,13.885542869639908,0.2385744592195368,candidate,20.5,candidate,15.0,candidate,18.5,0,190,1
ILO/ZHANG_HE_PING-0/before,ILO__ZHANG_HE_PING-0__before,ILO,305,5.6791144231738144e-08,5.4322104148241124e-08,2.578297449560352e-05,2.3732290182904014e-06,1.4978925376577023e-05,0,0,2,1.9073486328125e-06,1.7881393432617188e-07,0,5.853418172385716e-08,5.146139825384921e-08,2.749081250735775e-05,2.3739292912827725e-06,1.4978914207398619e-05,0,0,0,1.9073486328125e-06,1.7881393432617188e-07,0,6.173781084317656e-07,0,1.0,0.23633155822753904,0,0.004466885041819246,0.048166235224767366,1,255,0.002535701349670738,0.04409930835603598,0,256,1.0285736322402954,7.123994827270508,1.1422878503799438,0,0.0053010106086730955,0,5,5,5.247458023660556e-10,1.58576884285457e-05,2.244218144653587e-10,0.0009825840530074403,0.8360655737704918,0.839344262295082,0.8396297252270221,0.10303400051622592,True,True,7,0,210.22884446355187,1.0319274245738566,13.375690933516983,66.0672349713843,1.131219550019957,8.17287645784045,24.954873428390396,76.92004159617807,1.035678855608833,9.916520450952865,1.9917661150739538,515.3843960411651,515.3843961568286,50.19838470999384,33.06936638764482,55.088542038230955,46.11394912730314,0.3579274879851804,candidate,18.75,candidate,12.5,candidate,15.25,0,185,1
ILO/ZHANG_JIAN_JUN-1/before,ILO__ZHANG_JIAN_JUN-1__before,ILO,358,5.3190215010268105e-08,5.573096517608178e-08,5.565492623825889e-05,6.854920342906634e-06,3.087245374102349e-05,0,0,0,1.9073486328125e-06,2.384185791015625e-07,0,5.729690655265074e-08,5.5173965618493526e-08,5.5245323577152306e-05,6.898067040857214e-06,3.087233766410934e-05,0,0,0,1.9073486328125e-06,1.7881393432617188e-07,0,5.560674615234798e-07,0,1.0,0.2364349365234375,0,0.004955038481942453,0.04620578613092289,1,270,0.004592054417361435,0.044627583215835424,1,273,1.0395869016647339,1.5394474267959595,1.1408064365386963,0,0.0047316312789917,0,5,5,5.719060780506879e-10,1.572302959480125e-05,1.2032463914124492e-10,0.0017886663419004467,0.7541899441340782,0.7625698324022346,0.7477385748225538,0.15309811560198916,True,True,7,0,262.0248485167783,1.055903288742548,5.328550849883502,88.62220852844882,1.0522632526925169,4.6584775595637895,13.860799171422642,84.9360170435763,1.0972800016399553,0.672523515428982,9.786761055319698,448.7630133533292,448.76301340732647,42.95627664645719,33.35036266500808,47.3761579913164,29.41555058572571,0.3411563415756489,candidate,44.75,candidate,20.25,candidate,16.5,0,186,0
ILO/ZHANG_JIN_CHUN-1/before,ILO__ZHANG_JIN_CHUN-1__before,ILO,324,5.398866187444895e-08,5.559032323354529e-08,2.4755638571864585e-05,6.015278606037386e-06,1.4811342131405757e-05,0,0,5,9.5367431640625e-07,2.384185791015625e-07,0,5.4945569427644614e-08,5.587700369069637e-08,2.9696354218254454e-05,4.4557628013953965e-06,1.4811589261574468e-05,0,0,0,9.5367431640625e-07,1.7881393432617188e-07,0,3.0773316881615957e-07,0,1.0,0.23659849166870117,0,0.0067512459994425456,0.09094935662597513,11,265,0.005012255874013993,0.05982328796720002,4,220,1.0500069856643677,6.002927780151367,1.1894423961639404,5,0.007739126682281494,0,5,5,8.0763939980244e-10,1.4757424384539827e-05,1.8405188484393875e-10,0.0026135984497773768,0.8179012345679012,0.6790123456790124,0.8121152657186634,0.11795381844574071,True,True,7,0,201.7579676994226,1.0829046516132066,13.01175004256298,88.6229846055642,1.1348286524403794,14.453458659986694,32.21269621206096,91.35873262922101,1.1172428422485248,2.060384326997562,17.373775014870397,522.7188077114413,522.7188078076487,44.45925482297105,23.683321663962875,24.783678378929512,8.182484085942992,0.19342854598224568,candidate,29.5,candidate,11.0,candidate,14.0,0,145,4
ILO/ZHANG_YAN_SHAN-0/before,ILO__ZHANG_YAN_SHAN-0__before,ILO,282,5.2516362369914305e-08,5.7163852651420655e-08,1.46035999525581e-05,2.201561745483749e-06,7.198487139438057e-06,0,0,0,1.9073486328125e-06,2.384185791015625e-07,0,5.5697905954055216e-08,5.192573948598067e-08,1.2759764021290252e-05,2.157984485523512e-06,7.198380732405951e-06,0,0,0,1.9073486328125e-06,2.384185791015625e-07,0,3.5204565135282843e-07,0,1.0,0.23666000366210938,0,0.005155112778108539,0.04710050301818957,1,220,0.0071774451266786166,0.047282935140648075,1,221,1.0205777883529663,1.6947963237762451,1.1728737354278564,0,0.00959005355834962,0,5,5,5.999029051295679e-10,1.3829991052425588e-05,2.429551004823338e-10,0.010595588835868641,0.7801418439716312,0.7836879432624113,0.8191667992293689,0.086483906887958,True,True,7,0,199.3742089083213,1.0853548321677524,8.06565496194461,43.40069878563857,1.082123094799502,2.2896431747604566,11.977439956093994,49.4346119678928,1.046941338385323,6.4085575736124065,9.04267659782442,359.2153302158456,359.2153303031188,19.514505818442732,14.198717843920772,25.135160519488746,18.74418445292996,0.2160057271756938,candidate,22.5,candidate,13.0,candidate,14.25,0,189,1
ILO/ZHANG_YONG_SHENG-0/before,ILO__ZHANG_YONG_SHENG-0__before,ILO,308,5.73736979037065e-08,5.851672313372802e-08,2.4732664024325888e-05,3.783487613401304e-06,1.4151020483022256e-05,0,0,0,9.5367431640625e-07,1.7881393432617188e-07,0,5.495003796429643e-08,5.739177777464022e-08,2.5198266856285663e-05,3.7406897278047246e-06,1.4151137408358936e-05,0,0,0,9.5367431640625e-07,1.7881393432617188e-07,0,3.690650182264223e-07,0,1.0,0.23663330078125,0,0.005053249604568988,0.037388617781062596,0,243,0.0034075647942617415,0.03710258394710322,0,245,1.0188394784927368,1.4066162109375,1.08767831325531,0,0.004460430145263672,0,5,5,5.444298345480547e-10,2.0701915942807295e-05,7.927158929277311e-11,0.0017667901463473967,0.788961038961039,0.7954545454545454,0.8212799814351307,0.10092990104261632,True,True,7,0,274.1209872001988,1.02732868840365,11.224810874145332,30.51159220076132,1.0334531773709357,6.587522396467796,4.885909381910254,33.36175659150763,1.0135005962539838,11.764590774320814,13.023450509968479,495.3662391145582,495.36623915382665,44.28102660872404,73.61709556673866,58.0502691350503,27.84459024516906,0.4113986086411472,candidate,21.75,candidate,21.5,candidate,18.0,0,186,1
ILO/ZHAO_CHANG_SHAN-0/before,ILO__ZHAO_CHANG_SHAN-0__before,ILO,285,5.6274184423443785e-08,5.298134597708781e-08,9.863285524772349e-05,1.4207021962669986e-05,5.897831712126808e-05,0,0,2,9.5367431640625e-07,1.7881393432617188e-07,0,5.6597882824860335e-08,5.72278483490507e-08,0.00010142575239114215,1.4201798505357466e-05,5.897826565364279e-05,0,0,0,9.5367431640625e-07,1.7881393432617188e-07,0,6.320211085819591e-07,0,1.0,0.23664121627807616,0,0.005276767633244139,0.06139302385856849,1,223,0.008881369747320345,0.058453916456457485,1,208,1.0495117902755737,2.06931734085083,1.2465879917144775,4,0.011966884136199951,0,5,5,7.053927442157715e-10,5.499854958528768e-06,1.1120337983783202e-10,0.008845321488831659,0.7824561403508772,0.7298245614035088,0.827844793303918,0.1035279413714091,True,True,7,0,189.8697887707098,1.072356169769126,6.101170122315436,67.14847688999228,1.0844327816774826,10.75629623475826,29.48420986250031,49.855721256838244,1.054409946704838,13.656560402342844,19.381561253058713,420.92454064766036,420.9245406944686,35.692819858063686,12.654166772807717,34.85912824696722,16.296070910648503,0.23638960471233622,candidate,28.0,candidate,11.25,candidate,14.75,0,177,4
