arm,fold,step,phase,q_norm,r2cb,r,r2_fit,alpha,beta_n2,ccc,slope,spearman,r2_casemean,nmae_range,nrmse_mean,nmae_casemean,r2cb_norm,top10_ratio
T0,0,1120,decel,0.138366,0.5870991088634941,0.7759656041763597,0.602122618864783,0.6995953195030717,0.009191089620209758,0.7244801243792575,0.5428619047771545,0.7394255195080764,0.5360585876844468,0.008230326871135656,0.8536662802432012,0.03933488399877195,0.6398570736285758,0.666033321659469
T0,0,1122,decel,0.14356,0.6034088162687291,0.7892042130405502,0.6228432898809542,0.694905526958689,0.010542231415459624,0.7344437898720088,0.548422369540961,0.7499726157216178,0.5584973539517428,0.007784004728711789,0.8179623536347227,0.0388813958340804,0.6520735271467627,0.6797451892867898
T0,0,1124,decel,0.145546,0.5960812625045114,0.7884683604663082,0.6216823554564281,0.6793153251484719,0.013686707832819889,0.7261857509688199,0.5356186406594527,0.7484378412748427,0.5500643587549671,0.007501862466423504,0.8349990777327009,0.03884607377915727,0.6497851058873725,0.6657761158869414
T0,0,1126,decel,0.142589,0.5714749587526543,0.7770508133941575,0.6038079665965218,0.65203715538407,0.016704593154804326,0.7027964438728833,0.5066660019544043,0.7447315920966782,0.5280369827932339,0.006963007286462796,0.8947493335811342,0.0393311927619258,0.644917074859013,0.6385785030204161
T0,0,1128,decel,0.134389,0.5348680429638892,0.759239370611827,0.5764444218870431,0.6046324039004319,0.01767306476745545,0.6637406030307854,0.4590607257888799,0.737794433155297,0.49716369503341656,0.0067437712032643055,0.9834077791651414,0.03971060344674112,0.6327090576429477,0.5941547623898276
T0,0,1130,trough,0.122509,0.49226077123156664,0.7401634791558783,0.5478419758761344,0.5469124121264236,0.01823522973654501,0.614574836470112,0.40480459375302724,0.7067649344538963,0.4573579987942505,0.0068656976816261,1.0460670852227398,0.03960658947023049,0.6012196451633172,0.5505934879539228
T0,0,1132,trough,0.110418,0.45808091686241215,0.7140807579857803,0.5099113289255466,0.5219345413065043,0.014910243478975127,0.5790350528983119,0.3727034128751091,0.6445606722309613,0.41562242752925654,0.007375173513790708,1.0549957926181834,0.04116547806483895,0.5243714009147566,0.5333757501017419
T0,0,1134,trough,0.103096,0.4614223967712664,0.7078752164724337,0.5010873220958948,0.5426159497255414,0.01235430007890792,0.5878610184379358,0.3841043828733628,0.6501379997906714,0.42119757620572285,0.007366286027605126,1.0440943326555683,0.04195929447238033,0.519896658485731,0.5500084622074862
T0,0,1136,trough,0.106265,0.5345132132229691,0.7432276305283145,0.5523873107807328,0.6430311884988759,0.007834770562405113,0.6724977372538428,0.4779185465838255,0.7241772475245873,0.5014032488717034,0.007672686779542265,0.9554740458084713,0.04221462655710258,0.6023810738383882,0.6309651400388674
T0,0,1138,trough,0.125362,0.6649930727669695,0.8203309130287096,0.6729428068705163,0.7592787636880534,0.004222369164433082,0.7880677625836909,0.6228598414595307,0.798772416634597,0.6286987868506306,0.006705709777625136,0.6947558164139679,0.03919357172815026,0.7080763951377036,0.7745630086435521
T0,0,1140,accel,0.164472,0.7712199390206902,0.8783093478090473,0.7714273104487541,0.8898235156444836,7.47953671212942e-05,0.8723226292222088,0.78154031169086,0.873804903709904,0.7224588741649786,0.005643951108761579,0.5116356951965463,0.033371999180410554,0.7963365459003569,0.9031402025012535
T0,0,1142,accel,0.225431,0.8186176254039093,0.906173842126636,0.8211510321545494,0.9481006592295677,0.0007755487582574716,0.9045190293238068,0.8591440170968537,0.9170425901728573,0.767367471835178,0.005014825846565724,0.4458975948053975,0.0290845103910111,0.8537579104518002,0.9552751430350465
T0,0,1144,accel,0.307278,0.833239535472555,0.9135481282225548,0.8345701825789335,0.9272710628771916,0.0011423281708430322,0.9103907583830009,0.8471067438463974,0.9342308066724943,0.7933571890002511,0.004562706976878031,0.4431944067843397,0.02578623816846447,0.8802868053725118,0.939360001991557
T0,0,1146,accel,0.406197,0.8279032617073127,0.9109268594252862,0.8297877432224151,0.8713359885015779,0.0003170444546047868,0.9021923906682057,0.7937233555099696,0.94031843085011,0.8066240835769859,0.004361202236486514,0.4810166277658109,0.02310390866453482,0.8919562489245307,0.8890013848831843
T0,0,1148,accel,0.515946,0.8098500526445549,0.9044515136546916,0.8180325405522627,0.8143434919833593,6.303233818660825e-05,0.8856734915457698,0.7365342039591966,0.9406066272832089,0.80559111585208,0.004504936776758848,0.5450522547455311,0.02161233143846982,0.8945768806804818,0.8324919465976225
T0,0,1150,accel,0.628717,0.785258282889536,0.8956224342106194,0.8021395446613553,0.7699244480289258,0.0010812780416860068,0.8652698151718343,0.689561608301934,0.9373148389547012,0.7938674503219866,0.004763559475750627,0.6213268050783999,0.02114680140922514,0.8907249972331179,0.7827268048149985
T0,0,1152,accel,0.736242,0.7631807638153663,0.886817757096364,0.7864457343014257,0.7432587475594952,0.0026557812668526193,0.8477134213363997,0.6591350554529641,0.9328123720806054,0.7790181125829514,0.00515373207758433,0.696059320799091,0.021308270295324148,0.882806606763628,0.7461574425367843
T0,0,1154,peak,0.830951,0.7486058784656173,0.87865679672256,0.7720377664267501,0.7380241006546998,0.003654332757817569,0.8376357189004114,0.6484698921853067,0.9280952103801902,0.7659725900066835,0.005335441657827541,0.7576943142019376,0.021769611865397866,0.8740893119043769,0.7292324879122446
T0,0,1156,peak,0.906964,0.7422543917825966,0.8716405730387997,0.7597572885674071,0.7537725003053285,0.0036100142149078085,0.8360170527340072,0.6570186941070254,0.9234436808860821,0.7556243593447387,0.005297144335028807,0.8014519358086912,0.022302123748956595,0.8664163010832782,0.7308343807593661
T0,0,1158,peak,0.960739,0.7392084255282967,0.8653910609516057,0.7489016883749456,0.7831368444211345,0.002927506709607286,0.8386421229990998,0.6777196246638981,0.9184533396665219,0.7455685296984617,0.005354889762096789,0.8319067531363268,0.02303073227575816,0.8587994804430458,0.7450115111327683
T0,0,1160,peak,0.991296,0.7335267342040801,0.8587439562753616,0.7374411824394601,0.8175469769731105,0.002217257131750028,0.8404925085109825,0.7020635254468509,0.9126860851490588,0.7329091131849192,0.005502000398324702,0.8592065785184536,0.023780672637660386,0.8508254371271469,0.762920837980914
T0,0,1162,peak,1.0,0.7223579341060883,0.851016614164344,0.724229277583744,0.8508845014763221,0.0018713260238933938,0.8391297495522455,0.7241168474912955,0.9064273248079635,0.7154864603566413,0.005753925229145871,0.8881728924772306,0.02478465866361309,0.8432336520745938,0.7779988550747505
T0,0,1164,peak,0.989996,0.7047016796667525,0.841252645484034,0.7077060135338858,0.8721592998021589,0.0020491125859932735,0.832474905093677,0.7337063182420689,0.8990295059709636,0.6936753330668751,0.0058938320888144045,0.922448535403615,0.026027622362686336,0.833683017937048,0.78217937620266
T0,0,1166,peak,0.965439,0.6846133232193093,0.8304770981934195,0.6896922106237626,0.8802659002359566,0.0025999625956223404,0.8225640778694082,0.7310406704665754,0.8918841329566637,0.6705760948571038,0.006012025057222923,0.9591337051467689,0.027216475005548576,0.8232720015460874,0.7768548785608389
T0,0,1168,peak,0.930694,0.6663565951965482,0.820804025378118,0.6737192480769222,0.8859838939767514,0.0031142376098388658,0.8134070690520598,0.7272191465962973,0.8855616172373157,0.6489974086890969,0.006295917574231075,0.9894378253325834,0.028190870452250077,0.8146609463884892,0.7708012828415697
T0,0,1170,peak,0.889659,0.6511503782313847,0.8129272999027357,0.6608507949271524,0.8928899743827778,0.003306387385766607,0.8062548117800281,0.7258546359852145,0.8791948263868853,0.630955738873498,0.006508150366155986,1.012371743578188,0.029046053459540377,0.8057790289274743,0.7686751002205245
T0,0,1172,peak,0.845329,0.6385303556805977,0.8067172301933129,0.6507926894907705,0.9026624746215018,0.0030568438817878407,0.8011561051191833,0.7281933713260995,0.8727998593501735,0.6163961976608462,0.006653783213719617,1.029843850619556,0.029730079444983622,0.7972603532869074,0.7711480877643853
T0,0,1174,accel,0.799638,0.6276637429348642,0.8016540591453513,0.6426492305442183,0.9128254620005906,0.0026264067965522386,0.7971888576157002,0.731770236904004,0.8665969007176555,0.6041606583521822,0.006764725933203196,1.0446231538448139,0.0302294399701646,0.7893056937248661,0.7757272734659825
T0,0,1176,accel,0.753564,0.6176343162541207,0.7968619420137811,0.6349889546299747,0.919769900185924,0.0022482721938087424,0.7931173445590917,0.732929628867977,0.8603015043511004,0.5930939159008924,0.006834948341075416,1.0589401869258905,0.03061162087894495,0.7809357257772628,0.7792062043796784
T0,0,1178,accel,0.707404,0.6078422830502226,0.7918902611586741,0.627090185717953,0.9232290365965866,0.0019980287342000747,0.7885201058344158,0.731096082899742,0.8536989141106741,0.5816021233910526,0.006903606340069533,1.0739802238354985,0.031006005805884123,0.7719630272623663,0.7794477683607399
T0,0,1180,accel,0.661118,0.5984342491839232,0.786280303109235,0.6182367150575505,0.9197938540596243,0.0019765975862450214,0.7827022020216835,0.7232157903680129,0.8462940435109907,0.5700034168881006,0.006972500559109513,1.0892841676979168,0.03146085742218206,0.7622271304534002,0.7745207418508663
T0,0,1182,accel,0.614643,0.5914624694422727,0.7805002083787141,0.6091805752792162,0.9048592402711708,0.0022529370237145407,0.7756549534036705,0.7062428255850538,0.838201226160921,0.5594400527123508,0.00701684641924087,1.1009763261913506,0.031904647057259775,0.7516311904139754,0.7611627534814311
T0,0,1184,accel,0.568077,0.589449724834043,0.7752305481478917,0.6009824027816807,0.8665524943587007,0.003192980087907693,0.7659490207246575,0.6717779652006184,0.8285040225722144,0.5520730139085799,0.00675082793953273,1.1059149468518479,0.03231048349418603,0.739197056808771,0.7322247914151161
T0,0,1186,accel,0.521728,0.586042172322156,0.7697408705940845,0.5925010078629391,0.8103040162238058,0.004813466757405016,0.7508388609609559,0.6237241188939954,0.8169082853836961,0.5435356844550155,0.006361022551904212,1.113307195159047,0.03289450869384132,0.7231245770060195,0.6912019536480841
T0,0,1188,accel,0.476028,0.5751079324585862,0.7630121374479689,0.5821875218929182,0.7505752808575842,0.006924914032482299,0.7294177739672344,0.5726980493627549,0.8028039502963985,0.5290784419533103,0.006071907714069228,1.1294569133039865,0.03369242984909303,0.7026087969286273,0.6468941626374475
T0,0,1190,accel,0.431376,0.5548255786076255,0.7538488163889849,0.5682880379710735,0.6904570206905163,0.00944393960157175,0.7004562247303976,0.5205002078150106,0.7855610915377464,0.5065671362878028,0.005838154363176671,1.154930507164368,0.034810634442548984,0.6776487060414643,0.6016275308910413
T0,0,1192,accel,0.387986,0.5250345046600977,0.7417057011452439,0.5501273471113579,0.6294892263234074,0.012500305229820263,0.6628478167082837,0.4668957479735801,0.7647751442270426,0.4745735361080181,0.0055880826170955425,1.1879018576642697,0.0362239354901528,0.6480069691050472,0.5552939066565594
T0,0,1194,accel,0.345798,0.48595575955332027,0.7252143302904843,0.5259358248586757,0.5702611584061844,0.01596957982835001,0.6167187985064975,0.4135615640842168,0.7403678948980352,0.43341483948762005,0.0053957931451240155,1.2234012443261393,0.03773527927356079,0.6146138867068713,0.5089756673889966
T0,0,1196,accel,0.304512,0.4398922953422095,0.7043636913826224,0.4961282097381542,0.5131237312041449,0.019663192026878995,0.5634251470640829,0.36142572544697604,0.7113946198824578,0.3854356299510937,0.005216296987605963,1.2547249015513522,0.03900838215817751,0.576993369849768,0.4650063144557526
T0,0,1198,accel,0.263724,0.38992913656003103,0.6780142104902651,0.4597032696267375,0.4612038578839401,0.022767404069427455,0.5062059767731265,0.31270276957824406,0.6758787601578574,0.3344687411905472,0.005057068604491557,1.2736575175407712,0.039958764242916216,0.5347516174299403,0.42653592080971364
T0,0,1200,accel,0.223146,0.3406414634554712,0.6460615707908071,0.417395553252685,0.4173382111746292,0.024439714563102455,0.44989776235425494,0.2696261802625065,0.6332916506233528,0.2861766370722148,0.004904748455399939,1.2714345211566709,0.04130281603478906,0.4882791953244968,0.3964302923035648
T0,0,1202,accel,0.182834,0.2979059423636613,0.6099589105387346,0.37204987254560007,0.3871302325611866,0.024491310452716963,0.40214807758374127,0.23613353488962838,0.5882906723586787,0.2450586418117155,0.004785114948015775,1.2395393827863437,0.04226350853704783,0.4412053026576742,0.3790393962348439
T0,0,1204,decel,0.143355,0.26475901935501034,0.5736514725241146,0.32907601192908503,0.37174273488253634,0.023549854238058998,0.36712225726403847,0.2132507672655085,0.5476953194071147,0.21229680126331563,0.004791238912840139,1.176761513767864,0.043629510884607224,0.40009780385895855,0.37430111914992326
T0,0,1206,trough,0.105832,0.24231649302908043,0.5429468386661066,0.29479126961751917,0.3699957694085619,0.02256270423111073,0.3465201165996856,0.20088803332021243,0.5179307639332569,0.18732570781345526,0.004991848341094524,1.0904338942841625,0.046528673489190125,0.37104368636771135,0.37852253137074554
T0,0,1208,trough,0.071839,0.22760374664343697,0.5192722541606968,0.26964367394113126,0.37731814276758396,0.02188895755628603,0.33657634801598274,0.19593084253065093,0.494955014820656,0.1677867609974264,0.005354849279373744,1.0025494457446988,0.050320048474441534,0.346665694193364,0.387074766799269
T0,0,1210,trough,0.043158,0.21801086191780372,0.5036171126244016,0.2536301961281392,0.3865129572534365,0.021905951005188357,0.33237400463368516,0.19465453952389444,0.47971747858595554,0.15325285125699423,0.00580665285423782,0.931511184184368,0.05391203308609752,0.3264046413835482,0.3924500342416059
T0,0,1212,trough,0.021454,0.2098445086846713,0.49295929909098907,0.24300887056027923,0.390148733503331,0.022594349479153758,0.3274187032597473,0.19232744620903913,0.46688913943616245,0.14283249795980832,0.006137364305102732,0.8893540875707407,0.05704891386526933,0.30855346133697636,0.3933002210569268
T0,0,1214,trough,0.007926,0.20375916544360284,0.4881968671161608,0.23833618106203436,0.38685042227037575,0.02430591373555177,0.32174741704128096,0.18885916419496132,0.45846653669544785,0.1373278665576272,0.006376388989261686,0.878323664643677,0.05864197807558175,0.2988128572752644,0.39019135334895083
T0,0,1216,trough,0.003045,0.2017927499525224,0.4905237443133169,0.2406135437351563,0.37819208905317225,0.02620239300914992,0.3173232604744502,0.18551219959203744,0.45733163724268044,0.13792060437503678,0.006468260463062123,0.8936719851951082,0.05901808668610165,0.2917600714623798,0.3827692769043401
T0,0,1218,trough,0.006411,0.20808924333751722,0.5066064140427744,0.256650058749279,0.3717367743956165,0.030370995713207505,0.3223186813146135,0.1883242342443911,0.48373088877849674,0.14974971296242007,0.006386675208330024,0.9243842379208014,0.05819698597119458,0.3071354124481973,0.3743562674715125
T0,0,1220,trough,0.016793,0.22833029426592966,0.539989485441355,0.2915886443872194,0.3779764812323089,0.037010136588449316,0.3459740919576085,0.20410332560956848,0.5380101323053857,0.1791152858704677,0.00632841460246712,0.9610799287421334,0.058275600925858165,0.3477537987636762,0.3703691677558665
T0,0,1222,trough,0.032322,0.26756433026401505,0.5864043539576637,0.3438700663405049,0.4076073189785326,0.04433735635916125,0.3949218371797058,0.23902270655402175,0.5989558720622454,0.21225172406593099,0.006671243029581885,0.9713691095534621,0.05997539119890656,0.4234271881070758,0.3802777345602739
T0,0,1224,trough,0.050802,0.3235687136140646,0.6274306729443508,0.39366924935140096,0.4608631998839975,0.042355812655624825,0.4609038389144156,0.2891597076385034,0.646353123566748,0.2624605873833819,0.007129946646242212,0.9465819319824851,0.060043728968495594,0.5055960597310434,0.41300636104300337
T0,0,1226,trough,0.070062,0.3873479068812268,0.6641008116053655,0.44102988797490517,0.5222227996171706,0.03355261080795596,0.5309909600142817,0.3468085850645891,0.6831365165558706,0.32032540081904903,0.0077044836452252715,0.8938016097381725,0.05781674045342537,0.5789689348354061,0.4608017390814402
T0,0,1228,trough,0.088271,0.4364649751422115,0.6889880993454608,0.47470460103967055,0.568675317985422,0.02376446053887049,0.5816854229928934,0.39181052648345144,0.7066120569532118,0.36865207317403464,0.0075840710653695504,0.8430072184742757,0.054877188687628135,0.6176308485446546,0.508527357925694
T0,0,1230,trough,0.104151,0.4748082656054792,0.7062500481132793,0.49878913046000933,0.6073369385643964,0.014197061613900885,0.6202669804161255,0.4289317420820767,0.7201146222753438,0.40448990500687165,0.008054932856918677,0.8057042576319119,0.05200239521289966,0.6282941852449917,0.5493756904370947
T0,0,1232,trough,0.117053,0.4984828191192049,0.7179993828734708,0.5155231138066848,0.6338461115008173,0.009958521604760517,0.6447472665818527,0.45510111689433597,0.7331047520800744,0.4279080040729697,0.008020169846624736,0.7827682358613773,0.049621000096956455,0.6357474041930116,0.5814094019663036
T0,0,1234,trough,0.126894,0.5159818002405517,0.7264821810784993,0.5277763594245733,0.6567319974161375,0.006929471063088388,0.6634617442925268,0.47710409386691494,0.7417635517446903,0.44458476314769063,0.008407611161932978,0.7699539405926429,0.04800781029532823,0.6375905007880114,0.6065869939680232
T0,0,1236,decel,0.133992,0.527309047518265,0.7320173212054792,0.5358493585448457,0.6760184334142146,0.00540443559272219,0.6767715941920801,0.49485720271339806,0.7472347896861153,0.4571970129663785,0.008480605001539016,0.7638748376119654,0.046345883518750935,0.6375937343815341,0.6253530947022979
T0,0,1238,decel,0.13886,0.5359203544785369,0.7368785564251454,0.5429900069192063,0.6896986249146325,0.0048437065033326565,0.6865444780800202,0.5082241270955022,0.7493408860277293,0.4667923127654426,0.008563673512408743,0.7611690930514787,0.04516448079344388,0.6355848231196988,0.6412641178082483
T0,0,1240,decel,0.142008,0.5424191067977047,0.7404243961894184,0.5482282864724648,0.7024618092770359,0.004368021669679867,0.6945022063588915,0.5201198609800757,0.7493647627841232,0.4753221693926523,0.0087014655668474,0.7603388412892609,0.044281448696882775,0.6335057144886851,0.6533051774568817
T0,0,1242,decel,0.143829,0.5490516174620417,0.744872526950255,0.5548350814052583,0.7105362936320198,0.004604487024732373,0.7012530991420163,0.529258964527551,0.7514691839635208,0.4837779793947764,0.008288683330783416,0.7604730493851442,0.043230690413090266,0.6372389600991988,0.6617059650087856
T0,0,1244,decel,0.144562,0.5550250223382001,0.7490318943724309,0.5610487787871524,0.7182083424330721,0.005073665094794011,0.7074259398491383,0.5379609552867275,0.7520648191325244,0.49156541159523726,0.008164858144477297,0.7620495814032274,0.04210006576438646,0.6398661190648506,0.6683654147557399
T0,0,1246,decel,0.144347,0.5598048686400703,0.7524319560657916,0.5661538485089933,0.724715936119651,0.00558080210726819,0.7124399924576609,0.5452994294065603,0.7511528864885993,0.4982257921737029,0.008270817872483264,0.7658771138960154,0.04106636378030102,0.6405352929156531,0.6735837819713884
T0,0,1248,decel,0.143324,0.5621805541838153,0.7546487748773356,0.5694947734238636,0.7278486702122211,0.006595973629987095,0.7150280255902551,0.5492701072717505,0.7493384933094885,0.5013311623151498,0.008704857518303818,0.7711497025820513,0.040355540338298565,0.6405469425322157,0.6760905793541655
T0,0,1250,decel,0.141737,0.5638258872477546,0.756372200214537,0.5720989052573796,0.7287511469554024,0.007510095426480956,0.7165101903110723,0.5512071084315251,0.7464200574008055,0.5045136757097725,0.009430765961570484,0.7779133661923803,0.04031285224721851,0.6395970088598795,0.6775602608379468
T0,0,1252,decel,0.139984,0.5652804320871887,0.7577936573995482,0.5742512271949838,0.7287064229526478,0.008124727900026163,0.7175564306756421,0.552209105419829,0.7428516283269407,0.506478663768658,0.010278499186035276,0.7847117316207718,0.040359194141746664,0.6382931353640477,0.679324307621492
T0,0,1254,decel,0.138593,0.5676443962498532,0.759643934130056,0.5770589066605889,0.729225406391532,0.008489223580956384,0.719296801983057,0.5539516565788523,0.7371662061620539,0.5062765923195943,0.0112461948402014,0.7897087528177623,0.04093129942395423,0.6337784349414433,0.6823710672290847
T0,0,1256,decel,0.138119,0.5735087018149994,0.7634843049482536,0.5829082839023179,0.7286954085147566,0.008189314772257927,0.7229111937016649,0.5563475074888726,0.7315707919972295,0.509623662570034,0.011788455378108608,0.789637034703946,0.04106598850116728,0.6295034110702941,0.6865080905399175
T0,0,1258,decel,0.138984,0.5840076602052489,0.7702429119098781,0.5932741433474084,0.7312328608278669,0.007744699056738247,0.7303035004239086,0.5632269280082468,0.7290453032446598,0.5155542535534213,0.011636776368116783,0.7810218913422987,0.040395589165983965,0.6279049612020828,0.6956237996625577
T0,0,1260,decel,0.141323,0.5979867120896634,0.7796192685928943,0.6078062039613195,0.7333292959215283,0.007676730301740431,0.7398727518942811,0.5717176493240841,0.7278051925557562,0.5240471466690843,0.011055843339260603,0.7655968440839364,0.04010921917968602,0.6286821749151137,0.7062658610331218
T0,0,1262,decel,0.144882,0.6120550795290245,0.7889613082131863,0.6224599458574624,0.7371161081972963,0.007716941563750357,0.7498835337272707,0.5815560890283515,0.7312373324692166,0.5340219366629827,0.010483559262473076,0.7466341956216914,0.03973571688046605,0.6337337753825687,0.7174720556399932
T0,0,1264,decel,0.149013,0.6236062058426446,0.797029857415001,0.6352565936109767,0.7376267368132583,0.00812165703110701,0.757511795639342,0.5879105328677637,0.7337236884624017,0.5428004883259657,0.009911963101357581,0.7323440250141313,0.03958640846069204,0.6380957964050573,0.7244722081853212
T0,0,1266,decel,0.152788,0.6278591790961319,0.8007918002838182,0.6412675074017986,0.7344047101971067,0.009001082575485708,0.7596535061143355,0.5881052700156569,0.7319304641156101,0.5449508236018614,0.009471712109401906,0.7300059111359319,0.0393255541641634,0.6352110231914714,0.7231600953367008
T0,0,1268,decel,0.155218,0.6253186111012757,0.8008219295533672,0.6413157628535782,0.7259436352621227,0.010390392796336245,0.7562864880925594,0.5813515827375989,0.72824757174101,0.540874046954694,0.009147188872375,0.7416521606812764,0.0391953345894987,0.6301596641878487,0.7132261138423657
T0,0,1270,decel,0.155519,0.6162797918494585,0.7984135496655576,0.6374641962895558,0.7097840974882086,0.013329224646840276,0.7470737134463796,0.5667012407717248,0.7263892791529369,0.5300705215761053,0.008767388700140865,0.7660679873887725,0.039372163451521905,0.6300748298924632,0.6947540638164799
T0,0,1272,decel,0.153355,0.6011967269891549,0.7919381326665744,0.6271660059714208,0.6921471470515892,0.016011038172255687,0.7332560018513238,0.5481377191665324,0.726696724994499,0.516216204288929,0.008452474982483589,0.8024760409186115,0.03948791374305018,0.6327436914019702,0.6718127496409873
T0,0,1274,decel,0.148997,0.5838678751192214,0.7825920308792821,0.6124502867957592,0.676562470784001,0.01734014406253892,0.7178912374164491,0.5294723980275563,0.7277286666516501,0.5036515211998338,0.008423654447967659,0.8443487047245721,0.039482432788778284,0.6342651564143758,0.6497208390119306
T0,0,1276,decel,0.143318,0.5683268396134098,0.7737102813366703,0.5986275994460695,0.6605186561423865,0.01748841581853655,0.7030670757669637,0.5110500752720453,0.7282319699077998,0.49579149226592845,0.008298359385132714,0.882920591956416,0.039611442503773554,0.6326079433505964,0.6308153389444681
T0,0,1278,decel,0.137643,0.5597822311997247,0.7657803620417932,0.5864195628888599,0.6560755236440046,0.014602180121250252,0.695358883073469,0.5024097520228649,0.7259272471356424,0.4989346717930021,0.00817114758958977,0.9068872058276695,0.039849965453055455,0.6255569805545322,0.6278332181585863
T0,0,1280,decel,0.138366,0.5864734429801691,0.7779443503050104,0.6051974121714847,0.6855062209962667,0.010179161441215556,0.7206086531748764,0.5332856917229836,0.7406270139103874,0.5377900787270185,0.008129434033997194,0.854083292141829,0.03921797561223792,0.6440510180582126,0.6624829818538812
T0,1,1120,decel,0.138366,0.4912827334306771,0.7141172478197256,0.5099634436336195,0.6055083717220578,0.0068848222357437705,0.6296265531242115,0.43240397194595936,0.767260041780127,0.5481905297459122,0.0030592937315932966,1.2521060463129081,0.04004987098034928,0.6638475609300174,0.602975341498298
T0,1,1122,decel,0.14356,0.5238869565954916,0.7448720562520482,0.5548343801851545,0.6071027692215958,0.011967047140783782,0.6551257038788053,0.4522138880664028,0.7865379973333629,0.5785017112997413,0.003016539989012537,1.1776102187418496,0.038440364320755954,0.7029653520171228,0.6172028115776945
T0,1,1124,decel,0.145546,0.5179652495367787,0.7473214668826161,0.5584893748635851,0.5895623355536072,0.015636181809122962,0.646399865422812,0.44059258942466284,0.7833897911508074,0.5680530041479543,0.0030463149712881017,1.1985107936197268,0.03822673761253677,0.6979330046227276,0.6041507977910826
T0,1,1126,decel,0.142589,0.49570396796483096,0.7378084936268618,0.5443613732679391,0.562932629822315,0.018075837561721597,0.6222413866156098,0.41533647562261006,0.774738958087649,0.541280749275734,0.00306532391512552,1.2801767961306882,0.0383717188690468,0.6866061923259958,0.5789939707988232
T0,1,1128,decel,0.134389,0.45720408282360203,0.7133528471272155,0.5088722845045045,0.5233686346250075,0.015574200680818329,0.5790612038413676,0.37334650560683247,0.7638467206516526,0.5104044155424886,0.0030441895844222217,1.4144383123064197,0.03802924708245675,0.6678769611600444,0.5419500644646668
T0,1,1130,trough,0.122509,0.4032976075232537,0.6738126939648703,0.454023546548196,0.47921058016094564,0.012855956327986584,0.5197561373995089,0.3228981719947152,0.727584035971891,0.4633010865321962,0.0029915545842126782,1.5189553580438462,0.037791304133832325,0.6208122353059384,0.5064417900542191
T0,1,1132,trough,0.110418,0.3566572722908674,0.6292972260160354,0.3960149986714772,0.45567334544615246,0.009212474476464783,0.47130511377212364,0.2867539722587104,0.6683356973759814,0.41045617245446125,0.003002123079444304,1.5513703683063718,0.03935069597784363,0.5354594935147619,0.4905451432089454
T0,1,1134,trough,0.103096,0.35718955204991976,0.6223992454184429,0.38738082069744717,0.47131421159597725,0.007364581202391807,0.47717805915190986,0.2933456096523246,0.6668691160076474,0.41138523998300214,0.003002218300461319,1.5388507371811166,0.04078833253011535,0.5287130664013512,0.5016738580349784
T0,1,1136,trough,0.106265,0.42487001329896157,0.6616583368770409,0.43779175475889176,0.5628289773339696,0.0031544991522364785,0.5642726737306574,0.3724004850890001,0.7212301882875707,0.4892731074482724,0.00297989625267474,1.4174870625762326,0.041147970443609315,0.5975795232394635,0.5745572507010969
T0,1,1138,trough,0.125362,0.5631701738449961,0.7591231570609757,0.5762679675862227,0.6673272099403285,0.004671297833449883,0.6987374074639686,0.5065835384025946,0.7922934168387961,0.6089978767298658,0.003017509108576249,1.025609946768727,0.037462135443190776,0.7163956755773035,0.6940435319295196
T0,1,1140,accel,0.164472,0.6820237388228312,0.8282861404199254,0.6860579304117365,0.782049439129279,0.0018963590426648302,0.8029273520041902,0.647760711553958,0.875162087632065,0.7001978791684761,0.003006327398553873,0.7433852245651397,0.0326088825960273,0.8209156878715163,0.8105062117849698
T0,1,1142,accel,0.225431,0.7492404093562766,0.8658092601905212,0.7496256750316576,0.8471074091320631,3.550644236827161e-05,0.8540080773309285,0.7334334392025407,0.9141782317426477,0.7476939480761687,0.003114572240857668,0.6244399591746563,0.028770423760524817,0.8719720485624791,0.8783674625250085
T0,1,1144,accel,0.307278,0.776104754602821,0.8818979524585301,0.7777439985505478,0.8414630421558672,4.261976542352386e-06,0.8689187265051962,0.7420845339467851,0.9312029991898829,0.7733577302967968,0.0032663771333276896,0.5963578120212272,0.025741118925615397,0.894666109424429,0.8793017274362066
T0,1,1146,accel,0.406197,0.7742530550447188,0.8840128629133156,0.7814787417961965,0.7998504466251225,0.0001423744360107282,0.862341291149679,0.7070780832235687,0.9369326088238262,0.7847152161107777,0.003471161342794287,0.6224666335011764,0.023159862679676575,0.9024546542604948,0.8406921345899222
T0,1,1148,accel,0.515946,0.7547739292730211,0.878460550472151,0.7716929387358346,0.7525334082235972,0.001061364307925805,0.8435427498926891,0.661070912036785,0.935602431987449,0.7818207402428389,0.0037877039320675723,0.683902723423574,0.021881164690720385,0.9000012966246589,0.7897894754173316
T0,1,1150,accel,0.628717,0.7289838648031455,0.8691802568207051,0.7554743188469069,0.7148098991667938,0.0026602467215648407,0.8209475892105719,0.6212986517357761,0.9307721393893557,0.770948891664253,0.004183754616337876,0.7624276604985109,0.021695722861583024,0.8911224831706188,0.7426046563907439
T0,1,1152,accel,0.736242,0.7079565686771341,0.8597576152812361,0.7391831570340779,0.6948241292875394,0.00402353355491103,0.8035763887799008,0.5973803364361162,0.9250557029149075,0.7594154837215816,0.004579347083656008,0.8381443184751941,0.022012799706232468,0.8806241125722214,0.7073298258183973
T0,1,1154,peak,0.830951,0.6953046308033444,0.8520945588000866,0.7260651371367142,0.6913772573788076,0.004930455357231578,0.7945319337424813,0.5891187990906089,0.9201252900781229,0.7493314415747077,0.0049214204283003805,0.9007259108211537,0.022478841113585075,0.8733856564899591,0.6863959333605397
T0,1,1156,peak,0.906964,0.6888472146940607,0.845325878869507,0.7145758414865045,0.7019259976562618,0.00516510086047095,0.7922691682521069,0.5933562108701351,0.9145542900716832,0.739604064811006,0.00519828024801688,0.9486666889884332,0.023008805979426672,0.8670616629118904,0.678444494116516
T0,1,1158,peak,0.960739,0.684497321565797,0.8384357351789955,0.7029744820251427,0.7218594689029477,0.004887134600481735,0.7932442676330187,0.6052327745055622,0.9078048497051547,0.7287936589195867,0.005418736612872672,0.9854515578270452,0.02357463040822174,0.8609458167429783,0.6813406228370209
T0,1,1160,peak,0.991296,0.6781188615065487,0.8306584907107911,0.6899935281899294,0.7445530582753082,0.004460521188479394,0.7935097160797063,0.6184693196410712,0.8995593319821545,0.7145652455442277,0.005609232602439222,1.0168456443447436,0.024371744428707254,0.853334653921994,0.6894928585292719
T0,1,1162,peak,1.0,0.6686601949801814,0.8222603278099825,0.6761120466901799,0.7657968324645038,0.0042637254033695005,0.7917030039756999,0.6296843544981091,0.8908329777398754,0.6978775011301659,0.00578597232044814,1.0463293580888646,0.02542293624448459,0.8445059293856203,0.69741679403739
T0,1,1164,peak,0.989996,0.6554386576685081,0.812797843217196,0.6606403339385254,0.7842374071409485,0.004385977761152016,0.7872308866396849,0.6374264730944089,0.8833654314926053,0.6793188257428031,0.005942912006563913,1.0770074547731376,0.0266923733463207,0.8365898665254161,0.701744258592505
T0,1,1166,peak,0.965439,0.6415410000009654,0.8037999743333231,0.6460943987382508,0.8012264836877925,0.004546775883182752,0.7822917215153078,0.6440258270234263,0.8777533657575441,0.6611154637744865,0.006054932343198254,1.1065594253226012,0.02811815035144277,0.8301195115377249,0.7052566130323064
T0,1,1168,peak,0.930694,0.6300171526198403,0.7968420408934644,0.6349572381352616,0.8140201824481185,0.004644996968149795,0.7780911357762045,0.648645503510429,0.8719774218106223,0.6450505631062224,0.006114403257140464,1.1321993736202467,0.029444386191467796,0.8224770409726179,0.7077889415632542
T0,1,1170,peak,0.889659,0.6217457813019602,0.791981145670312,0.6272341350972599,0.8249388998978611,0.004402140231576257,0.7755069689199592,0.6533360550491148,0.8656615486527718,0.6316886172651611,0.006115367434726515,1.1534718657945215,0.03048849271063619,0.8146985607965066,0.7105359437457238
T0,1,1172,peak,0.845329,0.6152540364198864,0.7882002822722726,0.6212596849740901,0.832964286794681,0.00400183245332153,0.7733897616748213,0.6565426859742898,0.8592816845372487,0.6205648004610991,0.006054030186802272,1.1721663387905357,0.03132869283761112,0.8067961656002627,0.7124017507700297
T0,1,1174,accel,0.799638,0.6097088470371087,0.7848641044603475,0.6160116624703432,0.8377063966571149,0.003510507588625922,0.7711254721053974,0.6574856808129911,0.852806947348703,0.6107527876366411,0.005938542259818802,1.1898769435036387,0.03202662876693868,0.7987504886634771,0.7126849922509595
T0,1,1176,accel,0.753564,0.604778285135146,0.7818114614772855,0.6112291612972491,0.8396889637673121,0.0031010708907710516,0.7686297506170602,0.6564784559492697,0.8476638944067786,0.6015720741022915,0.005768941597643612,1.2073201125164927,0.03261576550869286,0.7922547660443686,0.712747504927816
T0,1,1178,accel,0.707404,0.6008168375325135,0.7791795153078112,0.6071207170753156,0.8379063234496757,0.0028550415482705427,0.765867020033793,0.6528794429788684,0.8432918830074487,0.5929149070335649,0.005553042151678572,1.2233691334113612,0.033089103953416396,0.7863780618901811,0.7106746969197195
T0,1,1180,accel,0.661118,0.5977454118781051,0.7767982107744964,0.603415460262459,0.8301048658344043,0.0028284489106776833,0.7622471866557076,0.6448239745353687,0.8383680236114557,0.584717323971161,0.005299188650422676,1.2386630510891101,0.03349334055519261,0.7798209512038337,0.7053951201863429
T0,1,1182,accel,0.614643,0.595114417874585,0.7743445709005923,0.5996095144832224,0.8098909274228286,0.003231553146631483,0.7559687826229299,0.627134642671513,0.8330966721159685,0.5770691254310372,0.0050535232599832,1.2539847546888006,0.03394203777355442,0.7720420707887168,0.6921397983421412
T0,1,1184,accel,0.568077,0.5895014497481279,0.7705208243459786,0.5937023407508064,0.7710078278698854,0.004200653830246148,0.7432223476733436,0.5940775871075065,0.8259557214467883,0.5686431520716152,0.004878092841946341,1.2742111055397116,0.03431632740114222,0.7628878591028161,0.6664434544795054
T0,1,1186,accel,0.521728,0.5772878803582724,0.7650875363085042,0.5853589382146168,0.718550627985431,0.005905374020074294,0.7223055705509045,0.549754129678302,0.8172013761148125,0.5574207268854067,0.0047766132124078785,1.3031475874388907,0.035087523203061736,0.7506850677938994,0.6321960397737787
T0,1,1188,accel,0.476028,0.5576867259947311,0.7578419991341556,0.5743244956516536,0.6647994835345449,0.007980859947818608,0.6949435742122442,0.5038129696251736,0.8064587698606591,0.5407771393810269,0.004647285638879799,1.3398094960259899,0.03592222807997126,0.7341862875632978,0.5962033075279782
T0,1,1190,accel,0.431376,0.530500873547121,0.7481819702377039,0.5597762605887725,0.6109907833786588,0.01045396528985798,0.6607085981882833,0.4571322881053231,0.7927391332599928,0.517886611316503,0.004525381565890351,1.383113363242511,0.03682780161806018,0.7139591433458796,0.5607476230966155
T0,1,1192,accel,0.387986,0.4956632626758092,0.7353925336289389,0.5408021785171899,0.5570085346710888,0.013318064757186554,0.6189591536897171,0.40961991756471466,0.7752022293917868,0.4875872840947068,0.004401454789997733,1.4330149006806812,0.03757489362565443,0.6901227743913656,0.5253885944515982
T0,1,1194,accel,0.345798,0.4537645629206851,0.7186141468252837,0.5164062920174304,0.5036464931408431,0.0164306369661516,0.5699239790655879,0.3619274949699531,0.7530297410658571,0.44964485041204794,0.004272946468358641,1.4888625215980242,0.03875639275499789,0.6612392281513342,0.48999632428489925
T0,1,1196,accel,0.304512,0.4060560980927509,0.6967284671523089,0.48543055694040593,0.4515442295720209,0.01925914848982796,0.5144150338511415,0.3146037189211844,0.7236420893608135,0.4045346335142526,0.004135970517774568,1.5489232712568775,0.04012821041092918,0.624513527748542,0.4558417821621646
T0,1,1198,accel,0.263724,0.3564257249176469,0.6698701308092005,0.44872599215033543,0.4031737666046133,0.021173316552742683,0.45631317473423605,0.2700740637742704,0.6872588339822322,0.35663346835296733,0.003978427768862724,1.6061697641528923,0.04127795840873793,0.5804262080275325,0.4258915408843966
T0,1,1200,accel,0.223146,0.30861857492800204,0.6379669643748163,0.4070018476336181,0.36111166805349754,0.02173441760445083,0.39991338485909017,0.23037731466841613,0.6448069758557957,0.31132589716472153,0.003767659251859497,1.6512594551518647,0.042058963168146724,0.5322268113192352,0.4020587060688242
T0,1,1202,accel,0.182834,0.26809512983425365,0.6043383710505698,0.36522486672405613,0.32846334387899373,0.02102270627288466,0.35167169821027694,0.1985030021896542,0.5992152776461749,0.27120239513265126,0.0035489051921857515,1.6728728583365173,0.04246551979200985,0.487888203407129,0.38648497538797955
T0,1,1204,decel,0.143355,0.23668093773729915,0.57255779369894,0.32782242712539794,0.30552892953081295,0.019837075089178757,0.3142927177595604,0.17493296980336118,0.5585074155975044,0.23588704378101105,0.0033477460407505292,1.6684027035377873,0.043672275515459665,0.4511952186217164,0.3795452953371405
T0,1,1206,trough,0.105832,0.21320946649102956,0.5444840900906677,0.29646292436186233,0.2905165521963471,0.0187539475667296,0.28678075255840224,0.15818164057890602,0.5254750809706179,0.2034245344025718,0.003199047633713127,1.647791627418184,0.046249698138755735,0.4234289198288632,0.37721038750518204
T0,1,1208,trough,0.071839,0.19570092282697982,0.5226861436006075,0.27320080471207486,0.2793242024021453,0.018274847461211274,0.2663491903090129,0.14599889016789286,0.4992761558796452,0.17128927353557763,0.0031008836872182875,1.6274222343394902,0.04976990814042506,0.40147103022635855,0.3778355382882047
T0,1,1210,trough,0.043158,0.17940339774301084,0.5032449961871167,0.2532555261873711,0.2671881228274463,0.018129280984016782,0.24682656061872535,0.13446108585354108,0.4760276819237339,0.14101578355857927,0.0030285449802513707,1.6316505836825477,0.05292420263738662,0.3797079567873335,0.37209033017539317
T0,1,1212,trough,0.021454,0.16341240032319926,0.4858871554479515,0.2360863278293018,0.2519024786455823,0.017925098527793393,0.22637034832373648,0.12239617879939034,0.456818737146071,0.12044423023179462,0.002945542456685387,1.6773702910133732,0.05607684233376524,0.358748267020396,0.36077050057779414
T0,1,1214,trough,0.007926,0.14799143170771434,0.47167343032631365,0.22247582487579184,0.23315755001638755,0.01759456800805853,0.20518401443354403,0.10997422142270856,0.446122225764021,0.10983203070201543,0.0028279894311066265,1.7717935102512283,0.05816957745049073,0.33581742515609614,0.34510239983645635
T0,1,1216,trough,0.003045,0.13529647278552792,0.4635873398821192,0.2149132216989795,0.2142649335334868,0.017455086605978998,0.18682306217771846,0.09933051056680822,0.45186346572329666,0.10821056041067169,0.0026777058520149884,1.9038851080595363,0.05770883940772644,0.3353841653278731,0.32741832014676536
T0,1,1218,trough,0.006411,0.12807675911367955,0.4629783135903959,0.21434891885500695,0.20086988491092977,0.017571331356508624,0.17581366620020017,0.09299840056715918,0.49046200990959676,0.12785150823524408,0.0025389823623851106,2.0559031694508256,0.05667110714805837,0.3518068204342615,0.31160493496252945
T0,1,1220,trough,0.016793,0.12944736939772117,0.46933477066697177,0.22027512695701898,0.20193597969383567,0.019325644145402887,0.17880433622791908,0.09477557671901664,0.5365940973577275,0.16236013202844377,0.002492364014016404,2.1741175173398553,0.056267905720643115,0.3753900098985997,0.30222721424854143
T0,1,1222,trough,0.032322,0.14475781641856666,0.4892154658417898,0.23933177201879943,0.22140622516903358,0.022852166210514474,0.20210484158910888,0.10831534958634097,0.6019315867091344,0.20216411871289383,0.002503035863912369,2.1898989650411167,0.05721838232920026,0.44739293055654306,0.30583168307903746
T0,1,1224,trough,0.050802,0.17370258080804213,0.5163581619993464,0.2666257514633432,0.2574795852798167,0.025905053170971692,0.24345649009575926,0.1329516854074401,0.6600270357747198,0.24344460446911106,0.002524745202217467,2.098667041228251,0.05798677442503097,0.5436149523196809,0.3278175439012313
T0,1,1226,trough,0.070062,0.21042447971057465,0.5440523095722058,0.29599291555085133,0.30044547941440236,0.026224148140743753,0.2928065951645241,0.16345805697593424,0.7000180953232633,0.289018996989493,0.002554277372231062,1.9610289061562998,0.05686256517744156,0.6225754840803496,0.3641434456008446
T0,1,1228,trough,0.088271,0.2415192805590759,0.5592169098257606,0.3127235522350728,0.3380957967886699,0.022309725045235096,0.33268662773720464,0.18906888670523828,0.7248563970604401,0.3382866304756094,0.0025771834164424385,1.843875472289743,0.053659767288804276,0.6600762044791066,0.40092085780924486
T0,1,1230,trough,0.104151,0.26446605916610855,0.5713392254745443,0.32642851056585215,0.3655137305992161,0.019598317059069892,0.3621793001818631,0.20883233174086738,0.7426854097284621,0.3754863386377764,0.002601872496238287,1.7532984597420989,0.05077138674122371,0.6779364229805087,0.427887580167029
T0,1,1232,trough,0.117053,0.28247721980176665,0.5800456242817217,0.33645292624837225,0.3876224263397386,0.01694901934038595,0.38526158419716966,0.22483869227182934,0.7553199033276602,0.4058035454752197,0.0026229771995270913,1.6903292107941594,0.04753264424243162,0.6850922149781746,0.4486262091903453
T0,1,1234,trough,0.126894,0.300285529797099,0.5920835919050277,0.35056297980315937,0.4049653228672135,0.01526420339835255,0.40665009586414486,0.23977332296019901,0.7656162297245923,0.43231291870854255,0.002646144365291953,1.6433947319091295,0.045304367146767444,0.6883307988295442,0.4645262556826975
T0,1,1236,decel,0.133992,0.3138970729018228,0.5998398716330011,0.3598078716006953,0.42055942643892036,0.013769320669884677,0.42375261594502867,0.2522683123691706,0.7702433372258344,0.4511095988433092,0.0026727397161214923,1.6091379844797309,0.044933711543919806,0.6879228914844998,0.47651812780112274
T0,1,1238,decel,0.13886,0.330454819231643,0.6123924120379829,0.3750244663216986,0.43534639082201054,0.013224353461649074,0.44332179023284674,0.2666028263475214,0.7744254828021562,0.4675909080808922,0.00270876381197531,1.5744420996461697,0.04337470285209028,0.6884433498670695,0.488854022514697
T0,1,1240,decel,0.142008,0.3434011858915942,0.6202726026698927,0.3847381016228826,0.45030925526022875,0.012449376268590329,0.45969075656315,0.27931449376660317,0.7761747668910985,0.4814395417678248,0.0027400851291213175,1.5450535283609763,0.041999707366331004,0.686968090312589,0.49831453280893045
T0,1,1242,decel,0.143829,0.35726585517002896,0.6299014831721628,0.39677587850249046,0.4647042381797011,0.012219893579362096,0.4766732737686252,0.2927178888657837,0.7778229413133502,0.49244891463289897,0.002775759590138198,1.5159165065532088,0.04150188054843336,0.6867318341207694,0.5072633852746754
T0,1,1244,decel,0.144562,0.37096326968445636,0.6393186416447806,0.40872832555452737,0.4791519088329129,0.012111673570442849,0.49340611310032695,0.30633074749656164,0.7784872998753157,0.5020356549490124,0.0028163698413324425,1.4899329073235321,0.04119680068505227,0.6872617228522826,0.5162964013963897
T0,1,1246,decel,0.144347,0.38296966349342243,0.6469634958668927,0.4185617649843109,0.4927023537754177,0.01179560153152226,0.5081664812705137,0.31876043722039077,0.778467890147763,0.5096866001377783,0.0028615307352853085,1.470121822366594,0.04080433690528371,0.6870847181461364,0.5243736340570235
T0,1,1248,decel,0.143324,0.39307770413706766,0.6527888785206558,0.42613331992025555,0.5051319752765161,0.011253054707538623,0.52075422599315,0.32974453564568057,0.7769296836732252,0.5145276345849895,0.002912279680256306,1.4555934139905153,0.04066040317219893,0.684391991192492,0.5310233578487177
T0,1,1250,decel,0.141737,0.40211768679733784,0.658231315141286,0.43326846423262694,0.5151538455214961,0.010679615122487274,0.5314633630942727,0.33909039323770523,0.7734199574576577,0.5166054401486612,0.0029626308014488426,1.4443020577432235,0.0407326618248068,0.6795938401840992,0.5358733956078608
T0,1,1252,decel,0.139984,0.4114497424917277,0.6640058765935233,0.44090380415073327,0.5248445949752304,0.010088199357359773,0.5421802065834278,0.3484998953619005,0.768645542665484,0.5178685588266329,0.0030116800585206476,1.431800977039554,0.041106304064316056,0.6741364057883736,0.5409581394333602
T0,1,1254,decel,0.138593,0.4210738937419559,0.6686719929427922,0.4471222341460856,0.5374091342142775,0.008818402322547603,0.5538578380046222,0.35935043680072143,0.7620687103290404,0.5210747046763002,0.003059132789301293,1.4168488219715172,0.04151364119406759,0.668264741271136,0.5489168475249593
T0,1,1256,decel,0.138119,0.4335310987853416,0.6758817434781192,0.4568161311670222,0.5516277169414475,0.007845969271104647,0.5682859400856984,0.37283510307724,0.7639268639732947,0.5278076649893914,0.003069656982077297,1.389072861211971,0.04151008290137826,0.671852723652421,0.5600548060886171
T0,1,1258,decel,0.138984,0.4513615357863111,0.6880990793474673,0.47348034299883207,0.5670954326468454,0.007476924697671972,0.5872025180939635,0.3902178451064479,0.7652824570776741,0.535339908578682,0.0030597439733813375,1.3442161528542222,0.04190197920405738,0.6777358194711591,0.5746560006071874
T0,1,1260,decel,0.141323,0.46940491841361287,0.6996774565124431,0.48954854315172164,0.5853507747432256,0.00707303457374886,0.6068817404641247,0.4095567412399281,0.7656431508088584,0.5434116970815367,0.0030639778752708353,1.291083374661054,0.042538131730171604,0.6765009094109781,0.5929541071806959
T0,1,1262,decel,0.144882,0.4902560887371987,0.7149193114635998,0.5111096219035876,0.5984118864438818,0.00727955308166367,0.6266641681615918,0.4278162138280938,0.7645411587330707,0.5512880683481981,0.0030904829749660977,1.2361880534655,0.04295081237060005,0.6746843537766741,0.6086581054857367
T0,1,1264,decel,0.149013,0.5072060979254129,0.7276251099767018,0.5294383006686074,0.6081777093605943,0.007964521229249621,0.6423443651595787,0.4425253726588811,0.7637762331756812,0.5572213439302195,0.003112424102958397,1.1883028942673148,0.04238480871523417,0.6720935607510322,0.6211003059913651
T0,1,1266,decel,0.152788,0.5186669855802482,0.7363158522384121,0.5421610342575791,0.6149441259423035,0.008762952733233464,0.6529480565681227,0.4527931081722127,0.7649548383147614,0.5617276205893199,0.003114247689806721,1.1588622150647454,0.04161332408974566,0.6726893411981796,0.6281224747880456
T0,1,1268,decel,0.155218,0.5235504363967374,0.7420605088024133,0.5506537987240965,0.6133236402168057,0.010530180994131055,0.6564138498859848,0.4551232525198311,0.7687213050106235,0.5620995927375355,0.0031148740774608057,1.1514134661218833,0.04098855559293475,0.6782562057803743,0.6262146086623473
T0,1,1270,decel,0.155519,0.5208086709657856,0.7426659827410372,0.5515527619207106,0.6075516086048514,0.012488196856711764,0.6531638333982842,0.4512079124704199,0.768573308353944,0.5570281073514227,0.003115099997449846,1.1661379808818408,0.04036788301705168,0.6787396255888154,0.61902101510266
T0,1,1272,decel,0.153355,0.51157408273229,0.739246014541134,0.5464846700149506,0.594996613206494,0.014102697497258565,0.6429957839567306,0.4398488749783733,0.7678629804872853,0.5476101798104047,0.0031044460848809875,1.2051382714275092,0.03968406042581425,0.679773044388855,0.6052083818357211
T0,1,1274,decel,0.148997,0.49790250954297854,0.7307628700485949,0.5340143722416595,0.5822234388882721,0.014047900089248833,0.6289093840681431,0.4254672712115564,0.7665572259642752,0.5366129934341348,0.0030806066659073063,1.2599471661528887,0.039285334153008236,0.6776987539037795,0.5900978621978789
T0,1,1276,decel,0.143318,0.4823253500974025,0.7187581569433645,0.5166132881726222,0.5711173498136107,0.012490130145294542,0.6132904131853845,0.4104952537504096,0.7625157910485979,0.5260663197523192,0.0030546831970697506,1.3168396531674613,0.03941044929182038,0.6704097911215796,0.5773632725441219
T0,1,1278,decel,0.137643,0.4707266941718058,0.7069544918632911,0.4997846535656841,0.5677733894224223,0.00968658011722262,0.6026635384444469,0.401389948012627,0.7564214916746537,0.521952093919734,0.003034852899901365,1.3561906799401329,0.04016905787706942,0.6580659680390285,0.5732204275021835
T0,1,1280,decel,0.138366,0.4924791009066851,0.7154384363280856,0.5118521561755761,0.6052717935111115,0.00723636607932826,0.6305150849116311,0.4330347055030855,0.7690876052583787,0.5526625809817276,0.0030153055738384458,1.254658959637659,0.03990702561350629,0.6685359188124316,0.6044809141039095
T0,2,1120,decel,0.138366,0.6308438156864593,0.8004018256838876,0.6406430825581004,0.7428353542068201,0.0064853682333210205,0.7631017025874276,0.5945667736896761,0.7423521655600532,0.5525393195370172,0.006081239152431028,0.8063191846245867,0.03185012825760738,0.640854120587175,0.6983243203373509
T0,2,1122,decel,0.14356,0.6556584220946504,0.8191121022711499,0.6709446360870628,0.7366040130305976,0.008478629202285481,0.7779965524083752,0.6033612616548584,0.7543720833182966,0.5730193296350985,0.005633100232751152,0.7665111485271621,0.031038287351144823,0.6633648704420281,0.7151502604895174
T0,2,1124,decel,0.145546,0.6510285293726561,0.8202440805966059,0.6728003517537714,0.7149971577759646,0.01069490761790115,0.770702518029424,0.5864721863091324,0.7504925154144839,0.5679185115145409,0.005542090732590608,0.7777467693724304,0.030794124293728572,0.658062779859506,0.7016737783165656
T0,2,1126,decel,0.142589,0.6324033406946001,0.8146283872753356,0.6636194093548141,0.6817246831335165,0.013552674085597793,0.7513384586921192,0.5553522791868457,0.7448783603377361,0.5478585534847655,0.005766542043215434,0.8211702104899239,0.03041967334808946,0.6520559825525638,0.67266837812207
T0,2,1128,decel,0.134389,0.5971306364980484,0.7982534395037815,0.6372085536796173,0.6355622747357708,0.013609502087996939,0.7157986144475128,0.5073397718266763,0.7356893768809349,0.5184174595438028,0.006295634270930154,0.8856790287934349,0.030645742253113964,0.6357270397877062,0.6309984545585547
T0,2,1130,trough,0.122509,0.5473633530299438,0.772385712848364,0.5965796894122753,0.5814007829577892,0.012741092937023857,0.6649042180095722,0.44906565819544897,0.693853062441571,0.47127628169506475,0.0071785998627608314,0.9272742517294109,0.030844641675724715,0.586484397866041,0.591000759846346
T0,2,1132,trough,0.110418,0.5039502639900533,0.7437121439875559,0.5531077531145671,0.5509769143795644,0.012010620392468585,0.6229439444291017,0.4097682222808739,0.6404084142299866,0.42652150393817173,0.008405807591494376,0.9248664184668035,0.03284959415208896,0.5163503055425369,0.5723150660516735
T0,2,1134,trough,0.103096,0.5086658888141408,0.7393363096408199,0.5466181787533063,0.5687840441955199,0.008864214690641359,0.6312356127888674,0.4205226962180966,0.6386581825335402,0.42427432682619065,0.008766098457817388,0.9151600452137808,0.03356364230609153,0.5076211317885075,0.588078720253674
T0,2,1136,trough,0.106265,0.5849066463905007,0.7780269426407522,0.6053259234749163,0.6593582334387829,0.006337014540754082,0.7119588167507788,0.5129984704673837,0.7220085741443796,0.5156133773990329,0.007479174609591908,0.8441530223356228,0.03326435352300192,0.6038740154252974,0.6598109798905077
T0,2,1138,trough,0.125362,0.6953058786171185,0.8388025699214474,0.7035897513068247,0.7686306209178344,0.00335977026274048,0.8088676812770507,0.6447293401461973,0.8011355284117246,0.6427263105324703,0.005608257832475841,0.6485501645298054,0.029727320271935576,0.7093539434647621,0.7988314347024347
T0,2,1140,accel,0.164472,0.7755567806285882,0.8810509825556837,0.7762508338623356,0.861049376406526,0.0002939889852013877,0.8711355473939214,0.7586283991119285,0.8793580432435014,0.7389945046217026,0.004175309364952736,0.5259425411233788,0.025199787425230345,0.801967132948805,0.902177434139763
T0,2,1142,accel,0.225431,0.8105724186279581,0.9003322513526071,0.8105981628256541,0.901250536435753,2.4900950202022543e-05,0.8954753956557593,0.8114249245019464,0.9194817439576375,0.784054100449021,0.0034453142990910272,0.48848815083077035,0.02169287578944584,0.859405937648549,0.9383466943795028
T0,2,1144,accel,0.307278,0.8207763089215703,0.9062030194430968,0.8212039124477857,0.8869614375139679,5.736505107989398e-05,0.8996933577894047,0.8037671328047473,0.935976548184014,0.8054036873347915,0.003175052417426109,0.494760269018131,0.01908695412489458,0.8898878085215867,0.9234084895862235
T0,2,1146,accel,0.406197,0.8161724814227496,0.9050513528864726,0.8191179513616345,0.850781281719392,2.2931440479823095e-07,0.8933609327899353,0.770000750030623,0.9419525263404388,0.8135791613121444,0.0032003705964968954,0.5291600604908785,0.017320328532211,0.9031670765737146,0.8823502949756344
T0,2,1148,accel,0.515946,0.8036121978218044,0.9004498666276627,0.8108099623097755,0.8165992532272357,0.0001668391203433206,0.8821909638731708,0.7353066886567133,0.9414397250011711,0.8103175275118175,0.0034600182453864248,0.5826490081628737,0.01652241530371277,0.9034923748347676,0.8378744421680714
T0,2,1150,accel,0.628717,0.7889307840943794,0.8939348471097662,0.7991195108771612,0.7960805720580255,0.0006132676368800771,0.8708549322200955,0.7116441644697463,0.937096078805475,0.800173106977223,0.003902171929782093,0.644193610932357,0.016450194912511342,0.895526814046604,0.8018787924915882
T0,2,1152,accel,0.736242,0.7748634702025261,0.8857330796992056,0.7845230884734392,0.7934582633692755,0.001144976542190812,0.8619404969536343,0.7027922312268517,0.9309875666739721,0.7866659018421924,0.004484337987135562,0.7058189560060405,0.016834770621413045,0.8865109020816312,0.7776079397403828
T0,2,1154,peak,0.830951,0.7610155670178279,0.875874265937463,0.7671557297314896,0.8075756664802318,0.0014754640258423102,0.8554809867225613,0.7073347440673304,0.9247339878901181,0.7704985437292884,0.005158886517175253,0.7639561812249764,0.017454031561149826,0.8762823513938113,0.7661407195357015
T0,2,1156,peak,0.906964,0.7468457107830577,0.8656252991276655,0.7493071584898604,0.8351258737133063,0.0015312327561964878,0.8509951223172388,0.7229060842423337,0.9191772268588909,0.751472289134874,0.00555791212668222,0.8165032513888801,0.01827007654476926,0.8673721633967464,0.7665616387288153
T0,2,1158,peak,0.960739,0.7323977521199477,0.856673869507078,0.7338901186962301,0.8692705876886477,0.0013336892673365686,0.8476906249154007,0.7446813980039256,0.9139413366181494,0.7303124680200913,0.0056970885948255875,0.8613741876731065,0.019167064712778622,0.8600075797863043,0.7755690416424582
T0,2,1160,peak,0.991296,0.7165293979924948,0.8489873442493031,0.7207795106954847,0.9060783902876346,0.0009907251652389037,0.8444152249077304,0.7692490862519824,0.9088162810131446,0.7070214368851714,0.005889256648035505,0.9007534230616463,0.020169242917002,0.8522834530763348,0.7924457194278977
T0,2,1162,peak,1.0,0.6990223484315721,0.8421669026549469,0.7092450919274268,0.9398035109775892,0.0006898362111056322,0.840238664269822,0.7914714119442406,0.9033567678007365,0.683057271020854,0.006128555070019523,0.9374433903462709,0.02131376710051317,0.8443872239711773,0.8137297647580485
T0,2,1164,peak,0.989996,0.6804736711180395,0.8354552846121506,0.6979855325863695,0.9657019308849213,0.000547672603025795,0.8347101967656404,0.8068007815179653,0.8971555392120357,0.6595363486965994,0.006404207319523239,0.9731682428569972,0.022524490626208715,0.835686501768205,0.8302812588451239
T0,2,1166,peak,0.965439,0.6633502361097157,0.8292791180301111,0.6877038556007989,0.9837038621080334,0.0005066179075515764,0.8289537644277264,0.815765071171764,0.89046488756589,0.639331185463281,0.0066675945162267426,1.0044105639365237,0.023593169875623512,0.8258162413555153,0.8403362375190749
T0,2,1168,peak,0.930694,0.6479681249927979,0.823989359553594,0.678958464657542,0.9986886642390659,0.0004704926071567028,0.823794601225981,0.8229088328397821,0.8843099813446819,0.6223999452839116,0.006907294093699983,1.0316660251134335,0.024459588154203456,0.8161615933227938,0.8470724963515222
T0,2,1170,peak,0.889659,0.6357606485538668,0.8203787989612658,0.6730213737851289,1.0123357720847943,0.00041324570051493037,0.8201497610232441,0.8304988048484493,0.8787337748377628,0.6095862701054304,0.0071131188512145276,1.0519515456562973,0.025203092580593164,0.807748235210757,0.8515766993733578
T0,2,1172,peak,0.845329,0.6263800721430375,0.8178966395297892,0.6689549129541219,1.0234295982626997,0.00033104368558012354,0.8175451588956262,0.8370596292143844,0.8731569552913523,0.6003847164028433,0.007287318764075438,1.0680925635455596,0.025810582939928925,0.7998346603100093,0.85506919377211
T0,2,1174,accel,0.799638,0.6205492146123761,0.8163076899927242,0.6663582447412575,1.0297185832498097,0.0002648207680941983,0.81585290003924,0.8405671980352327,0.8669641181655489,0.5947875841755527,0.007429182168818055,1.0791374856147977,0.02607680851263713,0.791514308439432,0.8566436111719582
T0,2,1176,accel,0.753564,0.6187444214736244,0.8153710678401449,0.6648299782707782,1.0294828805612675,0.000241688450428601,0.8149313661911077,0.839410555646389,0.8600658670397571,0.5922545689021181,0.007543266578232547,1.0847270478803037,0.026293953804686257,0.7825163737597468,0.855021935478433
T0,2,1178,accel,0.707404,0.6195015900738566,0.8148024785195213,0.6639030790015549,1.0249115533863347,0.0002556655863100721,0.8144543184892481,0.8351004739624781,0.8530411070625333,0.5906098760303599,0.007635890509112223,1.0870444100054129,0.026490970958852143,0.7738912334651384,0.8508265578990272
T0,2,1180,accel,0.661118,0.6219595626230483,0.8141699389799962,0.6628726895386908,1.015589064303873,0.00034346286940700743,0.8139349236415909,0.8268620865130357,0.8466097372860415,0.5890701729172645,0.0077190546073796435,1.0871386926848836,0.026624890133219944,0.7670298723289627,0.8435587420091656
T0,2,1182,accel,0.614643,0.6295595375443113,0.8133933167986056,0.6616086878126368,0.9906782587504304,0.00061919962546364,0.8131035517165293,0.8058110747652798,0.8399106047414808,0.5896419659716496,0.00778343247464562,1.077959463005691,0.026788587333044286,0.7599045162569841,0.8270817153576748
T0,2,1184,accel,0.568077,0.6440273573192654,0.8126885942490495,0.6604627512224962,0.9349686797073817,0.0014829746035338598,0.8102136564429013,0.7598383819782819,0.8324478558385853,0.594026321805433,0.007817337056554748,1.0540046658646547,0.026946072807149737,0.7522424614778394,0.7916021633138557
T0,2,1186,accel,0.521728,0.6516331522811292,0.8105925313702435,0.6570602519132192,0.8571704696874074,0.003257595294212323,0.7995586384553004,0.6948159808397361,0.8228989771705197,0.5936982395045757,0.007479187790743809,1.032930603123518,0.027183721602301703,0.7404103350592982,0.7417418016073372
T0,2,1188,accel,0.476028,0.6424944743473415,0.8056651585543755,0.6490963477084469,0.7772881877991588,0.005796620891863058,0.7779432300954607,0.6262340110656525,0.8101601380038462,0.5819427467865098,0.007143818491237015,1.0310879419062027,0.027643342483839893,0.7228073223755831,0.6898811799888388
T0,2,1190,accel,0.431376,0.6165752014238638,0.7969514683464478,0.6351316428995593,0.6994562020283013,0.009051114521249182,0.7440917480881958,0.5574326472504844,0.7943775737417446,0.5587340282554797,0.006874884142592177,1.0480878934321287,0.028260192546715125,0.7013965609388902,0.638211805032182
T0,2,1192,accel,0.387986,0.5765535419711587,0.784106284498376,0.6148226653898482,0.6249733493862704,0.012945832381295874,0.6983005783259552,0.4900455308977739,0.7751840774011012,0.5251133096234808,0.00665892913922558,1.0793706137054508,0.029343243475880798,0.6762822607078858,0.588252093813976
T0,2,1194,accel,0.345798,0.5256291830462254,0.7666210943038709,0.5877079022316646,0.5548662891264573,0.017238621669714682,0.6420154190196272,0.4253722017624528,0.751014040828306,0.4825909821367119,0.006485109079192424,1.1189076365570252,0.030798349480747257,0.6458395949194566,0.5402586342547712
T0,2,1196,accel,0.304512,0.46802319280099935,0.7440892831172807,0.5536688612499887,0.4903777844281962,0.021276143881928,0.5783806012299235,0.3648848540718169,0.7198144270697594,0.4336506153006582,0.006347835691065344,1.1591933962665457,0.032420155339598904,0.6083348649118148,0.49709624152870313
T0,2,1198,accel,0.263724,0.408228578208511,0.7158467332028708,0.5124365454372222,0.4332131694764802,0.02432623588403149,0.511739705108666,0.3101142321502,0.6828227669524883,0.3821033519628605,0.006245477238494211,1.1907572279270402,0.03441449938221565,0.5646233628800514,0.45984829329784865
T0,2,1200,accel,0.223146,0.3521459649214268,0.6826800670399832,0.46605207393371595,0.38575854178746943,0.025743716854009946,0.4484252040410132,0.2633496671687158,0.6417227803703492,0.3328874914459114,0.006173879206819126,1.2032141451522753,0.03643999932166782,0.5203972418626419,0.43228011695071117
T0,2,1202,accel,0.182834,0.30541939585219513,0.6466824253657002,0.4181981592768644,0.3515416640190315,0.025670694416378037,0.3956238827162033,0.22733581590492138,0.5983259636262525,0.2900485259765125,0.006153470225504916,1.1885870730501096,0.03805989878306619,0.4763725545707814,0.41647025028639956
T0,2,1204,decel,0.143355,0.2692443308205873,0.6092654646761619,0.37120440644705954,0.3308235103611185,0.024430153703691504,0.3555232376409951,0.20155933976596593,0.5554269905397666,0.2542697316068058,0.006231750692590481,1.1492732480118923,0.040451448410695506,0.4354334516048466,0.41234320428766974
T0,2,1206,trough,0.105832,0.24257655510476517,0.573600827792124,0.32901790964380984,0.3207240631096734,0.02249469642278118,0.3269492669207097,0.18396758809256206,0.5157322357608656,0.2240680105595348,0.006443034736453113,1.0950805457254897,0.043770181593922854,0.4003196161121798,0.416613748784575
T0,2,1208,trough,0.071839,0.2236355213394836,0.5426365143543322,0.2944543867106194,0.3181297854351491,0.020415594041144236,0.30781995023940406,0.17262883788082092,0.4819063690401333,0.19788409803290935,0.006529514558550076,1.0400959469481723,0.04810464091185625,0.3729810717917753,0.425758663809831
T0,2,1210,trough,0.043158,0.20945375103247377,0.5173963320519728,0.2676989644208353,0.31788394891006205,0.018440022361396913,0.29383372032758465,0.1644719891842628,0.4568579363431792,0.17544267653291176,0.006405170398725678,1.0013584079377522,0.0517517056110186,0.35209479495699536,0.43319632417549453
T0,2,1212,trough,0.021454,0.19807421308770434,0.4982862608695812,0.24828919777138836,0.3156001626368313,0.01684077419617805,0.28171442832375804,0.1572592249701384,0.44111325004109625,0.158948612438801,0.006193251357550365,0.9903610808557431,0.0554193940906425,0.33410299433397717,0.4343201094302446
T0,2,1214,trough,0.007926,0.18978583481501343,0.48680891390857206,0.23698291866084353,0.3106500481776456,0.0161651378702235,0.27182795286388683,0.15122721255900523,0.43680285461667556,0.15080003241437,0.0058420888688678,1.010018205190615,0.056238279394259655,0.32299506254717625,0.42841460669172204
T0,2,1216,trough,0.003045,0.1849829226850992,0.4834212904437347,0.2336961440542857,0.3030146346719792,0.016166659922437876,0.26441474933230524,0.14648372571646504,0.4433539293910586,0.15312886231293255,0.005413634160797505,1.0578611929791009,0.0576196748017618,0.31852355738418714,0.4183048419831044
T0,2,1218,trough,0.006411,0.18631878341187125,0.48967692131619384,0.23978348726970589,0.2975466808180282,0.016550674543951704,0.2636933483419165,0.14570174261082425,0.4683510124325471,0.16803913778713495,0.00504184533989771,1.1266398718807324,0.05608315622482511,0.32345878586646104,0.40304317223629066
T0,2,1220,trough,0.016793,0.1987026671862424,0.5079610384073586,0.25802441653988206,0.30787727155017675,0.019288235593880543,0.2807520623797822,0.1563896585586521,0.5225442010549185,0.19179724125571235,0.004826376726389431,1.1892019697811695,0.05446762531064119,0.3596486546539426,0.39072101570495993
T0,2,1222,trough,0.032322,0.22856381731333586,0.5387231947523264,0.29022268056415307,0.3419152430315808,0.02292549339030181,0.3232015744929922,0.1841976720604913,0.5906706721119518,0.227839995754161,0.004787335761451753,1.2042181619058796,0.05292986746133213,0.4354562536863771,0.3942623580761428
T0,2,1224,trough,0.050802,0.27945470299506636,0.5800828612406009,0.33649612590508227,0.4017148121337027,0.025226261967815078,0.3927653311655525,0.23302787762524874,0.6512720654330162,0.27414998889984993,0.004860542975900688,1.1495328744551816,0.05345867501255339,0.5344336863389909,0.4220120884280223
T0,2,1226,trough,0.070062,0.3404164929482697,0.620723713671856,0.38529792871458024,0.4731050700443921,0.023090171819898364,0.4710292090471743,0.2936675360349386,0.6929350601513372,0.3202032790804162,0.004989991963210625,1.0603637030061588,0.052280059466069104,0.6108618627888074,0.4706682656490975
T0,2,1228,trough,0.088271,0.3879529873785059,0.6472948929264084,0.41899067840861054,0.5298268776350852,0.017238956413622053,0.5284529988748959,0.34295423202833575,0.7170163728562378,0.3571460583981516,0.005192918092589444,0.9828172890020395,0.05119269822343609,0.6449824649898068,0.5212129037526608
T0,2,1230,trough,0.104151,0.4213814710235009,0.6652997600237062,0.442623770687601,0.5705128188574368,0.012257735448442386,0.5674664738816249,0.3795620414763008,0.7302524760558158,0.3830964712481766,0.005475273552638239,0.925831649038977,0.049546600744248326,0.6521482131106844,0.5620725207368422
T0,2,1232,trough,0.117053,0.44423062041386574,0.6770605438263081,0.45841098000637603,0.6019018416207466,0.008531529075285982,0.5945708032184243,0.40752398821779906,0.7379953482433735,0.400591629202423,0.005847602820703377,0.8870811145348857,0.04818472233516144,0.6489685417047071,0.5929672613646229
T0,2,1234,trough,0.126894,0.4600697147792109,0.6856073098842708,0.47005738336674646,0.6275035235460225,0.0066116186006947575,0.6144380399264973,0.4302210027212896,0.7418636258241565,0.413986090862714,0.006326583822558839,0.8592735196858118,0.0464553378309426,0.6418282460000964,0.616059382483231
T0,2,1236,decel,0.133992,0.47153828802187836,0.6915935215945447,0.47830159911154396,0.6502986937820711,0.0050580482856037445,0.6299148921911452,0.44974236372107496,0.7426763100568595,0.42456421888649076,0.0069075629060228435,0.8391115763977671,0.04474453117849456,0.6352677929112949,0.6329586374492348
T0,2,1238,decel,0.13886,0.48288145141935,0.6988862974701451,0.48844205679152813,0.6693049836522643,0.004685551244986097,0.6440182624465434,0.46776808190304703,0.7427942133837889,0.43370798447929404,0.007396574813631983,0.8206499364179722,0.044071664037255494,0.6319583019762045,0.6457497288429221
T0,2,1240,decel,0.142008,0.49034948633277897,0.70353409763395,0.4949602265336163,0.6868908571333984,0.004333742746478131,0.654744064228988,0.48325113934635594,0.7414788405393481,0.43950352103329426,0.007713608679839285,0.8060356953610648,0.04331084032631765,0.6291706080300972,0.6558603035545555
T0,2,1242,decel,0.143829,0.49744666950063565,0.7081206190640619,0.5014348111436703,0.7039952073829322,0.003971122621495793,0.6648706938298431,0.4985135220701346,0.738566090416689,0.44393442516269466,0.008256088303816921,0.7936403130860901,0.04258806904202864,0.6250270165511469,0.6656716148451451
T0,2,1244,decel,0.144562,0.5023183501569662,0.7116348340097222,0.5064241369760448,0.7175195316529283,0.0040711571527265455,0.6723419126526675,0.5106118928065652,0.7356070320557809,0.44706851183748236,0.009085838881035634,0.785351258523048,0.04179121554287311,0.6217477356055786,0.6732576104700801
T0,2,1246,decel,0.144347,0.5039617788975672,0.7131349858699224,0.5085615080716944,0.7282139562239526,0.00437235382718959,0.6767781389829448,0.5193148493820487,0.7308920824773203,0.4486329566079906,0.010025156984310406,0.7820791799066991,0.041659197382491735,0.616668172980898,0.6775618815519525
T0,2,1248,decel,0.143324,0.5061822406508873,0.7152565545489716,0.511591938825266,0.74050831663718,0.00477204668581932,0.6820488484987727,0.5296534271727683,0.7290072093483555,0.4502407150607197,0.009837118617668998,0.7810882127385714,0.04141089791369818,0.614758035707603,0.6790065267398888
T0,2,1250,decel,0.141737,0.5064965793046532,0.7160526082099278,0.5127313377242403,0.7483852502162037,0.005189358680481204,0.6847167129680822,0.5358832103631521,0.7302325600462211,0.4525832256928916,0.00962216969077425,0.7847137481961786,0.040423319732769664,0.616011137636886,0.679010848898402
T0,2,1252,decel,0.139984,0.510207342508687,0.7191576820588581,0.5171877716642697,0.7536514964116385,0.005790605926978443,0.688779696643965,0.5419942632395838,0.732970009963833,0.45952366102897674,0.00946668449466869,0.7876654987757892,0.04022369818556261,0.6192625576182003,0.6791705330436694
T0,2,1254,decel,0.138593,0.519293660408898,0.7258253471630889,0.5268224345844185,0.7604045433497272,0.0063330533666065,0.6966287532452939,0.5519208916612058,0.7349431281062878,0.47209799396140717,0.009355813503420728,0.7899451201554705,0.03931802086811447,0.6224166310739835,0.680838988453781
T0,2,1256,decel,0.138119,0.5346567606597585,0.7362812680587907,0.5421101056942608,0.766472499777497,0.0065418345618095675,0.7080697377376803,0.5643393440683666,0.7373240986915026,0.49116471084517416,0.009250919976021628,0.7858283704137099,0.03863014932163253,0.6302343939285494,0.6854303301769932
T0,2,1258,decel,0.138984,0.5571183857834048,0.7509296012167634,0.5638952659835673,0.7747923976419485,0.006207447146932776,0.7243207826753484,0.5818145461870484,0.7378266400372929,0.5137510808658965,0.009163851501068514,0.7760226271051006,0.03670761274062518,0.6338692426108921,0.6974279225477329
T0,2,1260,decel,0.141323,0.5839440863311509,0.7680862613373911,0.5899565048552511,0.7837299525551925,0.005767693449182265,0.7431754145630386,0.6019722091562487,0.7389822755446168,0.538735165586999,0.009089321459340115,0.7597190043096551,0.03554909802991487,0.6395753632277903,0.7150516809248545
T0,2,1262,decel,0.144882,0.6091838362269522,0.7838097074345589,0.6143576574686488,0.7924531207073906,0.005099112648691673,0.7606878353646247,0.621132448697263,0.7429262326599954,0.5602868727577269,0.009019534137018316,0.7430623816422097,0.03397958485398298,0.6424705479265549,0.7307820052181206
T0,2,1264,decel,0.149013,0.6316979116119704,0.7981548386642087,0.6370511464830889,0.7936603033540702,0.005333034023464522,0.7747704277398002,0.6334638113777549,0.7484845188365287,0.5780934788623378,0.00835990642270217,0.7294508681140713,0.03344252094440145,0.651760422159539,0.7404710917628464
T0,2,1266,decel,0.152788,0.6445353768084081,0.8066025171754645,0.6506076207137955,0.7908325742174952,0.005823552804489873,0.7820892782926265,0.637887545028184,0.7507772585355041,0.5868934901082493,0.0071104405912944335,0.7271127800871762,0.03300667152692726,0.6548991994505368,0.7431298297986131
T0,2,1268,decel,0.155218,0.6485036472266388,0.8100442247550717,0.656171646059045,0.7806424735172669,0.006803535856556575,0.7825176322289058,0.632354927271176,0.7511502571422536,0.5876993216709869,0.006385282532942742,0.7378140357862641,0.03237208338100547,0.6563432750828532,0.7361668339693177
T0,2,1270,decel,0.155519,0.6464186232191974,0.8107690066247651,0.6573463821033084,0.7639532283893812,0.008736041792326343,0.7779514376975609,0.6193896000890409,0.7487632833805317,0.5813028802885578,0.006068780393554585,0.7582155235527418,0.032430161026199784,0.6545828967880924,0.7214266510902867
T0,2,1272,decel,0.153355,0.6367384702630372,0.80624845186077,0.6500365661278883,0.7473056886320832,0.009823846527818203,0.7683708922432811,0.6025140545263638,0.7433112040015944,0.5690428546528897,0.005990307740594568,0.7896366731118541,0.03181231481378805,0.6506878004601335,0.7029195949251593
T0,2,1274,decel,0.148997,0.6234648699969328,0.7994672521186666,0.6391478872101717,0.7293234698548057,0.01076286702295881,0.75592073131122,0.5830702303504727,0.7380556936297168,0.5537135017625092,0.006077707841814871,0.8227222775603412,0.03204869332311049,0.6462625094282655,0.6821653768560619
T0,2,1276,decel,0.143318,0.6098934524202535,0.7923871561837045,0.6278774052848984,0.7106457476919555,0.011302295002430074,0.7427280313365858,0.563106563067671,0.7334138159520286,0.5376285077822833,0.006262504698017243,0.8509777541827416,0.03175629833360206,0.6390613380781838,0.6638420300671353
T0,2,1278,decel,0.137643,0.6032195452204272,0.7874389969368987,0.6200601738969891,0.704455887088228,0.009954432156405457,0.7365707381013121,0.5547160371150475,0.7275209657410261,0.5285045995782076,0.006434776601977687,0.8629958224053456,0.03228014909355889,0.6280233974787214,0.660206427754228
T0,2,1280,decel,0.138366,0.6322044235768924,0.8022663754614059,0.6436313371959815,0.7351040539477367,0.006916136187983479,0.7622975652002983,0.5897492649476365,0.7421453713151203,0.552389980103334,0.006067554590292973,0.8060700133946002,0.031614560872425326,0.6428898345712404,0.6972231158919695
TB8,0,1120,decel,0.138366,0.5020956130922629,0.7295584247946475,0.5322554951888473,0.6108609493209501,0.01607079141275536,0.641594773161439,0.44565875195515536,0.7202739398154548,0.48519070644364837,0.00866782934637055,0.9497857631796498,0.040868723133350625,0.6138115681924032,0.5624387592242304
TB8,0,1122,decel,0.14356,0.5168606224011316,0.7434766197733141,0.5527574841495532,0.605876640637809,0.01696310749033003,0.6509233674119311,0.4504551167810092,0.7331989136487287,0.509739054452361,0.00815754204801099,0.9152801000694951,0.039986798478203404,0.6281711588562203,0.578475710598764
TB8,0,1124,decel,0.145546,0.5116611756712997,0.7411329032160854,0.5492779802295034,0.6006442898592466,0.01787975407527642,0.6457856240568522,0.4451572463435473,0.7335636163107988,0.5067764187452949,0.007821127538100327,0.9314880502164539,0.03925468931497207,0.6279314887461749,0.5778270554462679
TB8,0,1126,decel,0.142589,0.48674023679318246,0.7238624154855446,0.5239767965525672,0.5888251466400571,0.01900149578213639,0.6241828045901091,0.4262283929455018,0.7252913978269725,0.4847584664880397,0.007274866326691451,0.9913199585998428,0.039705142062788454,0.6176249766969615,0.5660113031292965
TB8,0,1128,decel,0.134389,0.4441416779637164,0.691852562660356,0.4786599684597018,0.5705965017124118,0.019815258179373907,0.5868439652124526,0.39476865195476635,0.7126280014654778,0.4398489478352877,0.007097941621278528,1.0810198689442736,0.04094405023217305,0.594677970462536,0.5399510374344884
TB8,0,1130,trough,0.122509,0.39846810621556583,0.6597774558468321,0.4353062912437185,0.5414106236115042,0.022827478054726402,0.5428925496849245,0.357210523814845,0.6851783405976363,0.38103030610365707,0.00722787779152002,1.137710586718304,0.04152992610382583,0.5592443204114148,0.5081753481421801
TB8,0,1132,trough,0.110418,0.36135456956041245,0.6324905059823074,0.4000442401577552,0.5103797298004505,0.023778628937607293,0.5027156508542252,0.32281033354460026,0.6352763643930364,0.3281723297535144,0.007688761113322903,1.1412401094453986,0.04276256508264183,0.49426841641497765,0.48359658704442654
TB8,0,1134,trough,0.103096,0.35541180954295004,0.6261705791465149,0.39208959418868183,0.5136958080214268,0.0240272105060908,0.4995085888587961,0.3216612016139137,0.638518642106403,0.31837011932920056,0.007682630804307153,1.1361895256270464,0.044029044332874454,0.4908361660314372,0.4844405169642943
TB8,0,1136,trough,0.106265,0.4200341573734756,0.672562509690541,0.45234032944123903,0.5608291603190725,0.019821830705996857,0.5653574169315057,0.3771926675718342,0.7038894513516255,0.39493055617969014,0.008099775242763424,1.0674389960247157,0.04489601229041146,0.5730207975757382,0.528177873532266
TB8,0,1138,trough,0.125362,0.563195355850272,0.777437728876537,0.6044094222807078,0.6196492605743369,0.016316865701281325,0.6880595324780695,0.4817387138409379,0.7887072693331337,0.550603200756391,0.007135611409920316,0.8062727885253508,0.04171738067465153,0.6870636756218764,0.6260378306948793
TB8,0,1140,accel,0.164472,0.6885269274075703,0.8454785627348199,0.7148340000441368,0.7134635866606749,0.00887911872870939,0.794801276739037,0.603218167813497,0.8713791296625409,0.6767053776872654,0.00604117884171732,0.6081426347697122,0.0352251286228853,0.7806848362304034,0.720895388432546
TB8,0,1142,accel,0.225431,0.7470952101850241,0.8747015301809503,0.765102766900896,0.7643301602193083,0.005825717408662112,0.8409430158300906,0.6685607607072799,0.9090241597765676,0.7352252472179515,0.005436646536540071,0.5345813612192358,0.030508927564425813,0.8373215789316357,0.766269294775105
TB8,0,1144,accel,0.307278,0.7608257965060967,0.8817503908229705,0.7774837517164611,0.7726662588072638,0.0047586073527443595,0.8506814702098373,0.6812987756790273,0.9225919833155444,0.7545307650055261,0.005072424669707149,0.5355615012398804,0.02744713793264026,0.8625836389650036,0.7751992209529692
TB8,0,1146,accel,0.406197,0.7528391546903482,0.8783171568728972,0.7714410280572895,0.7599092787267796,0.004581447759875568,0.8437711504204337,0.6674413571726391,0.9274113826358523,0.7564585991476818,0.004966390708411051,0.5767614936370911,0.025357851726331832,0.8725919846862782,0.7631429801144716
TB8,0,1148,accel,0.515946,0.7363172679323609,0.8705936942883632,0.75793338053466,0.741550465173716,0.004963957621963888,0.8304139575275721,0.6455891589768397,0.9279699322118578,0.7493027078797995,0.005158966153577694,0.6382314155030736,0.024272939517428777,0.8737700220199911,0.7429636191619089
TB8,0,1150,accel,0.628717,0.7152955191655299,0.8595373043073703,0.7388043774959809,0.725291459975432,0.005486911610055989,0.8141050954248449,0.6234150663444398,0.925329663975706,0.7363025695599883,0.005402300294977336,0.709627106005298,0.023915002644299133,0.8686767024719343,0.7213692127714553
TB8,0,1152,accel,0.736242,0.69461188273177,0.8479788371811531,0.7190681083071006,0.7125976854607429,0.006128169334185696,0.7982803682538072,0.6042677566949818,0.9212272749520067,0.7202302408686133,0.005776239405901901,0.783253942098125,0.024096755899543375,0.8595452456645015,0.6999627998116333
TB8,0,1154,peak,0.830951,0.6755458785425661,0.8365357203442935,0.6997920114119459,0.7044602880883079,0.006802213063774376,0.7841385466454521,0.5893061945499011,0.9161540556311812,0.7021841846709301,0.005961188297560055,0.8523680810428522,0.024714709384217468,0.8486895107719058,0.6822094772712047
TB8,0,1156,peak,0.906964,0.6598988223852933,0.826605501087058,0.6832766544273863,0.7005464538975715,0.007486948663771642,0.7730013953361089,0.5790755525587636,0.9104777755774337,0.6835171224093928,0.005945287942580673,0.9117391492970908,0.025509610401259594,0.8380995416381766,0.6677540796592789
TB8,0,1158,peak,0.960739,0.645053536802431,0.817703544274106,0.6686390863184348,0.6945784720832631,0.008425766114003475,0.7619191151197345,0.5679592783989774,0.9041497469396454,0.6650558513287262,0.006053890905301729,0.9622692605269152,0.026470096766514385,0.8277143455245637,0.6527947299980559
TB8,0,1160,peak,0.991296,0.6309278723003506,0.8096959459320963,0.6556075248588722,0.6863440671642872,0.009463966562973214,0.7507165724685634,0.5557300086974697,0.8972408181721919,0.6481274102256628,0.006239991549839887,1.0045812442387763,0.027271488510164452,0.8178574718596932,0.6375706318007667
TB8,0,1162,peak,1.0,0.6182214502189624,0.8029022464567258,0.6446520173652569,0.6764666266006136,0.01044460117789514,0.7399420263743106,0.5431365741506358,0.8907589605500918,0.6335411090440574,0.006489438501747478,1.0390143622000225,0.02804407378430704,0.8099826030640903,0.6231703335416601
TB8,0,1164,peak,0.989996,0.6052392130165438,0.7962779097218711,0.6340585095110323,0.6641860033951178,0.011371024777452776,0.7282224009908685,0.528876642449988,0.8841095835973602,0.6205939604212862,0.0065725082069716615,1.0696775305103354,0.028839008924992617,0.8018610447084396,0.6081776929367803
TB8,0,1166,peak,0.965439,0.5917302930093724,0.7892879738658515,0.6229755056892611,0.6508974403127596,0.012093272902779173,0.7156422427697893,0.5137455218589271,0.878198848538033,0.6089907175175998,0.006623623785591068,1.1001462474186379,0.02948520676930678,0.7943922080472263,0.5942563553336488
TB8,0,1168,peak,0.930694,0.5801905863767076,0.7830710476873357,0.6132002657261416,0.6403713357324198,0.012646471557417938,0.7049251804149214,0.5014562527809245,0.873469155251783,0.5992190759629381,0.006859258571672632,1.1243065175638283,0.029924001621888522,0.7892482012198556,0.5832066155868546
TB8,0,1170,peak,0.889659,0.5703826767110642,0.7774608403041541,0.6044453582064414,0.6326997983988089,0.013106922241856056,0.6960432481889167,0.4918993169234068,0.8687137612798971,0.5909864017248893,0.007029558441647691,1.1422691757003869,0.030392851103873093,0.7831555268123335,0.5752170777596001
TB8,0,1172,peak,0.845329,0.5623086172743855,0.7720699622377354,0.5960920265897781,0.6289106969701983,0.013288834083451495,0.6893200268424896,0.48556305806068883,0.8636408540454718,0.5840788980829594,0.007133178935998966,1.1551045961864888,0.03080351966149857,0.7766019399547235,0.5708004727003707
TB8,0,1174,accel,0.799638,0.5555628151637053,0.7669196999192414,0.5881658261242192,0.6280720420609767,0.013324338867788166,0.684303484477364,0.4816808220250694,0.8586829033163267,0.5779067456051877,0.007200166351568032,1.1653541715350464,0.031083859086544145,0.7705082554258542,0.5691133222472595
TB8,0,1176,accel,0.753564,0.5488146754576396,0.7614694099665411,0.5798356623147922,0.6282635020353611,0.013277172949382687,0.6795541024719998,0.47840343819837916,0.8536272613342722,0.5717447384586846,0.007228260062854941,1.1761530461313947,0.03128388792858106,0.7640838165440482,0.5684292043465068
TB8,0,1178,accel,0.707404,0.5416760497847859,0.7556094379779745,0.5709456227613905,0.6288106985869035,0.013191652665439868,0.6746232256213712,0.4751352985537877,0.8482093067749981,0.5643693627142244,0.007258772175532944,1.1883418964408143,0.03152420008065819,0.7569432307415738,0.5675677458001446
TB8,0,1180,accel,0.661118,0.5337824464648481,0.748779905179923,0.5606713464012545,0.6308855272274784,0.012989815583612452,0.6695850809649085,0.472394405256777,0.8419631132756983,0.5549322218456986,0.007299493063248128,1.20142886027283,0.03191284583150165,0.7486880692634841,0.5673081396169256
TB8,0,1182,accel,0.614643,0.5248462394036423,0.74087336642503,0.5488933450779567,0.6343848470904921,0.012707300924252318,0.664238222993721,0.4699988372729608,0.8340985549983179,0.5425245951865411,0.00734243749763017,1.214576015038035,0.032443996284409526,0.7376774466210779,0.5675527365451004
TB8,0,1184,accel,0.568077,0.5118838582094696,0.7310680364402323,0.5344604739045768,0.6330209142077473,0.012963377517035468,0.6547192172067714,0.4627813567754586,0.8238562899812575,0.5254302778442732,0.007105539537980903,1.2301368634831626,0.03317105992985683,0.722712653718208,0.5630222991866293
TB8,0,1186,accel,0.521728,0.4949561741381048,0.7192768888459979,0.5173592428279781,0.6256974423379246,0.013645955881115945,0.6405748470295881,0.4500497096837206,0.8116371210906427,0.5037321981796462,0.006738907388284386,1.2483152470233772,0.03415607677203285,0.7042774482643113,0.5529306642664844
TB8,0,1188,accel,0.476028,0.4759208155150082,0.7058213759476899,0.4981838147446902,0.6171641769451811,0.01440290029471153,0.6243952969267381,0.4356076685570713,0.7975937876117708,0.4783988146184127,0.006445164929358336,1.2660088053767464,0.03524894325875213,0.6825766960403432,0.5403788459247887
TB8,0,1190,accel,0.431376,0.4548038535466582,0.690981682924322,0.47745568613692835,0.6046290296533261,0.015195051863329312,0.6051510192981739,0.4177875844547551,0.7814623278659579,0.4508561343681113,0.00617432788384576,1.282468247301668,0.03644687169148892,0.6579604545056712,0.524645832841016
TB8,0,1192,accel,0.387986,0.43152709151611035,0.6753882778297123,0.4561493258297847,0.5836725580724687,0.016210461063085102,0.5810453510844784,0.3942056038130274,0.7624040764744425,0.4218380241621668,0.005865712578312713,1.2974796585227653,0.03772247219370863,0.6297657375928005,0.5036297331759518
TB8,0,1194,accel,0.345798,0.40544877694790005,0.6584555918796805,0.43356376647762035,0.5550899726730366,0.017430538295747422,0.5514701114343076,0.3655020965029,0.7403244423752231,0.3910333041246908,0.005605144932328925,1.309354793975707,0.038916608335108446,0.5979148679249111,0.4786837843188869
TB8,0,1196,accel,0.304512,0.37535389078135617,0.639501355840705,0.4089619841221,0.5184365477167251,0.018951405574647695,0.5149238213881,0.3315408751822201,0.7138224781564206,0.3571034475569679,0.005365216222188706,1.3165002896575886,0.03983058027899868,0.5605900641147505,0.4500577671199848
TB8,0,1198,accel,0.263724,0.33985544410774216,0.6167358409615671,0.3803630975265714,0.47519615990602554,0.020474172105524824,0.4703103560224957,0.29307050330135,0.6802788958852702,0.3179304522375747,0.005168912908306912,1.3159723668458057,0.04059628070564529,0.5152073241110202,0.4193034628050432
TB8,0,1200,accel,0.223146,0.29819042635814585,0.5877242216153843,0.34541976067340935,0.42771534322415156,0.02162649315124321,0.417376013742228,0.2513786671693714,0.6385269552712307,0.2722283810970479,0.005008431944193325,1.303594817968938,0.04202342143587373,0.4603911348311883,0.38919743057082345
TB8,0,1202,accel,0.182834,0.25312307962422553,0.5497388359067465,0.3022127877041048,0.3856958090894959,0.022179593432514078,0.362156576905886,0.21203196510297023,0.5918130644424724,0.22192377284189974,0.004903019244121017,1.2718633134810158,0.043297970463182754,0.4023226364482285,0.36527349494475136
TB8,0,1204,decel,0.143355,0.21039620075731957,0.5036090839326234,0.2536221094194561,0.35849053557440247,0.02216651558453922,0.3137949379709531,0.18053909021914036,0.5478444652597322,0.17493732391795638,0.004924136114338401,1.2144556870730168,0.0448702247771455,0.351920074784707,0.35154452741149134
TB8,0,1206,trough,0.105832,0.17694675283716388,0.458671708295538,0.2103797359907471,0.3515884568405431,0.02196616041140953,0.281540517774375,0.16126367811604392,0.518915205416674,0.13956239608727303,0.005125193428355158,1.1328200429445612,0.04770370039962479,0.318302461014762,0.3504059161848353
TB8,0,1208,trough,0.071839,0.15575150290278206,0.42633107907165496,0.1817581889824017,0.3619822578495187,0.021865915286941234,0.2677156366711207,0.15432428659377936,0.5026939474031381,0.11794792522769808,0.0054709866790203935,1.044830185203846,0.05111883704410124,0.2967436363410705,0.35930890560916445
TB8,0,1210,trough,0.043158,0.14496200781887836,0.4105935578180819,0.16858706972171056,0.3782240384083862,0.02257727611601751,0.2664589284917749,0.15529635358242214,0.4921082406781833,0.10723344080654684,0.0058973647729928915,0.9702698520362114,0.05431695133560462,0.2819661292832659,0.3694741999331576
TB8,0,1212,trough,0.021454,0.13781025821324433,0.4031007706489471,0.16249023129777507,0.3871251409139094,0.024424752339099715,0.2657782307771304,0.15605044263997914,0.47777747938019033,0.09992055824387584,0.006216742903190424,0.9248905813345479,0.05738798829108038,0.2663499458809736,0.3746816092923021
TB8,0,1214,trough,0.007926,0.12804197932965655,0.3949468272676046,0.1559829963687471,0.384377500348489,0.02782930636756739,0.25827127417023515,0.1518086742356883,0.46021855072189216,0.09050205590642098,0.0064801609663428725,0.9145994086833881,0.059293547544011116,0.25129657463216815,0.3699058300015359
TB8,0,1216,trough,0.003045,0.11661075802981258,0.3850030385292803,0.1482273396767785,0.37253481376180847,0.03146112501811374,0.24512344352040233,0.14342703525623582,0.4451664940521426,0.07268827117726805,0.006619350839657826,0.9347263075236888,0.060251805655307196,0.2330986807674259,0.35867718907863816
TB8,0,1218,trough,0.006411,0.11965960130928299,0.3943872787343731,0.1555413256275041,0.37325199038100254,0.035435023904441004,0.2506160069833087,0.147205836768552,0.4636985308423216,0.06696044328648378,0.006582329373239065,0.9685125832465061,0.06043039340529065,0.25023175867633585,0.35213174532217434
TB8,0,1220,trough,0.016793,0.16638252851401325,0.451753653541057,0.20408136348769337,0.4153399331150532,0.036372875938416954,0.3104217310914121,0.18763133224622353,0.5273252001408529,0.13375531406521893,0.006455775803298835,0.9942942641857055,0.05964206332975532,0.31078597811930786,0.3764529563843221
TB8,0,1222,trough,0.032322,0.25849116675940176,0.5415453493621429,0.29327136541576543,0.5012009153085768,0.033152525297261204,0.4226604786816592,0.27142302478140906,0.6060669470435706,0.22949979661436187,0.006622672390491684,0.9784565122897902,0.058798691383379315,0.4204417373172623,0.4318360581027997
TB8,0,1224,trough,0.050802,0.3451663626696889,0.6082345254659949,0.369949237968844,0.5875154843588339,0.024353596634754837,0.5218545238007639,0.3573472018329195,0.6618648968442639,0.3060524025651896,0.006957103817750102,0.9365301807176185,0.05785882039633905,0.5183497088160229,0.4932061234716184
TB8,0,1226,trough,0.070062,0.4167789446653548,0.6586070040858182,0.4337631858308969,0.6408417507511932,0.016668636939498715,0.5913949848255925,0.422062865555354,0.7003996656318263,0.36174733290984973,0.007508726961461662,0.8818281186406077,0.05544091643886219,0.5902635137840029,0.5383257911752746
TB8,0,1228,trough,0.088271,0.4556418559442035,0.6851606375176387,0.4694450992035771,0.657319064798835,0.01302809008791711,0.623306702691634,0.4503691494900678,0.7217360300824679,0.3874633891510978,0.007448157854100023,0.8385531796492238,0.05331393556655745,0.6236407521914591,0.5631792533803159
TB8,0,1230,trough,0.104151,0.4741305276185558,0.6967556996279279,0.48546850496400334,0.661799042967849,0.010116009500596879,0.6368540449466096,0.4611122551961568,0.7308480557557834,0.39425591515100494,0.008019305925436876,0.8132309464342233,0.05173468214856644,0.6300419306928047,0.5746504459329445
TB8,0,1232,trough,0.117053,0.4832166608789412,0.7044521562225942,0.49625284040666223,0.6535846591485464,0.010448677269142781,0.6405289508081136,0.46041912241120275,0.7397830361614366,0.39899815775209396,0.008088343666507085,0.8021633247978213,0.0500906073095391,0.6346388668370139,0.5765809366714477
TB8,0,1234,trough,0.126894,0.4857129470568283,0.7069797334150382,0.4998203434595984,0.6462703700834922,0.010421769606648423,0.6398769857748418,0.4569000539556654,0.7450328952529779,0.40015495298494663,0.00856776619051183,0.8016262500085671,0.04893787044913371,0.6353875152482238,0.576216221817006
TB8,0,1236,decel,0.133992,0.47990873623549324,0.7032604579498004,0.494575271715763,0.6411766083988735,0.010812131105207679,0.6342329951860716,0.4509141552492916,0.7486589137482665,0.40064776956015047,0.008727928030197856,0.8075728118907852,0.04774829562235522,0.6326445319584074,0.5753840964272283
TB8,0,1238,decel,0.13886,0.47695784021095433,0.7015018402797786,0.492104831915916,0.6391480195388695,0.01125899274397224,0.6316005687249759,0.4483635119176928,0.7495400552585474,0.40284229720578757,0.008869410264812562,0.8135791753333963,0.04676106960195025,0.6287228799423663,0.5782208190370521
TB8,0,1240,decel,0.142008,0.4734712033113919,0.6981568219500156,0.4874229480353458,0.6435811603295666,0.010973241882644091,0.630550169810624,0.44932057756259364,0.7486252045656834,0.408412668512821,0.009041892935272848,0.8187953310754826,0.04587080136343626,0.6245295290381656,0.5832211767517622
TB8,0,1242,decel,0.143829,0.47483283137244703,0.6988561234263301,0.4883998812504779,0.649567559414507,0.011137687335683322,0.6335384320250754,0.45395426647592463,0.7500968292841445,0.4175138478795682,0.008628745083054806,0.8215585096981246,0.044793037127139196,0.6254251709925092,0.5899519439716535
TB8,0,1244,decel,0.144562,0.4795626055607364,0.7023173489934028,0.4932496586971212,0.6557795689727213,0.011521288167131383,0.6389782881865718,0.460565368404958,0.7507517550687091,0.42981592554403486,0.008498502646294382,0.8228590693543516,0.04362372066366431,0.6257616549782699,0.5964913472924132
TB8,0,1246,decel,0.144347,0.48642063974673366,0.70737748073479,0.5003829002506982,0.6611876494161778,0.011828759986722726,0.6455623768040271,0.4677092537369734,0.7500659607628989,0.4432250334962274,0.008596523876646346,0.8243215053272922,0.042544714032505884,0.6252571147917674,0.6021573639833357
TB8,0,1248,decel,0.143324,0.4939090818548567,0.7136869541581133,0.509349068535485,0.662801395350039,0.012850646585418235,0.6514900596395884,0.4730327090591169,0.7482144105495188,0.45521420540043833,0.009031917708257543,0.8253234100464344,0.04175706254291907,0.6243089967832501,0.6051578970858071
TB8,0,1250,decel,0.141737,0.502660239933844,0.7212242760968102,0.5201644564313679,0.6613955787608813,0.013924743472609746,0.6573305549954405,0.4770145475054474,0.7448846377975514,0.4682930510813516,0.00975647428518044,0.8265358966437051,0.041554444755926824,0.6229441239805251,0.6067876547891933
TB8,0,1252,decel,0.139984,0.5118363042231657,0.7288991418567635,0.5312939589995263,0.6605349775910748,0.014783995820614404,0.6635883759311038,0.48146337833251096,0.7405743789564008,0.4784638930156261,0.010583957218699532,0.8273747432033421,0.0415893307071426,0.6208248495104416,0.609570748695262
TB8,0,1254,decel,0.138593,0.519905743848292,0.7357906908532659,0.5413879407463262,0.6599583355191152,0.015731650782509266,0.6691917737640652,0.48559119962598124,0.7345525277721063,0.48386804480812967,0.011524767765912831,0.8281823977811404,0.042132598927664015,0.6163657332019888,0.6120423908545298
TB8,0,1256,decel,0.138119,0.5332911477747013,0.7447639942737049,0.5546734071665231,0.6670321317350412,0.01534001693809206,0.6803959193678738,0.49678151473989335,0.7291750888910487,0.4931057759829132,0.012050153867970776,0.8241613121750491,0.04210762298259083,0.6145495592490116,0.6198269420283932
TB8,0,1258,decel,0.138984,0.5474253646160232,0.7533044367866597,0.5674675744824665,0.6800549070284565,0.014676716256645461,0.6936166207602644,0.5122883787230756,0.7263584258103414,0.5001892148587627,0.01192598727302337,0.8152199474695713,0.041219132407321786,0.6138811971203275,0.6311365001298959
TB8,0,1260,decel,0.141323,0.5611758956780739,0.7616736733420421,0.5801467846623598,0.693389115584691,0.014308108156168897,0.7064911310604273,0.5281362347227814,0.7228253881511612,0.5062379133912092,0.011435337476817306,0.8033105409079472,0.040977723130441325,0.6130805250386397,0.6429445411188329
TB8,0,1262,decel,0.144882,0.5709634437422062,0.7686171296309966,0.5907722919621923,0.6956806254890692,0.01448911458354063,0.7136817993578644,0.5347120455033046,0.7249311941925888,0.512250617833151,0.010935545656283314,0.7923263719802682,0.04065100605114926,0.6155459479030296,0.647223936702542
TB8,0,1264,decel,0.149013,0.5770712209211695,0.7745695531402059,0.5999579926518183,0.6855632399264846,0.014964647938749742,0.7151921113821667,0.5310164123992089,0.7299669145184098,0.5196825520332948,0.010370918649601582,0.7861086721011338,0.0404537186939044,0.6204002067570551,0.6430784423980602
TB8,0,1266,decel,0.152788,0.5766007438295149,0.776132562726375,0.6023817549242104,0.6734357102881987,0.015234367593986997,0.71172817062106,0.5226753836574363,0.7313840236986892,0.5227045880295812,0.009899653205595028,0.7906163181016769,0.039998600950894934,0.619718477913764,0.6335781684162719
TB8,0,1268,decel,0.155218,0.5706567489101172,0.7737354463030293,0.5986665408657479,0.660965529022149,0.015292737712094051,0.7043432981993597,0.5114124585888703,0.7284613246812368,0.520180735236383,0.009532305450865822,0.807490495181404,0.03957879243628677,0.6157067296362778,0.6218531182511631
TB8,0,1270,decel,0.155519,0.5590878000442934,0.7684755314308707,0.5905546424079591,0.6464148019775101,0.016568020688979113,0.6926198993171052,0.4967539584744481,0.7248343943558345,0.5106823439807114,0.009115106355209797,0.835501284089849,0.03959346499219019,0.6135973068520879,0.6075255078775398
TB8,0,1272,decel,0.153355,0.5416827129267452,0.7586431649813146,0.575539451772866,0.6317184267827614,0.017746849679349586,0.6765157903685911,0.4792488666714909,0.7203326349255827,0.49599405789820633,0.008790955325416986,0.8751426637259914,0.03981271945278542,0.611498908819536,0.5900317481248881
TB8,0,1274,decel,0.148997,0.5199602504980763,0.745078217772647,0.5551415505992641,0.6162670329970393,0.018588978777892118,0.6567157730497667,0.45916714261747116,0.7157254694896429,0.4791415787473638,0.008790679949355113,0.9211201966986645,0.04018839059834431,0.6073766950979487,0.5706217573635362
TB8,0,1276,decel,0.143318,0.4975768813525855,0.7315717936090228,0.5351972892043226,0.5977779750668135,0.019719621971631462,0.635147487310997,0.43731750539959846,0.7122709271200532,0.46315499105508906,0.008699162707193382,0.9651282871065777,0.040813588684631856,0.6010756216267799,0.5510034450795211
TB8,0,1278,decel,0.137643,0.4770470836549543,0.7185090459161309,0.5162552490633087,0.5815484869944036,0.020449970708202425,0.6150933279036744,0.4178478485443184,0.7078086415686934,0.45051955470374,0.008598371827828792,0.999003332732261,0.041482898519847204,0.5931502949581229,0.5363812090793969
TB8,0,1280,decel,0.138366,0.4977446529754668,0.730096264329545,0.5330405551879568,0.5956863127822974,0.017229867137556587,0.633943897561554,0.4349083516745963,0.7200536882160269,0.48224571207008476,0.008572322639964963,0.9536407947952776,0.04090580054620149,0.6138429481564752,0.557659760182345
TB8,1,1120,decel,0.138366,0.4120414490740497,0.6515645048148921,0.4245363039346756,0.5836590903544774,0.007883709547585105,0.5640041567520839,0.3802915461875254,0.7558509500723843,0.4803799640806957,0.0032667174013502297,1.338841923638118,0.042008162957053945,0.6413167182212101,0.5597324719004192
TB8,1,1122,decel,0.14356,0.44464060423102325,0.6821580464999544,0.4653396004046339,0.5874934664786252,0.011737613462996066,0.5907104064835633,0.4007633954245454,0.7757523890696321,0.5182805815602667,0.0032258711806046874,1.2645548438768608,0.04030978111232199,0.6815469709713597,0.5784339733073961
TB8,1,1124,decel,0.145546,0.44515604205088777,0.6862520525315193,0.4709418796037232,0.5755762772068611,0.013536710309121125,0.5874228568953902,0.39499040162165916,0.7747006010330432,0.5197654386192205,0.0032158699714766046,1.2823315475127879,0.03940377698097184,0.682936609544754,0.574539315988465
TB8,1,1126,decel,0.142589,0.42799748804411974,0.677665210497709,0.45923013751890424,0.5536095030555065,0.01584283092579919,0.5674271120378466,0.3751619004216419,0.7651740192153763,0.4946283762114082,0.0032225386835562147,1.3610794850271286,0.039517800566841454,0.6704049193004245,0.5549428321146885
TB8,1,1128,decel,0.134389,0.3966912915387839,0.6568960183545361,0.4315123789300431,0.5215066705979894,0.01649081190531604,0.5317598533248407,0.3425756554611499,0.7535125451899427,0.45343098835176443,0.003207516954428824,1.482648389690342,0.03980235206917118,0.6451881442992631,0.5214654972007734
TB8,1,1130,trough,0.122509,0.35357938528317445,0.6269881610064245,0.3931141540422181,0.4820328304203165,0.018522720893715816,0.48322664300276863,0.30222887788995595,0.7207296635691575,0.3917981866307672,0.003151756206567545,1.5649701021527707,0.03996201930533514,0.5939113146663262,0.48479962220934
TB8,1,1132,trough,0.110418,0.31947462105229396,0.6014914418838383,0.3617919546594988,0.4479508375185335,0.018742616418341795,0.441919021570368,0.2694385951520957,0.6675650861955532,0.34337832227138454,0.0031231700870731132,1.5835460826140653,0.04068273854621943,0.5221576188074295,0.4608554437669221
TB8,1,1134,trough,0.103096,0.31786740395212165,0.5988713851527298,0.35864693595474917,0.45109534384983485,0.018941773619472635,0.4419858190424986,0.2701480934072975,0.6706288056024099,0.3452277653308781,0.0031142026900035946,1.5730043714625936,0.04192127037513429,0.523830564074746,0.4626296283498492
TB8,1,1136,trough,0.106265,0.3745860722950084,0.6340239057846773,0.4019863131064573,0.5100886326037692,0.012040288873022664,0.5084115430248757,0.3234083871398071,0.7230262167094238,0.4345891856032093,0.003102012499855451,1.4778754317840705,0.04237184863640382,0.6026544605926181,0.5172438640796487
TB8,1,1138,trough,0.125362,0.5030633648926687,0.7358417148488245,0.5414630293116588,0.5785019237994413,0.013643854571526615,0.6314369466546385,0.4256858476519249,0.7906307847629612,0.5631815672634733,0.0031791658817312742,1.1026481813088636,0.038978068281631584,0.7123569697330598,0.6132166994080789
TB8,1,1140,accel,0.164472,0.6207699751327888,0.8121886680333734,0.6596504324818252,0.6537484732585892,0.013777162028765,0.7368585637806477,0.530967101724745,0.8743952049221732,0.6651933948527318,0.00320122482823993,0.8181910515512597,0.03454036394108413,0.814552459595969,0.6986646982770738
TB8,1,1142,accel,0.225431,0.6817257808031245,0.8471013460048448,0.7175806904032197,0.691765629490715,0.011725724775137225,0.7864311840932884,0.5859955958614734,0.9079467303021181,0.7175118802697094,0.003348294993773955,0.7005918736885751,0.030720340401603187,0.8597744183080124,0.7427471530728722
TB8,1,1144,accel,0.307278,0.7008157040674351,0.8592870973657968,0.7383743156993363,0.6954449938798908,0.010714376757214872,0.7997907645595809,0.5975869101686256,0.9205065725846232,0.7354905692218081,0.0035768925023918216,0.6751992121810154,0.0282104570392198,0.8790157710723264,0.7471944000760062
TB8,1,1146,accel,0.406197,0.6974443819303591,0.859706821325335,0.7390958186333115,0.6823805125466197,0.010206816917868178,0.7949956824871319,0.5866471813758073,0.9244471852074614,0.737682684555101,0.003853605423130088,0.7008413806975243,0.025975913800650886,0.8859397154286301,0.7315595443847366
TB8,1,1148,accel,0.515946,0.6836143915210398,0.8539859752184664,0.7292920458698351,0.6649665273446804,0.00994930267428451,0.7821230500802527,0.5678720883420839,0.9231894315498153,0.7316286960278653,0.0041871772111670815,0.7564304459370472,0.024561023351206974,0.884542700277657,0.7073649884862544
TB8,1,1150,accel,0.628717,0.6651871607314814,0.8445880312216069,0.71332894248279,0.6494144079143211,0.010049038516414255,0.7661575504593487,0.548487636227302,0.9187882248387425,0.7210811087642647,0.004572473079573561,0.8285105676641811,0.02406884361736296,0.8766664208233523,0.6807908604792552
TB8,1,1152,accel,0.736242,0.6466267134422865,0.8336751955272129,0.6950143316373367,0.6386921718071057,0.010369238656014357,0.7508467519485289,0.5324618212129891,0.9128881016759339,0.7086098111955015,0.00497582953355885,0.903531789238996,0.024228701564508605,0.8655486300689232,0.6546856721894995
TB8,1,1154,peak,0.830951,0.6296412880636264,0.8233444253641212,0.677896042778175,0.6315121139594254,0.011455119015680415,0.7373831697789185,0.5199519785784046,0.906716175682144,0.6936185466571145,0.005364254616053106,0.9727054014556937,0.02481850854396859,0.8553988981224552,0.6314631806928864
TB8,1,1156,peak,0.906964,0.6136356602310704,0.8136872509798911,0.6620869424072123,0.6258082291667286,0.013152755338671107,0.7249662236495469,0.5092121776312691,0.8996588898398157,0.6760033510932592,0.005713351661161127,1.0336977113887738,0.025682166098316438,0.8454590151519735,0.6109226824006841
TB8,1,1158,peak,0.960739,0.5979506514908317,0.8045101929883474,0.647236650622148,0.6199880858140181,0.015237591095261571,0.712744502704523,0.49878673456871175,0.8916185374884181,0.6566108938000564,0.006007171469060407,1.0865614630209317,0.026645934244214034,0.836408513309657,0.5927779646157055
TB8,1,1160,peak,0.991296,0.5820370228623482,0.7954178557062601,0.6326895651763448,0.6132067170557516,0.017451643265681827,0.700056878842269,0.4877555719851613,0.88257185003177,0.6368077148545307,0.006236343161013825,1.1330378916863542,0.027666743112016886,0.8272016753076583,0.5770135915393236
TB8,1,1162,peak,1.0,0.5655781191304496,0.7867769798149139,0.6190180159666774,0.6034383256707782,0.019826834732844745,0.6861033396942265,0.47477138337582325,0.8738197321998792,0.6173769914402653,0.006411078019027201,1.1750554782366858,0.028744249323787323,0.8178327987428156,0.5619237854482424
TB8,1,1164,peak,0.989996,0.5488380263442985,0.7778260430341578,0.6050133532221755,0.5929915301789742,0.02201152973546394,0.671559848219139,0.4612442554718819,0.8668279193870767,0.5989841735856283,0.006534150001452349,1.213234897023639,0.0299206116814496,0.8104705815603845,0.5477438022807246
TB8,1,1166,peak,0.965439,0.5329269048051845,0.7688864186497975,0.5911863247841116,0.5829878895592631,0.023701156860902906,0.6574645763906807,0.44825147051942543,0.8622715304485176,0.5826259271055797,0.006605175020031547,1.2480706724049064,0.03121956112984993,0.8056445036338699,0.5347547314170407
TB8,1,1168,peak,0.930694,0.5193217537136066,0.7610844444643935,0.5792495316056745,0.5737834248373435,0.024846105938735374,0.6450131860869808,0.43669763913520665,0.8581419275242037,0.5695038637348298,0.0066266264745141685,1.279201819710227,0.032390920056325864,0.8007133614080177,0.5241102807840233
TB8,1,1170,peak,0.889659,0.5079560296830958,0.7544295101606475,0.5691638858012346,0.5655370891537671,0.025527509404298154,0.6342658642392038,0.42665786914795495,0.8537320506074424,0.558940441965775,0.006596634152547317,1.3076985078236676,0.03325781644147561,0.7959182466268631,0.5156889425797432
TB8,1,1172,peak,0.845329,0.498022874756353,0.74848169750741,0.560224851503574,0.5581850486076311,0.025989162164735236,0.6247067542141608,0.4177912927050959,0.8490993264730511,0.5499610903450742,0.006502981411641979,1.3349609743916278,0.033920390269472044,0.7906438747057306,0.5087376393138113
TB8,1,1174,accel,0.799638,0.4891433050880808,0.7427083854373028,0.5516157457988851,0.5520503676095676,0.02612196094880337,0.6161516496389842,0.41001243720737146,0.8444362579094142,0.5421688832255485,0.006348486714308485,1.3619840760826414,0.03442403305561767,0.7854504749900306,0.5025871315501771
TB8,1,1176,accel,0.753564,0.4812348702516789,0.7372368230469152,0.5435181332563085,0.5469919336711833,0.026090145071045123,0.6085649146488376,0.40326259541203213,0.8410413254282745,0.5351942519699189,0.006141822414280901,1.3889767351995477,0.03480009185512291,0.781544349460303,0.49806035467549414
TB8,1,1178,accel,0.707404,0.4734359191736134,0.7314870683494137,0.5350733311624198,0.5426073983846421,0.025961882262805436,0.601204033662537,0.39691029510908427,0.8374305180347226,0.5283231524653083,0.005906058954689417,1.4162193707857464,0.03508038405804234,0.777084156700698,0.49406989125625483
TB8,1,1180,accel,0.661118,0.46577266776988047,0.7253523307451322,0.5261360037173957,0.5390114946333207,0.025640428744666155,0.5941057905307864,0.39097324393069643,0.8325175239814726,0.5210961469458661,0.005643579061456899,1.4439857971448045,0.03536564613867541,0.7706309894655453,0.49108562697258323
TB8,1,1182,accel,0.614643,0.4575252117031552,0.7184717391276179,0.5162016399250637,0.5355575326823303,0.025218821302399275,0.5865411861408788,0.3847829519091699,0.8266367706408594,0.5123843511097268,0.005398326407580818,1.472820345394792,0.035837231477017235,0.7617654029920445,0.4875163337864949
TB8,1,1184,accel,0.568077,0.44575677988306994,0.7094439128113479,0.5033106654250754,0.5288915309137034,0.024954722933092532,0.5751887005407194,0.37521887714420177,0.818118125708903,0.4994698441785207,0.005238778858261902,1.5048714542668402,0.03639380315813245,0.7496095770369344,0.4804696126028663
TB8,1,1186,accel,0.521728,0.4302242530159559,0.6983063287091062,0.48763172871519034,0.5187396879118583,0.025163297212026536,0.5597651804866838,0.36223920702143736,0.807615898857497,0.4818259439952575,0.005156271743913982,1.536999138638235,0.037401566354571376,0.7335252804034547,0.470577924464787
TB8,1,1188,accel,0.476028,0.41245629565955444,0.6848646827951214,0.4690396337400622,0.5077159719176686,0.02520167231496434,0.5420466448733294,0.3477167380574109,0.7954978697946697,0.46011905465933917,0.005026680548019331,1.5664802057807385,0.03839115332064773,0.7138397770723547,0.45970743659651614
TB8,1,1190,accel,0.431376,0.39249233198273215,0.6692148955627422,0.4478485764430519,0.4951544173129517,0.025059194371774007,0.5217367905950548,0.3313647116695174,0.7816049031989748,0.4348292353737932,0.004887192842669299,1.5936437484255421,0.03933182955485002,0.6914936260162792,0.44824512422349116
TB8,1,1192,accel,0.387986,0.3701266608996888,0.6516929767736458,0.4247037359760956,0.4789654514108726,0.024742277058459383,0.49776880887829483,0.3121384208016846,0.7641126749175299,0.4058251653506712,0.004731021406160516,1.6203198810487303,0.03996058567054837,0.6653115162294869,0.43591764871621613
TB8,1,1194,accel,0.345798,0.34438487187834166,0.6316960825089734,0.3990399406571837,0.4575367334051749,0.024323589898583298,0.4685624131183494,0.2890241620960015,0.7411344044664188,0.3724652037200969,0.00455846761022512,1.6492939978577832,0.04090529699886448,0.6329749051067044,0.4214086070436681
TB8,1,1196,accel,0.304512,0.31385395825743323,0.6075971523288849,0.36917429951817016,0.42964547718934465,0.02365354257576846,0.43211526146789514,0.26105136845123067,0.709691603550909,0.3342175296909097,0.004379474499079054,1.6831631925302257,0.04201013888889391,0.5911878964753359,0.40421783093041813
TB8,1,1198,accel,0.263724,0.2785207701174247,0.5787280582412143,0.33492616539564635,0.39552876678598065,0.02284341488852204,0.3882069550725055,0.22890359518059267,0.6717147172290752,0.29489513631693465,0.004197794488522305,1.7195832433093683,0.04296786948608604,0.5416788347894121,0.38466354707936135
TB8,1,1200,accel,0.223146,0.2387754437629418,0.5431224474215958,0.2949819928932241,0.3579949926683904,0.02193437462688219,0.3381201590935682,0.19443511658273244,0.6275558918482814,0.25565102360266934,0.003976145213087739,1.7513913077716368,0.04373837690500321,0.4870281466626083,0.3645959027421557
TB8,1,1202,accel,0.182834,0.1989333282959156,0.5018779490808244,0.25188147577357456,0.3229931211220934,0.02094836580383419,0.2881134381053513,0.16210312519597053,0.5786244738874877,0.2141147461588072,0.003750004840666953,1.7670020429577677,0.04420975020590516,0.4357159642758688,0.34701200875081883
TB8,1,1204,decel,0.143355,0.16322216238767306,0.4575425421093718,0.20934517783990625,0.29600770443617475,0.020029511670127093,0.24454675876965026,0.13543611757168697,0.5334434176483793,0.1719418325182751,0.0035330926510395294,1.7611403785743227,0.045399674344977645,0.3944896485951216,0.3370773896792744
TB8,1,1206,trough,0.105832,0.13402348130873043,0.41333149133499336,0.1708429217292097,0.28016802451316103,0.019086931524470024,0.21101360492477525,0.11580226739640383,0.4980774638547314,0.13495831753572252,0.0033596346210302977,1.7405655904951363,0.04780096457523798,0.3649114868630936,0.3333374607967199
TB8,1,1208,trough,0.071839,0.11381367735781545,0.37826445780909235,0.1430840000416066,0.27380281191258643,0.01835808722038418,0.1894583424246186,0.1035698721947194,0.4748418534450746,0.10603179658880318,0.0032342308526661302,1.7183161219032614,0.0511234766286867,0.34469744357259224,0.3359377893115261
TB8,1,1210,trough,0.043158,0.09936251965197906,0.3519264873802339,0.12385225251978994,0.26994287185208543,0.017768419652743617,0.17421011154147484,0.09500004668423705,0.45759318891982476,0.08501323953279737,0.0031377166191321137,1.7181303623339161,0.05422578469615536,0.3271503732559531,0.3367530253466019
TB8,1,1212,trough,0.021454,0.08751819585012754,0.3311018418259683,0.10962842966054853,0.26206314721694174,0.017343892457102564,0.15979358017910075,0.08676959071823928,0.44098300216966707,0.0715796330080642,0.003039149099636879,1.7590179558795034,0.05731528787313422,0.30645473089868025,0.33233008997833263
TB8,1,1214,trough,0.007926,0.07625434202432602,0.3127559006021772,0.09781625336147892,0.24724634384268912,0.017270409310328333,0.14341184993303963,0.0773277529391158,0.425166608730902,0.059989337207163554,0.0029195847547604944,1.850180110067784,0.059457832829937454,0.27773052387622665,0.32082695205124406
TB8,1,1216,trough,0.003045,0.06849405502408379,0.30230948137988184,0.09139102253217313,0.23009620412344042,0.017682210095973663,0.1299431050401916,0.0695602641360367,0.41927924036204567,0.05266893012510574,0.002778998135686448,1.9797344292898948,0.059427560715239316,0.26993462320517525,0.3066580014242983
TB8,1,1218,trough,0.006411,0.07112991090183751,0.3102156418184347,0.09623374442882338,0.22471183106505782,0.017792931873636564,0.13050619829885318,0.06970912489804258,0.454097144802812,0.07696317251308027,0.0026345983252382974,2.1261934068614434,0.058724707344746004,0.2914345458088292,0.3036228128287582
TB8,1,1220,trough,0.016793,0.08809372161936413,0.33617977965238693,0.11301684424712743,0.25063347116004536,0.01760495173109644,0.1559722001195379,0.08425790510809693,0.5317856226528649,0.14039816025253996,0.002520145701087358,2.234434104639246,0.056967199220742455,0.35105713339741573,0.32660327177325504
TB8,1,1222,trough,0.032322,0.11901382642978753,0.37802820822101696,0.14290532621079255,0.2977363223121785,0.017444712838207088,0.2035142936556839,0.11255272844598803,0.6228568400405458,0.21933944228294244,0.002457201358427971,2.2402366747125764,0.05599854674248172,0.46048914143572395,0.3663440910335293
TB8,1,1224,trough,0.050802,0.1538611918715982,0.4226264115460699,0.17861308373630805,0.3380032746544414,0.017590816567330553,0.25241992838346067,0.14284911105802725,0.680520502536572,0.2774673548728729,0.002461395296413228,2.1479960224362142,0.0561647216491643,0.556662821074129,0.40737757230416705
TB8,1,1226,trough,0.070062,0.1864117739657959,0.4627503577714647,0.2141378936176186,0.36315842616899324,0.017807566811511327,0.2923422077306807,0.16805169163742367,0.7120125908596265,0.31635538431065124,0.002501451841277208,2.017326776375609,0.05500308669944177,0.6247516556115393,0.4350741557190825
TB8,1,1228,trough,0.088271,0.20857101388834864,0.48675039394963804,0.2369259460101278,0.37884610565893817,0.016711596690256708,0.3178723918032424,0.18440349117577434,0.7283619776432739,0.34180712945793595,0.002546251577258399,1.9060615600949127,0.052587965753437375,0.6526614633430621,0.45005411230798636
TB8,1,1230,trough,0.104151,0.22393078363336616,0.5053092388833785,0.25533742690089933,0.3871433328233761,0.017443461912551833,0.33517206825537393,0.19562710284775467,0.7386691663587112,0.3543205043968854,0.0025973834181848444,1.817453849274037,0.05048710860190762,0.6625853977163869,0.45626791024888463
TB8,1,1232,trough,0.117053,0.23430743131190646,0.5178098419179752,0.26812703238711844,0.39230237634103293,0.01806747715966467,0.34666120916991294,0.20313803147719628,0.7449912374483073,0.36129511457682617,0.0026494524405328034,1.7556498029559264,0.048201929393829744,0.6641907508471063,0.45782287407816014
TB8,1,1234,trough,0.126894,0.2436328864806373,0.529636582532171,0.2805149095563572,0.396117539108095,0.019054688118839647,0.35681088305530423,0.20979833969426506,0.7497282780653594,0.3656137328725182,0.002704135585678713,1.7100993129869935,0.04698048339763419,0.662351328518776,0.4572157094690878
TB8,1,1236,decel,0.133992,0.2504745011942825,0.5368386745203104,0.2881957624607238,0.4019956886429264,0.019538630426112924,0.3654215171434102,0.215806832653948,0.7517232184667614,0.37205717852565195,0.002753428591193323,1.6768002051057431,0.04742629636305872,0.6594842304793278,0.4561238234164553
TB8,1,1238,decel,0.13886,0.25977885386571187,0.5461584858632132,0.2982890916803977,0.4116566293237193,0.02041948840211527,0.377903040614714,0.2248297613669966,0.7526537758373036,0.37852841042132684,0.0028063269739664783,1.6428548782517811,0.04631826234875579,0.6556532416671642,0.45743548976668674
TB8,1,1240,decel,0.142008,0.26904551544407407,0.5530383301919218,0.30585139466146916,0.4249994517402051,0.020411924822221594,0.39139692288340927,0.2350409871228853,0.7524835386102307,0.38755762978639874,0.0028499854090596566,1.6126878455072602,0.04533684785055998,0.651677440993429,0.46162470694552055
TB8,1,1242,decel,0.143829,0.28010096605524415,0.5616542251069719,0.3154554685805131,0.4402766725360172,0.020621992257154054,0.40722975674761996,0.24728325334589277,0.752342719808659,0.39509399997434874,0.0028992482192493683,1.5821649922551024,0.0452399839231906,0.6481523167444091,0.46947226446544316
TB8,1,1244,decel,0.144562,0.2929829546407642,0.5713698871978228,0.3264635479964527,0.45751070504404995,0.02051667999496254,0.4251112115837032,0.2614078399328152,0.7518956082989057,0.4054594828046013,0.002944335841838502,1.5538662201386213,0.045203301486750926,0.6464073310706402,0.48014260884515303
TB8,1,1246,decel,0.144347,0.3061948679611898,0.5806884127598876,0.3371990327135976,0.47508428686229554,0.019851933345813366,0.4429760140927985,0.2758759404652295,0.7516878682818148,0.41662988889851765,0.0029869524390691853,1.530858206683868,0.044929818001424024,0.646115059826049,0.4921769887556192
TB8,1,1248,decel,0.143324,0.31944582870206006,0.5899509145945653,0.34804208163096406,0.4911655928608068,0.018837713138861845,0.45991251293962276,0.28976359072561486,0.7512898041737468,0.42830536868446595,0.0030289181492894005,1.5124506784087173,0.04475228215253417,0.6455460661990933,0.5042946096607754
TB8,1,1250,decel,0.141737,0.33244948158934884,0.599422672220434,0.35930753997188586,0.5043056777810051,0.01781081575134663,0.4752518392999024,0.3022922569914272,0.7505282561069057,0.4379749594204946,0.003067056499616616,1.497103560455303,0.04471268949311536,0.6450729931681585,0.5145974417271356
TB8,1,1252,decel,0.139984,0.34550130417415525,0.6092119281239298,0.3711391733684762,0.5159017227202258,0.016931074761839526,0.4899025723121399,0.31429348322084577,0.7492482035011347,0.4456465901644427,0.0031050996188431356,1.4814088788862185,0.04492698322779281,0.6444562979579538,0.5236600497550982
TB8,1,1254,decel,0.138593,0.3581862313158114,0.617184672092326,0.38091691946571193,0.5308999921937181,0.015285642164695357,0.5052087291593615,0.32766333759589833,0.7446059701142552,0.45203381048980523,0.003142136990454032,1.4647489724121427,0.0451155122045226,0.6420424081476039,0.5346734991646802
TB8,1,1256,decel,0.138119,0.3718832216589245,0.6257279438523594,0.39153545971770143,0.5495523908831369,0.013849523188610158,0.5226558740096738,0.3438702875864533,0.7437269390678793,0.4563936657958294,0.0031608267466282196,1.4377320883398257,0.04513197849957312,0.6429668029256712,0.548450071281702
TB8,1,1258,decel,0.138984,0.38784361122497835,0.6359082743853026,0.4043793334316933,0.573550370082281,0.012647213977650174,0.5437141586094051,0.36472542611207504,0.7403858208068105,0.4564499003969383,0.0031907389720389344,1.3964109452581686,0.045876662929250724,0.6424175137766386,0.5662381291121432
TB8,1,1260,decel,0.141323,0.40419660793296075,0.6463605054369999,0.41778190298877393,0.5978978395374289,0.011236665069719765,0.5646998300041234,0.38645754976310276,0.7411087013432388,0.4609950029191098,0.003234010301539039,1.3482241781935493,0.046575698467565395,0.6408126016873446,0.5840967080913159
TB8,1,1262,decel,0.144882,0.4207998394899197,0.6591220272906375,0.4344418468597199,0.6055811098776287,0.010775377532373565,0.579529191825072,0.39915184883145693,0.7450938574792118,0.4696618875475127,0.003280990720583418,1.300642235958837,0.046702146852295824,0.6436108129368803,0.5908879462712029
TB8,1,1264,decel,0.149013,0.43589138144916395,0.671398441343803,0.45077586703888806,0.6064007303324681,0.010659783153011193,0.5907456928305814,0.40713650517496286,0.7521477761386647,0.4835492802300659,0.0033086491747605666,1.2588925400382802,0.045657277940460796,0.6468916437959018,0.5937661685565618
TB8,1,1266,decel,0.152788,0.44315837381859813,0.6767650347911321,0.4580109123158423,0.6084155425330073,0.010180885405300655,0.5965939929421413,0.4117543658098162,0.7590869172991969,0.4948564665691942,0.0033134910910288793,1.2350338095861264,0.04442209867130306,0.6504973513105989,0.5955973523497102
TB8,1,1268,decel,0.155218,0.44682414496428724,0.6800086762134531,0.46241179972557284,0.6071179432442613,0.010274595808499654,0.5988184950735328,0.41284546889096446,0.765476724399596,0.5007756708204835,0.003305770226314951,1.2314876797868735,0.043316371977026695,0.6573462238677175,0.5938881397350416
TB8,1,1270,decel,0.155519,0.4436016024893682,0.677833671988755,0.4594584868817591,0.604138624353194,0.010425924346383342,0.5954670683580802,0.4095055021355606,0.7663836508140046,0.4997677556621177,0.003299333240672793,1.2496854418029333,0.04230968928558201,0.6585558954768433,0.589846282290414
TB8,1,1272,decel,0.153355,0.43322109484791427,0.6708426761444587,0.4500298961366591,0.5935538798576064,0.010835243257274307,0.5842112317052087,0.3981812731996032,0.7642655934027954,0.49057397931632174,0.003294405925198236,1.292094028024921,0.04156948700245235,0.6570146771649903,0.578334455562632
TB8,1,1274,decel,0.148997,0.41925851237938716,0.6610494992987246,0.4369864405230945,0.578636143773833,0.010935966974835176,0.5684644216036322,0.3825071331178371,0.7600049970702768,0.4773258347842246,0.003281812275557076,1.3489695094047698,0.04116328102746258,0.6517234945557345,0.5620088202641529
TB8,1,1276,decel,0.143318,0.404295176496563,0.6504304069908375,0.42305971433826656,0.5614909305911618,0.010854307379455141,0.5507933211723858,0.3652107745060735,0.7525775379535083,0.4612778960971844,0.003268089213352206,1.4051973545102505,0.041432854807223675,0.6425846335335412,0.5447901357091859
TB8,1,1278,decel,0.137643,0.3927419243337782,0.6425880463602202,0.41291939732504446,0.5468615245459664,0.01101390601261143,0.5364694929218757,0.35140667868756414,0.7451363903419205,0.44704190646985276,0.003257308264997246,1.442852418209192,0.04241150708626045,0.6327799494477473,0.5309151216250698
TB8,1,1280,decel,0.138366,0.4112621641049419,0.6512277790973143,0.42409762026802045,0.5820583699398503,0.008051048999885901,0.5628756743931675,0.3790525795609317,0.7569221426824898,0.4800120790831721,0.0032416781250048364,1.3450786364129041,0.04206402715768609,0.6449906332256702,0.5591394126240403
TB8,2,1120,decel,0.138366,0.5708776601711529,0.7725351145671239,0.5968105032392392,0.6709214032645682,0.015607496743407112,0.7072322145239307,0.5183103431365287,0.7252545781259259,0.5174012779813851,0.006264414452962965,0.8627806536359447,0.032445103286645176,0.6197304616336623,0.6194047515346507
TB8,2,1122,decel,0.14356,0.5984084231907639,0.7958311447418046,0.6333472109410512,0.6659980047641796,0.018082143513837745,0.7252450554921163,0.5300219545272349,0.742336278384009,0.5449252268977594,0.005752152563485492,0.8193554301412728,0.031353451747661625,0.6471946048930851,0.6391585533904495
TB8,2,1124,decel,0.145546,0.5994018257343252,0.7978862830218812,0.6366225206344736,0.6602912745151567,0.01828830853418273,0.7245371340208758,0.526837350734679,0.7417428493395846,0.5468685115600899,0.0056137334974578935,0.827583379675313,0.030809021372276788,0.6470459800873252,0.639928165385275
TB8,2,1126,decel,0.142589,0.5836816074412372,0.7880781613030527,0.6210671883228004,0.6521569924485253,0.01891101673878226,0.7117347344064464,0.5139506834897627,0.7321465839426917,0.5265567179826365,0.005866956214834877,0.8708780196157452,0.03066767339713351,0.6359573914960223,0.6267842996003269
TB8,2,1128,decel,0.134389,0.5533597575660971,0.7654264697637929,0.5858776806150626,0.6433326122119284,0.017611012997070574,0.6879888024206283,0.4924238102492955,0.7190869193931008,0.48950818277884217,0.006501214938110684,0.9360397244834587,0.03137696568385951,0.6109703047231527,0.6028802611403162
TB8,2,1130,trough,0.122509,0.5127664353453079,0.7384091603331675,0.5452480880639334,0.617499165586522,0.017862425888991673,0.6517689883264737,0.4559670403671753,0.685512356004219,0.43445175383382895,0.007452747481454629,0.9724918197087343,0.0317041210738669,0.5651389706890718,0.5736474624696826
TB8,2,1132,trough,0.110418,0.47649391573347366,0.7193268376449492,0.5174310993562831,0.578671837095153,0.02115335444314631,0.6139376800421772,0.41625418261184965,0.642455537343126,0.3919957184669769,0.008583265045558779,0.9616300561761244,0.03320746508661675,0.5120103599563297,0.5475726669166929
TB8,2,1134,trough,0.103096,0.4756764429617766,0.7173391868004866,0.5145755089195834,0.5804156982989831,0.020151024254385475,0.6136251662632162,0.4163549250240291,0.6451079939995936,0.3891793334557088,0.008897300543317492,0.9551090124875522,0.033707774592126226,0.5144246124811401,0.5509644193731149
TB8,2,1136,trough,0.106265,0.5322187864677925,0.7551359502084061,0.5702303032971523,0.6175087899001069,0.01907028157483348,0.6659629915157856,0.46630308682326027,0.7079343585584066,0.46729730169452904,0.007743381973359017,0.9033168658604047,0.0344149246112313,0.595282483285906,0.5899124839044276
TB8,2,1138,trough,0.125362,0.6300039587751902,0.825069378695228,0.6807394796605296,0.6450740014984437,0.01833718507312665,0.7420655530788737,0.5322308056287656,0.7908843077988048,0.5980389133394651,0.0057597673253985925,0.7104708044228383,0.03109640113799396,0.6973307959422332,0.6749189516898297
TB8,2,1140,accel,0.164472,0.7132543878205193,0.8674916566576334,0.7525417743706053,0.7028195961751436,0.012170499046537109,0.8096137811181592,0.6096901358174242,0.8743750655320625,0.7050570966747055,0.0043062646574131775,0.5832588924159032,0.02662584686907684,0.7985460788519237,0.7503446922739189
TB8,2,1142,accel,0.225431,0.7433040116633004,0.8810166578812813,0.7761903514643026,0.7281470806563439,0.009517232160071165,0.8332834835590607,0.6415097074458639,0.9105682953418787,0.7486588010451151,0.003654377378497323,0.5532228474090012,0.023626711059727582,0.8494005795180444,0.7771021189863291
TB8,2,1144,accel,0.307278,0.7452882192129318,0.8814698167290643,0.7769890378043702,0.7290718373810096,0.008475674482068318,0.8346050400858374,0.6426548188785607,0.9244702685479567,0.7600522862145351,0.003474126056347817,0.5711534639931067,0.021506031257445414,0.8745631431383595,0.7758019854588273
TB8,2,1146,accel,0.406197,0.7362802836603786,0.876667159009192,0.768545307685248,0.7203954312700716,0.007844171134299582,0.8272744684191606,0.6315470160947353,0.9290507080339867,0.758002077007715,0.0035963674977428934,0.6141958464419232,0.020104895261611345,0.8848570460714419,0.7595314630792065
TB8,2,1148,accel,0.515946,0.7237771093009899,0.8700101771949585,0.7569177084228031,0.7102194047793204,0.007607508172627009,0.8173152120422119,0.6178981101993546,0.9277737117991957,0.7486429613312268,0.0039342022104051294,0.6706242184798887,0.01949958582558961,0.883501633255783,0.7384618733138809
TB8,2,1150,accel,0.628717,0.7121657457298127,0.8628663001534037,0.7445382519404238,0.7052423256402425,0.007527188869285384,0.8087345233075683,0.6085298362367779,0.9229032866026582,0.7363219550075175,0.004430781151919603,0.7312251574439078,0.01946872375848084,0.874189462971972,0.7192906388648139
TB8,2,1152,accel,0.736242,0.7016585701345894,0.8555150193548705,0.7319059483417645,0.7054881973634529,0.00773933089033052,0.8018261319143538,0.6035557488220271,0.9166776556508182,0.7223647238023261,0.005054938807474973,0.7899969907809374,0.019830497535873348,0.864244185486999,0.7027327000418709
TB8,2,1154,peak,0.830951,0.690654278012018,0.8475843080030417,0.7183991591729951,0.7077694381579696,0.00819668333118262,0.7950177595205716,0.5998942694668242,0.9103475471145038,0.7063753232312119,0.0057723421919046196,0.8440690117100711,0.020392345410543404,0.8533834236205499,0.6888395450010916
TB8,2,1156,peak,0.906964,0.6795667963976922,0.8398271587431729,0.7053096565626306,0.7104908276300589,0.009014973619137279,0.7883269762466851,0.5966894930816378,0.9045011506060068,0.6888866461035174,0.0061777556597484564,0.8908789290657679,0.02110038610914878,0.8429185349225425,0.6767608662780734
TB8,2,1158,peak,0.960739,0.6683968428815233,0.833004147219698,0.6938959092852163,0.7091640493785661,0.010162696570391816,0.7808417545457091,0.5907365941914603,0.8988789745987411,0.6712421342424124,0.006299931241651769,0.9305258167457724,0.02183455774748174,0.8337477688510198,0.664426751110928
TB8,2,1160,peak,0.991296,0.6567786355863494,0.82719236904391,0.6842472154044762,0.7012969031383065,0.011618911482537797,0.7717087354882951,0.5801074467101333,0.8933636922108665,0.6543865754100143,0.006465646984320506,0.9650640335675417,0.022569509402741314,0.8250401025116189,0.6514118384492383
TB8,2,1162,peak,1.0,0.6444950431077365,0.8219760354234354,0.6756446028104288,0.6883549945083518,0.013294977127461749,0.7609452190066949,0.5658113093498957,0.8875151895034605,0.6389743038962362,0.006649809284493419,0.9948654520315439,0.023414452078095227,0.8167189032911872,0.638723971273662
TB8,2,1164,peak,0.989996,0.6315997493260765,0.8169868495455669,0.6674675123303907,0.6726022182334734,0.01502084124518499,0.7489460344846917,0.5495071672719253,0.88150655196227,0.6250897069088709,0.006843429212285451,1.020522379974477,0.024318688543670572,0.8086738086882331,0.6259186317669034
TB8,2,1166,peak,0.965439,0.6183493551897571,0.8117828054210059,0.6589913231771987,0.6566961541869271,0.016590098596440783,0.7363999742513796,0.5330946463550491,0.8753449684932647,0.6122563646844326,0.007039848672069437,1.043021159487393,0.025157766255739396,0.8000470970038196,0.6135280913045963
TB8,2,1168,peak,0.930694,0.6076866870460289,0.8073828511596793,0.6518670683467329,0.6448730201304171,0.01777093611954461,0.7263500867755042,0.5206594176288495,0.869752668324913,0.6013429752148048,0.007222634555956127,1.0598603321263642,0.025838898170137948,0.7921546715364787,0.6043475966508893
TB8,2,1170,peak,0.889659,0.5997769137982615,0.8036193107376471,0.6458039965904511,0.638025836011405,0.018605883920278954,0.7192762150249354,0.5127298825682963,0.8646366370191143,0.5920221495199176,0.007390683725966879,1.0718533110526098,0.026474176972693372,0.7852133211151937,0.5983627749117139
TB8,2,1172,peak,0.845329,0.5941373358258033,0.800309108554032,0.6404946692345495,0.6352592321860018,0.019115871719644018,0.7147176664681539,0.5084037498114979,0.859822885816487,0.5843869436661675,0.007537283242861288,1.081348861082212,0.026996622484290387,0.7788129296945282,0.5947821276970263
TB8,2,1174,accel,0.799638,0.5896378941005329,0.7971991402959788,0.6355264692886478,0.6344809381540271,0.019411361879805744,0.7114144716146111,0.5058076584305765,0.8549731298298866,0.5779523299680378,0.007665069112019009,1.0906095983316366,0.027201814694213768,0.7723948097469859,0.5930136790201772
TB8,2,1176,accel,0.753564,0.5859519230525619,0.7942352954874135,0.6308097045979789,0.6350331951433931,0.019512472791469504,0.7089865023965127,0.5043657773890291,0.8499880396604701,0.5722348320586189,0.007775337271227528,1.1001330739939097,0.027376234396124566,0.765780208072385,0.5922272959347309
TB8,2,1178,accel,0.707404,0.5825180900873117,0.7911657791444935,0.6259432900893135,0.6363254021500908,0.0194496576542329,0.7068985332721538,0.5034388825815097,0.8448969408728807,0.5665176986949603,0.007869101997007522,1.1101934661262456,0.027536320980648055,0.7594206118894715,0.5918998421238095
TB8,2,1180,accel,0.661118,0.5791675193740449,0.7879283799220533,0.6208311318865917,0.6385125162745605,0.01933851220302052,0.7051004594583556,0.5031021325081682,0.8391855684064846,0.5601390157484195,0.007967308028855055,1.1204453662543619,0.027677920137416104,0.7528454806967952,0.5921779945301942
TB8,2,1182,accel,0.614643,0.5760484933417718,0.7844663384485834,0.6153874361589273,0.6418142493221721,0.018989324285025977,0.7037199626510828,0.5034816741298905,0.8319659642151336,0.5529956700211258,0.008080243001735675,1.1306774539507989,0.02792572291664588,0.7441344897308725,0.5925647007781519
TB8,2,1184,accel,0.568077,0.5690070542370518,0.7801089147363797,0.6085699188511721,0.6379799621238573,0.019362225443387726,0.6978415659997604,0.49769385587599896,0.8231990016641547,0.5425469876420888,0.00822867375849822,1.143993653638044,0.028342480537988036,0.7324338393011187,0.586389644398906
TB8,2,1186,accel,0.521728,0.5578574702107392,0.7744243663015487,0.5997330991215551,0.6273354789487514,0.02024048812813206,0.6872644178436019,0.48582388074336535,0.8129164370752137,0.5287242141526476,0.007980497827412903,1.158922555406531,0.02882710697947596,0.7173103318274039,0.5748102300354045
TB8,2,1188,accel,0.476028,0.5444058395675524,0.7672519039487812,0.5886754841130297,0.6146463287222771,0.020981182955265187,0.6742897406326671,0.47158856596729554,0.8005662075066794,0.5124944158180943,0.007666437278507373,1.1728311208095124,0.0293429791189158,0.6990633088802783,0.5623224004877927
TB8,2,1190,accel,0.431376,0.527900392287207,0.7581940634304201,0.5748582378211319,0.5988431827854702,0.021565142371603785,0.6579430297279448,0.45403934611372143,0.7861046075296166,0.4940859974907012,0.007355319470522619,1.1853060805539055,0.029778163923111958,0.6787253746321185,0.5485857700936471
TB8,2,1192,accel,0.387986,0.5065995367238634,0.7469295777648434,0.5579037941399672,0.5763242768557192,0.022198088717811038,0.635691454179646,0.430473648767471,0.7683560270745378,0.4727756702411137,0.007058141015206593,1.1971831036724159,0.030524200724375117,0.6555758477255462,0.5319038622134823
TB8,2,1194,accel,0.345798,0.4792610551718537,0.7328902847973555,0.5371281695503489,0.5460620781586037,0.022962335582643156,0.6058430377366085,0.40020359197869493,0.7458123541252633,0.44721628601630337,0.006790785172008813,1.2086504160414004,0.03157494792572681,0.6274234215582957,0.5117115341548353
TB8,2,1196,accel,0.304512,0.44427665676972417,0.7146822484324218,0.5107707162244218,0.5080175728290911,0.023783771312467783,0.5664730123616629,0.3630711411926764,0.7164548799304318,0.41558635923111653,0.006572565157371402,1.2192888955285932,0.032861456492024405,0.5919307540296315,0.48845316510720266
TB8,2,1198,accel,0.263724,0.3997785228027886,0.6893733044059679,0.47523555282760327,0.4638027440925974,0.02457495234472673,0.5158285735394998,0.31973323028766937,0.6801902248254876,0.3756350991495996,0.006417885641852448,1.2265057262335697,0.034749304518209415,0.5477780468140867,0.4629403566032107
TB8,2,1200,accel,0.223146,0.3468689125076849,0.6541652640464453,0.42793219268495547,0.41779778512132504,0.025193695083853385,0.455610082328438,0.2733087984219116,0.637356036584135,0.3268023873777846,0.00632696884044187,1.224807927940079,0.03693041995034909,0.4997249477791822,0.4384949225579916
TB8,2,1202,accel,0.182834,0.2899210829182045,0.6071182198724815,0.36859253290113075,0.37710130743335996,0.02576366997489976,0.3920396201180341,0.22894507448052687,0.5894201830312262,0.27173801534436287,0.006306558726950841,1.2075537438564665,0.038866614027726586,0.44977231900076475,0.4190304311591245
TB8,2,1204,decel,0.143355,0.2359547561238997,0.5503722251110202,0.30290958617365554,0.34823952148278436,0.0260972001736956,0.3340887426541055,0.19166136031007697,0.5432209576428876,0.21778859162549657,0.0063743313757313805,1.1723546929276807,0.04141838125876759,0.4045262930086734,0.4086611654714152
TB8,2,1206,trough,0.105832,0.19129697344748064,0.4927180496953536,0.24277107649559293,0.3335775563058241,0.0261484064118494,0.28900377564464197,0.16435968296514764,0.5063071257685758,0.17276664415643386,0.0065558237192809374,1.1237526519881749,0.04459660061914968,0.3700791943055176,0.40706950469027264
TB8,2,1208,trough,0.071839,0.15988234710738292,0.4463792438302621,0.1992544293224766,0.3317415869831616,0.02623028984770015,0.2606438513449201,0.1480825587445948,0.4808284488092412,0.13957699837385695,0.006611667763843599,1.0725319013112773,0.0486742670336729,0.34594536370050155,0.41268526932446437
TB8,2,1210,trough,0.043158,0.13918173823108826,0.41519143928247626,0.17238393125345416,0.3340445181901404,0.026617370219600117,0.24370417376356474,0.13869242429178572,0.46274485218364975,0.11580221436830124,0.006474191256736473,1.0355297443996545,0.05213416007421847,0.3274887882960973,0.4186490904617112
TB8,2,1212,trough,0.021454,0.12315192371310191,0.3931645156330123,0.1545783363529412,0.33119777890958507,0.02758653617968876,0.22899441738984666,0.13021521432371652,0.4486717550367269,0.09778700781357093,0.006268430655292743,1.0260115347242067,0.05584237281755806,0.3063376507412453,0.4169176644523106
TB8,2,1214,trough,0.007926,0.10886734864141634,0.375977974046357,0.14135943696800313,0.3210022026701906,0.029469752888182266,0.21313635533520725,0.12068975782435634,0.4392027133432318,0.08285114520393487,0.005944144166034836,1.0489068092884155,0.056859733735044694,0.28487259578793944,0.4057510275884149
TB8,2,1216,trough,0.003045,0.10049015261156347,0.3694400641189333,0.13648596097620155,0.30304695946920734,0.03158776401960864,0.19931489124357127,0.11195768813735175,0.4415624477583282,0.07827350199122253,0.005540092374376417,1.099130491773706,0.058466832606751604,0.27393378888166,0.3876463334866441
TB8,2,1218,trough,0.006411,0.10948014113449855,0.3885947911560303,0.1510059117135988,0.29043258214957773,0.03188995130207378,0.2022154444385127,0.11286058860532178,0.46734989253244064,0.09976452823167717,0.005132389227017871,1.1632771386941976,0.05673823316225055,0.2870243405078958,0.37260973601713726
TB8,2,1220,trough,0.016793,0.14375676994220743,0.4389536354381076,0.1926802940643311,0.3074993190627088,0.0316432868284002,0.2397052916019683,0.1349779439973186,0.5236640760883821,0.1481435182810553,0.00483534970529334,1.2083484941665872,0.05478583961170887,0.3360337609874994,0.37882253987072434
TB8,2,1222,trough,0.032322,0.20026918494362922,0.5024591626376754,0.25246521011855394,0.3531840870888271,0.029912976994810353,0.3073836693440346,0.17746058065560388,0.5959343883107304,0.21410768332803823,0.004703833035204017,1.2006859427264653,0.05303063736794058,0.426815233045689,0.4083595258117359
TB8,2,1224,trough,0.050802,0.26150885920802136,0.5589873704809895,0.31246688035725095,0.40834470333359374,0.028264807983948537,0.3820210590066037,0.2282595319662853,0.6538398076883443,0.27339068910421216,0.004745332346342964,1.1397084536312536,0.05354553171249195,0.5239588153830528,0.4456484369412775
TB8,2,1226,trough,0.070062,0.31304192671280495,0.5986256699520324,0.35835269272551956,0.45899172043637804,0.025813126155374344,0.4444273681329027,0.27476422614866275,0.688883770289358,0.3134435157625522,0.004885973590667212,1.061898014946881,0.05262992528729999,0.5908196402197344,0.4804086996747445
TB8,2,1228,trough,0.088271,0.3450543761095377,0.6193067913463154,0.38354090180766864,0.49433197889882097,0.022867821951844558,0.48316830583747994,0.3061431517117033,0.7078540658555151,0.3351059650828469,0.005133835862443526,0.9992897290800159,0.05190726249134941,0.620623666371861,0.5066191487282762
TB8,2,1230,trough,0.104151,0.36544336089579654,0.6325673871744711,0.40014149931673726,0.5175825563298267,0.02147662709656928,0.507854641314783,0.327405845304642,0.7182556942745923,0.34748148950696583,0.005481925062980978,0.9548813601298094,0.050650534707501575,0.6266696553339739,0.5232965199054413
TB8,2,1232,trough,0.117053,0.3777108509511239,0.6398753437185657,0.4094404554989526,0.5333608671025922,0.020384270819053918,0.5230982157957755,0.34128446816330343,0.7235621309288993,0.3552691061532497,0.0059265895979955345,0.9275194929644012,0.0495645709337446,0.6231568770739372,0.5335017432450422
TB8,2,1234,trough,0.126894,0.38668908985879924,0.6454754248865366,0.416638524132455,0.5466968827942699,0.020192233895782008,0.5350428389721661,0.3528794027057765,0.7260943343020707,0.36423254074925493,0.006472765439473344,0.9093458964304055,0.04793179905886766,0.6164749737869919,0.5412365377992495
TB8,2,1236,decel,0.133992,0.3936084980344693,0.6484855086265731,0.42053345489866517,0.5603791559486216,0.019162227481984262,0.5451564632842865,0.36339776196907164,0.7255913217024211,0.37250047626511584,0.007113117362533412,0.8967029425911935,0.046243202603833945,0.6101657497851042,0.5480648395004535
TB8,2,1238,decel,0.13886,0.40476418062961694,0.6558067645715866,0.4300825124578524,0.5761144117904853,0.018967460736448005,0.5593702617455946,0.3778197284193809,0.7257299577211774,0.3828144105869215,0.007640990668444125,0.8817824690239272,0.04562640746657388,0.6067932080788925,0.558765769871197
TB8,2,1240,decel,0.142008,0.41603882370785283,0.6623368687875077,0.43869012775524024,0.5942707634011074,0.01801830934491483,0.5741165574823425,0.3936074366430513,0.7245904716537401,0.3925784680758882,0.007973162436198758,0.8667021642189264,0.044753705945180675,0.6044434887943348,0.5716473420262562
TB8,2,1242,decel,0.143829,0.4297526559107713,0.6704363226754828,0.4494848627626241,0.6144215192152194,0.016594548645160967,0.5909590934564652,0.41193050391533514,0.7221532195550412,0.40200058955803414,0.008512868449897999,0.8504101003134619,0.04380365389306911,0.6016525325928935,0.5871715536674239
TB8,2,1244,decel,0.144562,0.44201999823653537,0.6784150156007976,0.4602469333926305,0.6306189740274669,0.015942473566015636,0.6052836612529855,0.42782138110300294,0.7200048047862435,0.4100010085417766,0.00933112307115763,0.8363864990784288,0.04278279469370038,0.5993850506147413,0.6022978350803269
TB8,2,1246,decel,0.144347,0.45163380499316674,0.6847900658536564,0.4689374342918551,0.6434159617236626,0.015591812806128813,0.6164133781417346,0.4406048588000406,0.7167802702564855,0.4159833080601976,0.010259803397627972,0.8260920148833968,0.042516746781723035,0.5960724832731514,0.6141080627821627
TB8,2,1248,decel,0.143324,0.4622830786913664,0.6921656669736471,0.47909331053707377,0.6565543435452553,0.015542065489385803,0.628290603378767,0.4544443751044467,0.7161972697933976,0.42108679300975543,0.010039503215613869,0.8177115461398855,0.042216347072835086,0.5959573065394004,0.6213558576063448
TB8,2,1250,decel,0.141737,0.46875684966788866,0.6965788854618563,0.4852221436712819,0.6661267127478181,0.015537959180387584,0.635950997910867,0.4640098031422452,0.7175082763860033,0.42471014005272084,0.009803648726855439,0.8149434441714524,0.04129566301402522,0.5978390906059199,0.6261836657239203
TB8,2,1252,decel,0.139984,0.47558267933831366,0.7016553656346115,0.49232025212384034,0.6745793582187021,0.016004462607940306,0.643511013448912,0.47332222624050496,0.719972309226915,0.42985808151943306,0.009638879853404194,0.813335526062647,0.04120429233027536,0.6005368460481482,0.6305906662676569
TB8,2,1254,decel,0.138593,0.4835999106526637,0.7079512421832114,0.501194961308752,0.6819485725949103,0.016918911830369976,0.6515454934975949,0.4827863390736346,0.7204196710890391,0.43711003638973317,0.009521868511824568,0.8134666548513813,0.04052905210314353,0.60179409791728,0.6342406578481172
TB8,2,1256,decel,0.138119,0.4946821738555498,0.7154825645039604,0.5119153001091639,0.6963975544885241,0.016868888646324853,0.6635338317159424,0.49826030819973577,0.7183242698460666,0.4455974564114264,0.009418895953218757,0.8101359457122331,0.04016157024227105,0.6042933843134495,0.6427841214937617
TB8,2,1258,decel,0.138984,0.5095004149656874,0.7249870997531921,0.5256062948085449,0.7141030935821878,0.01598741825252703,0.6785570915990432,0.5177155307409327,0.7152517086225673,0.454902707348835,0.009362859072157333,0.8042634048285229,0.03875883283739673,0.6040654814366151,0.6568663067277009
TB8,2,1260,decel,0.141323,0.5274347942355841,0.7363611215846145,0.5422277013813515,0.7328960533250746,0.014780900447724066,0.6954959280878452,0.5396761598313894,0.7139114987531271,0.4674056084054032,0.009341549010551075,0.7943969628139038,0.03799545219803623,0.6063519691149108,0.6746355606627721
TB8,2,1262,decel,0.144882,0.5457150354659717,0.7482354893143516,0.5598563474694871,0.7371244141945823,0.014017856013198382,0.708299961299453,0.5515426467404381,0.718468198900441,0.48322976817039576,0.009297176898714534,0.7849406494848732,0.03659950762499982,0.6100951103477308,0.6816296087937573
TB8,2,1264,decel,0.149013,0.5638826230358456,0.7611405179255764,0.5793348880280146,0.7295304737208818,0.014453070097546261,0.7180277613670492,0.555275202610403,0.726910345662683,0.5032580655774735,0.00861699300548588,0.7780893022162926,0.03601538739410767,0.6203101641491753,0.6808161952748616
TB8,2,1266,decel,0.152788,0.5757735437073117,0.7698385344252281,0.5926513690859831,0.7216133978932743,0.01455216158514594,0.7236810269048678,0.5555258006557673,0.7324765542702011,0.5176045812161593,0.007324414529332396,0.7804746496705537,0.03532342603144242,0.6261517905156623,0.6769520902788333
TB8,2,1268,decel,0.155218,0.5799629867183786,0.7735834768827557,0.5984313957060131,0.7115263247158592,0.014617318852569006,0.7238210300290276,0.550425008167303,0.7349576930713373,0.5238034420410872,0.006575025776421374,0.7942238479846023,0.0343990046337239,0.6291602446360949,0.6690210504108058
TB8,2,1270,decel,0.155519,0.5798597306679926,0.7751785116631698,0.600901724944327,0.7001511220229915,0.015412885080115402,0.7209528170790839,0.5427421047090809,0.7331104630753579,0.5235742155282781,0.006246621745176667,0.8157615393097638,0.03405107173959094,0.6272161333097754,0.6579629764501198
TB8,2,1272,decel,0.153355,0.5730621289473298,0.7712783581650705,0.5948703057738068,0.6899268495851493,0.01519010887824812,0.713693017224723,0.5321256478020335,0.7264356394560151,0.5167579166354788,0.0061720349727804585,0.8471540453559292,0.03315779434001947,0.6211232920568192,0.6437850955707097
TB8,2,1274,decel,0.148997,0.5621243866608164,0.7651251059406297,0.5854164277406597,0.6772211587872535,0.015564937154699865,0.7029727558648242,0.5181589108623333,0.7195945360619359,0.5056022790294435,0.00627600014312171,0.8799918995530741,0.03322453488742904,0.6147632225375123,0.6259180712356399
TB8,2,1276,decel,0.143318,0.5502139853078932,0.7591312721351036,0.5762802883334607,0.6620649846197576,0.01664443885355571,0.6908632968920643,0.5025942340105044,0.7146289883690857,0.49293614862768037,0.006476391390229221,0.9079600217054845,0.03282690608689537,0.607126481349181,0.6073182102460211
TB8,2,1278,decel,0.137643,0.5401778852119234,0.7546016674162371,0.5694236764673654,0.648451985344978,0.01797803625161254,0.6803390061809899,0.4893229493806898,0.7103591011606871,0.48310650106385783,0.006669712366701293,0.9227305044261375,0.03333348881556811,0.5984398935122064,0.5934414974826626
TB8,2,1280,decel,0.138366,0.5685091848039949,0.7722474656262769,0.5963661481662077,0.6637205371970757,0.016078869167935883,0.703769268572302,0.5125565027345528,0.7240525938161267,0.5137450522600058,0.00627072998868427,0.8651950435006894,0.03238055209484481,0.6185645571390582,0.6179398065934157
TB16,0,1120,decel,0.138366,0.5221452165400293,0.7376123051892689,0.5440719127666271,0.648319990554544,0.013953578773771125,0.6668312189864747,0.4782088027332223,0.7269502664664887,0.4968984947669841,0.008615269603652814,0.9244677293200835,0.04037560798919046,0.6151904058300499,0.5960234748105702
TB16,0,1122,decel,0.14356,0.5414251180549209,0.7544152238654322,0.5691423299999303,0.6408937675396751,0.014830090898688586,0.6783228450288341,0.4835000151124043,0.7404686108270199,0.5289681540009841,0.008052946639511983,0.8850002758914214,0.03899128559248418,0.6298818380396525,0.6127876755527419
TB16,0,1124,decel,0.145546,0.53692893374063,0.7531493593326702,0.5672339574632116,0.6329590285543892,0.015859308109989034,0.6730870242925048,0.4767126868395676,0.7420377918228133,0.5282538585563973,0.007718926351032667,0.9006968660503492,0.03826011787427677,0.6308802290503135,0.6099663687348925
TB16,0,1126,decel,0.142589,0.5106912250933936,0.7368664824252489,0.5429722129217596,0.6151857225715304,0.01747478050978779,0.6494742666131649,0.4533097394295186,0.7346900778436066,0.5068589202721201,0.007201920220315199,0.962884454674204,0.03876004033991099,0.6213030513292324,0.5923623228657358
TB16,0,1128,decel,0.134389,0.46608976745821706,0.7080769899407113,0.5013730236834982,0.5820163756927464,0.019391977760707002,0.6068798631370865,0.4121124033967221,0.7197484537795238,0.46288652843081396,0.007081041733473924,1.059477679359927,0.04008666323575561,0.5997494113859823,0.5518889073883732
TB16,0,1130,trough,0.122509,0.41406073122270104,0.6755945210766577,0.45642795690879856,0.5379623674206788,0.023424615966114504,0.5536816604236334,0.3634444279748385,0.6849857201844312,0.40273156766769735,0.007266536889692037,1.1271935015442711,0.04086420057647781,0.5644181969636541,0.5038498502033006
TB16,0,1132,trough,0.110418,0.3739187309105898,0.6470780472852474,0.4187099992784889,0.5043146436679495,0.02440987895550356,0.5103932524791922,0.32633093484201214,0.6332801340466075,0.34571393136731593,0.00775178881501274,1.1360820157922225,0.04238721923229017,0.5018064392454102,0.47284473609566324
TB16,0,1134,trough,0.103096,0.3661371759071559,0.6385209018965282,0.4077089421587558,0.5087556040854687,0.024732733735607026,0.506170061608776,0.3248510871655665,0.6356216833627489,0.3374148461943095,0.007763320354528555,1.1331558603839564,0.04361496654234361,0.49642267753662006,0.4735771010234741
TB16,0,1136,trough,0.106265,0.43129102881980297,0.6807089054707444,0.46336461398717876,0.5700727315278298,0.01983322218264899,0.5771102430536525,0.3880535851170265,0.7058516030563325,0.4114884041003635,0.008183388923756304,1.0604848601205334,0.04448892505471292,0.5721284159749854,0.5300200011340426
TB16,0,1138,trough,0.125362,0.5758659060878739,0.7771019275973281,0.603887405875483,0.6583912710089634,0.013929279799968386,0.7069699817478493,0.5116371258143203,0.7903095483195444,0.557141661054317,0.007140910235029016,0.7938827757743526,0.04117668085118635,0.6828519912374553,0.6539973268424369
TB16,0,1140,accel,0.164472,0.697432302942788,0.8454655737058292,0.7148120363217269,0.7425383401334286,0.006785717968071481,0.8058159292886846,0.6277906037394834,0.8748596988996864,0.6801171231424005,0.0059941179464425955,0.6020836268155655,0.03437598820165649,0.7860402602756391,0.7388734481460282
TB16,0,1142,accel,0.225431,0.7539150130527736,0.87649190899167,0.7682380665278619,0.7767480619700294,0.004374218456411838,0.8469346362302689,0.6808133916416911,0.9157321651604814,0.7420564197689079,0.005346701404127394,0.5325549048878114,0.029197158241089902,0.8472142378996587,0.7706025296887641
TB16,0,1144,accel,0.307278,0.7644932493361298,0.8834702041694155,0.7805196016551487,0.7729690720898474,0.003815852128152719,0.852927505018529,0.6828951439358611,0.9291195284666253,0.760261982146325,0.0050096328549858685,0.5378915017564656,0.02621724007311284,0.872044119765348,0.7702430295480889
TB16,0,1146,accel,0.406197,0.7536784774025518,0.8794161519295998,0.773372768274665,0.7540981435668868,0.003989687652116158,0.8433720513647281,0.6631660875928465,0.9321406009572908,0.7583590688028347,0.004959538108318101,0.5826696048171734,0.024556056700730515,0.8799439362009436,0.7537603013576705
TB16,0,1148,accel,0.515946,0.7347988711540143,0.8708268232751826,0.758339356135546,0.7333593567592784,0.004643180631230481,0.8280660250621852,0.6386289989658137,0.9307443935629341,0.7473021363979617,0.005203282394946323,0.6466055788731568,0.023937748964452617,0.8790239635663272,0.7316238296746095
TB16,0,1150,accel,0.628717,0.7121231081259745,0.8590584248894833,0.7379813773735999,0.7161252512229204,0.005428377113229521,0.8103907233574654,0.6151934303391474,0.9268411134842044,0.7314023649780906,0.0054824289021953975,0.719901365524859,0.023929193628352146,0.8728325095519694,0.7087295345867515
TB16,0,1152,accel,0.736242,0.690010241133961,0.8469382984755593,0.7173044814246756,0.7022208273609742,0.0063510938449138354,0.7932664511804772,0.5947377126792031,0.922071347666808,0.7135859783597643,0.005881799904661852,0.795542852074332,0.02430190898629922,0.8635005956780546,0.6857267660834078
TB16,0,1154,peak,0.830951,0.6702769904470813,0.8355452024077683,0.6981357852666386,0.6921226111919999,0.007288755148511794,0.778161860886062,0.5782997272594127,0.9166789600449021,0.6949147475680508,0.006078892915066196,0.8662352531873816,0.02499954256228855,0.8530458652674169,0.6659741860812463
TB16,0,1156,peak,0.906964,0.6545334083053234,0.826332065341039,0.6828246822107871,0.6846463760080472,0.008216439343698645,0.7660957167910544,0.5657452539149872,0.9109460828510975,0.6768208899370585,0.006060616791406605,0.9266792136308688,0.025779347088413746,0.8433403312970982,0.6489120038763436
TB16,0,1158,peak,0.960739,0.6393925891714982,0.8182336468819312,0.669506300889705,0.6742072398612081,0.009370105798907735,0.7536709287199933,0.5516590486258373,0.9047748262925294,0.6592367245610976,0.006169205700727305,0.9786573569849834,0.026695488275957975,0.8338205716469876,0.6305863664001273
TB16,0,1160,peak,0.991296,0.6242364357101533,0.8103480607003329,0.6566639794807905,0.6624751177522794,0.010561136514518843,0.7407515927708876,0.5368354269327843,0.8981098089240425,0.6422871340136111,0.006363772259858017,1.0234536380490027,0.027475721403025736,0.8242536701728469,0.6122616865562114
TB16,0,1162,peak,1.0,0.6095975028037353,0.8025396532260756,0.6440698950002296,0.6514325387309147,0.011639032145440709,0.7281326065342624,0.5228004437332903,0.8916250047153432,0.6259619614897929,0.006631271141971845,1.0613018402883114,0.02828160745572286,0.8156656727026266,0.5953349579832701
TB16,0,1164,peak,0.989996,0.5945044051292292,0.7943678258749749,0.6310202427853344,0.6400095030064074,0.012689345817308406,0.714901803809245,0.5084029574425231,0.8849452365330615,0.6102420972667657,0.006729047178141994,1.0956814914989408,0.02911665212485516,0.8065039584422541,0.5785508796093326
TB16,0,1166,peak,0.965439,0.5802753699279984,0.7864809482862892,0.6185522820173007,0.6292997916889113,0.013570996100012889,0.7022362097059376,0.4949322969238592,0.8790284854963156,0.5961820712076716,0.0067841442735327865,1.1278466073384144,0.029757836390145728,0.7979660735468209,0.5634904884561218
TB16,0,1168,peak,0.930694,0.5689466337376051,0.7795730894622875,0.6077342018137758,0.6230324864264672,0.014282607677352455,0.6926430711513577,0.4856993602788518,0.8742348373126737,0.5843685570464651,0.007019541967750634,1.1519382149714132,0.030175894284583137,0.7919299093403005,0.5528754305007892
TB16,0,1170,peak,0.889659,0.5599950621027522,0.773454004605771,0.598231097240704,0.620599789156154,0.014871623957233848,0.6857142881312626,0.48000539218032445,0.869070994019577,0.5743726075647189,0.007183023004877125,1.168416118726108,0.03063341449688379,0.7848952671789944,0.5463244762610426
TB16,0,1172,peak,0.845329,0.5530615288218643,0.7677267373909421,0.5894043433049406,0.6220774212782572,0.015129091198983424,0.6812385194583336,0.47758546904252697,0.8634106625666085,0.5659914506627414,0.007279270028621407,1.178938889563752,0.031062833371841684,0.7775827505264741,0.5438459000569033
TB16,0,1174,accel,0.799638,0.5474503458249265,0.7625202443929626,0.5814371231091034,0.6254819468098984,0.015207282279712575,0.6782292314352967,0.47694264694486976,0.8578368696895832,0.55878184196025,0.0073386293453935846,1.186444436346851,0.031378758060518874,0.7707906232375775,0.5441203656902991
TB16,0,1176,accel,0.753564,0.5419532289932845,0.7576392360839478,0.574017212053868,0.6277519722151367,0.015193281745257359,0.6749748951634974,0.47560952467926776,0.8523182651366856,0.5521739357106628,0.00735778689333304,1.1940937280844726,0.03161549514116877,0.7640613505080102,0.5447963554791743
TB16,0,1178,accel,0.707404,0.5357905505724734,0.7527699538432048,0.5666626034091007,0.6273554049364918,0.015143243759152991,0.670473839579188,0.472254299217328,0.846816011353193,0.5450428753379611,0.0073757528555967395,1.2032707849381894,0.03185621689629702,0.7574288366432251,0.5439442378595819
TB16,0,1180,accel,0.661118,0.528530397546061,0.7468419358814797,0.5577728771911963,0.6269921863973532,0.014878517193727459,0.6651488876063134,0.46826405827156087,0.8408123684760741,0.5367497272529381,0.007395874861969972,1.2136307263446593,0.03216319888716598,0.7506379827386686,0.5436467461643799
TB16,0,1182,accel,0.614643,0.5196229847338631,0.7394458005369186,0.5467800919316843,0.6264197484244799,0.014382218741697539,0.6585282157045713,0.4632034523458747,0.8335842581477231,0.5264012523169568,0.007410146289896707,1.225083718926674,0.0325246075017942,0.742153855556895,0.5430955260423433
TB16,0,1184,accel,0.568077,0.5069306268065026,0.7303314639480053,0.5333840472324366,0.6198666850373374,0.014250953046151205,0.6474262216603999,0.45270814353591576,0.8244761745067409,0.5127358699462331,0.0071398833993860785,1.239933108121827,0.03299479310290039,0.7301439579534044,0.5382093067606766
TB16,0,1186,accel,0.521728,0.4903492442852341,0.7192004060473545,0.5172492240586796,0.6075895051486483,0.014442986574024652,0.6316509024465927,0.436978618813019,0.8138860668297638,0.494969958773197,0.006746766758676445,1.2579822594956256,0.03372862676297399,0.7143554383900883,0.5286451412131088
TB16,0,1188,accel,0.476028,0.471790651996734,0.7063149194084446,0.4988807653789576,0.5953424672483661,0.01477522824380273,0.6142226793172659,0.4204992667749543,0.8010747427912241,0.47304825134001915,0.006436877729617074,1.275364882285438,0.034658413651681264,0.694549928463804,0.517672094762962
TB16,0,1190,accel,0.431376,0.4510956028791572,0.6916970663976164,0.47844483166306856,0.581825707357264,0.015277513246537311,0.5945450305827644,0.40244713493373757,0.7850173099597901,0.4470272530063219,0.006162918399172793,1.2911739300159153,0.035846399910178836,0.6703572109281944,0.5047971687686855
TB16,0,1192,accel,0.387986,0.4279148349041153,0.6756794439707874,0.4565427110046724,0.5639780783190208,0.016150681012087442,0.5712218919416847,0.38106839437030915,0.7648795985805149,0.41660168286884397,0.005862556097765163,1.305245494935379,0.03722325898905888,0.6409606322127319,0.48820446729435824
TB16,0,1194,accel,0.345798,0.40165316536001816,0.6573832666882096,0.43215275932166164,0.5426830296548524,0.01734344958613515,0.5438902307541873,0.35675074281076136,0.7406838523907809,0.3818210165954137,0.0056165244217435475,1.3156683235768463,0.03859534069270372,0.6065298753714365,0.4687924310826815
TB16,0,1196,accel,0.304512,0.37184384942279725,0.6366034497696957,0.4052639522586775,0.5163213895054272,0.018952328814463126,0.5113679086256222,0.3286919777490377,0.7112793924398385,0.34321132346666106,0.005389527473468503,1.3201947817394972,0.039733088046933464,0.5659835446847201,0.44643548823928253
TB16,0,1198,accel,0.263724,0.33814960197712385,0.6129803209175352,0.3757448738321644,0.4832377017034468,0.02076212461450866,0.47232677282855506,0.296215201469631,0.6745116639333018,0.30142329325076694,0.0051968001890756,1.315372828776468,0.040621569817991185,0.5183392574056241,0.42083369050910574
TB16,0,1200,accel,0.223146,0.3000981837534604,0.5859959424497808,0.34339124456760683,0.4416904989163867,0.022468999780776766,0.42516006963678404,0.2588288401836219,0.6305993694794291,0.25838509834857676,0.005024868158538692,1.2980013130968917,0.041993264867171635,0.4642291479329753,0.39382128353167073
TB16,0,1202,accel,0.182834,0.2590150044759836,0.5534868615443028,0.30634770590216226,0.3998581469049379,0.02373091946443523,0.373965810429304,0.22131623079333484,0.5824296402459755,0.21433063613753817,0.004898108495932261,1.262834425325888,0.04309857868361355,0.40769917996288996,0.3704257481299537
TB16,0,1204,decel,0.143355,0.21819946260100587,0.5147848573450655,0.26500344935177944,0.3653418021409335,0.02447076000202833,0.3248381637557901,0.1880724274973096,0.5368160788112738,0.1729124086457556,0.004915580461278697,1.2057634395042856,0.04459006098461264,0.3581256434572453,0.35385705403401885
TB16,0,1206,trough,0.105832,0.1828578395178848,0.4734281171654211,0.2241341821227957,0.3452517768446599,0.02484716838688733,0.28574358843716074,0.16345189865958348,0.5021777723021089,0.13956642179959458,0.005131520886498475,1.1282393172844802,0.04747522780172164,0.32254233213929673,0.3463183777660454
TB16,0,1208,trough,0.071839,0.15834022938338366,0.43804416924300454,0.191882694207794,0.3443215600708337,0.024758537354370863,0.26384318656386363,0.15082805173368363,0.48205725845422603,0.11754839632397755,0.0054798590794938986,1.0447829398268311,0.05092219207592786,0.2991278927268113,0.3485177872660263
TB16,0,1210,trough,0.043158,0.1456084648045043,0.41709836184562316,0.1739710434543024,0.35790215954500176,0.024858388282982008,0.25895329535941974,0.1492804044472311,0.473310501941259,0.10661056489481074,0.005899161860465141,0.9728376137748661,0.054063009658646695,0.28453231653525013,0.35677361705968524
TB16,0,1212,trough,0.021454,0.13890122044316777,0.40745185232310993,0.16601701196153337,0.3716991463801223,0.025837535536119866,0.26022301223636335,0.1514495056994996,0.4653598570086383,0.10203703456024356,0.006212929690821675,0.9278687279311594,0.056982210505987785,0.2699866487535758,0.36387557819547756
TB16,0,1214,trough,0.007926,0.13231483525668797,0.40195346183859976,0.16156658548403466,0.37623527236350945,0.028590324957470048,0.2584795717406074,0.15122907019230108,0.45453992990730585,0.09720881934419638,0.006471742435434094,0.9159583954542015,0.0587481296196299,0.2571541264351054,0.3632904715347719
TB16,0,1216,trough,0.003045,0.1271790311530876,0.40069015522720736,0.16055260049600353,0.36859600014715954,0.03234353455261377,0.2528538964900324,0.1476927885150931,0.44656099301092683,0.08668450165236703,0.006610257682318162,0.932781038219848,0.059647737354103995,0.24412963022313106,0.35540872357039427
TB16,0,1218,trough,0.006411,0.1347214442410407,0.4172761794688608,0.17411940995212893,0.3712490921835655,0.03727947294712003,0.26365874568700653,0.15491340281764113,0.4659864515612778,0.08418321198277622,0.006575696164249703,0.9653223256008969,0.05967813692628271,0.25738374367930106,0.35195749275629873
TB16,0,1220,trough,0.016793,0.17685360921379578,0.4668418983331508,0.21794135803929993,0.42027707599583164,0.03891946614619807,0.3228210750321077,0.19620294798379995,0.522777825533771,0.13494518909165804,0.006480751175735916,0.9977750159881068,0.059194269887104536,0.3075589863989493,0.37597418877096594
TB16,0,1222,trough,0.032322,0.2538061716082909,0.5404089412118487,0.29204182374171134,0.4959775667726537,0.0362615050988645,0.4180613982117829,0.26803071172443876,0.5960166598636832,0.21818120982111444,0.006712866111877512,0.996018456354332,0.05902858317692841,0.40601398291133406,0.42025596508385105
TB16,0,1224,trough,0.050802,0.3272043769906129,0.5987584170129844,0.3585116419438949,0.5485785763398879,0.02878924854330467,0.4940350407752542,0.3284660399765079,0.6526028519258313,0.28753334381640344,0.00706579289886726,0.9629823534920412,0.05816500131023763,0.5033006614539622,0.4597303962296791
TB16,0,1226,trough,0.070062,0.3928229580054078,0.6474511401525589,0.41919297888484847,0.5835617078342475,0.022288161317484567,0.5544741749278476,0.37782769308665803,0.6926697878624054,0.3395577318750827,0.007659194346142027,0.9117397834086872,0.05603700345435768,0.5791226511641832,0.4917895699685619
TB16,0,1228,trough,0.088271,0.4292786472197401,0.6731187064892482,0.45308879302575866,0.6039886021929005,0.01903117448599473,0.5875794367450888,0.4065560266423343,0.7116956010387941,0.3640606616573303,0.007648323157261434,0.8703549996655444,0.05402628607254109,0.6106133896038681,0.5203482646973929
TB16,0,1230,trough,0.104151,0.45224921950297026,0.6873627422778362,0.4724675394717071,0.6195625798209817,0.015621457939561045,0.6086038566270913,0.42586423387848077,0.7191377540421032,0.3745711766471143,0.008248443173311438,0.8431377496024575,0.052270047006842194,0.6164701556775423,0.5414912400761389
TB16,0,1232,trough,0.117053,0.465671809729545,0.6976228473420697,0.4866776371336567,0.6242119170811022,0.015616662722330976,0.6197648389072599,0.4354644949389705,0.7264016025117155,0.3828672130455413,0.0083033834657813,0.8279092562055925,0.05044978304388291,0.620599189033403,0.5533755855503903
TB16,0,1234,trough,0.126894,0.4751998104340992,0.7040552652323756,0.49569381650143074,0.6291107252478879,0.014877321993845116,0.6279747972405465,0.44292871852493393,0.7309134500276298,0.3878620415199102,0.008773276149100747,0.8212485384323681,0.0492550791796932,0.6211579870612169,0.5625147749092867
TB16,0,1236,decel,0.133992,0.47653016597771636,0.7042702307524118,0.49599655792405534,0.633922083129696,0.014517530072391593,0.6304157225177084,0.4464524517648006,0.7341635261767416,0.39251985288554514,0.008902931829186205,0.8206654333778783,0.047845413334768355,0.6192956582017467,0.5681442838581577
TB16,0,1238,decel,0.13886,0.4804116926039518,0.7062836754137738,0.498836630155989,0.6403240391032056,0.014074263929814756,0.6351434097959534,0.45225041579360503,0.7345150842675048,0.396276146435366,0.009027761394941068,0.821005819590824,0.0467963974923869,0.6163103908253145,0.5763913060123985
TB16,0,1240,decel,0.142008,0.47979937307851095,0.7039349328473256,0.49552438968276874,0.6503650710403727,0.012855286510241759,0.6377004084582991,0.45781469260905083,0.7333056409789963,0.3987245494145123,0.0092030174934989,0.8230725955040236,0.0460713397011137,0.6122053077118754,0.5834642791275256
TB16,0,1242,decel,0.143829,0.4815429377277095,0.7041860271107704,0.49587796077805063,0.6589118665028747,0.012285273431591637,0.6415658897215992,0.4639965294888016,0.7346533377332929,0.4030141295541771,0.008775598211944981,0.8247712455674305,0.04507373400698655,0.6132921292163445,0.5900001685885848
TB16,0,1244,decel,0.144562,0.48516288123011797,0.7064298023724591,0.4990430656799916,0.6651864477139162,0.012179170146383367,0.6460754497068772,0.4699075307993799,0.7360249871533654,0.41110938619209064,0.008632768104480248,0.826233766935966,0.04404458926836239,0.6148533568680525,0.5944818994311061
TB16,0,1246,decel,0.144347,0.4898756601539851,0.7098222356070109,0.5038476061621349,0.6682501303587979,0.012243706073381322,0.6503128184298863,0.4743388014759583,0.7365722716392153,0.42168392289126994,0.008729289848202383,0.8289129474982769,0.04319381786255754,0.6161047875461019,0.5965335799126719
TB16,0,1248,decel,0.143324,0.49368692370820566,0.7135660848531198,0.5091765574526097,0.6660398735384704,0.01323089298247948,0.6524580090038139,0.47526346491691335,0.7359432032487535,0.43241797640419044,0.009176160497014738,0.8322491406176711,0.04254175634177698,0.6166335432174395,0.5947884423037899
TB16,0,1250,decel,0.141737,0.4994589119252483,0.7192146785927909,0.5172697539033315,0.6606148444306177,0.014376901414248966,0.6549869543309484,0.4751238930107932,0.7334394668090772,0.44584765039642665,0.009917520698236265,0.8361226464321925,0.042365479780629454,0.6165249889726292,0.592061649987128
TB16,0,1252,decel,0.139984,0.5046519512725333,0.7243749312341143,0.5247190410004279,0.6561009953620378,0.015405759408430142,0.6574058636266121,0.47526311339801014,0.7293688981710571,0.4562115893267106,0.010778304014000366,0.8402003265444763,0.04235629316462041,0.614189226644204,0.5909507500097269
TB16,0,1254,decel,0.138593,0.508116028757442,0.7282662349250002,0.5303717089318356,0.6528541607902516,0.01656869924908877,0.6590738033588102,0.47545164163383724,0.7235678343520207,0.4610837831536085,0.011770926081915682,0.8446580257118056,0.0428595806206647,0.6085172863454156,0.5901812923892213
TB16,0,1256,decel,0.138119,0.5177765876306022,0.7350695636602933,0.540327263419734,0.6562600480183028,0.01633973603340677,0.6667465435336731,0.482396787144497,0.7186624127413943,0.470424117371019,0.012322929647876294,0.8437365549902047,0.042670686761224645,0.6056997342655808,0.595518887061257
TB16,0,1258,decel,0.138984,0.5306373127011048,0.7428466791971703,0.5518211887942637,0.6677710192920621,0.01554752138297133,0.6788411102896384,0.4960514841452179,0.7169394063907177,0.47882959332137104,0.012186042597174523,0.8355793646684319,0.041626112123191936,0.604964424307251,0.6070517421764958
TB16,0,1260,decel,0.141323,0.5454856961005066,0.7517201514501388,0.5650831860962197,0.6817185069791661,0.014697259767072701,0.6927789514661529,0.5124615393127413,0.717574490268942,0.4889956751650703,0.011639208040968954,0.8225301904111676,0.04104072485411785,0.60614808662018,0.6209348683632457
TB16,0,1262,decel,0.144882,0.5584411741666192,0.7598476101898223,0.5773683907111841,0.6899652956246918,0.01404367865558509,0.703670844893287,0.5242684809943363,0.724075508279881,0.5009378560664236,0.011100526587838224,0.8082772374431272,0.04038681377458381,0.6093452932292849,0.6313456191981653
TB16,0,1264,decel,0.149013,0.5695855564893347,0.7677603232765636,0.5894559139977334,0.6889771717079949,0.013663572537322644,0.7108116084963411,0.5289693360807026,0.7312624565430967,0.5141760982949154,0.010490188458910253,0.797094499433441,0.03987791081019809,0.6140544265561454,0.635996531430128
TB16,0,1266,decel,0.152788,0.5736266111874613,0.7708790792519242,0.5942545548282945,0.6854574475435549,0.013331088477112951,0.7125281313483048,0.5284048060287497,0.7346266297528088,0.5212514677889892,0.00998208500237155,0.7965234556187245,0.0393189738073161,0.6147614501713957,0.6346511213200983
TB16,0,1268,decel,0.155218,0.5714199982531012,0.7697729893914195,0.5925504551966024,0.6799391603097955,0.01306034009603474,0.7095116523264611,0.5233988000359628,0.733878185626241,0.5213463825874654,0.009586706459369649,0.8087075424015148,0.038912926075216035,0.6124513287265811,0.6298828194233781
TB16,0,1270,decel,0.155519,0.5635483557461494,0.7658465234390668,0.5865208974637051,0.6713824932083545,0.014049088710126778,0.7020408320513459,0.5141759483214712,0.7317724437316168,0.5137187592398217,0.009149317691759638,0.8323154367939319,0.03895200155146981,0.6118692936284513,0.6220184910658265
TB16,0,1272,decel,0.153355,0.5492475799064438,0.7572914584245145,0.5734903530027282,0.6615562792495481,0.015077548564621512,0.6897213532031279,0.5009909195427856,0.7285646177891235,0.499919255354779,0.008818193674677772,0.8683104867727905,0.03917966106071881,0.6112397110540722,0.6097187686953941
TB16,0,1274,decel,0.148997,0.5297679242153567,0.7448591243525072,0.5548151151311839,0.6492406032475126,0.01590428933752086,0.6728632936257305,0.48359278722903587,0.724160632489467,0.48284783648868296,0.00881439218579283,0.9116810078068426,0.03957896159310633,0.6082559104960721,0.593446055516844
TB16,0,1276,decel,0.143318,0.5093235109024103,0.7327414523098758,0.5369100359331859,0.6306164705904999,0.017157013139592614,0.653191513335085,0.4620788285110109,0.7193385878889447,0.4671086857444886,0.008716061030618108,0.9533825319871586,0.04031698856690478,0.6034581129763819,0.5749753332517172
TB16,0,1278,decel,0.137643,0.49155307409350757,0.7224706575082375,0.521963850960385,0.611886884275987,0.018182005964595516,0.634890517017487,0.44207031960353915,0.7134135657749553,0.45623762332816453,0.008604808780940233,0.9839919140810471,0.04103072213275137,0.5967642385536934,0.5607357397683909
TB16,0,1280,decel,0.138366,0.5161452635487338,0.7360820331288732,0.5418167594951356,0.632801492883271,0.015004625952978357,0.6581600553190936,0.46579380944850435,0.726027665938999,0.4916402996060763,0.00854183091153803,0.9298713983840596,0.04045153671678193,0.6145902639132899,0.5907864065216902
TB16,1,1120,decel,0.138366,0.42741623433014575,0.6605001853612433,0.4362604948622368,0.6116781437288765,0.00646066878293855,0.585267797954793,0.4040135273143442,0.7584977548489958,0.51133250212819,0.0031713295274580465,1.3251333734623365,0.04125597718242845,0.6455388703445145,0.6033420738192329
TB16,1,1122,decel,0.14356,0.4627489915853338,0.6912617271491476,0.47784277542122255,0.6178725567746831,0.009707813507636665,0.6138980040210539,0.4271116507541272,0.7784243356854007,0.5393320530808945,0.003139607049180843,1.247702467495396,0.04010290868393635,0.6852786869453356,0.6210559626871192
TB16,1,1124,decel,0.145546,0.46349374536422805,0.694257823761126,0.4819939258535347,0.6081409281199049,0.011084060774425641,0.611486205849784,0.42220659729659654,0.7787593492467487,0.5400911798262985,0.003124254635783766,1.2648602206584578,0.03923507894767112,0.688222364462358,0.6182405106121194
TB16,1,1126,decel,0.142589,0.4436299227967614,0.6822315062517683,0.4654398281225566,0.5878327408569513,0.012898778417729517,0.5904364013746407,0.40103801621894325,0.7701667703066097,0.5147635652324695,0.003131474244099888,1.3467562913318218,0.03932809140717907,0.6762407200348682,0.6006303168601974
TB16,1,1128,decel,0.134389,0.40782829243636787,0.6571002997400216,0.4317808039184262,0.5530523066784967,0.01312652662192726,0.5510426994567252,0.36341083649035055,0.7597179148673814,0.48015061433016865,0.003112337399578159,1.4774121619275873,0.03931105420145695,0.6536270046812527,0.5652528691175753
TB16,1,1130,trough,0.122509,0.35791135842755106,0.6200934864542346,0.384515931942968,0.5094650700642178,0.014365927002454038,0.49597435717314314,0.31591597152277173,0.7288994865518149,0.4265174893786931,0.0030575592311049816,1.572013845649282,0.039112874200890366,0.6103438258090688,0.5214116658722798
TB16,1,1132,trough,0.110418,0.3175162764045296,0.586242773609505,0.3436805896093654,0.4758574110477087,0.013979384936936567,0.4497961091062758,0.2789679684952471,0.6784264116570592,0.37749024921036206,0.003038433935482103,1.595991142122537,0.039940585706542096,0.5454327869453102,0.49111496098469315
TB16,1,1134,trough,0.103096,0.31436932985159316,0.5819219095470592,0.3386331088108958,0.4803841729304693,0.013953867002082676,0.4491700009038078,0.27954607522788344,0.6790933943500262,0.37229193889019424,0.0030432981087536734,1.5866228057304173,0.04139561839964358,0.5433624834541357,0.4929534904574142
TB16,1,1136,trough,0.106265,0.37411440463045187,0.6231139284079276,0.3882709677759599,0.5455145479747241,0.00813489930189093,0.520659018937644,0.3399177129922052,0.7287104019769621,0.4463152878308703,0.0030599657871903264,1.4838979067781701,0.04239448548138921,0.606880759146273,0.5539814049429362
TB16,1,1138,trough,0.125362,0.5123467817276046,0.7299045931579903,0.5327607151131313,0.6229893956734882,0.008983073932376628,0.6509529626954947,0.4547228213907996,0.7953973272804105,0.5660955427049467,0.0031026409420414616,1.0971647594463703,0.03852581001012122,0.7172167418987557,0.6466925827794189
TB16,1,1140,accel,0.164472,0.632911698396588,0.811388090486777,0.6583506333837782,0.6860361210840821,0.009725818754055982,0.752029587296403,0.5566415382913686,0.8784271630593323,0.6711087881226,0.003075848339222948,0.811273015066547,0.03339675155135025,0.8210811918714737,0.7194464607920459
TB16,1,1142,accel,0.225431,0.693379311516781,0.8493339707176331,0.7213681938149812,0.712428042899948,0.00924564922657889,0.7978501999341889,0.605089338526805,0.9141155039005071,0.7230681918147086,0.003213405298048532,0.6920617274942938,0.029701560394587215,0.8696873302048314,0.7540472928589945
TB16,1,1144,accel,0.307278,0.709630350430967,0.8617752211286045,0.7426565317512551,0.7087850807894033,0.009620198279279735,0.8079561350334068,0.6108134197299439,0.9264234422136693,0.7366139215773174,0.0034767595148023273,0.6668782938291621,0.027755192542415343,0.8880581476867857,0.7550401717249665
TB16,1,1146,accel,0.406197,0.7038590872149523,0.8617702383866992,0.7426479437690684,0.6926053759825184,0.010172105881890658,0.8012309425994177,0.5968666999683643,0.928776108034004,0.7339618631404512,0.0038019037821604785,0.6928969866099626,0.026121402768027782,0.8921564394386468,0.7390070752429436
TB16,1,1148,accel,0.515946,0.6893136348107562,0.8558698207121507,0.7325131500058489,0.6755407568728655,0.010680943929939679,0.7882217542557184,0.57817494646853,0.9265283786815002,0.7245959431320936,0.0041727490091680265,0.7481586012075496,0.02508467225682778,0.8882428032959726,0.7168143195844601
TB16,1,1150,accel,0.628717,0.6710189012418234,0.8461163557971796,0.7159128875474994,0.6629235686198355,0.011334389031872338,0.7732419116244036,0.5609104740526767,0.9221746720102886,0.7116110511819878,0.004582124545073817,0.8197240456691077,0.024732820753317536,0.8798835680077176,0.6941089683362738
TB16,1,1152,accel,0.736242,0.6531208724142512,0.8347277458275865,0.6967704096544038,0.6569413773576973,0.012041544426441453,0.7597146858698406,0.5483671950626605,0.9165144049255362,0.6965044925122228,0.005003797353910326,0.8938908663430151,0.024935300547386734,0.8695767626531863,0.6730944029088706
TB16,1,1154,peak,0.830951,0.636685059043216,0.8235551035823089,0.6782430086364675,0.6554923358184208,0.01331285568479279,0.7482195380311868,0.5398340585223491,0.9099846866168882,0.677852759208222,0.005415636150221064,0.9621174310421017,0.02561489753330163,0.8594816440585129,0.6553334958476261
TB16,1,1156,peak,0.906964,0.6212218842523307,0.8132108026197046,0.6613118094973841,0.6547319997180021,0.01497439427589664,0.7376243969850251,0.5324351349914807,0.902077728090972,0.6569558968016727,0.0057826153006017384,1.0212630519133767,0.026578804376421315,0.8488384216891537,0.6395096481877935
TB16,1,1158,peak,0.960739,0.6066941079366124,0.8041434526601272,0.6466466924561503,0.6518298360372426,0.016753146710794753,0.727180725241283,0.5241646948978729,0.8933615224763866,0.6362208219994118,0.00608223946611264,1.0705651397745306,0.027600959200588387,0.8392670971621952,0.6252356952242863
TB16,1,1160,peak,0.991296,0.5930630424823935,0.7963855488723565,0.6342299424527245,0.645505844284474,0.01840221471380421,0.7164360490275196,0.5140715261008046,0.8842455592331306,0.6180349472637918,0.006300162605332935,1.1122042989347505,0.0285817804776656,0.8303275711978941,0.6118332672578679
TB16,1,1162,peak,1.0,0.5794886567319316,0.7897302698303451,0.6236738990863097,0.634341761733449,0.02003965390579887,0.7043709693509085,0.5009588906584131,0.8756617354876759,0.6023635228219678,0.006454791345319535,1.1491456650000549,0.029563709926778946,0.8215475682297069,0.5978175537245516
TB16,1,1164,peak,0.989996,0.5663034239060627,0.7835604701889424,0.6139670104427164,0.6216465805291352,0.021447478871885584,0.69195322403281,0.48709768693075745,0.8691920565819516,0.5891892325954288,0.006550717387009506,1.1826277248006365,0.030585817416631564,0.8146555847884452,0.5839347248872037
TB16,1,1166,peak,0.965439,0.5540814227006434,0.7776231487087972,0.6046977614077842,0.6097359276398904,0.02243021970890069,0.6801635490925574,0.47414477193221094,0.8652025263735024,0.5785126961070403,0.006589644979410932,1.2136628093472288,0.03169454460120918,0.8103936955216553,0.570985015803151
TB16,1,1168,peak,0.930694,0.5432307241687919,0.7721005148304081,0.5961392050013812,0.5994466759233944,0.023099132743260142,0.6695908833754415,0.46283308709382964,0.8614449700536022,0.5698207810268322,0.006585292361184681,1.2423843948008357,0.03271971412322918,0.805842549483427,0.5603298390647835
TB16,1,1170,peak,0.889659,0.5337021498872638,0.7670843021226562,0.5884183265630025,0.5906543005591492,0.023588631224039647,0.660246954494017,0.4530816419401606,0.8569950350848771,0.5621942972201518,0.00653752734066877,1.2693167647742782,0.033500054307210925,0.8006977928713697,0.5515679117343264
TB16,1,1172,peak,0.845329,0.524549276985066,0.7622409092038975,0.5810112036639844,0.5824642269110946,0.02414227118271095,0.6512774421472091,0.443978061899458,0.8520454381483872,0.5544605912807146,0.006434950418941211,1.2956003858593046,0.034156432134228004,0.7944502341590818,0.5433822071723847
TB16,1,1174,accel,0.799638,0.5159309234160451,0.7576563677949789,0.5740431716602804,0.5746951175900877,0.0246374291676984,0.6427302218261048,0.43542141538281415,0.8470036403634517,0.5466917052087632,0.006277731489917427,1.3216827365965131,0.03470765558481353,0.7879331274079366,0.5352972759972431
TB16,1,1176,accel,0.753564,0.5074437142802634,0.7530844394110444,0.5671361728830471,0.5672415448745376,0.025154877153076405,0.6343085907755109,0.42718078083249594,0.8438004302545622,0.5386931367658545,0.006072615615069856,1.3478588365392894,0.035165034200754466,0.7829281795018159,0.5278804770836201
TB16,1,1178,accel,0.707404,0.4987478419853788,0.7483325667307987,0.5600016304299054,0.5597325905193643,0.025683837417572963,0.625647502572744,0.41886612614623503,0.8406885029977884,0.5306763089917829,0.005832499848798743,1.3743108812123033,0.03550352770659551,0.7779298134202582,0.5205140971786693
TB16,1,1180,accel,0.661118,0.4898904178777598,0.7430937143770999,0.5521882683467549,0.552610925534035,0.026014157623563627,0.6168602471689851,0.410641705260453,0.8363977765240095,0.5226028657218306,0.005559930265400426,1.4013346563426063,0.035791743187238476,0.7719221213196038,0.5140535066556513
TB16,1,1182,accel,0.614643,0.47997587313022805,0.736789629464364,0.5428589580862347,0.5451290091987065,0.026149291595390145,0.6070291993520867,0.40164540069779087,0.8310892731151707,0.5139255607109273,0.005300588062554862,1.430278608255063,0.03618542087581923,0.7643864701870099,0.5069062671666564
TB16,1,1184,accel,0.568077,0.46711405513702464,0.7283457704292429,0.5304875613021673,0.5351750311490251,0.02605857165107678,0.5939826546227032,0.3897924703767307,0.8232396996890603,0.5029170737531711,0.005123598681616196,1.4628901201141467,0.03655535520683455,0.7542162442305881,0.4975708890471794
TB16,1,1186,accel,0.521728,0.45105236162497786,0.7174293460479898,0.5147048665708464,0.5233787807908781,0.025996883069263843,0.5777073234246014,0.3754872964381939,0.8131602779795052,0.4882631391713098,0.005026842330942343,1.4962328504979372,0.0373596359813332,0.7394777159769702,0.48779671875586705
TB16,1,1188,accel,0.476028,0.4331973169029465,0.7038904968523899,0.49546183155910434,0.5121885982426603,0.025514896725582825,0.5598852522987388,0.36052468689915523,0.8005954037953474,0.4699970269566759,0.0048928196550801295,1.5275129132810639,0.03819663163280303,0.7206214972752907,0.4786675726086393
TB16,1,1190,accel,0.431376,0.4128149387182799,0.6870448158266241,0.4720305789542399,0.5013142477386292,0.02471979631367066,0.5398365198776715,0.34442535500884913,0.7850978246463005,0.4474074190057348,0.004758348269410307,1.557111473785183,0.03905788722808087,0.6980963632552242,0.4703138795739922
TB16,1,1192,accel,0.387986,0.3891865201823981,0.6666823734829926,0.4444653871129165,0.48905271704593906,0.02372657208457274,0.5163402489752387,0.32604282615849306,0.7654204651503157,0.4195431018749615,0.004613860479449395,1.5868766505282579,0.03969393260993883,0.6706218389018952,0.46184928100471306
TB16,1,1194,accel,0.345798,0.36151188233376697,0.64222560038442,0.41245372178912876,0.4742182526928892,0.02271537057701889,0.48822621309444786,0.3045551020489414,0.7399804603896712,0.385446922779713,0.004456703127887292,1.6189212430954427,0.04072099436824383,0.6358021100973895,0.4514090410787914
TB16,1,1196,accel,0.304512,0.3293967366854026,0.6131743152847422,0.3759827409249124,0.45524072208096084,0.021642984377252317,0.4543003473368961,0.2791419180517248,0.7064996832520213,0.3455352864901677,0.004291083030610968,1.6546834612487393,0.04189217033536768,0.5914402181959708,0.4382858358554149
TB16,1,1198,accel,0.263724,0.29404907502098576,0.5809203762447789,0.33746848353637543,0.43034591221060176,0.02074673929620996,0.4146073748661597,0.24999670923678535,0.6674246327773318,0.3050730259659468,0.00411434254533031,1.6907610373902298,0.04280678865921421,0.5405608610372301,0.4225807880226209
TB16,1,1200,accel,0.223146,0.2572520306176923,0.5471142022841113,0.2993339503409795,0.3991238835290249,0.020180785278055113,0.3702754146193698,0.21836634514951903,0.6238669969437891,0.26752116799609676,0.0038936395495863876,1.719439629308075,0.043394498054790766,0.4870723752302931,0.40474622978910935
TB16,1,1202,accel,0.182834,0.2218444487158503,0.5140485795631298,0.2642459421508714,0.3643631183950054,0.019995756149907007,0.32496088461718203,0.18730034345614502,0.5759448359731169,0.2288795652761189,0.0036755421598504714,1.7310643668011296,0.04380584471685,0.4368403374652793,0.3865449354367634
TB16,1,1204,decel,0.143355,0.18947605522195843,0.48250932434861327,0.23281524808335527,0.33041898360995864,0.020207721115396787,0.2823312184675799,0.15943024053359667,0.5290468168800306,0.18730688051090058,0.003477955544080239,1.7227534506350952,0.04518688886802812,0.394792274628743,0.37125245943515484
TB16,1,1206,trough,0.105832,0.16049684812157383,0.4504749557343237,0.20292768574384093,0.301960210527986,0.020374208078563688,0.24474832681604333,0.13602551247112157,0.49254430124086435,0.14666073669991125,0.0033212419080421223,1.7030173470484702,0.047820677573327995,0.36517124278105495,0.3589278490102429
TB16,1,1208,trough,0.071839,0.1379658180357991,0.4211491819614236,0.17736663346677628,0.28281312022619604,0.0202639494545645,0.21650864115353577,0.1191065142312202,0.4741023306309638,0.11507207563234084,0.003195753739979029,1.6844982165624693,0.05105127373256417,0.3475626071140423,0.3545027428991453
TB16,1,1210,trough,0.043158,0.11921471251178228,0.39155759703747767,0.15331735179776373,0.27136476964480394,0.01965632352933641,0.19437557366347855,0.10625493712274808,0.46600802564219845,0.0940017704384098,0.003089045932727664,1.690275494102476,0.05379801644930615,0.33335750665422326,0.34996564201175917
TB16,1,1212,trough,0.021454,0.10291198654451439,0.36348787912590064,0.13212343827144535,0.26167322847561564,0.01884522863989138,0.17495348641392025,0.09511504684262875,0.4569946887347252,0.08096545328225128,0.0029878460593033237,1.7369263024316512,0.05661155645731299,0.3164078945329104,0.34263609825503655
TB16,1,1214,trough,0.007926,0.0879625472470198,0.33836458943459663,0.11449059538324315,0.2476345777359449,0.01829611311338586,0.15522285628994345,0.0837907722254327,0.4437187950285049,0.06914543420027618,0.002878098052179968,1.8327737820022505,0.058781502671214444,0.2930277972930787,0.33032971326907373
TB16,1,1216,trough,0.003045,0.0779136650269775,0.3233994638075047,0.10458721319098152,0.23140011568431587,0.018209668108912336,0.13964875506376187,0.0748346733373023,0.43186929401509805,0.06131332632131505,0.0027539139001411302,1.9655186650945742,0.058903653264442274,0.28120345914768274,0.31561665171298514
TB16,1,1218,trough,0.006411,0.08458300339286084,0.3392614523806346,0.11509833307141759,0.2261975498165495,0.01773188361553582,0.14358744355849204,0.07674010927570353,0.4593774317967429,0.08364710334792434,0.002622369291328429,2.108602928325226,0.058209931589129564,0.29812686737375005,0.3137291055338806
TB16,1,1220,trough,0.016793,0.11552502980842672,0.3858407711790506,0.14887310070404447,0.25661572525614673,0.016648958401841135,0.18293349740278067,0.09901280932950302,0.5339656078401328,0.14384648963093613,0.0025205720983615563,2.203241738908137,0.056401396747289397,0.3585362152996262,0.34755287074591734
TB16,1,1222,trough,0.032322,0.16337270677863902,0.44366600562363456,0.19683952454603093,0.30993474805948856,0.01558276851770396,0.24739524508118127,0.1375075116755208,0.625402542761282,0.2155645385329421,0.0024669490527031417,2.190638555711844,0.05568438953214978,0.4674275945006906,0.39431113148556346
TB16,1,1224,trough,0.050802,0.20639056675032674,0.4914766961883164,0.24154934289618266,0.3515371895310943,0.015575710622389244,0.30333444009161475,0.17277233649806825,0.6854402852030844,0.2733705874557055,0.002468202108256607,2.0871750364748296,0.055855687200154526,0.5655690141987122,0.43393949244035557
TB16,1,1226,trough,0.070062,0.23578572304555068,0.5235057365975206,0.27405825625051267,0.37515088886483455,0.016263372359173522,0.339487255503895,0.1963936424103998,0.7188640305145858,0.3116012355302923,0.002507441882289979,1.958032453441316,0.054743364395388495,0.6345842111097239,0.45920438323008295
TB16,1,1228,trough,0.088271,0.25349727924661036,0.5398670236026982,0.2914564031736363,0.3898493348848506,0.0154538169987809,0.36056236440187306,0.21046680007777582,0.7349553337100068,0.33628866412162656,0.0025565346809633825,1.8521975523578367,0.052290817813173886,0.6602825529812022,0.47415730900600417
TB16,1,1230,trough,0.104151,0.2642178595860486,0.5511463557230036,0.30376230542674765,0.3978269668951737,0.016037610850159756,0.37343124179408194,0.219260883012611,0.7436474439542876,0.3469938225106182,0.002614656609350349,1.769426002064492,0.050342083702052905,0.6661066510338938,0.4786600928715389
TB16,1,1232,trough,0.117053,0.2706485444968113,0.5571400459720723,0.3104050308257629,0.40379241286457684,0.01624098974928051,0.381533052155708,0.22496892346654435,0.7470963250437745,0.3532764741943569,0.0026726161959486953,1.713059967527333,0.048140892562949206,0.6640504110652172,0.47834966883322044
TB16,1,1234,trough,0.126894,0.2769238768147234,0.5632057886531595,0.3172007603724274,0.409414104162811,0.016625001339325096,0.38942011313442243,0.23058439342074274,0.7489228250116051,0.3585532805806278,0.002736050618442036,1.6723900739941664,0.046969069423627406,0.6597068516487911,0.475714205838988
TB16,1,1236,decel,0.133992,0.2814822931045955,0.5653710832024136,0.3196444617214705,0.41793610713414014,0.016425096448622556,0.39675903851937955,0.23628898959982877,0.7475797724762784,0.36725913324112375,0.0027914535576032172,1.6436731766432264,0.04737041402142676,0.6543778773090768,0.47470824958984287
TB16,1,1238,decel,0.13886,0.2879434222982534,0.5689428807926171,0.32369600160460216,0.4304154241585576,0.016562723064847518,0.4075181951900113,0.24488179135834598,0.7481914341143977,0.3776668054053959,0.002847943963536268,1.6147668609166173,0.046165608555521945,0.6501792356987459,0.4762169376870761
TB16,1,1240,decel,0.142008,0.29380010118043887,0.5703567393060495,0.3253068100718289,0.44592096606174103,0.016022447228481118,0.41870234061595035,0.2543340281911782,0.7481491710070943,0.38985291502858305,0.002891314005063191,1.5901555373324052,0.04517178367190442,0.6450299544339144,0.48097704072354713
TB16,1,1242,decel,0.143829,0.30022221121122783,0.573178478980152,0.3285335687660005,0.46181744093298055,0.01591007675982914,0.43069794494301805,0.26470381836047197,0.7487315435508453,0.3978497532406113,0.002942518705858592,1.5661069416977305,0.04512134275327079,0.6406988903587347,0.4879430262527499
TB16,1,1244,decel,0.144562,0.30800325751985047,0.5777487774279967,0.33379364981954485,0.4778280278711308,0.0158062361076885,0.4437887961766805,0.27606455892337656,0.7499253048084383,0.40801367445261144,0.002990015039277298,1.5446190541632907,0.045073358531465726,0.639996216778381,0.4971827309130799
TB16,1,1246,decel,0.144347,0.31504940906319157,0.5818866216302981,0.3385920404323218,0.4922122546999807,0.015501139284776977,0.4554263583592561,0.2864117260124036,0.751148820750852,0.418086381667259,0.003035616734475741,1.5287961502442264,0.044852682031738256,0.6409912543139222,0.506509101974047
TB16,1,1248,decel,0.143324,0.32189456351328793,0.5864224816454398,0.3438913269791961,0.5034176964325087,0.015106969097663403,0.4654426429883428,0.2952154548461824,0.7517906625163893,0.42919793687790175,0.003077014432181089,1.5176687592837605,0.0446098585012798,0.6423478675951679,0.5148099008888436
TB16,1,1250,decel,0.141737,0.32940731967226056,0.5923644638820512,0.35089565807026996,0.5107013988482788,0.014819482207299228,0.4743069376988243,0.30252136033257426,0.7512333755489415,0.438971813147533,0.0031117167766180624,1.5088729844131679,0.044418934090544274,0.644149202347851,0.5208803241940692
TB16,1,1252,decel,0.139984,0.3379416708826779,0.5996125552463208,0.35953521640902214,0.5164291899863597,0.014674073270372179,0.48332122237687125,0.3096574262115088,0.7497324711247416,0.44628536050720824,0.0031446529457115078,1.4981595097063625,0.044527296733996594,0.6448367949795681,0.5255181699267824
TB16,1,1254,decel,0.138593,0.3477652770221479,0.606747441106532,0.36814245728932454,0.5255701049908932,0.013787420368345182,0.494396138350202,0.31888831632531583,0.7451317879508502,0.45298297492405437,0.0031749416675409536,1.4844336492219647,0.04465965004428319,0.6426273015524029,0.53249098964045
TB16,1,1256,decel,0.138119,0.36040110767117384,0.6160376674638576,0.3795024077343104,0.5384127463981015,0.013075671692671653,0.5091200421884517,0.33168253242389595,0.7458859472280441,0.4590076794974706,0.0031837783728752844,1.4576926989824168,0.04465846287956339,0.6447626008555882,0.5432590401772459
TB16,1,1258,decel,0.138984,0.37790829734740794,0.6288050410221563,0.39539577961487565,0.5576708995508484,0.012427416184607631,0.5299378083715967,0.35066627286893404,0.7438349235222421,0.462721692861241,0.0032039645761188095,1.4141811454431956,0.045375382811523216,0.6457343154889106,0.5595600841738446
TB16,1,1260,decel,0.141323,0.3965769204918431,0.6415988198945073,0.4116490456900244,0.580276195531465,0.01131166093941044,0.5523674334260119,0.37230452226586236,0.7448264458351123,0.46805669222658525,0.0032320539978610567,1.361700301291962,0.04614102581864731,0.6431108678982667,0.5774129241810477
TB16,1,1262,decel,0.144882,0.41723398973279446,0.6575222769234498,0.43233554465059776,0.5920008150576842,0.010808492952776305,0.57189644237152,0.38925372385726664,0.7493490322483226,0.4771006940825942,0.003265683227480993,1.3084824792415264,0.04649638884034752,0.6449717962111592,0.5878116655917753
TB16,1,1264,decel,0.149013,0.4325846395120557,0.6692835053204884,0.44794041049408023,0.5996655477059825,0.01050911095960938,0.5858608152367,0.4013462597885905,0.7544144005971355,0.48913006489640903,0.0032830333779304503,1.262867804755791,0.04555516211379963,0.6464883456907455,0.5961576905608618
TB16,1,1266,decel,0.152788,0.4437515551658727,0.6770377630510928,0.4583801325972276,0.6081002159146284,0.009876192026162633,0.5968226864404672,0.41170680989372654,0.7598556157584947,0.5002189625715768,0.00327927539434015,1.2352879570725814,0.044293042684552295,0.6494435612738156,0.6037507300219092
TB16,1,1268,decel,0.155218,0.45044705430552634,0.6820863943119841,0.46524184930552354,0.6119644711749062,0.009877710895554892,0.6030326569578033,0.4174126395907319,0.7658849913490122,0.508219971010307,0.003269654741905975,1.2288369155611734,0.04317302656765861,0.6569560263602319,0.6081107665007643
TB16,1,1270,decel,0.155519,0.4486562831358195,0.6804927002948991,0.4630703151546433,0.6135683741321242,0.009935166586482358,0.602320258662912,0.41752879972872003,0.7665944764553608,0.5082170507136088,0.0032650948831797317,1.2450448997729153,0.04220919717266724,0.6581362733513181,0.6090366972065626
TB16,1,1272,decel,0.153355,0.43982475787147624,0.6742053127881933,0.45455280379182555,0.6070472083682382,0.01021783493106776,0.5937002750746916,0.40927445299510756,0.7643663874427027,0.5018033080599408,0.0032584508806618763,1.286120644037273,0.04142586124851975,0.6562549420991736,0.6027469792261726
TB16,1,1274,decel,0.148997,0.42755334445644244,0.6651976038432691,0.44248785215882674,0.595820088847017,0.010121268115329207,0.5806629000036257,0.39633809542271936,0.760518879431357,0.4939274833130192,0.0032399085561026363,1.3427309076183707,0.04090788983641511,0.6521266058711797,0.5922482760317509
TB16,1,1276,decel,0.143318,0.4134137510134489,0.6545459941703932,0.42843045848450834,0.5818982144201252,0.009739007568416058,0.5649581899904517,0.3808791452635975,0.75390711177916,0.4826325543971832,0.0032148791185016776,1.3995559597353737,0.04102726958341577,0.6450169975838297,0.5789035974014254
TB16,1,1278,decel,0.137643,0.40267974344036184,0.6466281981227274,0.41812802660744525,0.569942446428032,0.009567578654102904,0.5523685743964811,0.36854085716741747,0.7466023062481568,0.471468560216223,0.0031918130017729762,1.437375125127384,0.041818306661907424,0.6368309473600539,0.568700889339866
TB16,1,1280,decel,0.138366,0.4274839405686781,0.6610427702213504,0.436977544061917,0.6089894997170977,0.006784060523050084,0.5844262943828641,0.4025681059287045,0.7587305204740941,0.5046384615149178,0.0031673045183178553,1.3320678907413026,0.04147250341155959,0.6489204165139753,0.6019936326744634
TB16,2,1120,decel,0.138366,0.5335883332164044,0.738300094592729,0.5450870296756327,0.7278928886421583,0.011390386523530638,0.6973747176190956,0.5374033885378803,0.72661298776878,0.48404093172985524,0.006497400667729702,0.888466588830534,0.0336240525943262,0.6078162439223892,0.6273007895156795
TB16,2,1122,decel,0.14356,0.5681225326252992,0.7632677565264789,0.5825776681529643,0.7255250605966643,0.013030624431614624,0.7194539227455407,0.5537698853053536,0.7421964810068157,0.5209506708897798,0.005942450944268409,0.8384679854463536,0.03220025232509554,0.6352150978607296,0.6505682580583317
TB16,2,1124,decel,0.145546,0.5683707738879247,0.7639499074018244,0.5836194610192561,0.7182857136537113,0.01316346854066619,0.7177229499394268,0.5487343044338061,0.7420804730473118,0.5239539614392622,0.005783404651863308,0.8460445828899704,0.03152642228050742,0.6350029521822461,0.6514482188837031
TB16,2,1126,decel,0.142589,0.5448631520421254,0.7490038724024224,0.5610068008738243,0.7038887260344676,0.01410827239989687,0.698498533865059,0.5272153815402241,0.7340414410130063,0.5010843488215208,0.0060276162639908825,0.8946112046067752,0.03129901406242418,0.6258704138130018,0.6361715000407552
TB16,2,1128,decel,0.134389,0.5027602419047361,0.7201839385751189,0.5186649053815706,0.6754148308723533,0.013900390472332713,0.6617613536057285,0.4864229130696992,0.7226630334670587,0.460278723014433,0.006642647648776105,0.968277986479398,0.03203033744934263,0.6039853989022714,0.6033391372457179
TB16,2,1130,trough,0.122509,0.46253781807050554,0.6945759548667665,0.48243575707908043,0.6236183245156126,0.014862953703523973,0.6171274847589868,0.4331502932228447,0.6896931124175175,0.409733024521231,0.007557437211091802,1.0043848438449052,0.03219188478904945,0.5626193718774511,0.563848008806499
TB16,2,1132,trough,0.110418,0.4322133586695168,0.679091815327158,0.4611656936443349,0.5735360256833523,0.017810310247490635,0.578403560965463,0.38948362083683125,0.6472500277146727,0.37175430353358946,0.008665169264522831,0.9884834017598678,0.03352443749503098,0.5120563126345217,0.5347456884111039
TB16,2,1134,trough,0.103096,0.43088082294410746,0.6765497757071198,0.45771959900935416,0.5761315766726551,0.01675496136792126,0.5780184336611093,0.3897816889756741,0.6469840018611426,0.3704538533774046,0.008981498262614296,0.980093174233807,0.034052128767587404,0.510034796030854,0.5404462696754099
TB16,2,1136,trough,0.106265,0.4871701441133569,0.7124425646587272,0.5075744079375047,0.637843363303779,0.014839222981351763,0.639279840062443,0.45442676160269263,0.707377774070162,0.4452063433294651,0.00783129134606322,0.927676087243999,0.034975885753196795,0.582166307594149,0.5936675534407705
TB16,2,1138,trough,0.125362,0.6097484801045419,0.7943643823223651,0.6310147719023925,0.6966993879300567,0.011727840668201095,0.7393314676956235,0.5534331789574293,0.7863835892300552,0.58255210299038,0.005816412292648912,0.7236403927625752,0.03129121504910444,0.6863363815624277,0.6957008783010684
TB16,2,1140,accel,0.164472,0.7078435633130665,0.8514839350012221,0.7250248915651655,0.7473140040912752,0.006329953746315731,0.8132956860426249,0.6363258688851584,0.8775012784449008,0.713030285396762,0.0041712741926172355,0.584496928975221,0.025564383202523144,0.8046247062098032,0.7698776874707353
TB16,2,1142,accel,0.225431,0.743075285843225,0.8713673957085495,0.7592811383038999,0.7633857810482877,0.004545823356037482,0.8381376428751218,0.6651894799529834,0.9178001161469166,0.7673949657849005,0.00343619371115673,0.5498259272019684,0.021744621340563132,0.8621193484935272,0.7943247743065588
TB16,2,1144,accel,0.307278,0.7444127518864592,0.8729358126659622,0.7620169330347839,0.7571595632563738,0.004200041220973505,0.8379785966715644,0.6609516986690077,0.9315045857461336,0.777708991761449,0.0032679957809727354,0.5683784687941618,0.019709508809069756,0.8873497891863475,0.7907861103312516
TB16,2,1146,accel,0.406197,0.7321200593095547,0.8668732630567806,0.7514692542027103,0.7437612142705111,0.004192618336802734,0.827992472971441,0.6447467107497513,0.9339171841471745,0.770257997798798,0.0034301163776498797,0.6132335721760505,0.01878317919932114,0.8944761184911678,0.7729681286538428
TB16,2,1148,accel,0.515946,0.7167624587562331,0.8589083406491881,0.7377235376367417,0.7304613418750536,0.004462447386426094,0.8158446870896412,0.6273993390582816,0.9311269288145007,0.7566106503416269,0.003796660445305666,0.6704911718573876,0.018576577606659376,0.8905535499914006,0.7511823983507775
TB16,2,1150,accel,0.628717,0.7020127079347371,0.8502992746165386,0.7230088564134118,0.7230761933747175,0.004810436078011571,0.8049374093044458,0.6148311627190103,0.9259359858158025,0.7414320363941957,0.004305390216467816,0.7316285974193066,0.018806472172803797,0.8803465588197285,0.7321930308262021
TB16,2,1152,accel,0.736242,0.6878874679408117,0.8411499093139224,0.7075331699388199,0.7214197065155861,0.0053103805358775125,0.7954375576217785,0.6068221207128618,0.9195959683394683,0.7252291513022872,0.004937460644242003,0.791512710111835,0.01933315219244441,0.8699118130635792,0.7162369076882176
TB16,2,1154,peak,0.830951,0.6732154281019547,0.8312917691331647,0.6910460054285468,0.7220541089772299,0.005897710930248712,0.7860321067874403,0.6002376376615524,0.9128640660687348,0.7072379517314032,0.005665247041017599,0.8474517896158257,0.02000826665323791,0.8585699612308568,0.7032414969653552
TB16,2,1156,peak,0.906964,0.6593406230667043,0.8219941510481052,0.6756743843572953,0.7236263845311411,0.006657543801055099,0.7773893977523524,0.5948166556286851,0.9067064146410676,0.6884998633179239,0.006085689190831456,0.8960944124375744,0.020796611323297975,0.8485160755781771,0.692238470522663
TB16,2,1158,peak,0.960739,0.6467481733857281,0.8139309779563226,0.6624836368769358,0.7232560870658596,0.007513527653210339,0.7692089046564372,0.5886805342583784,0.9011019712596962,0.6707028395717803,0.006218569337213801,0.9367628184057936,0.021568481090227964,0.8407421071430922,0.6813732838199332
TB16,2,1160,peak,0.991296,0.6347779222435808,0.8066400831059661,0.6506682236732,0.7201071256593368,0.00840234870515899,0.7608169919810687,0.5808672716870458,0.8959511546178187,0.6545321698089793,0.00639087363002841,0.9716773261950558,0.022326840997814294,0.8334461183391182,0.6698509621754039
TB16,2,1162,peak,1.0,0.6229121902129982,0.7994397732402837,0.6391039510384762,0.7161528985851111,0.009255057335651684,0.7522630774070653,0.5725211108502531,0.8907192813010366,0.6398697872679592,0.006583256867392143,1.001610578234799,0.02318959897709606,0.8258787389503676,0.6586648574162678
TB16,2,1164,peak,0.989996,0.610942963663611,0.7921614719423838,0.6275197976299242,0.711422259183317,0.010058013489359197,0.7433964782563993,0.5635613040072325,0.8853287652374,0.6269051342739447,0.006785407523936349,1.027750402487505,0.024084690793356237,0.81801520836916,0.6469344038332707
TB16,2,1166,peak,0.965439,0.5991246388088936,0.7850170365771724,0.6162517477164056,0.7055873364600233,0.010818031646811832,0.734285856393581,0.5538980799142277,0.8799259446283823,0.6153279221510946,0.0069822428988052685,1.050967702451818,0.02487340303690411,0.8097265754564338,0.6343811858778031
TB16,2,1168,peak,0.930694,0.5902679693892199,0.779530127049362,0.6076672189775945,0.7022069113672181,0.011420369904947325,0.7276650259973972,0.5473914428330277,0.8752724499941901,0.6057982546377066,0.007155766635414228,1.0681446769308112,0.025484073746465205,0.802438116381219,0.624812300265681
TB16,2,1170,peak,0.889659,0.5846051919610327,0.7760911356548168,0.6023174508419833,0.700349655740234,0.011975487101299476,0.7235244928721252,0.5435351596788982,0.8709250026679694,0.5979878094462469,0.0073045323739323,1.0796250253485329,0.02604505940847157,0.7957072317321031,0.618144295404995
TB16,2,1172,peak,0.845329,0.5813876743035165,0.7743946470034737,0.5996870693076347,0.6983593199049968,0.012518024037145858,0.7209667412185191,0.540805719019416,0.8663290451264115,0.5918553362614837,0.007428968445282427,1.0878969282958337,0.02650999825542457,0.7889217099611741,0.6136311541993024
TB16,2,1174,accel,0.799638,0.5788173872555507,0.7735211552582364,0.5983349776320367,0.693624282530995,0.01313408010489292,0.718130853599602,0.5365330563385405,0.8609240278668014,0.5864972275813982,0.007538298734441357,1.0958961046384763,0.02668455874337888,0.7816912556643338,0.609697050102064
TB16,2,1176,accel,0.753564,0.576436020668686,0.7732312412983081,0.5978865525197223,0.6857567298634843,0.013798741700275285,0.7145912671008043,0.5302485274610106,0.8548542608946818,0.5815269233269854,0.0076378242458890275,1.1045193337747767,0.026865013029135645,0.7740575576026023,0.6050445799606088
TB16,2,1178,accel,0.707404,0.5729671647621335,0.7727552571764751,0.5971506874938801,0.6743793198340899,0.014505697683753871,0.7093617220195814,0.5211301647328885,0.848752876773758,0.5758069565956596,0.007725299069219979,1.1145227496541614,0.027060460458977444,0.7670108771748456,0.598899727258545
TB16,2,1180,accel,0.661118,0.5673830141218479,0.7709717632843929,0.5943974597818459,0.662409193212949,0.015228614039480837,0.7024672243489433,0.5106987837071794,0.8427802082770713,0.5680370827996843,0.007815862556974203,1.126031865465288,0.027250196795099966,0.7608918174690884,0.5929853946333029
TB16,2,1182,accel,0.614643,0.559235314546723,0.766891699391898,0.5881228785961933,0.6517672129017502,0.015633916659850033,0.6940057246532989,0.4998348655101442,0.8358652116236359,0.5580794795408027,0.007919286176520138,1.1394031695468565,0.027542751476459272,0.7533881889170959,0.5874709424795735
TB16,2,1184,accel,0.568077,0.5462724744618398,0.7604968516115677,0.5783554613111067,0.6354350925271174,0.016442543263969878,0.6805231374928606,0.483246387270378,0.8278855923084788,0.5441947135383294,0.008061613776647802,1.156486133219093,0.028016874020488268,0.7429248951319155,0.5770736715873289
TB16,2,1186,accel,0.521728,0.5295119865378429,0.7518128228823805,0.5652225206503736,0.6164761060245825,0.017394507182682983,0.663320841195077,0.46347464150987905,0.8182995402249847,0.5269541905706151,0.007826631760034064,1.1747137064486342,0.028593811750914855,0.7274995816091563,0.5638210445691793
TB16,2,1188,accel,0.476028,0.5112067788769823,0.7409818935433042,0.5490541665590206,0.6000661311721847,0.01799013559740459,0.6453058266994127,0.4446381381271702,0.8063013335980542,0.5076988422922436,0.007538246676559883,1.1908997508980723,0.02924665979337561,0.7077732901133305,0.5513527201380931
TB16,2,1190,accel,0.431376,0.4915271934261274,0.7282337448266374,0.530324387104228,0.5851596966766185,0.018327010424066703,0.6263259515405903,0.4261330372324331,0.7913349200362741,0.4868516085925872,0.007259929052420517,1.2043218289420827,0.029838687120045195,0.6846666223187619,0.5390695808340159
TB16,2,1192,accel,0.387986,0.4688507440360259,0.7130143059287954,0.508389400459122,0.5685943710728523,0.01868153883930118,0.604205113699366,0.40541592084552974,0.772693286467836,0.4632372998645527,0.006995408102160352,1.216195707914686,0.03071616356797717,0.6582129262074967,0.5251721840636836
TB16,2,1194,accel,0.345798,0.44239999036185707,0.6950791785762821,0.48313506449027904,0.5484336581350561,0.019230165462943982,0.5775788361370099,0.38120481660010025,0.7490273468269494,0.4355843667165766,0.006758556968200965,1.2269292255631568,0.031865140247291875,0.6269102602061163,0.5082108885430673
TB16,2,1196,accel,0.304512,0.4109015255956474,0.6735730651854245,0.4537006741432881,0.5226185567021734,0.0200118849162208,0.5444441091144457,0.3520217831606655,0.7184153906441455,0.4023193797501124,0.0065637340652299975,1.2361157694563074,0.03320091669856135,0.589505663968022,0.48907740380054826
TB16,2,1198,accel,0.263724,0.371114774914433,0.6456757326107835,0.416897151682472,0.48857871520532714,0.021102903890348745,0.5008102854099745,0.31546341987823495,0.6813159326519046,0.3616420775503491,0.0064195010772417245,1.2419599763576306,0.03503926248966576,0.5456028567072215,0.46620504863100126
TB16,2,1200,accel,0.223146,0.3221705817717979,0.6094203064204046,0.3713931098775398,0.4459154297733704,0.022488683418380062,0.44500681036829765,0.2717499178500738,0.6390828199215876,0.31347835488881065,0.006325841293569979,1.2392957519845456,0.03707709367649173,0.4997562411918838,0.44067382281497985
TB16,2,1202,accel,0.182834,0.2665089524427984,0.5629728691511541,0.31693845140028243,0.4009837386851787,0.024189020568361252,0.38100818801028125,0.22574296585055167,0.5917065892146028,0.25972901174818036,0.006311146715538337,1.2216761658324522,0.03890278675345184,0.45081868500235556,0.4168583431865576
TB16,2,1204,decel,0.143355,0.21130246220695548,0.5089813061483642,0.2590619700084949,0.36104098118441014,0.02587316805109907,0.3178677291167914,0.18376311017632807,0.5431013211941186,0.20620068780604506,0.006403876165960481,1.185989848757017,0.041529556479655505,0.4038111644392377,0.39905419373086654
TB16,2,1206,trough,0.105832,0.165761861705082,0.45671178799475637,0.20858565729336728,0.331825281645112,0.027227156120065488,0.2664975482899305,0.1515485176820027,0.5010343430756135,0.16145649259755282,0.006587562645081495,1.1353570198461185,0.04481805565291864,0.36695456343002275,0.38909203043458207
TB16,2,1208,trough,0.071839,0.1358573269161376,0.4166158450588179,0.17356876235407295,0.31882915049856647,0.028149197804915427,0.23513742598901757,0.1328292759643453,0.4733041087585562,0.13090705401720162,0.006612418268575132,1.0803418085608598,0.048816461468718035,0.3434196964966181,0.3902207306468074
TB16,2,1210,trough,0.043158,0.11874227617198585,0.3914066933583464,0.1531991996057146,0.316243391300214,0.028807401457446702,0.2193087966314487,0.12377978008524641,0.4580070957610581,0.11169855028832076,0.006428863972891515,1.0385948961501403,0.051982377248617116,0.3277335323301911,0.3960379903134359
TB16,2,1212,trough,0.021454,0.10639372973240857,0.37377147250134946,0.13970511365582702,0.3134644546628153,0.02967444752284118,0.2077497938961829,0.11716407079615297,0.44589887875274614,0.09658904243037392,0.006196255117546925,1.0251040981715485,0.055422922611381084,0.3096293594081013,0.39710496579055343
TB16,2,1214,trough,0.007926,0.09387388187962675,0.35760180873838776,0.12787905361296645,0.30541050178641643,0.031281239211984835,0.1942371368079976,0.10921534784652112,0.4328577198376984,0.08000935270893207,0.00588796421543069,1.0462351875414564,0.056482509197431356,0.2865537607575953,0.3887141363765527
TB16,2,1216,trough,0.003045,0.08617829268836763,0.35035914679438357,0.12275153174248842,0.2896776415677207,0.03289099397754727,0.18175292984440117,0.10149121134507588,0.42914393210750545,0.07170918774791907,0.005521668287075405,1.0963601409360415,0.058307467065332984,0.2701558914453501,0.3721130932005674
TB16,2,1218,trough,0.006411,0.09781660936507541,0.3730900670424108,0.1391961981257106,0.2780398754447643,0.032345049837885886,0.18696670394649456,0.10373391577015065,0.4566897892113346,0.09570388372058894,0.005142079345907456,1.1599963179021604,0.056429681557136194,0.2800826640208721,0.36092270537745436
TB16,2,1220,trough,0.016793,0.1365590146092578,0.42868723437851014,0.18377274491909568,0.3002704787834645,0.030722867192280234,0.2296793961472453,0.12872212111519452,0.5184709529768784,0.15063636335898464,0.0048552444294847966,1.2031990981300338,0.0543702332015672,0.327096794393283,0.374217667644808
TB16,2,1222,trough,0.032322,0.1928031428996867,0.4901722178811274,0.24026880318250346,0.34847640118951007,0.027387955814912324,0.29737102712348534,0.1708134504502957,0.5915268714910591,0.21463903420933042,0.004751575137870777,1.1986443095006614,0.05290608467873501,0.41904873586332536,0.4040468570866869
TB16,2,1224,trough,0.050802,0.24971869041162154,0.5420438282759916,0.2938115117720927,0.4024541082933751,0.02460753143564587,0.3676926062921729,0.21814776556474152,0.6495773531039442,0.27164534724294714,0.0048095283342387005,1.1438824719033065,0.05353747343255872,0.5217036806831921,0.4359607132627714
TB16,2,1226,trough,0.070062,0.30198378692353645,0.5825784214069714,0.3393976170890387,0.45744575558750433,0.02175564611041586,0.43297379507352113,0.26649802616948753,0.6861724674558863,0.3151579724151157,0.004937190316408078,1.0669278447525645,0.052406466145977215,0.5974552580323746,0.4709887043884627
TB16,2,1228,trough,0.088271,0.3388594940342117,0.6077738156591633,0.36938901100089866,0.4993911564651049,0.018782716152711543,0.4786674548435226,0.30351686867123906,0.7076085467013817,0.34026820119422097,0.005159820622256563,1.0010581512017473,0.051514325196167075,0.629755723525365,0.5047168866985793
TB16,2,1230,trough,0.104151,0.36464717708276817,0.6257055246929564,0.39150740363128783,0.5279592701627237,0.017305896273830612,0.5097763598060829,0.33034703215367733,0.7193669276576277,0.3547169075595948,0.005482643971768694,0.952794798451868,0.05020854330080259,0.6352946475386709,0.5294345021615404
TB16,2,1232,trough,0.117053,0.3816665406071085,0.6369942022490461,0.4057616136988987,0.5477242814999533,0.016125954341240922,0.530187388151391,0.34889719174649475,0.7252317846311013,0.36359727482356863,0.005908300436831338,0.9217435498549924,0.049109487690700254,0.6314526887222056,0.5460058206703755
TB16,2,1234,trough,0.126894,0.39535827479736363,0.6464009722381673,0.4178342169104479,0.5644247238615601,0.015755836815181057,0.5468578056750397,0.3648446902593715,0.7278080051116689,0.37399090780396754,0.006436374921297758,0.8998238332912061,0.047477611172963584,0.6248814327994984,0.5599136293420879
TB16,2,1236,decel,0.133992,0.4050993677328276,0.6517042969050112,0.424718490604455,0.5813520755069022,0.014669687815978827,0.560192907272396,0.37886964562249464,0.7268304818833102,0.38065848078061926,0.007069869177006862,0.8844095252503101,0.045876362606308674,0.6174610848891893,0.5717938150070344
TB16,2,1238,decel,0.13886,0.4189298865465563,0.6609687789133936,0.4368797266982625,0.6006716676201844,0.014314098521400587,0.577440601033762,0.39702521867478513,0.7262408256842418,0.3900998534601307,0.007603006147290518,0.8680027465711309,0.04525395634373954,0.6130345998505846,0.5862603296505094
TB16,2,1240,decel,0.142008,0.4299356822566577,0.6673800124193794,0.445396080976891,0.6216889364294282,0.01337272429511388,0.5927733463963304,0.41490277011526255,0.7244831418919686,0.39691649662407175,0.007949552257068044,0.8536281043323014,0.04449360170612201,0.6086024332596361,0.6002454547148889
TB16,2,1242,decel,0.143829,0.44140485129105,0.6741958252603952,0.4545400107985454,0.6430215435180078,0.012163323665341563,0.6081793879875221,0.43352244019233643,0.7223594444717079,0.4035150867605708,0.008509220511665314,0.8396564782973015,0.04375450861185836,0.6042778937649466,0.6148794205426514
TB16,2,1244,decel,0.144562,0.4500691028934607,0.6799166535200153,0.4622866557338565,0.6588166166989479,0.011772341286545474,0.6196386387385455,0.4479403893093273,0.7213201850401169,0.4096947591587227,0.009340231952903661,0.828613338610126,0.04280322878350076,0.6022017457041369,0.6271395612467633
TB16,2,1246,decel,0.144347,0.45495304870852327,0.6833242246183779,0.46693199595030743,0.6694261452965514,0.011785790632948379,0.6266589857107007,0.4574351016740356,0.7190328035284921,0.4138999437340232,0.010269153286139704,0.8217026863460453,0.042562439925865066,0.5994486259291125,0.6350454317043744
TB16,2,1248,decel,0.143324,0.46126021771919756,0.6880982149870863,0.4734791534684145,0.6790119849420859,0.012136376172786234,0.6343048440388233,0.46722693479348765,0.7191302962009083,0.41777479812161983,0.010033584573917531,0.81657103118803,0.04218391908161201,0.6003828511461979,0.6384354001580438
TB16,2,1250,decel,0.141737,0.4633506052736036,0.6899077340920655,0.4759726815600482,0.6837199104660407,0.012583787125217849,0.6374129493789341,0.4717036541832561,0.7210522738036923,0.4207200262008577,0.009785518471365854,0.8171417451468801,0.041078273953906445,0.6036932692135106,0.6387295547119075
TB16,2,1252,decel,0.139984,0.4663230947089494,0.6927104628244773,0.47984778530650163,0.6864714218704852,0.01348576496552667,0.6405559633550069,0.4755259363596808,0.7234001354808864,0.4263498803292961,0.0096195275578388,0.8188667458281151,0.04091545201241803,0.6077850214450324,0.6382058861065198
TB16,2,1254,decel,0.138593,0.4711209471562239,0.6971230759067858,0.48598058296173824,0.6887148351243821,0.014788937292459503,0.6448371544799982,0.4801190042845441,0.7232328349026713,0.43532051322106485,0.009523129691644308,0.8224267221341133,0.04016532932116585,0.6093198654207042,0.6377438277366193
TB16,2,1256,decel,0.138119,0.48030493562602417,0.7039461234266298,0.4955401446873799,0.6967319658703366,0.0151831649921087,0.6536794457141162,0.49046176644183836,0.7208035247348432,0.4472742606632737,0.009456595927813496,0.822617726100313,0.03980282814413735,0.6106471085445435,0.6407901645686302
TB16,2,1258,decel,0.138984,0.49532691716160415,0.7140604425047858,0.5098823155501305,0.710190757900593,0.01454042392959054,0.6677402619240381,0.5071191268493067,0.718401979886829,0.46073490534994904,0.009433037611547089,0.8195729758566235,0.03831726270959882,0.6100999429542353,0.6496401950135204
TB16,2,1260,decel,0.141323,0.5147736841085613,0.7266776776959669,0.5280604472616036,0.7264828478636761,0.01328672519437879,0.6851355303434417,0.5279188687715286,0.717951329193654,0.4756189267137843,0.009432223895725175,0.8117666077863757,0.0375282431084607,0.6106444032925347,0.6626474324900853
TB16,2,1262,decel,0.144882,0.5346782011391906,0.7394028784723792,0.5467166166932399,0.7358981044534142,0.012026132113125199,0.7004826597937406,0.544125176695222,0.7225357182763306,0.4901080554569427,0.009411594895128338,0.8037009424830579,0.03608943999096259,0.6120891101321438,0.6703438198797607
TB16,2,1264,decel,0.149013,0.5539669707894119,0.7522694945209836,0.5659093923868561,0.737773950076219,0.011732300788694028,0.7133542488390352,0.5550048364945867,0.7302180633274095,0.5044574714364147,0.00876771904225097,0.7972495160934113,0.03557034079440511,0.6211563269050386,0.6736118870476888
TB16,2,1266,decel,0.152788,0.565945751065452,0.7600244780900344,0.5776372072960292,0.7395703234171731,0.011273083787195826,0.72144535634981,0.5620915490660149,0.7348678104533733,0.5127817078606586,0.007500644097365664,0.7996507809195248,0.034957495014265934,0.6257338285030449,0.6735960509292089
TB16,2,1268,decel,0.155218,0.5685619034455535,0.7616770537089147,0.580151934146693,0.7379096260820257,0.011025140085140106,0.7226434077176768,0.5620488298976043,0.7366909777096297,0.5127207250848674,0.006767203341141486,0.8135639669761198,0.03424477003652988,0.6270860351030567,0.668538380317809
TB16,2,1270,decel,0.155519,0.56604084836809,0.7604662955655546,0.5783089866911973,0.733820903762584,0.011558161418773638,0.7200356161307392,0.5580460642928996,0.7341958352038342,0.5064012720295425,0.006454378132631531,0.8355768109672752,0.03414366081548003,0.6232372177104979,0.660097497185349
TB16,2,1272,decel,0.153355,0.5546887186704235,0.7527311115470093,0.5666041262907963,0.7291878989317692,0.011361124760126406,0.7114132760479663,0.5488824176895389,0.7271128826743577,0.49288147193989235,0.006398338941208778,0.8686246039712415,0.033652651176323115,0.6148563722230826,0.6475235718129033
TB16,2,1274,decel,0.148997,0.5375225169270232,0.7415066064602742,0.549832047424232,0.7193483750894438,0.011818543279725535,0.697584946413213,0.533401572475286,0.7202062363239373,0.47553604861290993,0.006510437810747467,0.9042793818750416,0.03407201118103711,0.6075295181062323,0.6297989910560918
TB16,2,1276,decel,0.143318,0.5191056973659397,0.7298698546519771,0.5327100047296981,0.7041508569621167,0.01294284052158734,0.6812675902347688,0.5139384836240052,0.7153450439336896,0.4587780318185864,0.006706209819381437,0.9353023312106273,0.03386595699954773,0.6004428901849352,0.6099695734128912
TB16,2,1278,decel,0.137643,0.5048706562958305,0.7211805711267752,0.5201014161707417,0.689657749802765,0.01423707161068588,0.6676682904628578,0.4973677698847647,0.7116305889768643,0.4482586584807114,0.006885444868200367,0.9515821393841672,0.03437887264371288,0.5924045765850716,0.5951432980283126
TB16,2,1280,decel,0.138366,0.5336253573464658,0.7387823463122669,0.5457993552226583,0.7199967523500574,0.011821099335679541,0.6952230836593696,0.5319208900383876,0.7252744989931987,0.48053969725012674,0.006499712154869103,0.888827032489842,0.03356995178123967,0.6071573165235629,0.6267628674414001
