arm,fold,step,phase,q_norm,r2cb,r,r2_fit,alpha,beta_n2,ccc,slope,spearman,r2_casemean,nmae_range,nrmse_mean,nmae_casemean,r2cb_norm,top10_ratio
T0,0,1120,decel,0.138366,0.5939204575153791,0.7773833649437922,0.6043248960913332,0.7182270137866565,0.006904964693727811,0.7333257547378754,0.5583377327710025,0.7412653708552553,0.5447918991888825,0.00818600822262307,0.8465444217018296,0.03911792380224373,0.6413816049892845,0.6831064267271731
T0,0,1122,decel,0.14356,0.6107828872228503,0.7904392380127858,0.6247941889902334,0.71312499880724,0.00803381018345073,0.7433588487801359,0.5636819806650636,0.7521528803117039,0.5683135609543674,0.007729727799257966,0.8106524471342403,0.03852883865286098,0.6547838882954149,0.6967877427655071
T0,0,1124,decel,0.145546,0.6041800186289147,0.7895888582835447,0.6234505651255117,0.6974343975464709,0.010778101862856215,0.7356252510702455,0.5506864296863898,0.750532257279018,0.5612178473233873,0.007441706454199408,0.8270370318988186,0.03842308077624155,0.6532898751463903,0.6827530936238467
T0,0,1126,decel,0.142589,0.5802509018252714,0.7780772840679775,0.6054042599826002,0.670102839538297,0.013494877485835777,0.7129984853184053,0.5213917974341978,0.7466426587475696,0.539872420650235,0.0069089371283508096,0.8862268878685358,0.03893106751666962,0.6486739785902016,0.655424488371422
T0,0,1128,decel,0.134389,0.5443555772252118,0.7602685625257743,0.5780082871650073,0.6217133974700342,0.014455176176172091,0.6747679934100382,0.4726691509975583,0.7393734674677291,0.5090551804857986,0.006699027833857245,0.973982082575226,0.03940087956529357,0.6357556829071154,0.6100406615145839
T0,0,1130,trough,0.122509,0.502097817078532,0.7410937307935451,0.5492199178214955,0.5621356800238305,0.015096116807667759,0.6259447553667378,0.4165952283210271,0.7075594364019908,0.46848869750950856,0.0068347310929638165,1.0367601812617895,0.03939815682584358,0.6026397313388632,0.5647575961701035
T0,0,1132,trough,0.110418,0.46683133562779033,0.7148120793572796,0.5109563087950778,0.5358486222724407,0.012097054195530588,0.5896274439494886,0.3830310679072968,0.6449698485280093,0.42366385299592585,0.00736067790898153,1.0472260902365886,0.041093824822693956,0.5240732892279181,0.5461293681917442
T0,0,1134,trough,0.103096,0.46915755299324635,0.7084117473730509,0.5018472038161393,0.5568995207965859,0.009733696020734928,0.5978072564724922,0.39451416263872413,0.6502134463871456,0.42748499321301947,0.007360949499741476,1.03732310304155,0.04192362875092472,0.5188203185993301,0.5630340691762253
T0,0,1136,trough,0.106265,0.5403047711241521,0.7435434226773484,0.552856821406746,0.6600306966790114,0.00557767487892058,0.6810370349672825,0.49076148328082686,0.7242351399735145,0.5060038682804993,0.007671320135672721,0.9499595220949952,0.04219630568599527,0.6009261962910062,0.6461845743011465
T0,0,1138,trough,0.125362,0.6687858602224244,0.820354062003293,0.6729807870453026,0.7782845776836927,0.0024250853119612836,0.7940405222100624,0.6384689146973348,0.7988963515020844,0.6299613069332064,0.006706916106494062,0.6917147946274527,0.039140123309555686,0.7075964588202737,0.7917775246739466
T0,0,1140,accel,0.164472,0.7696328662519774,0.8779830212123446,0.7708541855371563,0.9116024364370257,9.105420512955931e-05,0.8741926336144917,0.8003714612875141,0.8739443971808807,0.7151433268039785,0.005701643758416786,0.513716093201295,0.03377391921746847,0.7950849316950126,0.9220855014058915
T0,0,1142,accel,0.225431,0.8137319280893995,0.9057524255837787,0.8203874564508985,0.9725929593339867,0.002187871409486286,0.904385972135181,0.8809284320224638,0.9169121747912764,0.7551360738450666,0.005127786045586115,0.4510965425890532,0.0299424740802469,0.8516214117048437,0.9758008165241729
T0,0,1144,accel,0.307278,0.8303536204367012,0.9134967596471312,0.8344763298858086,0.9516654812482125,0.0026658581404463977,0.9111023204840064,0.8693433333882697,0.9339569696429055,0.7833165792968887,0.0046631488545464264,0.44550777246916395,0.026623557075941596,0.8781551761592667,0.9596752988804675
T0,0,1146,accel,0.406197,0.8287195176356364,0.9111179306752009,0.8301358835978602,0.8954758893874518,0.0011716925065758943,0.9050050746984845,0.8158841393082301,0.9401130663735304,0.8014611466394299,0.004416197442338342,0.47893445175337857,0.023658416844389445,0.890500239468942,0.9094125815156109
T0,0,1148,accel,0.515946,0.8139119043520812,0.904734901715725,0.8185452423825627,0.8370265348127525,4.891508181381621e-05,0.8905790456980488,0.7572871197072695,0.94060796820273,0.8051486149345806,0.0045142825657240445,0.539287811651744,0.02184539649131518,0.8939328275543792,0.8521590522027537
T0,0,1150,accel,0.628717,0.7916295652617187,0.8960658207287476,0.8029339550782841,0.7914889467411594,0.00036806724354954135,0.8719157168381846,0.709226192659349,0.9374889186740426,0.7967887411337766,0.004734530104566422,0.6125939866262805,0.021133167128207696,0.8907833790528163,0.8016861806467731
T0,0,1152,accel,0.736242,0.770973101739794,0.8873059468921802,0.7873118433902285,0.7653000382646994,0.001453299910417205,0.8556981322066464,0.6790552751090808,0.9330386783333778,0.7835432093254526,0.0051005049651235475,0.6848850317640726,0.02119788943642259,0.8832993868396178,0.7658975644072139
T0,0,1154,peak,0.830951,0.7568128091945645,0.8791605202859871,0.7729232204295275,0.7612097043785859,0.002198016261741542,0.8462434796109979,0.6692255197482201,0.9283051600543434,0.7707518570377552,0.005275807232069235,0.7455000341151051,0.021639250496403785,0.8747283419844181,0.7499584057308901
T0,0,1156,peak,0.906964,0.7500977621991405,0.8722712428425158,0.7608571210900271,0.7791680159962121,0.0020911480416924144,0.8447034687476024,0.6796458536961532,0.9236654438690369,0.7594388842971457,0.005245523475084805,0.7893677621768808,0.022219599052348164,0.8668930620839682,0.7529582579835187
T0,0,1158,peak,0.960739,0.7446475588248656,0.8656593381253893,0.7493660896836871,0.8093325044717775,0.0015458186693799725,0.8458542506444756,0.7006062401444026,0.9187199702377136,0.7472957676666667,0.005321094595712612,0.8228345483954851,0.023027602737630222,0.8589032740657474,0.7672728097903846
T0,0,1160,peak,0.991296,0.7364588675283859,0.8588447016321015,0.7376142215215334,0.8461641101541926,0.0009945565929180278,0.8465096477753261,0.7267235627171702,0.9129960795892226,0.7324492552296403,0.005491851451960755,0.8533589283767623,0.023851982541846603,0.8505357512404488,0.7871291412547342
T0,0,1162,peak,1.0,0.7227045950826838,0.8510291820974965,0.7242506687815338,0.8791790669336802,0.0007536576825595276,0.8436635725456538,0.7482070422498099,0.9068058168709164,0.7138128153020855,0.0057597751790561,0.8862910079329894,0.0248375585008195,0.8427755219195057,0.8020153917715971
T0,0,1164,peak,0.989996,0.7032047511480659,0.8410289916189294,0.7073297647435532,0.897766789053801,0.0009058359377267511,0.8357425867346892,0.7550478973068824,0.8993049247316051,0.6914749292958825,0.0059040350391849575,0.9231211614795454,0.026033312062295116,0.8330288152469043,0.8033226736755137
T0,0,1166,peak,0.965439,0.6822623089693303,0.8301158195201942,0.6890922738176837,0.9044267293292306,0.0013078535317067042,0.8253512526373069,0.7507789356131032,0.8919958705086736,0.6686229604921043,0.00602508128720741,0.9612718048070753,0.027180182445335554,0.822453104839338,0.7964875130054607
T0,0,1168,peak,0.930694,0.6634981034298395,0.8204618903448918,0.6731577135083132,0.9097944996515243,0.0016792949929422818,0.8160594092083674,0.7464517150094746,0.8855646123763729,0.6474146043540269,0.0063111175786059815,0.993036681874873,0.028132747993344788,0.8137903309544413,0.7901697011408637
T0,0,1170,peak,0.889659,0.6481945024827369,0.8127195502650041,0.6605130673829505,0.9150474274031268,0.001847570460618897,0.8087139677836003,0.7436769336702183,0.8791720384636343,0.6295460318756255,0.006523427984078097,1.016707990002141,0.02898870276968991,0.8048404710332436,0.7867758171476295
T0,0,1172,peak,0.845329,0.6351547009947882,0.8067276199437858,0.6508094527801653,0.9250546977702027,0.0016534544384382288,0.803569884413168,0.7462671746499737,0.8727681393788689,0.6147966889225144,0.006674340665442562,1.0350052149197067,0.02970106541161504,0.7961291714190255,0.7894883134839686
T0,0,1174,accel,0.799638,0.6234826568337907,0.8017629490278463,0.6428238264338288,0.9359617740552711,0.0013318449612967909,0.7994427878808074,0.7504194721438889,0.8665942360054583,0.6019335615971926,0.006792766887210577,1.050945649164928,0.03024574394117298,0.7879465246318476,0.7946755457934981
T0,0,1176,accel,0.753564,0.6128390281247931,0.7971216670402276,0.6354029520649914,0.9438224842299251,0.0010427941760732251,0.7953525564483255,0.7523413520194068,0.8603465474389465,0.5903775174108771,0.00687036276117646,1.0662193565813034,0.030674366981594897,0.7793230872453959,0.7987078721810396
T0,0,1178,accel,0.707404,0.6027955595689671,0.792334959376145,0.6277946878495972,0.9477121186463939,0.0008570666577377706,0.7908366326006282,0.7509054430279708,0.8538448385870644,0.5788299239858652,0.006942808069086901,1.081567945477246,0.03110281838467246,0.7701991339057874,0.7991211397511401
T0,0,1180,accel,0.661118,0.5929873817285425,0.7867007771050699,0.6188981126977209,0.945055257269787,0.0008345895809406256,0.785100132808018,0.7434757053013732,0.846530173500861,0.567177824334664,0.007014821004296865,1.0971812584126668,0.03158301933329036,0.7603741116393059,0.7943617610571788
T0,0,1182,accel,0.614643,0.5864808925111396,0.780997601600247,0.6099572537053382,0.9308803144610849,0.0010115335796742064,0.7785766510291934,0.727015292970991,0.8385127664940843,0.5571939331273701,0.007059102391392096,1.108258492477931,0.03203415064307657,0.7498290633594151,0.7816106249928793
T0,0,1184,accel,0.568077,0.5868600663452261,0.7758875847891543,0.6020015442299471,0.8918960013156454,0.0016835251797372441,0.7701153634918544,0.6920110343439005,0.8288628651632064,0.5517179563679261,0.006782321400157467,1.109879656327858,0.032405982101624924,0.7374761762676602,0.7522637596646767
T0,0,1186,accel,0.521728,0.5866611926451382,0.7704820108099746,0.5936425289817818,0.8339429974408049,0.002954039512485185,0.7566326154191804,0.6425380775690889,0.8172806313413556,0.5455184659779468,0.00637509529891907,1.1125009469676963,0.03293290466709778,0.7216067692881731,0.7102560451303135
T0,0,1188,accel,0.476028,0.5782937016450387,0.7635932763153847,0.5830746916340633,0.7724344963227335,0.004702822817806429,0.7366570551023857,0.5898257877861001,0.8031554690317132,0.5329868653491784,0.006070926756205108,1.1245907167890046,0.033684531601564045,0.7012105479681866,0.6650045515014952
T0,0,1190,accel,0.431376,0.5601622250872871,0.7542861745142317,0.5689476330633141,0.7106712188472158,0.006883143618191201,0.7090898265354618,0.5360494750016328,0.7859223162549354,0.5123137312001865,0.0058270374114916725,1.1470546214197186,0.034755033316566764,0.6764224639786948,0.6186500873585321
T0,0,1192,accel,0.387986,0.5321251175258033,0.7418988573998591,0.5504139146112164,0.6486137122228035,0.009586678774708757,0.6728802889972156,0.4812057719919789,0.7651218329136865,0.4820147507223206,0.00557297397281769,1.1780634300546093,0.03613322182675805,0.6469196313975087,0.5713009194929587
T0,0,1194,accel,0.345798,0.49424546219783283,0.7251060548785725,0.5257787908215674,0.5880768070023736,0.012756313850217693,0.6277358895825055,0.4264180534910788,0.7407922658071423,0.4423414504563415,0.0053791192947632085,1.2127946574207782,0.037617534324564265,0.61383601302415,0.5235684633308323
T0,0,1196,accel,0.304512,0.4487557313499738,0.7037391779227732,0.4952488305434206,0.5297059468005241,0.016205533658596616,0.5749176036678341,0.37277482754220503,0.7120830546888067,0.39566167623765514,0.005200946351300673,1.2445457008316132,0.03887313942271629,0.5767008542082497,0.47790947821132634
T0,0,1198,accel,0.263724,0.39888651052056134,0.6769380275980545,0.45824509320834445,0.4765051585577212,0.019185247696043684,0.5176592588973442,0.322564462174362,0.6770865917984841,0.34564457335823134,0.005044063213738794,1.2643576390874365,0.03981195738443904,0.5349174399497469,0.4379918405958048
T0,0,1200,accel,0.223146,0.3490748389259767,0.6445474990345121,0.4154414785116444,0.43123762343227323,0.02086553655622514,0.4606329037321875,0.27795313167285846,0.6351423545059527,0.2975444161635666,0.004895324398370055,1.2634345264077957,0.04116133835795443,0.4884678529844456,0.40657448612658725
T0,0,1202,accel,0.182834,0.30547117742702456,0.6078324373228762,0.3694602718618682,0.40036831912929766,0.020947734097004456,0.4120353713662345,0.2433568512432241,0.590366830673021,0.2558424805778011,0.004779376437264236,1.2329843888880576,0.042153955815335216,0.44113900015584007,0.38822928923020117
T0,0,1204,decel,0.143355,0.27114865480185546,0.5706846767349623,0.3256810002600884,0.38489555148014465,0.020014746395282612,0.37606855052476634,0.21965399337317137,0.5494008782837896,0.2217285003413132,0.00478917392180015,1.1715723086494914,0.04358632442913918,0.39940264493688094,0.3829608444122031
T0,0,1206,trough,0.105832,0.24761385766954058,0.5395322245204726,0.2910950212960096,0.3830967298218207,0.019009099624857084,0.3546027776844257,0.20669303084728538,0.5189117596277261,0.1948589769922367,0.004992409234397101,1.086365937988987,0.04656770408744828,0.3696181940254899,0.3868155887957876
T0,0,1208,trough,0.071839,0.2320989091768091,0.5158150118331162,0.26606512643239777,0.39053783712267787,0.018271846752159038,0.34411806618674773,0.2014452790767137,0.4949559021172898,0.17331301438553262,0.0053558361719480245,0.9991591564905647,0.05041652941871792,0.3443781081688774,0.39529376444038544
T0,0,1210,trough,0.043158,0.22233119727157868,0.5006953356282224,0.25069581911985833,0.3998264882634888,0.01819009747958969,0.33986848389692037,0.20019125773414106,0.47887297040490806,0.15731129783033004,0.00580838140342815,0.9284216438161885,0.0540219138502906,0.3236436537373898,0.40069394480886295
T0,0,1212,trough,0.021454,0.2144684115783856,0.49079180618156754,0.24087659701496536,0.403550626521211,0.018797162008049123,0.33522497455517386,0.19805934087604832,0.4655790515463967,0.14597370422224926,0.006140577355340193,0.886309702370887,0.05716279487083114,0.30564445191239975,0.40153991245286463
T0,0,1214,trough,0.007926,0.2088426660513698,0.4864724952080869,0.2366554885939821,0.4004940507471332,0.020420529630687023,0.3299910194663998,0.19482934018295206,0.45716591108984617,0.14050937646161676,0.006380500881060314,0.8751250553634347,0.05875617649802852,0.2961395375358381,0.3983045318974778
T0,0,1216,trough,0.003045,0.2069511129595729,0.48845857136522064,0.23859177594015235,0.3920999020334537,0.022355669825190605,0.3256948953083644,0.19152455797970375,0.4564764384751952,0.1415051452188382,0.006472763260809491,0.8904361735451193,0.0591223743645941,0.2894154613741644,0.39049084137000456
T0,0,1218,trough,0.006411,0.2140212742491685,0.5048376446836084,0.25486104748969324,0.3853169860168518,0.02655458539238939,0.33109546454129635,0.19452251967733433,0.4841808453469482,0.15526807208144447,0.006386210602380414,0.9206870887335041,0.058248327915395894,0.30639209098269227,0.3817638923823591
T0,0,1220,trough,0.016793,0.23510818811897471,0.5386214932038064,0.29011311294109804,0.3908820603211197,0.03317798479362544,0.3550478552093318,0.21053747899674183,0.5390034057737055,0.18665406178252097,0.00632032882158901,0.9567813745050174,0.058223316143933036,0.3486950232194316,0.3776078325011238
T0,0,1222,trough,0.032322,0.2750243220441877,0.5850843091382935,0.3423236487998341,0.42068331681746307,0.04027164047957277,0.40441322275718805,0.2461352077861512,0.6000035733990582,0.2198918155636654,0.006657205977300096,0.9664045554158944,0.0598547747684274,0.42535765065475784,0.3877506056749517
T0,0,1224,trough,0.050802,0.3311224592671944,0.6265131951163763,0.39251878365493054,0.47470154135996306,0.038349546171479065,0.4706953772359761,0.2974067794040991,0.6472307275072725,0.26949476187188776,0.007112244142273628,0.9411707616456597,0.0598923462722694,0.5078212232123092,0.4212177702753804
T0,0,1226,trough,0.070062,0.393958867679711,0.6632567593130847,0.4399095287744952,0.5367461048430584,0.029945715400349737,0.5401959209452373,0.35600048207212814,0.6837806829283636,0.32594073277902014,0.007685888942017638,0.8885452768460652,0.0576910724169354,0.5808944670300084,0.46981593808353167
T0,0,1228,trough,0.088271,0.44198571187931657,0.6884091720380049,0.47390718814605143,0.5829501167842288,0.02079986393171579,0.5898855677309812,0.40130820723488925,0.7068727662635672,0.37271211275892385,0.007567776133024156,0.8383134711893064,0.054796914483593875,0.6191650820587902,0.5178690405809673
T0,0,1230,trough,0.104151,0.4793146348089583,0.7060469500041293,0.4985022956101335,0.6210704497891113,0.011966655212382271,0.6274685778886139,0.4385048968112948,0.7200581262552497,0.4073469431654782,0.008040987079429645,0.8016845627325283,0.05196189752282689,0.629088810820706,0.5586678698082839
T0,0,1232,trough,0.117053,0.5021712233307687,0.7178868546928442,0.5153615361407848,0.646892958485098,0.008150179511259958,0.6510433474640605,0.4643959512898156,0.7329042139309783,0.4296658696842308,0.008009646926619395,0.7794661946791647,0.04963658969708956,0.6362316224947904,0.5902770247099084
T0,0,1234,trough,0.126894,0.5188714418920166,0.726362490228236,0.5276024672105641,0.6692348341282577,0.005467456227070233,0.6689503778612403,0.4861070806648817,0.7415404126051475,0.4456538900411668,0.008399976468584971,0.7673150434861868,0.04804935453339761,0.6376724575773796,0.6150576994108824
T0,0,1236,decel,0.133992,0.5298459162263205,0.7320535932325487,0.5359024633646858,0.6883188219713472,0.004143816921095889,0.6818826603604953,0.5038862669137197,0.7469892051849893,0.45786190394125426,0.008474489815095755,0.7615941902527306,0.046417319286495055,0.6375481656498528,0.6337440996972034
T0,0,1238,decel,0.13886,0.5382276091741123,0.736960626880245,0.5431109655717237,0.7020118055577221,0.0036619362857777116,0.6914281407905073,0.5173550603011515,0.7491154960859032,0.46727345192772357,0.008557909697824898,0.7591727278655366,0.04523694774316282,0.6354225301553766,0.6497282338334953
T0,0,1240,decel,0.142008,0.5447155778732868,0.7406839510639239,0.5486127153636653,0.7149821829038553,0.003236556603824492,0.6993703276103022,0.5295758281735367,0.7492442675318032,0.47581729289705693,0.008694441281684138,0.7584424103295726,0.04435366999654033,0.6333492839327934,0.6620240249561226
T0,0,1242,decel,0.143829,0.5516025688609776,0.7453258044559452,0.5555105547879019,0.7233562494529475,0.0034253245798945287,0.7062904543300973,0.5391360785317535,0.7514835497995793,0.4845456562934215,0.008279192004757926,0.7584981731099735,0.04328891681264052,0.6372888914924777,0.6708243506965226
T0,0,1244,decel,0.144562,0.5579056090685268,0.7496933675892098,0.56204014540725,0.7316400547811805,0.0038086142353785934,0.7127589308489398,0.5485056965320572,0.7522103945099746,0.4927144918637766,0.0081522808033549,0.7599508866923602,0.0421405898959389,0.6402650044248167,0.6780874181683934
T0,0,1246,decel,0.144347,0.5629311423538195,0.7532264818370527,0.5673501329406239,0.7389855549777815,0.004216186588993143,0.7180775380089679,0.5566234897043162,0.751385551503422,0.49969358277971804,0.008257079218727108,0.7637257238045669,0.041096870723018944,0.6411931930427149,0.6840766027257552
T0,0,1248,decel,0.143324,0.5655447851687374,0.7555060322464002,0.5707893647606987,0.7427709313073582,0.005082396796033728,0.72092901360097,0.5611679191799857,0.7495959414590108,0.503297848638441,0.008690746641364105,0.7689923912577858,0.040368217158387544,0.6414879915234817,0.6872300330248209
T0,0,1250,decel,0.141737,0.5673419630906361,0.7572310904051363,0.5733989242761517,0.7441339763062271,0.005885426787795689,0.7225876722736161,0.5634813822858742,0.7466644967905269,0.5068895451956049,0.00941705660292102,0.7758045038832361,0.04031181371783677,0.6406836301186356,0.6892068153686751
T0,0,1252,decel,0.139984,0.5688895448028832,0.7586233901339464,0.5755094480583218,0.7444362467787962,0.006418628218859079,0.7237540926608592,0.5647467492699215,0.7430109480788939,0.5091244168143703,0.010266267147327729,0.782623188119582,0.04035748811584481,0.6392852971660822,0.6915275919275374
T0,0,1254,decel,0.138593,0.5712036525446698,0.76036692443376,0.5781578597728553,0.745242753297079,0.006725466675613911,0.7255022143962456,0.5666579402810473,0.737156752578873,0.5090012175868004,0.011234798356963146,0.7876852212224176,0.04090748916584873,0.6344916390654781,0.6951688142547466
T0,0,1256,decel,0.138119,0.5772467694485912,0.7642326248456833,0.584051504878523,0.744864686905447,0.006429618409874882,0.7292218333099412,0.5692498948286079,0.7315697460094143,0.5126659016561936,0.011773493430620771,0.7874297580147672,0.041007231390219924,0.629959837440374,0.6997698084075477
T0,0,1258,decel,0.138984,0.58804725896481,0.7711090271287117,0.5946091317193881,0.7475917741750062,0.006008811568089523,0.736754972942763,0.5764747656735165,0.7293479705103951,0.518998192651895,0.011615507081497929,0.7784411799553834,0.04032040937321817,0.6284547202592191,0.7094212550891447
T0,0,1260,decel,0.141323,0.6025336942442876,0.7806461201249485,0.6094083648661355,0.7499018497234201,0.005929460459325631,0.7465594556690672,0.5854079694611101,0.728500439013509,0.5281165195343537,0.011024983779688557,0.7623955593709554,0.04000242064708985,0.6296965661714553,0.7206182284232511
T0,0,1262,decel,0.144882,0.6170782853762975,0.7901404821165094,0.62432198147931,0.7539753358048182,0.005935778295266481,0.7567847006756447,0.5957464353367762,0.7323044655007898,0.5387585824148943,0.01044348843460415,0.7428189240152704,0.03958790702534913,0.6353357230876204,0.732363222454181
T0,0,1264,decel,0.149013,0.6291474468515847,0.7983161766651399,0.6373087179252468,0.7547113630758607,0.006259891305506304,0.764664938149857,0.6024982898564574,0.7352143218447946,0.5483697897026064,0.00986394649587491,0.7279190960559848,0.0393962970984736,0.6403080386632303,0.7398197452706922
T0,0,1266,decel,0.152788,0.6339132838513675,0.8021425964441418,0.6434327450301492,0.7518641898197073,0.00699154300608984,0.7671635558472859,0.603102293395351,0.73382367778785,0.5515120043669751,0.009416120978504354,0.724867085232534,0.03907780771109548,0.6379507855433992,0.7390136591446395
T0,0,1268,decel,0.155218,0.6320034565190987,0.8022654474013616,0.643629848094107,0.743687526500987,0.008195018757997663,0.7642960861564343,0.5966348061751263,0.7304114403965718,0.548563920536825,0.009085247768538854,0.7356938284209186,0.038897126823227615,0.6333382750255927,0.7294337198442724
T0,0,1270,decel,0.155519,0.6237486994084517,0.7998551571934569,0.6397682724889696,0.7277074357271164,0.010814279367733381,0.7557400387743876,0.5820605453943601,0.7287371933357696,0.5390233569976831,0.008700888158761305,0.7592772443611565,0.03902227866847835,0.6338300100980949,0.7112550952675416
T0,0,1272,decel,0.153355,0.6093507952003678,0.7934016948178384,0.6294862493398183,0.7103021206250549,0.01322991490842873,0.7426144728495327,0.5635549063366233,0.7291108239711793,0.526209583064005,0.008385468371600046,0.7949267065459331,0.03912087776175879,0.6368012119308513,0.6885478941570878
T0,0,1274,decel,0.148997,0.5923132522470889,0.7840147734185956,0.6146791649386117,0.6948808902396977,0.01442106356097339,0.7277151852179489,0.5447968837141886,0.7300043679330277,0.5141527305014737,0.008360414408276153,0.8363111821248428,0.03914161274095651,0.6380817529602469,0.6664910672120605
T0,0,1276,decel,0.143318,0.5769550953167992,0.7751187589872393,0.6008090905339178,0.6786685488709161,0.014551352185635746,0.7132175723392327,0.526048723364495,0.7302516326178541,0.5064401514192794,0.008241643953097151,0.8745331334572779,0.039310111209557914,0.6358565326836311,0.6473844445084569
T0,0,1278,decel,0.137643,0.5678908583174733,0.7671294990629266,0.5884876683325367,0.6738898266752467,0.01190317350810155,0.7052523184308919,0.5169607651609844,0.7275776533533701,0.5086164213116242,0.008127491335127116,0.8988634507385598,0.03962345560446685,0.6276763128840082,0.6442142806558944
T0,0,1280,decel,0.138366,0.5937011492860098,0.779237854451631,0.6072116338103812,0.7037313533518033,0.007809252816033063,0.7296832157245059,0.5483741098962017,0.7424421238682624,0.546677461912018,0.008082978570533316,0.8466090373012167,0.03898630370104148,0.6458314796366047,0.6794149920985774
T0,1,1120,decel,0.138366,0.49004664719201196,0.714198086328311,0.5100789065150216,0.600303969657185,0.007060389510713638,0.6270703978244283,0.42873594634445006,0.7678158367967874,0.549396817335112,0.003054895155543738,1.254138774863668,0.03999111427917159,0.6639808359454026,0.6015748622148971
T0,1,1122,decel,0.14356,0.5227141100011485,0.7453629717415358,0.5555659596433734,0.6017207613989424,0.012218765050119096,0.6527028087196224,0.44850037487489525,0.7879680047987161,0.5801356481288663,0.003008575817668843,1.1794904500034045,0.038332771078844655,0.7044894766182019,0.6155979507507231
T0,1,1124,decel,0.145546,0.5165170750834973,0.7478800733468316,0.5593246041092622,0.5839911409667838,0.015947946869093066,0.643710239267034,0.43675533734013816,0.7852073112286007,0.569799070628865,0.003037437879582932,1.2005335458545976,0.038108250465785386,0.6999561842550297,0.6023188520555769
T0,1,1126,decel,0.142589,0.4938103801044862,0.7383274039944987,0.5451273554892557,0.5569845011824277,0.018431726984461272,0.6190234513500609,0.41123692082319263,0.7763882861732081,0.5427839911932238,0.0030586767951982096,1.2827361336311072,0.03827982851936632,0.6883649770219764,0.5768104827333083
T0,1,1128,decel,0.134389,0.454626281724555,0.7133757155605376,0.5089049115515091,0.5174583917371696,0.01589503205284354,0.5751410226612264,0.36914225047830834,0.7646407728210897,0.5108916749112283,0.003042079833970186,1.417765968862401,0.03801507921632378,0.6683714791637276,0.5394781598447909
T0,1,1130,trough,0.122509,0.40013546926497867,0.6729061293904591,0.4528026589712493,0.4739924333953864,0.0131005312518504,0.5153664721326566,0.31895241371645444,0.7272641151327418,0.4622584581124563,0.0029936246806437973,1.522668778174864,0.037849171435964724,0.6200019872626419,0.5038465385786147
T0,1,1132,trough,0.110418,0.35340712627807125,0.6276904074797872,0.39399524764214133,0.4510574562894521,0.009388921917862725,0.46687779069313595,0.2831244385351225,0.6669170899210293,0.40810561786102895,0.003005422560936497,1.554875232788976,0.03942465760700299,0.5343055312672225,0.48784049970744875
T0,1,1134,trough,0.103096,0.3541518060428308,0.6208069845376525,0.3854013120507331,0.46679282027550834,0.007529143214535572,0.4729596976844993,0.2897882431590647,0.6650328901943472,0.4087288807564605,0.003006944357355365,1.5421710847931691,0.04087272796894851,0.5270979455871561,0.4990399175231781
T0,1,1136,trough,0.106265,0.42268414935947385,0.660867066315992,0.4367452793411058,0.5572113740815416,0.003316627449028886,0.5605759259837237,0.3682426461071712,0.7191430257255265,0.48762234286630113,0.0029841365659304107,1.4206208553467772,0.04121557717702506,0.5956617923372677,0.5718501224107405
T0,1,1138,trough,0.125362,0.5621116161255347,0.7594137511951705,0.5767092455043203,0.6609169528124774,0.004896010087144798,0.6962709382410078,0.501909422363805,0.7923256347419475,0.6089235130604891,0.003014548666720113,1.027839323386844,0.037419973310411477,0.7165743994658949,0.6912786284688713
T0,1,1140,accel,0.164472,0.6816392298528309,0.8286609363562502,0.6866789474428173,0.7742312571983933,0.0020771276167591557,0.8012122695991747,0.6415751985462973,0.8757561661600057,0.7016437606098591,0.002999048378688898,0.745491876876995,0.03245939199428741,0.8216587052667309,0.8071257928293197
T0,1,1142,accel,0.225431,0.7486037517793735,0.8656741366581614,0.7493917108788531,0.8388689823561897,6.944280232701328e-05,0.8524471273323817,0.7261871820705049,0.9147167651004541,0.7489436388949676,0.003108940008783223,0.626802379166527,0.028606501998737145,0.8725174443382098,0.8745820240928489
T0,1,1144,accel,0.307278,0.7744500851264641,0.8813165794875627,0.7767189132796575,0.8336881596496195,3.6177693407690725e-07,0.8669350540553127,0.7347431972216838,0.9316304947226466,0.7738661311403302,0.00326347500954328,0.5993739787449363,0.02559248923517781,0.8951575355598664,0.8751664529109652
T0,1,1146,accel,0.406197,0.7716449175041039,0.8832311340997503,0.7800972362431311,0.7924827319322758,0.00021704624307739007,0.859753935963979,0.6999454220790123,0.9372862578062554,0.7843791170969834,0.00347111523495092,0.6260000182585376,0.023064322199281645,0.9029439493252897,0.8365974906001877
T0,1,1148,accel,0.515946,0.7512460460160255,0.8774276297388269,0.7698792454290959,0.7455541479269319,0.0012425842078781502,0.8402446978747969,0.6541698088574786,0.9359114779999168,0.7807472878024777,0.0037918706511873407,0.688161277122295,0.02183724274793919,0.900368750209976,0.7862914803937616
T0,1,1150,accel,0.628717,0.725434682202057,0.8682012131999214,0.7537733466018154,0.7087326416366905,0.002908439083341041,0.8175900734848974,0.6153225393033598,0.9309930362344928,0.7695760939921779,0.004191384553296594,0.7665413288018176,0.021691407341834244,0.8913582544541382,0.7397442413919838
T0,1,1152,accel,0.736242,0.704232048547854,0.8587518013788461,0.7374546563714132,0.6887905457452712,0.004335779407017681,0.799990321411311,0.5915001219314702,0.9251505119733777,0.7578849512389105,0.004589009058486567,0.8423752734906348,0.02203515423330757,0.8807529202790589,0.7044596564776956
T0,1,1154,peak,0.830951,0.6919364488527221,0.8511816739304994,0.7245102420351269,0.6858365133906096,0.005234771068442834,0.7912291980519326,0.5837714715104764,0.920083902661407,0.7477951742595047,0.004931485582369856,0.9042738093613855,0.022525399916367084,0.8733472963570917,0.6842626939476043
T0,1,1156,peak,0.906964,0.6855948988090553,0.8443022392946942,0.712846271278035,0.696668087074965,0.005455529567341522,0.7891033745067317,0.5881984259625439,0.914463898639152,0.7380450089654385,0.005208259223882805,0.9522403258897885,0.0230722030590493,0.8669181626416932,0.6765105192560714
T0,1,1158,peak,0.960739,0.6811954830354148,0.837379979378825,0.7012052298644814,0.7156628462521119,0.005194686332480658,0.7898963746177566,0.5992817394367846,0.9076720246111011,0.7271457183862503,0.0054284590242804805,0.9896091093237549,0.023645104806314984,0.8607249618671481,0.6778968949841461
T0,1,1160,peak,0.991296,0.6749008756384574,0.829686406827394,0.6883795336741519,0.7368807080495335,0.0048657603100477065,0.7899685066015014,0.6113799069220435,0.8994168968534823,0.7129532862621638,0.00561646525297173,1.0215106911123288,0.024430296734993803,0.8530513603116634,0.683934573883963
T0,1,1162,peak,1.0,0.6659816933121054,0.8215682904707384,0.6749744559070117,0.7566746379587312,0.004781576458557035,0.7882392430410813,0.6216598887503197,0.8907848376862518,0.6963716600059771,0.005786911018771802,1.0504711902161052,0.02545356482177443,0.8442908930779728,0.6906554941400753
T0,1,1164,peak,0.989996,0.6541497097785094,0.8127990993605844,0.6606423759213771,0.7738405324374841,0.004974896206166091,0.7843562704535574,0.6289768878139022,0.8835237886621982,0.6787004888903881,0.005931543751053832,1.078800283953633,0.026682753506070772,0.8366612020244746,0.6942877244210006
T0,1,1166,peak,0.965439,0.6418571531903243,0.8046075043464997,0.6473932360507026,0.7880039153135796,0.005260403691604076,0.7797684675757312,0.6340338637157298,0.878092944290522,0.6616256677106733,0.006034365108551363,1.105843308378574,0.02805751908692205,0.8304342165620333,0.6959517342643977
T0,1,1168,peak,0.930694,0.6313843718728868,0.7980178103276414,0.6368324256001234,0.7987221994031543,0.005447557563266869,0.775700029321701,0.6373945406277829,0.8723705849189181,0.6464357695966494,0.006087433752700095,1.129827448766765,0.029348254984729878,0.8229338261860177,0.6971885553849785
T0,1,1170,peak,0.889659,0.6239430704849225,0.7933717622281724,0.6294387531010357,0.8075309747439982,0.0052951993170450296,0.7731045040663793,0.6406722724864796,0.8659447151613238,0.63384612076616,0.006082613751885193,1.1495398043909582,0.030367039375475535,0.8151041343277576,0.6991784213228451
T0,1,1172,peak,0.845329,0.6179137613562325,0.789585248521586,0.6234448646828946,0.8144691510028335,0.004911894723965915,0.7709688448717323,0.6430928270077374,0.8594018199511112,0.6229863885585454,0.006018098722145093,1.1672997321257577,0.031201182054541837,0.8070700387687202,0.700638191463179
T0,1,1174,accel,0.799638,0.6124630802020639,0.7860918043938381,0.6179403249351602,0.8190432930908812,0.004391444125744992,0.7686655230388152,0.643843220142482,0.8528123504887697,0.6128840202642566,0.005901557024741649,1.184350264634224,0.03191482992258715,0.7989234303669753,0.7007423256015765
T0,1,1176,accel,0.753564,0.6075759063312279,0.782933498581468,0.6129848632010175,0.8214421962826737,0.003926037071146693,0.7662324087137113,0.6431346126180386,0.8476944198020012,0.6034143200037403,0.00573155598113366,1.2011855006933045,0.03251694859527097,0.7924222832831795,0.7007044334437709
T0,1,1178,accel,0.707404,0.603576716290062,0.7802508560279868,0.6087913983324063,0.8196394373154436,0.0036632217065055706,0.7633960598148535,0.6395243725996723,0.8433023081511355,0.5946698477967771,0.005515863152840539,1.2171986134407065,0.03299336444911542,0.7865183133410298,0.698118370785913
T0,1,1180,accel,0.661118,0.6000621133585506,0.7777368460904768,0.604874601766762,0.8118824646741738,0.003646565139747926,0.7594792167329681,0.6314309074718548,0.8383472523199275,0.5863734382060712,0.005264172209632811,1.2334319019042728,0.03340249942871681,0.7799656227500117,0.6923989671281136
T0,1,1182,accel,0.614643,0.596363250051384,0.7750817797996961,0.6007517653774646,0.7930337539175037,0.004066241951353966,0.7528202892288967,0.614666013427613,0.8330899024375676,0.5784943013352405,0.005022933183433268,1.2510110208604315,0.03386746037211978,0.7722135540639887,0.6796300672360757
T0,1,1184,accel,0.568077,0.5892720263975348,0.7711336448100883,0.5946470981580914,0.7551367085782311,0.005119169791750533,0.7392783747336671,0.5823113224158248,0.8259400915587278,0.5697014371499467,0.004853442137911792,1.2741234648712527,0.03425908409991203,0.7631147756360556,0.6542449808260052
T0,1,1186,accel,0.521728,0.5750197994680085,0.7654369243587331,0.5858936851717569,0.7029556328237724,0.0069699739118717075,0.7168906121156571,0.5380681975492753,0.8172731737538209,0.5576677936548882,0.0047583581663370265,1.3066399743864698,0.03505186170947952,0.7510396480507844,0.6201147989021465
T0,1,1188,accel,0.476028,0.5528692572825453,0.757524113172226,0.5738427820373675,0.6490867818319117,0.009214869926613023,0.6874366806532897,0.49169888877903306,0.8066524711836746,0.5397022522396349,0.004637610210584,1.3474798568124706,0.035922488352614974,0.7345504818759139,0.5839570749409565
T0,1,1190,accel,0.431376,0.5234788165058581,0.7471950861021356,0.5583004966951778,0.5955222446424117,0.011817029352853003,0.6512741919440979,0.44497129486132386,0.7930339100502705,0.5155790844183104,0.004523172756742337,1.3940430255757812,0.036863976356893195,0.714180401392015,0.5484583150615945
T0,1,1192,accel,0.387986,0.4872398508238779,0.7339963775906858,0.5387506823162487,0.542274392227065,0.01475351182060225,0.6082256559601947,0.3980274395548564,0.7755585524731139,0.4842599377193471,0.0044051226208256895,1.4455678603209745,0.037642071550825794,0.690149034053466,0.5134915987090163
T0,1,1194,accel,0.345798,0.4444120753318199,0.7170338297430061,0.5141375129959223,0.4893850126765946,0.017901453752365903,0.5581451385987757,0.35090560985832825,0.753344596176234,0.445256462016799,0.004281044839996722,1.501957945120526,0.038856867313721254,0.6609848482357775,0.47848460025619244
T0,1,1196,accel,0.304512,0.3965228643681066,0.6952028932145371,0.4833070627338631,0.43805095982630654,0.020657081520451537,0.5023056671375251,0.30453429464665327,0.723929708709876,0.3995008012646202,0.00414606053074202,1.5614414960485017,0.04025198124630689,0.6240108019341821,0.4449604896709278
T0,1,1198,accel,0.263724,0.34719300889295346,0.6683958065813191,0.44675295425549216,0.3905801424847982,0.022378402145147802,0.44438707269793853,0.2610621293707733,0.6876471804105005,0.35138218351994593,0.003988867620207684,1.6177238079627945,0.04141417566492511,0.5796864332306406,0.41565824707236615
T0,1,1200,accel,0.223146,0.3001026629771625,0.6365784053655257,0.4052320661777155,0.34935616987416596,0.022632790639898925,0.38856641705781786,0.22239259352310425,0.6451595355367885,0.3065191692993537,0.003777037321395042,1.6614230541876576,0.042184856257956926,0.5311839784500498,0.3926899526260192
T0,1,1202,accel,0.182834,0.2604091430039578,0.6030047819321334,0.3636147670330197,0.3173277816584195,0.021594275543674435,0.34099914597415665,0.1913501697799429,0.599309119001964,0.2672329361472631,0.0035565497368359755,1.681518908407926,0.042574312672532,0.486526964176371,0.37802327929770285
T0,1,1204,decel,0.143355,0.22979631637067066,0.5711382916395966,0.3261989481769969,0.2949259990545691,0.020109401231249435,0.30429941149082385,0.1684435312601279,0.5581325720945066,0.2331116401141273,0.0033534425888984095,1.6757316534450155,0.04375955254982074,0.4497525936557728,0.37204218004028894
T0,1,1206,trough,0.105832,0.20688597092506877,0.5425414363647885,0.29435121017276783,0.28044446305647913,0.018770415830322462,0.27729184700633824,0.15215274180721405,0.5246755981960751,0.20180425713335606,0.0032027830398955025,1.6542712990006465,0.046307339849209705,0.42203578247945006,0.3705125713320884
T0,1,1208,trough,0.071839,0.1899408650489418,0.5204923570509796,0.27091229374848447,0.2697296092040878,0.01808947299181879,0.25740116808164104,0.14039220006107525,0.4982641758878243,0.17061702558467887,0.0031034556154079856,1.633159547225162,0.049809141343338637,0.40020464325211125,0.3718611095771796
T0,1,1210,trough,0.043158,0.17430632347609964,0.5009924805710585,0.2509934655887424,0.2583155095086771,0.017795029828630904,0.2386565435454098,0.129414127878729,0.4748214089116996,0.14138659061688164,0.0030306537227533055,1.6367356404659914,0.052959185561992424,0.37861982099210756,0.3669091933974685
T0,1,1212,trough,0.021454,0.15921610959988242,0.4840858037001321,0.23433906534400284,0.24401338265341438,0.0174881883968879,0.21935013057185335,0.11812341445536598,0.45554734007359654,0.12168057213054814,0.0029478338475602433,1.681645991642551,0.05611028592037011,0.35780635301580266,0.356393209607905
T0,1,1214,trough,0.007926,0.1443759160278819,0.4700601935023695,0.22095658551548505,0.22631554425681003,0.01716921545176231,0.19914475714502403,0.10638192852595019,0.44498608799151895,0.11086085755946501,0.0028310980429625985,1.7756298782171809,0.05823244210194379,0.3348655705178729,0.3412130964153867
T0,1,1216,trough,0.003045,0.1319953578380102,0.461723439462923,0.2131885345494715,0.2085691539960801,0.017106084461233517,0.18159648413916898,0.09630126714894215,0.45116380802202277,0.10824298823729808,0.0026813624867016543,1.9076070891592858,0.05779419501286137,0.3338746916869342,0.3239345912479763
T0,1,1218,trough,0.006411,0.124786606349926,0.460196212124979,0.2117805536541787,0.19625863668129984,0.017330903573164858,0.17108040312880504,0.09031748119754665,0.4904668892347092,0.12672640332915014,0.002543261177219288,2.059934654885774,0.05679121022349381,0.35013008382815247,0.3083530443121892
T0,1,1220,trough,0.016793,0.12591400221869675,0.4655493284370215,0.21673617720816174,0.1980273504909206,0.019254166305270853,0.1741978276561177,0.09219150003321076,0.536515308417817,0.16126332397853,0.002496327089818953,2.178790408553026,0.05635583343113619,0.37408961265599394,0.2989035289953807
T0,1,1222,trough,0.032322,0.14094938198351958,0.4850708894476227,0.23529376778950783,0.2178877349144408,0.022957547739686057,0.19747342544354382,0.10569099737467563,0.6026259376294265,0.20214389657812504,0.0025067770374545854,2.195277738260653,0.057272959162805614,0.44718022274547964,0.30245280349598125
T0,1,1224,trough,0.050802,0.16964424090034647,0.5121823997265808,0.26233081058967894,0.25421753470874,0.026140698105659665,0.23874157683875585,0.13020574697969778,0.6616771192490126,0.2442442874416247,0.0025278378099378284,2.1046423007593145,0.057994036469450574,0.5441603496981298,0.324461700459567
T0,1,1226,trough,0.070062,0.20608605262273727,0.539903446051756,0.2914957310585614,0.2973141546888403,0.026560114151862546,0.2879413402610734,0.16052093667646974,0.7024812821868547,0.2902795547234838,0.002556171905563263,1.9674598638531824,0.05683658260629393,0.6232816085845604,0.3609306368724964
T0,1,1228,trough,0.088271,0.23724426410107835,0.5552438227105936,0.30829570265827305,0.3352705422975432,0.022663194461516212,0.32800968128273167,0.18615689754754164,0.7275016759037382,0.33965627621316197,0.0025775823529981586,1.8501807399592523,0.053601863780119365,0.6607847218810683,0.3980933623567225
T0,1,1230,trough,0.104151,0.26047748455607944,0.5676366414400129,0.32221135670529777,0.3631556290306274,0.019921387713251137,0.35794379810264965,0.20614044158298062,0.7452285554829777,0.37687371369911893,0.002601727474017822,1.7591553225054295,0.050691030378751466,0.6785811463167054,0.42557731840385243
T0,1,1232,trough,0.117053,0.2786173942848479,0.5763494311916783,0.33217866683497105,0.38570623127451525,0.017216442875467752,0.3813109533494633,0.22230156700215278,0.7573440899972851,0.4068205718082077,0.002623120754374355,1.6959371975513458,0.04745652268637788,0.6855230221997989,0.4467700838852224
T0,1,1234,trough,0.126894,0.2964791629818013,0.5883150834760097,0.34611463744538423,0.40351224155928783,0.015483384083086027,0.40293851708735084,0.2373923380765442,0.7668559775349805,0.4326629051978204,0.00264698029815548,1.6489390997957722,0.04524880146394983,0.6884027989794802,0.46307133851015536
T0,1,1236,decel,0.133992,0.3100464056513894,0.5959036039322301,0.3551011051794201,0.4195063831985927,0.013938720045479136,0.4201701910694181,0.24998536562061652,0.7707033363317758,0.45060042233047126,0.0026745077558657177,1.6146716605899274,0.0449327389004725,0.6875453413047325,0.4753764606080513
T0,1,1238,decel,0.13886,0.3265237360185915,0.6083414746492978,0.3700793497784822,0.4345820694579503,0.013363282867439819,0.43980840229572854,0.26437429699019305,0.7743598494774439,0.4666411638005013,0.002711338408041143,1.5800136978165542,0.043382983828357986,0.6877841820195278,0.48786672664108055
T0,1,1240,decel,0.142008,0.3392486301170996,0.6159668015470633,0.3794151006081192,0.4497814014568788,0.012548883287884949,0.4561055459874185,0.27705041125074925,0.7757959265967004,0.48027450203762134,0.002743324792861235,1.5507855740509908,0.042017864050422335,0.6861587465428591,0.497345625097616
T0,1,1242,decel,0.143829,0.35299805194929756,0.625494836534585,0.39124379053142727,0.4643532180592158,0.012279117377268223,0.47308384047110885,0.2904505402242577,0.7772855880959829,0.4911648051831949,0.0027794793426228186,1.5217260523805658,0.04152692846918764,0.6858896731456661,0.5062847683951089
T0,1,1244,decel,0.144562,0.3665808073223563,0.6349004962139407,0.4030986400927082,0.4788191954185214,0.012156460312361728,0.48976413483053133,0.3040025447679791,0.7778354124959858,0.5005156098738879,0.0028206581684216414,1.495823882598793,0.04122714703117881,0.68639358763454,0.5151840425016737
T0,1,1246,decel,0.144347,0.3786195093581589,0.6426929944913978,0.41305428516831993,0.492338930618646,0.01182843128710942,0.5045705766399056,0.3164227816239901,0.7777098620763125,0.5078890520138412,0.0028662064352265415,1.4758781315563945,0.0408485560709687,0.6861498154170964,0.5231501201450928
T0,1,1248,decel,0.143324,0.38868347025052596,0.6486139896421415,0.420700107559496,0.5046330678493564,0.011286131468669858,0.5171049111331125,0.3273120674431245,0.7760032765575905,0.5124361378005563,0.0029174588683564904,1.461304380975375,0.04072158061133526,0.6833336671395144,0.5297041197299465
T0,1,1250,decel,0.141737,0.3978033915614676,0.6542347449909115,0.428023101553323,0.5145727987510397,0.010714250764346567,0.5278738658014958,0.3366514037701461,0.7722260430255176,0.5142353485009281,0.0029686697215425403,1.449858567434073,0.040816993426785554,0.6782652563315864,0.5345642639956457
T0,1,1252,decel,0.139984,0.4072706376632511,0.6602777264706051,0.43596667607319123,0.5240079918907998,0.010126597847489538,0.538628240434403,0.3459908055380846,0.7671015907723491,0.5153737306736955,0.003018331247378976,1.4371491519190285,0.04120073260404663,0.6724217435813602,0.539662943295993
T0,1,1254,decel,0.138593,0.4170230537133368,0.6652002004252028,0.44249130664572994,0.5363312439342178,0.008861044985317812,0.550349835033467,0.35676765095934004,0.7601660006942794,0.5184226159719247,0.0030661144488036023,1.421973803951459,0.0416158985428486,0.666126444994777,0.5476028483306915
T0,1,1256,decel,0.138119,0.4295834293947437,0.672674559388738,0.4524910628488328,0.5502079395519729,0.007909560479846311,0.5647795777036305,0.3701108833103088,0.7621740815377198,0.5251030598803993,0.0030774287212464364,1.3940101094375448,0.041620902080194554,0.6696701287461242,0.5586169359989894
T0,1,1258,decel,0.138984,0.4476530560072427,0.6852957205378756,0.46963022458752607,0.5652681896722079,0.007570560414574601,0.5837936172035716,0.3873758713385563,0.7640130336967286,0.532852822809616,0.003066699801712645,1.3487858012614764,0.04199005812377504,0.6758776133788582,0.5730439226647412
T0,1,1260,decel,0.141323,0.4659048825285872,0.697235505992174,0.4861373508161629,0.5830599237820692,0.007196404714559235,0.6035385633530754,0.40653008098194937,0.7648742467474309,0.5415436028623687,0.0030695330383419673,1.2953025940823073,0.042586921828627486,0.6750347278753668,0.5911930047542477
T0,1,1262,decel,0.144882,0.48706194167855743,0.7128801117711077,0.5081980537587869,0.5957847063118773,0.007424778100567908,0.6234996996889761,0.42472306802712767,0.7643334045231501,0.5501475400051344,0.0030944294803148756,1.2399867142519256,0.042962368790090764,0.6737094341964293,0.6068976244441385
T0,1,1264,decel,0.149013,0.5043225675894237,0.7259554648475808,0.5270113369420671,0.60529497996826,0.008129816741330509,0.6393792896019831,0.4394171985527653,0.7641654055618752,0.5568346149240008,0.003114570442140215,1.19172484642028,0.04235735829971108,0.6717111692899932,0.6194913087888378
T0,1,1266,decel,0.152788,0.5161919074631457,0.7350523376895262,0.5403019391428372,0.6118588179680913,0.008933388378335905,0.6502519459481613,0.4497482544833957,0.7659353565784067,0.5621506516960131,0.0031137283219093517,1.1619628382004688,0.04153996304511108,0.6729552983329022,0.6267528523169339
T0,1,1268,decel,0.155218,0.5213471691703546,0.741093335424861,0.5492193318111456,0.6100509523445679,0.010700056477428666,0.65386802561836,0.45210469505214873,0.7702371714399929,0.5631066507280699,0.0031121924435182197,1.1542809349272345,0.0408825128988133,0.6791362166919537,0.6250226129468155
T0,1,1270,decel,0.155519,0.5187269003329396,0.7419309303195907,0.5504615053648934,0.6038552905419873,0.01266972273195921,0.650570479359309,0.4480189174902234,0.7703888210451134,0.558404349964466,0.003111216984587503,1.168961660355097,0.04024469873540963,0.6799273666790031,0.6177684567064611
T0,1,1272,decel,0.153355,0.5093281300942005,0.7385188634172904,0.5454101116231665,0.5908963244254488,0.01428956751056809,0.6401242601352128,0.43638808191213696,0.7696595630184444,0.5489353989497971,0.0031004244873265845,1.2081490550957277,0.03956822706995525,0.6809160973290974,0.60373008325139
T0,1,1274,decel,0.148997,0.495554070183868,0.7300261282597742,0.5329381479419563,0.5778462587423813,0.014225365071757534,0.6258184987741612,0.4218428669990963,0.7680242647757523,0.5376839201218605,0.0030774722391160663,1.2630835517571695,0.03919504395056648,0.6784258960605456,0.588562699691463
T0,1,1276,decel,0.143318,0.4798753999846973,0.7179996420209385,0.5155234859421958,0.5664335381968663,0.012675802129089031,0.6099619613246122,0.40669907765400354,0.7633180840588791,0.526494774382773,0.003053119679228978,1.3200398175326653,0.03935587145396363,0.6704080768733985,0.5757256251843454
T0,1,1278,decel,0.137643,0.4684214324779491,0.7062477624360228,0.49878590194588895,0.5630567904041586,0.009860814996509648,0.5993812150923487,0.39765759834734565,0.7564637502891053,0.5216838991432923,0.00303536203860888,1.359114107689204,0.04016799516637382,0.6573304397194568,0.5716732912812199
T0,1,1280,decel,0.138366,0.49120873835859113,0.7155063984165824,0.5119494061750691,0.6000745061670513,0.007416146068170648,0.6279420889476314,0.4293571486891961,0.7696036677282347,0.5536416085540048,0.003011389113777479,1.2567884556013535,0.039846340068543255,0.6685682957449414,0.6029979360989012
T0,2,1120,decel,0.138366,0.6290850469652636,0.7993479850525701,0.6389572012076038,0.7415887659145871,0.006536026846910681,0.7616978130228579,0.5927874857714472,0.7418860630055626,0.5502822643328446,0.0060858135879893445,0.808712299967516,0.031903197907547184,0.6396014231195175,0.6982935821461869
T0,2,1122,decel,0.14356,0.6547904647082003,0.8185385031633559,0.6700052811609071,0.736381313318697,0.008465012609535472,0.7773879297217654,0.6027564579613525,0.7551871550594352,0.5719864634901595,0.005626733432640476,0.7682199199639824,0.031001251801651,0.6645756165930462,0.7158333864292595
T0,2,1124,decel,0.145546,0.6507435266377837,0.8198926645177337,0.672223981329989,0.7158113299359026,0.010647530483870238,0.7706836399453844,0.5868884585931298,0.7518114839521108,0.5674917010235033,0.005531472827780677,0.7789491146271803,0.03072203415646547,0.660171912040229,0.7029508191098538
T0,2,1126,decel,0.142589,0.6324837139651958,0.814343191846224,0.6631548341062959,0.6832795603075196,0.01349344462898694,0.7517393112818639,0.55642405806411,0.7454010790478943,0.5475045677051724,0.005758733324309805,0.8223150092232971,0.0303549137793392,0.653359190368768,0.6741028588061914
T0,2,1128,decel,0.134389,0.5968916458296333,0.7975023528946253,0.6360100028724636,0.6377913244789547,0.01361074444523902,0.7161985266322548,0.5086400819277458,0.7345383699164137,0.5169745693559687,0.006302404936874714,0.8874628033254349,0.030659996275173726,0.6344209012538442,0.6317994199303242
T0,2,1130,trough,0.122509,0.5466454092023201,0.7709634753588479,0.5943846803373929,0.5840868832978309,0.012816410474733031,0.6651674071688756,0.4503096534588135,0.6915471934492201,0.46869042401520483,0.007200185608094089,0.9295388853603391,0.030935013644889684,0.5826020822115401,0.5911918176669818
T0,2,1132,trough,0.110418,0.5029015752463137,0.7418809984457643,0.550387415854884,0.5538224599650029,0.01211982671305023,0.6230788060375464,0.4108703595605257,0.6377372456167391,0.423814349917965,0.008432481469172097,0.9272422587210581,0.03294399432961941,0.5115703936726268,0.5721508664953271
T0,2,1134,trough,0.103096,0.5069881707869003,0.7371317046961334,0.5433631500682277,0.5714120682215058,0.008911981368044719,0.6308199285353046,0.42120595193206184,0.6354616712363087,0.42074661754170123,0.008801047516076473,0.9180530426368132,0.03369383458906097,0.5014791932439151,0.5876968694960047
T0,2,1136,trough,0.106265,0.5832244288247503,0.7764041416047507,0.6028033911010098,0.66111033961472,0.006286301498943048,0.711244914836675,0.5132888057345919,0.7188106448922214,0.5128863022885256,0.007510024482668431,0.8469799646779326,0.03338214592678737,0.5979488136310336,0.6595748856990644
T0,2,1138,trough,0.125362,0.6946191336708679,0.8383989988027113,0.7029128811933887,0.7680692666394076,0.0033474762963586757,0.8083316970708802,0.643948504161612,0.8023284424810122,0.6436922439891122,0.005596142194664892,0.6500233314334792,0.029593653870823234,0.7103895758412009,0.7978221706733543
T0,2,1140,accel,0.164472,0.7750829168954656,0.8809816348914223,0.7761286410159633,0.8548461189198983,0.00036265892539999456,0.8700745803473717,0.7531037314266392,0.8812798999610982,0.7429804067689525,0.004140985606635331,0.5266101173282917,0.02487960558761747,0.8060025545467107,0.8970631488641261
T0,2,1142,accel,0.225431,0.810275897135397,0.9002260199025659,0.8104068869096149,0.8887810953105728,3.47530149102937e-09,0.8940048449075131,0.80010386799608,0.92105543800824,0.7900068454546871,0.0034022436304290992,0.4890701700609255,0.021259509222199734,0.8626433541353302,0.9287744451892436
T0,2,1144,accel,0.307278,0.8186552888889951,0.905586277143731,0.8200865053510423,0.8678176204261941,4.745031800035271e-06,0.8965584093887653,0.7858837281214885,0.9372774152890293,0.8112360655811269,0.003127807978660088,0.4976052858047889,0.01860758352795973,0.8926115732199023,0.9075799706825753
T0,2,1146,accel,0.406197,0.8107557672886188,0.9037465826948244,0.8167578857325731,0.8275083116079144,0.00018984446563319324,0.8876862064791794,0.7478578087672165,0.9427240949965412,0.816378196475257,0.0031659637523472344,0.5361509327134651,0.01693236038558844,0.9050287232262487,0.8625212259420227
T0,2,1148,accel,0.515946,0.7949898884234284,0.8985998448971243,0.8074816812491359,0.7904615994937847,0.0007979127067944125,0.8738886260805788,0.7103086707022477,0.9417087968468979,0.8094543733425297,0.00345102029331177,0.5936425922165652,0.0162873269240208,0.9043741787790568,0.8157215719081115
T0,2,1150,accel,0.628717,0.7786106308702158,0.891732556814758,0.7951869528833857,0.7694377218533538,0.0016202953549327992,0.8610807167387065,0.6861326670180138,0.9369384422644917,0.7967315458352382,0.003919161397343709,0.6577377803484501,0.01635080345559918,0.8956169279378555,0.7793919368398192
T0,2,1152,accel,0.736242,0.7644260515237982,0.8833826360866224,0.7803648817393499,0.7668644734981589,0.0023623480025601884,0.8518815958505203,0.6774347601199834,0.9305752247642087,0.7823320453321313,0.004519471123685445,0.7205024010083025,0.016813264938578067,0.8860862021681601,0.7554348581601771
T0,2,1154,peak,0.830951,0.7521208683656121,0.8736870015642891,0.7633289767023982,0.7813406745327864,0.002680264220576767,0.846340688401753,0.6826471911327693,0.9242083415195452,0.7670196608331922,0.005198740974217257,0.7773675255977501,0.017443973192621552,0.8756151834754168,0.745219352273562
T0,2,1156,peak,0.906964,0.7408695809041352,0.8638135656574839,0.7461738762138963,0.8111400562331601,0.0025297967146866718,0.8439422738270262,0.700673784222378,0.9186835232225513,0.7501478101640622,0.005587600003637757,0.8273403459237372,0.01821878091013096,0.8667509868804576,0.7474525057890294
T0,2,1158,peak,0.960739,0.7298289072854715,0.8555701520041205,0.7320002850003537,0.8473289698403658,0.0021034606314261906,0.84293016141507,0.7249493755238166,0.9136267775508667,0.731673436109949,0.005709348202408092,0.8687487419257454,0.019064400227626864,0.8596647679431276,0.7578768865407974
T0,2,1160,peak,0.991296,0.7171795891555885,0.8485810550194214,0.7200898069378743,0.885103571982056,0.0015763235369997686,0.841555830865431,0.7510821229139915,0.9086504127198322,0.7108938516191152,0.005880094755193766,0.9042632320814511,0.0200186399905244,0.8522418398768214,0.7749223977350753
T0,2,1162,peak,1.0,0.7032211191369679,0.842841798399163,0.7103822971287352,0.9203631842318329,0.0011516127303496937,0.8394244839457449,0.7757205613783382,0.9033191785327488,0.6895070263212584,0.006093514561567578,0.9347417333394211,0.021123640842162394,0.8445770027708259,0.7964697877287028
T0,2,1164,peak,0.989996,0.687754192067288,0.8370602311421692,0.7006698305597817,0.9464288789144845,0.0009541373769489381,0.835372588864645,0.7922179761437824,0.8973391174721012,0.6687348007176683,0.006348018943586544,0.9645489648881858,0.022281211341607862,0.8360841610650743,0.8130800503989747
T0,2,1166,peak,0.965439,0.672410781919037,0.8310967016728775,0.6907217275315359,0.9628206184204042,0.0009597553691895744,0.8300871079564566,0.8001970402718381,0.890698177667398,0.6501512462872722,0.006600714801817765,0.9923438432210208,0.023327948564292177,0.8263617303528478,0.8221325673419371
T0,2,1168,peak,0.930694,0.6587925850131533,0.8261886351996852,0.6825876609331185,0.977269912439755,0.0009695235874744856,0.8255609004921014,0.8074092951803171,0.8845150069563368,0.634685313767251,0.006830588736192903,1.0165971518849963,0.02417464510389942,0.816885868998979,0.8284148362848681
T0,2,1170,peak,0.889659,0.6478262434283075,0.8226271557081706,0.6767154373085147,0.9898385620288191,0.000929539476478114,0.8221982162516551,0.8142680808920331,0.8788276539495996,0.6223619171401279,0.007032191267609182,1.0355312896143296,0.024921290021821408,0.8084670977279789,0.8324870579338629
T0,2,1172,peak,0.845329,0.6386915521616195,0.8199317107796,0.6722880103419617,1.0009476086357907,0.0008297029036593573,0.8195916562485748,0.8207086851494934,0.8731981053870901,0.6131113354401415,0.0072055621703785554,1.0515642634955829,0.025529822998908238,0.8006265750326726,0.8358510317776046
T0,2,1174,accel,0.799638,0.6323521134379486,0.8179786372287448,0.6690890509625944,1.0076635229951636,0.0007565816364263345,0.8176478534628133,0.8242472353246998,0.8669598531019528,0.6070816750851432,0.007349464466581852,1.0639666825352143,0.025800629686018515,0.7923997370779953,0.8372038187514318
T0,2,1176,accel,0.753564,0.6299066037243933,0.8167790730382689,0.6671280541532538,1.0077562524408892,0.0007491673762799467,0.8164512279462148,0.8231142177171892,0.8600219239651057,0.603741879560257,0.0074653750854137575,1.0710949573304744,0.026020925513129053,0.783436852904958,0.8353242641601406
T0,2,1178,accel,0.707404,0.6298568622763905,0.8158846445068533,0.6656677531420744,1.0029676679478992,0.0008108332058409662,0.8155514040718255,0.8183059192155393,0.8529473220486039,0.601276947804041,0.007557987645506962,1.0749581415484826,0.026221775302903372,0.7748367751514464,0.8303837202250248
T0,2,1180,accel,0.661118,0.6310398900691312,0.8149110426580823,0.6640800074460829,0.993938016394652,0.0009894600516772156,0.8144905755444914,0.8099710652776719,0.8463805818568446,0.5982328736935115,0.007646891662450585,1.076874524039071,0.026378973254748694,0.7677502515920893,0.8230524260071206
T0,2,1182,accel,0.614643,0.6366346991480912,0.8138661562346069,0.6623781202640936,0.9697520330958822,0.0014430145111935522,0.8128778991137651,0.7892483596764409,0.8394200319591406,0.5965697446269941,0.007721425552505524,1.0700720380096524,0.026579717639847657,0.7601656111547472,0.8065647956521728
T0,2,1184,accel,0.568077,0.6475565381612799,0.8128333763560455,0.6606980977183686,0.9151796064808784,0.0026668087363235227,0.8084775939380334,0.7438885295080494,0.8315769654131205,0.5970962893691056,0.007777480789740852,1.051116753765171,0.026814401826900446,0.7518561193295464,0.7711724624893931
T0,2,1186,accel,0.521728,0.6510890432986337,0.8104290382065875,0.6567952259684545,0.8389433848463121,0.004893114705530444,0.7958055521878273,0.6799040804907758,0.8216490844086,0.5922703095028052,0.00746812089863034,1.036286889701,0.02714501003005781,0.7394826591261014,0.7223031871241342
T0,2,1188,accel,0.476028,0.638446752369755,0.8051759153369471,0.6483082546386906,0.7604454281265222,0.007860685782853483,0.7720543468096256,0.6122923436555691,0.8085529607841578,0.576397949465481,0.007157803416172815,1.0399179791847801,0.027693770147872065,0.7214088401058885,0.6714321773346223
T0,2,1190,accel,0.431376,0.609546366331519,0.7960515699984823,0.6336981020970485,0.6837463463928933,0.011539272516428056,0.7360102280322735,0.5442973525267888,0.7923403449353433,0.5495633206367505,0.0069082344082258594,1.0609167735790395,0.028393064938945525,0.6994016662511415,0.6208002846541315
T0,2,1192,accel,0.387986,0.5670835101196738,0.782892502186474,0.6129206699797982,0.6098394067147948,0.015889786007794227,0.6880541890068974,0.4774386990548604,0.7726786637713489,0.5127714005247029,0.006703588164748652,1.0946552652759516,0.029548748248403398,0.6736476784447252,0.5715860771102756
T0,2,1194,accel,0.345798,0.5143075187935097,0.7651457020793865,0.5854479454105572,0.5403075738892742,0.02058824272901416,0.6299543703376889,0.4134140179623187,0.7480155160445908,0.46760745378997637,0.006534469147129673,1.1353590758217706,0.03106067952961038,0.6424207122620871,0.5243178058441017
T0,2,1196,accel,0.304512,0.45533835675236545,0.7424060190299429,0.5511666970918879,0.4762775133597903,0.02500395880929407,0.5649126058741202,0.35359129264692235,0.7162940849968439,0.41637414483975294,0.006398803566131127,1.1758738743278192,0.03272694593050641,0.6041657536399179,0.48162575769174
T0,2,1198,accel,0.263724,0.39465779782518984,0.713963131372003,0.5097433529585159,0.4194659573810829,0.028356969644687924,0.49735294384233986,0.2994832284357531,0.6787573693665458,0.36334164463848445,0.006293820280256145,1.2069687310801958,0.034740048726800615,0.5601127288111607,0.44476996774288885
T0,2,1200,accel,0.223146,0.33849767461988767,0.6807746920054847,0.4634541812751625,0.37254935227065367,0.029953646600622885,0.4340070912256868,0.2536221705488971,0.6374583663905512,0.31379190345623764,0.0062143510949440525,1.21818675362769,0.03674750272781909,0.5162140242373258,0.4175632816803032
T0,2,1202,accel,0.182834,0.29185009670559425,0.6444463026984996,0.41531103706176614,0.338774673543538,0.030025795485923545,0.3814172183380567,0.21832208581302426,0.5945892723857914,0.27162980076041376,0.006184603788445823,1.202351095318605,0.03830728612658466,0.47334903128991845,0.4017744673402013
T0,2,1204,decel,0.143355,0.2559465840097386,0.6067011360216283,0.36808626844993436,0.3182827578433795,0.028954523569224455,0.3416962074358026,0.1931025107596752,0.5530689871499743,0.23732500380227736,0.006251513885876497,1.1615056228423575,0.04061061268573913,0.4344789302947275,0.39740698494993293
T0,2,1206,trough,0.105832,0.22943431453552743,0.5704625026852055,0.3254274669698681,0.30819201515410155,0.02720734380453771,0.3133373871179916,0.17581198827240554,0.5149250682960367,0.20921973553757087,0.006447504866924118,1.105712696820961,0.04382932331687773,0.4019290691872779,0.4013764870695703
T0,2,1208,trough,0.071839,0.21070769775300424,0.5390926186144882,0.290620851444626,0.30544602151081846,0.025322421353497243,0.2944051433238079,0.16466369558164443,0.48224773390746806,0.1855246848824545,0.006520022366355945,1.0492463786567727,0.04808017804066482,0.37703900234991605,0.4102753390536311
T0,2,1210,trough,0.043158,0.19690826568063846,0.5139279317881722,0.26412191907206817,0.3048487996970176,0.02349956991543925,0.28066243628641807,0.15667031313639504,0.4578521060383865,0.16550883504667968,0.006386839295380928,1.0093971769266743,0.05165508943158761,0.3580027412735636,0.4175608319675532
T0,2,1212,trough,0.021454,0.18585761174006032,0.4950329417236432,0.24505761339156393,0.30206329304500745,0.021962716340347493,0.26865004621244465,0.14953128054280093,0.4426837238971656,0.15105131443568978,0.006171443794388643,0.9978411290973757,0.05524506824217204,0.34124272178656134,0.41852394712957874
T0,2,1214,trough,0.007926,0.1774257953427656,0.4835174640044584,0.23378913799730272,0.29627340987850603,0.02130300684901454,0.25832806713658063,0.14325336779640868,0.4392087531415237,0.14426123934945168,0.005821852421569054,1.0177774402488762,0.05601521845434021,0.3303349645212045,0.4124127104485991
T0,2,1216,trough,0.003045,0.17263878712684988,0.48078319864008373,0.23115248409459022,0.28779665933972975,0.021269892616613245,0.2506443225162531,0.1383677984352858,0.4464432007441434,0.14750094955470766,0.005399340440010325,1.0659831833000872,0.05736069661988061,0.3254803599434014,0.40235958280346207
T0,2,1218,trough,0.006411,0.1738970424554923,0.48782565645358233,0.23797387109436854,0.28155573435956827,0.0215295478782056,0.24954526569132338,0.13735011094222685,0.4708996639514581,0.16197768569511395,0.005032469484117837,1.1355547225727018,0.05579177989607556,0.32948765792720136,0.3873944755418062
T0,2,1220,trough,0.016793,0.1849534429523696,0.5062080745152173,0.2562466147044038,0.29024380021387725,0.024652603977529775,0.2649915073892848,0.14692375524624623,0.5226538217404383,0.18250228694678006,0.004824905352039053,1.1997338467349996,0.05422294195838467,0.3617366076835907,0.374495897780336
T0,2,1222,trough,0.032322,0.21288695020333492,0.5371403539398542,0.2885197598306318,0.3218932304646558,0.029301485462949584,0.3052330997553307,0.17290184374262826,0.5894331090990497,0.2143302965089485,0.00480025905226476,1.2168640248233469,0.052947744779081325,0.4326213405727134,0.37650691934892533
T0,2,1224,trough,0.050802,0.26124706419572186,0.5782728651619523,0.33439950658261347,0.3782955913878397,0.033161532360765245,0.37195243496638497,0.21875807550998122,0.6500931682926482,0.2577654229041642,0.004888950805654379,1.1644201272111576,0.05374655882020676,0.5281433557552621,0.4015486049321764
T0,2,1226,trough,0.070062,0.32137048988154704,0.6191176146736324,0.38330662079916833,0.44622733891686395,0.03204508346636992,0.44879028837043455,0.27626720567237134,0.6920229694210136,0.30508798170232493,0.005023736483840083,1.0757882355702433,0.052645668004388725,0.6039338796291549,0.44704945015971437
T0,2,1228,trough,0.088271,0.37074822647121886,0.6459998585797198,0.41731581728501793,0.5015453761316793,0.02570049331446783,0.5073379276362072,0.32399824205237715,0.71652953378531,0.3469333063400766,0.005220936956338182,0.9968255890289672,0.0514388139504495,0.6408971804463679,0.49582919815359155
T0,2,1230,trough,0.104151,0.4064824660501225,0.6640921983602036,0.441018447922888,0.5420595560654407,0.019644016087323912,0.548131005012136,0.3599775222296545,0.730160266149086,0.37777781762906654,0.005492220704460119,0.9380190188057351,0.049629946835577095,0.6513785713179923,0.5363511167495781
T0,2,1232,trough,0.117053,0.43172455614501704,0.6759002837889854,0.456841193626031,0.5739045394706297,0.014713505621958611,0.577201152370212,0.3879022410959856,0.7381626915966595,0.3993304871777743,0.005853198047670855,0.8974658792791725,0.04813188740321992,0.6505997210650204,0.5677173178517237
T0,2,1234,trough,0.126894,0.44960639670695346,0.6845803768071659,0.4686502923094412,0.6002314621689946,0.0119291562018502,0.5988989871203735,0.4109066805431664,0.7422735378191733,0.41474996880317383,0.006322705232406205,0.8681721573177265,0.04635754701535299,0.644847542316114,0.5916473265131793
T0,2,1236,decel,0.133992,0.4630360713914967,0.6906965207059236,0.4770616837152683,0.6237479392272389,0.009543499761763552,0.6160717773135909,0.43082053142174376,0.7433279035356929,0.4272499510600776,0.006892814977254811,0.8467944111660112,0.04455467716928107,0.6390791755410661,0.6095490150466639
T0,2,1238,decel,0.13886,0.4757769506588585,0.6982412104287291,0.48754078794097677,0.6434981131427563,0.008767030581656843,0.6315700707835675,0.44931690142940145,0.7435015858230257,0.4367493626867653,0.007374370555040499,0.8271617250494413,0.043875125294637995,0.6357966140955262,0.6233680972281385
T0,2,1240,decel,0.142008,0.48490378499691733,0.7033130426238373,0.4946492359247996,0.6619783641229912,0.008036895281113954,0.6438406819714919,0.4655780174224914,0.7422133937355325,0.4431572040958285,0.007686141741387595,0.8113286668189468,0.0430863839510589,0.6329417544594367,0.6347044044995453
T0,2,1242,decel,0.143829,0.4935528722831244,0.7082767954546912,0.5016560189795666,0.6800302954041364,0.007305281931336172,0.6554187181096536,0.4816496784409488,0.7393322395523925,0.4480710317061955,0.00822252737053389,0.7978455679009585,0.04235289032982554,0.6288177869596958,0.6458501027587585
T0,2,1244,decel,0.144562,0.49964940601777186,0.7121626126738259,0.5071755868904098,0.6942884210741579,0.007206694147296133,0.6640235620103773,0.4944462559013576,0.7363485591673683,0.45150402620497465,0.009047972364211416,0.7887248641908978,0.041573270693169184,0.6253144723356945,0.6544611791346342
T0,2,1246,decel,0.144347,0.5021819838551935,0.7138711334684217,0.5096119951994891,0.7057382870541659,0.007363868153497766,0.6693184774155827,0.5038061909114198,0.7314702415222721,0.4531374005644782,0.009985403070833562,0.7848527916191735,0.04145705867264929,0.6198664585136198,0.6597332496045875
T0,2,1248,decel,0.143324,0.5053887260028571,0.716270291962889,0.5130431311486023,0.7187724388182929,0.007648144406859125,0.6755119551798678,0.5148353446072564,0.7293886566455744,0.4547684375345195,0.009802665615814752,0.7833836231378067,0.04122453430732497,0.6174706360151812,0.6622233271038541
T0,2,1250,decel,0.141737,0.5063016177484218,0.7171733692856793,0.5143376416125733,0.7273830235225863,0.007931786824514453,0.6787946331675848,0.5216597337408978,0.7304198991323301,0.4570508867851489,0.009593005142054968,0.7867125431922337,0.040242179061418075,0.6181941884966216,0.6632877535762421
T0,2,1252,decel,0.139984,0.5103246883067851,0.7203638840436454,0.5189241254344465,0.7335460981281053,0.008425666359492934,0.6833686454338125,0.528420116372623,0.7330704095557202,0.4636731613544762,0.009441416767104988,0.7895375613887813,0.040029238858950884,0.6210140435974829,0.6645648909550709
T0,2,1254,decel,0.138593,0.5195872383367302,0.7270701433299256,0.5286309933217985,0.741216965544779,0.008843622406289775,0.6916964996706878,0.538916725377215,0.7350066860588396,0.47576246320189175,0.009332829730213038,0.7916646005743476,0.039123503711131054,0.6236854176909552,0.6672989758267422
T0,2,1256,decel,0.138119,0.5349176308624694,0.7374928924906774,0.5438957664742659,0.7484460762135161,0.008858163378130168,0.7035859987883373,0.5519736616200039,0.737347257381385,0.49409281379768255,0.009228590909033128,0.7875030419594211,0.03843425974411471,0.6310533172954398,0.672966367291227
T0,2,1258,decel,0.138984,0.5574071719709357,0.7521373557089989,0.5657106018529251,0.7579395300015942,0.008269764655467804,0.7203632675183941,0.5700746338827205,0.7379540396998415,0.5160183084970297,0.00913868606038326,0.7774885127000413,0.03652678097795465,0.6347332576621016,0.6858731392283589
T0,2,1260,decel,0.141323,0.5841427594004323,0.7692187467766055,0.5916974803925715,0.7681073197100549,0.007553485722015085,0.7396893777990362,0.5908425498573059,0.7392210876331461,0.5402624541554965,0.009063442412015734,0.761143183561434,0.03538281041658801,0.6406049270671963,0.7043500675111456
T0,2,1262,decel,0.144882,0.609319117074427,0.7848190200534748,0.6159408942376965,0.7783175774087507,0.006579508406806989,0.7576959080125092,0.6108384383923303,0.7433443891831216,0.5612057620487806,0.008992629812068132,0.7444152142690861,0.03384065965823068,0.6438884222999397,0.7211493383081606
T0,2,1264,decel,0.149013,0.6315961004517565,0.7990661084078705,0.6385066456060987,0.7813816972396214,0.006597806755974545,0.7721901349636298,0.6243756319944012,0.7491706195522709,0.5782689458759915,0.008333950258577928,0.7308064256887326,0.033329256087341504,0.6535007322097084,0.7323214459980263
T0,2,1266,decel,0.152788,0.6442403252251032,0.8073840244997924,0.6518689630174814,0.7803610949819156,0.006898399072649997,0.7798328628790399,0.6300510814295638,0.7516665570584519,0.5865645828546834,0.007087657352468253,0.7285118142666983,0.032916776744054015,0.6569104733154641,0.7365276149418113
T0,2,1268,decel,0.155218,0.6479824139168588,0.8106710856286296,0.6571876090743008,0.7720179735393624,0.007711132083256467,0.7804997423846206,0.6258526487339695,0.752139789914252,0.586920822537093,0.006365429723494608,0.7392975832457856,0.03229676907149219,0.6584553934359894,0.7310396008070075
T0,2,1270,decel,0.155519,0.6457918614878735,0.8113241875898811,0.6582469373683806,0.7570948987430696,0.00951426011167611,0.7762010589207011,0.6142494036511642,0.7496855879478972,0.5803294998041912,0.006050953422299148,0.7598245829724632,0.03234867307141269,0.656539611922084,0.7177109377042685
T0,2,1272,decel,0.153355,0.6359143286754707,0.8065350249513418,0.6504987464732614,0.742089772459618,0.010431227229068751,0.7667804532370109,0.5985213931468536,0.7439044468085702,0.5678580788737464,0.005976312929290108,0.7914878956131663,0.031752675323728406,0.6520022657232605,0.7003507774799789
T0,2,1274,decel,0.148997,0.6224925152732308,0.7994703921461086,0.6391529079182526,0.7256224349812206,0.011206871867594725,0.7545041660123186,0.5801136526444506,0.738124198360445,0.5523464111827535,0.006069425177066151,0.8248019995539376,0.0320028405496238,0.6466340898106442,0.6805233117537149
T0,2,1276,decel,0.143318,0.608791039039703,0.7920895343564227,0.6274058304369745,0.7083349963856296,0.011599968766570545,0.7414927476317712,0.5610647374554517,0.732827131468407,0.5359679986998876,0.006260815630215463,0.8531547727856179,0.0317448656236256,0.638293888882202,0.6629595583589887
T0,2,1278,decel,0.137643,0.6018263456607358,0.7867403483951322,0.618960375792894,0.7029378268770071,0.010111167519362474,0.735297843529898,0.5530295508173337,0.7262209587005127,0.5264022710208786,0.00644108637121738,0.8653909058712217,0.032303023507959425,0.6260206337264114,0.6597989770834796
T0,2,1280,decel,0.138366,0.6305007892064552,0.8012528061343508,0.6420060593381716,0.7338982870722196,0.006968638893625201,0.7609309604603971,0.5880380619338093,0.741778011697543,0.550016907309558,0.006071978620042112,0.8084072983091561,0.03167647100159881,0.6417877660971207,0.697126136172724
TB8,0,1120,decel,0.138366,0.5038175515045019,0.7298588813538721,0.5326939866911256,0.6121309380637688,0.015016566555305921,0.6429625073117031,0.4467692016973187,0.7189132559213007,0.4858556154176276,0.008670989236179628,0.948293594098263,0.04090695275388668,0.6133880271286702,0.5647355311539028
TB8,0,1122,decel,0.14356,0.5189145349132258,0.7436793319634378,0.5530589487895852,0.608467675584265,0.015862221855559744,0.6529203131473086,0.45250483449985196,0.731840669642397,0.5102923053645213,0.008158187162621403,0.9133474138850595,0.040018951819483776,0.6277211159715463,0.5817340444099567
TB8,0,1124,decel,0.145546,0.5138178732955067,0.7413120482397115,0.5495435528653564,0.6035474090078646,0.016746583747168753,0.6479533140449688,0.4474169659813911,0.732318597292917,0.507273683228315,0.007821262377372283,0.9294568291819076,0.03928158350185871,0.6277856555711212,0.5813025707762103
TB8,0,1126,decel,0.142589,0.48865116338868564,0.7239563490621573,0.5241127953474082,0.5912650119373954,0.017854641010765393,0.6260563623892995,0.4280500593703897,0.7241156843298135,0.4849766368035687,0.0072775999237758736,0.9896432791820245,0.03972952954974107,0.6177628629734394,0.5691573983894039
TB8,0,1128,decel,0.134389,0.4453901035358252,0.691531669003288,0.4782160492344731,0.5723698355423673,0.018626403144879677,0.588028494185403,0.39581186765975074,0.7116316442978033,0.43948830511685777,0.007107005048211539,1.0800786998142562,0.040995464277942414,0.5946616197007577,0.5426194943090715
TB8,0,1130,trough,0.122509,0.3990108124462147,0.6586076429224746,0.43376402731589786,0.5432558806525417,0.02144718581090399,0.54352043659665,0.3577924750603437,0.6842365399181438,0.3796872777797007,0.007243781032774607,1.1373235270596247,0.041629870088134686,0.5587583579644191,0.5108576677194294
TB8,0,1132,trough,0.110418,0.36164514403968706,0.6307517141838732,0.3978477249458945,0.512691848306717,0.022264448975275297,0.5032711674838894,0.32338126216756,0.6344580441590155,0.32618556357385214,0.007706849370645734,1.1408838821940528,0.042884189018598536,0.49334174944052445,0.48651151115677743
TB8,0,1134,trough,0.103096,0.35553045598325417,0.6242789799910378,0.38972424485865054,0.5161180804742135,0.022495008691107765,0.49997431618317906,0.32220166883337437,0.6376227222463701,0.3159026027040152,0.007700467045102888,1.135999713860923,0.04417130932189568,0.4900357757581737,0.48737129346079916
TB8,0,1136,trough,0.106265,0.4208605771051497,0.6715832516336306,0.45102406387480043,0.5635275392809614,0.01848744979760797,0.5665288699633534,0.3784556572154066,0.7031406483109308,0.3936770256791906,0.008110904298949196,1.066736716145678,0.0450177991954852,0.5729701198887969,0.5312398298453789
TB8,0,1138,trough,0.125362,0.5661767165791509,0.7772357016241517,0.6040953358791873,0.6257463445238469,0.014969593985372787,0.6915644350977621,0.48635239912474026,0.788550848703055,0.5512327858654427,0.007125694600855448,0.8033289841645177,0.04175481974118409,0.6871274545922775,0.631831748583003
TB8,0,1140,accel,0.164472,0.6919899901263578,0.8453754847881351,0.7146597102807744,0.7228565534843334,0.007658831626590867,0.7987100056121125,0.6110852093340988,0.8715098577863375,0.6772861965108689,0.006022983591343745,0.6044054631384363,0.035243068618761766,0.7811077708983429,0.728938981709488
TB8,0,1142,accel,0.225431,0.750450888296269,0.8746607478023564,0.7650314237461773,0.7754346282697726,0.004734712652413653,0.8446177492610123,0.6782422318342816,0.9091423431356209,0.7351699262108236,0.0054181406520715375,0.5306603098885012,0.030544164778577684,0.8380285238320193,0.775307708958355
TB8,0,1144,accel,0.307278,0.7642598592258975,0.8817733189947363,0.777524186090993,0.7842547310684953,0.0037544518739675015,0.8543744168688662,0.6915348971515914,0.9226396933494179,0.7541992091268931,0.00505546575904105,0.5313902262832063,0.02748982823854354,0.8633256096459287,0.7844620312446591
TB8,0,1146,accel,0.406197,0.7564901434028302,0.8783912412904362,0.7715711727757534,0.7713323870366675,0.0036194310987934797,0.8476704885878412,0.6775316128966535,0.9273869511575686,0.7562090126940844,0.004950136953582942,0.5722319319176297,0.025401302414546707,0.8732108777928825,0.7722325152237143
TB8,0,1148,accel,0.515946,0.7401095682721118,0.8706777337617962,0.7580797160685774,0.7525123748047609,0.004007095739020472,0.8344944177558737,0.6551957691227166,0.9278855339906811,0.7491818586790527,0.005143027910908587,0.6334330857571819,0.024317769646750486,0.8742044875779902,0.7516863214992384
TB8,0,1150,accel,0.628717,0.7189726383308894,0.8595723417050068,0.738864610624229,0.7356653881329666,0.004539039149835999,0.8181926530172041,0.6323576203887769,0.9251874236087984,0.736087073466554,0.0053879725168108124,0.7048097473761914,0.02397452459842823,0.8688843580864911,0.7295695766030327
TB8,0,1152,accel,0.736242,0.6979844878451378,0.847917627282208,0.7189643026558894,0.7222820420004502,0.0051955145216617815,0.8022017743886759,0.6124356752815698,0.921012555722264,0.7198071720587033,0.005763674888646047,0.7786751298519142,0.02416764116678999,0.8595474446574538,0.7075673948229866
TB8,0,1154,peak,0.830951,0.6784277910488198,0.8363171267081136,0.699426336425315,0.7134100829629791,0.0058924039743268875,0.7877195869692201,0.5966370707481957,0.9158737948332236,0.7013583295678406,0.005951205263806727,0.8483032972260666,0.02480056267876427,0.8485532151256687,0.6891682684763564
TB8,0,1156,peak,0.906964,0.6622190031454714,0.8262084310604438,0.6826203715553602,0.708742859454173,0.006603207897100782,0.7761438144568636,0.585569325934925,0.9101569625652712,0.6822314762615703,0.005937892855641633,0.9083717300750092,0.025606151499098468,0.8379112074578492,0.6740062873004993
TB8,0,1158,peak,0.960739,0.6468191093628247,0.8170979652853664,0.6676490848734858,0.701916062048848,0.007563104677474453,0.7645851930174038,0.5735341861012307,0.9038063874976006,0.6633785969613715,0.00604872583890304,0.9596750608472651,0.026573589962002334,0.8275358291794461,0.6582366284145066
TB8,0,1160,peak,0.991296,0.6321682090371762,0.8088761151223028,0.654280569615349,0.6927572635661352,0.008628772891449477,0.7528911247067143,0.5603548040761327,0.8968952480302662,0.6461237817361655,0.006237453795363454,1.002768858207801,0.0273795387463459,0.8177025797130388,0.6421248696991613
TB8,0,1162,peak,1.0,0.6190161286424136,0.8018933863478258,0.6430330030683834,0.6819980546146683,0.009641983854565939,0.7416643989470116,0.5468897294975859,0.8904343503778078,0.6312958985921729,0.006489756354047786,1.0378992342528561,0.02815670257360159,0.8098537554147172,0.6268580856082014
TB8,0,1164,peak,0.989996,0.6056808042429516,0.7951110422185834,0.6322015694579219,0.6689352980610095,0.010600446801252827,0.7295617658449967,0.531877842018088,0.8838323757776424,0.6182488168799515,0.006575204649353188,1.069165301479045,0.028951345300144326,0.8017568831444517,0.6110979255900776
TB8,0,1166,peak,0.965439,0.5918586233744958,0.7879611752555399,0.6208828137100917,0.6550198331968811,0.01135078990723859,0.7166475461088014,0.5161301975815021,0.8779605153696914,0.606639064196437,0.006628308380260321,1.100190146056389,0.02959728879745497,0.794292194297122,0.596584979312441
TB8,0,1168,peak,0.930694,0.5801464079252296,0.7816645685330009,0.6109994976998825,0.6440538005132115,0.011916366299656422,0.7057214433664898,0.5034340360901989,0.873232559784271,0.596997175526203,0.00686522530732011,1.1247173725667667,0.030031203225747632,0.7891101246434472,0.5851458970728344
TB8,0,1170,peak,0.889659,0.5703154116704333,0.7760615317962656,0.6022715011339661,0.6361046080405642,0.012368148956373615,0.6967639866454862,0.4936563164986234,0.8684603592153218,0.5890536132453318,0.007036069660315658,1.1428413923682175,0.03048996724273915,0.7829425802212513,0.5769759775345608
TB8,0,1172,peak,0.845329,0.5623255746404068,0.7707469726602411,0.5940508958649264,0.6321799198185276,0.012524493091281341,0.6900708957802794,0.4872507593767241,0.8633639789735711,0.5825037449298894,0.007139309259424607,1.1556701818593682,0.030888955769720085,0.7762903164659083,0.5725661056725431
TB8,0,1174,accel,0.799638,0.5557685434413214,0.7657397956388111,0.5863574346249683,0.6313135794466704,0.012518483583910611,0.6851823212260846,0.48342193130949973,0.8583890897187164,0.5767649906410901,0.00720526594822192,1.1657668634936116,0.031152819918089134,0.7701258382764532,0.5710251849907846
TB8,0,1176,accel,0.753564,0.5493003555869707,0.7604837626780298,0.5783355532969339,0.6315655980316436,0.01241530453417039,0.6806471286911927,0.48029538236910435,0.8533276912677749,0.5710846961408625,0.007232019379181525,1.1762783131408636,0.0313373092674616,0.7636585934948099,0.570605928533436
TB8,0,1178,accel,0.707404,0.5424858565203489,0.7548316923729169,0.5697708838105618,0.6322523729588334,0.01225933774219301,0.675982035722565,0.47724412868730887,0.8479229838141576,0.5641636356895762,0.007261358891171008,1.1880910612786644,0.03156568945058124,0.7564859016709239,0.5701020624815446
TB8,0,1180,accel,0.661118,0.5349867526584291,0.7482430061304259,0.5598675962230967,0.6346182714963732,0.011970263244008628,0.6713015065990645,0.47484868320974105,0.8417160610461407,0.5551504146117489,0.00730078918312199,1.2006962370220642,0.031945765815511666,0.7482348431076172,0.5703758986604939
TB8,0,1182,accel,0.614643,0.5264822759125951,0.7405961368437779,0.5484826379079278,0.6385601537645492,0.011589020152388052,0.6663836536077364,0.4729151830203939,0.8338922182616129,0.5431112807964245,0.007342650547255477,1.2132904098423365,0.0324721461143087,0.7372355747771593,0.5713146190656324
TB8,0,1184,accel,0.568077,0.5139753527743648,0.7310424124454867,0.5344230087941171,0.6376740410148689,0.01173000323614648,0.6573329275464236,0.46616676929737205,0.8237143161588643,0.5264193155441128,0.007104508036121131,1.2282742539991085,0.033193640972830236,0.7223311785626386,0.5675262732398183
TB8,0,1186,accel,0.521728,0.4974684592066415,0.7194489629401347,0.5176068102756354,0.6308492294328575,0.012288438291433335,0.6436601549082418,0.45386382388705243,0.8115307117262742,0.5050222719807405,0.00673700102775944,1.2459053593137972,0.034177588757873203,0.7039061447880237,0.5581521264926557
TB8,0,1188,accel,0.476028,0.47876346948812243,0.7061310907161292,0.4986211172759503,0.6228557626888293,0.012922867529773452,0.6279199900043355,0.43981781906628953,0.7975103217625666,0.4797932884996907,0.006443393148217349,1.2631639678326694,0.03527617485155233,0.6822218776067728,0.5462387391482558
TB8,0,1190,accel,0.431376,0.45790214228691917,0.6913571759677989,0.47797474476217006,0.6108730927214008,0.013594914819237747,0.6090905958132037,0.422331496258583,0.7813839050136804,0.4521970514037963,0.006172836240924524,1.2792496801002369,0.03648167589799146,0.6575979670630521,0.5310365812076346
TB8,0,1192,accel,0.387986,0.4348803260336531,0.6757562440263983,0.4566465013406652,0.5904218163610009,0.014484210762031158,0.5854104013979049,0.3989812290153539,0.7623636659333861,0.4230599852083607,0.005864323639541198,1.2938168840204973,0.03776894728400674,0.6293756647701599,0.5103736533205172
TB8,0,1194,accel,0.345798,0.40912014348447634,0.658804341547012,0.434023160441192,0.5622155648522903,0.015573625173332828,0.5562832319328673,0.3703900550099945,0.7403751017298765,0.392141741508491,0.005603861550224264,1.3051330183454162,0.038974904513515,0.5976030268197327,0.48562553032760425
TB8,0,1196,accel,0.304512,0.37944601931959065,0.6398581114460762,0.40941840278333924,0.525767093705268,0.01695562313461524,0.5202100037891152,0.33641633963874495,0.71409389793775,0.3581874961330633,0.005363295475846634,1.311623809431208,0.03989732457246569,0.560553951349005,0.4569935983458437
TB8,0,1198,accel,0.263724,0.34440736345494394,0.6171335141689961,0.3808537743105745,0.48256718764172596,0.018338314620586715,0.47603284165248866,0.2978083843319877,0.6808112296446025,0.31896846012419405,0.005165501009000521,1.3104988336541012,0.04066585900351207,0.5155454462015627,0.42604403313591427
TB8,0,1200,accel,0.223146,0.3031252783470325,0.5882033293076586,0.3459831566086139,0.43493861786447013,0.01936780648781755,0.4233744326774701,0.2558323430723528,0.6392463023144885,0.27310036910897195,0.005003649265601364,1.2978036386245582,0.042102994113540744,0.46099968532790425,0.39569899228516
TB8,0,1202,accel,0.182834,0.2582070421267456,0.550370161855188,0.3029073150605058,0.3926661249771246,0.019829709686122576,0.36815792284876014,0.21611171875870952,0.5925903130203968,0.22234016139423338,0.004897832566587231,1.2662206830730505,0.04339754564862825,0.4030173241424473,0.3715384160352859
TB8,0,1204,decel,0.143355,0.21533906642929934,0.5044320371863226,0.2544516801399435,0.36530507869264217,0.01975630313094187,0.3195819100127542,0.18427158503943936,0.5485048468099352,0.17464475607743649,0.004919281587201631,1.2093730493192258,0.045006277229670474,0.3525718453896167,0.35748031490056514
TB8,0,1206,trough,0.105832,0.18147797964518664,0.4595728111896874,0.21120716878479207,0.35847137977633503,0.019507689705776626,0.28700757483337985,0.16474369973485634,0.5193186171328674,0.13844438731657327,0.005121581327287124,1.1285160005641708,0.047889550070731327,0.3187500452582148,0.35596267133714515
TB8,0,1208,trough,0.071839,0.1596998818536054,0.4271120652576279,0.18242471628863619,0.369093788624961,0.019358714011606132,0.2728382126870836,0.15764441033336946,0.5025125431507254,0.11604981707310141,0.005469626930974993,1.0413396675473758,0.05134371841723081,0.2968974941923388,0.3644449636959609
TB8,0,1210,trough,0.043158,0.14831269666724256,0.4110162148364193,0.1689343288584576,0.38559716365458274,0.0199755040282302,0.2712278933038487,0.1584866866569659,0.4914684264241011,0.10490766013974925,0.00589912755170647,0.9674846873482275,0.05455250654774405,0.2816664305461223,0.374186835102737
TB8,0,1212,trough,0.021454,0.14074309678703933,0.40308209911763276,0.16247517862907712,0.3947388893132576,0.021662472692197954,0.2702585341264203,0.15911218010775077,0.47682431716604556,0.09775173662655343,0.00622066835327483,0.9225952604938531,0.05761974504430908,0.26546060205411737,0.37916173072428566
TB8,0,1214,trough,0.007926,0.13101681214596717,0.3947373821905011,0.15581760089860971,0.3923203613330667,0.024794946762817294,0.26276774519604124,0.15486351241264623,0.45924574255527023,0.0892509506366061,0.006486532616451718,0.9124824661948172,0.059490684019432825,0.25030505640561596,0.37431946848109104
TB8,0,1216,trough,0.003045,0.12003773429686326,0.3848355710860329,0.14809841677311308,0.38118359676438063,0.028047345559803788,0.25004171335930064,0.1466930071494485,0.44449782610646615,0.07187513663465823,0.006626089374270968,0.9324253610827603,0.0604403701526719,0.23184547020866497,0.36352241419265363
TB8,0,1218,trough,0.006411,0.12443872464155514,0.3949366621529195,0.1559749671124893,0.3834245072725868,0.03140371276094539,0.25700284053386,0.15142839508986325,0.4636261779431713,0.06665644230113225,0.006585583995245788,0.9653878559157053,0.060587274730702266,0.24984180557431057,0.3581776135459377
TB8,0,1220,trough,0.016793,0.17278054404982846,0.45285699841069355,0.20507946100954288,0.42798659612484075,0.03168038004985427,0.3190785061172832,0.19381672528110513,0.5274246430595373,0.13587740976311177,0.006454287899747451,0.9900941979105924,0.05974851480950374,0.31161005930088914,0.3845669311002126
TB8,0,1222,trough,0.032322,0.2653966594205196,0.5424324457407164,0.2942329581922552,0.5157734885344635,0.02812559877241072,0.43236522957276885,0.2797722748339703,0.6063951119660986,0.23376997389959076,0.006619644140276175,0.9738442776597435,0.05879262894939323,0.4216574201202732,0.44177086215863426
TB8,0,1224,trough,0.050802,0.35052141951584126,0.6086402609968604,0.37044296730632637,0.6016949321024265,0.0198733101970332,0.5300138700974582,0.3662157605153091,0.6619120712272895,0.3083767522541458,0.006956796931416479,0.9327107332612864,0.05788557449897931,0.5186401098879443,0.503312027863654
TB8,0,1226,trough,0.070062,0.4208287422782816,0.6587208644901621,0.4339131773146665,0.6532609776643328,0.013054624672234005,0.5977431340085322,0.43031663594473774,0.7003979195758577,0.36241643888878344,0.007510337779460661,0.8788120368032264,0.055514834794585396,0.5898621460030463,0.5473683566870939
TB8,0,1228,trough,0.088271,0.4589371948829828,0.6850127686387094,0.46924249319807004,0.6680793496862002,0.010018557637666015,0.6284798746932094,0.4576428849988925,0.7216369987774706,0.3864337562553328,0.007450987879611069,0.8359602477117203,0.053479978572992325,0.6230801473050551,0.5710682836146
TB8,0,1230,trough,0.104151,0.476463994367775,0.6961845200970439,0.4846728860227513,0.671694210208579,0.007609116376543268,0.6411143517940237,0.46762311138602247,0.7306610352293653,0.39134392815085994,0.008025935957429517,0.8110260605026366,0.0520272364780766,0.6288403932241595,0.5816215904408305
TB8,0,1232,trough,0.117053,0.4853328092630207,0.7035562043866139,0.49499133273089885,0.6630150269037118,0.008014936396178063,0.6444695927236805,0.46646833577966423,0.7395479960214261,0.39533004637962027,0.008095493310273847,0.8001714974155331,0.05041952925578612,0.6335783367376511,0.5829616609296671
TB8,0,1234,trough,0.126894,0.48742568548985465,0.7057041631529846,0.49801836589145426,0.6555598090551633,0.0080782241537119,0.643510109525531,0.4626312864460044,0.7447130492067748,0.3957413270216582,0.008577442151857793,0.7999613216661801,0.04928830788655665,0.6341157687348897,0.5820843441485887
TB8,0,1236,decel,0.133992,0.4810489504143949,0.7015290238932348,0.4921429713645948,0.6505210323289496,0.008492205746777726,0.6375204375979714,0.4563593848317475,0.7482991324483549,0.3955829033031924,0.008741101839705282,0.806323581505164,0.048150582361813854,0.6313333277676292,0.5807762752602499
TB8,0,1238,decel,0.13886,0.4777561369461849,0.6994927695337968,0.4892901346300614,0.6486625258638918,0.008950284012334553,0.6347212812347568,0.4537347467093218,0.7492030186351541,0.3975799351589719,0.008884760456949095,0.8127125822176834,0.047143210378783024,0.6273789125445413,0.5834158084525226
TB8,0,1240,decel,0.142008,0.473783696367004,0.6959441977461917,0.4843383263765903,0.6533018102648483,0.008736256799477204,0.6334365587296744,0.45466160423090457,0.74833870625355,0.40300966213230216,0.009061269010613472,0.8183266474241195,0.046242307467955095,0.623141024998263,0.5883168323034065
TB8,0,1242,decel,0.143829,0.4749686248616156,0.6966228144046593,0.48528334554906843,0.6593730055147388,0.008927172425117258,0.6363292930890341,0.45933427884413625,0.7498956496191603,0.41238981632086935,0.008648935520593337,0.8213726088926051,0.04511525548085347,0.6241955909153647,0.5950900341707063
TB8,0,1244,decel,0.144562,0.4796633645870224,0.7001370508192974,0.4901918899299435,0.665473145033781,0.009326938978613919,0.6416862114996178,0.465922405163394,0.7506079552398855,0.4252491943568681,0.008518589616411198,0.8228480110537204,0.04391178427580628,0.6247110344138521,0.6016146217767415
TB8,0,1246,decel,0.144347,0.48647695331470564,0.7052257418436043,0.49734334695886206,0.6705956599047326,0.009667151069063351,0.6481190080385104,0.47292132173341644,0.7499489246619399,0.4392142131772399,0.008616512045769667,0.8244194147161165,0.04280937405671558,0.624281388919446,0.6072488014396781
TB8,0,1248,decel,0.143324,0.49407709025228475,0.7115819030424173,0.5063488047374682,0.6716727377238745,0.01067897300876064,0.6539096547113278,0.4779501649312651,0.7480309732078068,0.4520151950612477,0.00905153396041308,0.8253879176783582,0.04199009769265547,0.623441372029182,0.6101569034991632
TB8,0,1250,decel,0.141737,0.5029866315107825,0.7191768894233707,0.5172153982806751,0.6695455182500072,0.011765493765344415,0.6595931032896333,0.48152166314239886,0.7445981054993362,0.46592489327873066,0.009774632083392977,0.8264541065072387,0.04176680121830815,0.6221831494086985,0.6116055172541796
TB8,0,1252,decel,0.139984,0.5122593666682167,0.7269262769909877,0.5284218121799781,0.6678860316895825,0.012676694946511358,0.6656444539303055,0.48550390647039304,0.7401981916112983,0.4768122836559604,0.01059945621322848,0.8271413426621324,0.04178372350007145,0.6201958546122937,0.6141424345267553
TB8,0,1254,decel,0.138593,0.5203074946900579,0.733849058787564,0.5385344410833935,0.6665017920648697,0.013691292058317872,0.6709738228739413,0.4891117127870293,0.734158946115551,0.4827719961733777,0.011538064068249485,0.8278438800576502,0.04230513370030615,0.6159613978340389,0.6162855451735008
TB8,0,1256,decel,0.138119,0.5336885330766985,0.7430109476362579,0.5520652683073299,0.672838852014256,0.013452612226648064,0.6819515185261034,0.4999266330416042,0.7288474346283343,0.49243908800058206,0.012062549133505565,0.8236760158541964,0.042260697290797025,0.6143972949158514,0.6238315990556044
TB8,0,1258,decel,0.138984,0.5477603372146075,0.751777987899031,0.5651701430895156,0.6851435335003397,0.01296965536189687,0.6949255856789814,0.5150758270369178,0.7259733090308041,0.4996732137933975,0.01193843834875122,0.8146787713470526,0.041370089286221615,0.6139462051237261,0.6348518302948067
TB8,0,1260,decel,0.141323,0.5615642860984811,0.7604396695932226,0.5782684910910496,0.6976978930883023,0.012767674473575075,0.7076218153844995,0.5305571552959562,0.7220267061772105,0.5057455447592627,0.011447588657990003,0.8027003318440615,0.04112759968510629,0.6132559324225371,0.6463304839273911
TB8,0,1262,decel,0.144882,0.5715433960469609,0.7676840335169447,0.5893387753168454,0.6991484157747045,0.01309824837057405,0.7147248973073784,0.536725075848907,0.7236216345070025,0.511833945892447,0.010944419302920146,0.7915526680139836,0.04079296168789929,0.6155872556399075,0.650236935814031
TB8,0,1264,decel,0.149013,0.5781373344371643,0.7740660808688175,0.5991782975516107,0.6883248083617172,0.013689397303309647,0.7163911171730176,0.5328088867733343,0.7285654833898435,0.5196211210694281,0.010373239619497657,0.7849991324412512,0.04057418059327912,0.6202435405539557,0.6458635520808454
TB8,0,1266,decel,0.152788,0.5779580773928915,0.7759275227434186,0.6020635205507384,0.675649213586837,0.01404970387054394,0.7130043359052357,0.5242548205419734,0.7299911260466271,0.5228473620379097,0.009897963050433277,0.7892566216851349,0.04010461436642999,0.6194309660676836,0.6361683288957656
TB8,0,1268,decel,0.155218,0.5721708675395949,0.7737361059722515,0.5986675616851033,0.6627411922764966,0.014176823279180129,0.7056362086310536,0.5127867893794237,0.7270278035081794,0.5204518696939366,0.009529446415007262,0.8059862192486351,0.03967639449494882,0.615312953910957,0.624253616714284
TB8,0,1270,decel,0.155519,0.560731052963708,0.7686485383900259,0.5908205755691232,0.6477317628754145,0.015468656004564152,0.6938945881235545,0.49787807280298213,0.7233250025175186,0.5111226370812685,0.009112139384352326,0.8339320360419005,0.03967460885954928,0.6132788705286067,0.6096878075076255
TB8,0,1272,decel,0.153355,0.5433498420121907,0.7589393205948447,0.5759888923449644,0.6325102524237818,0.01665474105417042,0.6776717478297006,0.4800369012437787,0.7188371831049544,0.49656859179960483,0.008788595070110814,0.8735996331065673,0.03987361214384638,0.6113046830809667,0.591899660041471
TB8,0,1274,decel,0.148997,0.5215734262354985,0.7454303258010625,0.5556663706238781,0.6165781939937295,0.01749007251708523,0.6576942858457927,0.4596160840305765,0.7143131023982897,0.4798738279069621,0.008790131449022591,0.9196769494479654,0.040235018743557706,0.6072928636547261,0.5722250049534333
TB8,0,1276,decel,0.143318,0.49918435374263126,0.7319544161841554,0.5357572673714877,0.5978267645835879,0.018582686704973206,0.6360297254625793,0.43758194045004256,0.7110491334570272,0.46411857668356776,0.00870008963572481,0.9637730502590419,0.04083971263160505,0.6010875559491498,0.5524692531090775
TB8,0,1278,decel,0.137643,0.4786165072456262,0.7188263484607252,0.51671131924138,0.5816446376578398,0.01927599021694726,0.6159482269025331,0.4181014909893466,0.7067164414453365,0.4516040796610866,0.008601181820991656,0.9977313296943244,0.04149512622503784,0.5932035705500425,0.5378797936406673
TB8,0,1280,decel,0.138366,0.4995218580283193,0.7304155172618282,0.533506827856864,0.59688869461308,0.01615555746187447,0.6353347474652538,0.43597676462355023,0.7188136720404109,0.4828471164093657,0.008573772844171426,0.9520130000316827,0.04094167413708738,0.6135227567949111,0.5599046434107146
TB8,1,1120,decel,0.138366,0.4115166336992646,0.6523503067445146,0.4255609227096622,0.5774079140908794,0.008427926793745932,0.5614315377303457,0.3766722298738955,0.7562423656808316,0.48042370204454127,0.0032689006661806943,1.3403327743483924,0.041959873153736275,0.6415712532043638,0.5528144058506056
TB8,1,1122,decel,0.14356,0.4440758407192539,0.6831974284673163,0.46675872626435383,0.5819789640055268,0.012437707997097425,0.5885509258379955,0.3976065316306488,0.7762912577041728,0.5185898619309459,0.003227936843327112,1.2657396799230782,0.04027017121504783,0.6818524677654085,0.5720985124927279
TB8,1,1124,decel,0.145546,0.44491176075777605,0.6876786295846491,0.472901897587421,0.5704483678134002,0.01424720255468942,0.5856494610616187,0.3922851518267189,0.7752972589705595,0.5203371351087877,0.0032166969319805437,1.282983290783867,0.03936270038217939,0.6832396321019203,0.568760523926912
TB8,1,1126,decel,0.142589,0.42849596374044274,0.6798848159535266,0.4622433629641607,0.548562012541778,0.016501720527797192,0.5661951634822989,0.3729589829360629,0.765782181197976,0.49569463245864176,0.003221920310111205,1.3607853537098693,0.03948122554824859,0.6705824823504005,0.5498122268348844
TB8,1,1128,decel,0.134389,0.39862687193833535,0.6605142362866617,0.436279056337352,0.5167012761779768,0.01697001690379446,0.5316227093381495,0.34128854882303983,0.7541495063551477,0.45521698582374986,0.0032048953700934473,1.480500008646624,0.03975979643494985,0.6459225937367654,0.5174896970261789
TB8,1,1130,trough,0.122509,0.357174695121959,0.6320988520231127,0.39954895872893686,0.47847197495502597,0.018773046249284886,0.48479527334035766,0.30244158609430344,0.7216207040319407,0.3940151941864084,0.0031474583568754924,1.5607862502246204,0.03991681603253334,0.5954922933484471,0.4826993315999494
TB8,1,1132,trough,0.110418,0.3234751950459558,0.6068322674853999,0.3682454008614719,0.4457075200242904,0.018809021571109807,0.44431647630263116,0.2704697050116344,0.6681141035278025,0.3449955307106923,0.0031203297053343996,1.5787186950225245,0.0406600599614645,0.5237325822259626,0.46011596492238893
TB8,1,1134,trough,0.103096,0.3222910933271206,0.604546651553755,0.36547665390485723,0.4490791660625052,0.019015421532764698,0.4448137658766503,0.2714893061256402,0.6710287795959482,0.34709774632744395,0.003112459975159634,1.5679794469223527,0.041904643272455966,0.5253375190214409,0.46212302369905645
TB8,1,1136,trough,0.106265,0.3781008459666996,0.6384622234674987,0.40763401079506223,0.5073644924698084,0.01234654975561994,0.5102251063084596,0.3239330619707329,0.723618026677418,0.4366804934130418,0.0030987915460129844,1.4738522537040366,0.04231379419206014,0.603829202013342,0.5154450895081238
TB8,1,1138,trough,0.125362,0.503709899889442,0.737741688893967,0.5442627995321228,0.5760244316443115,0.014400428350329397,0.6313412466266959,0.4249572370454618,0.791702665729188,0.564504217248743,0.0031725402931584586,1.1010646458358795,0.038920708572098214,0.7131838642198994,0.6103074583654245
TB8,1,1140,accel,0.164472,0.6199176132303759,0.8132705981849356,0.661409065872083,0.6503055556801021,0.014933847563104896,0.7356557595439472,0.5288743882709436,0.875085288575972,0.6657605015784149,0.0031963247577236295,0.817600526145948,0.034554503514310914,0.8150676646263709,0.6946417923316687
TB8,1,1142,accel,0.225431,0.6800364872202556,0.8478533707048191,0.7188553382155235,0.6872667552268914,0.01303078992461204,0.7845895016257225,0.5827014349924837,0.908240600868224,0.7173285159609769,0.003349450279265467,0.7007047805412052,0.0308114351329265,0.859975339794356,0.7378467748850294
TB8,1,1144,accel,0.307278,0.6985104168205383,0.8598954449658013,0.7394201762729333,0.6901236010873528,0.012087280478506823,0.797434749923166,0.5934341410384104,0.9205790214424467,0.7347046672432603,0.0035846835689434895,0.6760734555445629,0.02835001211095202,0.8790136553836019,0.7414285586835943
TB8,1,1146,accel,0.406197,0.6945524166108001,0.8602044612990056,0.7399517152387125,0.6763916978047161,0.011612166604504592,0.7920877661810789,0.5818351560372256,0.9244250096925641,0.7363025371879257,0.0038673868429324283,0.7026088632670785,0.02614152321848858,0.8857680543963016,0.7250052115325333
TB8,1,1148,accel,0.515946,0.6801217693402979,0.8543685720265802,0.7299456568667378,0.6582891030724641,0.011376729381111783,0.778588273928499,0.5624215209726795,0.9231627608399195,0.7296956338716817,0.004205849728454075,0.7591498920013064,0.024733815436123806,0.884226476715713,0.7000009000977838
TB8,1,1150,accel,0.628717,0.6611233488912077,0.8448859480435003,0.7138322652013642,0.6419260370837249,0.011516190853356534,0.7619554878359384,0.54235428841529,0.9188028478874245,0.7186429896882792,0.004595074620560413,0.8321567320475216,0.024240320520111106,0.8762271610790566,0.6725870290703702
TB8,1,1152,accel,0.736242,0.6421059967236786,0.8339440520926535,0.6954626820207145,0.6303001809164902,0.011885859029421963,0.7460239132570875,0.5256350869082305,0.9129511046597577,0.7057737062449935,0.005001321362089342,0.908014693010101,0.024395774071422252,0.8650542608373919,0.6456849906710334
TB8,1,1154,peak,0.830951,0.6247364889272964,0.8236448589261819,0.6783908536355301,0.6221865906886437,0.013068930866965811,0.7319900667226558,0.51246078671351,0.9068149756987226,0.6904343257869003,0.005392813613760864,0.9778892547090445,0.024987828862012607,0.8548661074883207,0.6217655340440321
TB8,1,1156,peak,0.906964,0.6084401227810463,0.8140719630054511,0.6627131609515486,0.615622136918992,0.014890704696756352,0.7190866456452715,0.5011607214712545,0.899788729913499,0.6725697983906862,0.005744389685338563,1.0394124235184854,0.02585402387193748,0.8449399489656639,0.6007157292782068
TB8,1,1158,peak,0.960739,0.5925645326995441,0.8050216467117968,0.6480598516745729,0.6090828183702542,0.017103294523172385,0.7064766090107627,0.4903248534282843,0.8917833618210811,0.6530088672915244,0.00603964368029202,1.0926515313359437,0.026819219840125648,0.8359452166477415,0.5822542674831039
TB8,1,1160,peak,0.991296,0.5765298446828642,0.7960675278824513,0.6337235089488773,0.6017363699584886,0.019429065325945016,0.6934742414568197,0.4790227844698141,0.8827595663708027,0.6331261203632195,0.006269381402371755,1.139406041579881,0.027838284844364215,0.8267569800669189,0.5662883451076962
TB8,1,1162,peak,1.0,0.5599711360623261,0.7875577957227876,0.6202472816037361,0.5916308785073314,0.021888788651857727,0.6792595896504513,0.4659435105587703,0.8740100489802818,0.6136368652342664,0.006443571691838545,1.1816675879234249,0.028909639067603132,0.8173689877005337,0.5511517545130161
TB8,1,1164,peak,0.989996,0.5431791909731234,0.7786971194256377,0.6063692038017858,0.5810187452508031,0.024113273212256647,0.6645207223986446,0.45243762325909875,0.8670331641599376,0.5952432737962668,0.0065654251204739665,1.2200588233095766,0.030075925706577963,0.8100048051076554,0.5370413574576622
TB8,1,1166,peak,0.965439,0.5272945667136506,0.7698005299983443,0.5925928559857317,0.5710094527665932,0.025780396885121126,0.6503224023869921,0.439563379373788,0.8625049138775224,0.5789541648866767,0.006634735582334977,1.25506489522338,0.03136181922071943,0.8052443754837671,0.5242277507419293
TB8,1,1168,peak,0.930694,0.5137311278941548,0.7619404054055223,0.5805531813895317,0.561976418540005,0.026836457452224183,0.637830081817049,0.42819254017071495,0.8584110300907343,0.5658710411401042,0.0066545604603706,1.2863533623322825,0.03251970931060474,0.8003847494255052,0.5138139500462283
TB8,1,1170,peak,0.889659,0.5024519953687485,0.7551779243623381,0.5702936974442092,0.5540280172602462,0.027380416948280528,0.6271170164545165,0.4183897281131744,0.853995859649042,0.555308367615318,0.006623118479087964,1.314929825310784,0.03337437187677585,0.795626062828794,0.5056605525256186
TB8,1,1172,peak,0.845329,0.4926631079311987,0.7491146752691679,0.5611727967036308,0.5470535207783322,0.027680978618262797,0.6176664886618529,0.40980582057271536,0.8493148246873372,0.5462789501206334,0.006528285142084268,1.3421730703418318,0.034031804377015945,0.7903246429379298,0.4990189828401061
TB8,1,1174,accel,0.799638,0.483980169531699,0.7432141095823052,0.5523672126822187,0.5413438098334651,0.0276354252298332,0.6092796956873539,0.4023343576032715,0.8446473086178486,0.5384461782440134,0.006372591867748154,1.369083822479868,0.03453344792490778,0.7851188136525505,0.49321252026605933
TB8,1,1176,accel,0.753564,0.4763159402423145,0.7376186334086798,0.5440812483516884,0.5367500943523305,0.027417138126741736,0.6019179223604839,0.39591687107814594,0.8414215424817383,0.5314798167520538,0.006164713532925138,1.3958620969227111,0.03491038827214748,0.7813461615629498,0.4890541111809626
TB8,1,1178,accel,0.707404,0.46884803924645346,0.7317801876627738,0.5355022430557643,0.5328854541359699,0.02709508878461253,0.5948689212498929,0.3899550176303825,0.8378670373239749,0.5246901409944441,0.00592727273913015,1.422745790383617,0.03519107711797448,0.7770137011700278,0.4854987502572429
TB8,1,1180,accel,0.661118,0.4616379856475552,0.7256240332693855,0.5265302376581303,0.5298626160867875,0.026569719553235893,0.5881954523556128,0.38448104856356274,0.832961449712218,0.517661666793203,0.005662675014784487,1.4499655576969754,0.03547456385135841,0.7706596162670629,0.4829993914677116
TB8,1,1182,accel,0.614643,0.4539661996725167,0.7187900535959841,0.5166591411485177,0.5270499794528882,0.025928685443601107,0.5811693958655214,0.37883828297870387,0.8270206901794438,0.5092600921394125,0.005415126072653742,1.4780719265315139,0.0359439029791867,0.7618184032098747,0.47999624446271294
TB8,1,1184,accel,0.568077,0.44292545886995327,0.7099654932804628,0.5040510016489709,0.5210701911276344,0.025444107603609212,0.570476119484858,0.369941855277676,0.8183943295957957,0.4967823302895405,0.005253828534703849,1.5092170290442501,0.0364975720598185,0.7496227323699618,0.4736502051035092
TB8,1,1186,accel,0.521728,0.4282754876149787,0.6992265427015014,0.48891775801829457,0.5116149111105749,0.025444146095106424,0.5558365493805911,0.3577347254903832,0.8077628141543449,0.4796323614656238,0.005169798623295956,1.5402564850822678,0.03750257053152205,0.7334183665855767,0.46453647927621516
TB8,1,1188,accel,0.476028,0.4116051562338815,0.6864004945847597,0.47114563896620276,0.5013129168234113,0.025283071290758075,0.539091415958566,0.34410143404931803,0.7954917541909697,0.458489387108223,0.005037899069033916,1.5684232419285222,0.038479344219373955,0.713608808629245,0.45456103316574
TB8,1,1190,accel,0.431376,0.39289894670874825,0.6715390121459138,0.4509646448339098,0.48956837295031935,0.024952384595908317,0.5199376444882036,0.3287642615489398,0.7814527510053805,0.43376858683817227,0.004896021059164485,1.5940998915121722,0.03940211542481423,0.6912057977086234,0.4440781091353845
TB8,1,1192,accel,0.387986,0.3718324225412277,0.654874878471645,0.4288611064532519,0.4743971190735751,0.02445646227467657,0.49726850083828195,0.31067075570060604,0.7638642999944654,0.4051832699687166,0.004737859857205871,1.619213623175288,0.040011961574594544,0.6650688127148534,0.4328029539145391
TB8,1,1194,accel,0.345798,0.34735428466212237,0.6357203117549349,0.40414031477779166,0.4542784510931757,0.02386488131526804,0.46949456327165673,0.28879403855250263,0.7408797014926634,0.3720209941872431,0.004563642545976532,1.6466191000608068,0.040937656587025376,0.6328534364917151,0.4194759495530666
TB8,1,1196,accel,0.304512,0.3180106557747385,0.6123987772761283,0.37503226240929705,0.4280306811194879,0.023030011754134327,0.4346156748825084,0.2621254657542428,0.7095575430290026,0.33377216994909037,0.004383415533747667,1.678963263729107,0.04203200053479448,0.5912830288222506,0.40360337030613197
TB8,1,1198,accel,0.263724,0.2837520872504409,0.5842007649862813,0.34129053381055624,0.3958579081644537,0.022065414844307907,0.3923763056676101,0.23126049277554292,0.6718811926765467,0.2943734209124352,0.004200770714609361,1.713985369319265,0.042990717791591034,0.5420610828519847,0.3855181130289003
TB8,1,1200,accel,0.223146,0.24494355167894621,0.5492323798694008,0.30165620709700575,0.3603313509300564,0.021029056683716463,0.3439242211439341,0.1979056454128711,0.6280969556218752,0.25488239225637893,0.003979041791524817,1.7446927536202301,0.04377577367591553,0.4877468941217392,0.3668470619654958
TB8,1,1202,accel,0.182834,0.20578356584350044,0.5086432125409721,0.25871791766400054,0.3270589571398081,0.019961510010904904,0.29523831244306564,0.1663563186498921,0.5794492443024047,0.2128728774077125,0.0037528782614700703,1.7597038015343067,0.044270387635507745,0.43662011910368015,0.3505202051266405
TB8,1,1204,decel,0.143355,0.17035378194822393,0.46497220264434336,0.2161991492319323,0.30118289161278,0.019018428875514193,0.25238882908344695,0.14004167251198685,0.5343494932875085,0.17003021842380345,0.003535658895601087,1.7538513381946037,0.04547883525528173,0.39539049760178313,0.3415851032388269
TB8,1,1206,trough,0.105832,0.1409550743679714,0.4212844855208472,0.1774806177405649,0.28561211147729765,0.018118550293980684,0.2188319289206508,0.1203239514422362,0.4986480353262269,0.1324122854428208,0.003361905556520062,1.733820760227816,0.047896852174340344,0.36566358987803393,0.33845966913483755
TB8,1,1208,trough,0.071839,0.12019936413114651,0.38626030660431304,0.1491970244580579,0.2788801512521072,0.017467162563447547,0.19670611873035673,0.10772033272849613,0.4746680688458069,0.1030821535715334,0.0032369408927836302,1.7123296641586785,0.05124022561133112,0.3450015113951621,0.3411691121126884
TB8,1,1210,trough,0.043158,0.10503730093000374,0.35945872432489673,0.1292105744932821,0.27448370362531566,0.016952519420384116,0.1806575481389936,0.09866556195312899,0.45675684087737706,0.08181679102395839,0.003140840060724475,1.7128976466751804,0.05437541071394927,0.3268775957074581,0.34173550558330906
TB8,1,1212,trough,0.021454,0.09254269491663336,0.33800851485644323,0.1142497561154584,0.2663046913547675,0.016565622894065574,0.16554407940538046,0.09001325322412845,0.43980581890732273,0.06819063882531108,0.003042622178182707,1.754350999188237,0.057492857331555625,0.3058782643928535,0.33711301088822154
TB8,1,1214,trough,0.007926,0.08083575202899174,0.31916972586718634,0.10186931391013487,0.2516135921277862,0.01646973067532742,0.14874790401392102,0.08030744122388357,0.42409636928629846,0.05658905100712613,0.002922795694865158,1.8458094000564322,0.05964858482388721,0.27719386477806796,0.325693907806162
TB8,1,1216,trough,0.003045,0.07287703499826959,0.3084188286484182,0.09512217386486234,0.23474956108326522,0.016817977883006652,0.13508624591192195,0.07240118465503095,0.41877063146120663,0.049522948745260566,0.002780882127361199,1.9753566951385477,0.05960067502230412,0.26983958354342896,0.3118396220937892
TB8,1,1218,trough,0.006411,0.07575398707682124,0.31685349657146694,0.10039613828956462,0.22889007331561212,0.016904587381854713,0.13564938187852926,0.07252462006055112,0.4544399382044584,0.07558375548515298,0.0026339335289661306,2.1213315963444126,0.05883035244107464,0.2925189901726124,0.3093752601941445
TB8,1,1220,trough,0.016793,0.09351492170163567,0.3448939581566072,0.11895184237293153,0.2520666503948313,0.016820011604996396,0.16093979279187343,0.08693626477395108,0.5324925306908694,0.1430101501868924,0.0025155124934711434,2.2285987406883803,0.0569258983803984,0.3535749664580864,0.3322044668533363
TB8,1,1222,trough,0.032322,0.12546996191795357,0.3882812163576569,0.15076230297618157,0.2964434855755702,0.01685817226302494,0.2083816261922355,0.11510343716058591,0.6234964509835685,0.22642611963993572,0.002446982243695132,2.2332591424645503,0.055753969654962446,0.46392327283835644,0.3715687385770609
TB8,1,1224,trough,0.050802,0.16030613860720366,0.4317718768221769,0.1864269536145451,0.337175362250973,0.01717231443832143,0.2574728936916673,0.14558283897729998,0.6808688623856977,0.2850964861066575,0.0024486622869389343,2.140694665396597,0.05585958855349824,0.5597361071310001,0.4128139999707352
TB8,1,1226,trough,0.070062,0.19206831450674866,0.4699543911873082,0.2208571297962335,0.3639631031970152,0.017554662159643603,0.29746524929951285,0.1710460585775967,0.7125098805782911,0.3227892738243981,0.00248950680312451,2.010544508308005,0.05477819963013844,0.6273124133687542,0.44081194561375747
TB8,1,1228,trough,0.088271,0.21367824409108838,0.4929918328097122,0.24304094721707922,0.38033265836923313,0.016670613540380547,0.3229089691752705,0.18750089432683836,0.729250274180516,0.3476412366634037,0.0025351071544430417,1.8998608110323694,0.05242782435234086,0.6552290500537594,0.45569592561441896
TB8,1,1230,trough,0.104151,0.22860015166394787,0.5111029036432135,0.261226178112524,0.3885387452104302,0.017604053516239726,0.33987504543646,0.1985832808549416,0.7399702610549552,0.36012676975762864,0.0025861786631068678,1.8117772284806741,0.050353396527331354,0.6650480334458482,0.4614144628477822
TB8,1,1232,trough,0.117053,0.2387378830326783,0.5235845444363433,0.27414077517261315,0.3932653672728818,0.01841980420337319,0.3510555378708938,0.20590766816616304,0.7466620547673866,0.3672638038244875,0.002637755621347548,1.7504194850390382,0.048073343853865434,0.6668169783161548,0.46234150683955516
TB8,1,1234,trough,0.126894,0.2475764894798792,0.535181953252933,0.28641972308762464,0.3964298772011595,0.019591094999068304,0.36059064885217407,0.21216211600833695,0.7515618746438829,0.3714236819962405,0.002693131516636461,1.7053913724465148,0.04687624721102944,0.66487090652597,0.4608980766948459
TB8,1,1236,decel,0.133992,0.25390060680785154,0.542174175388778,0.2939528364585014,0.4014646172948348,0.02025304991165705,0.3684760350108914,0.21766374782959838,0.7535382209606477,0.377214082331742,0.002743556798988676,1.6727161257791863,0.047327162148246255,0.6618680233842025,0.45882094006762686
TB8,1,1238,decel,0.13886,0.26247297814544146,0.5510558063023521,0.30366250165953534,0.4101172720363444,0.021325853073043244,0.37998035906968175,0.22599750402050883,0.7546094043497958,0.38284542767476676,0.0027981017915356546,1.6395644864904761,0.04624465517955207,0.6578729215863603,0.4590318688175157
TB8,1,1240,decel,0.142008,0.2708798612469071,0.5572882674788211,0.3105702130695461,0.4223744730263093,0.02148861988906431,0.3923435826523663,0.23538433830011196,0.7543348023877994,0.39070641526936556,0.002843840373171395,1.6103480344547467,0.045283748514855865,0.6536051175948812,0.4618956879582112
TB8,1,1242,decel,0.143829,0.2809080501022515,0.5650497684135111,0.3192812407841625,0.43655638873097,0.021862642059669368,0.40690714195156447,0.24667608635187332,0.7538249231882657,0.3969486847190699,0.0028957229969864334,1.5808997814056873,0.045210249231453,0.6495228162763647,0.46831848069482
TB8,1,1244,decel,0.144562,0.2926323728216331,0.5737216967648805,0.3291565853387735,0.4527540541025765,0.021891041945865497,0.4234405988833269,0.2597548241369087,0.7529456888890016,0.4057619802791037,0.0029437006883703963,1.5537499724524022,0.04520217394358782,0.6471155934080839,0.47750878534208646
TB8,1,1246,decel,0.144347,0.30471624518149465,0.5819949398088878,0.338718109963151,0.46935873295155295,0.02131494968644798,0.44001553167001534,0.27316440753291493,0.7523572777193483,0.4154826539473237,0.0029887939320694524,1.5318896306691463,0.04494517881557015,0.6461874178549465,0.48812285619722695
TB8,1,1248,decel,0.143324,0.31689637681575245,0.5902474712351427,0.3483920772994806,0.48464074365579046,0.020342919573708595,0.45578953713059145,0.28605797340034933,0.7516272761496655,0.4258202591572108,0.003033172311300889,1.5145822391658144,0.04478133754950196,0.6451342130170948,0.4989617283815426
TB8,1,1250,decel,0.141737,0.3289248813629573,0.5988154078722697,0.3585798927052328,0.49716266755002214,0.019321731727253155,0.4701309756890592,0.29770866554783215,0.7505837651662413,0.434397173366941,0.0030738768190800665,1.5002515033548947,0.04476234653098345,0.6442812956091202,0.5080705605797642
TB8,1,1252,decel,0.139984,0.3411470296326029,0.6078663080033885,0.36950144840567034,0.5082516326275893,0.018431335222841627,0.483961288612431,0.30894904346202723,0.7490763931070722,0.44125285089083993,0.0031139954888822945,1.485446371272925,0.04499599066545352,0.6433976142245527,0.5161065579356264
TB8,1,1254,decel,0.138593,0.3532608195683522,0.6152987186883417,0.3785925132195151,0.52265180924219,0.01674824382123946,0.4986180452082677,0.32158698854686313,0.7442671976675651,0.44734791139615443,0.0031525318196436547,1.4695284091097192,0.04519624691374561,0.6408584078878282,0.5261208697808111
TB8,1,1256,decel,0.138119,0.36655977268499085,0.6234651944278617,0.38870884866297145,0.5406285441869151,0.015287165354839705,0.515557884434541,0.33706308041474686,0.7433750205568191,0.4518097119213813,0.0031719186003629795,1.4430978132029002,0.04521240738982555,0.6417527933964181,0.5388912134261564
TB8,1,1258,decel,0.138984,0.382385981375846,0.6335040674695236,0.4013274035004307,0.5638290325067855,0.014086811627525953,0.5363223271337262,0.3571879854504549,0.7401022985180262,0.4522674512462854,0.003200794992711901,1.4021182151206948,0.045939094296068024,0.6414070129885299,0.5556045244838809
TB8,1,1260,decel,0.141323,0.39882391467828193,0.6439252465803564,0.41463972318357284,0.5875865728490626,0.01264176234748976,0.5572750577151534,0.37836182880913916,0.7411977071888124,0.45736554900509196,0.0032417990805273167,1.3539928918402662,0.04660394554703322,0.6402280589380991,0.5727113179609069
TB8,1,1262,decel,0.144882,0.41547619079129217,0.6567760612081356,0.4313547945760727,0.5955393799321953,0.012128672651089356,0.5723400684891103,0.39113600824620265,0.7452349892634744,0.4663129847123905,0.003287294651747907,1.306345811616836,0.04671470763537261,0.6431143626633071,0.5796378461753585
TB8,1,1264,decel,0.149013,0.4305703727348752,0.6691088537606505,0.4477066581808916,0.5970481707506227,0.011943543410144752,0.5838750070307936,0.39949021717084227,0.7522006508434579,0.4803394003517379,0.003313913417033284,1.2644324560123994,0.04567028018089589,0.6461986227876666,0.5829921268463093
TB8,1,1266,decel,0.152788,0.438198263763695,0.6746895098123796,0.4552059346508691,0.599614922402116,0.01137147721235282,0.5901978044742896,0.4045538980716717,0.759151893163728,0.49212120991347336,0.003317113485166174,1.2402628942675502,0.04442242782143369,0.6499754321663851,0.5852683062596746
TB8,1,1268,decel,0.155218,0.4422646010064769,0.6782162449232847,0.4599772748778409,0.5987261323019971,0.011393995866818996,0.5928543368020459,0.40606578918730224,0.7655609305304969,0.498493704572226,0.0033084755457349607,1.2364230069014353,0.04330660784029237,0.6568890509262209,0.5839796011648962
TB8,1,1270,decel,0.155519,0.439477234675136,0.6763048240087021,0.4573882149774415,0.5960216715820583,0.011465595738745837,0.5898736236152641,0.40309233170467634,0.7664216601480502,0.4978101698210892,0.0033013655339711357,1.2543007319835975,0.042293814394415194,0.6580097803694099,0.58030353642785
TB8,1,1272,decel,0.153355,0.42956412705729763,0.669615696630573,0.4483851811740475,0.5856959808397265,0.011778535418333402,0.5789576612445256,0.39219122222372016,0.76427361235846,0.4888319565911036,0.003296465942341966,1.296340232894443,0.04155661836885969,0.6563674293873814,0.569168765685537
TB8,1,1274,decel,0.148997,0.4162920463512456,0.6603072046003469,0.43600560444712433,0.5710658440634576,0.011749537665403653,0.5637021429158677,0.3770788911362793,0.7599547238945827,0.4759148591077746,0.003284506515807105,1.3526493313318484,0.0411474642709812,0.6511190608163983,0.5533376017412724
TB8,1,1276,decel,0.143318,0.4021344081119469,0.6502862182063168,0.4228721655890735,0.5543306500422632,0.011530286415440238,0.5466637783326024,0.36047358205183266,0.7524809621020098,0.45992455219552003,0.003271352099550183,1.4080843943614625,0.041417834581379695,0.6420743125332364,0.5368682006719762
TB8,1,1278,decel,0.137643,0.39142316401202837,0.6431189892952929,0.41360203439219906,0.5401986101128127,0.01158626592910511,0.5330854223952624,0.34741198415447405,0.7450369869024339,0.4457095604246992,0.0032607962104736514,1.4448478335060342,0.042407513584727996,0.6323802570734716,0.5237941954835359
TB8,1,1280,decel,0.138366,0.4106956439017634,0.652007387973978,0.4251136339726494,0.5757964080133513,0.008609876604326938,0.5602703061346087,0.37542351199358404,0.7570795558076747,0.48008768049179334,0.0032443321908477967,1.346788452362304,0.042009159910840164,0.6451928284533917,0.5521677644855311
TB8,2,1120,decel,0.138366,0.5683664488767441,0.7708732256222998,0.5942455299813291,0.6749632575337979,0.01668035912584742,0.7068216247517572,0.5203111035116138,0.7256097597207279,0.5148193159008032,0.006268852009752594,0.8640662590839522,0.032488713647615436,0.6186956976786708,0.6152437359348593
TB8,2,1122,decel,0.14356,0.5970837354538462,0.7944748213592144,0.6311902417737557,0.670981977109656,0.0188560237390637,0.7257343173846189,0.5330782863994464,0.7427482795675051,0.5434560019786283,0.005754373170186409,0.8195164761151885,0.03136614269281393,0.6467828996852876,0.6365208438083244
TB8,2,1124,decel,0.145546,0.5982893169229283,0.7964827502144245,0.6343847713891333,0.6656648666486015,0.018982135805563738,0.7252493521930016,0.5301905837093962,0.7421326849796401,0.545609210197346,0.005614764971668292,0.8273727041012654,0.030818846380368494,0.646662905225474,0.6375768771832032
TB8,2,1126,decel,0.142589,0.5818367674303339,0.7862447869764281,0.6181808650476087,0.6575141478072855,0.01977252015637887,0.7120281051059679,0.5169670710767268,0.7325283487780336,0.5249571573538718,0.005867025294445234,0.8709922006075945,0.030678768776252193,0.6353654815847816,0.6236261021873678
TB8,2,1128,decel,0.134389,0.5501048783275626,0.7630738554465947,0.5822817088661305,0.6475312492263735,0.018826736686406775,0.6871651595837167,0.49411416686931864,0.719267071511374,0.48740299129126435,0.006499655047297267,0.9370474081183044,0.031395362535481634,0.609949328088492,0.5973110743707546
TB8,2,1130,trough,0.122509,0.5089745367779828,0.7362716901844917,0.5420960017671281,0.6192237399680994,0.019421242339286326,0.64998238287008,0.45591690962867476,0.6856886211400393,0.43226592371418043,0.007450842543385981,0.9739407692590909,0.03173841301106925,0.5637516387814581,0.5655660811897814
TB8,2,1132,trough,0.110418,0.47326015291093015,0.7181017290377645,0.515670093247027,0.5784764604336967,0.022914724703338718,0.6119922301357988,0.4154049464450836,0.6430324509489848,0.3904027103498302,0.008578579175935,0.9631141952624462,0.033225356928318454,0.5108957888153873,0.5389341282026513
TB8,2,1134,trough,0.103096,0.4724359974837289,0.7159409852995633,0.5125714944317095,0.5806250795814191,0.021825102607658853,0.6117857351926771,0.41569329156515855,0.6454010086826258,0.3878103623249876,0.008894037335871895,0.9565823254985371,0.03372765062896249,0.5131928483788752,0.5427864760235747
TB8,2,1136,trough,0.106265,0.530492067329996,0.75396746534071,0.5684669387922948,0.6208976127815438,0.020267285802180512,0.666016336258699,0.4681365993449982,0.7079933058640542,0.4664443934211348,0.007741624115298382,0.9037618354871236,0.03441858375904089,0.5943744547185994,0.5852871075440474
TB8,2,1138,trough,0.125362,0.6323853960886343,0.8251274530858084,0.6808353138358729,0.651302693294051,0.018234870630576383,0.7451421654112258,0.5374077325056477,0.7914214563718577,0.6001119640237991,0.00574323245102486,0.7073449906597074,0.030990307678716775,0.6982655765010788,0.6767865051553453
TB8,2,1140,accel,0.164472,0.7169693467615363,0.8681627667638965,0.7537065895951437,0.7092802221896414,0.011493579863217085,0.8131282958323852,0.6157706801070703,0.8750060185018388,0.7084674350174428,0.004281145426741763,0.5786347304997094,0.026438354238458684,0.7998904872121755,0.754620017015218
TB8,2,1142,accel,0.225431,0.7472445538571046,0.8818190474031039,0.7776048323629177,0.7345317460253538,0.008666729358672853,0.8367427619670335,0.6477240845674161,0.9111089666593393,0.7521158847873863,0.0036299333615616267,0.5482942490723623,0.02343231045668992,0.8503603832064672,0.7822431105109043
TB8,2,1144,accel,0.307278,0.7491211058156748,0.8822267910532834,0.7783241108521738,0.7352154943368954,0.007590683674264964,0.8379474023803364,0.6486268063014926,0.9248855421052603,0.7632917919382893,0.0034525621289998947,0.5662343875456438,0.02133718465948049,0.8752319531502637,0.7810145714689031
TB8,2,1146,accel,0.406197,0.7398936062105508,0.8773405248874062,0.7697263966097094,0.7262160419894836,0.0069941810679940986,0.8304815435833397,0.6371387634607082,0.9292919852451837,0.7610606669161301,0.003576433411233741,0.6093397914219414,0.019965205576189752,0.8853471278431003,0.7644083451945118
TB8,2,1148,accel,0.515946,0.7271356430454234,0.8706013359021908,0.7579466860746793,0.7156936802745767,0.006814661257212196,0.8203695919178261,0.6230838741438018,0.9278422134279118,0.7515873203219526,0.003915192097613403,0.6658685872824495,0.019381613012298352,0.8838828159300007,0.7428152705176775
TB8,2,1150,accel,0.628717,0.7151463825627014,0.8633201089582733,0.7453216105317249,0.7104300106320407,0.006799845802818338,0.8115437570836618,0.6133285141860806,0.9228286071234701,0.7391566248701887,0.0044119131180759335,0.7266879933273511,0.019364174114021342,0.8745029483300955,0.7230170399487501
TB8,2,1152,accel,0.736242,0.7041604690672025,0.8557697788298969,0.7323419143585707,0.7104631857148603,0.007067439288669264,0.8043163348579025,0.60799292330599,0.9165048599492046,0.7250829628589052,0.005035819065203111,0.7858413325934204,0.019735539468056097,0.8645404325308154,0.7058110848416278
TB8,2,1154,peak,0.830951,0.6926114366391928,0.8476000853938392,0.7184259047596436,0.7125272421965709,0.007569795151056935,0.7971387245534677,0.6039381513312503,0.910122104130814,0.7089627139920848,0.005753259899815758,0.8404509745948517,0.020302777463418405,0.8536763880481478,0.6912699186848343
TB8,2,1156,peak,0.906964,0.6809877818298211,0.8396127696437565,0.7049496029488598,0.7149516440324906,0.008421424880370898,0.7900651564419396,0.6002825300074766,0.9042676891756352,0.6913487425105351,0.0061593001627948405,0.8878781431413837,0.021013897245666872,0.8432131695967997,0.6785572126042795
TB8,2,1158,peak,0.960739,0.6694239014141137,0.8326474849491023,0.6933018341920656,0.7131488914394174,0.009598018927159058,0.7822549118813721,0.5938016308512714,0.8986695808468411,0.6736298470031253,0.006282983546188678,0.9280836028782667,0.021750017282812582,0.8340716257949448,0.6656465705758285
TB8,2,1160,peak,0.991296,0.6576155230870075,0.826821393754854,0.6836336171707192,0.7046184868746828,0.01108454363374789,0.7728900958623272,0.5825936393831614,0.8932252836010101,0.6567399781238303,0.0064498074377179375,0.9630626868751208,0.022484932264374154,0.8254280996119335,0.652123972426938
TB8,2,1162,peak,1.0,0.6452922092404823,0.8216991426542614,0.6751894810387482,0.6909266439359387,0.012795825377232228,0.7619691089917527,0.567733830959147,0.887483422813519,0.6412910119670673,0.006634677076995077,0.9931921056221391,0.023330409715003827,0.8172093151607764,0.6390145129876105
TB8,2,1164,peak,0.989996,0.63235554366532,0.8168188943559621,0.6671931061768964,0.674443177360176,0.01456671772151219,0.749806472553496,0.550897930437261,0.8815752224080247,0.6272719335319195,0.006828968766428784,1.019155237460186,0.024239561848242327,0.809257656990833,0.6258558438394903
TB8,2,1166,peak,0.965439,0.6190129978528747,0.8117051111645717,0.6588651874906897,0.6578935686507212,0.016194199027324885,0.7370723044325089,0.5340155722760904,0.8755059577459893,0.6142086309319656,0.007026277783478205,1.041970002410171,0.025087199479751285,0.8006839396881114,0.6131713239447403
TB8,2,1168,peak,0.930694,0.60824280344726,0.8073859899081297,0.6518721366999305,0.6455668526259826,0.017443900061932194,0.7268462762831172,0.5212216323593046,0.8699912784014864,0.603027482163665,0.007210135505173742,1.0590682391289716,0.02577852333378444,0.7928133282706782,0.6037557026992448
TB8,2,1170,peak,0.889659,0.6002157263678252,0.80371633676703,0.645959949986214,0.6382527390665044,0.018366021454387482,0.7195937869880611,0.5129741533740539,0.8649303014066817,0.5934465607658592,0.007379071080325721,1.071253362059847,0.026424213982896003,0.7858630765777841,0.5974832253295542
TB8,2,1172,peak,0.845329,0.5944424114022835,0.800513358874122,0.6408216377359288,0.6350016671189915,0.018985106226000026,0.7148403157383634,0.508327317436091,0.8601344535849257,0.5855810461210811,0.007526106658712021,1.0808934068679716,0.026953750240107554,0.7794157749905799,0.5935913033469864
TB8,2,1174,accel,0.799638,0.5897916101499237,0.797509436533957,0.6360213013607096,0.6337308175037637,0.019406255159348684,0.711328412012345,0.5054063071816305,0.8552781250563118,0.5789261976281671,0.007654482584016138,1.0902862209075261,0.027164469947671698,0.7729136351859509,0.5914920841013854
TB8,2,1176,accel,0.753564,0.5859402807181124,0.7946460203034498,0.6314622975841108,0.6337887521209341,0.019646956138856364,0.7086825562250554,0.5036377095859899,0.8502459148915187,0.5729816269813743,0.007765570612335466,1.0999434967110888,0.027343528492896507,0.7661810617528787,0.5903201327960796
TB8,2,1178,accel,0.707404,0.5823079223872718,0.791663556155028,0.6267311861440252,0.634556214012981,0.01974054680181514,0.7063474054382715,0.5023550289657875,0.8451170710394181,0.5669952206272573,0.007860271623218233,1.110168470838052,0.027508010299539202,0.7596935640556715,0.5895275186443372
TB8,2,1180,accel,0.661118,0.5787282169344583,0.7885001611879318,0.6217325041933943,0.6361794999870032,0.019802703430248036,0.7042725301590343,0.5016276382842099,0.8393306142504877,0.5603073112212936,0.007959715695684752,1.1206159215121314,0.027654298165927956,0.752950040298171,0.5892040146200231
TB8,2,1182,accel,0.614643,0.5753349475180005,0.7850534460911451,0.6163089132195825,0.6389543624303292,0.019629023455051797,0.7025929541668068,0.5016133241209004,0.832041234398294,0.5527959776298853,0.008074933987545644,1.1310854892356068,0.02790888823469487,0.7440702376269951,0.5889191772359257
TB8,2,1184,accel,0.568077,0.5678668392348408,0.7806557193788756,0.6094233521989497,0.6345157086365483,0.02019961022434147,0.6962818485186946,0.4953383169828616,0.8233003600956501,0.541802167455434,0.008227148652915912,1.1448517706094299,0.028338059748717562,0.7322929172664943,0.5819120806940947
TB8,2,1186,accel,0.521728,0.5561642952859193,0.7748592271835206,0.6004068219514428,0.6233205558370474,0.021278557752069105,0.6851798283689298,0.4829856841834971,0.8130743095708195,0.5272664959395755,0.007983371498267682,1.1603844927760674,0.028838743651280897,0.7170943393742538,0.5694707717983694
TB8,2,1188,accel,0.476028,0.5421728903855081,0.7675246125231799,0.5890940308288575,0.6102712724693393,0.02219252748526057,0.6717199358422505,0.4683982219360576,0.8007944783732874,0.5103178078631649,0.007672060679647123,1.1748456199511603,0.029369001631934212,0.6986714119570497,0.5561924705839794
TB8,2,1190,accel,0.431376,0.5251994651673043,0.7582871241388232,0.574999362634727,0.5943071375848243,0.022910461477173016,0.6549694140558531,0.45065545021437237,0.7863646619202012,0.4912674148980645,0.007362270011997948,1.1877418311196355,0.029814121699839758,0.6781479616273453,0.5418738803394872
TB8,2,1192,accel,0.387986,0.5035341009571908,0.7468497663654328,0.5577845735201015,0.5718603792736244,0.023629186968143978,0.6324254101697887,0.4270937906541542,0.7686449025454171,0.46942150009641437,0.00706495756735403,1.1999157039359838,0.030564293158537367,0.6548595511577504,0.5249022827010814
TB8,2,1194,accel,0.345798,0.4759610576106085,0.7326824586353562,0.5368235851919504,0.5418181825919343,0.024433355711762417,0.6023984646235092,0.3969806781547987,0.7460841432146107,0.4434404636642221,0.006796511131630236,1.211584558092513,0.03161441363146976,0.6266055811747953,0.5047014229617983
TB8,2,1196,accel,0.304512,0.4408889756401514,0.714422985669084,0.5104002024523282,0.5040233459691915,0.025243218426332314,0.5629496109337593,0.3600858636742315,0.7166285961540196,0.4115594538224743,0.006576420821558053,1.2223405259817322,0.03289656401686367,0.5910594889843703,0.48170134076277527
TB8,2,1198,accel,0.263724,0.3963866266544648,0.6891020661407474,0.47486165755944704,0.45996430484721296,0.025970917254369508,0.5122466261085344,0.31696235282120705,0.680178575687733,0.3715597760135903,0.006419744953416206,1.229640781462433,0.03477865110794379,0.5468626188839594,0.4567243653764438
TB8,2,1200,accel,0.223146,0.3434517779929507,0.653834427435508,0.4274994584999186,0.4138953204606566,0.026476905451078725,0.45186528353536226,0.2706190098716295,0.6370352407980643,0.32290253130022417,0.006327169162364512,1.2280470335574947,0.03695252595914201,0.4987056694381462,0.43289987372909267
TB8,2,1202,accel,0.182834,0.28634665443605944,0.6064655470585399,0.36780045976901415,0.37288571652438596,0.02689426810059059,0.3879148549576443,0.22614234006227737,0.5887631766826679,0.2682164196741555,0.006305665113126202,1.2109297468739026,0.03887988424587452,0.44850638762941386,0.41394362158754733
TB8,2,1204,decel,0.143355,0.23213221803473538,0.5489181528501731,0.301311138528446,0.3436496181248308,0.02704374914542157,0.329454406917482,0.1886355136087495,0.5423340276699653,0.21478363747246954,0.006372947515438233,1.175830390589777,0.04142199522418324,0.4030800556386158,0.4039442282539823
TB8,2,1206,trough,0.105832,0.18723539670682776,0.49006427718055956,0.2401629957685043,0.32876166330584145,0.026909065818860156,0.2839036094880387,0.1611143468926557,0.5053576168065042,0.17028287515069299,0.006554083960451368,1.1272207477823448,0.044592511706554754,0.36866743402161084,0.4026027189214582
TB8,2,1208,trough,0.071839,0.15567479332130663,0.4426251479040801,0.19591702155710877,0.3268989314601646,0.026849671063378155,0.25525638530737077,0.14469368788724107,0.4796916991779763,0.13747717268574883,0.006610034785168053,1.075877099881632,0.0486682991332181,0.3445894071561699,0.40839087612561886
TB8,2,1210,trough,0.043158,0.13495565191724868,0.41083886888096577,0.16878857618339138,0.3292441059932784,0.027175218935444778,0.2382335816451144,0.1352662760920033,0.4613888960024701,0.11398384164798676,0.006472924124780912,1.038708077280287,0.052132452693682475,0.32616513510000644,0.4144373057482209
TB8,2,1212,trough,0.021454,0.11902474689933273,0.3887107498178801,0.15109604702397858,0.3263377633831326,0.028180910687856664,0.22358956626667068,0.1268509966985474,0.44730783021231396,0.09625488144393576,0.0062664069656594955,1.0290863820048608,0.055827276094381255,0.30495397481833797,0.4126439449945686
TB8,2,1214,trough,0.007926,0.10496265593600607,0.3719393230716469,0.13833886004699492,0.31583976935218644,0.030229044183466225,0.20792020131081157,0.11747323001195731,0.43799307594119163,0.08177289997509107,0.005940236473932285,1.051950551556026,0.056828037110073025,0.28369436667677206,0.4012956435237162
TB8,2,1216,trough,0.003045,0.09712092097899372,0.3665708925864648,0.1343742192916375,0.2978786374736452,0.032534672400159115,0.19476841970343123,0.10919363802115407,0.4404636084098948,0.07781544854575195,0.005534889339258215,1.1021498534380423,0.05840744229007195,0.2730535226012374,0.3833457690385376
TB8,2,1218,trough,0.006411,0.10710375049832288,0.38763705778553187,0.1502624885686238,0.2865065602163966,0.03293136053172002,0.19920866359327735,0.1110605600385373,0.4670617726525652,0.09980833912425045,0.005128256395352083,1.1660781688535427,0.05666794391853125,0.286502475065857,0.36896611134901053
TB8,2,1220,trough,0.016793,0.14277052942396662,0.4394779896262871,0.1931409033659629,0.306518621715596,0.03269218042678579,0.23913137947754864,0.13470818765459053,0.5246890281936851,0.14857172075501549,0.004831226635717568,1.2103075882308612,0.05468615156977327,0.33650382971003323,0.3762099680996053
TB8,2,1222,trough,0.032322,0.20113630484365674,0.5039779977282679,0.25399382219419403,0.3555862848930301,0.03083741691236161,0.3097051969859652,0.17920766388002277,0.5970730739520304,0.21516755386255015,0.004697365855123193,1.2006045102611884,0.05295827501100167,0.4272118038689309,0.40766329952698915
TB8,2,1224,trough,0.050802,0.2644362829325577,0.5616399556915989,0.31543943982926115,0.4132421738848475,0.028981255251539217,0.38690268574920783,0.23209331623058574,0.6548894262567116,0.275457305744676,0.00473338881909623,1.136999496102721,0.0534852204124473,0.5238793641773007,0.44730943394933703
TB8,2,1226,trough,0.070062,0.317400676997874,0.6016710272803232,0.3620080250685594,0.4660142613353499,0.02620458992403618,0.45101040559638167,0.28038727934492097,0.6902892107589417,0.31577529903423607,0.004866944429383874,1.0573192319418334,0.05253302298021008,0.5908329460409925,0.4844091195344553
TB8,2,1228,trough,0.088271,0.34978217456103045,0.6220096863643788,0.3868960499311129,0.5029115435199851,0.02292950774109881,0.49036480322133086,0.3128158514538916,0.709376404256255,0.3366771159532261,0.005109532850647658,0.9940572119944858,0.05181691792421259,0.620808523197808,0.512437900986904
TB8,2,1230,trough,0.104151,0.37003155360880313,0.6348493812724227,0.40303373690197797,0.5268508220526918,0.02133849449963715,0.5150023411620503,0.33447091840301874,0.7196609292179518,0.34817661568689756,0.005454457264161289,0.9496778696150189,0.05059337850342445,0.6268808007370557,0.5299809385297876
TB8,2,1232,trough,0.117053,0.3819065529980088,0.6418317549388395,0.4119480016478705,0.5425552239606416,0.020185619046796555,0.5298066978723621,0.3482291715458937,0.7247430146594281,0.35521604289534925,0.005898530079514412,0.9226935586951276,0.049553297750117714,0.6232934539814716,0.5402577308750087
TB8,2,1234,trough,0.126894,0.39033195635000284,0.6471545374657989,0.4188089953625721,0.5553054904255279,0.02004079157036337,0.541052575708983,0.3593684678085511,0.7270177278879258,0.3637668416915259,0.006445372531156258,0.9050871545861715,0.04795631067925685,0.6164317409311835,0.5475858381009362
TB8,2,1236,decel,0.133992,0.3965915322657193,0.6499536560866832,0.42243975506044645,0.568051710089321,0.01914029403657236,0.5503069704208541,0.3692072858188468,0.7262025271935183,0.37170502280887374,0.007086568153293052,0.8931357321238771,0.04628444818997086,0.60997883002549,0.553571498775412
TB8,2,1238,decel,0.13886,0.40706631203170607,0.6570463417620325,0.43170989522286957,0.582703702957513,0.01911675524674422,0.5635894700950737,0.3828633363594239,0.7261405202258958,0.3820041016400436,0.0076172631054547465,0.8789623012708815,0.045681334636884174,0.6065432474581784,0.563271968902284
TB8,2,1240,decel,0.142008,0.4176492768297221,0.6633747725544121,0.440066088861618,0.599732291787968,0.018366446673788783,0.5774081327461443,0.3978472726583796,0.7248812356290972,0.3917811255262535,0.0079526427998872,0.8646013506249832,0.04481156081457287,0.6041545541646397,0.5750534627867516
TB8,2,1242,decel,0.143829,0.4306678985068795,0.6712294955835792,0.4505490357413862,0.6188250478224174,0.017134911089354388,0.5933572614106324,0.41537362470432554,0.7222578435841871,0.4012158165599699,0.008494954740200589,0.8489786431471859,0.04385402233981674,0.6012822281982839,0.5893946947393146
TB8,2,1244,decel,0.144562,0.44226722875939983,0.6789437103521891,0.4609645618267973,0.6339733133043737,0.01667499645675935,0.6068420355117833,0.43043219359914237,0.7199619983255962,0.40922905389255015,0.009316053359531179,0.8355717721708579,0.042828275293110646,0.5989193386633131,0.6033410492295315
TB8,2,1246,decel,0.144347,0.4512238993241062,0.6850496411447357,0.4692930108325311,0.6457204126958296,0.016522323298038655,0.6171713715621704,0.44235053699710863,0.7165816321126928,0.41518041530322053,0.01024828097784663,0.8258765050205202,0.04256191950993098,0.5954288955229619,0.6139756299751316
TB8,2,1248,decel,0.143324,0.4613292215539726,0.6922365589266454,0.47919145351460296,0.6578433476050296,0.016679338975617075,0.6283586656153813,0.4553832152588907,0.7158862308996704,0.4202653019486885,0.01003347739680201,0.8180445222714355,0.042267629508361604,0.5951771234088812,0.6200607752735228
TB8,2,1250,decel,0.141737,0.4673100024807585,0.6964800187855863,0.4850844165675706,0.6664263166286121,0.01687118907347207,0.6353923759904727,0.4641526135247048,0.7171851129146213,0.42386687851999694,0.009802015853709909,0.8157925978956899,0.04134431503543046,0.5969270290782307,0.6237847102601288
TB8,2,1252,decel,0.139984,0.473680277222565,0.7014007962863806,0.4919630770311688,0.6739609899285046,0.017529856835646063,0.6423858995177295,0.4727167750018105,0.7196966448242681,0.42889992530102616,0.009640503391612019,0.8146557503835066,0.041253004370025444,0.5994095333833784,0.6271512411275075
TB8,2,1254,decel,0.138593,0.48133163804517554,0.7075844901302235,0.5006758106728484,0.6805798381960818,0.01861492140158877,0.6499750177400826,0.4815677378028846,0.7202523712653203,0.435836321384931,0.009525974226164934,0.8151902710190988,0.04057981166316905,0.6005247255069008,0.6299682581651641
TB8,2,1256,decel,0.138119,0.4921679000711795,0.7149846670040403,0.5112030740508784,0.6947227328683725,0.018624628004780708,0.661730383702872,0.4967161018200302,0.7183941890193166,0.44395093567792615,0.009424889427886904,0.8121468325019954,0.04021335292114016,0.6031495038730394,0.6379708022830308
TB8,2,1258,decel,0.138984,0.506935431111232,0.7243958913195864,0.524749407360698,0.7125632337687567,0.01767396446475089,0.6767680616967962,0.5161778788474853,0.7154564762040805,0.45303679911710276,0.009368341730259782,0.806342887453407,0.03880568318914691,0.6031242535132431,0.6518603167211008
TB8,2,1260,decel,0.141323,0.5248625935125211,0.73566820507772,0.5412077079622744,0.7317509532422993,0.016329769587811183,0.6938131814734857,0.538325910335673,0.7140713029901778,0.46545069554618745,0.009344106884354324,0.7964435547335457,0.03803874611109765,0.6055451777467351,0.6697317564447289
TB8,2,1262,decel,0.144882,0.5432779538036727,0.7475106217391875,0.5587721296129066,0.7368001833920794,0.015379462319646708,0.7069014074489004,0.5507659631849606,0.7185619042267125,0.48126668954358487,0.009297253539527543,0.7868813624363262,0.03663807488350361,0.6094307496694513,0.6772089274250156
TB8,2,1264,decel,0.149013,0.5616156029367022,0.760388603151024,0.5781908278019654,0.7301509505649676,0.015660909231348108,0.7169488090752912,0.555198461389488,0.7269684203584522,0.5012136946369861,0.008616008890666282,0.779854252550945,0.03605452585939047,0.6197615040877408,0.6770350395171183
TB8,2,1266,decel,0.152788,0.5736967379140296,0.7690687015182086,0.5914666676549034,0.7229476202853573,0.015642775606786508,0.7228730675020713,0.5559963875985386,0.732505781975732,0.5155530227648292,0.007324278324528808,0.7820543707519957,0.035365028567810965,0.62564709512378,0.6735648478271348
TB8,2,1268,decel,0.155218,0.5779882004259738,0.7727682688933605,0.597170797408441,0.7133552737812383,0.015652692994274187,0.723185354497148,0.5512583200258767,0.7349470674725768,0.5217057968225898,0.006575621989266856,0.7956819714409892,0.03444730995404325,0.6285754665604972,0.6657480449453388
TB8,2,1270,decel,0.155519,0.5779485175147911,0.7743504220415895,0.5996185761159879,0.7022921021154209,0.016477657130614554,0.7204386567920604,0.5438201856695513,0.73306382933892,0.5213692648150088,0.006247347012695199,0.8171633193529889,0.034099186300326996,0.6264905241772292,0.6545942695947407
TB8,2,1272,decel,0.153355,0.5710050386083922,0.7703424678624134,0.5934275177923535,0.6922285151231106,0.016320689571403202,0.7131429805371872,0.533253022664671,0.7263732432133504,0.5142827811976339,0.0061740449336969445,0.8486432021348445,0.033218775090647065,0.6201971982606712,0.6400126915093987
TB8,2,1274,decel,0.148997,0.5598157659892276,0.7640679253316258,0.583799794520575,0.6794908906869706,0.01683075374206411,0.7022842509586039,0.5191771951289321,0.7196023848927187,0.5028245619310762,0.00627888020594273,0.8816630976729795,0.03328946154084406,0.6136048735278691,0.6214788511420553
TB8,2,1276,decel,0.143318,0.5475613860805861,0.757910883692606,0.5744289076197069,0.6641466312554813,0.018075786504027747,0.6899335317248557,0.5033639601963091,0.7147381382238853,0.48994806130613583,0.0064794483242324435,0.9098528426692643,0.0328854132918305,0.6056985261238319,0.6020521899686888
TB8,2,1278,decel,0.137643,0.5371562140342466,0.7531353156555101,0.5672128036875248,0.6505115455186212,0.01952495145616917,0.6791800631843766,0.4899232181717205,0.7105027249614527,0.4800258969560906,0.006672547636218033,0.92477963183906,0.033380364678362244,0.596834491035936,0.5875929901401477
TB8,2,1280,decel,0.138366,0.5660893709542193,0.7706248671498515,0.5938626858697262,0.6676323894983386,0.017165864462709512,0.7033898669554189,0.514494121462095,0.7243216436465624,0.5110866765013855,0.006276304262360171,0.8664956011696916,0.03243215001423678,0.6174958483903499,0.6138229996766688
TB16,0,1120,decel,0.138366,0.5296753705628843,0.739926857327208,0.5474917541941184,0.6639766203314817,0.012047945131527182,0.6762884889703954,0.49129413402061406,0.7269170562761095,0.5009018226817339,0.0085697313611407,0.9141255697094982,0.04026747401321908,0.6153838638012983,0.6115552929047414
TB16,0,1122,decel,0.14356,0.5498514720970116,0.7565061968851282,0.5723016259256004,0.6583395204198109,0.012813457460342459,0.6887422632144956,0.4980379268519704,0.7403238502201345,0.5336922059301041,0.008003297252213224,0.8737867513761367,0.03883316803647062,0.6301633961932965,0.6297990289953072
TB16,0,1124,decel,0.145546,0.5458001291155072,0.755190106658499,0.570312097194875,0.651359460940414,0.013731165089133412,0.6841448037573793,0.49190022078061363,0.7417814957492889,0.5331017060154867,0.007670618256485576,0.8889387915485139,0.03810449992235965,0.6312312264139982,0.6276047488482446
TB16,0,1126,decel,0.142589,0.5197427246058222,0.7388934524643455,0.5459635340946799,0.6339339545046015,0.015204313276896309,0.6610929254634005,0.46840964827828035,0.7343430951289036,0.5118417371756958,0.007159735977061351,0.95089738200958,0.03861009698079145,0.6218681257994173,0.6101324679564508
TB16,0,1128,decel,0.134389,0.4748500944912646,0.7098715448488364,0.5039176101860736,0.6001804273569328,0.017035374438186368,0.6186972782893886,0.4260510071559007,0.7193077678595101,0.46784265623928656,0.00704568910321971,1.0478636177765388,0.039952183051488,0.6005315854155635,0.5684687858976848
TB16,0,1130,trough,0.122509,0.4222988908289933,0.6768452727569514,0.4581195232534319,0.5548773870971615,0.020944467292119018,0.5652569261167804,0.37556613641644276,0.6848379148604434,0.40760941428409864,0.007240408573034233,1.1171575878587532,0.04072526071941116,0.5656401078137361,0.518248481070078
TB16,0,1132,trough,0.110418,0.38191634196012014,0.6482802577396312,0.4202672925749626,0.5201567095623802,0.02193530701731411,0.5217915153255532,0.3372073257400983,0.633351732979703,0.3502943472937307,0.007733339535811443,1.1274004351268156,0.04225487442141771,0.5027971461794065,0.4856386131435094
TB16,0,1134,trough,0.103096,0.37386277859342665,0.63967391400461,0.40918271625797725,0.5251089565360515,0.022194808184778037,0.5175894050511093,0.33589850150629275,0.6354963882109265,0.3415890950937216,0.007748029437276817,1.1247431898544393,0.04351374726807837,0.497333150372119,0.4865960722081204
TB16,0,1136,trough,0.106265,0.43964661847224895,0.6822566946528683,0.4654741973986572,0.5898473620382801,0.01728809417213467,0.5895472487645717,0.4024273115739508,0.7058457265089089,0.4151209660128302,0.00815240819788678,1.050082905114559,0.044392691724867525,0.5730866301605044,0.546546848893407
TB16,0,1138,trough,0.125362,0.5850519887133467,0.7786963776369717,0.6063680485449413,0.6810317210936724,0.01177767469387403,0.7187902501658885,0.5303169342715152,0.7907510945368671,0.5606552307411355,0.007104892729230884,0.7831784667122417,0.041082974509152353,0.6839801126425222,0.6740217104749641
TB16,0,1140,accel,0.164472,0.7049284008830439,0.8469138771898435,0.7172631153767333,0.7643299091099041,0.005514602709860816,0.8143870858060358,0.6473216067764295,0.8749071327663047,0.6823204171483898,0.005950709117198143,0.5928278997813825,0.034269097786559635,0.7870310816555526,0.7574241928561372
TB16,0,1142,accel,0.225431,0.7605501067650584,0.8778100586816013,0.7705504991225964,0.79718866131933,0.0035005826448926136,0.853905807211135,0.6997802255730282,0.9157108482673039,0.7435363342619674,0.005300566547953492,0.5238810977924399,0.029127415985141902,0.848217406357568,0.7873060540687862
TB16,0,1144,accel,0.307278,0.7710355567795107,0.8847392760461182,0.7827635865786094,0.7918998304524941,0.003108867140967142,0.8595494739212935,0.7006248826955834,0.9290230367613338,0.7616097726411816,0.004965856229016327,0.5292689595401875,0.026172787522220926,0.8730601133899515,0.7854374089374314
TB16,0,1146,accel,0.406197,0.7603757867666129,0.8806839158253122,0.7756041595934057,0.7716959082780992,0.0033499870376813012,0.8501285106037977,0.6796201743287273,0.9320126046389573,0.7598073766613607,0.004917768849654497,0.5738798919140952,0.024523091688080558,0.8809363112785009,0.7678454615788595
TB16,0,1148,accel,0.515946,0.7415739900581833,0.8720693808473737,0.7605050050115217,0.7499369573488209,0.004014686083708696,0.8350212655985746,0.6539970580697496,0.9306344582833278,0.7487619630782957,0.00516229353832649,0.6376719552072112,0.023921185182202903,0.8799831404824758,0.7449886229830059
TB16,0,1150,accel,0.628717,0.7188037171856189,0.8602506680220329,0.7400312118323538,0.7320378058334527,0.004788956616147089,0.8174842165841816,0.6297360114856109,0.9267891137072318,0.7326636380090258,0.0054424706049539286,0.7109168620531163,0.023927171869578986,0.8737610808477935,0.7216647233482173
TB16,0,1152,accel,0.736242,0.6966227029858967,0.8481046201162289,0.7192814466624929,0.7178005812699318,0.005679601136938994,0.8005300473079658,0.6087699892971439,0.9220885588864018,0.714699950832278,0.0058409152474812875,0.7864566552356609,0.024296235799998143,0.8644905502178077,0.6984487917201025
TB16,0,1154,peak,0.830951,0.6768608598421417,0.8367186669205915,0.7000981275733718,0.7076367523083654,0.006575127051272056,0.7856207775110513,0.5920928800554723,0.9167356071828421,0.6958701323222074,0.006038437806721322,0.8570140685246403,0.02499273668910577,0.8540699433098728,0.6786391537427858
TB16,0,1156,peak,0.906964,0.6611121907631776,0.8275112366547871,0.684774846789935,0.7002002819442803,0.00745457683745665,0.7737331326330985,0.579423601217742,0.91096880567261,0.6776805489418561,0.006021590058900433,0.9172993707259091,0.025769135274289753,0.8443108542160495,0.6615268596139666
TB16,0,1158,peak,0.960739,0.6459616776028908,0.8193708275047417,0.6713685529658051,0.689546061125313,0.008552405397440954,0.7614339098812312,0.5649939267068829,0.9047105402918758,0.6601233339601297,0.006130307999843332,0.9691936059330719,0.02668146409516497,0.8346722224498533,0.6429009789101152
TB16,0,1160,peak,0.991296,0.6306831882465018,0.8113831347511636,0.6583425913586249,0.6773030804833335,0.009681942159658785,0.7484939878307327,0.5495522966191868,0.897959678234616,0.643211014715538,0.0063240710217243165,1.0140812397103,0.02746042534972696,0.8249382992144709,0.6240500936119994
TB16,0,1162,peak,1.0,0.6157917386148024,0.8034345844590252,0.6455071315048464,0.6655216523156053,0.010695416037648564,0.7356876495421056,0.5347031121766722,0.8914212135987283,0.6268890466957441,0.00659092356426385,1.052209498382899,0.02826901344637029,0.8162154568005515,0.6064564119628634
TB16,0,1164,peak,0.989996,0.6003005523222347,0.795058154096348,0.6321174683950922,0.6531781162270796,0.011686970927072382,0.7221083962034265,0.5193145873836317,0.8847275114220529,0.6111364919436435,0.006689656222137221,1.0871078714705527,0.029109525935786404,0.806971364499368,0.5888676330453826
TB16,0,1166,peak,0.965439,0.585590811312756,0.7869029345205836,0.6192162283571059,0.6416103621278063,0.012515485451839337,0.7090189582198427,0.5048850767771851,0.8788208769092839,0.5969965639676627,0.006746297698860912,1.119906587065476,0.029757926783752185,0.7984159329631368,0.5730911018624916
TB16,0,1168,peak,0.930694,0.5738892351162432,0.7797545914836328,0.6080172229398071,0.6349015986419191,0.01314559828836237,0.6991265121131385,0.495067436681335,0.8740618593150783,0.5851500864440353,0.006981672456151876,1.1444704500197203,0.030177119701562692,0.7924014408655157,0.5621117825092957
TB16,0,1170,peak,0.889659,0.5647198639919202,0.7734492336123723,0.598223716975566,0.6324514755674996,0.01362348520996548,0.69208086841267,0.4891691090746966,0.8689448825778953,0.5752277705782114,0.007144560849591788,1.1611927179773849,0.030629135942711733,0.7854107003666482,0.5555803796537504
TB16,0,1172,peak,0.845329,0.5576684993697703,0.7675930184132076,0.5891990419166988,0.6342757981305885,0.013757061323044217,0.6876328612022659,0.4868656743935048,0.8633364912565971,0.5669589125349752,0.007239889086628625,1.1717786623263091,0.03105325902480149,0.7781443444128898,0.5534231118046904
TB16,0,1174,accel,0.799638,0.5520187884433535,0.762318741272782,0.5811298632957187,0.6382387049122845,0.013715219429142889,0.6847564539890787,0.48654132616030327,0.8578336359291435,0.5599158638898593,0.007298341282173564,1.1792338712678816,0.03136004436566436,0.7714095796174696,0.5541977065494921
TB16,0,1176,accel,0.753564,0.5465137014414259,0.7574071324974861,0.5736655643580645,0.6410548336946157,0.013614005479926305,0.6816668938399874,0.48553950336229174,0.8523827086263573,0.5535025412981845,0.007317018706667103,1.186803186711895,0.03158779019363231,0.7647349385314225,0.5553380868779999
TB16,0,1178,accel,0.707404,0.5403039391612354,0.7525039169367584,0.5662621450051638,0.6410071653293393,0.013526680224921872,0.6772742083180099,0.48236040269485614,0.8469212754370947,0.5464998045663354,0.007334986998122973,1.1959635648015594,0.031823879570685484,0.7581207675878909,0.5547497143504947
TB16,0,1180,accel,0.661118,0.5330018502306357,0.7465845412844965,0.557388477284982,0.64101912515938,0.013242569972677254,0.6720859625172615,0.478574969511705,0.8409391653833408,0.5382017418456803,0.007356263325466321,1.2062877313818843,0.032135624411031814,0.7513114566029911,0.5547547128071211
TB16,0,1182,accel,0.614643,0.5240527924854745,0.7392641786701649,0.5465115258648735,0.6407483797283957,0.01275337073826388,0.6656058156055993,0.47368232467415144,0.8337517595982622,0.5276988664987803,0.007372637754742837,1.217690338883942,0.03251129922462402,0.742804649716516,0.554465491706966
TB16,0,1184,accel,0.568077,0.5114994915069526,0.7303417052864813,0.5333990064807655,0.6341392650723912,0.012644605470667258,0.6547155947860795,0.4631383522420862,0.8246797640516508,0.5140373545514284,0.00710575586267498,1.2323477369092484,0.03299107290363061,0.730747811233532,0.5496086868283621
TB16,0,1186,accel,0.521728,0.4952913149806003,0.7195430692840299,0.5177422285546822,0.6215694661510609,0.01285208666322546,0.6392878524297679,0.44724600144757026,0.8140449217108454,0.4964252790128037,0.00671603313858792,1.2500093131425267,0.03372683041369369,0.7147986645325337,0.5399643634354969
TB16,0,1188,accel,0.476028,0.47724400853614146,0.7071034151257503,0.4999952396824991,0.6091690729191989,0.013160095762927704,0.6223535462736725,0.4307455318501527,0.8011788074705659,0.4747566515050864,0.006408628991292837,1.2669048737055506,0.034653814560633656,0.6948614312680479,0.5290436199301483
TB16,0,1190,accel,0.431376,0.4572183296388289,0.6929999851097453,0.48024897936210714,0.5957638117521549,0.01357577631405088,0.6033777224302447,0.4128643126731684,0.785117700238104,0.44907940704128285,0.006136452466649092,1.2820931989918325,0.03583496043924029,0.670603108859603,0.5163952663719854
TB16,0,1192,accel,0.387986,0.4349053709845013,0.67752313011416,0.45903759183968895,0.5782985181649372,0.014286697238713786,0.5810128432672093,0.39181062216748863,0.764991308943965,0.4191706951734776,0.005837499929437071,1.2953918804227171,0.03719464415501088,0.6412346557188309,0.5002098757325905
TB16,0,1194,accel,0.345798,0.4095584769955345,0.6597369707225363,0.43525287053814876,0.5575404323425076,0.015250261085753669,0.5547539303718729,0.3678300358889792,0.7408157596818816,0.3850123238025383,0.005592515095526115,1.305073317983321,0.038542519182441684,0.6068853643687103,0.4812078180710559
TB16,0,1196,accel,0.304512,0.3806293059082053,0.6393715827459816,0.4087960208231016,0.5317212840203914,0.01657812809918746,0.5233063958829174,0.33996747894384327,0.711502651079531,0.34713324654478356,0.0053665801383391085,1.3090145863770057,0.03965933570854006,0.5664741137833786,0.4591094435562619
TB16,0,1198,accel,0.263724,0.3475748643794647,0.615935370319399,0.37937638041049526,0.498966370464618,0.01811976910400276,0.4850984750515822,0.30733103616905094,0.6749478811134288,0.3059675221048298,0.005175567581682348,1.3039947217882355,0.04054248918380263,0.5190052837926424,0.43332870267150814
TB16,0,1200,accel,0.223146,0.3095885786717619,0.5887097744964378,0.34657919858764663,0.45716258321451436,0.01968595638172177,0.4380885116476411,0.2691360812724257,0.6312438655604495,0.2631836920792858,0.005006715828893809,1.287172700154058,0.04193686464440913,0.46492425207861054,0.40543111851401564
TB16,0,1202,accel,0.182834,0.26778373646744347,0.5555643052930841,0.3086516973157871,0.4145175656192561,0.02097377807572709,0.38613587449071923,0.23029116337504243,0.5830349415591268,0.21861215836037878,0.00488413352068505,1.2533962127732134,0.04309501786414501,0.40814114524948286,0.3807106628726382
TB16,0,1204,decel,0.143355,0.22562644880934746,0.5161673339256134,0.2664287166118757,0.37870344389922556,0.021905946741341414,0.3354854810287387,0.19547434698591137,0.537185261425859,0.1759553228508913,0.004905683373309834,1.198237349849843,0.04465025982429774,0.3579892367279547,0.362556960223856
TB16,0,1206,trough,0.105832,0.18877599776546194,0.4744913585700268,0.22514204935762971,0.3569971949110983,0.022561173098256726,0.29459283576897616,0.1693920840190557,0.5025604733573956,0.14127327526405373,0.0051246663942771924,1.1226313066553735,0.04758246951674915,0.32207039755701894,0.3534164310268381
TB16,0,1208,trough,0.071839,0.16301986905051502,0.4391964819883552,0.1928935497909476,0.35448017901657175,0.02269682875122561,0.27114736326669997,0.1556864475586807,0.48242705896278204,0.11836932268240503,0.005476712331470203,1.0407115688850501,0.051046479178455215,0.2985299386552115,0.3543621109502635
TB16,0,1210,trough,0.043158,0.1495337920052473,0.4183414471872334,0.17500956643470877,0.36683818075993924,0.022823187976780623,0.2651883279664148,0.1534636154226449,0.4735218200044626,0.10697857568858864,0.005899511609124617,0.9697868299666358,0.05419743362200843,0.2836484230112355,0.361812714583589
TB16,0,1212,trough,0.021454,0.14250122997165016,0.40849231747987313,0.16686597344007748,0.3800661707012875,0.02355669764774962,0.26584448887865175,0.15525411086547,0.46521780889118874,0.10198250163607842,0.0062168802938352185,0.925363638753056,0.05714015895994199,0.26846724781459275,0.36867456384079167
TB16,0,1214,trough,0.007926,0.13621677080701378,0.40274963438292827,0.16220726799558238,0.38495523308666924,0.025673856471076284,0.2641541577898271,0.15504057937945095,0.4537289956405507,0.09680567300463623,0.006479665945018213,0.9135033042417375,0.058938271362959815,0.2551274490388028,0.3684494768220041
TB16,0,1216,trough,0.003045,0.13217354584373198,0.40151548607753973,0.161214685560083,0.37856718154112307,0.0285145150352549,0.2594248207503846,0.15200058590948826,0.445318744755244,0.08629513932066116,0.0066210812690712505,0.9298545535540168,0.059869358353158285,0.24178019026016317,0.3614789290977
TB16,0,1218,trough,0.006411,0.14156071277099547,0.41871438272361117,0.17532173429961473,0.38357663230031075,0.0325263600238091,0.2722977939043631,0.1606090528208262,0.46608801452306003,0.0847363231467972,0.0065823320188452715,0.9614136362747825,0.059858305597675014,0.2565428494584322,0.35948079328846644
TB16,0,1220,trough,0.016793,0.18436390142304482,0.46837416912505525,0.21937436230358587,0.43608155289825856,0.0339676478177699,0.3337040009798238,0.2042493350094857,0.5230681906575486,0.13817119795201085,0.006479762489765981,0.9934108566634196,0.05921744653595296,0.3078797745919889,0.3854911912170151
TB16,0,1222,trough,0.032322,0.26039072386602924,0.5415629771113782,0.2932904581777392,0.5129504143637408,0.032081055564722516,0.4289609770065536,0.27779495351334255,0.5952279103405045,0.22217710554553757,0.006708866108414671,0.9917314584003949,0.05897419385282032,0.4058811363001562,0.4302121286541721
TB16,0,1224,trough,0.050802,0.3326394575824617,0.5996389056855856,0.35956681721180667,0.5648733476490355,0.025718715603752218,0.5037475925963723,0.33872003603522105,0.6511136119023384,0.28930731752881167,0.00706274616865576,0.9587313002942051,0.05823244712911948,0.5021658734094158,0.4695951543096619
TB16,0,1226,trough,0.070062,0.3985080643062321,0.6487449230137985,0.42086997513617935,0.5992486329811071,0.019912028102946955,0.5638236703487169,0.3887595082694523,0.6916354791827518,0.3411667723749915,0.0076525220059052166,0.90728157967123,0.056131423893120216,0.5781102072091115,0.5015956108190445
TB16,0,1228,trough,0.088271,0.4349470302217937,0.6746629516798237,0.45517009836933214,0.6183686339104333,0.017054017934417354,0.596227434482397,0.41719040778023325,0.7109605510367416,0.3656097622417658,0.007641313783219675,0.8659739650663764,0.05411572819143861,0.6097553797459458,0.5297136947510633
TB16,0,1230,trough,0.104151,0.4574741657346083,0.6889556218888641,0.4746598489322714,0.6325115691080024,0.013999752103334429,0.6163375293928366,0.43577240144670504,0.7185502688698844,0.3756747794232198,0.008242047123603918,0.8391024581641706,0.052370576890957594,0.6155794411912063,0.55007918372944
TB16,0,1232,trough,0.117053,0.4701753501832434,0.6988078009050896,0.48833234260580743,0.6356358955552683,0.014166302797037178,0.6264102994087275,0.4441873223493143,0.7258774874793986,0.38340197991701447,0.00829860187360317,0.8244402917492153,0.05055175965731699,0.619769546077487,0.5606927915139833
TB16,0,1234,trough,0.126894,0.4787415916424135,0.7047528107665283,0.49667652428332204,0.6391451959715562,0.013630573521823175,0.6334682583148586,0.4504393733488778,0.7304575829971724,0.3875242843669757,0.008770365207704732,0.8185675848480606,0.049341515851028916,0.6203409595589555,0.5686564350234415
TB16,0,1236,decel,0.133992,0.47873791996011605,0.7042228294092422,0.4959297934611586,0.6429031562560495,0.01343177118542821,0.6346523213950571,0.45274707973476735,0.7336550195042814,0.39092487875317217,0.008904222238722288,0.8189135672751616,0.04796903499299438,0.6183087055216255,0.5732767542820577
TB16,0,1238,decel,0.13886,0.4811949053945638,0.7054370207279966,0.49764139021359194,0.6483320955672021,0.01318551234140819,0.6380900943719618,0.4573574619392658,0.7340039675296706,0.3934165164601097,0.009033304322590238,0.8203067929824854,0.04694131415159958,0.6151514532719788,0.5805473713473138
TB16,0,1240,decel,0.142008,0.479263636001377,0.7024546245238374,0.49344249951492547,0.6576902991673936,0.012175018688930839,0.6395618517443279,0.46199759215460184,0.7327535786000012,0.3945530163209917,0.00921365041236993,0.8233456565009059,0.04625581418711332,0.6108427715489371,0.5867683299934725
TB16,0,1242,decel,0.143829,0.4800874400637096,0.7022470226439048,0.49315088081222896,0.6658999772521759,0.011742333039810982,0.6427123249568564,0.46762627640398446,0.7340707377621496,0.3978552784717085,0.008789690573753013,0.8257240152967372,0.045283144917112994,0.6117452239931884,0.5927277436314845
TB16,0,1244,decel,0.144562,0.48333153351264624,0.7042932225882702,0.49602894338377074,0.6722364864815644,0.011669775541309435,0.6469810960914296,0.4734516014055171,0.7353814107138826,0.4053851824793191,0.008648328700684292,0.8274348456067644,0.04427139134408314,0.6130815766603814,0.5971607910694227
TB16,0,1246,decel,0.144347,0.48797884375780765,0.7075938754673986,0.5006890925989724,0.6755898004739033,0.011685988024975502,0.6512373017376187,0.4780432051435758,0.7357725751290676,0.41562070849716154,0.008746176156135698,0.8300958725621769,0.043442862886386324,0.6140717161639035,0.599534516373789
TB16,0,1248,decel,0.143324,0.4919923867062377,0.7112948427332932,0.5059403532989803,0.673734343885541,0.012537175519050647,0.653581211681528,0.4792237641780844,0.7349220869617106,0.4264261091450453,0.009192774759916377,0.833180134836538,0.04279417588232265,0.6143463112027825,0.5983170912292607
TB16,0,1250,decel,0.141737,0.4982890368233083,0.7170184491461123,0.5141154564158961,0.6686671433957152,0.013488570824819468,0.6565045327575854,0.4794466781525568,0.7322293523074727,0.4403380177135963,0.009933313269031359,0.8366079570960248,0.04262295330611035,0.6140990624484874,0.5962465362753422
TB16,0,1252,decel,0.139984,0.5038700458475257,0.7221334546149399,0.5214767262741076,0.6645465539136686,0.014290429294203766,0.6592309382847866,0.4798912987301309,0.7280750676997966,0.45113936451811887,0.010794530061878251,0.840233695204899,0.042639811138895395,0.6116400666265107,0.5958174391230038
TB16,0,1254,decel,0.138593,0.5076739167887585,0.7259716816067252,0.5270348824948964,0.6616363782626835,0.015221934449768049,0.6611622225444589,0.4803292741395437,0.7223641256810838,0.4565408248136492,0.011784941505103928,0.8442202743728476,0.04313662573335291,0.6060150904343339,0.5957298803858602
TB16,0,1256,decel,0.138119,0.5177120754739168,0.7329894457934337,0.5372735276445652,0.6649828844207989,0.014936559780918346,0.6690171686231922,0.48742543591372034,0.7178695881966497,0.46671644670268525,0.012330224952639197,0.8428220698297036,0.04288747631601148,0.603649581323228,0.6015644027337219
TB16,0,1258,decel,0.138984,0.5308893338170664,0.7411968834498738,0.5493728200358058,0.6760511920365972,0.014239525109025486,0.6811557588873001,0.501087036590098,0.7166122067907837,0.4758637998719677,0.01218464581418907,0.8342647178420937,0.04179650516574478,0.6037875785308843,0.6133466194441455
TB16,0,1260,decel,0.141323,0.5461375875443922,0.7506796597642821,0.5635199515838183,0.6891770908146692,0.01359979805202427,0.695100680875843,0.5173512240500936,0.7173806515774327,0.48685387656193546,0.011630585900831917,0.8208249161649623,0.04115553861553533,0.6057182493079022,0.6272063905054063
TB16,0,1262,decel,0.144882,0.5599532837634751,0.7596445425194284,0.5770598309795516,0.6965820848354496,0.01312967364693296,0.7063136960763483,0.5291547791620548,0.7242044994843022,0.500200728204689,0.011084588341350692,0.8058964090305168,0.040437209112906845,0.6094816299192596,0.6377125392631234
TB16,0,1264,decel,0.149013,0.5724130486785378,0.7685191079399235,0.5906216192687758,0.6952509839662804,0.012840352599620797,0.7142207796755147,0.5343136659921198,0.7319013974680307,0.515274342655752,0.01046534209079411,0.7936569230754367,0.03985534254812545,0.6149510613729914,0.6428653393273009
TB16,0,1266,decel,0.152788,0.5777127623810434,0.772448234380971,0.5966762747982794,0.6920131737935948,0.012493713445541288,0.7168472250680604,0.5345443542652344,0.7356225468363277,0.5238752878839855,0.009949549942364808,0.7919353497194347,0.039229864099124094,0.6161794143670188,0.642354893275142
TB16,0,1268,decel,0.155218,0.576459150168068,0.7718652240337154,0.5957759240726176,0.6871455811525546,0.012139356014638225,0.7146544153479131,0.5303837779400942,0.7349505202345444,0.5249425320404499,0.009549822310841855,0.8030846704820893,0.03878464452668935,0.6139970086966862,0.6384989178421797
TB16,0,1270,decel,0.155519,0.5692635867901698,0.7681956835353544,0.5901246082023504,0.6793871957817587,0.012974073915100082,0.7078844177414049,0.5219023112487358,0.7327056760062721,0.5177574474174428,0.009113012827866326,0.825845701501912,0.03881199440006929,0.6132095981593724,0.6315512304595039
TB16,0,1272,decel,0.153355,0.5554543916961917,0.7597665605727798,0.5772452265645914,0.6704535441028724,0.0138140199574458,0.6962079323810719,0.5093881832268699,0.7293460563792336,0.5040976169290722,0.008783375384155722,0.8610902343379769,0.039039368330254794,0.6124057559170517,0.6201591751208563
TB16,0,1274,decel,0.148997,0.5362827088392782,0.7473375749741236,0.5585134509682037,0.6590812801936567,0.0144415685605489,0.6799366479216686,0.4925562056507683,0.7247437956413224,0.48690478514945706,0.00877990784671533,0.9038034199344425,0.039452611686071636,0.609174166547694,0.604732830177988
TB16,0,1276,decel,0.143318,0.5161964689479688,0.7351630893976916,0.5404647680127583,0.6414016065155825,0.015477083392537505,0.6609344379562118,0.4715347865906382,0.7197437286260657,0.47119953707350665,0.008680356189246482,0.9447966225703229,0.040191534898233176,0.6042614464026479,0.5869287319096778
TB16,0,1278,decel,0.137643,0.498834448933167,0.7248321298202434,0.5253816164197501,0.623692082031212,0.016317858219815573,0.6433771422318462,0.4520720601707053,0.7136723957708493,0.4605211439844248,0.008566899029745532,0.9747040927952593,0.04090184106035463,0.5975279768829413,0.5732839611117767
TB16,0,1280,decel,0.138366,0.5240758337104872,0.7385872485432595,0.5455111237107027,0.6474228968151522,0.013124350974209387,0.6677158695784294,0.47817829600260986,0.726099622913988,0.49586373511016524,0.008495318070932999,0.9194202533123438,0.04031421902873773,0.6150428155896801,0.6057160502456798
TB16,1,1120,decel,0.138366,0.42422982108758867,0.6599020370027213,0.435470698440341,0.6013070394136183,0.007807503610285371,0.5795387963141464,0.39680374017312237,0.759334967567111,0.5120572837367772,0.0031673943449755638,1.3306114103585232,0.04114517880701553,0.6476249058477159,0.5930306580810712
TB16,1,1122,decel,0.14356,0.4591450035554794,0.6907895621282782,0.4771902191453784,0.6084761036313651,0.011269710140176026,0.6085052808900769,0.4203289411930315,0.7789287369526388,0.5388891784739023,0.0031376466088116825,1.2529550326303118,0.040063379243208935,0.6860082181493425,0.6112428379689675
TB16,1,1124,decel,0.145546,0.4598632644920686,0.6939580355310514,0.481577755078116,0.5989812090016755,0.012693893008456192,0.6061628781613064,0.41566782311881684,0.7791805529268103,0.539425268805771,0.003122118000059187,1.2699400882224843,0.039212961272943735,0.6886492011048675,0.6086512010749616
TB16,1,1126,decel,0.142589,0.4399757410366789,0.682235518360121,0.465445302512103,0.5780594636464004,0.014616911099707974,0.5847888058210419,0.39437269782377543,0.7705981878281922,0.5142926577182089,0.003128795281305677,1.3518304548420712,0.039311235661497565,0.6765262201939684,0.5908440811518291
TB16,1,1128,decel,0.134389,0.40383696628119314,0.657500141496494,0.4323064360679097,0.541317858491118,0.014971146902375332,0.544216529821078,0.3559165685524892,0.7601151163830275,0.4794276725106683,0.0031104262317131564,1.4830198279523286,0.039286017552043306,0.6540992075085167,0.554527216676336
TB16,1,1130,trough,0.122509,0.3530059511833741,0.6204389300567351,0.38494446592994624,0.4959788446416059,0.016448201885030878,0.48750641572984016,0.3077245837002136,0.7288727883084624,0.4243817905867022,0.0030593355979254655,1.5783589657294286,0.039103786086696506,0.6101323915835088,0.5098469839948533
TB16,1,1132,trough,0.110418,0.312212287076031,0.5861802335142917,0.3436072661628696,0.46236657923309776,0.016065158100375565,0.44075389285081396,0.2710301493840615,0.677984505149156,0.37440832263467444,0.003041100868710754,1.6022501411374386,0.03992638677358772,0.544637872438324,0.4799298002838048
TB16,1,1134,trough,0.103096,0.30956173578906343,0.5819642723736421,0.33868241431938273,0.46740422972582885,0.015996675158850504,0.44069765835612507,0.27201256245675465,0.6785274939732561,0.36966711098838057,0.0030447928251163504,1.592384665364343,0.04138607183022281,0.5425123361681736,0.4822522158880996
TB16,1,1136,trough,0.106265,0.37162535923775264,0.6236362376367421,0.3889221568937111,0.5354578036132052,0.009521361429115138,0.515231457286206,0.3339308900585728,0.7285979813973501,0.44761964770666546,0.003057263862551596,1.4882147859646144,0.04226432029971496,0.6079235270104386,0.5450119641807576
TB16,1,1138,trough,0.125362,0.5096714473676862,0.7297946814259243,0.5326002770375663,0.6173046095600095,0.010274813401481397,0.6475853313396628,0.4505056208766018,0.7954842008706785,0.566428930042096,0.0031022711257806053,1.100507810983369,0.03853371542081016,0.7171204582782262,0.6393002919043074
TB16,1,1140,accel,0.164472,0.6289938575568772,0.8108566521746332,0.6574885103758541,0.6797163269866527,0.011296867928567655,0.748182085187988,0.5511525053288355,0.8782269684625232,0.6701704824573672,0.0030845710487606907,0.8151878684572473,0.03350767882577406,0.8199154530618116,0.7104991309088398
TB16,1,1142,accel,0.225431,0.6888841517242177,0.8486871974672507,0.7202699591448163,0.7054329941614838,0.010864040655828688,0.7937581041727936,0.5986919508158411,0.9138400591873415,0.7215065387202398,0.0032309830460972118,0.6964924567225343,0.02984174681796582,0.8685573346150488,0.7443554041373583
TB16,1,1144,accel,0.307278,0.7046999893025148,0.8610512268577477,0.7414092152732326,0.7014921989043825,0.011250142569294908,0.8035708979150099,0.6040207184977577,0.9261153560684277,0.7345889592435664,0.003500648864968975,0.6718954053401243,0.027901819788934377,0.887096416908073,0.745282906862348
TB16,1,1146,accel,0.406197,0.6985839644612002,0.8609526892866708,0.7412395331899507,0.6852274230918461,0.011776199549508481,0.7965210107650822,0.5899483926839003,0.9284661430913291,0.73152288968166,0.003829778189946973,0.6985301098019274,0.026275712681979015,0.8913042143929251,0.7294208833238643
TB16,1,1148,accel,0.515946,0.683870030876101,0.855001838043292,0.7310281430574077,0.6681175011742808,0.012232356814336653,0.7832667796100193,0.5712416915329014,0.9262246902766753,0.721974460737442,0.004202414432458743,0.7543023422392762,0.02523963227678776,0.8874559276967766,0.7074732037166416
TB16,1,1150,accel,0.628717,0.6655608937811814,0.8452510105472407,0.7144492708311316,0.6553824387794754,0.012838302504819099,0.7681313431492216,0.5539626686732667,0.9218728140938637,0.7090319824689,0.004612129643225303,0.8262154339651466,0.024881913715124878,0.8790955051048952,0.6849816748084432
TB16,1,1152,accel,0.736242,0.6478402344926515,0.8339407699105927,0.6954572077190722,0.6492330866943562,0.013500044987311055,0.7545931213995375,0.541421940169322,0.9162512912532129,0.6941839570730655,0.005032765907687081,0.9005134748536534,0.02507290501832624,0.86881857557608,0.664190438981003
TB16,1,1154,peak,0.830951,0.6317179332041591,0.8229262404151069,0.6772075971637422,0.6475957339210091,0.01474887745210629,0.7432015962142068,0.532923522624478,0.9098098767975654,0.6758592284508318,0.0054421144031392725,0.9686284460601344,0.025736439784145887,0.8587860837699712,0.6466684797965351
TB16,1,1156,peak,0.906964,0.6165805404190379,0.8127606732700994,0.6605799120144652,0.6466137045068011,0.016394556366194912,0.7327163238622948,0.5255421898206207,0.9020078732877778,0.655209648258487,0.005806111260899751,1.0275284602714958,0.026682368410853922,0.8482405432120512,0.631051516285233
TB16,1,1158,peak,0.960739,0.6023474985940038,0.8038709564015126,0.6462085145458826,0.6435094129162157,0.01814519132289205,0.7223580906092456,0.5172985272143342,0.8933730046688987,0.6346019337160612,0.006102656283677949,1.076573284143329,0.027689894739752377,0.8387880707062256,0.6169606630376488
TB16,1,1160,peak,0.991296,0.5889660757101931,0.7962725176051837,0.6340499222932976,0.6370872945216269,0.019743911334942688,0.7116814207806128,0.507295103943011,0.8842972330553203,0.6164890730577117,0.006318118117188787,1.1180305534323092,0.028662166572386443,0.8299544096361792,0.6037566512722818
TB16,1,1162,peak,1.0,0.5756368191783114,0.7897542645187485,0.6237117983255495,0.6261356571071733,0.021303930455934816,0.6997465288800135,0.494493305367639,0.8757372088786518,0.6009254601530324,0.006470212836987478,1.154883261754421,0.029633667599409406,0.8213017092436141,0.5901250078265369
TB16,1,1164,peak,0.989996,0.5627545765132141,0.783680274938494,0.6141547733276735,0.6139857791080445,0.022603974899308876,0.6875886774906858,0.4811685441797178,0.8692867080556806,0.5879606885934424,0.006563673627254602,1.1882861609643076,0.030642968296555634,0.8145314762849638,0.5768355433989455
TB16,1,1166,peak,0.965439,0.5509344542894123,0.777806405839935,0.6049828049656376,0.6028847994048461,0.023450782278393145,0.6762140094030622,0.4689276589606135,0.865283717005919,0.5775866555058294,0.006600271379432401,1.2191465199809384,0.03173526590619471,0.8103409748120081,0.5646496226666936
TB16,1,1168,peak,0.930694,0.5405089857191605,0.7723101380966269,0.5964629494068309,0.5935061330955828,0.023983091483256946,0.6661240206773719,0.4583708036122445,0.861489171427174,0.5692353267720206,0.006593497789648415,1.247612950694008,0.03274296397062711,0.8058539850429808,0.5547636767448959
TB16,1,1170,peak,0.889659,0.5313700045423109,0.76726967201463,0.5887027495934379,0.5856297600153427,0.02433968742001824,0.6572593116789338,0.4493359538889785,0.8570025834279972,0.561896763809693,0.006543734549517238,1.2742568931934328,0.03350945129390923,0.8007823313841802,0.5467311334451672
TB16,1,1172,peak,0.845329,0.5225562279191408,0.7623792996948067,0.5812221966031439,0.5782833523896035,0.024774650869802906,0.6487282304009868,0.440871257219951,0.8520438816768036,0.5543852782932289,0.0064399057133252505,1.3002989572212391,0.03415669486780801,0.794636551712598,0.5391742655259855
TB16,1,1174,accel,0.799638,0.5141497553574363,0.7576883489800449,0.5740916341801063,0.5712182936225901,0.025170797277657808,0.6405000250381946,0.43280544580209884,0.8470236331440889,0.546764225690801,0.006282257953262652,1.326284006726478,0.03470450434133753,0.7882145287820994,0.5315580990354609
TB16,1,1176,accel,0.753564,0.5057378395163856,0.7529642880612684,0.5669552190956128,0.564279301587327,0.025615355458555644,0.6322526633532256,0.4248821625874114,0.8438071379948807,0.5388287700635908,0.006077243679869291,1.3525208650559213,0.03516218313598544,0.7832389286238646,0.5244729219620787
TB16,1,1178,accel,0.707404,0.49697621746961906,0.7480280280044241,0.5595459306801875,0.5570635273133645,0.026102272686382766,0.6236040972387353,0.4166991318094047,0.8406982123185697,0.5308120753472835,0.0058376485902342035,1.379182628061217,0.03550216311421231,0.7782302511015479,0.517257323005724
TB16,1,1180,accel,0.661118,0.4879036264685207,0.7425779340368422,0.5514219881184248,0.5499788558419786,0.026423956728392928,0.6146466217751708,0.4084021625350827,0.8364380228051492,0.5226634602771252,0.005565994388107582,1.4065705733425666,0.035792612894373924,0.7722337268026197,0.510773375432818
TB16,1,1182,accel,0.614643,0.4775911950631444,0.7360587417786995,0.5417824713488422,0.5421863136370053,0.02660475789214134,0.6044068049130162,0.39908097582528546,0.8311516760574713,0.5137850196873682,0.005307524443999921,1.4360364639584409,0.03619133561450903,0.7647076694834312,0.503389601220564
TB16,1,1184,accel,0.568077,0.4642630488533026,0.7274732611724235,0.5292173457208411,0.5316291307636446,0.026599373451967667,0.5907996312646913,0.3867459774908893,0.8233080788757228,0.5025060838515,0.005131565243815516,1.4691916452860656,0.03656816225230295,0.7544044124693721,0.4936868407051381
TB16,1,1186,accel,0.521728,0.44774930382329514,0.7165262792001097,0.5134099087843536,0.5190231233600139,0.02665310839426127,0.5738931660269238,0.3718937073999703,0.8132200020676487,0.48759377659577696,0.00503520565859181,1.503000605092765,0.037375822338385205,0.7394089110450008,0.48347552956822026
TB16,1,1188,accel,0.476028,0.4295158914627627,0.7031034169650356,0.49435441494790877,0.506822368947926,0.026312273674451103,0.5554142204035578,0.3563485394016008,0.8006184676495437,0.46918287017874866,0.004900986073322085,1.534633822966065,0.03821774365700593,0.720329429502047,0.47384316656393594
TB16,1,1190,accel,0.431376,0.4088565302085879,0.6865041661239943,0.4712879701056008,0.4947871491574467,0.02567602530246138,0.534712348980388,0.33967343924120136,0.785097863013797,0.4466956503240499,0.0047656062313577606,1.5644245554274117,0.039080518575836935,0.6977059104955058,0.46495577901624086
TB16,1,1192,accel,0.387986,0.3850736174820216,0.6664806679548675,0.44419648075756635,0.48133131252101863,0.024842579457975023,0.5106124835431741,0.3207980146766016,0.7654038891212932,0.4191942503692554,0.004619516880317482,1.5941910183325667,0.03970970015641915,0.6702821494672416,0.45597437192389584
TB16,1,1194,accel,0.345798,0.35738207341011385,0.6424294665068756,0.4127156194363088,0.465370445006083,0.023983648931376833,0.4819908773115027,0.2989676867133252,0.7399590879520659,0.3857600223349766,0.004460079755817792,1.6260321686758754,0.040725617550700324,0.635656233407242,0.44514978966384333
TB16,1,1196,accel,0.304512,0.32537970284429396,0.6137721011296026,0.3767161921250471,0.44553277994635726,0.023032020088553984,0.44772581857028204,0.27345559046978857,0.7064531784559306,0.3466264238459077,0.004291566880133894,1.6614044220908337,0.0418747219706332,0.591661501663939,0.431842927748501
TB16,1,1198,accel,0.263724,0.29017799939555167,0.5817324381147783,0.3384126295549643,0.42037517621501597,0.02219846419162419,0.4079457351737064,0.2445458761824908,0.6672079847125386,0.30636637044282883,0.004112420408607165,1.6969630662821569,0.04278088856643447,0.541032606893538,0.4162972306020753
TB16,1,1200,accel,0.223146,0.25350200903291764,0.5477682047916633,0.3000500061806816,0.3898402677791816,0.021606763858745603,0.36391503544785697,0.21354210363690362,0.6233155443694045,0.26808420612002715,0.003891145974502825,1.7250448033643355,0.04337586438058277,0.48754996785380345,0.39915721891054384
TB16,1,1202,accel,0.182834,0.21819538711349584,0.5140001591030029,0.2641961635579123,0.3568041377657822,0.021290187320164522,0.31934090643985136,0.1833973835802218,0.5751933143489867,0.22837536225300764,0.003673765894299656,1.7360747387159088,0.04379876308128607,0.43723130018160883,0.38220678372675587
TB16,1,1204,decel,0.143355,0.18605212470697252,0.48132095015658655,0.23166985705963927,0.3252816654631266,0.021269473985020104,0.27782448219402206,0.15656488028922902,0.5284871471339467,0.18608014936483364,0.0034783401162895725,1.7271282492029123,0.045176024199060416,0.39496295180437035,0.36840986861506314
TB16,1,1206,trough,0.105832,0.1576010723347836,0.44821403884588623,0.2008958246185416,0.2993026257388711,0.02112014333022988,0.24156184817691448,0.13415163871959812,0.4924166930722422,0.14572744865630327,0.003324228807216088,1.706643534668248,0.04778436813685921,0.3650909444721795,0.3573745207064822
TB16,1,1208,trough,0.071839,0.1357074337546752,0.41824339252253323,0.1749275353887578,0.2820899720959746,0.020682347740231366,0.214463086701407,0.11798226692600713,0.4744814899021218,0.11489434542589905,0.0032004418836773033,1.687426887346084,0.05099922281753387,0.3475827303403738,0.35386821406057273
TB16,1,1210,trough,0.043158,0.11753699308801446,0.38847052693991624,0.15090935030097619,0.2719390863675928,0.01979278057110076,0.19317199316473935,0.10564032017677816,0.46663346536009376,0.0943125267183416,0.0030942167488360274,1.6926224534708727,0.053752463067883845,0.33365642351989977,0.34996059463060997
TB16,1,1212,trough,0.021454,0.10169620339360197,0.3604435937205046,0.12991958425415218,0.2631666173831792,0.01876057073521764,0.17436621019554918,0.09485672131686212,0.4577795485243059,0.08121169012139795,0.0029924450754085646,1.738803095826686,0.05658156380294891,0.3169913892502898,0.34330277872438364
TB16,1,1214,trough,0.007926,0.08716902884126188,0.3355252410378728,0.11257718737352264,0.24976492518792495,0.01805332675757794,0.15512709457839602,0.08380243672648478,0.44479637212937795,0.06918965106063504,0.00288132553578521,1.834189392361395,0.05876109542054131,0.2938283419515916,0.3314694991261159
TB16,1,1216,trough,0.003045,0.0776187373547762,0.32116693505502664,0.1031482001726397,0.2337080514415848,0.017880406494953927,0.1399707382580415,0.07505929857917629,0.4334388203682027,0.061590342281149534,0.0027553344570096006,1.9663278565215585,0.05888078274823936,0.2828149883553067,0.31696536604329056
TB16,1,1218,trough,0.006411,0.08467554851567516,0.3381401418503006,0.11433875553054142,0.22771822910554693,0.017470208200656256,0.14401723831367294,0.07700067429164889,0.4595357890539376,0.08396591753739034,0.0026217271905575826,2.108800763329664,0.05818038897901203,0.2991512198967736,0.31500630034044885
TB16,1,1220,trough,0.016793,0.11558162783688197,0.3860225006991102,0.14901337104599455,0.2564020779585814,0.016630289217679173,0.18288895598070745,0.09897697131801979,0.533233481850016,0.14374769833266282,0.002518842767354042,2.2032453900854105,0.056403598806562656,0.3586262932354982,0.3478358656437676
TB16,1,1222,trough,0.032322,0.16289915692047452,0.44433419974989447,0.1974328810673791,0.3079364840174803,0.015929387289884134,0.24636720371396761,0.13682671119970327,0.62509388486585,0.21462683622752882,0.002465609790125774,2.191066773476579,0.055718950432696916,0.4669198552261661,0.39279604973347243
TB16,1,1224,trough,0.050802,0.20551783739791152,0.4923783807012746,0.2424364697820093,0.34866855112441714,0.016266117267088376,0.30176031579570933,0.1716768566041001,0.6854162794758194,0.2720381678265542,0.0024675488001370746,2.087821270202334,0.055919468564361266,0.5648845960799458,0.4308507299734859
TB16,1,1226,trough,0.070062,0.23489317998258985,0.5245385544548676,0.27514069510960215,0.372602074213526,0.017162821098884673,0.338140099145004,0.19544415339484822,0.7185438866842805,0.3097555375815123,0.0025084588140334295,1.958503512293347,0.05484710669427007,0.6340805893255077,0.4555807368393942
TB16,1,1228,trough,0.088271,0.25279071876696224,0.5408960066496985,0.2925684900095907,0.3879890786468996,0.016397242611375318,0.3596809500285615,0.20986174326380377,0.7345554307350904,0.33423695547461746,0.0025588337480060095,1.8525815246103423,0.052378281851927125,0.660267982424796,0.47075598684414555
TB16,1,1230,trough,0.104151,0.26354632331139305,0.5520668005257616,0.30477775224275105,0.39642529253405506,0.0170071499214256,0.37278260647868716,0.2188532428967649,0.7433272083559501,0.344898764910257,0.002618228628336276,1.7699051845998888,0.05043510341825956,0.6660572084439189,0.47552345808782537
TB16,1,1232,trough,0.117053,0.2700765627482393,0.5580666809239954,0.31143842035752445,0.4026105754791771,0.017195256889214694,0.38104867527378333,0.2246835475625641,0.747059910174169,0.3517886128675924,0.0026759284088528467,1.7136595615596153,0.04818274338188447,0.6641459003188968,0.4754851201947683
TB16,1,1234,trough,0.126894,0.27633426887315815,0.5640676299167602,0.31817229111991113,0.4082329583532115,0.01755357738543395,0.38890304847771223,0.2302709972722035,0.7491323194303046,0.35787087685740887,0.0027385025781737644,1.6731504227753253,0.0469580975070722,0.6598815285004482,0.47299008107569573
TB16,1,1236,decel,0.133992,0.28085869501819694,0.5661445674167289,0.3205196712154751,0.4166189608898987,0.01730306919006175,0.3961233122348166,0.2358665613906188,0.7479508635642509,0.367467631518754,0.002793036401412814,1.644646013286781,0.04729080140298732,0.6548089235349763,0.4720532702653058
TB16,1,1238,decel,0.13886,0.2872157262659448,0.5695400591761853,0.3243758790064127,0.4289339726024472,0.017390081158886295,0.4066926567148094,0.24429508013867404,0.748846520285747,0.3786696577093473,0.002848569328956589,1.6160286666852044,0.04604642396972242,0.650894119986476,0.4736020233686008
TB16,1,1240,decel,0.142008,0.29286418225374067,0.5705959851515064,0.32557977827101814,0.4443456834497333,0.016776457337488726,0.41762112017289255,0.25354186299582,0.7489293721666934,0.3912483377486689,0.0028918648611599485,1.591809901083275,0.04504440675250826,0.645888938803438,0.478448284290249
TB16,1,1242,decel,0.143829,0.2990527527593114,0.5730133056521662,0.3283442484544229,0.4603131374566585,0.016590167783815724,0.4294183158140993,0.2637655525291599,0.7495554900663811,0.399421967054363,0.0029434502914263637,1.5681944469370948,0.04497841937435667,0.6415602654260156,0.485485326199511
TB16,1,1244,decel,0.144562,0.30655467575228523,0.5771354147413964,0.33308528694872364,0.4765537668724761,0.01641394330841095,0.4423517482293844,0.2750360558905212,0.7507170099556204,0.40943818081271943,0.002991553783243232,1.5471615625534676,0.04492523281547476,0.6407651878142,0.49485277635652125
TB16,1,1246,decel,0.144347,0.3132865660144216,0.5808105036464157,0.3373408411460031,0.491268466223916,0.01603649866580914,0.4538542237718325,0.2853338852931148,0.7518832450382243,0.41909637596703975,0.0030379951674854876,1.5317851599475911,0.04470736610648795,0.6416181857685479,0.5042876560706309
TB16,1,1248,decel,0.143324,0.3198106856039342,0.5849282483936631,0.3421410557688788,0.5028065322308658,0.015586393899421569,0.4637426017710587,0.29410574417869223,0.7524450508443606,0.4295720676242084,0.003080512798987832,1.5210554434357741,0.04448540821902914,0.6428024931751695,0.5125825023721672
TB16,1,1250,decel,0.141737,0.3270226003045006,0.5905325912909061,0.3487287413767523,0.5103263779456072,0.015273104413060123,0.47246674526148513,0.30136435837232173,0.7518196150434783,0.43875407200827476,0.0031161048337189083,1.5126030430459914,0.044320894209289495,0.644452517459292,0.5185489788239083
TB16,1,1252,decel,0.139984,0.33528763635416026,0.5975261776813315,0.35703753301446217,0.5161742961906858,0.015131768038233906,0.4813287053630214,0.30842765422017193,0.7502346828592882,0.44565593980666823,0.0031495216904233046,1.50218695628611,0.04445373687208898,0.6450091020988256,0.5230005146627033
TB16,1,1254,decel,0.138593,0.34482303979517914,0.6044336332590037,0.3653400170146798,0.5253372060913066,0.014260732428805822,0.4922053225599207,0.3175314761639025,0.7457337886551251,0.45220579634370356,0.0031801381567112086,1.4887696763900244,0.04460253973924995,0.6429024340144016,0.5296616357435258
TB16,1,1256,decel,0.138119,0.35710582421777914,0.6135311696712368,0.3764204961581559,0.5380009183969219,0.013609853082815648,0.5066253887278301,0.3300803327482631,0.7464555298843744,0.4581698152537626,0.0031887573163493985,1.4624074795151272,0.04460516904647275,0.6450554521350144,0.5399262024690525
TB16,1,1258,decel,0.138984,0.3741806715972137,0.6261425072995299,0.39205443944734186,0.5568461369435758,0.013071780905618557,0.5270229288800302,0.34866503636590795,0.7441216475248531,0.4615599886845239,0.0032097298453690713,1.4193626873940224,0.045328529749266266,0.6458130520813072,0.5555500223887205
TB16,1,1260,decel,0.141323,0.3923812962653065,0.6388122228084323,0.40808105600945016,0.5787658385736211,0.012094191484469052,0.5489311091987047,0.36972269182480116,0.7451335301237652,0.46625897401402766,0.0032390023282687663,1.3673604795583478,0.046126189990745345,0.6430659522037878,0.5726400255645165
TB16,1,1262,decel,0.144882,0.41284912226624193,0.6548499398722586,0.42882844375070067,0.5897565587802517,0.01174217322246951,0.5681300941173543,0.38620204705651795,0.7495529232292555,0.4750442212520629,0.0032717575074126736,1.3143868704112591,0.0464876850707439,0.644898145976655,0.5823847570593018
TB16,1,1264,decel,0.149013,0.42815604117576833,0.666875855145872,0.44472340617653805,0.596422054941248,0.011603627037496678,0.5817784072376472,0.39773946791680304,0.7547351286479724,0.48707589275365987,0.003287718007836099,1.268883003849959,0.04553459028897464,0.6465258435765202,0.5899691010954428
TB16,1,1266,decel,0.152788,0.43910477315363783,0.6747011589832673,0.45522165393336417,0.6037633270308198,0.011084704777612697,0.5922585287355885,0.40735981649928754,0.7602675234174814,0.4981769805532554,0.0032839415413293133,1.2415030760779124,0.044260590018230385,0.6495295746307805,0.5967333476739376
TB16,1,1268,decel,0.155218,0.4457698850305938,0.6799715175212857,0.46236126464020016,0.6065476292627905,0.011200312242610422,0.5981219789642876,0.4124351119187578,0.7662112216004698,0.5062445972184128,0.003275008223351825,1.235215485535138,0.04313920236865676,0.6568713868473903,0.6003221186417502
TB16,1,1270,decel,0.155519,0.44389210898810794,0.6784909042909435,0.46034990720554225,0.6070632979998909,0.011355895276964734,0.5969887319615494,0.4118869260217885,0.7668828037554911,0.5062060106775714,0.003270056403212423,1.251583527457383,0.0421788515542324,0.6579796520355321,0.6004793206538301
TB16,1,1272,decel,0.153355,0.4350243064768936,0.672353842075324,0.4520596889534497,0.599482865606126,0.011725203264981665,0.5879413094932531,0.4030646079486039,0.7646971729741591,0.49989787598384455,0.0032621932145115175,1.2927383850018026,0.041389539734394784,0.6561887184184914,0.5934685542736216
TB16,1,1274,decel,0.148997,0.42288121429558456,0.6636381205199844,0.44041555500729734,0.5871211003778826,0.011679486340285872,0.5745187597817043,0.38963594357240305,0.7609630317677245,0.49235086113242926,0.003241169035495688,1.3492783170056555,0.040859420633106124,0.652449056555139,0.5823266562386837
TB16,1,1276,decel,0.143318,0.408899820328398,0.6533295220886359,0.42683946443256543,0.572009249943459,0.0113266574424018,0.5583931265008383,0.3737105298958392,0.7546108470167503,0.48189409752717155,0.0032133151295165186,1.405963977519699,0.040948028293698834,0.6460214510119839,0.5684395348669056
TB16,1,1278,decel,0.137643,0.3983593898295731,0.6457921945046553,0.41704755848313857,0.5591551737861438,0.01118219529458564,0.5455326110054447,0.3610980467479857,0.747455192965819,0.47137893195941316,0.003188519832053056,1.4435967019668128,0.04170795720965372,0.6382770048247887,0.5579146893812642
TB16,1,1280,decel,0.138366,0.4241534276192732,0.6604107450153864,0.43614235213177777,0.5986572103413726,0.008175425467769948,0.5786177743764725,0.3953596542903788,0.759554731420657,0.5052533050431866,0.0031639757662633074,1.3376905595819928,0.041370450099381874,0.6509177613977954,0.5915589297812514
TB16,2,1120,decel,0.138366,0.5305562762574734,0.7369319905040415,0.5430687586282487,0.7263212395916661,0.01239989433585087,0.6951550185669992,0.5352493568376493,0.7268759534927391,0.4824009366139849,0.006507011367228027,0.8919641876575131,0.033615540709052115,0.6070251711674017,0.6217790499702054
TB16,2,1122,decel,0.14356,0.5648050165095637,0.7619665127011108,0.580592966477892,0.723041163557524,0.014272767162378242,0.7168655629177343,0.5509331539352801,0.7423323340669913,0.5189110612736202,0.005952676233914908,0.8421785674512295,0.03220107712593137,0.6344310019642485,0.6443808463584015
TB16,2,1124,decel,0.145546,0.5648516504142956,0.7626114581529558,0.5815762361061775,0.7154295710119596,0.014498455217696216,0.7149069402726079,0.5455947883551742,0.7421490941846933,0.5217898686029714,0.00579307903840135,0.8498170282915309,0.03153012701416866,0.6342573137243859,0.6448874895916302
TB16,2,1126,decel,0.142589,0.5413433488776307,0.747718861437919,0.5590834957500179,0.7009200453157418,0.015550017681949857,0.6956166696259662,0.5240911382425011,0.7340988169386478,0.49913214632359093,0.006035582881713127,0.8982741762872833,0.03130123351416408,0.6251656770767985,0.6293262032528962
TB16,2,1128,decel,0.134389,0.49892559418101523,0.7187678382114361,0.5166272052471411,0.6719368234398235,0.015508467121586933,0.6584377484743759,0.48296657799850135,0.7226651087734761,0.458273589035284,0.0066492306635824155,0.97217154153173,0.03203528403408589,0.6032812080589861,0.5957590953785484
TB16,2,1130,trough,0.122509,0.45800126043137757,0.6931583391889756,0.48046848318721896,0.6185840618168108,0.016905899910260813,0.6127341572216144,0.4287767009377112,0.6898243818052323,0.4070336158544101,0.007560681280842915,1.0089358508460864,0.03219287266584608,0.5622739162585443,0.5548650771869643
TB16,2,1132,trough,0.110418,0.42663265117134663,0.6776531981140768,0.45921385691423616,0.5671326113185492,0.020366405637261775,0.5727534508987385,0.3843192278148025,0.6475095242632943,0.3676508635830725,0.008666436553109837,0.9933808616575168,0.033543027313827155,0.5114128829183963,0.524988627103345
TB16,2,1134,trough,0.103096,0.42554605150412883,0.6753115103698977,0.4560456360380724,0.5695351124032143,0.01931093816713747,0.5724774924226038,0.3846136169657041,0.6471993037088155,0.3669793451923354,0.00897945951802149,0.9847707205433771,0.03405963702187668,0.5095561958844737,0.5305681423491693
TB16,2,1136,trough,0.106265,0.4832392708600608,0.711944678028116,0.5068652245725578,0.6312043974822564,0.01710696080987284,0.6349337655499381,0.449382611535436,0.7074715892201168,0.4424841393815976,0.007835945925278209,0.9316108915161999,0.03499684181592278,0.5814693560673092,0.5842983540064187
TB16,2,1138,trough,0.125362,0.6056721492466478,0.7942723883652356,0.6308686269194157,0.6879307788114342,0.013887939750274803,0.7348408846580359,0.5464044227165145,0.785953654871114,0.5788659496343305,0.005830688129670002,0.7275215107913895,0.031371726778121625,0.6850975552123755,0.6851742928056231
TB16,2,1140,accel,0.164472,0.7037349354115483,0.851569180907744,0.725170069871886,0.7360996450989551,0.008101920760440473,0.8088544177600447,0.6268397718433982,0.8772352343957038,0.70915991218407,0.0041936267592689635,0.5886459852006796,0.025696151428040933,0.8040022943157491,0.7579340789221007
TB16,2,1142,accel,0.225431,0.7392448948364739,0.8716370267213202,0.7597511063515834,0.7513947637236592,0.006048009704310853,0.8339818440784967,0.6549434977460592,0.9177050435032608,0.7639602126501853,0.003459206949891309,0.5540080113467892,0.021886957346816623,0.8617016735117069,0.7821809835331753
TB16,2,1144,accel,0.307278,0.7406148422705963,0.8732890864517668,0.7626338285157614,0.7450694837328482,0.005578719723768,0.8338028116123113,0.6506610487921486,0.931504131396812,0.7744238028513583,0.0032901014502717436,0.5727812693450857,0.019840964193848114,0.8870241569119672,0.7787442841898289
TB16,2,1146,accel,0.406197,0.7282160227061596,0.8672190855779722,0.7520689423906943,0.7317280875283674,0.0054951091320567524,0.8236223926535421,0.6345685629580692,0.9339382822690367,0.7668579062734632,0.003451732301366258,0.6180336515756631,0.018893020059676757,0.8942434659535569,0.7610572808192323
TB16,2,1148,accel,0.515946,0.7127574819114524,0.8592585028012129,0.738325174636182,0.7184382059861851,0.005737336729656928,0.8112594415482325,0.6173241372308788,0.9311461816208676,0.7531055396184348,0.003818655112499483,0.6756974380964065,0.018665869962878882,0.890424067938334,0.7393499388888559
TB16,2,1150,accel,0.628717,0.698090273433398,0.8507096807632204,0.7237069609442603,0.7109420632455968,0.00608170060430957,0.8002608876691713,0.6048052956648069,0.9259506861248806,0.7380555964061607,0.004327249888577735,0.7370636868149062,0.0188733906755982,0.8803272819821364,0.7203628825453144
TB16,2,1152,accel,0.736242,0.6841915098602656,0.8416516522337081,0.7083775037077307,0.7090765506752185,0.006609836294221294,0.7907720832403005,0.5967954504359763,0.9195997630070489,0.7221650603076079,0.004958537635494274,0.7969611397035684,0.019381098594894484,0.8699236505032995,0.7043743426192642
TB16,2,1154,peak,0.830951,0.669790908679883,0.8318779549471105,0.6920209319269868,0.7094708556231746,0.0072465252822039306,0.7814046786510916,0.5901931644703832,0.912870130030401,0.7045530037807102,0.005685202457698286,0.8527465707753045,0.020042355934361003,0.8586048164924859,0.691311198039486
TB16,2,1156,peak,0.906964,0.6560995174732123,0.8226067604754751,0.6766818823799556,0.7108113594378423,0.008084153213578249,0.772753526990097,0.584718229696332,0.906729393770512,0.686081006827873,0.006103634178046653,0.9012035904448523,0.02082035571086666,0.8485792188953178,0.6802177898275746
TB16,2,1158,peak,0.960739,0.6435121219764572,0.8144791623721593,0.6633763059384543,0.7103779518271874,0.009027121925068382,0.7644867762597046,0.5785880391718577,0.9011542627396597,0.6683304527252374,0.006234964602044186,0.941825679625676,0.021590168796800768,0.8408517012627124,0.6693502808647152
TB16,2,1160,peak,0.991296,0.631405423851296,0.8070369436975825,0.651308628492735,0.7074905484720608,0.00999371983904318,0.7559843454830693,0.5709710099338183,0.8960155400282154,0.6519730928972756,0.006406991714222387,0.9768525609988704,0.022354204982857447,0.8336077626184828,0.6579617319289847
TB16,2,1162,peak,1.0,0.6193529866001155,0.7996040670341794,0.6393666640176005,0.7041557941666269,0.010903304624086285,0.7473702529421827,0.5630458368413174,0.8907617415320174,0.6370071675959826,0.006600000203938519,1.0069725675369245,0.023228285888051304,0.826075589985202,0.6470830481768265
TB16,2,1164,peak,0.989996,0.6071665203570948,0.7920537750417423,0.627349182557875,0.7002330873027617,0.011751623503920783,0.7384733152154062,0.5546222602072863,0.8853287766897705,0.6236757468577999,0.006803205062985986,1.0333511436854805,0.024135398437616352,0.8182043958315748,0.6357565061865589
TB16,2,1166,peak,0.965439,0.5951351453169638,0.7846427721220053,0.6156642798433051,0.6953000199748097,0.01254700716510615,0.7293664452950404,0.5455621351295203,0.879865619152,0.6117247741302836,0.007002133955511145,1.0568057339328203,0.024937219372812566,0.8098608745414063,0.6236680745829177
TB16,2,1168,peak,0.930694,0.5861960196046059,0.7789616457696984,0.606781245580237,0.6928097777378113,0.013163081610247485,0.7228648129896782,0.5396722446719844,0.8751489984797651,0.6019519007258514,0.007177626558951111,1.0740735336608893,0.025555048012169988,0.8024652587347877,0.6145675482323573
TB16,2,1170,peak,0.889659,0.5805676998371979,0.7754615519683681,0.60134061858119,0.691594043872245,0.013739159829738834,0.7188869710354868,0.5363045905932508,0.8707780665084904,0.5940158722591993,0.007327841909590152,1.085525036984565,0.026123030891078366,0.7956285509299278,0.6082588729732633
TB16,2,1172,peak,0.845329,0.5774686717036575,0.7738281684738613,0.5988100343236106,0.6899778545456776,0.014310487474098132,0.7164942169615021,0.5339242994706059,0.8661921248088358,0.5878359038361866,0.007452863528617395,1.0936981756713853,0.026594018123290996,0.788758980891896,0.6039939270172032
TB16,2,1174,accel,0.799638,0.5750170104594052,0.7730971267836236,0.5976791674410943,0.6853846880578537,0.014968685074467025,0.7137623628647548,0.5298689330790168,0.8607943621132594,0.5824334188010534,0.007562498009522726,1.1016182298828725,0.026773463310585898,0.7814785045017275,0.6001980894088612
TB16,2,1176,accel,0.753564,0.5726786387200089,0.7729772989175944,0.5974939046419401,0.6774572992522935,0.015691195585872064,0.7102197955436254,0.5236591133080463,0.8547024301553922,0.5773473434443334,0.007662756752071647,1.110250617441907,0.026959521355189964,0.773815923911418,0.5955724496205398
TB16,2,1178,accel,0.707404,0.5691829909313035,0.77266071951936,0.5970045874881751,0.6660222238841765,0.0164498278055365,0.7049270174784207,0.5146092107222321,0.848562498842847,0.571431620769965,0.007750775487395784,1.1203139422108894,0.0271599409219753,0.7667394262195946,0.5894658372771909
TB16,2,1180,accel,0.661118,0.5635765541304072,0.7710337128083591,0.5944929862870432,0.6539875691128905,0.017216632402655585,0.6979593739556663,0.5042464635436252,0.8425725385306978,0.5634769213110898,0.007841522840754497,1.131827492199636,0.02735289592106732,0.7605534702109364,0.5835670290454337
TB16,2,1182,accel,0.614643,0.5555032416648247,0.767084176781585,0.588418134268682,0.6434152413648945,0.01762088701675979,0.6895113873973931,0.4935536507511149,0.8356531021624302,0.5534551362390713,0.007943648656170064,1.1450860795693532,0.02764157458463817,0.7530189368431881,0.5781590840304822
TB16,2,1184,accel,0.568077,0.5425577425584978,0.7607794636260217,0.5787853922750972,0.6273857040299146,0.018433754617415476,0.6760430816240796,0.4773021593985124,0.8277268629570605,0.5394655904511689,0.008084813125988854,1.1621243619448824,0.02811238677923393,0.7425882730088857,0.5680025702360585
TB16,2,1186,accel,0.521728,0.5257475455551704,0.7521297754547476,0.565699199125609,0.6087740971503162,0.01940080306831493,0.6588128295111514,0.457877124992334,0.8182456992253507,0.5220997197252427,0.00784761016181783,1.180415323175922,0.02868374480277852,0.7272395091587533,0.5549848370303403
TB16,2,1188,accel,0.476028,0.5073805465864463,0.7412932389235853,0.5495156660738197,0.5925506547305194,0.02001076313494221,0.6407193217819335,0.4392537940714778,0.8063458628092998,0.5027811015498791,0.007556740737774685,1.1967268290548676,0.029327100716165375,0.7075569300789333,0.5425791024821365
TB16,2,1190,accel,0.431376,0.4875362063023795,0.7284929338331425,0.5307019546448194,0.5775318979653186,0.020376513992153455,0.6214961427637998,0.42072790673097804,0.791456435476098,0.48185563033812573,0.007276147639303415,1.2103828747551801,0.02990700485339122,0.6844419673843961,0.5301599821412479
TB16,2,1192,accel,0.387986,0.4645779580371232,0.7132288792512902,0.5086954341980515,0.5604910393732907,0.020788628430330802,0.5989164233842154,0.39975839584260286,0.7728919130665788,0.45811555799896675,0.007009635431747004,1.222559599476079,0.03077234708348903,0.6579367385141036,0.5159370335674108
TB16,2,1194,accel,0.345798,0.4376988953128852,0.6952503224239955,0.48337301083066975,0.5395240729935901,0.02142345075612373,0.5715832691155656,0.37510428570430077,0.7491972113718013,0.43025776467640936,0.006771041024153938,1.2336019714680506,0.031912389867935397,0.6264972422339061,0.49852109624321467
TB16,2,1196,accel,0.304512,0.40563626558104293,0.6737280297270442,0.4539094580398849,0.5126350025696643,0.022322229060113608,0.5375021945330152,0.34537657025037816,0.7184934015909432,0.3967317962007741,0.00657510885336004,1.2430218513661002,0.03324190976323504,0.5888794257753327,0.4789010827026451
TB16,2,1198,accel,0.263724,0.3651741543111007,0.6457902923703175,0.41704510171974013,0.47752693934229756,0.023558391436407478,0.4927846511974911,0.3083822617725652,0.681248114886485,0.3557262788117422,0.006430237542185782,1.2489523118827603,0.035076794616284476,0.5447176415086425,0.45568897314517187
TB16,2,1200,accel,0.223146,0.3156303198171696,0.6094095848982213,0.3713800421658224,0.43431102778464714,0.02509021764539715,0.4361370216461989,0.26467330315896165,0.6389377912211008,0.30730861423124034,0.006335657848349664,1.2460958072173702,0.03710817318214607,0.49863958390375374,0.4302238647068711
TB16,2,1202,accel,0.182834,0.2598454818070778,0.5627674248740455,0.3167071744993645,0.389672570077922,0.026899863935395618,0.372082354918589,0.2192950288068032,0.5915610980206083,0.25369522361190905,0.0063185025675251945,1.227791214592889,0.038912755684272,0.4495503893568469,0.40704572329979777
TB16,2,1204,decel,0.143355,0.2052031297564666,0.5086456664820133,0.2587204140309315,0.3507643851759925,0.028590785287634007,0.30984836471908167,0.17841478447599632,0.5429641990661277,0.2007569585052101,0.006407841770484671,1.1909983701993334,0.041520297146666496,0.40256957155911655,0.3903002775577977
TB16,2,1206,trough,0.105832,0.1607829231522656,0.45648669805667863,0.2083801055026893,0.32298422296111645,0.029774271493782478,0.2600104067174064,0.14743800146392214,0.5009828216291349,0.15701334166794131,0.0065880570585090574,1.1390721664958716,0.04479161843129411,0.3659540372156789,0.3817616391253398
TB16,2,1208,trough,0.071839,0.1321906508562899,0.4167518530611426,0.1736821070298962,0.31136842617253097,0.030385789510818967,0.2302123921443983,0.12976336859213386,0.47360853778439777,0.12790097826848934,0.006610626491388312,1.0828434463769097,0.048778817988311365,0.34294641458969555,0.3843761123092387
TB16,2,1210,trough,0.043158,0.11631585874269146,0.39202465392555835,0.1536833292854538,0.3100891800223535,0.030654048659019606,0.21576427933564993,0.1215626034843233,0.45860347744640645,0.11024646928415792,0.006425702880275014,1.0400909488481882,0.05192809792364743,0.32792625558497346,0.39161171986230964
TB16,2,1212,trough,0.021454,0.10497657093526969,0.37483370109498715,0.14050030347656617,0.30857173122908554,0.03113308389078684,0.20537688184370306,0.11566308406988576,0.44679472413971855,0.0962357917703589,0.006192013926697067,1.0258336470599023,0.05535459858291028,0.3103322513179234,0.39399991145366653
TB16,2,1214,trough,0.007926,0.0932213199898968,0.3591011540928857,0.12895363887084244,0.30165165452306303,0.032431873880122586,0.19284491611749646,0.10832345727326037,0.4339249197708915,0.08022282920911222,0.005883821944771822,1.0463631946164207,0.056417454766423576,0.28737700261364185,0.3866863293507202
TB16,2,1216,trough,0.003045,0.08588049885451743,0.35236226115224883,0.1241591630843256,0.286705054558492,0.0339677954521129,0.18101948628100561,0.1010240413080091,0.43053851971552015,0.07187064173905248,0.005518214405470143,1.0960235001631013,0.05824754864916311,0.27094269467857035,0.3705640300401848
TB16,2,1218,trough,0.006411,0.09717082126021492,0.3754461989506962,0.14095984830652575,0.27521523016500005,0.033742779942591616,0.18626371701185374,0.10332851205879026,0.458347265674343,0.09499069402698611,0.005139712136248726,1.159571184826695,0.056372521988142264,0.2804521327140608,0.3588658074093167
TB16,2,1220,trough,0.016793,0.135122540522982,0.43110892884673135,0.18585490853137607,0.2968018257197621,0.032693970058035704,0.22832904370290516,0.12795391716580087,0.5195498227951463,0.1487575793204592,0.004854722075616287,1.2032639136649215,0.05433223388811604,0.32675677711128237,0.3710852524594384
TB16,2,1222,trough,0.032322,0.19073191422975522,0.49239367706501574,0.24245153321360702,0.3441598362216437,0.02974634741267365,0.2951807311549004,0.16946212725526874,0.5923549777752467,0.21221838140687843,0.00475265909892426,1.199570077152795,0.05288280944051551,0.4184047841408475,0.3999349876978144
TB16,2,1224,trough,0.050802,0.2474177917528182,0.5440280584441224,0.29596652837448145,0.397654906646069,0.027123637054367267,0.3650451262427994,0.21633542679343967,0.6506030118547869,0.2689037330798843,0.004814298223496027,1.145435549267971,0.05354305965559065,0.5213681183981842,0.431198488765068
TB16,2,1226,trough,0.070062,0.2997512481179745,0.5846148626185803,0.3417745375945415,0.4516629584013666,0.024347080641583863,0.42992571968877435,0.2640488783757165,0.6871798418951637,0.31291286651305084,0.004944038016044059,1.0686700498105655,0.05240721294201168,0.5970971792084514,0.4652866998250152
TB16,2,1228,trough,0.088271,0.33661841664727277,0.6098300025243388,0.3718926319788351,0.4922063381248365,0.02143888890479556,0.4750506842187102,0.3001621924211646,0.7085173557962512,0.3387954879526635,0.005167542139234973,1.0030324898930914,0.051496958504183316,0.6294093014100524,0.4976362931972111
TB16,2,1230,trough,0.104151,0.3621811203899802,0.6276606636468758,0.39395790868963654,0.51953849102075,0.020086384086262676,0.505569300269229,0.32609387406418033,0.7201257190085768,0.3535397717593208,0.0054924186042426115,0.9551867566954546,0.05018863919114349,0.6350522189625397,0.5210998370367977
TB16,2,1232,trough,0.117053,0.3789475180761974,0.6387702339205749,0.40802741174294593,0.5383804854611186,0.019001792070995616,0.5254995236485513,0.3439014286362714,0.7259387726153104,0.3626052169380208,0.005919470339064452,0.9245463033748563,0.049077229499934545,0.6313903449461937,0.5367452423556076
TB16,2,1234,trough,0.126894,0.3923674265944399,0.6479863837782075,0.4198863535619584,0.5543859950871876,0.018757894204408487,0.5417903758021071,0.35923457617382976,0.7285186907696157,0.3728588178643312,0.006448139427225741,0.902971501782312,0.047439835823094564,0.6249952123919066,0.5499628898150051
TB16,2,1236,decel,0.133992,0.4019955092814562,0.6530178915428917,0.42643236667512385,0.5708413800521176,0.01768387835287427,0.5549050885201199,0.37276963440706834,0.7276206813954584,0.37974344781725977,0.007080686855254021,0.8877368271273296,0.04582146550858413,0.6176982538098963,0.5614849938362393
TB16,2,1238,decel,0.13886,0.4156614298826127,0.6620239141620273,0.4382756629224113,0.589707573513889,0.017384579915061038,0.5719569125483415,0.3904005160286563,0.7270224703652398,0.38921274462368927,0.007611558488034683,0.8713961151399615,0.04519679559412075,0.6132865535074121,0.5756837345297897
TB16,2,1240,decel,0.142008,0.4267557107718011,0.6681899127165338,0.4464777594561291,0.610445769161806,0.016387662569459005,0.5873065464454487,0.40789370521440454,0.7252800587655409,0.39629798962257207,0.007954590853392876,0.8569319215621607,0.04441743906776616,0.6089721626800197,0.5895623365862404
TB16,2,1242,decel,0.143829,0.4384544953801396,0.6747768716583581,0.4553238265250403,0.6317609058713385,0.015018957832310664,0.6029069350010666,0.4262976476999122,0.723198506926225,0.40320607504520267,0.008510006252011633,0.8427479488935871,0.04366346727245162,0.6048859937310096,0.6043445766888721
TB16,2,1244,decel,0.144562,0.44725225399974566,0.6802630036936181,0.4627577541942635,0.6480213641279202,0.014465976872633457,0.6146481834183583,0.44082495961929485,0.7221357812170098,0.4092712280656236,0.009339706969829366,0.8314956503125708,0.04271975106299109,0.6028283846026814,0.617070957556745
TB16,2,1246,decel,0.144347,0.45221886371014997,0.6834435091972609,0.4670950302638665,0.65947635343891,0.014301741998571427,0.6220141781631852,0.45071483322690176,0.7198204801045557,0.41318921302616013,0.010269518759435941,0.824402420259081,0.042495045581754494,0.6000227406971657,0.6256665514746185
TB16,2,1248,decel,0.143324,0.4585963468088098,0.6880467902957306,0.47340838563625703,0.6701013386690167,0.014489999593360503,0.6300689391126022,0.46106107524408924,0.7198578166427826,0.4167054309228746,0.010035704074784121,0.8190914137470985,0.04213767365019556,0.6008349831172515,0.6299306869895454
TB16,2,1250,decel,0.141737,0.46079937727977593,0.689751924946269,0.47575771796708355,0.6759728966540506,0.014768479066629814,0.6336225101869807,0.46625360667863675,0.7217592198848073,0.41934279317775336,0.00978869582792381,0.8194613485395458,0.041059792930828364,0.6040635411560819,0.6311031993615315
TB16,2,1252,decel,0.139984,0.4639200498694359,0.6925568315012897,0.47963496485910573,0.6798041997890696,0.015552285374082264,0.6372166094292128,0.47080304264718775,0.7241648714910033,0.4247187479187727,0.009623097556456257,0.8210018511742749,0.04091814894972567,0.6080953894705415,0.6313426130504954
TB16,2,1254,decel,0.138593,0.46886841224493825,0.6970242092861241,0.4858427483309465,0.6829710840380763,0.016776845756770964,0.6419079335463058,0.47604737981692713,0.7240770971174209,0.43349246001425923,0.009525463089854384,0.8244119351964384,0.04017724267663097,0.6095443911746998,0.6315324222150699
TB16,2,1256,decel,0.138119,0.4782724457698303,0.703949992822414,0.4955455923946767,0.6913037480142489,0.017113219117098344,0.6510216476729971,0.4866432684527384,0.7216595767962102,0.445369425338091,0.00945579412874932,0.8245352011525946,0.039803633295790154,0.6107132504643216,0.6348031693063383
TB16,2,1258,decel,0.138984,0.4934976207261428,0.7141035712945063,0.5099439105355681,0.7049817632479898,0.01636308242738771,0.6653132193126038,0.5034299948328876,0.7190985106857658,0.4587588091114123,0.009430595437806027,0.8215081463608342,0.038318275350938,0.6099842811047017,0.6437408153665771
TB16,2,1260,decel,0.141323,0.5131297057406317,0.7267525677969319,0.5281692947994341,0.721156026466979,0.015008267783944484,0.682836003524256,0.5241019940171091,0.7184168860907146,0.47373125451449966,0.009428526800696007,0.8137799891218438,0.037524664891652654,0.6105519498935301,0.6564797983560761
TB16,2,1262,decel,0.144882,0.5330970557886022,0.7394224368385237,0.5467455401002206,0.7308965105884558,0.01357579289319677,0.6983413117755215,0.5404412789360898,0.7227910450517444,0.48826719189492845,0.009407434106989377,0.8058778140245505,0.03608628889268702,0.6120043829676111,0.6641626089322512
TB16,2,1264,decel,0.149013,0.5522885529223738,0.7522115031856639,0.565822145524836,0.7330717990943557,0.013167264329759454,0.7112585090665765,0.5514250399397843,0.7302655799325449,0.50254837244048,0.008764289854596121,0.7996650131019403,0.0355684288037189,0.6209661792437912,0.6673603361234307
TB16,2,1266,decel,0.152788,0.564148863037895,0.7598376657649002,0.5773532783150522,0.7351445225843827,0.012594663957023688,0.7193547205567826,0.5585904980403693,0.73486017981521,0.5108311640092367,0.007500025883192322,0.8022918467528076,0.03496215710358927,0.6254974173756348,0.6672401963231407
TB16,2,1268,decel,0.155218,0.5667284953566112,0.761385011967003,0.5797071364479933,0.7339902738978316,0.01222816941750371,0.7206447997529701,0.5588491934753643,0.7367573075339635,0.5108170146423677,0.006768738481447115,0.8163628156173753,0.03425081489547013,0.6268483025612139,0.6622975978345566
TB16,2,1270,decel,0.155519,0.5642519983554879,0.7601427113694958,0.5778169416481687,0.7304756076470097,0.012684806249399938,0.7181958214560364,0.555265708986078,0.7344188023070573,0.5046462258999379,0.00645718183604707,0.8384481950399101,0.034149658134654155,0.6230573906896555,0.6541035234926795
TB16,2,1272,decel,0.153355,0.552948903733716,0.7523241352135253,0.5659916044247786,0.7265262028572154,0.012377167377201848,0.7097480719884345,0.5465831972745208,0.7275134981814417,0.49131884118614605,0.006402255695326417,0.8715251908801549,0.033649106615700856,0.6146927899677901,0.6419301911672051
TB16,2,1274,decel,0.148997,0.5358112455499977,0.741038694187166,0.54913834628262,0.7173489806261719,0.01276589820402041,0.6960833498482489,0.5315833518797131,0.720757821057528,0.4741046983693025,0.006515413385757167,0.907164136603083,0.03406605377803939,0.6073348037749615,0.624637795464098
TB16,2,1276,decel,0.143318,0.5172278602118496,0.7292689627852025,0.531833220081805,0.7026115678833096,0.013894743167000012,0.6797654105992178,0.5123928093511461,0.7159457283846314,0.457344311310427,0.006711719291041664,0.9382290613874085,0.03385398954807954,0.6001898841007834,0.6050270224115137
TB16,2,1278,decel,0.137643,0.5025606170970864,0.7203145447336649,0.5188530433548668,0.6882970493654925,0.015267306248129553,0.6659283703380618,0.49579037575522955,0.7121896020753034,0.44668579106930884,0.006891884166823235,0.9546994023639717,0.03436715939924317,0.5920644041412917,0.5901142353809948
TB16,2,1280,decel,0.138366,0.5308118687406589,0.7375680697711853,0.544006657545992,0.7184631475859089,0.012829790753627779,0.6931443591495677,0.5299154769666691,0.7254942725143926,0.478887011897601,0.006509652086395144,0.8922643358473807,0.033565504411058836,0.6064187737017465,0.6213583320895825
