canonical_id,field_mask,valid,total,fraction
AAA/ruputer/DING_JUN_FENG,centerline_audit_core_mask,1037,1073,0.9664492078285182
AAA/ruputer/DING_JUN_FENG,centerline_opening_extension_mask,0,1073,0.0
AAA/ruputer/DING_JUN_FENG,centerline_original_audit_core_mask,1037,1073,0.9664492078285182
AAA/ruputer/DING_JUN_FENG,coverage_pre_shift_valid,207,277,0.7472924187725631
AAA/ruputer/DING_JUN_FENG,coverage_recovery_candidate_mask,4,277,0.01444043321299639
AAA/ruputer/DING_JUN_FENG,final_probe_profile_valid,203,277,0.7328519855595668
AAA/ruputer/DING_JUN_FENG,final_probe_recovered_mask,6,277,0.021660649819494584
AAA/ruputer/DING_JUN_FENG,pc_section_raw_contour_valid,211,277,0.7617328519855595
AAA/ruputer/DING_JUN_FENG,pc_section_valid,199,277,0.7184115523465704
AAA/ruputer/DING_JUN_FENG,section_raw_contour_valid,275,277,0.9927797833935018
AAA/ruputer/DING_JUN_FENG,section_valid,201,277,0.7256317689530686
AAA/ruputer/DING_JUN_FENG,wall_cia_geometry_valid,25198,55763,0.45187669243046463
AAA/ruputer/DING_JUN_FENG,wall_cia_semantic_valid,31178,55763,0.5591162598855872
AAA/ruputer/DING_JUN_FENG,wall_map_area_slope_per_mm_valid,42422,55763,0.7607553395620752
AAA/ruputer/DING_JUN_FENG,wall_map_downstream_min_area_ratio_valid,41318,55763,0.7409572655703602
AAA/ruputer/DING_JUN_FENG,wall_map_downstream_min_distance_mm_valid,41318,55763,0.7409572655703602
AAA/ruputer/DING_JUN_FENG,wall_map_eccentricity_valid,42422,55763,0.7607553395620752
AAA/ruputer/DING_JUN_FENG,wall_map_pc_area_slope_per_mm_valid,41367,55763,0.741835984434123
AAA/ruputer/DING_JUN_FENG,wall_map_pc_downstream_min_area_ratio_valid,39940,55763,0.7162455391567886
AAA/ruputer/DING_JUN_FENG,wall_map_pc_downstream_min_distance_mm_valid,39940,55763,0.7162455391567886
AAA/ruputer/DING_JUN_FENG,wall_map_pc_eccentricity_valid,41367,55763,0.741835984434123
AAA/ruputer/DING_JUN_FENG,wall_map_pc_roundness_valid,41367,55763,0.741835984434123
AAA/ruputer/DING_JUN_FENG,wall_map_pc_upstream_min_area_ratio_valid,39202,55763,0.70301095708624
AAA/ruputer/DING_JUN_FENG,wall_map_pc_upstream_min_distance_mm_valid,39202,55763,0.70301095708624
AAA/ruputer/DING_JUN_FENG,wall_map_pc_valid,41367,55763,0.741835984434123
AAA/ruputer/DING_JUN_FENG,wall_map_roundness_valid,42422,55763,0.7607553395620752
AAA/ruputer/DING_JUN_FENG,wall_map_upstream_min_area_ratio_valid,40774,55763,0.7312016928787906
AAA/ruputer/DING_JUN_FENG,wall_map_upstream_min_distance_mm_valid,40774,55763,0.7312016928787906
AAA/ruputer/DING_JUN_FENG,wall_map_valid,42422,55763,0.7607553395620752
AAA/ruputer/FENG_LI_XIN,centerline_audit_core_mask,1475,1511,0.9761747187293184
AAA/ruputer/FENG_LI_XIN,centerline_opening_extension_mask,0,1511,0.0
AAA/ruputer/FENG_LI_XIN,centerline_original_audit_core_mask,1475,1511,0.9761747187293184
AAA/ruputer/FENG_LI_XIN,coverage_pre_shift_valid,239,386,0.6191709844559585
AAA/ruputer/FENG_LI_XIN,coverage_recovery_candidate_mask,19,386,0.04922279792746114
AAA/ruputer/FENG_LI_XIN,final_probe_profile_valid,220,386,0.5699481865284974
AAA/ruputer/FENG_LI_XIN,final_probe_recovered_mask,3,386,0.007772020725388601
AAA/ruputer/FENG_LI_XIN,pc_section_raw_contour_valid,219,386,0.5673575129533679
AAA/ruputer/FENG_LI_XIN,pc_section_valid,197,386,0.5103626943005182
AAA/ruputer/FENG_LI_XIN,section_raw_contour_valid,385,386,0.9974093264248705
AAA/ruputer/FENG_LI_XIN,section_valid,229,386,0.5932642487046632
AAA/ruputer/FENG_LI_XIN,wall_cia_geometry_valid,8312,21644,0.38403252633524304
AAA/ruputer/FENG_LI_XIN,wall_cia_semantic_valid,12298,21644,0.5681944187765663
AAA/ruputer/FENG_LI_XIN,wall_map_area_slope_per_mm_valid,12376,21644,0.5717981888745148
AAA/ruputer/FENG_LI_XIN,wall_map_downstream_min_area_ratio_valid,11773,21644,0.5439382738865275
AAA/ruputer/FENG_LI_XIN,wall_map_downstream_min_distance_mm_valid,11773,21644,0.5439382738865275
AAA/ruputer/FENG_LI_XIN,wall_map_eccentricity_valid,12376,21644,0.5717981888745148
AAA/ruputer/FENG_LI_XIN,wall_map_pc_area_slope_per_mm_valid,9978,21644,0.46100535945296617
AAA/ruputer/FENG_LI_XIN,wall_map_pc_downstream_min_area_ratio_valid,9358,21644,0.4323600073923489
AAA/ruputer/FENG_LI_XIN,wall_map_pc_downstream_min_distance_mm_valid,9358,21644,0.4323600073923489
AAA/ruputer/FENG_LI_XIN,wall_map_pc_eccentricity_valid,10058,21644,0.46470153391240065
AAA/ruputer/FENG_LI_XIN,wall_map_pc_roundness_valid,10058,21644,0.46470153391240065
AAA/ruputer/FENG_LI_XIN,wall_map_pc_upstream_min_area_ratio_valid,9325,21644,0.4308353354278322
AAA/ruputer/FENG_LI_XIN,wall_map_pc_upstream_min_distance_mm_valid,9325,21644,0.4308353354278322
AAA/ruputer/FENG_LI_XIN,wall_map_pc_valid,10058,21644,0.46470153391240065
AAA/ruputer/FENG_LI_XIN,wall_map_roundness_valid,12376,21644,0.5717981888745148
AAA/ruputer/FENG_LI_XIN,wall_map_upstream_min_area_ratio_valid,11863,21644,0.5480964701533912
AAA/ruputer/FENG_LI_XIN,wall_map_upstream_min_distance_mm_valid,11863,21644,0.5480964701533912
AAA/ruputer/FENG_LI_XIN,wall_map_valid,12376,21644,0.5717981888745148
AAA/ruputer/GAO_FENG_SHAN,centerline_audit_core_mask,1149,1185,0.9696202531645569
AAA/ruputer/GAO_FENG_SHAN,centerline_opening_extension_mask,1,1185,0.0008438818565400844
AAA/ruputer/GAO_FENG_SHAN,centerline_original_audit_core_mask,1149,1185,0.9696202531645569
AAA/ruputer/GAO_FENG_SHAN,coverage_pre_shift_valid,212,304,0.6973684210526315
AAA/ruputer/GAO_FENG_SHAN,coverage_recovery_candidate_mask,16,304,0.05263157894736842
AAA/ruputer/GAO_FENG_SHAN,final_probe_profile_valid,199,304,0.6546052631578947
AAA/ruputer/GAO_FENG_SHAN,final_probe_recovered_mask,7,304,0.023026315789473683
AAA/ruputer/GAO_FENG_SHAN,pc_section_raw_contour_valid,149,304,0.4901315789473684
AAA/ruputer/GAO_FENG_SHAN,pc_section_valid,133,304,0.4375
AAA/ruputer/GAO_FENG_SHAN,section_raw_contour_valid,301,304,0.9901315789473685
AAA/ruputer/GAO_FENG_SHAN,section_valid,207,304,0.680921052631579
AAA/ruputer/GAO_FENG_SHAN,wall_cia_geometry_valid,22411,48245,0.4645248212249974
AAA/ruputer/GAO_FENG_SHAN,wall_cia_semantic_valid,30281,48245,0.6276505337340657
AAA/ruputer/GAO_FENG_SHAN,wall_map_area_slope_per_mm_valid,31657,48245,0.6561716240024873
AAA/ruputer/GAO_FENG_SHAN,wall_map_downstream_min_area_ratio_valid,30284,48245,0.6277127163436625
AAA/ruputer/GAO_FENG_SHAN,wall_map_downstream_min_distance_mm_valid,30284,48245,0.6277127163436625
AAA/ruputer/GAO_FENG_SHAN,wall_map_eccentricity_valid,31885,48245,0.6608975023318479
AAA/ruputer/GAO_FENG_SHAN,wall_map_pc_area_slope_per_mm_valid,20383,48245,0.4224893771375272
AAA/ruputer/GAO_FENG_SHAN,wall_map_pc_downstream_min_area_ratio_valid,18336,48245,0.38006010985594363
AAA/ruputer/GAO_FENG_SHAN,wall_map_pc_downstream_min_distance_mm_valid,18336,48245,0.38006010985594363
AAA/ruputer/GAO_FENG_SHAN,wall_map_pc_eccentricity_valid,20574,48245,0.42644833661519327
AAA/ruputer/GAO_FENG_SHAN,wall_map_pc_roundness_valid,20574,48245,0.42644833661519327
AAA/ruputer/GAO_FENG_SHAN,wall_map_pc_upstream_min_area_ratio_valid,18484,48245,0.3831277852627215
AAA/ruputer/GAO_FENG_SHAN,wall_map_pc_upstream_min_distance_mm_valid,18484,48245,0.3831277852627215
AAA/ruputer/GAO_FENG_SHAN,wall_map_pc_valid,20574,48245,0.42644833661519327
AAA/ruputer/GAO_FENG_SHAN,wall_map_roundness_valid,31885,48245,0.6608975023318479
AAA/ruputer/GAO_FENG_SHAN,wall_map_upstream_min_area_ratio_valid,30091,48245,0.6237123017929319
AAA/ruputer/GAO_FENG_SHAN,wall_map_upstream_min_distance_mm_valid,30091,48245,0.6237123017929319
AAA/ruputer/GAO_FENG_SHAN,wall_map_valid,31885,48245,0.6608975023318479
AAA/ruputer/GUO_AI_JUN,centerline_audit_core_mask,1071,1107,0.967479674796748
AAA/ruputer/GUO_AI_JUN,centerline_opening_extension_mask,1,1107,0.0009033423667570009
AAA/ruputer/GUO_AI_JUN,centerline_original_audit_core_mask,1071,1107,0.967479674796748
AAA/ruputer/GUO_AI_JUN,coverage_pre_shift_valid,213,284,0.75
AAA/ruputer/GUO_AI_JUN,coverage_recovery_candidate_mask,6,284,0.02112676056338028
AAA/ruputer/GUO_AI_JUN,final_probe_profile_valid,207,284,0.7288732394366197
AAA/ruputer/GUO_AI_JUN,final_probe_recovered_mask,2,284,0.007042253521126761
AAA/ruputer/GUO_AI_JUN,pc_section_raw_contour_valid,215,284,0.7570422535211268
AAA/ruputer/GUO_AI_JUN,pc_section_valid,181,284,0.6373239436619719
AAA/ruputer/GUO_AI_JUN,section_raw_contour_valid,283,284,0.9964788732394366
AAA/ruputer/GUO_AI_JUN,section_valid,208,284,0.7323943661971831
AAA/ruputer/GUO_AI_JUN,wall_cia_geometry_valid,5477,13824,0.39619502314814814
AAA/ruputer/GUO_AI_JUN,wall_cia_semantic_valid,6777,13824,0.490234375
AAA/ruputer/GUO_AI_JUN,wall_map_area_slope_per_mm_valid,10506,13824,0.7599826388888888
AAA/ruputer/GUO_AI_JUN,wall_map_downstream_min_area_ratio_valid,10227,13824,0.7398003472222222
AAA/ruputer/GUO_AI_JUN,wall_map_downstream_min_distance_mm_valid,10227,13824,0.7398003472222222
AAA/ruputer/GUO_AI_JUN,wall_map_eccentricity_valid,10506,13824,0.7599826388888888
AAA/ruputer/GUO_AI_JUN,wall_map_pc_area_slope_per_mm_valid,8331,13824,0.6026475694444444
AAA/ruputer/GUO_AI_JUN,wall_map_pc_downstream_min_area_ratio_valid,7546,13824,0.5458622685185185
AAA/ruputer/GUO_AI_JUN,wall_map_pc_downstream_min_distance_mm_valid,7546,13824,0.5458622685185185
AAA/ruputer/GUO_AI_JUN,wall_map_pc_eccentricity_valid,8389,13824,0.6068431712962963
AAA/ruputer/GUO_AI_JUN,wall_map_pc_roundness_valid,8389,13824,0.6068431712962963
AAA/ruputer/GUO_AI_JUN,wall_map_pc_upstream_min_area_ratio_valid,7468,13824,0.5402199074074074
AAA/ruputer/GUO_AI_JUN,wall_map_pc_upstream_min_distance_mm_valid,7468,13824,0.5402199074074074
AAA/ruputer/GUO_AI_JUN,wall_map_pc_valid,8389,13824,0.6068431712962963
AAA/ruputer/GUO_AI_JUN,wall_map_roundness_valid,10506,13824,0.7599826388888888
AAA/ruputer/GUO_AI_JUN,wall_map_upstream_min_area_ratio_valid,10171,13824,0.7357494212962963
AAA/ruputer/GUO_AI_JUN,wall_map_upstream_min_distance_mm_valid,10171,13824,0.7357494212962963
AAA/ruputer/GUO_AI_JUN,wall_map_valid,10506,13824,0.7599826388888888
AAA/ruputer/HUO_SHI_LIANG,centerline_audit_core_mask,955,991,0.963673057517659
AAA/ruputer/HUO_SHI_LIANG,centerline_opening_extension_mask,0,991,0.0
AAA/ruputer/HUO_SHI_LIANG,centerline_original_audit_core_mask,955,991,0.963673057517659
AAA/ruputer/HUO_SHI_LIANG,coverage_pre_shift_valid,201,255,0.788235294117647
AAA/ruputer/HUO_SHI_LIANG,coverage_recovery_candidate_mask,10,255,0.0392156862745098
AAA/ruputer/HUO_SHI_LIANG,final_probe_profile_valid,191,255,0.7490196078431373
AAA/ruputer/HUO_SHI_LIANG,final_probe_recovered_mask,0,255,0.0
AAA/ruputer/HUO_SHI_LIANG,pc_section_raw_contour_valid,204,255,0.8
AAA/ruputer/HUO_SHI_LIANG,pc_section_valid,191,255,0.7490196078431373
AAA/ruputer/HUO_SHI_LIANG,section_raw_contour_valid,251,255,0.984313725490196
AAA/ruputer/HUO_SHI_LIANG,section_valid,197,255,0.7725490196078432
AAA/ruputer/HUO_SHI_LIANG,wall_cia_geometry_valid,22173,61662,0.35958937433103044
AAA/ruputer/HUO_SHI_LIANG,wall_cia_semantic_valid,26933,61662,0.4367844053063475
AAA/ruputer/HUO_SHI_LIANG,wall_map_area_slope_per_mm_valid,50779,61662,0.8235055625831144
AAA/ruputer/HUO_SHI_LIANG,wall_map_downstream_min_area_ratio_valid,49593,61662,0.804271674613214
AAA/ruputer/HUO_SHI_LIANG,wall_map_downstream_min_distance_mm_valid,49593,61662,0.804271674613214
AAA/ruputer/HUO_SHI_LIANG,wall_map_eccentricity_valid,50779,61662,0.8235055625831144
AAA/ruputer/HUO_SHI_LIANG,wall_map_pc_area_slope_per_mm_valid,48951,61662,0.7938600758976355
AAA/ruputer/HUO_SHI_LIANG,wall_map_pc_downstream_min_area_ratio_valid,47648,61662,0.7727287470403166
AAA/ruputer/HUO_SHI_LIANG,wall_map_pc_downstream_min_distance_mm_valid,47648,61662,0.7727287470403166
AAA/ruputer/HUO_SHI_LIANG,wall_map_pc_eccentricity_valid,49126,61662,0.7966981285070222
AAA/ruputer/HUO_SHI_LIANG,wall_map_pc_roundness_valid,49126,61662,0.7966981285070222
AAA/ruputer/HUO_SHI_LIANG,wall_map_pc_upstream_min_area_ratio_valid,47347,61662,0.7678472965521715
AAA/ruputer/HUO_SHI_LIANG,wall_map_pc_upstream_min_distance_mm_valid,47347,61662,0.7678472965521715
AAA/ruputer/HUO_SHI_LIANG,wall_map_pc_valid,49126,61662,0.7966981285070222
AAA/ruputer/HUO_SHI_LIANG,wall_map_roundness_valid,50779,61662,0.8235055625831144
AAA/ruputer/HUO_SHI_LIANG,wall_map_upstream_min_area_ratio_valid,49455,61662,0.802033667412669
AAA/ruputer/HUO_SHI_LIANG,wall_map_upstream_min_distance_mm_valid,49455,61662,0.802033667412669
AAA/ruputer/HUO_SHI_LIANG,wall_map_valid,50779,61662,0.8235055625831144
AAA/ruputer/KANG_YONG,centerline_audit_core_mask,1167,1203,0.970074812967581
AAA/ruputer/KANG_YONG,centerline_opening_extension_mask,0,1203,0.0
AAA/ruputer/KANG_YONG,centerline_original_audit_core_mask,1167,1203,0.970074812967581
AAA/ruputer/KANG_YONG,coverage_pre_shift_valid,224,308,0.7272727272727273
AAA/ruputer/KANG_YONG,coverage_recovery_candidate_mask,7,308,0.022727272727272728
AAA/ruputer/KANG_YONG,final_probe_profile_valid,217,308,0.7045454545454546
AAA/ruputer/KANG_YONG,final_probe_recovered_mask,2,308,0.006493506493506494
AAA/ruputer/KANG_YONG,pc_section_raw_contour_valid,231,308,0.75
AAA/ruputer/KANG_YONG,pc_section_valid,205,308,0.6655844155844156
AAA/ruputer/KANG_YONG,section_raw_contour_valid,306,308,0.9935064935064936
AAA/ruputer/KANG_YONG,section_valid,224,308,0.7272727272727273
AAA/ruputer/KANG_YONG,wall_cia_geometry_valid,8737,16448,0.5311892023346303
AAA/ruputer/KANG_YONG,wall_cia_semantic_valid,10275,16448,0.6246960116731517
AAA/ruputer/KANG_YONG,wall_map_area_slope_per_mm_valid,12811,16448,0.7788788910505836
AAA/ruputer/KANG_YONG,wall_map_downstream_min_area_ratio_valid,12503,16448,0.7601532101167315
AAA/ruputer/KANG_YONG,wall_map_downstream_min_distance_mm_valid,12503,16448,0.7601532101167315
AAA/ruputer/KANG_YONG,wall_map_eccentricity_valid,12811,16448,0.7788788910505836
AAA/ruputer/KANG_YONG,wall_map_pc_area_slope_per_mm_valid,11743,16448,0.7139469844357976
AAA/ruputer/KANG_YONG,wall_map_pc_downstream_min_area_ratio_valid,10958,16448,0.6662208171206225
AAA/ruputer/KANG_YONG,wall_map_pc_downstream_min_distance_mm_valid,10958,16448,0.6662208171206225
AAA/ruputer/KANG_YONG,wall_map_pc_eccentricity_valid,11771,16448,0.7156493190661478
AAA/ruputer/KANG_YONG,wall_map_pc_roundness_valid,11771,16448,0.7156493190661478
AAA/ruputer/KANG_YONG,wall_map_pc_upstream_min_area_ratio_valid,10950,16448,0.6657344357976653
AAA/ruputer/KANG_YONG,wall_map_pc_upstream_min_distance_mm_valid,10950,16448,0.6657344357976653
AAA/ruputer/KANG_YONG,wall_map_pc_valid,11771,16448,0.7156493190661478
AAA/ruputer/KANG_YONG,wall_map_roundness_valid,12811,16448,0.7788788910505836
AAA/ruputer/KANG_YONG,wall_map_upstream_min_area_ratio_valid,12449,16448,0.7568701361867705
AAA/ruputer/KANG_YONG,wall_map_upstream_min_distance_mm_valid,12449,16448,0.7568701361867705
AAA/ruputer/KANG_YONG,wall_map_valid,12811,16448,0.7788788910505836
AAA/ruputer/LIN_LIANG_XIAO,centerline_audit_core_mask,1006,1042,0.9654510556621881
AAA/ruputer/LIN_LIANG_XIAO,centerline_opening_extension_mask,0,1042,0.0
AAA/ruputer/LIN_LIANG_XIAO,centerline_original_audit_core_mask,1006,1042,0.9654510556621881
AAA/ruputer/LIN_LIANG_XIAO,coverage_pre_shift_valid,205,269,0.7620817843866171
AAA/ruputer/LIN_LIANG_XIAO,coverage_recovery_candidate_mask,9,269,0.03345724907063197
AAA/ruputer/LIN_LIANG_XIAO,final_probe_profile_valid,196,269,0.7286245353159851
AAA/ruputer/LIN_LIANG_XIAO,final_probe_recovered_mask,1,269,0.0037174721189591076
AAA/ruputer/LIN_LIANG_XIAO,pc_section_raw_contour_valid,202,269,0.7509293680297398
AAA/ruputer/LIN_LIANG_XIAO,pc_section_valid,188,269,0.6988847583643123
AAA/ruputer/LIN_LIANG_XIAO,section_raw_contour_valid,268,269,0.9962825278810409
AAA/ruputer/LIN_LIANG_XIAO,section_valid,200,269,0.7434944237918215
AAA/ruputer/LIN_LIANG_XIAO,wall_cia_geometry_valid,32450,68779,0.47180098576600416
AAA/ruputer/LIN_LIANG_XIAO,wall_cia_semantic_valid,38349,68779,0.5575684438564097
AAA/ruputer/LIN_LIANG_XIAO,wall_map_area_slope_per_mm_valid,52499,68779,0.7632998444292589
AAA/ruputer/LIN_LIANG_XIAO,wall_map_downstream_min_area_ratio_valid,51453,68779,0.7480917140406229
AAA/ruputer/LIN_LIANG_XIAO,wall_map_downstream_min_distance_mm_valid,51453,68779,0.7480917140406229
AAA/ruputer/LIN_LIANG_XIAO,wall_map_eccentricity_valid,52499,68779,0.7632998444292589
AAA/ruputer/LIN_LIANG_XIAO,wall_map_pc_area_slope_per_mm_valid,49735,68779,0.7231131595399759
AAA/ruputer/LIN_LIANG_XIAO,wall_map_pc_downstream_min_area_ratio_valid,48689,68779,0.7079050291513398
AAA/ruputer/LIN_LIANG_XIAO,wall_map_pc_downstream_min_distance_mm_valid,48689,68779,0.7079050291513398
AAA/ruputer/LIN_LIANG_XIAO,wall_map_pc_eccentricity_valid,49735,68779,0.7231131595399759
AAA/ruputer/LIN_LIANG_XIAO,wall_map_pc_roundness_valid,49735,68779,0.7231131595399759
AAA/ruputer/LIN_LIANG_XIAO,wall_map_pc_upstream_min_area_ratio_valid,47994,68779,0.697800200642638
AAA/ruputer/LIN_LIANG_XIAO,wall_map_pc_upstream_min_distance_mm_valid,47994,68779,0.697800200642638
AAA/ruputer/LIN_LIANG_XIAO,wall_map_pc_valid,49735,68779,0.7231131595399759
AAA/ruputer/LIN_LIANG_XIAO,wall_map_roundness_valid,52499,68779,0.7632998444292589
AAA/ruputer/LIN_LIANG_XIAO,wall_map_upstream_min_area_ratio_valid,50759,68779,0.7380014248535164
AAA/ruputer/LIN_LIANG_XIAO,wall_map_upstream_min_distance_mm_valid,50759,68779,0.7380014248535164
AAA/ruputer/LIN_LIANG_XIAO,wall_map_valid,52499,68779,0.7632998444292589
AAA/ruputer/LIU_JI_XIN,centerline_audit_core_mask,979,1015,0.9645320197044335
AAA/ruputer/LIU_JI_XIN,centerline_opening_extension_mask,2,1015,0.0019704433497536944
AAA/ruputer/LIU_JI_XIN,centerline_original_audit_core_mask,979,1015,0.9645320197044335
AAA/ruputer/LIU_JI_XIN,coverage_pre_shift_valid,217,263,0.8250950570342205
AAA/ruputer/LIU_JI_XIN,coverage_recovery_candidate_mask,10,263,0.03802281368821293
AAA/ruputer/LIU_JI_XIN,final_probe_profile_valid,207,263,0.7870722433460076
AAA/ruputer/LIU_JI_XIN,final_probe_recovered_mask,0,263,0.0
AAA/ruputer/LIU_JI_XIN,pc_section_raw_contour_valid,210,263,0.7984790874524715
AAA/ruputer/LIU_JI_XIN,pc_section_valid,198,263,0.752851711026616
AAA/ruputer/LIU_JI_XIN,section_raw_contour_valid,257,263,0.9771863117870723
AAA/ruputer/LIU_JI_XIN,section_valid,210,263,0.7984790874524715
AAA/ruputer/LIU_JI_XIN,wall_cia_geometry_valid,22037,55752,0.3952683311809442
AAA/ruputer/LIU_JI_XIN,wall_cia_semantic_valid,26283,55752,0.4714270340077486
AAA/ruputer/LIU_JI_XIN,wall_map_area_slope_per_mm_valid,44393,55752,0.7962584301908452
AAA/ruputer/LIU_JI_XIN,wall_map_downstream_min_area_ratio_valid,43383,55752,0.7781424881618597
AAA/ruputer/LIU_JI_XIN,wall_map_downstream_min_distance_mm_valid,43383,55752,0.7781424881618597
AAA/ruputer/LIU_JI_XIN,wall_map_eccentricity_valid,44393,55752,0.7962584301908452
AAA/ruputer/LIU_JI_XIN,wall_map_pc_area_slope_per_mm_valid,42025,55752,0.753784617592194
AAA/ruputer/LIU_JI_XIN,wall_map_pc_downstream_min_area_ratio_valid,40373,55752,0.7241533936002296
AAA/ruputer/LIU_JI_XIN,wall_map_pc_downstream_min_distance_mm_valid,40373,55752,0.7241533936002296
AAA/ruputer/LIU_JI_XIN,wall_map_pc_eccentricity_valid,42025,55752,0.753784617592194
AAA/ruputer/LIU_JI_XIN,wall_map_pc_roundness_valid,42025,55752,0.753784617592194
AAA/ruputer/LIU_JI_XIN,wall_map_pc_upstream_min_area_ratio_valid,40389,55752,0.7244403788204907
AAA/ruputer/LIU_JI_XIN,wall_map_pc_upstream_min_distance_mm_valid,40389,55752,0.7244403788204907
AAA/ruputer/LIU_JI_XIN,wall_map_pc_valid,42025,55752,0.753784617592194
AAA/ruputer/LIU_JI_XIN,wall_map_roundness_valid,44393,55752,0.7962584301908452
AAA/ruputer/LIU_JI_XIN,wall_map_upstream_min_area_ratio_valid,42869,55752,0.76892308796097
AAA/ruputer/LIU_JI_XIN,wall_map_upstream_min_distance_mm_valid,42869,55752,0.76892308796097
AAA/ruputer/LIU_JI_XIN,wall_map_valid,44393,55752,0.7962584301908452
AAA/ruputer/LIU_YONG_LAN,centerline_audit_core_mask,1151,1187,0.9696714406065712
AAA/ruputer/LIU_YONG_LAN,centerline_opening_extension_mask,3,1187,0.002527379949452401
AAA/ruputer/LIU_YONG_LAN,centerline_original_audit_core_mask,1151,1187,0.9696714406065712
AAA/ruputer/LIU_YONG_LAN,coverage_pre_shift_valid,238,304,0.7828947368421053
AAA/ruputer/LIU_YONG_LAN,coverage_recovery_candidate_mask,9,304,0.029605263157894735
AAA/ruputer/LIU_YONG_LAN,final_probe_profile_valid,230,304,0.756578947368421
AAA/ruputer/LIU_YONG_LAN,final_probe_recovered_mask,4,304,0.013157894736842105
AAA/ruputer/LIU_YONG_LAN,pc_section_raw_contour_valid,245,304,0.805921052631579
AAA/ruputer/LIU_YONG_LAN,pc_section_valid,225,304,0.7401315789473685
AAA/ruputer/LIU_YONG_LAN,section_raw_contour_valid,297,304,0.9769736842105263
AAA/ruputer/LIU_YONG_LAN,section_valid,228,304,0.75
AAA/ruputer/LIU_YONG_LAN,wall_cia_geometry_valid,41325,103697,0.3985168326952564
AAA/ruputer/LIU_YONG_LAN,wall_cia_semantic_valid,50438,103697,0.4863978707195001
AAA/ruputer/LIU_YONG_LAN,wall_map_area_slope_per_mm_valid,77120,103697,0.743705218087312
AAA/ruputer/LIU_YONG_LAN,wall_map_downstream_min_area_ratio_valid,75063,103697,0.7238685786474054
AAA/ruputer/LIU_YONG_LAN,wall_map_downstream_min_distance_mm_valid,75063,103697,0.7238685786474054
AAA/ruputer/LIU_YONG_LAN,wall_map_eccentricity_valid,77428,103697,0.7466754100890093
AAA/ruputer/LIU_YONG_LAN,wall_map_pc_area_slope_per_mm_valid,74392,103697,0.7173978032151364
AAA/ruputer/LIU_YONG_LAN,wall_map_pc_downstream_min_area_ratio_valid,72859,103697,0.702614347570325
AAA/ruputer/LIU_YONG_LAN,wall_map_pc_downstream_min_distance_mm_valid,72859,103697,0.702614347570325
AAA/ruputer/LIU_YONG_LAN,wall_map_pc_eccentricity_valid,75581,103697,0.7288639015593508
AAA/ruputer/LIU_YONG_LAN,wall_map_pc_roundness_valid,75581,103697,0.7288639015593508
AAA/ruputer/LIU_YONG_LAN,wall_map_pc_upstream_min_area_ratio_valid,72398,103697,0.6981687030483041
AAA/ruputer/LIU_YONG_LAN,wall_map_pc_upstream_min_distance_mm_valid,72398,103697,0.6981687030483041
AAA/ruputer/LIU_YONG_LAN,wall_map_pc_valid,75581,103697,0.7288639015593508
AAA/ruputer/LIU_YONG_LAN,wall_map_roundness_valid,77428,103697,0.7466754100890093
AAA/ruputer/LIU_YONG_LAN,wall_map_upstream_min_area_ratio_valid,75119,103697,0.724408613556805
AAA/ruputer/LIU_YONG_LAN,wall_map_upstream_min_distance_mm_valid,75119,103697,0.724408613556805
AAA/ruputer/LIU_YONG_LAN,wall_map_valid,77428,103697,0.7466754100890093
AAA/ruputer/LI_BING_JIANG,centerline_audit_core_mask,1095,1154,0.9488734835355286
AAA/ruputer/LI_BING_JIANG,centerline_opening_extension_mask,40,1154,0.03466204506065858
AAA/ruputer/LI_BING_JIANG,centerline_original_audit_core_mask,1118,1154,0.9688041594454073
AAA/ruputer/LI_BING_JIANG,coverage_pre_shift_valid,185,298,0.6208053691275168
AAA/ruputer/LI_BING_JIANG,coverage_recovery_candidate_mask,5,298,0.016778523489932886
AAA/ruputer/LI_BING_JIANG,final_probe_profile_valid,180,298,0.6040268456375839
AAA/ruputer/LI_BING_JIANG,final_probe_recovered_mask,3,298,0.010067114093959731
AAA/ruputer/LI_BING_JIANG,pc_section_raw_contour_valid,193,298,0.6476510067114094
AAA/ruputer/LI_BING_JIANG,pc_section_valid,182,298,0.610738255033557
AAA/ruputer/LI_BING_JIANG,section_raw_contour_valid,283,298,0.9496644295302014
AAA/ruputer/LI_BING_JIANG,section_valid,183,298,0.6140939597315436
AAA/ruputer/LI_BING_JIANG,wall_cia_geometry_valid,27930,83987,0.3325514662983557
AAA/ruputer/LI_BING_JIANG,wall_cia_semantic_valid,39630,83987,0.4718587400431019
AAA/ruputer/LI_BING_JIANG,wall_map_area_slope_per_mm_valid,55838,83987,0.6648409872956529
AAA/ruputer/LI_BING_JIANG,wall_map_downstream_min_area_ratio_valid,54965,83987,0.654446521485468
AAA/ruputer/LI_BING_JIANG,wall_map_downstream_min_distance_mm_valid,54965,83987,0.654446521485468
AAA/ruputer/LI_BING_JIANG,wall_map_eccentricity_valid,55838,83987,0.6648409872956529
AAA/ruputer/LI_BING_JIANG,wall_map_pc_area_slope_per_mm_valid,55451,83987,0.660233131317942
AAA/ruputer/LI_BING_JIANG,wall_map_pc_downstream_min_area_ratio_valid,54378,83987,0.6474573445890436
AAA/ruputer/LI_BING_JIANG,wall_map_pc_downstream_min_distance_mm_valid,54378,83987,0.6474573445890436
AAA/ruputer/LI_BING_JIANG,wall_map_pc_eccentricity_valid,55451,83987,0.660233131317942
AAA/ruputer/LI_BING_JIANG,wall_map_pc_roundness_valid,55451,83987,0.660233131317942
AAA/ruputer/LI_BING_JIANG,wall_map_pc_upstream_min_area_ratio_valid,53957,83987,0.6424446640551514
AAA/ruputer/LI_BING_JIANG,wall_map_pc_upstream_min_distance_mm_valid,53957,83987,0.6424446640551514
AAA/ruputer/LI_BING_JIANG,wall_map_pc_valid,55451,83987,0.660233131317942
AAA/ruputer/LI_BING_JIANG,wall_map_roundness_valid,55838,83987,0.6648409872956529
AAA/ruputer/LI_BING_JIANG,wall_map_upstream_min_area_ratio_valid,54480,83987,0.6486718182575875
AAA/ruputer/LI_BING_JIANG,wall_map_upstream_min_distance_mm_valid,54480,83987,0.6486718182575875
AAA/ruputer/LI_BING_JIANG,wall_map_valid,55838,83987,0.6648409872956529
AAA/ruputer/LI_LAO_PING,centerline_audit_core_mask,1109,1145,0.9685589519650655
AAA/ruputer/LI_LAO_PING,centerline_opening_extension_mask,5,1145,0.004366812227074236
AAA/ruputer/LI_LAO_PING,centerline_original_audit_core_mask,1109,1145,0.9685589519650655
AAA/ruputer/LI_LAO_PING,coverage_pre_shift_valid,245,295,0.8305084745762712
AAA/ruputer/LI_LAO_PING,coverage_recovery_candidate_mask,10,295,0.03389830508474576
AAA/ruputer/LI_LAO_PING,final_probe_profile_valid,236,295,0.8
AAA/ruputer/LI_LAO_PING,final_probe_recovered_mask,9,295,0.030508474576271188
AAA/ruputer/LI_LAO_PING,pc_section_raw_contour_valid,220,295,0.7457627118644068
AAA/ruputer/LI_LAO_PING,pc_section_valid,205,295,0.6949152542372882
AAA/ruputer/LI_LAO_PING,section_raw_contour_valid,289,295,0.9796610169491525
AAA/ruputer/LI_LAO_PING,section_valid,238,295,0.8067796610169492
AAA/ruputer/LI_LAO_PING,wall_cia_geometry_valid,28750,83854,0.34285782431368805
AAA/ruputer/LI_LAO_PING,wall_cia_semantic_valid,32543,83854,0.3880912061440122
AAA/ruputer/LI_LAO_PING,wall_map_area_slope_per_mm_valid,68088,83854,0.8119827318911441
AAA/ruputer/LI_LAO_PING,wall_map_downstream_min_area_ratio_valid,64773,83854,0.7724497340615832
AAA/ruputer/LI_LAO_PING,wall_map_downstream_min_distance_mm_valid,64773,83854,0.7724497340615832
AAA/ruputer/LI_LAO_PING,wall_map_eccentricity_valid,68088,83854,0.8119827318911441
AAA/ruputer/LI_LAO_PING,wall_map_pc_area_slope_per_mm_valid,56890,83854,0.6784411000071553
AAA/ruputer/LI_LAO_PING,wall_map_pc_downstream_min_area_ratio_valid,52540,83854,0.6265652205023016
AAA/ruputer/LI_LAO_PING,wall_map_pc_downstream_min_distance_mm_valid,52540,83854,0.6265652205023016
AAA/ruputer/LI_LAO_PING,wall_map_pc_eccentricity_valid,56890,83854,0.6784411000071553
AAA/ruputer/LI_LAO_PING,wall_map_pc_roundness_valid,56890,83854,0.6784411000071553
AAA/ruputer/LI_LAO_PING,wall_map_pc_upstream_min_area_ratio_valid,53489,83854,0.6378825100770387
AAA/ruputer/LI_LAO_PING,wall_map_pc_upstream_min_distance_mm_valid,53489,83854,0.6378825100770387
AAA/ruputer/LI_LAO_PING,wall_map_pc_valid,56890,83854,0.6784411000071553
AAA/ruputer/LI_LAO_PING,wall_map_roundness_valid,68088,83854,0.8119827318911441
AAA/ruputer/LI_LAO_PING,wall_map_upstream_min_area_ratio_valid,65399,83854,0.7799150905144656
AAA/ruputer/LI_LAO_PING,wall_map_upstream_min_distance_mm_valid,65399,83854,0.7799150905144656
AAA/ruputer/LI_LAO_PING,wall_map_valid,68088,83854,0.8119827318911441
AAA/ruputer/LI_ZHEN_HUA,centerline_audit_core_mask,1253,1289,0.9720713731574864
AAA/ruputer/LI_ZHEN_HUA,centerline_opening_extension_mask,0,1289,0.0
AAA/ruputer/LI_ZHEN_HUA,centerline_original_audit_core_mask,1253,1289,0.9720713731574864
AAA/ruputer/LI_ZHEN_HUA,coverage_pre_shift_valid,230,330,0.696969696969697
AAA/ruputer/LI_ZHEN_HUA,coverage_recovery_candidate_mask,5,330,0.015151515151515152
AAA/ruputer/LI_ZHEN_HUA,final_probe_profile_valid,225,330,0.6818181818181818
AAA/ruputer/LI_ZHEN_HUA,final_probe_recovered_mask,3,330,0.00909090909090909
AAA/ruputer/LI_ZHEN_HUA,pc_section_raw_contour_valid,237,330,0.7181818181818181
AAA/ruputer/LI_ZHEN_HUA,pc_section_valid,202,330,0.6121212121212121
AAA/ruputer/LI_ZHEN_HUA,section_raw_contour_valid,330,330,1.0
AAA/ruputer/LI_ZHEN_HUA,section_valid,229,330,0.693939393939394
AAA/ruputer/LI_ZHEN_HUA,wall_cia_geometry_valid,7738,12599,0.6141757282323994
AAA/ruputer/LI_ZHEN_HUA,wall_cia_semantic_valid,9087,12599,0.7212477180728629
AAA/ruputer/LI_ZHEN_HUA,wall_map_area_slope_per_mm_valid,9609,12599,0.7626795777442654
AAA/ruputer/LI_ZHEN_HUA,wall_map_downstream_min_area_ratio_valid,9332,12599,0.7406937058496706
AAA/ruputer/LI_ZHEN_HUA,wall_map_downstream_min_distance_mm_valid,9332,12599,0.7406937058496706
AAA/ruputer/LI_ZHEN_HUA,wall_map_eccentricity_valid,9609,12599,0.7626795777442654
AAA/ruputer/LI_ZHEN_HUA,wall_map_pc_area_slope_per_mm_valid,7566,12599,0.6005238510992936
AAA/ruputer/LI_ZHEN_HUA,wall_map_pc_downstream_min_area_ratio_valid,6821,12599,0.5413921739820621
AAA/ruputer/LI_ZHEN_HUA,wall_map_pc_downstream_min_distance_mm_valid,6821,12599,0.5413921739820621
AAA/ruputer/LI_ZHEN_HUA,wall_map_pc_eccentricity_valid,7725,12599,0.6131439003095484
AAA/ruputer/LI_ZHEN_HUA,wall_map_pc_roundness_valid,7725,12599,0.6131439003095484
AAA/ruputer/LI_ZHEN_HUA,wall_map_pc_upstream_min_area_ratio_valid,6678,12599,0.5300420668307009
AAA/ruputer/LI_ZHEN_HUA,wall_map_pc_upstream_min_distance_mm_valid,6678,12599,0.5300420668307009
AAA/ruputer/LI_ZHEN_HUA,wall_map_pc_valid,7725,12599,0.6131439003095484
AAA/ruputer/LI_ZHEN_HUA,wall_map_roundness_valid,9609,12599,0.7626795777442654
AAA/ruputer/LI_ZHEN_HUA,wall_map_upstream_min_area_ratio_valid,9267,12599,0.7355345662354155
AAA/ruputer/LI_ZHEN_HUA,wall_map_upstream_min_distance_mm_valid,9267,12599,0.7355345662354155
AAA/ruputer/LI_ZHEN_HUA,wall_map_valid,9609,12599,0.7626795777442654
AAA/ruputer/MA_XIAO_DONG,centerline_audit_core_mask,949,985,0.9634517766497462
AAA/ruputer/MA_XIAO_DONG,centerline_opening_extension_mask,0,985,0.0
AAA/ruputer/MA_XIAO_DONG,centerline_original_audit_core_mask,949,985,0.9634517766497462
AAA/ruputer/MA_XIAO_DONG,coverage_pre_shift_valid,197,253,0.7786561264822134
AAA/ruputer/MA_XIAO_DONG,coverage_recovery_candidate_mask,6,253,0.023715415019762844
AAA/ruputer/MA_XIAO_DONG,final_probe_profile_valid,191,253,0.7549407114624506
AAA/ruputer/MA_XIAO_DONG,final_probe_recovered_mask,1,253,0.003952569169960474
AAA/ruputer/MA_XIAO_DONG,pc_section_raw_contour_valid,206,253,0.8142292490118577
AAA/ruputer/MA_XIAO_DONG,pc_section_valid,176,253,0.6956521739130435
AAA/ruputer/MA_XIAO_DONG,section_raw_contour_valid,252,253,0.9960474308300395
AAA/ruputer/MA_XIAO_DONG,section_valid,191,253,0.7549407114624506
AAA/ruputer/MA_XIAO_DONG,wall_cia_geometry_valid,35084,65455,0.5360018333206019
AAA/ruputer/MA_XIAO_DONG,wall_cia_semantic_valid,41660,65455,0.6364678023069285
AAA/ruputer/MA_XIAO_DONG,wall_map_area_slope_per_mm_valid,47581,65455,0.7269268963409976
AAA/ruputer/MA_XIAO_DONG,wall_map_downstream_min_area_ratio_valid,46320,65455,0.707661752348942
AAA/ruputer/MA_XIAO_DONG,wall_map_downstream_min_distance_mm_valid,46320,65455,0.707661752348942
AAA/ruputer/MA_XIAO_DONG,wall_map_eccentricity_valid,47581,65455,0.7269268963409976
AAA/ruputer/MA_XIAO_DONG,wall_map_pc_area_slope_per_mm_valid,43498,65455,0.6645481628599801
AAA/ruputer/MA_XIAO_DONG,wall_map_pc_downstream_min_area_ratio_valid,41591,65455,0.6354136429608128
AAA/ruputer/MA_XIAO_DONG,wall_map_pc_downstream_min_distance_mm_valid,41591,65455,0.6354136429608128
AAA/ruputer/MA_XIAO_DONG,wall_map_pc_eccentricity_valid,43804,65455,0.6692231303949279
AAA/ruputer/MA_XIAO_DONG,wall_map_pc_roundness_valid,43804,65455,0.6692231303949279
AAA/ruputer/MA_XIAO_DONG,wall_map_pc_upstream_min_area_ratio_valid,40900,65455,0.6248567718279734
AAA/ruputer/MA_XIAO_DONG,wall_map_pc_upstream_min_distance_mm_valid,40900,65455,0.6248567718279734
AAA/ruputer/MA_XIAO_DONG,wall_map_pc_valid,43804,65455,0.6692231303949279
AAA/ruputer/MA_XIAO_DONG,wall_map_roundness_valid,47581,65455,0.7269268963409976
AAA/ruputer/MA_XIAO_DONG,wall_map_upstream_min_area_ratio_valid,45611,65455,0.6968298831258116
AAA/ruputer/MA_XIAO_DONG,wall_map_upstream_min_distance_mm_valid,45611,65455,0.6968298831258116
AAA/ruputer/MA_XIAO_DONG,wall_map_valid,47581,65455,0.7269268963409976
AAA/ruputer/MENG_GUANG_QIN,centerline_audit_core_mask,1158,1194,0.9698492462311558
AAA/ruputer/MENG_GUANG_QIN,centerline_opening_extension_mask,0,1194,0.0
AAA/ruputer/MENG_GUANG_QIN,centerline_original_audit_core_mask,1158,1194,0.9698492462311558
AAA/ruputer/MENG_GUANG_QIN,coverage_pre_shift_valid,231,307,0.752442996742671
AAA/ruputer/MENG_GUANG_QIN,coverage_recovery_candidate_mask,18,307,0.05863192182410423
AAA/ruputer/MENG_GUANG_QIN,final_probe_profile_valid,213,307,0.6938110749185668
AAA/ruputer/MENG_GUANG_QIN,final_probe_recovered_mask,2,307,0.006514657980456026
AAA/ruputer/MENG_GUANG_QIN,pc_section_raw_contour_valid,210,307,0.6840390879478827
AAA/ruputer/MENG_GUANG_QIN,pc_section_valid,173,307,0.5635179153094463
AAA/ruputer/MENG_GUANG_QIN,section_raw_contour_valid,306,307,0.996742671009772
AAA/ruputer/MENG_GUANG_QIN,section_valid,229,307,0.745928338762215
AAA/ruputer/MENG_GUANG_QIN,wall_cia_geometry_valid,5234,14527,0.3602946238039513
AAA/ruputer/MENG_GUANG_QIN,wall_cia_semantic_valid,7058,14527,0.48585392717009707
AAA/ruputer/MENG_GUANG_QIN,wall_map_area_slope_per_mm_valid,10804,14527,0.7437185929648241
AAA/ruputer/MENG_GUANG_QIN,wall_map_downstream_min_area_ratio_valid,10536,14527,0.7252701865491843
AAA/ruputer/MENG_GUANG_QIN,wall_map_downstream_min_distance_mm_valid,10536,14527,0.7252701865491843
AAA/ruputer/MENG_GUANG_QIN,wall_map_eccentricity_valid,10804,14527,0.7437185929648241
AAA/ruputer/MENG_GUANG_QIN,wall_map_pc_area_slope_per_mm_valid,7833,14527,0.5392028636332347
AAA/ruputer/MENG_GUANG_QIN,wall_map_pc_downstream_min_area_ratio_valid,7295,14527,0.5021683761272114
AAA/ruputer/MENG_GUANG_QIN,wall_map_pc_downstream_min_distance_mm_valid,7295,14527,0.5021683761272114
AAA/ruputer/MENG_GUANG_QIN,wall_map_pc_eccentricity_valid,7973,14527,0.5488400908652853
AAA/ruputer/MENG_GUANG_QIN,wall_map_pc_roundness_valid,7973,14527,0.5488400908652853
AAA/ruputer/MENG_GUANG_QIN,wall_map_pc_upstream_min_area_ratio_valid,7136,14527,0.4912232394850967
AAA/ruputer/MENG_GUANG_QIN,wall_map_pc_upstream_min_distance_mm_valid,7136,14527,0.4912232394850967
AAA/ruputer/MENG_GUANG_QIN,wall_map_pc_valid,7973,14527,0.5488400908652853
AAA/ruputer/MENG_GUANG_QIN,wall_map_roundness_valid,10804,14527,0.7437185929648241
AAA/ruputer/MENG_GUANG_QIN,wall_map_upstream_min_area_ratio_valid,10532,14527,0.7249948371996972
AAA/ruputer/MENG_GUANG_QIN,wall_map_upstream_min_distance_mm_valid,10532,14527,0.7249948371996972
AAA/ruputer/MENG_GUANG_QIN,wall_map_valid,10804,14527,0.7437185929648241
AAA/ruputer/TONG_XUE_LIAN,centerline_audit_core_mask,1163,1199,0.9699749791492911
AAA/ruputer/TONG_XUE_LIAN,centerline_opening_extension_mask,1,1199,0.0008340283569641367
AAA/ruputer/TONG_XUE_LIAN,centerline_original_audit_core_mask,1163,1199,0.9699749791492911
AAA/ruputer/TONG_XUE_LIAN,coverage_pre_shift_valid,244,309,0.7896440129449838
AAA/ruputer/TONG_XUE_LIAN,coverage_recovery_candidate_mask,10,309,0.032362459546925564
AAA/ruputer/TONG_XUE_LIAN,final_probe_profile_valid,234,309,0.7572815533980582
AAA/ruputer/TONG_XUE_LIAN,final_probe_recovered_mask,3,309,0.009708737864077669
AAA/ruputer/TONG_XUE_LIAN,pc_section_raw_contour_valid,239,309,0.7734627831715211
AAA/ruputer/TONG_XUE_LIAN,pc_section_valid,216,309,0.6990291262135923
AAA/ruputer/TONG_XUE_LIAN,section_raw_contour_valid,306,309,0.9902912621359223
AAA/ruputer/TONG_XUE_LIAN,section_valid,239,309,0.7734627831715211
AAA/ruputer/TONG_XUE_LIAN,wall_cia_geometry_valid,39404,84820,0.46456024522518274
AAA/ruputer/TONG_XUE_LIAN,wall_cia_semantic_valid,49754,84820,0.5865833529827871
AAA/ruputer/TONG_XUE_LIAN,wall_map_area_slope_per_mm_valid,66494,84820,0.7839424663994341
AAA/ruputer/TONG_XUE_LIAN,wall_map_downstream_min_area_ratio_valid,65501,84820,0.7722353218580523
AAA/ruputer/TONG_XUE_LIAN,wall_map_downstream_min_distance_mm_valid,65501,84820,0.7722353218580523
AAA/ruputer/TONG_XUE_LIAN,wall_map_eccentricity_valid,66494,84820,0.7839424663994341
AAA/ruputer/TONG_XUE_LIAN,wall_map_pc_area_slope_per_mm_valid,62465,84820,0.7364418769158217
AAA/ruputer/TONG_XUE_LIAN,wall_map_pc_downstream_min_area_ratio_valid,61580,84820,0.726008016977128
AAA/ruputer/TONG_XUE_LIAN,wall_map_pc_downstream_min_distance_mm_valid,61580,84820,0.726008016977128
AAA/ruputer/TONG_XUE_LIAN,wall_map_pc_eccentricity_valid,62899,84820,0.7415585946710681
AAA/ruputer/TONG_XUE_LIAN,wall_map_pc_roundness_valid,62899,84820,0.7415585946710681
AAA/ruputer/TONG_XUE_LIAN,wall_map_pc_upstream_min_area_ratio_valid,60855,84820,0.7174605045979722
AAA/ruputer/TONG_XUE_LIAN,wall_map_pc_upstream_min_distance_mm_valid,60855,84820,0.7174605045979722
AAA/ruputer/TONG_XUE_LIAN,wall_map_pc_valid,62899,84820,0.7415585946710681
AAA/ruputer/TONG_XUE_LIAN,wall_map_roundness_valid,66494,84820,0.7839424663994341
AAA/ruputer/TONG_XUE_LIAN,wall_map_upstream_min_area_ratio_valid,65164,84820,0.7682622023107758
AAA/ruputer/TONG_XUE_LIAN,wall_map_upstream_min_distance_mm_valid,65164,84820,0.7682622023107758
AAA/ruputer/TONG_XUE_LIAN,wall_map_valid,66494,84820,0.7839424663994341
AAA/ruputer/WANG_AN,centerline_audit_core_mask,1184,1220,0.9704918032786886
AAA/ruputer/WANG_AN,centerline_opening_extension_mask,0,1220,0.0
AAA/ruputer/WANG_AN,centerline_original_audit_core_mask,1184,1220,0.9704918032786886
AAA/ruputer/WANG_AN,coverage_pre_shift_valid,225,313,0.7188498402555911
AAA/ruputer/WANG_AN,coverage_recovery_candidate_mask,7,313,0.022364217252396165
AAA/ruputer/WANG_AN,final_probe_profile_valid,218,313,0.6964856230031949
AAA/ruputer/WANG_AN,final_probe_recovered_mask,9,313,0.02875399361022364
AAA/ruputer/WANG_AN,pc_section_raw_contour_valid,195,313,0.6230031948881789
AAA/ruputer/WANG_AN,pc_section_valid,160,313,0.5111821086261981
AAA/ruputer/WANG_AN,section_raw_contour_valid,311,313,0.9936102236421726
AAA/ruputer/WANG_AN,section_valid,221,313,0.7060702875399361
AAA/ruputer/WANG_AN,wall_cia_geometry_valid,5001,15849,0.31554041264433086
AAA/ruputer/WANG_AN,wall_cia_semantic_valid,7527,15849,0.4749195532841189
AAA/ruputer/WANG_AN,wall_map_area_slope_per_mm_valid,10884,15849,0.6867310240393716
AAA/ruputer/WANG_AN,wall_map_downstream_min_area_ratio_valid,10686,15849,0.6742381222790081
AAA/ruputer/WANG_AN,wall_map_downstream_min_distance_mm_valid,10686,15849,0.6742381222790081
AAA/ruputer/WANG_AN,wall_map_eccentricity_valid,10928,15849,0.6895072244305634
AAA/ruputer/WANG_AN,wall_map_pc_area_slope_per_mm_valid,8063,15849,0.5087387216859108
AAA/ruputer/WANG_AN,wall_map_pc_downstream_min_area_ratio_valid,7603,15849,0.4797148085052685
AAA/ruputer/WANG_AN,wall_map_pc_downstream_min_distance_mm_valid,7603,15849,0.4797148085052685
AAA/ruputer/WANG_AN,wall_map_pc_eccentricity_valid,8214,15849,0.5182661366647738
AAA/ruputer/WANG_AN,wall_map_pc_roundness_valid,8214,15849,0.5182661366647738
AAA/ruputer/WANG_AN,wall_map_pc_upstream_min_area_ratio_valid,7518,15849,0.4743516941131933
AAA/ruputer/WANG_AN,wall_map_pc_upstream_min_distance_mm_valid,7518,15849,0.4743516941131933
AAA/ruputer/WANG_AN,wall_map_pc_valid,8214,15849,0.5182661366647738
AAA/ruputer/WANG_AN,wall_map_roundness_valid,10928,15849,0.6895072244305634
AAA/ruputer/WANG_AN,wall_map_upstream_min_area_ratio_valid,10539,15849,0.6649630891538898
AAA/ruputer/WANG_AN,wall_map_upstream_min_distance_mm_valid,10539,15849,0.6649630891538898
AAA/ruputer/WANG_AN,wall_map_valid,10928,15849,0.6895072244305634
AAA/ruputer/WANG_FU_SHUN,centerline_audit_core_mask,1117,1153,0.96877710320902
AAA/ruputer/WANG_FU_SHUN,centerline_opening_extension_mask,0,1153,0.0
AAA/ruputer/WANG_FU_SHUN,centerline_original_audit_core_mask,1117,1153,0.96877710320902
AAA/ruputer/WANG_FU_SHUN,coverage_pre_shift_valid,233,296,0.7871621621621622
AAA/ruputer/WANG_FU_SHUN,coverage_recovery_candidate_mask,12,296,0.04054054054054054
AAA/ruputer/WANG_FU_SHUN,final_probe_profile_valid,221,296,0.7466216216216216
AAA/ruputer/WANG_FU_SHUN,final_probe_recovered_mask,6,296,0.02027027027027027
AAA/ruputer/WANG_FU_SHUN,pc_section_raw_contour_valid,208,296,0.7027027027027027
AAA/ruputer/WANG_FU_SHUN,pc_section_valid,197,296,0.6655405405405406
AAA/ruputer/WANG_FU_SHUN,section_raw_contour_valid,292,296,0.9864864864864865
AAA/ruputer/WANG_FU_SHUN,section_valid,228,296,0.7702702702702703
AAA/ruputer/WANG_FU_SHUN,wall_cia_geometry_valid,46933,95286,0.49254874797976617
AAA/ruputer/WANG_FU_SHUN,wall_cia_semantic_valid,56802,95286,0.5961211510610163
AAA/ruputer/WANG_FU_SHUN,wall_map_area_slope_per_mm_valid,75439,95286,0.7917112692315765
AAA/ruputer/WANG_FU_SHUN,wall_map_downstream_min_area_ratio_valid,73526,95286,0.7716348676615662
AAA/ruputer/WANG_FU_SHUN,wall_map_downstream_min_distance_mm_valid,73526,95286,0.7716348676615662
AAA/ruputer/WANG_FU_SHUN,wall_map_eccentricity_valid,75664,95286,0.7940725814915097
AAA/ruputer/WANG_FU_SHUN,wall_map_pc_area_slope_per_mm_valid,58119,95286,0.6099426988224923
AAA/ruputer/WANG_FU_SHUN,wall_map_pc_downstream_min_area_ratio_valid,55476,95286,0.582205150809143
AAA/ruputer/WANG_FU_SHUN,wall_map_pc_downstream_min_distance_mm_valid,55476,95286,0.582205150809143
AAA/ruputer/WANG_FU_SHUN,wall_map_pc_eccentricity_valid,58969,95286,0.6188632118044624
AAA/ruputer/WANG_FU_SHUN,wall_map_pc_roundness_valid,58969,95286,0.6188632118044624
AAA/ruputer/WANG_FU_SHUN,wall_map_pc_upstream_min_area_ratio_valid,54915,95286,0.5763176122410427
AAA/ruputer/WANG_FU_SHUN,wall_map_pc_upstream_min_distance_mm_valid,54915,95286,0.5763176122410427
AAA/ruputer/WANG_FU_SHUN,wall_map_pc_valid,58969,95286,0.6188632118044624
AAA/ruputer/WANG_FU_SHUN,wall_map_roundness_valid,75664,95286,0.7940725814915097
AAA/ruputer/WANG_FU_SHUN,wall_map_upstream_min_area_ratio_valid,73389,95286,0.7701970908632958
AAA/ruputer/WANG_FU_SHUN,wall_map_upstream_min_distance_mm_valid,73389,95286,0.7701970908632958
AAA/ruputer/WANG_FU_SHUN,wall_map_valid,75664,95286,0.7940725814915097
AAA/ruputer/WANG_KUI_WU,centerline_audit_core_mask,1024,1060,0.9660377358490566
AAA/ruputer/WANG_KUI_WU,centerline_opening_extension_mask,11,1060,0.010377358490566037
AAA/ruputer/WANG_KUI_WU,centerline_original_audit_core_mask,1024,1060,0.9660377358490566
AAA/ruputer/WANG_KUI_WU,coverage_pre_shift_valid,198,273,0.7252747252747253
AAA/ruputer/WANG_KUI_WU,coverage_recovery_candidate_mask,6,273,0.02197802197802198
AAA/ruputer/WANG_KUI_WU,final_probe_profile_valid,192,273,0.7032967032967034
AAA/ruputer/WANG_KUI_WU,final_probe_recovered_mask,3,273,0.01098901098901099
AAA/ruputer/WANG_KUI_WU,pc_section_raw_contour_valid,202,273,0.73992673992674
AAA/ruputer/WANG_KUI_WU,pc_section_valid,191,273,0.6996336996336996
AAA/ruputer/WANG_KUI_WU,section_raw_contour_valid,265,273,0.9706959706959707
AAA/ruputer/WANG_KUI_WU,section_valid,194,273,0.7106227106227107
AAA/ruputer/WANG_KUI_WU,wall_cia_geometry_valid,30389,72309,0.42026580370355004
AAA/ruputer/WANG_KUI_WU,wall_cia_semantic_valid,37659,72309,0.5208065386051529
AAA/ruputer/WANG_KUI_WU,wall_map_area_slope_per_mm_valid,51107,72309,0.70678615386743
AAA/ruputer/WANG_KUI_WU,wall_map_downstream_min_area_ratio_valid,49954,72309,0.6908406975618526
AAA/ruputer/WANG_KUI_WU,wall_map_downstream_min_distance_mm_valid,49954,72309,0.6908406975618526
AAA/ruputer/WANG_KUI_WU,wall_map_eccentricity_valid,51107,72309,0.70678615386743
AAA/ruputer/WANG_KUI_WU,wall_map_pc_area_slope_per_mm_valid,50417,72309,0.6972437732509092
AAA/ruputer/WANG_KUI_WU,wall_map_pc_downstream_min_area_ratio_valid,48896,72309,0.6762090472831874
AAA/ruputer/WANG_KUI_WU,wall_map_pc_downstream_min_distance_mm_valid,48896,72309,0.6762090472831874
AAA/ruputer/WANG_KUI_WU,wall_map_pc_eccentricity_valid,50417,72309,0.6972437732509092
AAA/ruputer/WANG_KUI_WU,wall_map_pc_roundness_valid,50417,72309,0.6972437732509092
AAA/ruputer/WANG_KUI_WU,wall_map_pc_upstream_min_area_ratio_valid,47929,72309,0.662835884882933
AAA/ruputer/WANG_KUI_WU,wall_map_pc_upstream_min_distance_mm_valid,47929,72309,0.662835884882933
AAA/ruputer/WANG_KUI_WU,wall_map_pc_valid,50417,72309,0.6972437732509092
AAA/ruputer/WANG_KUI_WU,wall_map_roundness_valid,51107,72309,0.70678615386743
AAA/ruputer/WANG_KUI_WU,wall_map_upstream_min_area_ratio_valid,48961,72309,0.6771079671963379
AAA/ruputer/WANG_KUI_WU,wall_map_upstream_min_distance_mm_valid,48961,72309,0.6771079671963379
AAA/ruputer/WANG_KUI_WU,wall_map_valid,51107,72309,0.70678615386743
AAA/ruputer/WU_GUANG_CUN,centerline_audit_core_mask,1127,1163,0.9690455717970765
AAA/ruputer/WU_GUANG_CUN,centerline_opening_extension_mask,0,1163,0.0
AAA/ruputer/WU_GUANG_CUN,centerline_original_audit_core_mask,1127,1163,0.9690455717970765
AAA/ruputer/WU_GUANG_CUN,coverage_pre_shift_valid,212,298,0.7114093959731543
AAA/ruputer/WU_GUANG_CUN,coverage_recovery_candidate_mask,14,298,0.04697986577181208
AAA/ruputer/WU_GUANG_CUN,final_probe_profile_valid,198,298,0.6644295302013423
AAA/ruputer/WU_GUANG_CUN,final_probe_recovered_mask,2,298,0.006711409395973154
AAA/ruputer/WU_GUANG_CUN,pc_section_raw_contour_valid,205,298,0.6879194630872483
AAA/ruputer/WU_GUANG_CUN,pc_section_valid,174,298,0.5838926174496645
AAA/ruputer/WU_GUANG_CUN,section_raw_contour_valid,296,298,0.9932885906040269
AAA/ruputer/WU_GUANG_CUN,section_valid,208,298,0.697986577181208
AAA/ruputer/WU_GUANG_CUN,wall_cia_geometry_valid,4993,15910,0.3138277812696417
AAA/ruputer/WU_GUANG_CUN,wall_cia_semantic_valid,7036,15910,0.4422375864236329
AAA/ruputer/WU_GUANG_CUN,wall_map_area_slope_per_mm_valid,11494,15910,0.722438717787555
AAA/ruputer/WU_GUANG_CUN,wall_map_downstream_min_area_ratio_valid,11119,15910,0.6988686360779384
AAA/ruputer/WU_GUANG_CUN,wall_map_downstream_min_distance_mm_valid,11119,15910,0.6988686360779384
AAA/ruputer/WU_GUANG_CUN,wall_map_eccentricity_valid,11521,15910,0.7241357636706474
AAA/ruputer/WU_GUANG_CUN,wall_map_pc_area_slope_per_mm_valid,8399,15910,0.5279069767441861
AAA/ruputer/WU_GUANG_CUN,wall_map_pc_downstream_min_area_ratio_valid,7744,15910,0.48673790069138906
AAA/ruputer/WU_GUANG_CUN,wall_map_pc_downstream_min_distance_mm_valid,7744,15910,0.48673790069138906
AAA/ruputer/WU_GUANG_CUN,wall_map_pc_eccentricity_valid,8484,15910,0.5332495285983658
AAA/ruputer/WU_GUANG_CUN,wall_map_pc_roundness_valid,8484,15910,0.5332495285983658
AAA/ruputer/WU_GUANG_CUN,wall_map_pc_upstream_min_area_ratio_valid,7685,15910,0.48302954116907604
AAA/ruputer/WU_GUANG_CUN,wall_map_pc_upstream_min_distance_mm_valid,7685,15910,0.48302954116907604
AAA/ruputer/WU_GUANG_CUN,wall_map_pc_valid,8484,15910,0.5332495285983658
AAA/ruputer/WU_GUANG_CUN,wall_map_roundness_valid,11521,15910,0.7241357636706474
AAA/ruputer/WU_GUANG_CUN,wall_map_upstream_min_area_ratio_valid,10913,15910,0.6859208045254557
AAA/ruputer/WU_GUANG_CUN,wall_map_upstream_min_distance_mm_valid,10913,15910,0.6859208045254557
AAA/ruputer/WU_GUANG_CUN,wall_map_valid,11521,15910,0.7241357636706474
AAA/ruputer/XIE_JIN_QUAN,centerline_audit_core_mask,1067,1103,0.9673617407071623
AAA/ruputer/XIE_JIN_QUAN,centerline_opening_extension_mask,0,1103,0.0
AAA/ruputer/XIE_JIN_QUAN,centerline_original_audit_core_mask,1067,1103,0.9673617407071623
AAA/ruputer/XIE_JIN_QUAN,coverage_pre_shift_valid,220,284,0.7746478873239436
AAA/ruputer/XIE_JIN_QUAN,coverage_recovery_candidate_mask,9,284,0.03169014084507042
AAA/ruputer/XIE_JIN_QUAN,final_probe_profile_valid,211,284,0.7429577464788732
AAA/ruputer/XIE_JIN_QUAN,final_probe_recovered_mask,4,284,0.014084507042253521
AAA/ruputer/XIE_JIN_QUAN,pc_section_raw_contour_valid,220,284,0.7746478873239436
AAA/ruputer/XIE_JIN_QUAN,pc_section_valid,213,284,0.75
AAA/ruputer/XIE_JIN_QUAN,section_raw_contour_valid,281,284,0.9894366197183099
AAA/ruputer/XIE_JIN_QUAN,section_valid,218,284,0.7676056338028169
AAA/ruputer/XIE_JIN_QUAN,wall_cia_geometry_valid,36029,73350,0.4911929107021132
AAA/ruputer/XIE_JIN_QUAN,wall_cia_semantic_valid,42974,73350,0.5858759372869803
AAA/ruputer/XIE_JIN_QUAN,wall_map_area_slope_per_mm_valid,54289,73350,0.7401363326516701
AAA/ruputer/XIE_JIN_QUAN,wall_map_downstream_min_area_ratio_valid,53097,73350,0.7238854805725972
AAA/ruputer/XIE_JIN_QUAN,wall_map_downstream_min_distance_mm_valid,53097,73350,0.7238854805725972
AAA/ruputer/XIE_JIN_QUAN,wall_map_eccentricity_valid,54289,73350,0.7401363326516701
AAA/ruputer/XIE_JIN_QUAN,wall_map_pc_area_slope_per_mm_valid,53089,73350,0.7237764144512611
AAA/ruputer/XIE_JIN_QUAN,wall_map_pc_downstream_min_area_ratio_valid,51535,73350,0.7025903203817314
AAA/ruputer/XIE_JIN_QUAN,wall_map_pc_downstream_min_distance_mm_valid,51535,73350,0.7025903203817314
AAA/ruputer/XIE_JIN_QUAN,wall_map_pc_eccentricity_valid,53089,73350,0.7237764144512611
AAA/ruputer/XIE_JIN_QUAN,wall_map_pc_roundness_valid,53089,73350,0.7237764144512611
AAA/ruputer/XIE_JIN_QUAN,wall_map_pc_upstream_min_area_ratio_valid,51097,73350,0.6966189502385821
AAA/ruputer/XIE_JIN_QUAN,wall_map_pc_upstream_min_distance_mm_valid,51097,73350,0.6966189502385821
AAA/ruputer/XIE_JIN_QUAN,wall_map_pc_valid,53089,73350,0.7237764144512611
AAA/ruputer/XIE_JIN_QUAN,wall_map_roundness_valid,54289,73350,0.7401363326516701
AAA/ruputer/XIE_JIN_QUAN,wall_map_upstream_min_area_ratio_valid,52615,73350,0.7173142467620995
AAA/ruputer/XIE_JIN_QUAN,wall_map_upstream_min_distance_mm_valid,52615,73350,0.7173142467620995
AAA/ruputer/XIE_JIN_QUAN,wall_map_valid,54289,73350,0.7401363326516701
AAA/ruputer/YU_TIAN_HAI,centerline_audit_core_mask,1039,1075,0.9665116279069768
AAA/ruputer/YU_TIAN_HAI,centerline_opening_extension_mask,2,1075,0.0018604651162790699
AAA/ruputer/YU_TIAN_HAI,centerline_original_audit_core_mask,1039,1075,0.9665116279069768
AAA/ruputer/YU_TIAN_HAI,coverage_pre_shift_valid,220,278,0.7913669064748201
AAA/ruputer/YU_TIAN_HAI,coverage_recovery_candidate_mask,5,278,0.017985611510791366
AAA/ruputer/YU_TIAN_HAI,final_probe_profile_valid,215,278,0.7733812949640287
AAA/ruputer/YU_TIAN_HAI,final_probe_recovered_mask,4,278,0.014388489208633094
AAA/ruputer/YU_TIAN_HAI,pc_section_raw_contour_valid,216,278,0.7769784172661871
AAA/ruputer/YU_TIAN_HAI,pc_section_valid,200,278,0.7194244604316546
AAA/ruputer/YU_TIAN_HAI,section_raw_contour_valid,273,278,0.9820143884892086
AAA/ruputer/YU_TIAN_HAI,section_valid,214,278,0.7697841726618705
AAA/ruputer/YU_TIAN_HAI,wall_cia_geometry_valid,29255,54654,0.5352764664983349
AAA/ruputer/YU_TIAN_HAI,wall_cia_semantic_valid,33540,54654,0.6136787792293337
AAA/ruputer/YU_TIAN_HAI,wall_map_area_slope_per_mm_valid,41947,54654,0.7675010063307351
AAA/ruputer/YU_TIAN_HAI,wall_map_downstream_min_area_ratio_valid,40865,54654,0.7477037362315658
AAA/ruputer/YU_TIAN_HAI,wall_map_downstream_min_distance_mm_valid,40865,54654,0.7477037362315658
AAA/ruputer/YU_TIAN_HAI,wall_map_eccentricity_valid,41947,54654,0.7675010063307351
AAA/ruputer/YU_TIAN_HAI,wall_map_pc_area_slope_per_mm_valid,37837,54654,0.692300655029824
AAA/ruputer/YU_TIAN_HAI,wall_map_pc_downstream_min_area_ratio_valid,36062,54654,0.6598236176675083
AAA/ruputer/YU_TIAN_HAI,wall_map_pc_downstream_min_distance_mm_valid,36062,54654,0.6598236176675083
AAA/ruputer/YU_TIAN_HAI,wall_map_pc_eccentricity_valid,37837,54654,0.692300655029824
AAA/ruputer/YU_TIAN_HAI,wall_map_pc_roundness_valid,37837,54654,0.692300655029824
AAA/ruputer/YU_TIAN_HAI,wall_map_pc_upstream_min_area_ratio_valid,35688,54654,0.65298056866835
AAA/ruputer/YU_TIAN_HAI,wall_map_pc_upstream_min_distance_mm_valid,35688,54654,0.65298056866835
AAA/ruputer/YU_TIAN_HAI,wall_map_pc_valid,37837,54654,0.692300655029824
AAA/ruputer/YU_TIAN_HAI,wall_map_roundness_valid,41947,54654,0.7675010063307351
AAA/ruputer/YU_TIAN_HAI,wall_map_upstream_min_area_ratio_valid,40616,54654,0.7431478025396129
AAA/ruputer/YU_TIAN_HAI,wall_map_upstream_min_distance_mm_valid,40616,54654,0.7431478025396129
AAA/ruputer/YU_TIAN_HAI,wall_map_valid,41947,54654,0.7675010063307351
AAA/ruputer/ZHANG_MAO_JIN,centerline_audit_core_mask,1201,1237,0.9708973322554567
AAA/ruputer/ZHANG_MAO_JIN,centerline_opening_extension_mask,3,1237,0.002425222312045271
AAA/ruputer/ZHANG_MAO_JIN,centerline_original_audit_core_mask,1201,1237,0.9708973322554567
AAA/ruputer/ZHANG_MAO_JIN,coverage_pre_shift_valid,251,318,0.789308176100629
AAA/ruputer/ZHANG_MAO_JIN,coverage_recovery_candidate_mask,12,318,0.03773584905660377
AAA/ruputer/ZHANG_MAO_JIN,final_probe_profile_valid,242,318,0.7610062893081762
AAA/ruputer/ZHANG_MAO_JIN,final_probe_recovered_mask,3,318,0.009433962264150943
AAA/ruputer/ZHANG_MAO_JIN,pc_section_raw_contour_valid,237,318,0.7452830188679245
AAA/ruputer/ZHANG_MAO_JIN,pc_section_valid,218,318,0.6855345911949685
AAA/ruputer/ZHANG_MAO_JIN,section_raw_contour_valid,313,318,0.9842767295597484
AAA/ruputer/ZHANG_MAO_JIN,section_valid,241,318,0.7578616352201258
AAA/ruputer/ZHANG_MAO_JIN,wall_cia_geometry_valid,48500,94308,0.5142723841031513
AAA/ruputer/ZHANG_MAO_JIN,wall_cia_semantic_valid,57568,94308,0.6104254145989736
AAA/ruputer/ZHANG_MAO_JIN,wall_map_area_slope_per_mm_valid,71532,94308,0.7584934470034356
AAA/ruputer/ZHANG_MAO_JIN,wall_map_downstream_min_area_ratio_valid,70650,94308,0.7491411121007762
AAA/ruputer/ZHANG_MAO_JIN,wall_map_downstream_min_distance_mm_valid,70650,94308,0.7491411121007762
AAA/ruputer/ZHANG_MAO_JIN,wall_map_eccentricity_valid,72192,94308,0.765491792848963
AAA/ruputer/ZHANG_MAO_JIN,wall_map_pc_area_slope_per_mm_valid,61493,94308,0.6520443652712389
AAA/ruputer/ZHANG_MAO_JIN,wall_map_pc_downstream_min_area_ratio_valid,59664,94308,0.6326504644356788
AAA/ruputer/ZHANG_MAO_JIN,wall_map_pc_downstream_min_distance_mm_valid,59664,94308,0.6326504644356788
AAA/ruputer/ZHANG_MAO_JIN,wall_map_pc_eccentricity_valid,62153,94308,0.6590427111167664
AAA/ruputer/ZHANG_MAO_JIN,wall_map_pc_roundness_valid,62153,94308,0.6590427111167664
AAA/ruputer/ZHANG_MAO_JIN,wall_map_pc_upstream_min_area_ratio_valid,58379,94308,0.6190248971455232
AAA/ruputer/ZHANG_MAO_JIN,wall_map_pc_upstream_min_distance_mm_valid,58379,94308,0.6190248971455232
AAA/ruputer/ZHANG_MAO_JIN,wall_map_pc_valid,62153,94308,0.6590427111167664
AAA/ruputer/ZHANG_MAO_JIN,wall_map_roundness_valid,72192,94308,0.765491792848963
AAA/ruputer/ZHANG_MAO_JIN,wall_map_upstream_min_area_ratio_valid,69313,94308,0.7349641599864275
AAA/ruputer/ZHANG_MAO_JIN,wall_map_upstream_min_distance_mm_valid,69313,94308,0.7349641599864275
AAA/ruputer/ZHANG_MAO_JIN,wall_map_valid,72192,94308,0.765491792848963
AAA/ruputer/ZHOU_KE_XUN,centerline_audit_core_mask,1058,1095,0.9662100456621004
AAA/ruputer/ZHOU_KE_XUN,centerline_opening_extension_mask,9,1095,0.00821917808219178
AAA/ruputer/ZHOU_KE_XUN,centerline_original_audit_core_mask,1059,1095,0.9671232876712329
AAA/ruputer/ZHOU_KE_XUN,coverage_pre_shift_valid,230,282,0.8156028368794326
AAA/ruputer/ZHOU_KE_XUN,coverage_recovery_candidate_mask,14,282,0.04964539007092199
AAA/ruputer/ZHOU_KE_XUN,final_probe_profile_valid,216,282,0.7659574468085106
AAA/ruputer/ZHOU_KE_XUN,final_probe_recovered_mask,5,282,0.01773049645390071
AAA/ruputer/ZHOU_KE_XUN,pc_section_raw_contour_valid,234,282,0.8297872340425532
AAA/ruputer/ZHOU_KE_XUN,pc_section_valid,217,282,0.7695035460992907
AAA/ruputer/ZHOU_KE_XUN,section_raw_contour_valid,277,282,0.9822695035460993
AAA/ruputer/ZHOU_KE_XUN,section_valid,221,282,0.7836879432624113
AAA/ruputer/ZHOU_KE_XUN,wall_cia_geometry_valid,22195,79783,0.2781920960605643
AAA/ruputer/ZHOU_KE_XUN,wall_cia_semantic_valid,26753,79783,0.33532206109070856
AAA/ruputer/ZHOU_KE_XUN,wall_map_area_slope_per_mm_valid,68378,79783,0.8570497474399308
AAA/ruputer/ZHOU_KE_XUN,wall_map_downstream_min_area_ratio_valid,67620,79783,0.8475489765990248
AAA/ruputer/ZHOU_KE_XUN,wall_map_downstream_min_distance_mm_valid,67620,79783,0.8475489765990248
AAA/ruputer/ZHOU_KE_XUN,wall_map_eccentricity_valid,68378,79783,0.8570497474399308
AAA/ruputer/ZHOU_KE_XUN,wall_map_pc_area_slope_per_mm_valid,67259,79783,0.8430242031510472
AAA/ruputer/ZHOU_KE_XUN,wall_map_pc_downstream_min_area_ratio_valid,66122,79783,0.8287730468896882
AAA/ruputer/ZHOU_KE_XUN,wall_map_pc_downstream_min_distance_mm_valid,66122,79783,0.8287730468896882
AAA/ruputer/ZHOU_KE_XUN,wall_map_pc_eccentricity_valid,67259,79783,0.8430242031510472
AAA/ruputer/ZHOU_KE_XUN,wall_map_pc_roundness_valid,67259,79783,0.8430242031510472
AAA/ruputer/ZHOU_KE_XUN,wall_map_pc_upstream_min_area_ratio_valid,65567,79783,0.8218166777383653
AAA/ruputer/ZHOU_KE_XUN,wall_map_pc_upstream_min_distance_mm_valid,65567,79783,0.8218166777383653
AAA/ruputer/ZHOU_KE_XUN,wall_map_pc_valid,67259,79783,0.8430242031510472
AAA/ruputer/ZHOU_KE_XUN,wall_map_roundness_valid,68378,79783,0.8570497474399308
AAA/ruputer/ZHOU_KE_XUN,wall_map_upstream_min_area_ratio_valid,67054,79783,0.8404547334645225
AAA/ruputer/ZHOU_KE_XUN,wall_map_upstream_min_distance_mm_valid,67054,79783,0.8404547334645225
AAA/ruputer/ZHOU_KE_XUN,wall_map_valid,68378,79783,0.8570497474399308
AAA/ruputer/ZOU_LI_SHUN,centerline_audit_core_mask,1351,1387,0.9740447007930786
AAA/ruputer/ZOU_LI_SHUN,centerline_opening_extension_mask,2,1387,0.0014419610670511895
AAA/ruputer/ZOU_LI_SHUN,centerline_original_audit_core_mask,1351,1387,0.9740447007930786
AAA/ruputer/ZOU_LI_SHUN,coverage_pre_shift_valid,286,355,0.8056338028169014
AAA/ruputer/ZOU_LI_SHUN,coverage_recovery_candidate_mask,7,355,0.01971830985915493
AAA/ruputer/ZOU_LI_SHUN,final_probe_profile_valid,281,355,0.7915492957746478
AAA/ruputer/ZOU_LI_SHUN,final_probe_recovered_mask,3,355,0.008450704225352112
AAA/ruputer/ZOU_LI_SHUN,pc_section_raw_contour_valid,288,355,0.8112676056338028
AAA/ruputer/ZOU_LI_SHUN,pc_section_valid,221,355,0.6225352112676056
AAA/ruputer/ZOU_LI_SHUN,section_raw_contour_valid,354,355,0.9971830985915493
AAA/ruputer/ZOU_LI_SHUN,section_valid,278,355,0.7830985915492957
AAA/ruputer/ZOU_LI_SHUN,wall_cia_geometry_valid,9833,14609,0.6730782394414402
AAA/ruputer/ZOU_LI_SHUN,wall_cia_semantic_valid,10913,14609,0.7470052707235266
AAA/ruputer/ZOU_LI_SHUN,wall_map_area_slope_per_mm_valid,11478,14609,0.7856800602368403
AAA/ruputer/ZOU_LI_SHUN,wall_map_downstream_min_area_ratio_valid,11194,14609,0.7662399890478472
AAA/ruputer/ZOU_LI_SHUN,wall_map_downstream_min_distance_mm_valid,11194,14609,0.7662399890478472
AAA/ruputer/ZOU_LI_SHUN,wall_map_eccentricity_valid,11478,14609,0.7856800602368403
AAA/ruputer/ZOU_LI_SHUN,wall_map_pc_area_slope_per_mm_valid,8218,14609,0.5625299472927647
AAA/ruputer/ZOU_LI_SHUN,wall_map_pc_downstream_min_area_ratio_valid,7349,14609,0.5030460674926415
AAA/ruputer/ZOU_LI_SHUN,wall_map_pc_downstream_min_distance_mm_valid,7349,14609,0.5030460674926415
AAA/ruputer/ZOU_LI_SHUN,wall_map_pc_eccentricity_valid,8577,14609,0.5871038400985694
AAA/ruputer/ZOU_LI_SHUN,wall_map_pc_roundness_valid,8577,14609,0.5871038400985694
AAA/ruputer/ZOU_LI_SHUN,wall_map_pc_upstream_min_area_ratio_valid,7317,14609,0.5008556369361352
AAA/ruputer/ZOU_LI_SHUN,wall_map_pc_upstream_min_distance_mm_valid,7317,14609,0.5008556369361352
AAA/ruputer/ZOU_LI_SHUN,wall_map_pc_valid,8577,14609,0.5871038400985694
AAA/ruputer/ZOU_LI_SHUN,wall_map_roundness_valid,11478,14609,0.7856800602368403
AAA/ruputer/ZOU_LI_SHUN,wall_map_upstream_min_area_ratio_valid,11073,14609,0.7579574235060579
AAA/ruputer/ZOU_LI_SHUN,wall_map_upstream_min_distance_mm_valid,11073,14609,0.7579574235060579
AAA/ruputer/ZOU_LI_SHUN,wall_map_valid,11478,14609,0.7856800602368403
AAA/ruputer/ZUO_DAO_SHENG,centerline_audit_core_mask,1072,1108,0.9675090252707581
AAA/ruputer/ZUO_DAO_SHENG,centerline_opening_extension_mask,1,1108,0.0009025270758122744
AAA/ruputer/ZUO_DAO_SHENG,centerline_original_audit_core_mask,1072,1108,0.9675090252707581
AAA/ruputer/ZUO_DAO_SHENG,coverage_pre_shift_valid,194,285,0.6807017543859649
AAA/ruputer/ZUO_DAO_SHENG,coverage_recovery_candidate_mask,9,285,0.031578947368421054
AAA/ruputer/ZUO_DAO_SHENG,final_probe_profile_valid,185,285,0.6491228070175439
AAA/ruputer/ZUO_DAO_SHENG,final_probe_recovered_mask,4,285,0.014035087719298246
AAA/ruputer/ZUO_DAO_SHENG,pc_section_raw_contour_valid,199,285,0.6982456140350877
AAA/ruputer/ZUO_DAO_SHENG,pc_section_valid,188,285,0.6596491228070176
AAA/ruputer/ZUO_DAO_SHENG,section_raw_contour_valid,279,285,0.9789473684210527
AAA/ruputer/ZUO_DAO_SHENG,section_valid,192,285,0.6736842105263158
AAA/ruputer/ZUO_DAO_SHENG,wall_cia_geometry_valid,27007,74419,0.36290463456912886
AAA/ruputer/ZUO_DAO_SHENG,wall_cia_semantic_valid,40786,74419,0.5480589634367568
AAA/ruputer/ZUO_DAO_SHENG,wall_map_area_slope_per_mm_valid,45976,74419,0.6177992179416547
AAA/ruputer/ZUO_DAO_SHENG,wall_map_downstream_min_area_ratio_valid,45102,74419,0.6060549053333154
AAA/ruputer/ZUO_DAO_SHENG,wall_map_downstream_min_distance_mm_valid,45102,74419,0.6060549053333154
AAA/ruputer/ZUO_DAO_SHENG,wall_map_eccentricity_valid,46238,74419,0.6213198242384337
AAA/ruputer/ZUO_DAO_SHENG,wall_map_pc_area_slope_per_mm_valid,45344,74419,0.6093067630578213
AAA/ruputer/ZUO_DAO_SHENG,wall_map_pc_downstream_min_area_ratio_valid,44700,74419,0.6006530590306239
AAA/ruputer/ZUO_DAO_SHENG,wall_map_pc_downstream_min_distance_mm_valid,44700,74419,0.6006530590306239
AAA/ruputer/ZUO_DAO_SHENG,wall_map_pc_eccentricity_valid,45606,74419,0.6128273693546002
AAA/ruputer/ZUO_DAO_SHENG,wall_map_pc_roundness_valid,45606,74419,0.6128273693546002
AAA/ruputer/ZUO_DAO_SHENG,wall_map_pc_upstream_min_area_ratio_valid,43743,74419,0.5877934398473508
AAA/ruputer/ZUO_DAO_SHENG,wall_map_pc_upstream_min_distance_mm_valid,43743,74419,0.5877934398473508
AAA/ruputer/ZUO_DAO_SHENG,wall_map_pc_valid,45606,74419,0.6128273693546002
AAA/ruputer/ZUO_DAO_SHENG,wall_map_roundness_valid,46238,74419,0.6213198242384337
AAA/ruputer/ZUO_DAO_SHENG,wall_map_upstream_min_area_ratio_valid,44121,74419,0.5928727878633144
AAA/ruputer/ZUO_DAO_SHENG,wall_map_upstream_min_distance_mm_valid,44121,74419,0.5928727878633144
AAA/ruputer/ZUO_DAO_SHENG,wall_map_valid,46238,74419,0.6213198242384337
AAA/unruputer/CAO_HONG_TAI,centerline_audit_core_mask,1265,1301,0.9723289777094543
AAA/unruputer/CAO_HONG_TAI,centerline_opening_extension_mask,0,1301,0.0
AAA/unruputer/CAO_HONG_TAI,centerline_original_audit_core_mask,1265,1301,0.9723289777094543
AAA/unruputer/CAO_HONG_TAI,coverage_pre_shift_valid,249,333,0.7477477477477478
AAA/unruputer/CAO_HONG_TAI,coverage_recovery_candidate_mask,24,333,0.07207207207207207
AAA/unruputer/CAO_HONG_TAI,final_probe_profile_valid,226,333,0.6786786786786787
AAA/unruputer/CAO_HONG_TAI,final_probe_recovered_mask,11,333,0.03303303303303303
AAA/unruputer/CAO_HONG_TAI,pc_section_raw_contour_valid,234,333,0.7027027027027027
AAA/unruputer/CAO_HONG_TAI,pc_section_valid,190,333,0.5705705705705706
AAA/unruputer/CAO_HONG_TAI,section_raw_contour_valid,328,333,0.984984984984985
AAA/unruputer/CAO_HONG_TAI,section_valid,244,333,0.7327327327327328
AAA/unruputer/CAO_HONG_TAI,wall_cia_geometry_valid,4238,17197,0.24643833226725592
AAA/unruputer/CAO_HONG_TAI,wall_cia_semantic_valid,6577,17197,0.3824504274001279
AAA/unruputer/CAO_HONG_TAI,wall_map_area_slope_per_mm_valid,12698,17197,0.7383846019654591
AAA/unruputer/CAO_HONG_TAI,wall_map_downstream_min_area_ratio_valid,12564,17197,0.7305925452113741
AAA/unruputer/CAO_HONG_TAI,wall_map_downstream_min_distance_mm_valid,12564,17197,0.7305925452113741
AAA/unruputer/CAO_HONG_TAI,wall_map_eccentricity_valid,12698,17197,0.7383846019654591
AAA/unruputer/CAO_HONG_TAI,wall_map_pc_area_slope_per_mm_valid,9676,17197,0.5626562772576612
AAA/unruputer/CAO_HONG_TAI,wall_map_pc_downstream_min_area_ratio_valid,9275,17197,0.5393382566726754
AAA/unruputer/CAO_HONG_TAI,wall_map_pc_downstream_min_distance_mm_valid,9275,17197,0.5393382566726754
AAA/unruputer/CAO_HONG_TAI,wall_map_pc_eccentricity_valid,9981,17197,0.5803919288247951
AAA/unruputer/CAO_HONG_TAI,wall_map_pc_roundness_valid,9981,17197,0.5803919288247951
AAA/unruputer/CAO_HONG_TAI,wall_map_pc_upstream_min_area_ratio_valid,9120,17197,0.5303250566959353
AAA/unruputer/CAO_HONG_TAI,wall_map_pc_upstream_min_distance_mm_valid,9120,17197,0.5303250566959353
AAA/unruputer/CAO_HONG_TAI,wall_map_pc_valid,9981,17197,0.5803919288247951
AAA/unruputer/CAO_HONG_TAI,wall_map_roundness_valid,12698,17197,0.7383846019654591
AAA/unruputer/CAO_HONG_TAI,wall_map_upstream_min_area_ratio_valid,12406,17197,0.7214048962028261
AAA/unruputer/CAO_HONG_TAI,wall_map_upstream_min_distance_mm_valid,12406,17197,0.7214048962028261
AAA/unruputer/CAO_HONG_TAI,wall_map_valid,12698,17197,0.7383846019654591
AAA/unruputer/CHEN_FU_YE,centerline_audit_core_mask,1198,1234,0.9708265802269044
AAA/unruputer/CHEN_FU_YE,centerline_opening_extension_mask,1,1234,0.0008103727714748784
AAA/unruputer/CHEN_FU_YE,centerline_original_audit_core_mask,1198,1234,0.9708265802269044
AAA/unruputer/CHEN_FU_YE,coverage_pre_shift_valid,257,316,0.8132911392405063
AAA/unruputer/CHEN_FU_YE,coverage_recovery_candidate_mask,19,316,0.060126582278481014
AAA/unruputer/CHEN_FU_YE,final_probe_profile_valid,243,316,0.7689873417721519
AAA/unruputer/CHEN_FU_YE,final_probe_recovered_mask,6,316,0.0189873417721519
AAA/unruputer/CHEN_FU_YE,pc_section_raw_contour_valid,250,316,0.7911392405063291
AAA/unruputer/CHEN_FU_YE,pc_section_valid,203,316,0.6424050632911392
AAA/unruputer/CHEN_FU_YE,section_raw_contour_valid,312,316,0.9873417721518988
AAA/unruputer/CHEN_FU_YE,section_valid,249,316,0.7879746835443038
AAA/unruputer/CHEN_FU_YE,wall_cia_geometry_valid,7143,14037,0.5088694165419961
AAA/unruputer/CHEN_FU_YE,wall_cia_semantic_valid,8300,14037,0.5912944361330769
AAA/unruputer/CHEN_FU_YE,wall_map_area_slope_per_mm_valid,11131,14037,0.792975707059913
AAA/unruputer/CHEN_FU_YE,wall_map_downstream_min_area_ratio_valid,10793,14037,0.7688964878535299
AAA/unruputer/CHEN_FU_YE,wall_map_downstream_min_distance_mm_valid,10793,14037,0.7688964878535299
AAA/unruputer/CHEN_FU_YE,wall_map_eccentricity_valid,11131,14037,0.792975707059913
AAA/unruputer/CHEN_FU_YE,wall_map_pc_area_slope_per_mm_valid,7912,14037,0.5636532022511933
AAA/unruputer/CHEN_FU_YE,wall_map_pc_downstream_min_area_ratio_valid,6986,14037,0.4976846904609247
AAA/unruputer/CHEN_FU_YE,wall_map_pc_downstream_min_distance_mm_valid,6986,14037,0.4976846904609247
AAA/unruputer/CHEN_FU_YE,wall_map_pc_eccentricity_valid,8054,14037,0.5737693239296145
AAA/unruputer/CHEN_FU_YE,wall_map_pc_roundness_valid,8054,14037,0.5737693239296145
AAA/unruputer/CHEN_FU_YE,wall_map_pc_upstream_min_area_ratio_valid,6990,14037,0.49796965163496476
AAA/unruputer/CHEN_FU_YE,wall_map_pc_upstream_min_distance_mm_valid,6990,14037,0.49796965163496476
AAA/unruputer/CHEN_FU_YE,wall_map_pc_valid,8054,14037,0.5737693239296145
AAA/unruputer/CHEN_FU_YE,wall_map_roundness_valid,11131,14037,0.792975707059913
AAA/unruputer/CHEN_FU_YE,wall_map_upstream_min_area_ratio_valid,10659,14037,0.7593502885231888
AAA/unruputer/CHEN_FU_YE,wall_map_upstream_min_distance_mm_valid,10659,14037,0.7593502885231888
AAA/unruputer/CHEN_FU_YE,wall_map_valid,11131,14037,0.792975707059913
AAA/unruputer/CHEN_LIANG_FU,centerline_audit_core_mask,1174,1210,0.9702479338842975
AAA/unruputer/CHEN_LIANG_FU,centerline_opening_extension_mask,4,1210,0.003305785123966942
AAA/unruputer/CHEN_LIANG_FU,centerline_original_audit_core_mask,1174,1210,0.9702479338842975
AAA/unruputer/CHEN_LIANG_FU,coverage_pre_shift_valid,192,310,0.6193548387096774
AAA/unruputer/CHEN_LIANG_FU,coverage_recovery_candidate_mask,4,310,0.012903225806451613
AAA/unruputer/CHEN_LIANG_FU,final_probe_profile_valid,189,310,0.6096774193548387
AAA/unruputer/CHEN_LIANG_FU,final_probe_recovered_mask,4,310,0.012903225806451613
AAA/unruputer/CHEN_LIANG_FU,pc_section_raw_contour_valid,199,310,0.6419354838709678
AAA/unruputer/CHEN_LIANG_FU,pc_section_valid,190,310,0.6129032258064516
AAA/unruputer/CHEN_LIANG_FU,section_raw_contour_valid,305,310,0.9838709677419355
AAA/unruputer/CHEN_LIANG_FU,section_valid,192,310,0.6193548387096774
AAA/unruputer/CHEN_LIANG_FU,wall_cia_geometry_valid,36273,95249,0.38082289577843337
AAA/unruputer/CHEN_LIANG_FU,wall_cia_semantic_valid,49276,95249,0.5173387647114406
AAA/unruputer/CHEN_LIANG_FU,wall_map_area_slope_per_mm_valid,65352,95249,0.6861174395531712
AAA/unruputer/CHEN_LIANG_FU,wall_map_downstream_min_area_ratio_valid,64409,95249,0.6762170731451249
AAA/unruputer/CHEN_LIANG_FU,wall_map_downstream_min_distance_mm_valid,64409,95249,0.6762170731451249
AAA/unruputer/CHEN_LIANG_FU,wall_map_eccentricity_valid,65352,95249,0.6861174395531712
AAA/unruputer/CHEN_LIANG_FU,wall_map_pc_area_slope_per_mm_valid,65063,95249,0.6830832869636426
AAA/unruputer/CHEN_LIANG_FU,wall_map_pc_downstream_min_area_ratio_valid,64120,95249,0.6731829205555964
AAA/unruputer/CHEN_LIANG_FU,wall_map_pc_downstream_min_distance_mm_valid,64120,95249,0.6731829205555964
AAA/unruputer/CHEN_LIANG_FU,wall_map_pc_eccentricity_valid,65063,95249,0.6830832869636426
AAA/unruputer/CHEN_LIANG_FU,wall_map_pc_roundness_valid,65063,95249,0.6830832869636426
AAA/unruputer/CHEN_LIANG_FU,wall_map_pc_upstream_min_area_ratio_valid,63026,95249,0.6616972356665162
AAA/unruputer/CHEN_LIANG_FU,wall_map_pc_upstream_min_distance_mm_valid,63026,95249,0.6616972356665162
AAA/unruputer/CHEN_LIANG_FU,wall_map_pc_valid,65063,95249,0.6830832869636426
AAA/unruputer/CHEN_LIANG_FU,wall_map_roundness_valid,65352,95249,0.6861174395531712
AAA/unruputer/CHEN_LIANG_FU,wall_map_upstream_min_area_ratio_valid,63401,95249,0.6656342848743819
AAA/unruputer/CHEN_LIANG_FU,wall_map_upstream_min_distance_mm_valid,63401,95249,0.6656342848743819
AAA/unruputer/CHEN_LIANG_FU,wall_map_valid,65352,95249,0.6861174395531712
AAA/unruputer/CHEN_SHU_LIN,centerline_audit_core_mask,1458,1494,0.9759036144578314
AAA/unruputer/CHEN_SHU_LIN,centerline_opening_extension_mask,0,1494,0.0
AAA/unruputer/CHEN_SHU_LIN,centerline_original_audit_core_mask,1458,1494,0.9759036144578314
AAA/unruputer/CHEN_SHU_LIN,coverage_pre_shift_valid,293,381,0.7690288713910761
AAA/unruputer/CHEN_SHU_LIN,coverage_recovery_candidate_mask,6,381,0.015748031496062992
AAA/unruputer/CHEN_SHU_LIN,final_probe_profile_valid,287,381,0.7532808398950132
AAA/unruputer/CHEN_SHU_LIN,final_probe_recovered_mask,7,381,0.01837270341207349
AAA/unruputer/CHEN_SHU_LIN,pc_section_raw_contour_valid,292,381,0.7664041994750657
AAA/unruputer/CHEN_SHU_LIN,pc_section_valid,263,381,0.6902887139107612
AAA/unruputer/CHEN_SHU_LIN,section_raw_contour_valid,378,381,0.9921259842519685
AAA/unruputer/CHEN_SHU_LIN,section_valid,290,381,0.7611548556430446
AAA/unruputer/CHEN_SHU_LIN,wall_cia_geometry_valid,10001,19687,0.5080002031797632
AAA/unruputer/CHEN_SHU_LIN,wall_cia_semantic_valid,12183,19687,0.6188347640574998
AAA/unruputer/CHEN_SHU_LIN,wall_map_area_slope_per_mm_valid,15717,19687,0.7983440849291411
AAA/unruputer/CHEN_SHU_LIN,wall_map_downstream_min_area_ratio_valid,15452,19687,0.7848834256108091
AAA/unruputer/CHEN_SHU_LIN,wall_map_downstream_min_distance_mm_valid,15452,19687,0.7848834256108091
AAA/unruputer/CHEN_SHU_LIN,wall_map_eccentricity_valid,15717,19687,0.7983440849291411
AAA/unruputer/CHEN_SHU_LIN,wall_map_pc_area_slope_per_mm_valid,13665,19687,0.6941128663585107
AAA/unruputer/CHEN_SHU_LIN,wall_map_pc_downstream_min_area_ratio_valid,12892,19687,0.6548483771016407
AAA/unruputer/CHEN_SHU_LIN,wall_map_pc_downstream_min_distance_mm_valid,12892,19687,0.6548483771016407
AAA/unruputer/CHEN_SHU_LIN,wall_map_pc_eccentricity_valid,13829,19687,0.7024432366536293
AAA/unruputer/CHEN_SHU_LIN,wall_map_pc_roundness_valid,13829,19687,0.7024432366536293
AAA/unruputer/CHEN_SHU_LIN,wall_map_pc_upstream_min_area_ratio_valid,12817,19687,0.6510387565398487
AAA/unruputer/CHEN_SHU_LIN,wall_map_pc_upstream_min_distance_mm_valid,12817,19687,0.6510387565398487
AAA/unruputer/CHEN_SHU_LIN,wall_map_pc_valid,13829,19687,0.7024432366536293
AAA/unruputer/CHEN_SHU_LIN,wall_map_roundness_valid,15717,19687,0.7983440849291411
AAA/unruputer/CHEN_SHU_LIN,wall_map_upstream_min_area_ratio_valid,15357,19687,0.7800579062325392
AAA/unruputer/CHEN_SHU_LIN,wall_map_upstream_min_distance_mm_valid,15357,19687,0.7800579062325392
AAA/unruputer/CHEN_SHU_LIN,wall_map_valid,15717,19687,0.7983440849291411
AAA/unruputer/FENG_ZHI_YING,centerline_audit_core_mask,988,1024,0.96484375
AAA/unruputer/FENG_ZHI_YING,centerline_opening_extension_mask,3,1024,0.0029296875
AAA/unruputer/FENG_ZHI_YING,centerline_original_audit_core_mask,988,1024,0.96484375
AAA/unruputer/FENG_ZHI_YING,coverage_pre_shift_valid,207,265,0.7811320754716982
AAA/unruputer/FENG_ZHI_YING,coverage_recovery_candidate_mask,5,265,0.018867924528301886
AAA/unruputer/FENG_ZHI_YING,final_probe_profile_valid,202,265,0.7622641509433963
AAA/unruputer/FENG_ZHI_YING,final_probe_recovered_mask,1,265,0.0037735849056603774
AAA/unruputer/FENG_ZHI_YING,pc_section_raw_contour_valid,210,265,0.7924528301886793
AAA/unruputer/FENG_ZHI_YING,pc_section_valid,201,265,0.7584905660377359
AAA/unruputer/FENG_ZHI_YING,section_raw_contour_valid,262,265,0.9886792452830189
AAA/unruputer/FENG_ZHI_YING,section_valid,207,265,0.7811320754716982
AAA/unruputer/FENG_ZHI_YING,wall_cia_geometry_valid,23159,72600,0.3189944903581267
AAA/unruputer/FENG_ZHI_YING,wall_cia_semantic_valid,29235,72600,0.40268595041322314
AAA/unruputer/FENG_ZHI_YING,wall_map_area_slope_per_mm_valid,59678,72600,0.8220110192837465
AAA/unruputer/FENG_ZHI_YING,wall_map_downstream_min_area_ratio_valid,58647,72600,0.8078099173553719
AAA/unruputer/FENG_ZHI_YING,wall_map_downstream_min_distance_mm_valid,58647,72600,0.8078099173553719
AAA/unruputer/FENG_ZHI_YING,wall_map_eccentricity_valid,59678,72600,0.8220110192837465
AAA/unruputer/FENG_ZHI_YING,wall_map_pc_area_slope_per_mm_valid,58559,72600,0.8065977961432507
AAA/unruputer/FENG_ZHI_YING,wall_map_pc_downstream_min_area_ratio_valid,57528,72600,0.792396694214876
AAA/unruputer/FENG_ZHI_YING,wall_map_pc_downstream_min_distance_mm_valid,57528,72600,0.792396694214876
AAA/unruputer/FENG_ZHI_YING,wall_map_pc_eccentricity_valid,58559,72600,0.8065977961432507
AAA/unruputer/FENG_ZHI_YING,wall_map_pc_roundness_valid,58559,72600,0.8065977961432507
AAA/unruputer/FENG_ZHI_YING,wall_map_pc_upstream_min_area_ratio_valid,57099,72600,0.7864876033057852
AAA/unruputer/FENG_ZHI_YING,wall_map_pc_upstream_min_distance_mm_valid,57099,72600,0.7864876033057852
AAA/unruputer/FENG_ZHI_YING,wall_map_pc_valid,58559,72600,0.8065977961432507
AAA/unruputer/FENG_ZHI_YING,wall_map_roundness_valid,59678,72600,0.8220110192837465
AAA/unruputer/FENG_ZHI_YING,wall_map_upstream_min_area_ratio_valid,58248,72600,0.8023140495867769
AAA/unruputer/FENG_ZHI_YING,wall_map_upstream_min_distance_mm_valid,58248,72600,0.8023140495867769
AAA/unruputer/FENG_ZHI_YING,wall_map_valid,59678,72600,0.8220110192837465
AAA/unruputer/GAO_DIAN_WEN,centerline_audit_core_mask,1196,1232,0.9707792207792207
AAA/unruputer/GAO_DIAN_WEN,centerline_opening_extension_mask,0,1232,0.0
AAA/unruputer/GAO_DIAN_WEN,centerline_original_audit_core_mask,1196,1232,0.9707792207792207
AAA/unruputer/GAO_DIAN_WEN,coverage_pre_shift_valid,238,315,0.7555555555555555
AAA/unruputer/GAO_DIAN_WEN,coverage_recovery_candidate_mask,8,315,0.025396825396825397
AAA/unruputer/GAO_DIAN_WEN,final_probe_profile_valid,230,315,0.7301587301587301
AAA/unruputer/GAO_DIAN_WEN,final_probe_recovered_mask,4,315,0.012698412698412698
AAA/unruputer/GAO_DIAN_WEN,pc_section_raw_contour_valid,219,315,0.6952380952380952
AAA/unruputer/GAO_DIAN_WEN,pc_section_valid,184,315,0.5841269841269842
AAA/unruputer/GAO_DIAN_WEN,section_raw_contour_valid,312,315,0.9904761904761905
AAA/unruputer/GAO_DIAN_WEN,section_valid,234,315,0.7428571428571429
AAA/unruputer/GAO_DIAN_WEN,wall_cia_geometry_valid,7793,14693,0.530388620431498
AAA/unruputer/GAO_DIAN_WEN,wall_cia_semantic_valid,9316,14693,0.634043422037705
AAA/unruputer/GAO_DIAN_WEN,wall_map_area_slope_per_mm_valid,11397,14693,0.7756754917307561
AAA/unruputer/GAO_DIAN_WEN,wall_map_downstream_min_area_ratio_valid,11152,14693,0.759000884775063
AAA/unruputer/GAO_DIAN_WEN,wall_map_downstream_min_distance_mm_valid,11152,14693,0.759000884775063
AAA/unruputer/GAO_DIAN_WEN,wall_map_eccentricity_valid,11397,14693,0.7756754917307561
AAA/unruputer/GAO_DIAN_WEN,wall_map_pc_area_slope_per_mm_valid,8493,14693,0.5780303545906214
AAA/unruputer/GAO_DIAN_WEN,wall_map_pc_downstream_min_area_ratio_valid,7795,14693,0.5305247396719527
AAA/unruputer/GAO_DIAN_WEN,wall_map_pc_downstream_min_distance_mm_valid,7795,14693,0.5305247396719527
AAA/unruputer/GAO_DIAN_WEN,wall_map_pc_eccentricity_valid,8608,14693,0.5858572109167631
AAA/unruputer/GAO_DIAN_WEN,wall_map_pc_roundness_valid,8608,14693,0.5858572109167631
AAA/unruputer/GAO_DIAN_WEN,wall_map_pc_upstream_min_area_ratio_valid,7805,14693,0.5312053358742258
AAA/unruputer/GAO_DIAN_WEN,wall_map_pc_upstream_min_distance_mm_valid,7805,14693,0.5312053358742258
AAA/unruputer/GAO_DIAN_WEN,wall_map_pc_valid,8608,14693,0.5858572109167631
AAA/unruputer/GAO_DIAN_WEN,wall_map_roundness_valid,11397,14693,0.7756754917307561
AAA/unruputer/GAO_DIAN_WEN,wall_map_upstream_min_area_ratio_valid,11090,14693,0.7547811883209692
AAA/unruputer/GAO_DIAN_WEN,wall_map_upstream_min_distance_mm_valid,11090,14693,0.7547811883209692
AAA/unruputer/GAO_DIAN_WEN,wall_map_valid,11397,14693,0.7756754917307561
AAA/unruputer/GAO_WEI_LI,centerline_audit_core_mask,1084,1120,0.9678571428571429
AAA/unruputer/GAO_WEI_LI,centerline_opening_extension_mask,1,1120,0.0008928571428571428
AAA/unruputer/GAO_WEI_LI,centerline_original_audit_core_mask,1084,1120,0.9678571428571429
AAA/unruputer/GAO_WEI_LI,coverage_pre_shift_valid,190,286,0.6643356643356644
AAA/unruputer/GAO_WEI_LI,coverage_recovery_candidate_mask,9,286,0.03146853146853147
AAA/unruputer/GAO_WEI_LI,final_probe_profile_valid,181,286,0.6328671328671329
AAA/unruputer/GAO_WEI_LI,final_probe_recovered_mask,2,286,0.006993006993006993
AAA/unruputer/GAO_WEI_LI,pc_section_raw_contour_valid,194,286,0.6783216783216783
AAA/unruputer/GAO_WEI_LI,pc_section_valid,175,286,0.6118881118881119
AAA/unruputer/GAO_WEI_LI,section_raw_contour_valid,285,286,0.9965034965034965
AAA/unruputer/GAO_WEI_LI,section_valid,189,286,0.6608391608391608
AAA/unruputer/GAO_WEI_LI,wall_cia_geometry_valid,6573,13879,0.47359319835723035
AAA/unruputer/GAO_WEI_LI,wall_cia_semantic_valid,9000,13879,0.6484617047337704
AAA/unruputer/GAO_WEI_LI,wall_map_area_slope_per_mm_valid,9571,13879,0.6896029973341019
AAA/unruputer/GAO_WEI_LI,wall_map_downstream_min_area_ratio_valid,9308,13879,0.6706535052957706
AAA/unruputer/GAO_WEI_LI,wall_map_downstream_min_distance_mm_valid,9308,13879,0.6706535052957706
AAA/unruputer/GAO_WEI_LI,wall_map_eccentricity_valid,9598,13879,0.6915483824483032
AAA/unruputer/GAO_WEI_LI,wall_map_pc_area_slope_per_mm_valid,8505,13879,0.612796310973413
AAA/unruputer/GAO_WEI_LI,wall_map_pc_downstream_min_area_ratio_valid,7879,13879,0.5676921968441531
AAA/unruputer/GAO_WEI_LI,wall_map_pc_downstream_min_distance_mm_valid,7879,13879,0.5676921968441531
AAA/unruputer/GAO_WEI_LI,wall_map_pc_eccentricity_valid,8554,13879,0.6163268246991859
AAA/unruputer/GAO_WEI_LI,wall_map_pc_roundness_valid,8554,13879,0.6163268246991859
AAA/unruputer/GAO_WEI_LI,wall_map_pc_upstream_min_area_ratio_valid,7700,13879,0.5547950140500036
AAA/unruputer/GAO_WEI_LI,wall_map_pc_upstream_min_distance_mm_valid,7700,13879,0.5547950140500036
AAA/unruputer/GAO_WEI_LI,wall_map_pc_valid,8554,13879,0.6163268246991859
AAA/unruputer/GAO_WEI_LI,wall_map_roundness_valid,9598,13879,0.6915483824483032
AAA/unruputer/GAO_WEI_LI,wall_map_upstream_min_area_ratio_valid,9123,13879,0.6573240146984654
AAA/unruputer/GAO_WEI_LI,wall_map_upstream_min_distance_mm_valid,9123,13879,0.6573240146984654
AAA/unruputer/GAO_WEI_LI,wall_map_valid,9598,13879,0.6915483824483032
AAA/unruputer/GUO_BAO_CHUN,centerline_audit_core_mask,1142,1178,0.969439728353141
AAA/unruputer/GUO_BAO_CHUN,centerline_opening_extension_mask,9,1178,0.007640067911714771
AAA/unruputer/GUO_BAO_CHUN,centerline_original_audit_core_mask,1142,1178,0.969439728353141
AAA/unruputer/GUO_BAO_CHUN,coverage_pre_shift_valid,188,302,0.6225165562913907
AAA/unruputer/GUO_BAO_CHUN,coverage_recovery_candidate_mask,13,302,0.04304635761589404
AAA/unruputer/GUO_BAO_CHUN,final_probe_profile_valid,177,302,0.5860927152317881
AAA/unruputer/GUO_BAO_CHUN,final_probe_recovered_mask,7,302,0.023178807947019868
AAA/unruputer/GUO_BAO_CHUN,pc_section_raw_contour_valid,180,302,0.5960264900662252
AAA/unruputer/GUO_BAO_CHUN,pc_section_valid,165,302,0.5463576158940397
AAA/unruputer/GUO_BAO_CHUN,section_raw_contour_valid,295,302,0.9768211920529801
AAA/unruputer/GUO_BAO_CHUN,section_valid,183,302,0.6059602649006622
AAA/unruputer/GUO_BAO_CHUN,wall_cia_geometry_valid,25856,65270,0.39613911444767885
AAA/unruputer/GUO_BAO_CHUN,wall_cia_semantic_valid,36733,65270,0.5627853531484602
AAA/unruputer/GUO_BAO_CHUN,wall_map_area_slope_per_mm_valid,42831,65270,0.6562126551248659
AAA/unruputer/GUO_BAO_CHUN,wall_map_downstream_min_area_ratio_valid,41565,65270,0.6368163015167765
AAA/unruputer/GUO_BAO_CHUN,wall_map_downstream_min_distance_mm_valid,41565,65270,0.6368163015167765
AAA/unruputer/GUO_BAO_CHUN,wall_map_eccentricity_valid,42954,65270,0.6580971349777845
AAA/unruputer/GUO_BAO_CHUN,wall_map_pc_area_slope_per_mm_valid,39348,65270,0.6028497012409989
AAA/unruputer/GUO_BAO_CHUN,wall_map_pc_downstream_min_area_ratio_valid,37899,65270,0.5806496093151524
AAA/unruputer/GUO_BAO_CHUN,wall_map_pc_downstream_min_distance_mm_valid,37899,65270,0.5806496093151524
AAA/unruputer/GUO_BAO_CHUN,wall_map_pc_eccentricity_valid,39348,65270,0.6028497012409989
AAA/unruputer/GUO_BAO_CHUN,wall_map_pc_roundness_valid,39348,65270,0.6028497012409989
AAA/unruputer/GUO_BAO_CHUN,wall_map_pc_upstream_min_area_ratio_valid,37084,65270,0.5681630151677647
AAA/unruputer/GUO_BAO_CHUN,wall_map_pc_upstream_min_distance_mm_valid,37084,65270,0.5681630151677647
AAA/unruputer/GUO_BAO_CHUN,wall_map_pc_valid,39348,65270,0.6028497012409989
AAA/unruputer/GUO_BAO_CHUN,wall_map_roundness_valid,42954,65270,0.6580971349777845
AAA/unruputer/GUO_BAO_CHUN,wall_map_upstream_min_area_ratio_valid,40898,65270,0.6265972115826567
AAA/unruputer/GUO_BAO_CHUN,wall_map_upstream_min_distance_mm_valid,40898,65270,0.6265972115826567
AAA/unruputer/GUO_BAO_CHUN,wall_map_valid,42954,65270,0.6580971349777845
AAA/unruputer/HAN_JIAN_FU,centerline_audit_core_mask,1183,1219,0.970467596390484
AAA/unruputer/HAN_JIAN_FU,centerline_opening_extension_mask,4,1219,0.003281378178835111
AAA/unruputer/HAN_JIAN_FU,centerline_original_audit_core_mask,1183,1219,0.970467596390484
AAA/unruputer/HAN_JIAN_FU,coverage_pre_shift_valid,258,313,0.8242811501597445
AAA/unruputer/HAN_JIAN_FU,coverage_recovery_candidate_mask,7,313,0.022364217252396165
AAA/unruputer/HAN_JIAN_FU,final_probe_profile_valid,252,313,0.805111821086262
AAA/unruputer/HAN_JIAN_FU,final_probe_recovered_mask,3,313,0.009584664536741214
AAA/unruputer/HAN_JIAN_FU,pc_section_raw_contour_valid,262,313,0.8370607028753994
AAA/unruputer/HAN_JIAN_FU,pc_section_valid,247,313,0.7891373801916933
AAA/unruputer/HAN_JIAN_FU,section_raw_contour_valid,306,313,0.9776357827476039
AAA/unruputer/HAN_JIAN_FU,section_valid,247,313,0.7891373801916933
AAA/unruputer/HAN_JIAN_FU,wall_cia_geometry_valid,34949,82417,0.42405086329276725
AAA/unruputer/HAN_JIAN_FU,wall_cia_semantic_valid,39105,82417,0.47447735297329435
AAA/unruputer/HAN_JIAN_FU,wall_map_area_slope_per_mm_valid,69341,82417,0.8413434121601125
AAA/unruputer/HAN_JIAN_FU,wall_map_downstream_min_area_ratio_valid,68175,82417,0.8271958455173083
AAA/unruputer/HAN_JIAN_FU,wall_map_downstream_min_distance_mm_valid,68175,82417,0.8271958455173083
AAA/unruputer/HAN_JIAN_FU,wall_map_eccentricity_valid,69341,82417,0.8413434121601125
AAA/unruputer/HAN_JIAN_FU,wall_map_pc_area_slope_per_mm_valid,69341,82417,0.8413434121601125
AAA/unruputer/HAN_JIAN_FU,wall_map_pc_downstream_min_area_ratio_valid,68175,82417,0.8271958455173083
AAA/unruputer/HAN_JIAN_FU,wall_map_pc_downstream_min_distance_mm_valid,68175,82417,0.8271958455173083
AAA/unruputer/HAN_JIAN_FU,wall_map_pc_eccentricity_valid,69341,82417,0.8413434121601125
AAA/unruputer/HAN_JIAN_FU,wall_map_pc_roundness_valid,69341,82417,0.8413434121601125
AAA/unruputer/HAN_JIAN_FU,wall_map_pc_upstream_min_area_ratio_valid,67636,82417,0.8206559326352573
AAA/unruputer/HAN_JIAN_FU,wall_map_pc_upstream_min_distance_mm_valid,67636,82417,0.8206559326352573
AAA/unruputer/HAN_JIAN_FU,wall_map_pc_valid,69341,82417,0.8413434121601125
AAA/unruputer/HAN_JIAN_FU,wall_map_roundness_valid,69341,82417,0.8413434121601125
AAA/unruputer/HAN_JIAN_FU,wall_map_upstream_min_area_ratio_valid,67636,82417,0.8206559326352573
AAA/unruputer/HAN_JIAN_FU,wall_map_upstream_min_distance_mm_valid,67636,82417,0.8206559326352573
AAA/unruputer/HAN_JIAN_FU,wall_map_valid,69341,82417,0.8413434121601125
AAA/unruputer/LIN_JIAN_RONG,centerline_audit_core_mask,1010,1048,0.9637404580152672
AAA/unruputer/LIN_JIAN_RONG,centerline_opening_extension_mask,16,1048,0.015267175572519083
AAA/unruputer/LIN_JIAN_RONG,centerline_original_audit_core_mask,1012,1048,0.9656488549618321
AAA/unruputer/LIN_JIAN_RONG,coverage_pre_shift_valid,227,270,0.8407407407407408
AAA/unruputer/LIN_JIAN_RONG,coverage_recovery_candidate_mask,3,270,0.011111111111111112
AAA/unruputer/LIN_JIAN_RONG,final_probe_profile_valid,224,270,0.8296296296296296
AAA/unruputer/LIN_JIAN_RONG,final_probe_recovered_mask,2,270,0.007407407407407408
AAA/unruputer/LIN_JIAN_RONG,pc_section_raw_contour_valid,220,270,0.8148148148148148
AAA/unruputer/LIN_JIAN_RONG,pc_section_valid,212,270,0.7851851851851852
AAA/unruputer/LIN_JIAN_RONG,section_raw_contour_valid,261,270,0.9666666666666667
AAA/unruputer/LIN_JIAN_RONG,section_valid,226,270,0.837037037037037
AAA/unruputer/LIN_JIAN_RONG,wall_cia_geometry_valid,23540,68653,0.3428837778392787
AAA/unruputer/LIN_JIAN_RONG,wall_cia_semantic_valid,26520,68653,0.3862904752887711
AAA/unruputer/LIN_JIAN_RONG,wall_map_area_slope_per_mm_valid,58909,68653,0.8580688389436733
AAA/unruputer/LIN_JIAN_RONG,wall_map_downstream_min_area_ratio_valid,57875,68653,0.8430075888890507
AAA/unruputer/LIN_JIAN_RONG,wall_map_downstream_min_distance_mm_valid,57875,68653,0.8430075888890507
AAA/unruputer/LIN_JIAN_RONG,wall_map_eccentricity_valid,58909,68653,0.8580688389436733
AAA/unruputer/LIN_JIAN_RONG,wall_map_pc_area_slope_per_mm_valid,55572,68653,0.8094620774037551
AAA/unruputer/LIN_JIAN_RONG,wall_map_pc_downstream_min_area_ratio_valid,53871,68653,0.7846853014434911
AAA/unruputer/LIN_JIAN_RONG,wall_map_pc_downstream_min_distance_mm_valid,53871,68653,0.7846853014434911
AAA/unruputer/LIN_JIAN_RONG,wall_map_pc_eccentricity_valid,55572,68653,0.8094620774037551
AAA/unruputer/LIN_JIAN_RONG,wall_map_pc_roundness_valid,55572,68653,0.8094620774037551
AAA/unruputer/LIN_JIAN_RONG,wall_map_pc_upstream_min_area_ratio_valid,53657,68653,0.7815681761904069
AAA/unruputer/LIN_JIAN_RONG,wall_map_pc_upstream_min_distance_mm_valid,53657,68653,0.7815681761904069
AAA/unruputer/LIN_JIAN_RONG,wall_map_pc_valid,55572,68653,0.8094620774037551
AAA/unruputer/LIN_JIAN_RONG,wall_map_roundness_valid,58909,68653,0.8580688389436733
AAA/unruputer/LIN_JIAN_RONG,wall_map_upstream_min_area_ratio_valid,57444,68653,0.8367296403653154
AAA/unruputer/LIN_JIAN_RONG,wall_map_upstream_min_distance_mm_valid,57444,68653,0.8367296403653154
AAA/unruputer/LIN_JIAN_RONG,wall_map_valid,58909,68653,0.8580688389436733
AAA/unruputer/LIU_CHENG_ZHANG,centerline_audit_core_mask,1108,1144,0.9685314685314685
AAA/unruputer/LIU_CHENG_ZHANG,centerline_opening_extension_mask,5,1144,0.004370629370629371
AAA/unruputer/LIU_CHENG_ZHANG,centerline_original_audit_core_mask,1108,1144,0.9685314685314685
AAA/unruputer/LIU_CHENG_ZHANG,coverage_pre_shift_valid,212,294,0.7210884353741497
AAA/unruputer/LIU_CHENG_ZHANG,coverage_recovery_candidate_mask,5,294,0.017006802721088437
AAA/unruputer/LIU_CHENG_ZHANG,final_probe_profile_valid,207,294,0.7040816326530612
AAA/unruputer/LIU_CHENG_ZHANG,final_probe_recovered_mask,1,294,0.003401360544217687
AAA/unruputer/LIU_CHENG_ZHANG,pc_section_raw_contour_valid,218,294,0.7414965986394558
AAA/unruputer/LIU_CHENG_ZHANG,pc_section_valid,206,294,0.7006802721088435
AAA/unruputer/LIU_CHENG_ZHANG,section_raw_contour_valid,286,294,0.9727891156462585
AAA/unruputer/LIU_CHENG_ZHANG,section_valid,208,294,0.7074829931972789
AAA/unruputer/LIU_CHENG_ZHANG,wall_cia_geometry_valid,23960,54589,0.43891626518163
AAA/unruputer/LIU_CHENG_ZHANG,wall_cia_semantic_valid,31553,54589,0.5780102218395647
AAA/unruputer/LIU_CHENG_ZHANG,wall_map_area_slope_per_mm_valid,39157,54589,0.7173056842953709
AAA/unruputer/LIU_CHENG_ZHANG,wall_map_downstream_min_area_ratio_valid,38301,54589,0.7016248694791991
AAA/unruputer/LIU_CHENG_ZHANG,wall_map_downstream_min_distance_mm_valid,38301,54589,0.7016248694791991
AAA/unruputer/LIU_CHENG_ZHANG,wall_map_eccentricity_valid,39157,54589,0.7173056842953709
AAA/unruputer/LIU_CHENG_ZHANG,wall_map_pc_area_slope_per_mm_valid,38398,54589,0.7034017842422466
AAA/unruputer/LIU_CHENG_ZHANG,wall_map_pc_downstream_min_area_ratio_valid,37360,54589,0.6843869644067486
AAA/unruputer/LIU_CHENG_ZHANG,wall_map_pc_downstream_min_distance_mm_valid,37360,54589,0.6843869644067486
AAA/unruputer/LIU_CHENG_ZHANG,wall_map_pc_eccentricity_valid,38525,54589,0.705728260272216
AAA/unruputer/LIU_CHENG_ZHANG,wall_map_pc_roundness_valid,38525,54589,0.705728260272216
AAA/unruputer/LIU_CHENG_ZHANG,wall_map_pc_upstream_min_area_ratio_valid,36945,54589,0.6767847002143289
AAA/unruputer/LIU_CHENG_ZHANG,wall_map_pc_upstream_min_distance_mm_valid,36945,54589,0.6767847002143289
AAA/unruputer/LIU_CHENG_ZHANG,wall_map_pc_valid,38525,54589,0.705728260272216
AAA/unruputer/LIU_CHENG_ZHANG,wall_map_roundness_valid,39157,54589,0.7173056842953709
AAA/unruputer/LIU_CHENG_ZHANG,wall_map_upstream_min_area_ratio_valid,37835,54589,0.6930883511330121
AAA/unruputer/LIU_CHENG_ZHANG,wall_map_upstream_min_distance_mm_valid,37835,54589,0.6930883511330121
AAA/unruputer/LIU_CHENG_ZHANG,wall_map_valid,39157,54589,0.7173056842953709
AAA/unruputer/LIU_JIE,centerline_audit_core_mask,1014,1053,0.9629629629629629
AAA/unruputer/LIU_JIE,centerline_opening_extension_mask,9,1053,0.008547008547008548
AAA/unruputer/LIU_JIE,centerline_original_audit_core_mask,1017,1053,0.9658119658119658
AAA/unruputer/LIU_JIE,coverage_pre_shift_valid,221,272,0.8125
AAA/unruputer/LIU_JIE,coverage_recovery_candidate_mask,8,272,0.029411764705882353
AAA/unruputer/LIU_JIE,final_probe_profile_valid,213,272,0.7830882352941176
AAA/unruputer/LIU_JIE,final_probe_recovered_mask,3,272,0.011029411764705883
AAA/unruputer/LIU_JIE,pc_section_raw_contour_valid,221,272,0.8125
AAA/unruputer/LIU_JIE,pc_section_valid,210,272,0.7720588235294118
AAA/unruputer/LIU_JIE,section_raw_contour_valid,267,272,0.9816176470588235
AAA/unruputer/LIU_JIE,section_valid,217,272,0.7977941176470589
AAA/unruputer/LIU_JIE,wall_cia_geometry_valid,25765,63467,0.40595900231616433
AAA/unruputer/LIU_JIE,wall_cia_semantic_valid,31251,63467,0.49239762396205905
AAA/unruputer/LIU_JIE,wall_map_area_slope_per_mm_valid,51444,63467,0.8105629697323018
AAA/unruputer/LIU_JIE,wall_map_downstream_min_area_ratio_valid,50408,63467,0.7942395260529094
AAA/unruputer/LIU_JIE,wall_map_downstream_min_distance_mm_valid,50408,63467,0.7942395260529094
AAA/unruputer/LIU_JIE,wall_map_eccentricity_valid,51489,63467,0.8112719996218507
AAA/unruputer/LIU_JIE,wall_map_pc_area_slope_per_mm_valid,49520,63467,0.7802480028991444
AAA/unruputer/LIU_JIE,wall_map_pc_downstream_min_area_ratio_valid,47784,63467,0.7528952053823247
AAA/unruputer/LIU_JIE,wall_map_pc_downstream_min_distance_mm_valid,47784,63467,0.7528952053823247
AAA/unruputer/LIU_JIE,wall_map_pc_eccentricity_valid,49520,63467,0.7802480028991444
AAA/unruputer/LIU_JIE,wall_map_pc_roundness_valid,49520,63467,0.7802480028991444
AAA/unruputer/LIU_JIE,wall_map_pc_upstream_min_area_ratio_valid,47431,63467,0.7473332598043078
AAA/unruputer/LIU_JIE,wall_map_pc_upstream_min_distance_mm_valid,47431,63467,0.7473332598043078
AAA/unruputer/LIU_JIE,wall_map_pc_valid,49520,63467,0.7802480028991444
AAA/unruputer/LIU_JIE,wall_map_roundness_valid,51489,63467,0.8112719996218507
AAA/unruputer/LIU_JIE,wall_map_upstream_min_area_ratio_valid,49966,63467,0.7872752769155624
AAA/unruputer/LIU_JIE,wall_map_upstream_min_distance_mm_valid,49966,63467,0.7872752769155624
AAA/unruputer/LIU_JIE,wall_map_valid,51489,63467,0.8112719996218507
AAA/unruputer/LIU_KANG_WEN,centerline_audit_core_mask,1353,1389,0.9740820734341252
AAA/unruputer/LIU_KANG_WEN,centerline_opening_extension_mask,3,1389,0.0021598272138228943
AAA/unruputer/LIU_KANG_WEN,centerline_original_audit_core_mask,1353,1389,0.9740820734341252
AAA/unruputer/LIU_KANG_WEN,coverage_pre_shift_valid,238,356,0.6685393258426966
AAA/unruputer/LIU_KANG_WEN,coverage_recovery_candidate_mask,13,356,0.03651685393258427
AAA/unruputer/LIU_KANG_WEN,final_probe_profile_valid,225,356,0.6320224719101124
AAA/unruputer/LIU_KANG_WEN,final_probe_recovered_mask,2,356,0.0056179775280898875
AAA/unruputer/LIU_KANG_WEN,pc_section_raw_contour_valid,229,356,0.6432584269662921
AAA/unruputer/LIU_KANG_WEN,pc_section_valid,186,356,0.5224719101123596
AAA/unruputer/LIU_KANG_WEN,section_raw_contour_valid,354,356,0.9943820224719101
AAA/unruputer/LIU_KANG_WEN,section_valid,233,356,0.6544943820224719
AAA/unruputer/LIU_KANG_WEN,wall_cia_geometry_valid,8748,14115,0.6197662061636556
AAA/unruputer/LIU_KANG_WEN,wall_cia_semantic_valid,10434,14115,0.7392136025504782
AAA/unruputer/LIU_KANG_WEN,wall_map_area_slope_per_mm_valid,10258,14115,0.7267445979454481
AAA/unruputer/LIU_KANG_WEN,wall_map_downstream_min_area_ratio_valid,10033,14115,0.7108041091037903
AAA/unruputer/LIU_KANG_WEN,wall_map_downstream_min_distance_mm_valid,10033,14115,0.7108041091037903
AAA/unruputer/LIU_KANG_WEN,wall_map_eccentricity_valid,10258,14115,0.7267445979454481
AAA/unruputer/LIU_KANG_WEN,wall_map_pc_area_slope_per_mm_valid,7220,14115,0.5115125752745306
AAA/unruputer/LIU_KANG_WEN,wall_map_pc_downstream_min_area_ratio_valid,6515,14115,0.46156571023733617
AAA/unruputer/LIU_KANG_WEN,wall_map_pc_downstream_min_distance_mm_valid,6515,14115,0.46156571023733617
AAA/unruputer/LIU_KANG_WEN,wall_map_pc_eccentricity_valid,7390,14115,0.5235565001771165
AAA/unruputer/LIU_KANG_WEN,wall_map_pc_roundness_valid,7390,14115,0.5235565001771165
AAA/unruputer/LIU_KANG_WEN,wall_map_pc_upstream_min_area_ratio_valid,6475,14115,0.4587318455543748
AAA/unruputer/LIU_KANG_WEN,wall_map_pc_upstream_min_distance_mm_valid,6475,14115,0.4587318455543748
AAA/unruputer/LIU_KANG_WEN,wall_map_pc_valid,7390,14115,0.5235565001771165
AAA/unruputer/LIU_KANG_WEN,wall_map_roundness_valid,10258,14115,0.7267445979454481
AAA/unruputer/LIU_KANG_WEN,wall_map_upstream_min_area_ratio_valid,9923,14115,0.7030109812256464
AAA/unruputer/LIU_KANG_WEN,wall_map_upstream_min_distance_mm_valid,9923,14115,0.7030109812256464
AAA/unruputer/LIU_KANG_WEN,wall_map_valid,10258,14115,0.7267445979454481
AAA/unruputer/LIU_LI_FENG,centerline_audit_core_mask,1119,1155,0.9688311688311688
AAA/unruputer/LIU_LI_FENG,centerline_opening_extension_mask,1,1155,0.0008658008658008658
AAA/unruputer/LIU_LI_FENG,centerline_original_audit_core_mask,1119,1155,0.9688311688311688
AAA/unruputer/LIU_LI_FENG,coverage_pre_shift_valid,221,297,0.7441077441077442
AAA/unruputer/LIU_LI_FENG,coverage_recovery_candidate_mask,11,297,0.037037037037037035
AAA/unruputer/LIU_LI_FENG,final_probe_profile_valid,210,297,0.7070707070707071
AAA/unruputer/LIU_LI_FENG,final_probe_recovered_mask,4,297,0.013468013468013467
AAA/unruputer/LIU_LI_FENG,pc_section_raw_contour_valid,222,297,0.7474747474747475
AAA/unruputer/LIU_LI_FENG,pc_section_valid,214,297,0.7205387205387206
AAA/unruputer/LIU_LI_FENG,section_raw_contour_valid,294,297,0.98989898989899
AAA/unruputer/LIU_LI_FENG,section_valid,221,297,0.7441077441077442
AAA/unruputer/LIU_LI_FENG,wall_cia_geometry_valid,33565,63758,0.5264437403933624
AAA/unruputer/LIU_LI_FENG,wall_cia_semantic_valid,42392,63758,0.6648891119545782
AAA/unruputer/LIU_LI_FENG,wall_map_area_slope_per_mm_valid,46647,63758,0.7316258351893096
AAA/unruputer/LIU_LI_FENG,wall_map_downstream_min_area_ratio_valid,45996,63758,0.72141535179899
AAA/unruputer/LIU_LI_FENG,wall_map_downstream_min_distance_mm_valid,45996,63758,0.72141535179899
AAA/unruputer/LIU_LI_FENG,wall_map_eccentricity_valid,46848,63758,0.7347783807522194
AAA/unruputer/LIU_LI_FENG,wall_map_pc_area_slope_per_mm_valid,44821,63758,0.7029862919163086
AAA/unruputer/LIU_LI_FENG,wall_map_pc_downstream_min_area_ratio_valid,43925,63758,0.6889331534866213
AAA/unruputer/LIU_LI_FENG,wall_map_pc_downstream_min_distance_mm_valid,43925,63758,0.6889331534866213
AAA/unruputer/LIU_LI_FENG,wall_map_pc_eccentricity_valid,44821,63758,0.7029862919163086
AAA/unruputer/LIU_LI_FENG,wall_map_pc_roundness_valid,44821,63758,0.7029862919163086
AAA/unruputer/LIU_LI_FENG,wall_map_pc_upstream_min_area_ratio_valid,42955,63758,0.6737193763919822
AAA/unruputer/LIU_LI_FENG,wall_map_pc_upstream_min_distance_mm_valid,42955,63758,0.6737193763919822
AAA/unruputer/LIU_LI_FENG,wall_map_pc_valid,44821,63758,0.7029862919163086
AAA/unruputer/LIU_LI_FENG,wall_map_roundness_valid,46848,63758,0.7347783807522194
AAA/unruputer/LIU_LI_FENG,wall_map_upstream_min_area_ratio_valid,45011,63758,0.7059663101101038
AAA/unruputer/LIU_LI_FENG,wall_map_upstream_min_distance_mm_valid,45011,63758,0.7059663101101038
AAA/unruputer/LIU_LI_FENG,wall_map_valid,46848,63758,0.7347783807522194
AAA/unruputer/LIU_XING_GUO,centerline_audit_core_mask,1251,1287,0.972027972027972
AAA/unruputer/LIU_XING_GUO,centerline_opening_extension_mask,1,1287,0.000777000777000777
AAA/unruputer/LIU_XING_GUO,centerline_original_audit_core_mask,1251,1287,0.972027972027972
AAA/unruputer/LIU_XING_GUO,coverage_pre_shift_valid,253,330,0.7666666666666667
AAA/unruputer/LIU_XING_GUO,coverage_recovery_candidate_mask,13,330,0.03939393939393939
AAA/unruputer/LIU_XING_GUO,final_probe_profile_valid,241,330,0.7303030303030303
AAA/unruputer/LIU_XING_GUO,final_probe_recovered_mask,3,330,0.00909090909090909
AAA/unruputer/LIU_XING_GUO,pc_section_raw_contour_valid,231,330,0.7
AAA/unruputer/LIU_XING_GUO,pc_section_valid,168,330,0.509090909090909
AAA/unruputer/LIU_XING_GUO,section_raw_contour_valid,328,330,0.9939393939393939
AAA/unruputer/LIU_XING_GUO,section_valid,249,330,0.7545454545454545
AAA/unruputer/LIU_XING_GUO,wall_cia_geometry_valid,7047,12611,0.5587978748711442
AAA/unruputer/LIU_XING_GUO,wall_cia_semantic_valid,8300,12611,0.6581555784632463
AAA/unruputer/LIU_XING_GUO,wall_map_area_slope_per_mm_valid,9819,12611,0.7786059789073031
AAA/unruputer/LIU_XING_GUO,wall_map_downstream_min_area_ratio_valid,9622,12611,0.7629846959004044
AAA/unruputer/LIU_XING_GUO,wall_map_downstream_min_distance_mm_valid,9622,12611,0.7629846959004044
AAA/unruputer/LIU_XING_GUO,wall_map_eccentricity_valid,9893,12611,0.7844738720164935
AAA/unruputer/LIU_XING_GUO,wall_map_pc_area_slope_per_mm_valid,6035,12611,0.47855047181032434
AAA/unruputer/LIU_XING_GUO,wall_map_pc_downstream_min_area_ratio_valid,5562,12611,0.44104353342320196
AAA/unruputer/LIU_XING_GUO,wall_map_pc_downstream_min_distance_mm_valid,5562,12611,0.44104353342320196
AAA/unruputer/LIU_XING_GUO,wall_map_pc_eccentricity_valid,6344,12611,0.5030528903338355
AAA/unruputer/LIU_XING_GUO,wall_map_pc_roundness_valid,6344,12611,0.5030528903338355
AAA/unruputer/LIU_XING_GUO,wall_map_pc_upstream_min_area_ratio_valid,5571,12611,0.44175719609864406
AAA/unruputer/LIU_XING_GUO,wall_map_pc_upstream_min_distance_mm_valid,5571,12611,0.44175719609864406
AAA/unruputer/LIU_XING_GUO,wall_map_pc_valid,6344,12611,0.5030528903338355
AAA/unruputer/LIU_XING_GUO,wall_map_roundness_valid,9893,12611,0.7844738720164935
AAA/unruputer/LIU_XING_GUO,wall_map_upstream_min_area_ratio_valid,9455,12611,0.7497422884783126
AAA/unruputer/LIU_XING_GUO,wall_map_upstream_min_distance_mm_valid,9455,12611,0.7497422884783126
AAA/unruputer/LIU_XING_GUO,wall_map_valid,9893,12611,0.7844738720164935
AAA/unruputer/LI_YOU_YU,centerline_audit_core_mask,1128,1164,0.9690721649484536
AAA/unruputer/LI_YOU_YU,centerline_opening_extension_mask,2,1164,0.001718213058419244
AAA/unruputer/LI_YOU_YU,centerline_original_audit_core_mask,1128,1164,0.9690721649484536
AAA/unruputer/LI_YOU_YU,coverage_pre_shift_valid,228,298,0.7651006711409396
AAA/unruputer/LI_YOU_YU,coverage_recovery_candidate_mask,14,298,0.04697986577181208
AAA/unruputer/LI_YOU_YU,final_probe_profile_valid,216,298,0.7248322147651006
AAA/unruputer/LI_YOU_YU,final_probe_recovered_mask,1,298,0.003355704697986577
AAA/unruputer/LI_YOU_YU,pc_section_raw_contour_valid,224,298,0.7516778523489933
AAA/unruputer/LI_YOU_YU,pc_section_valid,204,298,0.6845637583892618
AAA/unruputer/LI_YOU_YU,section_raw_contour_valid,293,298,0.9832214765100671
AAA/unruputer/LI_YOU_YU,section_valid,218,298,0.7315436241610739
AAA/unruputer/LI_YOU_YU,wall_cia_geometry_valid,31922,53826,0.5930591164121428
AAA/unruputer/LI_YOU_YU,wall_cia_semantic_valid,36493,53826,0.6779809014231041
AAA/unruputer/LI_YOU_YU,wall_map_area_slope_per_mm_valid,39979,53826,0.7427451417530562
AAA/unruputer/LI_YOU_YU,wall_map_downstream_min_area_ratio_valid,39136,53826,0.7270835655631107
AAA/unruputer/LI_YOU_YU,wall_map_downstream_min_distance_mm_valid,39136,53826,0.7270835655631107
AAA/unruputer/LI_YOU_YU,wall_map_eccentricity_valid,39979,53826,0.7427451417530562
AAA/unruputer/LI_YOU_YU,wall_map_pc_area_slope_per_mm_valid,36721,53826,0.6822167725634452
AAA/unruputer/LI_YOU_YU,wall_map_pc_downstream_min_area_ratio_valid,34670,53826,0.6441125106825698
AAA/unruputer/LI_YOU_YU,wall_map_pc_downstream_min_distance_mm_valid,34670,53826,0.6441125106825698
AAA/unruputer/LI_YOU_YU,wall_map_pc_eccentricity_valid,36721,53826,0.6822167725634452
AAA/unruputer/LI_YOU_YU,wall_map_pc_roundness_valid,36721,53826,0.6822167725634452
AAA/unruputer/LI_YOU_YU,wall_map_pc_upstream_min_area_ratio_valid,34101,53826,0.6335414112139115
AAA/unruputer/LI_YOU_YU,wall_map_pc_upstream_min_distance_mm_valid,34101,53826,0.6335414112139115
AAA/unruputer/LI_YOU_YU,wall_map_pc_valid,36721,53826,0.6822167725634452
AAA/unruputer/LI_YOU_YU,wall_map_roundness_valid,39979,53826,0.7427451417530562
AAA/unruputer/LI_YOU_YU,wall_map_upstream_min_area_ratio_valid,38320,53826,0.7119236056924163
AAA/unruputer/LI_YOU_YU,wall_map_upstream_min_distance_mm_valid,38320,53826,0.7119236056924163
AAA/unruputer/LI_YOU_YU,wall_map_valid,39979,53826,0.7427451417530562
AAA/unruputer/MA_JIN_HE,centerline_audit_core_mask,1002,1038,0.9653179190751445
AAA/unruputer/MA_JIN_HE,centerline_opening_extension_mask,2,1038,0.0019267822736030828
AAA/unruputer/MA_JIN_HE,centerline_original_audit_core_mask,1002,1038,0.9653179190751445
AAA/unruputer/MA_JIN_HE,coverage_pre_shift_valid,209,267,0.7827715355805244
AAA/unruputer/MA_JIN_HE,coverage_recovery_candidate_mask,4,267,0.0149812734082397
AAA/unruputer/MA_JIN_HE,final_probe_profile_valid,205,267,0.7677902621722846
AAA/unruputer/MA_JIN_HE,final_probe_recovered_mask,3,267,0.011235955056179775
AAA/unruputer/MA_JIN_HE,pc_section_raw_contour_valid,212,267,0.7940074906367042
AAA/unruputer/MA_JIN_HE,pc_section_valid,204,267,0.7640449438202247
AAA/unruputer/MA_JIN_HE,section_raw_contour_valid,264,267,0.9887640449438202
AAA/unruputer/MA_JIN_HE,section_valid,205,267,0.7677902621722846
AAA/unruputer/MA_JIN_HE,wall_cia_geometry_valid,27568,76729,0.3592904899060329
AAA/unruputer/MA_JIN_HE,wall_cia_semantic_valid,34612,76729,0.45109411044064174
AAA/unruputer/MA_JIN_HE,wall_map_area_slope_per_mm_valid,59028,76729,0.7693049564050098
AAA/unruputer/MA_JIN_HE,wall_map_downstream_min_area_ratio_valid,57822,76729,0.7535873007598171
AAA/unruputer/MA_JIN_HE,wall_map_downstream_min_distance_mm_valid,57822,76729,0.7535873007598171
AAA/unruputer/MA_JIN_HE,wall_map_eccentricity_valid,59028,76729,0.7693049564050098
AAA/unruputer/MA_JIN_HE,wall_map_pc_area_slope_per_mm_valid,58877,76729,0.7673369912288704
AAA/unruputer/MA_JIN_HE,wall_map_pc_downstream_min_area_ratio_valid,57671,76729,0.7516193355836777
AAA/unruputer/MA_JIN_HE,wall_map_pc_downstream_min_distance_mm_valid,57671,76729,0.7516193355836777
AAA/unruputer/MA_JIN_HE,wall_map_pc_eccentricity_valid,58877,76729,0.7673369912288704
AAA/unruputer/MA_JIN_HE,wall_map_pc_roundness_valid,58877,76729,0.7673369912288704
AAA/unruputer/MA_JIN_HE,wall_map_pc_upstream_min_area_ratio_valid,57337,76729,0.7472663530086407
AAA/unruputer/MA_JIN_HE,wall_map_pc_upstream_min_distance_mm_valid,57337,76729,0.7472663530086407
AAA/unruputer/MA_JIN_HE,wall_map_pc_valid,58877,76729,0.7673369912288704
AAA/unruputer/MA_JIN_HE,wall_map_roundness_valid,59028,76729,0.7693049564050098
AAA/unruputer/MA_JIN_HE,wall_map_upstream_min_area_ratio_valid,57511,76729,0.7495340744698875
AAA/unruputer/MA_JIN_HE,wall_map_upstream_min_distance_mm_valid,57511,76729,0.7495340744698875
AAA/unruputer/MA_JIN_HE,wall_map_valid,59028,76729,0.7693049564050098
AAA/unruputer/QIAO_XIU_YUN,centerline_audit_core_mask,1065,1101,0.9673024523160763
AAA/unruputer/QIAO_XIU_YUN,centerline_opening_extension_mask,2,1101,0.0018165304268846503
AAA/unruputer/QIAO_XIU_YUN,centerline_original_audit_core_mask,1065,1101,0.9673024523160763
AAA/unruputer/QIAO_XIU_YUN,coverage_pre_shift_valid,225,283,0.7950530035335689
AAA/unruputer/QIAO_XIU_YUN,coverage_recovery_candidate_mask,11,283,0.038869257950530034
AAA/unruputer/QIAO_XIU_YUN,final_probe_profile_valid,215,283,0.7597173144876325
AAA/unruputer/QIAO_XIU_YUN,final_probe_recovered_mask,6,283,0.02120141342756184
AAA/unruputer/QIAO_XIU_YUN,pc_section_raw_contour_valid,215,283,0.7597173144876325
AAA/unruputer/QIAO_XIU_YUN,pc_section_valid,203,283,0.7173144876325088
AAA/unruputer/QIAO_XIU_YUN,section_raw_contour_valid,277,283,0.9787985865724381
AAA/unruputer/QIAO_XIU_YUN,section_valid,216,283,0.7632508833922261
AAA/unruputer/QIAO_XIU_YUN,wall_cia_geometry_valid,22425,56492,0.39695886143170717
AAA/unruputer/QIAO_XIU_YUN,wall_cia_semantic_valid,27871,56492,0.4933618919493026
AAA/unruputer/QIAO_XIU_YUN,wall_map_area_slope_per_mm_valid,43208,56492,0.7648516604120937
AAA/unruputer/QIAO_XIU_YUN,wall_map_downstream_min_area_ratio_valid,41804,56492,0.7399985838702825
AAA/unruputer/QIAO_XIU_YUN,wall_map_downstream_min_distance_mm_valid,41804,56492,0.7399985838702825
AAA/unruputer/QIAO_XIU_YUN,wall_map_eccentricity_valid,43208,56492,0.7648516604120937
AAA/unruputer/QIAO_XIU_YUN,wall_map_pc_area_slope_per_mm_valid,40992,56492,0.725624867237839
AAA/unruputer/QIAO_XIU_YUN,wall_map_pc_downstream_min_area_ratio_valid,39223,56492,0.6943106988600156
AAA/unruputer/QIAO_XIU_YUN,wall_map_pc_downstream_min_distance_mm_valid,39223,56492,0.6943106988600156
AAA/unruputer/QIAO_XIU_YUN,wall_map_pc_eccentricity_valid,40992,56492,0.725624867237839
AAA/unruputer/QIAO_XIU_YUN,wall_map_pc_roundness_valid,40992,56492,0.725624867237839
AAA/unruputer/QIAO_XIU_YUN,wall_map_pc_upstream_min_area_ratio_valid,39039,56492,0.6910536005098067
AAA/unruputer/QIAO_XIU_YUN,wall_map_pc_upstream_min_distance_mm_valid,39039,56492,0.6910536005098067
AAA/unruputer/QIAO_XIU_YUN,wall_map_pc_valid,40992,56492,0.725624867237839
AAA/unruputer/QIAO_XIU_YUN,wall_map_roundness_valid,43208,56492,0.7648516604120937
AAA/unruputer/QIAO_XIU_YUN,wall_map_upstream_min_area_ratio_valid,41593,56492,0.7362635417404234
AAA/unruputer/QIAO_XIU_YUN,wall_map_upstream_min_distance_mm_valid,41593,56492,0.7362635417404234
AAA/unruputer/QIAO_XIU_YUN,wall_map_valid,43208,56492,0.7648516604120937
AAA/unruputer/SHEN_CHUN_WANG,centerline_audit_core_mask,1039,1075,0.9665116279069768
AAA/unruputer/SHEN_CHUN_WANG,centerline_opening_extension_mask,0,1075,0.0
AAA/unruputer/SHEN_CHUN_WANG,centerline_original_audit_core_mask,1039,1075,0.9665116279069768
AAA/unruputer/SHEN_CHUN_WANG,coverage_pre_shift_valid,228,276,0.8260869565217391
AAA/unruputer/SHEN_CHUN_WANG,coverage_recovery_candidate_mask,6,276,0.021739130434782608
AAA/unruputer/SHEN_CHUN_WANG,final_probe_profile_valid,222,276,0.8043478260869565
AAA/unruputer/SHEN_CHUN_WANG,final_probe_recovered_mask,2,276,0.007246376811594203
AAA/unruputer/SHEN_CHUN_WANG,pc_section_raw_contour_valid,235,276,0.8514492753623188
AAA/unruputer/SHEN_CHUN_WANG,pc_section_valid,224,276,0.8115942028985508
AAA/unruputer/SHEN_CHUN_WANG,section_raw_contour_valid,271,276,0.9818840579710145
AAA/unruputer/SHEN_CHUN_WANG,section_valid,228,276,0.8260869565217391
AAA/unruputer/SHEN_CHUN_WANG,wall_cia_geometry_valid,27594,50896,0.5421644137063817
AAA/unruputer/SHEN_CHUN_WANG,wall_cia_semantic_valid,30225,50896,0.5938580635020434
AAA/unruputer/SHEN_CHUN_WANG,wall_map_area_slope_per_mm_valid,43040,50896,0.8456460232631248
AAA/unruputer/SHEN_CHUN_WANG,wall_map_downstream_min_area_ratio_valid,41975,50896,0.8247209996856334
AAA/unruputer/SHEN_CHUN_WANG,wall_map_downstream_min_distance_mm_valid,41975,50896,0.8247209996856334
AAA/unruputer/SHEN_CHUN_WANG,wall_map_eccentricity_valid,43041,50896,0.8456656711725873
AAA/unruputer/SHEN_CHUN_WANG,wall_map_pc_area_slope_per_mm_valid,42591,50896,0.8368241119144924
AAA/unruputer/SHEN_CHUN_WANG,wall_map_pc_downstream_min_area_ratio_valid,41339,50896,0.812224929267526
AAA/unruputer/SHEN_CHUN_WANG,wall_map_pc_downstream_min_distance_mm_valid,41339,50896,0.812224929267526
AAA/unruputer/SHEN_CHUN_WANG,wall_map_pc_eccentricity_valid,42591,50896,0.8368241119144924
AAA/unruputer/SHEN_CHUN_WANG,wall_map_pc_roundness_valid,42591,50896,0.8368241119144924
AAA/unruputer/SHEN_CHUN_WANG,wall_map_pc_upstream_min_area_ratio_valid,40937,50896,0.8043264696636278
AAA/unruputer/SHEN_CHUN_WANG,wall_map_pc_upstream_min_distance_mm_valid,40937,50896,0.8043264696636278
AAA/unruputer/SHEN_CHUN_WANG,wall_map_pc_valid,42591,50896,0.8368241119144924
AAA/unruputer/SHEN_CHUN_WANG,wall_map_roundness_valid,43041,50896,0.8456656711725873
AAA/unruputer/SHEN_CHUN_WANG,wall_map_upstream_min_area_ratio_valid,41643,50896,0.8181978937441057
AAA/unruputer/SHEN_CHUN_WANG,wall_map_upstream_min_distance_mm_valid,41643,50896,0.8181978937441057
AAA/unruputer/SHEN_CHUN_WANG,wall_map_valid,43041,50896,0.8456656711725873
AAA/unruputer/SHEN_FANG_JIN,centerline_audit_core_mask,1122,1158,0.9689119170984456
AAA/unruputer/SHEN_FANG_JIN,centerline_opening_extension_mask,1,1158,0.0008635578583765112
AAA/unruputer/SHEN_FANG_JIN,centerline_original_audit_core_mask,1122,1158,0.9689119170984456
AAA/unruputer/SHEN_FANG_JIN,coverage_pre_shift_valid,210,298,0.7046979865771812
AAA/unruputer/SHEN_FANG_JIN,coverage_recovery_candidate_mask,5,298,0.016778523489932886
AAA/unruputer/SHEN_FANG_JIN,final_probe_profile_valid,206,298,0.6912751677852349
AAA/unruputer/SHEN_FANG_JIN,final_probe_recovered_mask,3,298,0.010067114093959731
AAA/unruputer/SHEN_FANG_JIN,pc_section_raw_contour_valid,221,298,0.7416107382550335
AAA/unruputer/SHEN_FANG_JIN,pc_section_valid,207,298,0.6946308724832215
AAA/unruputer/SHEN_FANG_JIN,section_raw_contour_valid,291,298,0.9765100671140939
AAA/unruputer/SHEN_FANG_JIN,section_valid,208,298,0.697986577181208
AAA/unruputer/SHEN_FANG_JIN,wall_cia_geometry_valid,32962,85304,0.3864062646534746
AAA/unruputer/SHEN_FANG_JIN,wall_cia_semantic_valid,44191,85304,0.5180413579668011
AAA/unruputer/SHEN_FANG_JIN,wall_map_area_slope_per_mm_valid,56115,85304,0.6578237831754665
AAA/unruputer/SHEN_FANG_JIN,wall_map_downstream_min_area_ratio_valid,55191,85304,0.6469919347275626
AAA/unruputer/SHEN_FANG_JIN,wall_map_downstream_min_distance_mm_valid,55191,85304,0.6469919347275626
AAA/unruputer/SHEN_FANG_JIN,wall_map_eccentricity_valid,56115,85304,0.6578237831754665
AAA/unruputer/SHEN_FANG_JIN,wall_map_pc_area_slope_per_mm_valid,55859,85304,0.6548227515708525
AAA/unruputer/SHEN_FANG_JIN,wall_map_pc_downstream_min_area_ratio_valid,54935,85304,0.6439909031229485
AAA/unruputer/SHEN_FANG_JIN,wall_map_pc_downstream_min_distance_mm_valid,54935,85304,0.6439909031229485
AAA/unruputer/SHEN_FANG_JIN,wall_map_pc_eccentricity_valid,55859,85304,0.6548227515708525
AAA/unruputer/SHEN_FANG_JIN,wall_map_pc_roundness_valid,55859,85304,0.6548227515708525
AAA/unruputer/SHEN_FANG_JIN,wall_map_pc_upstream_min_area_ratio_valid,54333,85304,0.6369337897402232
AAA/unruputer/SHEN_FANG_JIN,wall_map_pc_upstream_min_distance_mm_valid,54333,85304,0.6369337897402232
AAA/unruputer/SHEN_FANG_JIN,wall_map_pc_valid,55859,85304,0.6548227515708525
AAA/unruputer/SHEN_FANG_JIN,wall_map_roundness_valid,56115,85304,0.6578237831754665
AAA/unruputer/SHEN_FANG_JIN,wall_map_upstream_min_area_ratio_valid,54577,85304,0.639794147988371
AAA/unruputer/SHEN_FANG_JIN,wall_map_upstream_min_distance_mm_valid,54577,85304,0.639794147988371
AAA/unruputer/SHEN_FANG_JIN,wall_map_valid,56115,85304,0.6578237831754665
AAA/unruputer/SUN_SHU_MING,centerline_audit_core_mask,1502,1538,0.976592977893368
AAA/unruputer/SUN_SHU_MING,centerline_opening_extension_mask,3,1538,0.0019505851755526658
AAA/unruputer/SUN_SHU_MING,centerline_original_audit_core_mask,1502,1538,0.976592977893368
AAA/unruputer/SUN_SHU_MING,coverage_pre_shift_valid,286,392,0.7295918367346939
AAA/unruputer/SUN_SHU_MING,coverage_recovery_candidate_mask,15,392,0.03826530612244898
AAA/unruputer/SUN_SHU_MING,final_probe_profile_valid,272,392,0.6938775510204082
AAA/unruputer/SUN_SHU_MING,final_probe_recovered_mask,13,392,0.03316326530612245
AAA/unruputer/SUN_SHU_MING,pc_section_raw_contour_valid,237,392,0.6045918367346939
AAA/unruputer/SUN_SHU_MING,pc_section_valid,181,392,0.461734693877551
AAA/unruputer/SUN_SHU_MING,section_raw_contour_valid,388,392,0.9897959183673469
AAA/unruputer/SUN_SHU_MING,section_valid,282,392,0.7193877551020408
AAA/unruputer/SUN_SHU_MING,wall_cia_geometry_valid,8133,14958,0.5437224227837947
AAA/unruputer/SUN_SHU_MING,wall_cia_semantic_valid,9722,14958,0.6499532022997727
AAA/unruputer/SUN_SHU_MING,wall_map_area_slope_per_mm_valid,11410,14958,0.7628025137050408
AAA/unruputer/SUN_SHU_MING,wall_map_downstream_min_area_ratio_valid,11191,14958,0.7481615189196417
AAA/unruputer/SUN_SHU_MING,wall_map_downstream_min_distance_mm_valid,11191,14958,0.7481615189196417
AAA/unruputer/SUN_SHU_MING,wall_map_eccentricity_valid,11410,14958,0.7628025137050408
AAA/unruputer/SUN_SHU_MING,wall_map_pc_area_slope_per_mm_valid,5911,14958,0.39517315149084103
AAA/unruputer/SUN_SHU_MING,wall_map_pc_downstream_min_area_ratio_valid,5192,14958,0.34710522797165394
AAA/unruputer/SUN_SHU_MING,wall_map_pc_downstream_min_distance_mm_valid,5192,14958,0.34710522797165394
AAA/unruputer/SUN_SHU_MING,wall_map_pc_eccentricity_valid,6145,14958,0.41081695413825375
AAA/unruputer/SUN_SHU_MING,wall_map_pc_roundness_valid,6145,14958,0.41081695413825375
AAA/unruputer/SUN_SHU_MING,wall_map_pc_upstream_min_area_ratio_valid,5140,14958,0.34362882738334
AAA/unruputer/SUN_SHU_MING,wall_map_pc_upstream_min_distance_mm_valid,5140,14958,0.34362882738334
AAA/unruputer/SUN_SHU_MING,wall_map_pc_valid,6145,14958,0.41081695413825375
AAA/unruputer/SUN_SHU_MING,wall_map_roundness_valid,11410,14958,0.7628025137050408
AAA/unruputer/SUN_SHU_MING,wall_map_upstream_min_area_ratio_valid,11058,14958,0.739269955876454
AAA/unruputer/SUN_SHU_MING,wall_map_upstream_min_distance_mm_valid,11058,14958,0.739269955876454
AAA/unruputer/SUN_SHU_MING,wall_map_valid,11410,14958,0.7628025137050408
AAA/unruputer/WANG_MAN_TIAN,centerline_audit_core_mask,1140,1176,0.9693877551020408
AAA/unruputer/WANG_MAN_TIAN,centerline_opening_extension_mask,1,1176,0.0008503401360544217
AAA/unruputer/WANG_MAN_TIAN,centerline_original_audit_core_mask,1140,1176,0.9693877551020408
AAA/unruputer/WANG_MAN_TIAN,coverage_pre_shift_valid,226,303,0.7458745874587459
AAA/unruputer/WANG_MAN_TIAN,coverage_recovery_candidate_mask,10,303,0.033003300330033
AAA/unruputer/WANG_MAN_TIAN,final_probe_profile_valid,217,303,0.7161716171617162
AAA/unruputer/WANG_MAN_TIAN,final_probe_recovered_mask,7,303,0.0231023102310231
AAA/unruputer/WANG_MAN_TIAN,pc_section_raw_contour_valid,214,303,0.7062706270627063
AAA/unruputer/WANG_MAN_TIAN,pc_section_valid,203,303,0.66996699669967
AAA/unruputer/WANG_MAN_TIAN,section_raw_contour_valid,298,303,0.9834983498349835
AAA/unruputer/WANG_MAN_TIAN,section_valid,221,303,0.7293729372937293
AAA/unruputer/WANG_MAN_TIAN,wall_cia_geometry_valid,28253,72502,0.3896858017709856
AAA/unruputer/WANG_MAN_TIAN,wall_cia_semantic_valid,37160,72502,0.5125375851700643
AAA/unruputer/WANG_MAN_TIAN,wall_map_area_slope_per_mm_valid,52055,72502,0.7179801936498303
AAA/unruputer/WANG_MAN_TIAN,wall_map_downstream_min_area_ratio_valid,51172,72502,0.7058012192767096
AAA/unruputer/WANG_MAN_TIAN,wall_map_downstream_min_distance_mm_valid,51172,72502,0.7058012192767096
AAA/unruputer/WANG_MAN_TIAN,wall_map_eccentricity_valid,52258,72502,0.7207801164105818
AAA/unruputer/WANG_MAN_TIAN,wall_map_pc_area_slope_per_mm_valid,47944,72502,0.6612783095638741
AAA/unruputer/WANG_MAN_TIAN,wall_map_pc_downstream_min_area_ratio_valid,46999,72502,0.6482441863672727
AAA/unruputer/WANG_MAN_TIAN,wall_map_pc_downstream_min_distance_mm_valid,46999,72502,0.6482441863672727
AAA/unruputer/WANG_MAN_TIAN,wall_map_pc_eccentricity_valid,48147,72502,0.6640782323246255
AAA/unruputer/WANG_MAN_TIAN,wall_map_pc_roundness_valid,48147,72502,0.6640782323246255
AAA/unruputer/WANG_MAN_TIAN,wall_map_pc_upstream_min_area_ratio_valid,46167,72502,0.6367686408650796
AAA/unruputer/WANG_MAN_TIAN,wall_map_pc_upstream_min_distance_mm_valid,46167,72502,0.6367686408650796
AAA/unruputer/WANG_MAN_TIAN,wall_map_pc_valid,48147,72502,0.6640782323246255
AAA/unruputer/WANG_MAN_TIAN,wall_map_roundness_valid,52258,72502,0.7207801164105818
AAA/unruputer/WANG_MAN_TIAN,wall_map_upstream_min_area_ratio_valid,50382,72502,0.69490496813881
AAA/unruputer/WANG_MAN_TIAN,wall_map_upstream_min_distance_mm_valid,50382,72502,0.69490496813881
AAA/unruputer/WANG_MAN_TIAN,wall_map_valid,52258,72502,0.7207801164105818
AAA/unruputer/YANG_BEN_RUI,centerline_audit_core_mask,1198,1238,0.9676898222940227
AAA/unruputer/YANG_BEN_RUI,centerline_opening_extension_mask,13,1238,0.01050080775444265
AAA/unruputer/YANG_BEN_RUI,centerline_original_audit_core_mask,1202,1238,0.9709208400646203
AAA/unruputer/YANG_BEN_RUI,coverage_pre_shift_valid,239,317,0.7539432176656151
AAA/unruputer/YANG_BEN_RUI,coverage_recovery_candidate_mask,5,317,0.015772870662460567
AAA/unruputer/YANG_BEN_RUI,final_probe_profile_valid,235,317,0.7413249211356467
AAA/unruputer/YANG_BEN_RUI,final_probe_recovered_mask,5,317,0.015772870662460567
AAA/unruputer/YANG_BEN_RUI,pc_section_raw_contour_valid,248,317,0.7823343848580442
AAA/unruputer/YANG_BEN_RUI,pc_section_valid,236,317,0.7444794952681388
AAA/unruputer/YANG_BEN_RUI,section_raw_contour_valid,310,317,0.9779179810725552
AAA/unruputer/YANG_BEN_RUI,section_valid,236,317,0.7444794952681388
AAA/unruputer/YANG_BEN_RUI,wall_cia_geometry_valid,28382,61553,0.46109856546390915
AAA/unruputer/YANG_BEN_RUI,wall_cia_semantic_valid,34078,61553,0.5536367033288385
AAA/unruputer/YANG_BEN_RUI,wall_map_area_slope_per_mm_valid,50010,61553,0.8124705538316572
AAA/unruputer/YANG_BEN_RUI,wall_map_downstream_min_area_ratio_valid,49190,61553,0.7991487011193605
AAA/unruputer/YANG_BEN_RUI,wall_map_downstream_min_distance_mm_valid,49190,61553,0.7991487011193605
AAA/unruputer/YANG_BEN_RUI,wall_map_eccentricity_valid,50010,61553,0.8124705538316572
AAA/unruputer/YANG_BEN_RUI,wall_map_pc_area_slope_per_mm_valid,50010,61553,0.8124705538316572
AAA/unruputer/YANG_BEN_RUI,wall_map_pc_downstream_min_area_ratio_valid,49190,61553,0.7991487011193605
AAA/unruputer/YANG_BEN_RUI,wall_map_pc_downstream_min_distance_mm_valid,49190,61553,0.7991487011193605
AAA/unruputer/YANG_BEN_RUI,wall_map_pc_eccentricity_valid,50010,61553,0.8124705538316572
AAA/unruputer/YANG_BEN_RUI,wall_map_pc_roundness_valid,50010,61553,0.8124705538316572
AAA/unruputer/YANG_BEN_RUI,wall_map_pc_upstream_min_area_ratio_valid,48704,61553,0.7912530664630482
AAA/unruputer/YANG_BEN_RUI,wall_map_pc_upstream_min_distance_mm_valid,48704,61553,0.7912530664630482
AAA/unruputer/YANG_BEN_RUI,wall_map_pc_valid,50010,61553,0.8124705538316572
AAA/unruputer/YANG_BEN_RUI,wall_map_roundness_valid,50010,61553,0.8124705538316572
AAA/unruputer/YANG_BEN_RUI,wall_map_upstream_min_area_ratio_valid,48704,61553,0.7912530664630482
AAA/unruputer/YANG_BEN_RUI,wall_map_upstream_min_distance_mm_valid,48704,61553,0.7912530664630482
AAA/unruputer/YANG_BEN_RUI,wall_map_valid,50010,61553,0.8124705538316572
AAA/unruputer/YAN_FU_TANG,centerline_audit_core_mask,1069,1105,0.967420814479638
AAA/unruputer/YAN_FU_TANG,centerline_opening_extension_mask,3,1105,0.0027149321266968325
AAA/unruputer/YAN_FU_TANG,centerline_original_audit_core_mask,1069,1105,0.967420814479638
AAA/unruputer/YAN_FU_TANG,coverage_pre_shift_valid,218,284,0.7676056338028169
AAA/unruputer/YAN_FU_TANG,coverage_recovery_candidate_mask,9,284,0.03169014084507042
AAA/unruputer/YAN_FU_TANG,final_probe_profile_valid,211,284,0.7429577464788732
AAA/unruputer/YAN_FU_TANG,final_probe_recovered_mask,4,284,0.014084507042253521
AAA/unruputer/YAN_FU_TANG,pc_section_raw_contour_valid,220,284,0.7746478873239436
AAA/unruputer/YAN_FU_TANG,pc_section_valid,208,284,0.7323943661971831
AAA/unruputer/YAN_FU_TANG,section_raw_contour_valid,278,284,0.9788732394366197
AAA/unruputer/YAN_FU_TANG,section_valid,211,284,0.7429577464788732
AAA/unruputer/YAN_FU_TANG,wall_cia_geometry_valid,33970,70302,0.4832010469118944
AAA/unruputer/YAN_FU_TANG,wall_cia_semantic_valid,41388,70302,0.5887172484424341
AAA/unruputer/YAN_FU_TANG,wall_map_area_slope_per_mm_valid,54198,70302,0.7709311257147734
AAA/unruputer/YAN_FU_TANG,wall_map_downstream_min_area_ratio_valid,53264,70302,0.7576455861853147
AAA/unruputer/YAN_FU_TANG,wall_map_downstream_min_distance_mm_valid,53264,70302,0.7576455861853147
AAA/unruputer/YAN_FU_TANG,wall_map_eccentricity_valid,54317,70302,0.7726238229353362
AAA/unruputer/YAN_FU_TANG,wall_map_pc_area_slope_per_mm_valid,53810,70302,0.7654120793149555
AAA/unruputer/YAN_FU_TANG,wall_map_pc_downstream_min_area_ratio_valid,52588,70302,0.7480299280248073
AAA/unruputer/YAN_FU_TANG,wall_map_pc_downstream_min_distance_mm_valid,52588,70302,0.7480299280248073
AAA/unruputer/YAN_FU_TANG,wall_map_pc_eccentricity_valid,53810,70302,0.7654120793149555
AAA/unruputer/YAN_FU_TANG,wall_map_pc_roundness_valid,53810,70302,0.7654120793149555
AAA/unruputer/YAN_FU_TANG,wall_map_pc_upstream_min_area_ratio_valid,51948,70302,0.7389263463343859
AAA/unruputer/YAN_FU_TANG,wall_map_pc_upstream_min_distance_mm_valid,51948,70302,0.7389263463343859
AAA/unruputer/YAN_FU_TANG,wall_map_pc_valid,53810,70302,0.7654120793149555
AAA/unruputer/YAN_FU_TANG,wall_map_roundness_valid,54317,70302,0.7726238229353362
AAA/unruputer/YAN_FU_TANG,wall_map_upstream_min_area_ratio_valid,52516,70302,0.7470057750846348
AAA/unruputer/YAN_FU_TANG,wall_map_upstream_min_distance_mm_valid,52516,70302,0.7470057750846348
AAA/unruputer/YAN_FU_TANG,wall_map_valid,54317,70302,0.7726238229353362
AAA/unruputer/ZHANG_XUN_LIAN,centerline_audit_core_mask,1116,1152,0.96875
AAA/unruputer/ZHANG_XUN_LIAN,centerline_opening_extension_mask,5,1152,0.004340277777777778
AAA/unruputer/ZHANG_XUN_LIAN,centerline_original_audit_core_mask,1116,1152,0.96875
AAA/unruputer/ZHANG_XUN_LIAN,coverage_pre_shift_valid,229,296,0.7736486486486487
AAA/unruputer/ZHANG_XUN_LIAN,coverage_recovery_candidate_mask,7,296,0.02364864864864865
AAA/unruputer/ZHANG_XUN_LIAN,final_probe_profile_valid,224,296,0.7567567567567568
AAA/unruputer/ZHANG_XUN_LIAN,final_probe_recovered_mask,3,296,0.010135135135135136
AAA/unruputer/ZHANG_XUN_LIAN,pc_section_raw_contour_valid,217,296,0.7331081081081081
AAA/unruputer/ZHANG_XUN_LIAN,pc_section_valid,207,296,0.6993243243243243
AAA/unruputer/ZHANG_XUN_LIAN,section_raw_contour_valid,290,296,0.9797297297297297
AAA/unruputer/ZHANG_XUN_LIAN,section_valid,224,296,0.7567567567567568
AAA/unruputer/ZHANG_XUN_LIAN,wall_cia_geometry_valid,52197,101435,0.5145856952728348
AAA/unruputer/ZHANG_XUN_LIAN,wall_cia_semantic_valid,63123,101435,0.622299995070735
AAA/unruputer/ZHANG_XUN_LIAN,wall_map_area_slope_per_mm_valid,74053,101435,0.7300537289890078
AAA/unruputer/ZHANG_XUN_LIAN,wall_map_downstream_min_area_ratio_valid,72735,101435,0.7170601863262187
AAA/unruputer/ZHANG_XUN_LIAN,wall_map_downstream_min_distance_mm_valid,72735,101435,0.7170601863262187
AAA/unruputer/ZHANG_XUN_LIAN,wall_map_eccentricity_valid,74053,101435,0.7300537289890078
AAA/unruputer/ZHANG_XUN_LIAN,wall_map_pc_area_slope_per_mm_valid,70208,101435,0.6921476807807956
AAA/unruputer/ZHANG_XUN_LIAN,wall_map_pc_downstream_min_area_ratio_valid,68780,101435,0.6780696998077587
AAA/unruputer/ZHANG_XUN_LIAN,wall_map_pc_downstream_min_distance_mm_valid,68780,101435,0.6780696998077587
AAA/unruputer/ZHANG_XUN_LIAN,wall_map_pc_eccentricity_valid,70393,101435,0.6939715088480307
AAA/unruputer/ZHANG_XUN_LIAN,wall_map_pc_roundness_valid,70393,101435,0.6939715088480307
AAA/unruputer/ZHANG_XUN_LIAN,wall_map_pc_upstream_min_area_ratio_valid,67663,101435,0.6670577216936955
AAA/unruputer/ZHANG_XUN_LIAN,wall_map_pc_upstream_min_distance_mm_valid,67663,101435,0.6670577216936955
AAA/unruputer/ZHANG_XUN_LIAN,wall_map_pc_valid,70393,101435,0.6939715088480307
AAA/unruputer/ZHANG_XUN_LIAN,wall_map_roundness_valid,74053,101435,0.7300537289890078
AAA/unruputer/ZHANG_XUN_LIAN,wall_map_upstream_min_area_ratio_valid,71491,101435,0.7047961748903239
AAA/unruputer/ZHANG_XUN_LIAN,wall_map_upstream_min_distance_mm_valid,71491,101435,0.7047961748903239
AAA/unruputer/ZHANG_XUN_LIAN,wall_map_valid,74053,101435,0.7300537289890078
AAA/unruputer/ZHANG_YONG_ZHI,centerline_audit_core_mask,1052,1088,0.9669117647058824
AAA/unruputer/ZHANG_YONG_ZHI,centerline_opening_extension_mask,1,1088,0.0009191176470588235
AAA/unruputer/ZHANG_YONG_ZHI,centerline_original_audit_core_mask,1052,1088,0.9669117647058824
AAA/unruputer/ZHANG_YONG_ZHI,coverage_pre_shift_valid,214,280,0.7642857142857142
AAA/unruputer/ZHANG_YONG_ZHI,coverage_recovery_candidate_mask,13,280,0.04642857142857143
AAA/unruputer/ZHANG_YONG_ZHI,final_probe_profile_valid,202,280,0.7214285714285714
AAA/unruputer/ZHANG_YONG_ZHI,final_probe_recovered_mask,1,280,0.0035714285714285713
AAA/unruputer/ZHANG_YONG_ZHI,pc_section_raw_contour_valid,197,280,0.7035714285714286
AAA/unruputer/ZHANG_YONG_ZHI,pc_section_valid,185,280,0.6607142857142857
AAA/unruputer/ZHANG_YONG_ZHI,section_raw_contour_valid,275,280,0.9821428571428571
AAA/unruputer/ZHANG_YONG_ZHI,section_valid,207,280,0.7392857142857143
AAA/unruputer/ZHANG_YONG_ZHI,wall_cia_geometry_valid,27392,57531,0.47612591472423565
AAA/unruputer/ZHANG_YONG_ZHI,wall_cia_semantic_valid,33103,57531,0.575394135335732
AAA/unruputer/ZHANG_YONG_ZHI,wall_map_area_slope_per_mm_valid,40550,57531,0.7048373920147398
AAA/unruputer/ZHANG_YONG_ZHI,wall_map_downstream_min_area_ratio_valid,39215,57531,0.6816325111678921
AAA/unruputer/ZHANG_YONG_ZHI,wall_map_downstream_min_distance_mm_valid,39215,57531,0.6816325111678921
AAA/unruputer/ZHANG_YONG_ZHI,wall_map_eccentricity_valid,41127,57531,0.7148667674818794
AAA/unruputer/ZHANG_YONG_ZHI,wall_map_pc_area_slope_per_mm_valid,35470,57531,0.616537171264188
AAA/unruputer/ZHANG_YONG_ZHI,wall_map_pc_downstream_min_area_ratio_valid,34452,57531,0.5988423632476404
AAA/unruputer/ZHANG_YONG_ZHI,wall_map_pc_downstream_min_distance_mm_valid,34452,57531,0.5988423632476404
AAA/unruputer/ZHANG_YONG_ZHI,wall_map_pc_eccentricity_valid,35762,57531,0.6216126957640229
AAA/unruputer/ZHANG_YONG_ZHI,wall_map_pc_roundness_valid,35762,57531,0.6216126957640229
AAA/unruputer/ZHANG_YONG_ZHI,wall_map_pc_upstream_min_area_ratio_valid,33880,57531,0.588899897446594
AAA/unruputer/ZHANG_YONG_ZHI,wall_map_pc_upstream_min_distance_mm_valid,33880,57531,0.588899897446594
AAA/unruputer/ZHANG_YONG_ZHI,wall_map_pc_valid,35762,57531,0.6216126957640229
AAA/unruputer/ZHANG_YONG_ZHI,wall_map_roundness_valid,41127,57531,0.7148667674818794
AAA/unruputer/ZHANG_YONG_ZHI,wall_map_upstream_min_area_ratio_valid,38663,57531,0.672037684031218
AAA/unruputer/ZHANG_YONG_ZHI,wall_map_upstream_min_distance_mm_valid,38663,57531,0.672037684031218
AAA/unruputer/ZHANG_YONG_ZHI,wall_map_valid,41127,57531,0.7148667674818794
AAA/unruputer/ZHANG_ZHI_HUA,centerline_audit_core_mask,1021,1057,0.9659413434247871
AAA/unruputer/ZHANG_ZHI_HUA,centerline_opening_extension_mask,1,1057,0.000946073793755913
AAA/unruputer/ZHANG_ZHI_HUA,centerline_original_audit_core_mask,1021,1057,0.9659413434247871
AAA/unruputer/ZHANG_ZHI_HUA,coverage_pre_shift_valid,217,272,0.7977941176470589
AAA/unruputer/ZHANG_ZHI_HUA,coverage_recovery_candidate_mask,6,272,0.022058823529411766
AAA/unruputer/ZHANG_ZHI_HUA,final_probe_profile_valid,211,272,0.7757352941176471
AAA/unruputer/ZHANG_ZHI_HUA,final_probe_recovered_mask,3,272,0.011029411764705883
AAA/unruputer/ZHANG_ZHI_HUA,pc_section_raw_contour_valid,222,272,0.8161764705882353
AAA/unruputer/ZHANG_ZHI_HUA,pc_section_valid,209,272,0.7683823529411765
AAA/unruputer/ZHANG_ZHI_HUA,section_raw_contour_valid,267,272,0.9816176470588235
AAA/unruputer/ZHANG_ZHI_HUA,section_valid,209,272,0.7683823529411765
AAA/unruputer/ZHANG_ZHI_HUA,wall_cia_geometry_valid,25198,55200,0.4564855072463768
AAA/unruputer/ZHANG_ZHI_HUA,wall_cia_semantic_valid,29511,55200,0.5346195652173913
AAA/unruputer/ZHANG_ZHI_HUA,wall_map_area_slope_per_mm_valid,43314,55200,0.7846739130434782
AAA/unruputer/ZHANG_ZHI_HUA,wall_map_downstream_min_area_ratio_valid,42313,55200,0.7665398550724638
AAA/unruputer/ZHANG_ZHI_HUA,wall_map_downstream_min_distance_mm_valid,42313,55200,0.7665398550724638
AAA/unruputer/ZHANG_ZHI_HUA,wall_map_eccentricity_valid,43314,55200,0.7846739130434782
AAA/unruputer/ZHANG_ZHI_HUA,wall_map_pc_area_slope_per_mm_valid,43314,55200,0.7846739130434782
AAA/unruputer/ZHANG_ZHI_HUA,wall_map_pc_downstream_min_area_ratio_valid,42313,55200,0.7665398550724638
AAA/unruputer/ZHANG_ZHI_HUA,wall_map_pc_downstream_min_distance_mm_valid,42313,55200,0.7665398550724638
AAA/unruputer/ZHANG_ZHI_HUA,wall_map_pc_eccentricity_valid,43314,55200,0.7846739130434782
AAA/unruputer/ZHANG_ZHI_HUA,wall_map_pc_roundness_valid,43314,55200,0.7846739130434782
AAA/unruputer/ZHANG_ZHI_HUA,wall_map_pc_upstream_min_area_ratio_valid,41680,55200,0.755072463768116
AAA/unruputer/ZHANG_ZHI_HUA,wall_map_pc_upstream_min_distance_mm_valid,41680,55200,0.755072463768116
AAA/unruputer/ZHANG_ZHI_HUA,wall_map_pc_valid,43314,55200,0.7846739130434782
AAA/unruputer/ZHANG_ZHI_HUA,wall_map_roundness_valid,43314,55200,0.7846739130434782
AAA/unruputer/ZHANG_ZHI_HUA,wall_map_upstream_min_area_ratio_valid,41680,55200,0.755072463768116
AAA/unruputer/ZHANG_ZHI_HUA,wall_map_upstream_min_distance_mm_valid,41680,55200,0.755072463768116
AAA/unruputer/ZHANG_ZHI_HUA,wall_map_valid,43314,55200,0.7846739130434782
AAA/unruputer/ZHOU_XI_SHENG,centerline_audit_core_mask,1340,1376,0.9738372093023255
AAA/unruputer/ZHOU_XI_SHENG,centerline_opening_extension_mask,0,1376,0.0
AAA/unruputer/ZHOU_XI_SHENG,centerline_original_audit_core_mask,1340,1376,0.9738372093023255
AAA/unruputer/ZHOU_XI_SHENG,coverage_pre_shift_valid,272,351,0.7749287749287749
AAA/unruputer/ZHOU_XI_SHENG,coverage_recovery_candidate_mask,10,351,0.02849002849002849
AAA/unruputer/ZHOU_XI_SHENG,final_probe_profile_valid,263,351,0.7492877492877493
AAA/unruputer/ZHOU_XI_SHENG,final_probe_recovered_mask,7,351,0.019943019943019943
AAA/unruputer/ZHOU_XI_SHENG,pc_section_raw_contour_valid,262,351,0.7464387464387464
AAA/unruputer/ZHOU_XI_SHENG,pc_section_valid,189,351,0.5384615384615384
AAA/unruputer/ZHOU_XI_SHENG,section_raw_contour_valid,350,351,0.9971509971509972
AAA/unruputer/ZHOU_XI_SHENG,section_valid,271,351,0.7720797720797721
AAA/unruputer/ZHOU_XI_SHENG,wall_cia_geometry_valid,7443,13634,0.5459146252017016
AAA/unruputer/ZHOU_XI_SHENG,wall_cia_semantic_valid,8563,13634,0.6280621974475575
AAA/unruputer/ZHOU_XI_SHENG,wall_map_area_slope_per_mm_valid,10951,13634,0.8032125568431862
AAA/unruputer/ZHOU_XI_SHENG,wall_map_downstream_min_area_ratio_valid,10651,13634,0.7812087428487604
AAA/unruputer/ZHOU_XI_SHENG,wall_map_downstream_min_distance_mm_valid,10651,13634,0.7812087428487604
AAA/unruputer/ZHOU_XI_SHENG,wall_map_eccentricity_valid,10972,13634,0.804752823822796
AAA/unruputer/ZHOU_XI_SHENG,wall_map_pc_area_slope_per_mm_valid,7252,13634,0.5319055302919172
AAA/unruputer/ZHOU_XI_SHENG,wall_map_pc_downstream_min_area_ratio_valid,6551,13634,0.48048995159160923
AAA/unruputer/ZHOU_XI_SHENG,wall_map_pc_downstream_min_distance_mm_valid,6551,13634,0.48048995159160923
AAA/unruputer/ZHOU_XI_SHENG,wall_map_pc_eccentricity_valid,7440,13634,0.5456945870617573
AAA/unruputer/ZHOU_XI_SHENG,wall_map_pc_roundness_valid,7440,13634,0.5456945870617573
AAA/unruputer/ZHOU_XI_SHENG,wall_map_pc_upstream_min_area_ratio_valid,6460,13634,0.47381546134663344
AAA/unruputer/ZHOU_XI_SHENG,wall_map_pc_upstream_min_distance_mm_valid,6460,13634,0.47381546134663344
AAA/unruputer/ZHOU_XI_SHENG,wall_map_pc_valid,7440,13634,0.5456945870617573
AAA/unruputer/ZHOU_XI_SHENG,wall_map_roundness_valid,10972,13634,0.804752823822796
AAA/unruputer/ZHOU_XI_SHENG,wall_map_upstream_min_area_ratio_valid,10575,13634,0.775634443303506
AAA/unruputer/ZHOU_XI_SHENG,wall_map_upstream_min_distance_mm_valid,10575,13634,0.775634443303506
AAA/unruputer/ZHOU_XI_SHENG,wall_map_valid,10972,13634,0.804752823822796
AAA/unruputer/ZHU_ZI_HAI,centerline_audit_core_mask,1333,1369,0.9737034331628927
AAA/unruputer/ZHU_ZI_HAI,centerline_opening_extension_mask,0,1369,0.0
AAA/unruputer/ZHU_ZI_HAI,centerline_original_audit_core_mask,1333,1369,0.9737034331628927
AAA/unruputer/ZHU_ZI_HAI,coverage_pre_shift_valid,292,349,0.836676217765043
AAA/unruputer/ZHU_ZI_HAI,coverage_recovery_candidate_mask,10,349,0.02865329512893983
AAA/unruputer/ZHU_ZI_HAI,final_probe_profile_valid,282,349,0.8080229226361032
AAA/unruputer/ZHU_ZI_HAI,final_probe_recovered_mask,5,349,0.014326647564469915
AAA/unruputer/ZHU_ZI_HAI,pc_section_raw_contour_valid,229,349,0.6561604584527221
AAA/unruputer/ZHU_ZI_HAI,pc_section_valid,188,349,0.5386819484240688
AAA/unruputer/ZHU_ZI_HAI,section_raw_contour_valid,349,349,1.0
AAA/unruputer/ZHU_ZI_HAI,section_valid,289,349,0.828080229226361
AAA/unruputer/ZHU_ZI_HAI,wall_cia_geometry_valid,8444,14749,0.5725133907383552
AAA/unruputer/ZHU_ZI_HAI,wall_cia_semantic_valid,9419,14749,0.6386195674283002
AAA/unruputer/ZHU_ZI_HAI,wall_map_area_slope_per_mm_valid,12013,14749,0.8144958980269849
AAA/unruputer/ZHU_ZI_HAI,wall_map_downstream_min_area_ratio_valid,11702,14749,0.793409722693064
AAA/unruputer/ZHU_ZI_HAI,wall_map_downstream_min_distance_mm_valid,11702,14749,0.793409722693064
AAA/unruputer/ZHU_ZI_HAI,wall_map_eccentricity_valid,12013,14749,0.8144958980269849
AAA/unruputer/ZHU_ZI_HAI,wall_map_pc_area_slope_per_mm_valid,6867,14749,0.4655908875177978
AAA/unruputer/ZHU_ZI_HAI,wall_map_pc_downstream_min_area_ratio_valid,6301,14749,0.4272154044341989
AAA/unruputer/ZHU_ZI_HAI,wall_map_pc_downstream_min_distance_mm_valid,6301,14749,0.4272154044341989
AAA/unruputer/ZHU_ZI_HAI,wall_map_pc_eccentricity_valid,7033,14749,0.4768458878568039
AAA/unruputer/ZHU_ZI_HAI,wall_map_pc_roundness_valid,7033,14749,0.4768458878568039
AAA/unruputer/ZHU_ZI_HAI,wall_map_pc_upstream_min_area_ratio_valid,6182,14749,0.41914706081768255
AAA/unruputer/ZHU_ZI_HAI,wall_map_pc_upstream_min_distance_mm_valid,6182,14749,0.41914706081768255
AAA/unruputer/ZHU_ZI_HAI,wall_map_pc_valid,7033,14749,0.4768458878568039
AAA/unruputer/ZHU_ZI_HAI,wall_map_roundness_valid,12013,14749,0.8144958980269849
AAA/unruputer/ZHU_ZI_HAI,wall_map_upstream_min_area_ratio_valid,11549,14749,0.7830361380432572
AAA/unruputer/ZHU_ZI_HAI,wall_map_upstream_min_distance_mm_valid,11549,14749,0.7830361380432572
AAA/unruputer/ZHU_ZI_HAI,wall_map_valid,12013,14749,0.8144958980269849
AG/fast/CHEN_SHI_MING,centerline_audit_core_mask,1021,1057,0.9659413434247871
AG/fast/CHEN_SHI_MING,centerline_opening_extension_mask,0,1057,0.0
AG/fast/CHEN_SHI_MING,centerline_original_audit_core_mask,1021,1057,0.9659413434247871
AG/fast/CHEN_SHI_MING,coverage_pre_shift_valid,209,271,0.7712177121771218
AG/fast/CHEN_SHI_MING,coverage_recovery_candidate_mask,7,271,0.025830258302583026
AG/fast/CHEN_SHI_MING,final_probe_profile_valid,202,271,0.7453874538745388
AG/fast/CHEN_SHI_MING,final_probe_recovered_mask,2,271,0.007380073800738007
AG/fast/CHEN_SHI_MING,pc_section_raw_contour_valid,218,271,0.8044280442804428
AG/fast/CHEN_SHI_MING,pc_section_valid,142,271,0.5239852398523985
AG/fast/CHEN_SHI_MING,section_raw_contour_valid,269,271,0.992619926199262
AG/fast/CHEN_SHI_MING,section_valid,202,271,0.7453874538745388
AG/fast/CHEN_SHI_MING,wall_cia_geometry_valid,5101,9338,0.5462625829942171
AG/fast/CHEN_SHI_MING,wall_cia_semantic_valid,5935,9338,0.6355750696080531
AG/fast/CHEN_SHI_MING,wall_map_area_slope_per_mm_valid,7137,9338,0.7642964232169629
AG/fast/CHEN_SHI_MING,wall_map_downstream_min_area_ratio_valid,6939,9338,0.7430927393446134
AG/fast/CHEN_SHI_MING,wall_map_downstream_min_distance_mm_valid,6939,9338,0.7430927393446134
AG/fast/CHEN_SHI_MING,wall_map_eccentricity_valid,7137,9338,0.7642964232169629
AG/fast/CHEN_SHI_MING,wall_map_pc_area_slope_per_mm_valid,4560,9338,0.4883272649389591
AG/fast/CHEN_SHI_MING,wall_map_pc_downstream_min_area_ratio_valid,3767,9338,0.4034054401370743
AG/fast/CHEN_SHI_MING,wall_map_pc_downstream_min_distance_mm_valid,3767,9338,0.4034054401370743
AG/fast/CHEN_SHI_MING,wall_map_pc_eccentricity_valid,4629,9338,0.49571642750053546
AG/fast/CHEN_SHI_MING,wall_map_pc_roundness_valid,4629,9338,0.49571642750053546
AG/fast/CHEN_SHI_MING,wall_map_pc_upstream_min_area_ratio_valid,3731,9338,0.3995502248875562
AG/fast/CHEN_SHI_MING,wall_map_pc_upstream_min_distance_mm_valid,3731,9338,0.3995502248875562
AG/fast/CHEN_SHI_MING,wall_map_pc_valid,4629,9338,0.49571642750053546
AG/fast/CHEN_SHI_MING,wall_map_roundness_valid,7137,9338,0.7642964232169629
AG/fast/CHEN_SHI_MING,wall_map_upstream_min_area_ratio_valid,6861,9338,0.7347397729706575
AG/fast/CHEN_SHI_MING,wall_map_upstream_min_distance_mm_valid,6861,9338,0.7347397729706575
AG/fast/CHEN_SHI_MING,wall_map_valid,7137,9338,0.7642964232169629
AG/fast/FAN_JIAN_MING,centerline_audit_core_mask,1124,1160,0.9689655172413794
AG/fast/FAN_JIAN_MING,centerline_opening_extension_mask,0,1160,0.0
AG/fast/FAN_JIAN_MING,centerline_original_audit_core_mask,1124,1160,0.9689655172413794
AG/fast/FAN_JIAN_MING,coverage_pre_shift_valid,229,297,0.7710437710437711
AG/fast/FAN_JIAN_MING,coverage_recovery_candidate_mask,6,297,0.020202020202020204
AG/fast/FAN_JIAN_MING,final_probe_profile_valid,224,297,0.7542087542087542
AG/fast/FAN_JIAN_MING,final_probe_recovered_mask,5,297,0.016835016835016835
AG/fast/FAN_JIAN_MING,pc_section_raw_contour_valid,201,297,0.6767676767676768
AG/fast/FAN_JIAN_MING,pc_section_valid,153,297,0.5151515151515151
AG/fast/FAN_JIAN_MING,section_raw_contour_valid,295,297,0.9932659932659933
AG/fast/FAN_JIAN_MING,section_valid,228,297,0.7676767676767676
AG/fast/FAN_JIAN_MING,wall_cia_geometry_valid,6554,10627,0.6167309682883222
AG/fast/FAN_JIAN_MING,wall_cia_semantic_valid,7576,10627,0.7129011009692293
AG/fast/FAN_JIAN_MING,wall_map_area_slope_per_mm_valid,8394,10627,0.789874847087607
AG/fast/FAN_JIAN_MING,wall_map_downstream_min_area_ratio_valid,8187,10627,0.7703961607226875
AG/fast/FAN_JIAN_MING,wall_map_downstream_min_distance_mm_valid,8187,10627,0.7703961607226875
AG/fast/FAN_JIAN_MING,wall_map_eccentricity_valid,8394,10627,0.789874847087607
AG/fast/FAN_JIAN_MING,wall_map_pc_area_slope_per_mm_valid,4920,10627,0.46297167591982685
AG/fast/FAN_JIAN_MING,wall_map_pc_downstream_min_area_ratio_valid,4213,10627,0.3964430224898843
AG/fast/FAN_JIAN_MING,wall_map_pc_downstream_min_distance_mm_valid,4213,10627,0.3964430224898843
AG/fast/FAN_JIAN_MING,wall_map_pc_eccentricity_valid,4998,10627,0.47031147078197044
AG/fast/FAN_JIAN_MING,wall_map_pc_roundness_valid,4998,10627,0.47031147078197044
AG/fast/FAN_JIAN_MING,wall_map_pc_upstream_min_area_ratio_valid,4088,10627,0.3846805307236285
AG/fast/FAN_JIAN_MING,wall_map_pc_upstream_min_distance_mm_valid,4088,10627,0.3846805307236285
AG/fast/FAN_JIAN_MING,wall_map_pc_valid,4998,10627,0.47031147078197044
AG/fast/FAN_JIAN_MING,wall_map_roundness_valid,8394,10627,0.789874847087607
AG/fast/FAN_JIAN_MING,wall_map_upstream_min_area_ratio_valid,8098,10627,0.7620212665851134
AG/fast/FAN_JIAN_MING,wall_map_upstream_min_distance_mm_valid,8098,10627,0.7620212665851134
AG/fast/FAN_JIAN_MING,wall_map_valid,8394,10627,0.789874847087607
AG/fast/HAN_JIAN_JUN,centerline_audit_core_mask,1211,1247,0.9711307137129109
AG/fast/HAN_JIAN_JUN,centerline_opening_extension_mask,1,1247,0.0008019246190858059
AG/fast/HAN_JIAN_JUN,centerline_original_audit_core_mask,1211,1247,0.9711307137129109
AG/fast/HAN_JIAN_JUN,coverage_pre_shift_valid,264,319,0.8275862068965517
AG/fast/HAN_JIAN_JUN,coverage_recovery_candidate_mask,7,319,0.0219435736677116
AG/fast/HAN_JIAN_JUN,final_probe_profile_valid,257,319,0.8056426332288401
AG/fast/HAN_JIAN_JUN,final_probe_recovered_mask,6,319,0.018808777429467086
AG/fast/HAN_JIAN_JUN,pc_section_raw_contour_valid,269,319,0.8432601880877743
AG/fast/HAN_JIAN_JUN,pc_section_valid,201,319,0.6300940438871473
AG/fast/HAN_JIAN_JUN,section_raw_contour_valid,317,319,0.9937304075235109
AG/fast/HAN_JIAN_JUN,section_valid,255,319,0.799373040752351
AG/fast/HAN_JIAN_JUN,wall_cia_geometry_valid,5928,11325,0.5234437086092715
AG/fast/HAN_JIAN_JUN,wall_cia_semantic_valid,6799,11325,0.6003532008830023
AG/fast/HAN_JIAN_JUN,wall_map_area_slope_per_mm_valid,9428,11325,0.8324944812362031
AG/fast/HAN_JIAN_JUN,wall_map_downstream_min_area_ratio_valid,9251,11325,0.8168653421633554
AG/fast/HAN_JIAN_JUN,wall_map_downstream_min_distance_mm_valid,9251,11325,0.8168653421633554
AG/fast/HAN_JIAN_JUN,wall_map_eccentricity_valid,9428,11325,0.8324944812362031
AG/fast/HAN_JIAN_JUN,wall_map_pc_area_slope_per_mm_valid,6447,11325,0.5692715231788079
AG/fast/HAN_JIAN_JUN,wall_map_pc_downstream_min_area_ratio_valid,5617,11325,0.4959823399558499
AG/fast/HAN_JIAN_JUN,wall_map_pc_downstream_min_distance_mm_valid,5617,11325,0.4959823399558499
AG/fast/HAN_JIAN_JUN,wall_map_pc_eccentricity_valid,6628,11325,0.5852538631346579
AG/fast/HAN_JIAN_JUN,wall_map_pc_roundness_valid,6628,11325,0.5852538631346579
AG/fast/HAN_JIAN_JUN,wall_map_pc_upstream_min_area_ratio_valid,5483,11325,0.48415011037527594
AG/fast/HAN_JIAN_JUN,wall_map_pc_upstream_min_distance_mm_valid,5483,11325,0.48415011037527594
AG/fast/HAN_JIAN_JUN,wall_map_pc_valid,6628,11325,0.5852538631346579
AG/fast/HAN_JIAN_JUN,wall_map_roundness_valid,9428,11325,0.8324944812362031
AG/fast/HAN_JIAN_JUN,wall_map_upstream_min_area_ratio_valid,9162,11325,0.8090066225165563
AG/fast/HAN_JIAN_JUN,wall_map_upstream_min_distance_mm_valid,9162,11325,0.8090066225165563
AG/fast/HAN_JIAN_JUN,wall_map_valid,9428,11325,0.8324944812362031
AG/fast/LIU_FENG_MING,centerline_audit_core_mask,1097,1133,0.9682259488084731
AG/fast/LIU_FENG_MING,centerline_opening_extension_mask,0,1133,0.0
AG/fast/LIU_FENG_MING,centerline_original_audit_core_mask,1097,1133,0.9682259488084731
AG/fast/LIU_FENG_MING,coverage_pre_shift_valid,226,291,0.7766323024054983
AG/fast/LIU_FENG_MING,coverage_recovery_candidate_mask,10,291,0.03436426116838488
AG/fast/LIU_FENG_MING,final_probe_profile_valid,216,291,0.7422680412371134
AG/fast/LIU_FENG_MING,final_probe_recovered_mask,2,291,0.006872852233676976
AG/fast/LIU_FENG_MING,pc_section_raw_contour_valid,225,291,0.7731958762886598
AG/fast/LIU_FENG_MING,pc_section_valid,197,291,0.6769759450171822
AG/fast/LIU_FENG_MING,section_raw_contour_valid,290,291,0.9965635738831615
AG/fast/LIU_FENG_MING,section_valid,220,291,0.7560137457044673
AG/fast/LIU_FENG_MING,wall_cia_geometry_valid,7663,13309,0.5757757908182433
AG/fast/LIU_FENG_MING,wall_cia_semantic_valid,9028,13309,0.6783379667893906
AG/fast/LIU_FENG_MING,wall_map_area_slope_per_mm_valid,10184,13309,0.7651964835825381
AG/fast/LIU_FENG_MING,wall_map_downstream_min_area_ratio_valid,9974,13309,0.7494176872792847
AG/fast/LIU_FENG_MING,wall_map_downstream_min_distance_mm_valid,9974,13309,0.7494176872792847
AG/fast/LIU_FENG_MING,wall_map_eccentricity_valid,10222,13309,0.7680516943421745
AG/fast/LIU_FENG_MING,wall_map_pc_area_slope_per_mm_valid,8466,13309,0.6361109023968743
AG/fast/LIU_FENG_MING,wall_map_pc_downstream_min_area_ratio_valid,7906,13309,0.5940341122548651
AG/fast/LIU_FENG_MING,wall_map_pc_downstream_min_distance_mm_valid,7906,13309,0.5940341122548651
AG/fast/LIU_FENG_MING,wall_map_pc_eccentricity_valid,8616,13309,0.6473814711849125
AG/fast/LIU_FENG_MING,wall_map_pc_roundness_valid,8616,13309,0.6473814711849125
AG/fast/LIU_FENG_MING,wall_map_pc_upstream_min_area_ratio_valid,7749,13309,0.5822375835900518
AG/fast/LIU_FENG_MING,wall_map_pc_upstream_min_distance_mm_valid,7749,13309,0.5822375835900518
AG/fast/LIU_FENG_MING,wall_map_pc_valid,8616,13309,0.6473814711849125
AG/fast/LIU_FENG_MING,wall_map_roundness_valid,10222,13309,0.7680516943421745
AG/fast/LIU_FENG_MING,wall_map_upstream_min_area_ratio_valid,9826,13309,0.7382973927417537
AG/fast/LIU_FENG_MING,wall_map_upstream_min_distance_mm_valid,9826,13309,0.7382973927417537
AG/fast/LIU_FENG_MING,wall_map_valid,10222,13309,0.7680516943421745
AG/fast/LIU_JUN_FENG,centerline_audit_core_mask,1056,1092,0.967032967032967
AG/fast/LIU_JUN_FENG,centerline_opening_extension_mask,1,1092,0.0009157509157509158
AG/fast/LIU_JUN_FENG,centerline_original_audit_core_mask,1056,1092,0.967032967032967
AG/fast/LIU_JUN_FENG,coverage_pre_shift_valid,207,280,0.7392857142857143
AG/fast/LIU_JUN_FENG,coverage_recovery_candidate_mask,6,280,0.02142857142857143
AG/fast/LIU_JUN_FENG,final_probe_profile_valid,201,280,0.7178571428571429
AG/fast/LIU_JUN_FENG,final_probe_recovered_mask,1,280,0.0035714285714285713
AG/fast/LIU_JUN_FENG,pc_section_raw_contour_valid,214,280,0.7642857142857142
AG/fast/LIU_JUN_FENG,pc_section_valid,190,280,0.6785714285714286
AG/fast/LIU_JUN_FENG,section_raw_contour_valid,277,280,0.9892857142857143
AG/fast/LIU_JUN_FENG,section_valid,203,280,0.725
AG/fast/LIU_JUN_FENG,wall_cia_geometry_valid,5857,14100,0.4153900709219858
AG/fast/LIU_JUN_FENG,wall_cia_semantic_valid,7718,14100,0.5473758865248227
AG/fast/LIU_JUN_FENG,wall_map_area_slope_per_mm_valid,10637,14100,0.7543971631205674
AG/fast/LIU_JUN_FENG,wall_map_downstream_min_area_ratio_valid,10410,14100,0.7382978723404255
AG/fast/LIU_JUN_FENG,wall_map_downstream_min_distance_mm_valid,10410,14100,0.7382978723404255
AG/fast/LIU_JUN_FENG,wall_map_eccentricity_valid,10637,14100,0.7543971631205674
AG/fast/LIU_JUN_FENG,wall_map_pc_area_slope_per_mm_valid,9948,14100,0.705531914893617
AG/fast/LIU_JUN_FENG,wall_map_pc_downstream_min_area_ratio_valid,9523,14100,0.6753900709219858
AG/fast/LIU_JUN_FENG,wall_map_pc_downstream_min_distance_mm_valid,9523,14100,0.6753900709219858
AG/fast/LIU_JUN_FENG,wall_map_pc_eccentricity_valid,9948,14100,0.705531914893617
AG/fast/LIU_JUN_FENG,wall_map_pc_roundness_valid,9948,14100,0.705531914893617
AG/fast/LIU_JUN_FENG,wall_map_pc_upstream_min_area_ratio_valid,9497,14100,0.6735460992907801
AG/fast/LIU_JUN_FENG,wall_map_pc_upstream_min_distance_mm_valid,9497,14100,0.6735460992907801
AG/fast/LIU_JUN_FENG,wall_map_pc_valid,9948,14100,0.705531914893617
AG/fast/LIU_JUN_FENG,wall_map_roundness_valid,10637,14100,0.7543971631205674
AG/fast/LIU_JUN_FENG,wall_map_upstream_min_area_ratio_valid,10383,14100,0.7363829787234043
AG/fast/LIU_JUN_FENG,wall_map_upstream_min_distance_mm_valid,10383,14100,0.7363829787234043
AG/fast/LIU_JUN_FENG,wall_map_valid,10637,14100,0.7543971631205674
AG/fast/LIU_LI_QUN,centerline_audit_core_mask,858,894,0.959731543624161
AG/fast/LIU_LI_QUN,centerline_opening_extension_mask,2,894,0.0022371364653243847
AG/fast/LIU_LI_QUN,centerline_original_audit_core_mask,858,894,0.959731543624161
AG/fast/LIU_LI_QUN,coverage_pre_shift_valid,167,231,0.7229437229437229
AG/fast/LIU_LI_QUN,coverage_recovery_candidate_mask,6,231,0.025974025974025976
AG/fast/LIU_LI_QUN,final_probe_profile_valid,161,231,0.696969696969697
AG/fast/LIU_LI_QUN,final_probe_recovered_mask,1,231,0.004329004329004329
AG/fast/LIU_LI_QUN,pc_section_raw_contour_valid,179,231,0.7748917748917749
AG/fast/LIU_LI_QUN,pc_section_valid,150,231,0.6493506493506493
AG/fast/LIU_LI_QUN,section_raw_contour_valid,229,231,0.9913419913419913
AG/fast/LIU_LI_QUN,section_valid,163,231,0.7056277056277056
AG/fast/LIU_LI_QUN,wall_cia_geometry_valid,6166,10887,0.5663635528612107
AG/fast/LIU_LI_QUN,wall_cia_semantic_valid,7339,10887,0.6741067328005879
AG/fast/LIU_LI_QUN,wall_map_area_slope_per_mm_valid,7788,10887,0.7153485808762745
AG/fast/LIU_LI_QUN,wall_map_downstream_min_area_ratio_valid,7549,10887,0.693395793147791
AG/fast/LIU_LI_QUN,wall_map_downstream_min_distance_mm_valid,7549,10887,0.693395793147791
AG/fast/LIU_LI_QUN,wall_map_eccentricity_valid,7788,10887,0.7153485808762745
AG/fast/LIU_LI_QUN,wall_map_pc_area_slope_per_mm_valid,6663,10887,0.612014329016258
AG/fast/LIU_LI_QUN,wall_map_pc_downstream_min_area_ratio_valid,6164,10887,0.5661798475245706
AG/fast/LIU_LI_QUN,wall_map_pc_downstream_min_distance_mm_valid,6164,10887,0.5661798475245706
AG/fast/LIU_LI_QUN,wall_map_pc_eccentricity_valid,6709,10887,0.6162395517589786
AG/fast/LIU_LI_QUN,wall_map_pc_roundness_valid,6709,10887,0.6162395517589786
AG/fast/LIU_LI_QUN,wall_map_pc_upstream_min_area_ratio_valid,6036,10887,0.5544227059796087
AG/fast/LIU_LI_QUN,wall_map_pc_upstream_min_distance_mm_valid,6036,10887,0.5544227059796087
AG/fast/LIU_LI_QUN,wall_map_pc_valid,6709,10887,0.6162395517589786
AG/fast/LIU_LI_QUN,wall_map_roundness_valid,7788,10887,0.7153485808762745
AG/fast/LIU_LI_QUN,wall_map_upstream_min_area_ratio_valid,7406,10887,0.6802608615780289
AG/fast/LIU_LI_QUN,wall_map_upstream_min_distance_mm_valid,7406,10887,0.6802608615780289
AG/fast/LIU_LI_QUN,wall_map_valid,7788,10887,0.7153485808762745
AG/fast/LIU_YI_BING,centerline_audit_core_mask,1130,1166,0.9691252144082333
AG/fast/LIU_YI_BING,centerline_opening_extension_mask,0,1166,0.0
AG/fast/LIU_YI_BING,centerline_original_audit_core_mask,1130,1166,0.9691252144082333
AG/fast/LIU_YI_BING,coverage_pre_shift_valid,221,298,0.7416107382550335
AG/fast/LIU_YI_BING,coverage_recovery_candidate_mask,3,298,0.010067114093959731
AG/fast/LIU_YI_BING,final_probe_profile_valid,218,298,0.7315436241610739
AG/fast/LIU_YI_BING,final_probe_recovered_mask,5,298,0.016778523489932886
AG/fast/LIU_YI_BING,pc_section_raw_contour_valid,234,298,0.785234899328859
AG/fast/LIU_YI_BING,pc_section_valid,195,298,0.6543624161073825
AG/fast/LIU_YI_BING,section_raw_contour_valid,297,298,0.9966442953020134
AG/fast/LIU_YI_BING,section_valid,219,298,0.7348993288590604
AG/fast/LIU_YI_BING,wall_cia_geometry_valid,5843,12569,0.46487389609356355
AG/fast/LIU_YI_BING,wall_cia_semantic_valid,7406,12569,0.5892274643965312
AG/fast/LIU_YI_BING,wall_map_area_slope_per_mm_valid,9536,12569,0.7586920200493277
AG/fast/LIU_YI_BING,wall_map_downstream_min_area_ratio_valid,9305,12569,0.7403134696475455
AG/fast/LIU_YI_BING,wall_map_downstream_min_distance_mm_valid,9305,12569,0.7403134696475455
AG/fast/LIU_YI_BING,wall_map_eccentricity_valid,9536,12569,0.7586920200493277
AG/fast/LIU_YI_BING,wall_map_pc_area_slope_per_mm_valid,7930,12569,0.6309173363036041
AG/fast/LIU_YI_BING,wall_map_pc_downstream_min_area_ratio_valid,7340,12569,0.5839764499960219
AG/fast/LIU_YI_BING,wall_map_pc_downstream_min_distance_mm_valid,7340,12569,0.5839764499960219
AG/fast/LIU_YI_BING,wall_map_pc_eccentricity_valid,8007,12569,0.6370435197708648
AG/fast/LIU_YI_BING,wall_map_pc_roundness_valid,8007,12569,0.6370435197708648
AG/fast/LIU_YI_BING,wall_map_pc_upstream_min_area_ratio_valid,7213,12569,0.5738722253162543
AG/fast/LIU_YI_BING,wall_map_pc_upstream_min_distance_mm_valid,7213,12569,0.5738722253162543
AG/fast/LIU_YI_BING,wall_map_pc_valid,8007,12569,0.6370435197708648
AG/fast/LIU_YI_BING,wall_map_roundness_valid,9536,12569,0.7586920200493277
AG/fast/LIU_YI_BING,wall_map_upstream_min_area_ratio_valid,9177,12569,0.7301296841435277
AG/fast/LIU_YI_BING,wall_map_upstream_min_distance_mm_valid,9177,12569,0.7301296841435277
AG/fast/LIU_YI_BING,wall_map_valid,9536,12569,0.7586920200493277
AG/fast/LI_SHI_QIANG,centerline_audit_core_mask,985,1021,0.9647404505386875
AG/fast/LI_SHI_QIANG,centerline_opening_extension_mask,0,1021,0.0
AG/fast/LI_SHI_QIANG,centerline_original_audit_core_mask,985,1021,0.9647404505386875
AG/fast/LI_SHI_QIANG,coverage_pre_shift_valid,211,264,0.7992424242424242
AG/fast/LI_SHI_QIANG,coverage_recovery_candidate_mask,9,264,0.03409090909090909
AG/fast/LI_SHI_QIANG,final_probe_profile_valid,204,264,0.7727272727272727
AG/fast/LI_SHI_QIANG,final_probe_recovered_mask,1,264,0.003787878787878788
AG/fast/LI_SHI_QIANG,pc_section_raw_contour_valid,216,264,0.8181818181818182
AG/fast/LI_SHI_QIANG,pc_section_valid,185,264,0.7007575757575758
AG/fast/LI_SHI_QIANG,section_raw_contour_valid,262,264,0.9924242424242424
AG/fast/LI_SHI_QIANG,section_valid,204,264,0.7727272727272727
AG/fast/LI_SHI_QIANG,wall_cia_geometry_valid,6074,13171,0.46116467997874117
AG/fast/LI_SHI_QIANG,wall_cia_semantic_valid,7546,13171,0.5729253663351302
AG/fast/LI_SHI_QIANG,wall_map_area_slope_per_mm_valid,10248,13171,0.778073039252904
AG/fast/LI_SHI_QIANG,wall_map_downstream_min_area_ratio_valid,10049,13171,0.7629640877685825
AG/fast/LI_SHI_QIANG,wall_map_downstream_min_distance_mm_valid,10049,13171,0.7629640877685825
AG/fast/LI_SHI_QIANG,wall_map_eccentricity_valid,10273,13171,0.779971148735859
AG/fast/LI_SHI_QIANG,wall_map_pc_area_slope_per_mm_valid,8784,13171,0.6669197479310607
AG/fast/LI_SHI_QIANG,wall_map_pc_downstream_min_area_ratio_valid,8319,13171,0.6316149115480981
AG/fast/LI_SHI_QIANG,wall_map_pc_downstream_min_distance_mm_valid,8319,13171,0.6316149115480981
AG/fast/LI_SHI_QIANG,wall_map_pc_eccentricity_valid,8949,13171,0.6794472705185635
AG/fast/LI_SHI_QIANG,wall_map_pc_roundness_valid,8949,13171,0.6794472705185635
AG/fast/LI_SHI_QIANG,wall_map_pc_upstream_min_area_ratio_valid,8191,13171,0.6218965909953686
AG/fast/LI_SHI_QIANG,wall_map_pc_upstream_min_distance_mm_valid,8191,13171,0.6218965909953686
AG/fast/LI_SHI_QIANG,wall_map_pc_valid,8949,13171,0.6794472705185635
AG/fast/LI_SHI_QIANG,wall_map_roundness_valid,10273,13171,0.779971148735859
AG/fast/LI_SHI_QIANG,wall_map_upstream_min_area_ratio_valid,9885,13171,0.7505124895603978
AG/fast/LI_SHI_QIANG,wall_map_upstream_min_distance_mm_valid,9885,13171,0.7505124895603978
AG/fast/LI_SHI_QIANG,wall_map_valid,10273,13171,0.779971148735859
AG/fast/LI_SHU_KUN,centerline_audit_core_mask,1001,1037,0.9652844744455159
AG/fast/LI_SHU_KUN,centerline_opening_extension_mask,0,1037,0.0
AG/fast/LI_SHU_KUN,centerline_original_audit_core_mask,1001,1037,0.9652844744455159
AG/fast/LI_SHU_KUN,coverage_pre_shift_valid,207,267,0.7752808988764045
AG/fast/LI_SHU_KUN,coverage_recovery_candidate_mask,5,267,0.018726591760299626
AG/fast/LI_SHU_KUN,final_probe_profile_valid,202,267,0.7565543071161048
AG/fast/LI_SHU_KUN,final_probe_recovered_mask,1,267,0.003745318352059925
AG/fast/LI_SHU_KUN,pc_section_raw_contour_valid,218,267,0.8164794007490637
AG/fast/LI_SHU_KUN,pc_section_valid,188,267,0.704119850187266
AG/fast/LI_SHU_KUN,section_raw_contour_valid,266,267,0.9962546816479401
AG/fast/LI_SHU_KUN,section_valid,205,267,0.7677902621722846
AG/fast/LI_SHU_KUN,wall_cia_geometry_valid,5367,11243,0.47736369296451125
AG/fast/LI_SHU_KUN,wall_cia_semantic_valid,6272,11243,0.5578582228942454
AG/fast/LI_SHU_KUN,wall_map_area_slope_per_mm_valid,9013,11243,0.8016543627145779
AG/fast/LI_SHU_KUN,wall_map_downstream_min_area_ratio_valid,8759,11243,0.7790625277950725
AG/fast/LI_SHU_KUN,wall_map_downstream_min_distance_mm_valid,8759,11243,0.7790625277950725
AG/fast/LI_SHU_KUN,wall_map_eccentricity_valid,9013,11243,0.8016543627145779
AG/fast/LI_SHU_KUN,wall_map_pc_area_slope_per_mm_valid,7908,11243,0.7033709863915325
AG/fast/LI_SHU_KUN,wall_map_pc_downstream_min_area_ratio_valid,7388,11243,0.6571199857689228
AG/fast/LI_SHU_KUN,wall_map_pc_downstream_min_distance_mm_valid,7388,11243,0.6571199857689228
AG/fast/LI_SHU_KUN,wall_map_pc_eccentricity_valid,7992,11243,0.7108423018767233
AG/fast/LI_SHU_KUN,wall_map_pc_roundness_valid,7992,11243,0.7108423018767233
AG/fast/LI_SHU_KUN,wall_map_pc_upstream_min_area_ratio_valid,7330,11243,0.6519612203148626
AG/fast/LI_SHU_KUN,wall_map_pc_upstream_min_distance_mm_valid,7330,11243,0.6519612203148626
AG/fast/LI_SHU_KUN,wall_map_pc_valid,7992,11243,0.7108423018767233
AG/fast/LI_SHU_KUN,wall_map_roundness_valid,9013,11243,0.8016543627145779
AG/fast/LI_SHU_KUN,wall_map_upstream_min_area_ratio_valid,8698,11243,0.7736369296451125
AG/fast/LI_SHU_KUN,wall_map_upstream_min_distance_mm_valid,8698,11243,0.7736369296451125
AG/fast/LI_SHU_KUN,wall_map_valid,9013,11243,0.8016543627145779
AG/fast/LI_ZHEN_SHAN,centerline_audit_core_mask,1302,1338,0.9730941704035875
AG/fast/LI_ZHEN_SHAN,centerline_opening_extension_mask,0,1338,0.0
AG/fast/LI_ZHEN_SHAN,centerline_original_audit_core_mask,1302,1338,0.9730941704035875
AG/fast/LI_ZHEN_SHAN,coverage_pre_shift_valid,254,343,0.7405247813411079
AG/fast/LI_ZHEN_SHAN,coverage_recovery_candidate_mask,8,343,0.023323615160349854
AG/fast/LI_ZHEN_SHAN,final_probe_profile_valid,246,343,0.717201166180758
AG/fast/LI_ZHEN_SHAN,final_probe_recovered_mask,3,343,0.008746355685131196
AG/fast/LI_ZHEN_SHAN,pc_section_raw_contour_valid,258,343,0.7521865889212828
AG/fast/LI_ZHEN_SHAN,pc_section_valid,219,343,0.6384839650145773
AG/fast/LI_ZHEN_SHAN,section_raw_contour_valid,343,343,1.0
AG/fast/LI_ZHEN_SHAN,section_valid,250,343,0.7288629737609329
AG/fast/LI_ZHEN_SHAN,wall_cia_geometry_valid,9330,13501,0.6910599214872972
AG/fast/LI_ZHEN_SHAN,wall_cia_semantic_valid,11003,13501,0.8149766683949337
AG/fast/LI_ZHEN_SHAN,wall_map_area_slope_per_mm_valid,9900,13501,0.7332790163691578
AG/fast/LI_ZHEN_SHAN,wall_map_downstream_min_area_ratio_valid,9741,13501,0.7215021109547441
AG/fast/LI_ZHEN_SHAN,wall_map_downstream_min_distance_mm_valid,9741,13501,0.7215021109547441
AG/fast/LI_ZHEN_SHAN,wall_map_eccentricity_valid,9958,13501,0.737574994444856
AG/fast/LI_ZHEN_SHAN,wall_map_pc_area_slope_per_mm_valid,7857,13501,0.581956892082068
AG/fast/LI_ZHEN_SHAN,wall_map_pc_downstream_min_area_ratio_valid,7162,13501,0.5304792237612028
AG/fast/LI_ZHEN_SHAN,wall_map_pc_downstream_min_distance_mm_valid,7162,13501,0.5304792237612028
AG/fast/LI_ZHEN_SHAN,wall_map_pc_eccentricity_valid,8056,13501,0.5966965409969632
AG/fast/LI_ZHEN_SHAN,wall_map_pc_roundness_valid,8056,13501,0.5966965409969632
AG/fast/LI_ZHEN_SHAN,wall_map_pc_upstream_min_area_ratio_valid,7089,13501,0.5250722168728242
AG/fast/LI_ZHEN_SHAN,wall_map_pc_upstream_min_distance_mm_valid,7089,13501,0.5250722168728242
AG/fast/LI_ZHEN_SHAN,wall_map_pc_valid,8056,13501,0.5966965409969632
AG/fast/LI_ZHEN_SHAN,wall_map_roundness_valid,9958,13501,0.737574994444856
AG/fast/LI_ZHEN_SHAN,wall_map_upstream_min_area_ratio_valid,9555,13501,0.7077253536775053
AG/fast/LI_ZHEN_SHAN,wall_map_upstream_min_distance_mm_valid,9555,13501,0.7077253536775053
AG/fast/LI_ZHEN_SHAN,wall_map_valid,9958,13501,0.737574994444856
AG/fast/LI_ZHI_LIN,centerline_audit_core_mask,1128,1164,0.9690721649484536
AG/fast/LI_ZHI_LIN,centerline_opening_extension_mask,0,1164,0.0
AG/fast/LI_ZHI_LIN,centerline_original_audit_core_mask,1128,1164,0.9690721649484536
AG/fast/LI_ZHI_LIN,coverage_pre_shift_valid,249,299,0.8327759197324415
AG/fast/LI_ZHI_LIN,coverage_recovery_candidate_mask,4,299,0.013377926421404682
AG/fast/LI_ZHI_LIN,final_probe_profile_valid,245,299,0.8193979933110368
AG/fast/LI_ZHI_LIN,final_probe_recovered_mask,2,299,0.006688963210702341
AG/fast/LI_ZHI_LIN,pc_section_raw_contour_valid,255,299,0.8528428093645485
AG/fast/LI_ZHI_LIN,pc_section_valid,223,299,0.745819397993311
AG/fast/LI_ZHI_LIN,section_raw_contour_valid,297,299,0.9933110367892977
AG/fast/LI_ZHI_LIN,section_valid,241,299,0.8060200668896321
AG/fast/LI_ZHI_LIN,wall_cia_geometry_valid,5359,14047,0.3815049476756603
AG/fast/LI_ZHI_LIN,wall_cia_semantic_valid,6228,14047,0.4433686908236634
AG/fast/LI_ZHI_LIN,wall_map_area_slope_per_mm_valid,11749,14047,0.8364063501103438
AG/fast/LI_ZHI_LIN,wall_map_downstream_min_area_ratio_valid,11463,14047,0.8160461308464441
AG/fast/LI_ZHI_LIN,wall_map_downstream_min_distance_mm_valid,11463,14047,0.8160461308464441
AG/fast/LI_ZHI_LIN,wall_map_eccentricity_valid,11749,14047,0.8364063501103438
AG/fast/LI_ZHI_LIN,wall_map_pc_area_slope_per_mm_valid,10617,14047,0.7558197479888944
AG/fast/LI_ZHI_LIN,wall_map_pc_downstream_min_area_ratio_valid,9927,14047,0.7066989392752901
AG/fast/LI_ZHI_LIN,wall_map_pc_downstream_min_distance_mm_valid,9927,14047,0.7066989392752901
AG/fast/LI_ZHI_LIN,wall_map_pc_eccentricity_valid,10656,14047,0.7585961415248808
AG/fast/LI_ZHI_LIN,wall_map_pc_roundness_valid,10656,14047,0.7585961415248808
AG/fast/LI_ZHI_LIN,wall_map_pc_upstream_min_area_ratio_valid,9888,14047,0.7039225457393038
AG/fast/LI_ZHI_LIN,wall_map_pc_upstream_min_distance_mm_valid,9888,14047,0.7039225457393038
AG/fast/LI_ZHI_LIN,wall_map_pc_valid,10656,14047,0.7585961415248808
AG/fast/LI_ZHI_LIN,wall_map_roundness_valid,11749,14047,0.8364063501103438
AG/fast/LI_ZHI_LIN,wall_map_upstream_min_area_ratio_valid,11424,14047,0.8132697373104577
AG/fast/LI_ZHI_LIN,wall_map_upstream_min_distance_mm_valid,11424,14047,0.8132697373104577
AG/fast/LI_ZHI_LIN,wall_map_valid,11749,14047,0.8364063501103438
AG/fast/LOU_YANG,centerline_audit_core_mask,1020,1056,0.9659090909090909
AG/fast/LOU_YANG,centerline_opening_extension_mask,0,1056,0.0
AG/fast/LOU_YANG,centerline_original_audit_core_mask,1020,1056,0.9659090909090909
AG/fast/LOU_YANG,coverage_pre_shift_valid,203,273,0.7435897435897436
AG/fast/LOU_YANG,coverage_recovery_candidate_mask,5,273,0.018315018315018316
AG/fast/LOU_YANG,final_probe_profile_valid,198,273,0.7252747252747253
AG/fast/LOU_YANG,final_probe_recovered_mask,1,273,0.003663003663003663
AG/fast/LOU_YANG,pc_section_raw_contour_valid,213,273,0.7802197802197802
AG/fast/LOU_YANG,pc_section_valid,173,273,0.6336996336996337
AG/fast/LOU_YANG,section_raw_contour_valid,271,273,0.9926739926739927
AG/fast/LOU_YANG,section_valid,196,273,0.717948717948718
AG/fast/LOU_YANG,wall_cia_geometry_valid,6006,10806,0.5558023320377568
AG/fast/LOU_YANG,wall_cia_semantic_valid,7279,10806,0.6736072552285767
AG/fast/LOU_YANG,wall_map_area_slope_per_mm_valid,8145,10806,0.7537479178234314
AG/fast/LOU_YANG,wall_map_downstream_min_area_ratio_valid,7907,10806,0.7317231167869702
AG/fast/LOU_YANG,wall_map_downstream_min_distance_mm_valid,7907,10806,0.7317231167869702
AG/fast/LOU_YANG,wall_map_eccentricity_valid,8145,10806,0.7537479178234314
AG/fast/LOU_YANG,wall_map_pc_area_slope_per_mm_valid,6873,10806,0.636035535813437
AG/fast/LOU_YANG,wall_map_pc_downstream_min_area_ratio_valid,6280,10806,0.5811586155839349
AG/fast/LOU_YANG,wall_map_pc_downstream_min_distance_mm_valid,6280,10806,0.5811586155839349
AG/fast/LOU_YANG,wall_map_pc_eccentricity_valid,6900,10806,0.6385341476957246
AG/fast/LOU_YANG,wall_map_pc_roundness_valid,6900,10806,0.6385341476957246
AG/fast/LOU_YANG,wall_map_pc_upstream_min_area_ratio_valid,6194,10806,0.5732000740329447
AG/fast/LOU_YANG,wall_map_pc_upstream_min_distance_mm_valid,6194,10806,0.5732000740329447
AG/fast/LOU_YANG,wall_map_pc_valid,6900,10806,0.6385341476957246
AG/fast/LOU_YANG,wall_map_roundness_valid,8145,10806,0.7537479178234314
AG/fast/LOU_YANG,wall_map_upstream_min_area_ratio_valid,7819,10806,0.7235794928743291
AG/fast/LOU_YANG,wall_map_upstream_min_distance_mm_valid,7819,10806,0.7235794928743291
AG/fast/LOU_YANG,wall_map_valid,8145,10806,0.7537479178234314
AG/fast/RAN_QING_BO,centerline_audit_core_mask,1291,1327,0.972871137905049
AG/fast/RAN_QING_BO,centerline_opening_extension_mask,0,1327,0.0
AG/fast/RAN_QING_BO,centerline_original_audit_core_mask,1291,1327,0.972871137905049
AG/fast/RAN_QING_BO,coverage_pre_shift_valid,264,340,0.7764705882352941
AG/fast/RAN_QING_BO,coverage_recovery_candidate_mask,5,340,0.014705882352941176
AG/fast/RAN_QING_BO,final_probe_profile_valid,259,340,0.7617647058823529
AG/fast/RAN_QING_BO,final_probe_recovered_mask,1,340,0.0029411764705882353
AG/fast/RAN_QING_BO,pc_section_raw_contour_valid,266,340,0.7823529411764706
AG/fast/RAN_QING_BO,pc_section_valid,234,340,0.6882352941176471
AG/fast/RAN_QING_BO,section_raw_contour_valid,337,340,0.9911764705882353
AG/fast/RAN_QING_BO,section_valid,258,340,0.7588235294117647
AG/fast/RAN_QING_BO,wall_cia_geometry_valid,9556,17682,0.5404366021943219
AG/fast/RAN_QING_BO,wall_cia_semantic_valid,11773,17682,0.6658183463409116
AG/fast/RAN_QING_BO,wall_map_area_slope_per_mm_valid,13549,17682,0.7662594729103043
AG/fast/RAN_QING_BO,wall_map_downstream_min_area_ratio_valid,13391,17682,0.7573238321456849
AG/fast/RAN_QING_BO,wall_map_downstream_min_distance_mm_valid,13391,17682,0.7573238321456849
AG/fast/RAN_QING_BO,wall_map_eccentricity_valid,13549,17682,0.7662594729103043
AG/fast/RAN_QING_BO,wall_map_pc_area_slope_per_mm_valid,11834,17682,0.6692681823323153
AG/fast/RAN_QING_BO,wall_map_pc_downstream_min_area_ratio_valid,11148,17682,0.6304716661011198
AG/fast/RAN_QING_BO,wall_map_pc_downstream_min_distance_mm_valid,11148,17682,0.6304716661011198
AG/fast/RAN_QING_BO,wall_map_pc_eccentricity_valid,11925,17682,0.674414658975229
AG/fast/RAN_QING_BO,wall_map_pc_roundness_valid,11925,17682,0.674414658975229
AG/fast/RAN_QING_BO,wall_map_pc_upstream_min_area_ratio_valid,11012,17682,0.6227802284809411
AG/fast/RAN_QING_BO,wall_map_pc_upstream_min_distance_mm_valid,11012,17682,0.6227802284809411
AG/fast/RAN_QING_BO,wall_map_pc_valid,11925,17682,0.674414658975229
AG/fast/RAN_QING_BO,wall_map_roundness_valid,13549,17682,0.7662594729103043
AG/fast/RAN_QING_BO,wall_map_upstream_min_area_ratio_valid,13145,17682,0.7434113788033028
AG/fast/RAN_QING_BO,wall_map_upstream_min_distance_mm_valid,13145,17682,0.7434113788033028
AG/fast/RAN_QING_BO,wall_map_valid,13549,17682,0.7662594729103043
AG/fast/SUN_ZHI_YU,centerline_audit_core_mask,918,954,0.9622641509433962
AG/fast/SUN_ZHI_YU,centerline_opening_extension_mask,3,954,0.0031446540880503146
AG/fast/SUN_ZHI_YU,centerline_original_audit_core_mask,918,954,0.9622641509433962
AG/fast/SUN_ZHI_YU,coverage_pre_shift_valid,190,247,0.7692307692307693
AG/fast/SUN_ZHI_YU,coverage_recovery_candidate_mask,3,247,0.012145748987854251
AG/fast/SUN_ZHI_YU,final_probe_profile_valid,187,247,0.757085020242915
AG/fast/SUN_ZHI_YU,final_probe_recovered_mask,4,247,0.016194331983805668
AG/fast/SUN_ZHI_YU,pc_section_raw_contour_valid,206,247,0.8340080971659919
AG/fast/SUN_ZHI_YU,pc_section_valid,177,247,0.7165991902834008
AG/fast/SUN_ZHI_YU,section_raw_contour_valid,242,247,0.979757085020243
AG/fast/SUN_ZHI_YU,section_valid,185,247,0.7489878542510121
AG/fast/SUN_ZHI_YU,wall_cia_geometry_valid,6553,11696,0.5602770177838577
AG/fast/SUN_ZHI_YU,wall_cia_semantic_valid,7540,11696,0.6446648426812586
AG/fast/SUN_ZHI_YU,wall_map_area_slope_per_mm_valid,8977,11696,0.7675273597811217
AG/fast/SUN_ZHI_YU,wall_map_downstream_min_area_ratio_valid,8710,11696,0.7446990424076607
AG/fast/SUN_ZHI_YU,wall_map_downstream_min_distance_mm_valid,8710,11696,0.7446990424076607
AG/fast/SUN_ZHI_YU,wall_map_eccentricity_valid,8977,11696,0.7675273597811217
AG/fast/SUN_ZHI_YU,wall_map_pc_area_slope_per_mm_valid,8342,11696,0.7132352941176471
AG/fast/SUN_ZHI_YU,wall_map_pc_downstream_min_area_ratio_valid,7846,11696,0.6708276333789329
AG/fast/SUN_ZHI_YU,wall_map_pc_downstream_min_distance_mm_valid,7846,11696,0.6708276333789329
AG/fast/SUN_ZHI_YU,wall_map_pc_eccentricity_valid,8376,11696,0.7161422708618331
AG/fast/SUN_ZHI_YU,wall_map_pc_roundness_valid,8376,11696,0.7161422708618331
AG/fast/SUN_ZHI_YU,wall_map_pc_upstream_min_area_ratio_valid,7789,11696,0.665954172366621
AG/fast/SUN_ZHI_YU,wall_map_pc_upstream_min_distance_mm_valid,7789,11696,0.665954172366621
AG/fast/SUN_ZHI_YU,wall_map_pc_valid,8376,11696,0.7161422708618331
AG/fast/SUN_ZHI_YU,wall_map_roundness_valid,8977,11696,0.7675273597811217
AG/fast/SUN_ZHI_YU,wall_map_upstream_min_area_ratio_valid,8645,11696,0.739141586867305
AG/fast/SUN_ZHI_YU,wall_map_upstream_min_distance_mm_valid,8645,11696,0.739141586867305
AG/fast/SUN_ZHI_YU,wall_map_valid,8977,11696,0.7675273597811217
AG/fast/WANG_CHUN_MING,centerline_audit_core_mask,858,894,0.959731543624161
AG/fast/WANG_CHUN_MING,centerline_opening_extension_mask,2,894,0.0022371364653243847
AG/fast/WANG_CHUN_MING,centerline_original_audit_core_mask,858,894,0.959731543624161
AG/fast/WANG_CHUN_MING,coverage_pre_shift_valid,186,232,0.8017241379310345
AG/fast/WANG_CHUN_MING,coverage_recovery_candidate_mask,5,232,0.021551724137931036
AG/fast/WANG_CHUN_MING,final_probe_profile_valid,181,232,0.7801724137931034
AG/fast/WANG_CHUN_MING,final_probe_recovered_mask,2,232,0.008620689655172414
AG/fast/WANG_CHUN_MING,pc_section_raw_contour_valid,196,232,0.8448275862068966
AG/fast/WANG_CHUN_MING,pc_section_valid,163,232,0.7025862068965517
AG/fast/WANG_CHUN_MING,section_raw_contour_valid,229,232,0.9870689655172413
AG/fast/WANG_CHUN_MING,section_valid,180,232,0.7758620689655172
AG/fast/WANG_CHUN_MING,wall_cia_geometry_valid,4636,10030,0.46221335992023926
AG/fast/WANG_CHUN_MING,wall_cia_semantic_valid,5407,10030,0.5390827517447657
AG/fast/WANG_CHUN_MING,wall_map_area_slope_per_mm_valid,8178,10030,0.8153539381854437
AG/fast/WANG_CHUN_MING,wall_map_downstream_min_area_ratio_valid,7965,10030,0.7941176470588235
AG/fast/WANG_CHUN_MING,wall_map_downstream_min_distance_mm_valid,7965,10030,0.7941176470588235
AG/fast/WANG_CHUN_MING,wall_map_eccentricity_valid,8178,10030,0.8153539381854437
AG/fast/WANG_CHUN_MING,wall_map_pc_area_slope_per_mm_valid,7332,10030,0.7310069790628115
AG/fast/WANG_CHUN_MING,wall_map_pc_downstream_min_area_ratio_valid,6925,10030,0.6904287138584247
AG/fast/WANG_CHUN_MING,wall_map_pc_downstream_min_distance_mm_valid,6925,10030,0.6904287138584247
AG/fast/WANG_CHUN_MING,wall_map_pc_eccentricity_valid,7389,10030,0.7366899302093719
AG/fast/WANG_CHUN_MING,wall_map_pc_roundness_valid,7389,10030,0.7366899302093719
AG/fast/WANG_CHUN_MING,wall_map_pc_upstream_min_area_ratio_valid,6870,10030,0.6849451645064806
AG/fast/WANG_CHUN_MING,wall_map_pc_upstream_min_distance_mm_valid,6870,10030,0.6849451645064806
AG/fast/WANG_CHUN_MING,wall_map_pc_valid,7389,10030,0.7366899302093719
AG/fast/WANG_CHUN_MING,wall_map_roundness_valid,8178,10030,0.8153539381854437
AG/fast/WANG_CHUN_MING,wall_map_upstream_min_area_ratio_valid,7900,10030,0.7876370887337986
AG/fast/WANG_CHUN_MING,wall_map_upstream_min_distance_mm_valid,7900,10030,0.7876370887337986
AG/fast/WANG_CHUN_MING,wall_map_valid,8178,10030,0.8153539381854437
AG/fast/WANG_DAO_CHUN,centerline_audit_core_mask,1017,1053,0.9658119658119658
AG/fast/WANG_DAO_CHUN,centerline_opening_extension_mask,0,1053,0.0
AG/fast/WANG_DAO_CHUN,centerline_original_audit_core_mask,1017,1053,0.9658119658119658
AG/fast/WANG_DAO_CHUN,coverage_pre_shift_valid,204,271,0.7527675276752768
AG/fast/WANG_DAO_CHUN,coverage_recovery_candidate_mask,1,271,0.0036900369003690036
AG/fast/WANG_DAO_CHUN,final_probe_profile_valid,205,271,0.7564575645756457
AG/fast/WANG_DAO_CHUN,final_probe_recovered_mask,2,271,0.007380073800738007
AG/fast/WANG_DAO_CHUN,pc_section_raw_contour_valid,206,271,0.7601476014760148
AG/fast/WANG_DAO_CHUN,pc_section_valid,175,271,0.6457564575645757
AG/fast/WANG_DAO_CHUN,section_raw_contour_valid,269,271,0.992619926199262
AG/fast/WANG_DAO_CHUN,section_valid,204,271,0.7527675276752768
AG/fast/WANG_DAO_CHUN,wall_cia_geometry_valid,5531,13219,0.41841289053634917
AG/fast/WANG_DAO_CHUN,wall_cia_semantic_valid,6954,13219,0.5260609728421212
AG/fast/WANG_DAO_CHUN,wall_map_area_slope_per_mm_valid,10202,13219,0.7717679098267645
AG/fast/WANG_DAO_CHUN,wall_map_downstream_min_area_ratio_valid,9956,13219,0.7531583327029276
AG/fast/WANG_DAO_CHUN,wall_map_downstream_min_distance_mm_valid,9956,13219,0.7531583327029276
AG/fast/WANG_DAO_CHUN,wall_map_eccentricity_valid,10202,13219,0.7717679098267645
AG/fast/WANG_DAO_CHUN,wall_map_pc_area_slope_per_mm_valid,9154,13219,0.6924880853317195
AG/fast/WANG_DAO_CHUN,wall_map_pc_downstream_min_area_ratio_valid,8813,13219,0.6666918828958318
AG/fast/WANG_DAO_CHUN,wall_map_pc_downstream_min_distance_mm_valid,8813,13219,0.6666918828958318
AG/fast/WANG_DAO_CHUN,wall_map_pc_eccentricity_valid,9192,13219,0.6953627354565398
AG/fast/WANG_DAO_CHUN,wall_map_pc_roundness_valid,9192,13219,0.6953627354565398
AG/fast/WANG_DAO_CHUN,wall_map_pc_upstream_min_area_ratio_valid,8757,13219,0.6624555563960965
AG/fast/WANG_DAO_CHUN,wall_map_pc_upstream_min_distance_mm_valid,8757,13219,0.6624555563960965
AG/fast/WANG_DAO_CHUN,wall_map_pc_valid,9192,13219,0.6953627354565398
AG/fast/WANG_DAO_CHUN,wall_map_roundness_valid,10202,13219,0.7717679098267645
AG/fast/WANG_DAO_CHUN,wall_map_upstream_min_area_ratio_valid,9903,13219,0.7491489522656782
AG/fast/WANG_DAO_CHUN,wall_map_upstream_min_distance_mm_valid,9903,13219,0.7491489522656782
AG/fast/WANG_DAO_CHUN,wall_map_valid,10202,13219,0.7717679098267645
AG/fast/WANG_YONG_FAN,centerline_audit_core_mask,1121,1157,0.9688850475367329
AG/fast/WANG_YONG_FAN,centerline_opening_extension_mask,1,1157,0.000864304235090752
AG/fast/WANG_YONG_FAN,centerline_original_audit_core_mask,1121,1157,0.9688850475367329
AG/fast/WANG_YONG_FAN,coverage_pre_shift_valid,237,298,0.7953020134228188
AG/fast/WANG_YONG_FAN,coverage_recovery_candidate_mask,2,298,0.006711409395973154
AG/fast/WANG_YONG_FAN,final_probe_profile_valid,235,298,0.7885906040268457
AG/fast/WANG_YONG_FAN,final_probe_recovered_mask,3,298,0.010067114093959731
AG/fast/WANG_YONG_FAN,pc_section_raw_contour_valid,246,298,0.825503355704698
AG/fast/WANG_YONG_FAN,pc_section_valid,218,298,0.7315436241610739
AG/fast/WANG_YONG_FAN,section_raw_contour_valid,292,298,0.9798657718120806
AG/fast/WANG_YONG_FAN,section_valid,235,298,0.7885906040268457
AG/fast/WANG_YONG_FAN,wall_cia_geometry_valid,6904,16017,0.43104201785602797
AG/fast/WANG_YONG_FAN,wall_cia_semantic_valid,8097,16017,0.5055253792845102
AG/fast/WANG_YONG_FAN,wall_map_area_slope_per_mm_valid,13243,16017,0.8268090154211151
AG/fast/WANG_YONG_FAN,wall_map_downstream_min_area_ratio_valid,13021,16017,0.8129487419616658
AG/fast/WANG_YONG_FAN,wall_map_downstream_min_distance_mm_valid,13021,16017,0.8129487419616658
AG/fast/WANG_YONG_FAN,wall_map_eccentricity_valid,13243,16017,0.8268090154211151
AG/fast/WANG_YONG_FAN,wall_map_pc_area_slope_per_mm_valid,12250,16017,0.7648123868389836
AG/fast/WANG_YONG_FAN,wall_map_pc_downstream_min_area_ratio_valid,11848,16017,0.7397140538178185
AG/fast/WANG_YONG_FAN,wall_map_pc_downstream_min_distance_mm_valid,11848,16017,0.7397140538178185
AG/fast/WANG_YONG_FAN,wall_map_pc_eccentricity_valid,12276,16017,0.7664356621090092
AG/fast/WANG_YONG_FAN,wall_map_pc_roundness_valid,12276,16017,0.7664356621090092
AG/fast/WANG_YONG_FAN,wall_map_pc_upstream_min_area_ratio_valid,11743,16017,0.7331585190734844
AG/fast/WANG_YONG_FAN,wall_map_pc_upstream_min_distance_mm_valid,11743,16017,0.7331585190734844
AG/fast/WANG_YONG_FAN,wall_map_pc_valid,12276,16017,0.7664356621090092
AG/fast/WANG_YONG_FAN,wall_map_roundness_valid,13243,16017,0.8268090154211151
AG/fast/WANG_YONG_FAN,wall_map_upstream_min_area_ratio_valid,12916,16017,0.8063932072173315
AG/fast/WANG_YONG_FAN,wall_map_upstream_min_distance_mm_valid,12916,16017,0.8063932072173315
AG/fast/WANG_YONG_FAN,wall_map_valid,13243,16017,0.8268090154211151
AG/fast/YAO_CUN_HONG,centerline_audit_core_mask,961,997,0.9638916750250752
AG/fast/YAO_CUN_HONG,centerline_opening_extension_mask,0,997,0.0
AG/fast/YAO_CUN_HONG,centerline_original_audit_core_mask,961,997,0.9638916750250752
AG/fast/YAO_CUN_HONG,coverage_pre_shift_valid,218,257,0.8482490272373541
AG/fast/YAO_CUN_HONG,coverage_recovery_candidate_mask,5,257,0.019455252918287938
AG/fast/YAO_CUN_HONG,final_probe_profile_valid,213,257,0.8287937743190662
AG/fast/YAO_CUN_HONG,final_probe_recovered_mask,1,257,0.0038910505836575876
AG/fast/YAO_CUN_HONG,pc_section_raw_contour_valid,229,257,0.8910505836575876
AG/fast/YAO_CUN_HONG,pc_section_valid,157,257,0.6108949416342413
AG/fast/YAO_CUN_HONG,section_raw_contour_valid,254,257,0.9883268482490273
AG/fast/YAO_CUN_HONG,section_valid,210,257,0.8171206225680934
AG/fast/YAO_CUN_HONG,wall_cia_geometry_valid,4488,9704,0.4624896949711459
AG/fast/YAO_CUN_HONG,wall_cia_semantic_valid,5033,9704,0.5186521022258862
AG/fast/YAO_CUN_HONG,wall_map_area_slope_per_mm_valid,7980,9704,0.8223413025556472
AG/fast/YAO_CUN_HONG,wall_map_downstream_min_area_ratio_valid,7778,9704,0.801525144270404
AG/fast/YAO_CUN_HONG,wall_map_downstream_min_distance_mm_valid,7778,9704,0.801525144270404
AG/fast/YAO_CUN_HONG,wall_map_eccentricity_valid,7980,9704,0.8223413025556472
AG/fast/YAO_CUN_HONG,wall_map_pc_area_slope_per_mm_valid,5240,9704,0.5399835119538334
AG/fast/YAO_CUN_HONG,wall_map_pc_downstream_min_area_ratio_valid,4690,9704,0.48330585325638914
AG/fast/YAO_CUN_HONG,wall_map_pc_downstream_min_distance_mm_valid,4690,9704,0.48330585325638914
AG/fast/YAO_CUN_HONG,wall_map_pc_eccentricity_valid,5537,9704,0.5705894476504534
AG/fast/YAO_CUN_HONG,wall_map_pc_roundness_valid,5537,9704,0.5705894476504534
AG/fast/YAO_CUN_HONG,wall_map_pc_upstream_min_area_ratio_valid,4651,9704,0.4792868920032976
AG/fast/YAO_CUN_HONG,wall_map_pc_upstream_min_distance_mm_valid,4651,9704,0.4792868920032976
AG/fast/YAO_CUN_HONG,wall_map_pc_valid,5537,9704,0.5705894476504534
AG/fast/YAO_CUN_HONG,wall_map_roundness_valid,7980,9704,0.8223413025556472
AG/fast/YAO_CUN_HONG,wall_map_upstream_min_area_ratio_valid,7730,9704,0.7965787304204451
AG/fast/YAO_CUN_HONG,wall_map_upstream_min_distance_mm_valid,7730,9704,0.7965787304204451
AG/fast/YAO_CUN_HONG,wall_map_valid,7980,9704,0.8223413025556472
AG/fast/ZHANG_CHUN,centerline_audit_core_mask,1112,1148,0.9686411149825784
AG/fast/ZHANG_CHUN,centerline_opening_extension_mask,0,1148,0.0
AG/fast/ZHANG_CHUN,centerline_original_audit_core_mask,1112,1148,0.9686411149825784
AG/fast/ZHANG_CHUN,coverage_pre_shift_valid,246,294,0.8367346938775511
AG/fast/ZHANG_CHUN,coverage_recovery_candidate_mask,4,294,0.013605442176870748
AG/fast/ZHANG_CHUN,final_probe_profile_valid,242,294,0.8231292517006803
AG/fast/ZHANG_CHUN,final_probe_recovered_mask,2,294,0.006802721088435374
AG/fast/ZHANG_CHUN,pc_section_raw_contour_valid,257,294,0.8741496598639455
AG/fast/ZHANG_CHUN,pc_section_valid,219,294,0.7448979591836735
AG/fast/ZHANG_CHUN,section_raw_contour_valid,289,294,0.9829931972789115
AG/fast/ZHANG_CHUN,section_valid,240,294,0.8163265306122449
AG/fast/ZHANG_CHUN,wall_cia_geometry_valid,4395,13850,0.3173285198555957
AG/fast/ZHANG_CHUN,wall_cia_semantic_valid,5039,13850,0.363826714801444
AG/fast/ZHANG_CHUN,wall_map_area_slope_per_mm_valid,12028,13850,0.8684476534296028
AG/fast/ZHANG_CHUN,wall_map_downstream_min_area_ratio_valid,11823,13850,0.8536462093862816
AG/fast/ZHANG_CHUN,wall_map_downstream_min_distance_mm_valid,11823,13850,0.8536462093862816
AG/fast/ZHANG_CHUN,wall_map_eccentricity_valid,12028,13850,0.8684476534296028
AG/fast/ZHANG_CHUN,wall_map_pc_area_slope_per_mm_valid,10730,13850,0.7747292418772563
AG/fast/ZHANG_CHUN,wall_map_pc_downstream_min_area_ratio_valid,10236,13850,0.7390613718411553
AG/fast/ZHANG_CHUN,wall_map_pc_downstream_min_distance_mm_valid,10236,13850,0.7390613718411553
AG/fast/ZHANG_CHUN,wall_map_pc_eccentricity_valid,10829,13850,0.7818772563176896
AG/fast/ZHANG_CHUN,wall_map_pc_roundness_valid,10829,13850,0.7818772563176896
AG/fast/ZHANG_CHUN,wall_map_pc_upstream_min_area_ratio_valid,10172,13850,0.7344404332129963
AG/fast/ZHANG_CHUN,wall_map_pc_upstream_min_distance_mm_valid,10172,13850,0.7344404332129963
AG/fast/ZHANG_CHUN,wall_map_pc_valid,10829,13850,0.7818772563176896
AG/fast/ZHANG_CHUN,wall_map_roundness_valid,12028,13850,0.8684476534296028
AG/fast/ZHANG_CHUN,wall_map_upstream_min_area_ratio_valid,11785,13850,0.8509025270758123
AG/fast/ZHANG_CHUN,wall_map_upstream_min_distance_mm_valid,11785,13850,0.8509025270758123
AG/fast/ZHANG_CHUN,wall_map_valid,12028,13850,0.8684476534296028
AG/fast/ZHANG_HAO,centerline_audit_core_mask,1006,1042,0.9654510556621881
AG/fast/ZHANG_HAO,centerline_opening_extension_mask,3,1042,0.0028790786948176585
AG/fast/ZHANG_HAO,centerline_original_audit_core_mask,1006,1042,0.9654510556621881
AG/fast/ZHANG_HAO,coverage_pre_shift_valid,213,269,0.79182156133829
AG/fast/ZHANG_HAO,coverage_recovery_candidate_mask,4,269,0.01486988847583643
AG/fast/ZHANG_HAO,final_probe_profile_valid,209,269,0.7769516728624535
AG/fast/ZHANG_HAO,final_probe_recovered_mask,1,269,0.0037174721189591076
AG/fast/ZHANG_HAO,pc_section_raw_contour_valid,223,269,0.828996282527881
AG/fast/ZHANG_HAO,pc_section_valid,198,269,0.7360594795539034
AG/fast/ZHANG_HAO,section_raw_contour_valid,265,269,0.9851301115241635
AG/fast/ZHANG_HAO,section_valid,211,269,0.7843866171003717
AG/fast/ZHANG_HAO,wall_cia_geometry_valid,6389,12521,0.5102627585656098
AG/fast/ZHANG_HAO,wall_cia_semantic_valid,7620,12521,0.608577589649389
AG/fast/ZHANG_HAO,wall_map_area_slope_per_mm_valid,10002,12521,0.7988179857838831
AG/fast/ZHANG_HAO,wall_map_downstream_min_area_ratio_valid,9809,12521,0.7834038814791151
AG/fast/ZHANG_HAO,wall_map_downstream_min_distance_mm_valid,9809,12521,0.7834038814791151
AG/fast/ZHANG_HAO,wall_map_eccentricity_valid,10002,12521,0.7988179857838831
AG/fast/ZHANG_HAO,wall_map_pc_area_slope_per_mm_valid,9053,12521,0.723025317466656
AG/fast/ZHANG_HAO,wall_map_pc_downstream_min_area_ratio_valid,8631,12521,0.689321939142241
AG/fast/ZHANG_HAO,wall_map_pc_downstream_min_distance_mm_valid,8631,12521,0.689321939142241
AG/fast/ZHANG_HAO,wall_map_pc_eccentricity_valid,9126,12521,0.7288555227218273
AG/fast/ZHANG_HAO,wall_map_pc_roundness_valid,9126,12521,0.7288555227218273
AG/fast/ZHANG_HAO,wall_map_pc_upstream_min_area_ratio_valid,8550,12521,0.6828528072837633
AG/fast/ZHANG_HAO,wall_map_pc_upstream_min_distance_mm_valid,8550,12521,0.6828528072837633
AG/fast/ZHANG_HAO,wall_map_pc_valid,9126,12521,0.7288555227218273
AG/fast/ZHANG_HAO,wall_map_roundness_valid,10002,12521,0.7988179857838831
AG/fast/ZHANG_HAO,wall_map_upstream_min_area_ratio_valid,9687,12521,0.7736602507786918
AG/fast/ZHANG_HAO,wall_map_upstream_min_distance_mm_valid,9687,12521,0.7736602507786918
AG/fast/ZHANG_HAO,wall_map_valid,10002,12521,0.7988179857838831
AG/fast/ZHANG_LIANG,centerline_audit_core_mask,1177,1213,0.9703215169002474
AG/fast/ZHANG_LIANG,centerline_opening_extension_mask,0,1213,0.0
AG/fast/ZHANG_LIANG,centerline_original_audit_core_mask,1177,1213,0.9703215169002474
AG/fast/ZHANG_LIANG,coverage_pre_shift_valid,257,311,0.8263665594855305
AG/fast/ZHANG_LIANG,coverage_recovery_candidate_mask,3,311,0.00964630225080386
AG/fast/ZHANG_LIANG,final_probe_profile_valid,254,311,0.8167202572347267
AG/fast/ZHANG_LIANG,final_probe_recovered_mask,2,311,0.006430868167202572
AG/fast/ZHANG_LIANG,pc_section_raw_contour_valid,266,311,0.8553054662379421
AG/fast/ZHANG_LIANG,pc_section_valid,226,311,0.7266881028938906
AG/fast/ZHANG_LIANG,section_raw_contour_valid,307,311,0.9871382636655949
AG/fast/ZHANG_LIANG,section_valid,252,311,0.8102893890675241
AG/fast/ZHANG_LIANG,wall_cia_geometry_valid,6846,14399,0.47544968400583376
AG/fast/ZHANG_LIANG,wall_cia_semantic_valid,7903,14399,0.5488575595527467
AG/fast/ZHANG_LIANG,wall_map_area_slope_per_mm_valid,11726,14399,0.8143621084797555
AG/fast/ZHANG_LIANG,wall_map_downstream_min_area_ratio_valid,11504,14399,0.7989443711368845
AG/fast/ZHANG_LIANG,wall_map_downstream_min_distance_mm_valid,11504,14399,0.7989443711368845
AG/fast/ZHANG_LIANG,wall_map_eccentricity_valid,11726,14399,0.8143621084797555
AG/fast/ZHANG_LIANG,wall_map_pc_area_slope_per_mm_valid,10118,14399,0.7026876866449059
AG/fast/ZHANG_LIANG,wall_map_pc_downstream_min_area_ratio_valid,9497,14399,0.6595596916452532
AG/fast/ZHANG_LIANG,wall_map_pc_downstream_min_distance_mm_valid,9497,14399,0.6595596916452532
AG/fast/ZHANG_LIANG,wall_map_pc_eccentricity_valid,10250,14399,0.7118549899298562
AG/fast/ZHANG_LIANG,wall_map_pc_roundness_valid,10250,14399,0.7118549899298562
AG/fast/ZHANG_LIANG,wall_map_pc_upstream_min_area_ratio_valid,9430,14399,0.6549065907354678
AG/fast/ZHANG_LIANG,wall_map_pc_upstream_min_distance_mm_valid,9430,14399,0.6549065907354678
AG/fast/ZHANG_LIANG,wall_map_pc_valid,10250,14399,0.7118549899298562
AG/fast/ZHANG_LIANG,wall_map_roundness_valid,11726,14399,0.8143621084797555
AG/fast/ZHANG_LIANG,wall_map_upstream_min_area_ratio_valid,11412,14399,0.7925550385443434
AG/fast/ZHANG_LIANG,wall_map_upstream_min_distance_mm_valid,11412,14399,0.7925550385443434
AG/fast/ZHANG_LIANG,wall_map_valid,11726,14399,0.8143621084797555
AG/fast/ZHANG_QING_WANG,centerline_audit_core_mask,1244,1280,0.971875
AG/fast/ZHANG_QING_WANG,centerline_opening_extension_mask,0,1280,0.0
AG/fast/ZHANG_QING_WANG,centerline_original_audit_core_mask,1244,1280,0.971875
AG/fast/ZHANG_QING_WANG,coverage_pre_shift_valid,273,328,0.8323170731707317
AG/fast/ZHANG_QING_WANG,coverage_recovery_candidate_mask,6,328,0.018292682926829267
AG/fast/ZHANG_QING_WANG,final_probe_profile_valid,267,328,0.8140243902439024
AG/fast/ZHANG_QING_WANG,final_probe_recovered_mask,1,328,0.003048780487804878
AG/fast/ZHANG_QING_WANG,pc_section_raw_contour_valid,282,328,0.8597560975609756
AG/fast/ZHANG_QING_WANG,pc_section_valid,243,328,0.7408536585365854
AG/fast/ZHANG_QING_WANG,section_raw_contour_valid,325,328,0.9908536585365854
AG/fast/ZHANG_QING_WANG,section_valid,267,328,0.8140243902439024
AG/fast/ZHANG_QING_WANG,wall_cia_geometry_valid,7415,13843,0.535649786895904
AG/fast/ZHANG_QING_WANG,wall_cia_semantic_valid,8394,13843,0.6063714512750127
AG/fast/ZHANG_QING_WANG,wall_map_area_slope_per_mm_valid,11347,13843,0.8196922632377375
AG/fast/ZHANG_QING_WANG,wall_map_downstream_min_area_ratio_valid,11109,13843,0.8024994582099256
AG/fast/ZHANG_QING_WANG,wall_map_downstream_min_distance_mm_valid,11109,13843,0.8024994582099256
AG/fast/ZHANG_QING_WANG,wall_map_eccentricity_valid,11347,13843,0.8196922632377375
AG/fast/ZHANG_QING_WANG,wall_map_pc_area_slope_per_mm_valid,9614,13843,0.6945026367116954
AG/fast/ZHANG_QING_WANG,wall_map_pc_downstream_min_area_ratio_valid,8834,13843,0.6381564689734884
AG/fast/ZHANG_QING_WANG,wall_map_pc_downstream_min_distance_mm_valid,8834,13843,0.6381564689734884
AG/fast/ZHANG_QING_WANG,wall_map_pc_eccentricity_valid,9641,13843,0.6964530809795565
AG/fast/ZHANG_QING_WANG,wall_map_pc_roundness_valid,9641,13843,0.6964530809795565
AG/fast/ZHANG_QING_WANG,wall_map_pc_upstream_min_area_ratio_valid,8674,13843,0.6265982807194972
AG/fast/ZHANG_QING_WANG,wall_map_pc_upstream_min_distance_mm_valid,8674,13843,0.6265982807194972
AG/fast/ZHANG_QING_WANG,wall_map_pc_valid,9641,13843,0.6964530809795565
AG/fast/ZHANG_QING_WANG,wall_map_roundness_valid,11347,13843,0.8196922632377375
AG/fast/ZHANG_QING_WANG,wall_map_upstream_min_area_ratio_valid,10971,13843,0.7925305208408582
AG/fast/ZHANG_QING_WANG,wall_map_upstream_min_distance_mm_valid,10971,13843,0.7925305208408582
AG/fast/ZHANG_QING_WANG,wall_map_valid,11347,13843,0.8196922632377375
AG/fast/ZHANG_XIU_WEN,centerline_audit_core_mask,1072,1108,0.9675090252707581
AG/fast/ZHANG_XIU_WEN,centerline_opening_extension_mask,1,1108,0.0009025270758122744
AG/fast/ZHANG_XIU_WEN,centerline_original_audit_core_mask,1072,1108,0.9675090252707581
AG/fast/ZHANG_XIU_WEN,coverage_pre_shift_valid,230,285,0.8070175438596491
AG/fast/ZHANG_XIU_WEN,coverage_recovery_candidate_mask,5,285,0.017543859649122806
AG/fast/ZHANG_XIU_WEN,final_probe_profile_valid,225,285,0.7894736842105263
AG/fast/ZHANG_XIU_WEN,final_probe_recovered_mask,1,285,0.0035087719298245615
AG/fast/ZHANG_XIU_WEN,pc_section_raw_contour_valid,240,285,0.8421052631578947
AG/fast/ZHANG_XIU_WEN,pc_section_valid,199,285,0.6982456140350877
AG/fast/ZHANG_XIU_WEN,section_raw_contour_valid,281,285,0.9859649122807017
AG/fast/ZHANG_XIU_WEN,section_valid,227,285,0.7964912280701755
AG/fast/ZHANG_XIU_WEN,wall_cia_geometry_valid,6448,12862,0.5013217229046805
AG/fast/ZHANG_XIU_WEN,wall_cia_semantic_valid,7505,12862,0.5835017882133416
AG/fast/ZHANG_XIU_WEN,wall_map_area_slope_per_mm_valid,10383,12862,0.8072617011351267
AG/fast/ZHANG_XIU_WEN,wall_map_downstream_min_area_ratio_valid,10125,12862,0.787202612346447
AG/fast/ZHANG_XIU_WEN,wall_map_downstream_min_distance_mm_valid,10125,12862,0.787202612346447
AG/fast/ZHANG_XIU_WEN,wall_map_eccentricity_valid,10383,12862,0.8072617011351267
AG/fast/ZHANG_XIU_WEN,wall_map_pc_area_slope_per_mm_valid,8647,12862,0.672290468045405
AG/fast/ZHANG_XIU_WEN,wall_map_pc_downstream_min_area_ratio_valid,8023,12862,0.6237754626030166
AG/fast/ZHANG_XIU_WEN,wall_map_pc_downstream_min_distance_mm_valid,8023,12862,0.6237754626030166
AG/fast/ZHANG_XIU_WEN,wall_map_pc_eccentricity_valid,8761,12862,0.6811537863473799
AG/fast/ZHANG_XIU_WEN,wall_map_pc_roundness_valid,8761,12862,0.6811537863473799
AG/fast/ZHANG_XIU_WEN,wall_map_pc_upstream_min_area_ratio_valid,7910,12862,0.6149898927071995
AG/fast/ZHANG_XIU_WEN,wall_map_pc_upstream_min_distance_mm_valid,7910,12862,0.6149898927071995
AG/fast/ZHANG_XIU_WEN,wall_map_pc_valid,8761,12862,0.6811537863473799
AG/fast/ZHANG_XIU_WEN,wall_map_roundness_valid,10383,12862,0.8072617011351267
AG/fast/ZHANG_XIU_WEN,wall_map_upstream_min_area_ratio_valid,10040,12862,0.7805939978230446
AG/fast/ZHANG_XIU_WEN,wall_map_upstream_min_distance_mm_valid,10040,12862,0.7805939978230446
AG/fast/ZHANG_XIU_WEN,wall_map_valid,10383,12862,0.8072617011351267
AG/fast/ZHANG_XIU_ZHEN,centerline_audit_core_mask,1166,1202,0.9700499168053245
AG/fast/ZHANG_XIU_ZHEN,centerline_opening_extension_mask,0,1202,0.0
AG/fast/ZHANG_XIU_ZHEN,centerline_original_audit_core_mask,1166,1202,0.9700499168053245
AG/fast/ZHANG_XIU_ZHEN,coverage_pre_shift_valid,256,310,0.8258064516129032
AG/fast/ZHANG_XIU_ZHEN,coverage_recovery_candidate_mask,10,310,0.03225806451612903
AG/fast/ZHANG_XIU_ZHEN,final_probe_profile_valid,247,310,0.7967741935483871
AG/fast/ZHANG_XIU_ZHEN,final_probe_recovered_mask,8,310,0.025806451612903226
AG/fast/ZHANG_XIU_ZHEN,pc_section_raw_contour_valid,222,310,0.7161290322580646
AG/fast/ZHANG_XIU_ZHEN,pc_section_valid,201,310,0.6483870967741936
AG/fast/ZHANG_XIU_ZHEN,section_raw_contour_valid,307,310,0.9903225806451613
AG/fast/ZHANG_XIU_ZHEN,section_valid,245,310,0.7903225806451613
AG/fast/ZHANG_XIU_ZHEN,wall_cia_geometry_valid,8106,17203,0.4711968842643725
AG/fast/ZHANG_XIU_ZHEN,wall_cia_semantic_valid,9460,17203,0.5499040864965413
AG/fast/ZHANG_XIU_ZHEN,wall_map_area_slope_per_mm_valid,13877,17203,0.8066616287856769
AG/fast/ZHANG_XIU_ZHEN,wall_map_downstream_min_area_ratio_valid,13587,17203,0.7898041039353602
AG/fast/ZHANG_XIU_ZHEN,wall_map_downstream_min_distance_mm_valid,13587,17203,0.7898041039353602
AG/fast/ZHANG_XIU_ZHEN,wall_map_eccentricity_valid,13889,17203,0.8073591815381038
AG/fast/ZHANG_XIU_ZHEN,wall_map_pc_area_slope_per_mm_valid,10553,17203,0.613439516363425
AG/fast/ZHANG_XIU_ZHEN,wall_map_pc_downstream_min_area_ratio_valid,9986,17203,0.5804801488112539
AG/fast/ZHANG_XIU_ZHEN,wall_map_pc_downstream_min_distance_mm_valid,9986,17203,0.5804801488112539
AG/fast/ZHANG_XIU_ZHEN,wall_map_pc_eccentricity_valid,10592,17203,0.6157065628088124
AG/fast/ZHANG_XIU_ZHEN,wall_map_pc_roundness_valid,10592,17203,0.6157065628088124
AG/fast/ZHANG_XIU_ZHEN,wall_map_pc_upstream_min_area_ratio_valid,9862,17203,0.5732721037028425
AG/fast/ZHANG_XIU_ZHEN,wall_map_pc_upstream_min_distance_mm_valid,9862,17203,0.5732721037028425
AG/fast/ZHANG_XIU_ZHEN,wall_map_pc_valid,10592,17203,0.6157065628088124
AG/fast/ZHANG_XIU_ZHEN,wall_map_roundness_valid,13889,17203,0.8073591815381038
AG/fast/ZHANG_XIU_ZHEN,wall_map_upstream_min_area_ratio_valid,13449,17203,0.7817822472824507
AG/fast/ZHANG_XIU_ZHEN,wall_map_upstream_min_distance_mm_valid,13449,17203,0.7817822472824507
AG/fast/ZHANG_XIU_ZHEN,wall_map_valid,13889,17203,0.8073591815381038
AG/slow/A_MIN_SE_HA_CHI,centerline_audit_core_mask,1068,1104,0.967391304347826
AG/slow/A_MIN_SE_HA_CHI,centerline_opening_extension_mask,0,1104,0.0
AG/slow/A_MIN_SE_HA_CHI,centerline_original_audit_core_mask,1068,1104,0.967391304347826
AG/slow/A_MIN_SE_HA_CHI,coverage_pre_shift_valid,218,284,0.7676056338028169
AG/slow/A_MIN_SE_HA_CHI,coverage_recovery_candidate_mask,5,284,0.017605633802816902
AG/slow/A_MIN_SE_HA_CHI,final_probe_profile_valid,213,284,0.75
AG/slow/A_MIN_SE_HA_CHI,final_probe_recovered_mask,1,284,0.0035211267605633804
AG/slow/A_MIN_SE_HA_CHI,pc_section_raw_contour_valid,231,284,0.8133802816901409
AG/slow/A_MIN_SE_HA_CHI,pc_section_valid,190,284,0.6690140845070423
AG/slow/A_MIN_SE_HA_CHI,section_raw_contour_valid,283,284,0.9964788732394366
AG/slow/A_MIN_SE_HA_CHI,section_valid,216,284,0.7605633802816901
AG/slow/A_MIN_SE_HA_CHI,wall_cia_geometry_valid,5385,12309,0.4374847672434804
AG/slow/A_MIN_SE_HA_CHI,wall_cia_semantic_valid,6563,12309,0.533187098870745
AG/slow/A_MIN_SE_HA_CHI,wall_map_area_slope_per_mm_valid,9639,12309,0.7830855471606142
AG/slow/A_MIN_SE_HA_CHI,wall_map_downstream_min_area_ratio_valid,9421,12309,0.7653749289138029
AG/slow/A_MIN_SE_HA_CHI,wall_map_downstream_min_distance_mm_valid,9421,12309,0.7653749289138029
AG/slow/A_MIN_SE_HA_CHI,wall_map_eccentricity_valid,9639,12309,0.7830855471606142
AG/slow/A_MIN_SE_HA_CHI,wall_map_pc_area_slope_per_mm_valid,8623,12309,0.7005443171663011
AG/slow/A_MIN_SE_HA_CHI,wall_map_pc_downstream_min_area_ratio_valid,8226,12309,0.6682914940287594
AG/slow/A_MIN_SE_HA_CHI,wall_map_pc_downstream_min_distance_mm_valid,8226,12309,0.6682914940287594
AG/slow/A_MIN_SE_HA_CHI,wall_map_pc_eccentricity_valid,8680,12309,0.7051750751482655
AG/slow/A_MIN_SE_HA_CHI,wall_map_pc_roundness_valid,8680,12309,0.7051750751482655
AG/slow/A_MIN_SE_HA_CHI,wall_map_pc_upstream_min_area_ratio_valid,8124,12309,0.6600048744820862
AG/slow/A_MIN_SE_HA_CHI,wall_map_pc_upstream_min_distance_mm_valid,8124,12309,0.6600048744820862
AG/slow/A_MIN_SE_HA_CHI,wall_map_pc_valid,8680,12309,0.7051750751482655
AG/slow/A_MIN_SE_HA_CHI,wall_map_roundness_valid,9639,12309,0.7830855471606142
AG/slow/A_MIN_SE_HA_CHI,wall_map_upstream_min_area_ratio_valid,9346,12309,0.759281826305955
AG/slow/A_MIN_SE_HA_CHI,wall_map_upstream_min_distance_mm_valid,9346,12309,0.759281826305955
AG/slow/A_MIN_SE_HA_CHI,wall_map_valid,9639,12309,0.7830855471606142
AG/slow/BAI_WEN_JIE,centerline_audit_core_mask,877,913,0.9605695509309967
AG/slow/BAI_WEN_JIE,centerline_opening_extension_mask,0,913,0.0
AG/slow/BAI_WEN_JIE,centerline_original_audit_core_mask,877,913,0.9605695509309967
AG/slow/BAI_WEN_JIE,coverage_pre_shift_valid,173,237,0.729957805907173
AG/slow/BAI_WEN_JIE,coverage_recovery_candidate_mask,6,237,0.02531645569620253
AG/slow/BAI_WEN_JIE,final_probe_profile_valid,167,237,0.7046413502109705
AG/slow/BAI_WEN_JIE,final_probe_recovered_mask,1,237,0.004219409282700422
AG/slow/BAI_WEN_JIE,pc_section_raw_contour_valid,181,237,0.7637130801687764
AG/slow/BAI_WEN_JIE,pc_section_valid,147,237,0.620253164556962
AG/slow/BAI_WEN_JIE,section_raw_contour_valid,237,237,1.0
AG/slow/BAI_WEN_JIE,section_valid,165,237,0.6962025316455697
AG/slow/BAI_WEN_JIE,wall_cia_geometry_valid,5130,10595,0.4841906559697971
AG/slow/BAI_WEN_JIE,wall_cia_semantic_valid,6160,10595,0.581406323737612
AG/slow/BAI_WEN_JIE,wall_map_area_slope_per_mm_valid,7489,10595,0.7068428504011326
AG/slow/BAI_WEN_JIE,wall_map_downstream_min_area_ratio_valid,7244,10595,0.6837187352524776
AG/slow/BAI_WEN_JIE,wall_map_downstream_min_distance_mm_valid,7244,10595,0.6837187352524776
AG/slow/BAI_WEN_JIE,wall_map_eccentricity_valid,7489,10595,0.7068428504011326
AG/slow/BAI_WEN_JIE,wall_map_pc_area_slope_per_mm_valid,6687,10595,0.6311467673430864
AG/slow/BAI_WEN_JIE,wall_map_pc_downstream_min_area_ratio_valid,6372,10595,0.6014157621519585
AG/slow/BAI_WEN_JIE,wall_map_pc_downstream_min_distance_mm_valid,6372,10595,0.6014157621519585
AG/slow/BAI_WEN_JIE,wall_map_pc_eccentricity_valid,6687,10595,0.6311467673430864
AG/slow/BAI_WEN_JIE,wall_map_pc_roundness_valid,6687,10595,0.6311467673430864
AG/slow/BAI_WEN_JIE,wall_map_pc_upstream_min_area_ratio_valid,6264,10595,0.5912222746578575
AG/slow/BAI_WEN_JIE,wall_map_pc_upstream_min_distance_mm_valid,6264,10595,0.5912222746578575
AG/slow/BAI_WEN_JIE,wall_map_pc_valid,6687,10595,0.6311467673430864
AG/slow/BAI_WEN_JIE,wall_map_roundness_valid,7489,10595,0.7068428504011326
AG/slow/BAI_WEN_JIE,wall_map_upstream_min_area_ratio_valid,7155,10595,0.6753185464841907
AG/slow/BAI_WEN_JIE,wall_map_upstream_min_distance_mm_valid,7155,10595,0.6753185464841907
AG/slow/BAI_WEN_JIE,wall_map_valid,7489,10595,0.7068428504011326
AG/slow/CAO_FENG_CHI,centerline_audit_core_mask,936,972,0.9629629629629629
AG/slow/CAO_FENG_CHI,centerline_opening_extension_mask,2,972,0.00205761316872428
AG/slow/CAO_FENG_CHI,centerline_original_audit_core_mask,936,972,0.9629629629629629
AG/slow/CAO_FENG_CHI,coverage_pre_shift_valid,206,251,0.8207171314741036
AG/slow/CAO_FENG_CHI,coverage_recovery_candidate_mask,8,251,0.03187250996015936
AG/slow/CAO_FENG_CHI,final_probe_profile_valid,199,251,0.7928286852589641
AG/slow/CAO_FENG_CHI,final_probe_recovered_mask,3,251,0.01195219123505976
AG/slow/CAO_FENG_CHI,pc_section_raw_contour_valid,215,251,0.8565737051792829
AG/slow/CAO_FENG_CHI,pc_section_valid,192,251,0.7649402390438247
AG/slow/CAO_FENG_CHI,section_raw_contour_valid,249,251,0.9920318725099602
AG/slow/CAO_FENG_CHI,section_valid,200,251,0.796812749003984
AG/slow/CAO_FENG_CHI,wall_cia_geometry_valid,7628,11987,0.6363560523900893
AG/slow/CAO_FENG_CHI,wall_cia_semantic_valid,8385,11987,0.6995078001167931
AG/slow/CAO_FENG_CHI,wall_map_area_slope_per_mm_valid,9902,11987,0.8260615666972554
AG/slow/CAO_FENG_CHI,wall_map_downstream_min_area_ratio_valid,9556,11987,0.7971969633769918
AG/slow/CAO_FENG_CHI,wall_map_downstream_min_distance_mm_valid,9556,11987,0.7971969633769918
AG/slow/CAO_FENG_CHI,wall_map_eccentricity_valid,9902,11987,0.8260615666972554
AG/slow/CAO_FENG_CHI,wall_map_pc_area_slope_per_mm_valid,9259,11987,0.7724201217986152
AG/slow/CAO_FENG_CHI,wall_map_pc_downstream_min_area_ratio_valid,8768,11987,0.7314590806707266
AG/slow/CAO_FENG_CHI,wall_map_pc_downstream_min_distance_mm_valid,8768,11987,0.7314590806707266
AG/slow/CAO_FENG_CHI,wall_map_pc_eccentricity_valid,9339,11987,0.7790940185200634
AG/slow/CAO_FENG_CHI,wall_map_pc_roundness_valid,9339,11987,0.7790940185200634
AG/slow/CAO_FENG_CHI,wall_map_pc_upstream_min_area_ratio_valid,8660,11987,0.7224493200967715
AG/slow/CAO_FENG_CHI,wall_map_pc_upstream_min_distance_mm_valid,8660,11987,0.7224493200967715
AG/slow/CAO_FENG_CHI,wall_map_pc_valid,9339,11987,0.7790940185200634
AG/slow/CAO_FENG_CHI,wall_map_roundness_valid,9902,11987,0.8260615666972554
AG/slow/CAO_FENG_CHI,wall_map_upstream_min_area_ratio_valid,9489,11987,0.7916075748727789
AG/slow/CAO_FENG_CHI,wall_map_upstream_min_distance_mm_valid,9489,11987,0.7916075748727789
AG/slow/CAO_FENG_CHI,wall_map_valid,9902,11987,0.8260615666972554
AG/slow/CHENG_GUANG_SEN,centerline_audit_core_mask,941,977,0.9631525076765609
AG/slow/CHENG_GUANG_SEN,centerline_opening_extension_mask,5,977,0.00511770726714432
AG/slow/CHENG_GUANG_SEN,centerline_original_audit_core_mask,941,977,0.9631525076765609
AG/slow/CHENG_GUANG_SEN,coverage_pre_shift_valid,210,252,0.8333333333333334
AG/slow/CHENG_GUANG_SEN,coverage_recovery_candidate_mask,4,252,0.015873015873015872
AG/slow/CHENG_GUANG_SEN,final_probe_profile_valid,206,252,0.8174603174603174
AG/slow/CHENG_GUANG_SEN,final_probe_recovered_mask,3,252,0.011904761904761904
AG/slow/CHENG_GUANG_SEN,pc_section_raw_contour_valid,220,252,0.873015873015873
AG/slow/CHENG_GUANG_SEN,pc_section_valid,195,252,0.7738095238095238
AG/slow/CHENG_GUANG_SEN,section_raw_contour_valid,248,252,0.9841269841269841
AG/slow/CHENG_GUANG_SEN,section_valid,206,252,0.8174603174603174
AG/slow/CHENG_GUANG_SEN,wall_cia_geometry_valid,5602,10923,0.5128627666392017
AG/slow/CHENG_GUANG_SEN,wall_cia_semantic_valid,6315,10923,0.5781378742103818
AG/slow/CHENG_GUANG_SEN,wall_map_area_slope_per_mm_valid,9129,10923,0.8357594067563856
AG/slow/CHENG_GUANG_SEN,wall_map_downstream_min_area_ratio_valid,8854,10923,0.8105831731209374
AG/slow/CHENG_GUANG_SEN,wall_map_downstream_min_distance_mm_valid,8854,10923,0.8105831731209374
AG/slow/CHENG_GUANG_SEN,wall_map_eccentricity_valid,9129,10923,0.8357594067563856
AG/slow/CHENG_GUANG_SEN,wall_map_pc_area_slope_per_mm_valid,8353,10923,0.7647166529341756
AG/slow/CHENG_GUANG_SEN,wall_map_pc_downstream_min_area_ratio_valid,7801,10923,0.7141810857822942
AG/slow/CHENG_GUANG_SEN,wall_map_pc_downstream_min_distance_mm_valid,7801,10923,0.7141810857822942
AG/slow/CHENG_GUANG_SEN,wall_map_pc_eccentricity_valid,8353,10923,0.7647166529341756
AG/slow/CHENG_GUANG_SEN,wall_map_pc_roundness_valid,8353,10923,0.7647166529341756
AG/slow/CHENG_GUANG_SEN,wall_map_pc_upstream_min_area_ratio_valid,7747,10923,0.7092373889956971
AG/slow/CHENG_GUANG_SEN,wall_map_pc_upstream_min_distance_mm_valid,7747,10923,0.7092373889956971
AG/slow/CHENG_GUANG_SEN,wall_map_pc_valid,8353,10923,0.7647166529341756
AG/slow/CHENG_GUANG_SEN,wall_map_roundness_valid,9129,10923,0.8357594067563856
AG/slow/CHENG_GUANG_SEN,wall_map_upstream_min_area_ratio_valid,8809,10923,0.8064634257987733
AG/slow/CHENG_GUANG_SEN,wall_map_upstream_min_distance_mm_valid,8809,10923,0.8064634257987733
AG/slow/CHENG_GUANG_SEN,wall_map_valid,9129,10923,0.8357594067563856
AG/slow/CHENG_LU_LI,centerline_audit_core_mask,980,1016,0.9645669291338582
AG/slow/CHENG_LU_LI,centerline_opening_extension_mask,0,1016,0.0
AG/slow/CHENG_LU_LI,centerline_original_audit_core_mask,980,1016,0.9645669291338582
AG/slow/CHENG_LU_LI,coverage_pre_shift_valid,213,261,0.8160919540229885
AG/slow/CHENG_LU_LI,coverage_recovery_candidate_mask,6,261,0.022988505747126436
AG/slow/CHENG_LU_LI,final_probe_profile_valid,207,261,0.7931034482758621
AG/slow/CHENG_LU_LI,final_probe_recovered_mask,3,261,0.011494252873563218
AG/slow/CHENG_LU_LI,pc_section_raw_contour_valid,225,261,0.8620689655172413
AG/slow/CHENG_LU_LI,pc_section_valid,188,261,0.7203065134099617
AG/slow/CHENG_LU_LI,section_raw_contour_valid,257,261,0.9846743295019157
AG/slow/CHENG_LU_LI,section_valid,208,261,0.7969348659003831
AG/slow/CHENG_LU_LI,wall_cia_geometry_valid,5249,11078,0.4738219895287958
AG/slow/CHENG_LU_LI,wall_cia_semantic_valid,5973,11078,0.5391767467051815
AG/slow/CHENG_LU_LI,wall_map_area_slope_per_mm_valid,8919,11078,0.8051092254919661
AG/slow/CHENG_LU_LI,wall_map_downstream_min_area_ratio_valid,8678,11078,0.7833543961003792
AG/slow/CHENG_LU_LI,wall_map_downstream_min_distance_mm_valid,8678,11078,0.7833543961003792
AG/slow/CHENG_LU_LI,wall_map_eccentricity_valid,8968,11078,0.8095324065715833
AG/slow/CHENG_LU_LI,wall_map_pc_area_slope_per_mm_valid,7808,11078,0.7048203646867666
AG/slow/CHENG_LU_LI,wall_map_pc_downstream_min_area_ratio_valid,7246,11078,0.6540891857736053
AG/slow/CHENG_LU_LI,wall_map_pc_downstream_min_distance_mm_valid,7246,11078,0.6540891857736053
AG/slow/CHENG_LU_LI,wall_map_pc_eccentricity_valid,7857,11078,0.7092435457663838
AG/slow/CHENG_LU_LI,wall_map_pc_roundness_valid,7857,11078,0.7092435457663838
AG/slow/CHENG_LU_LI,wall_map_pc_upstream_min_area_ratio_valid,7177,11078,0.6478606246614912
AG/slow/CHENG_LU_LI,wall_map_pc_upstream_min_distance_mm_valid,7177,11078,0.6478606246614912
AG/slow/CHENG_LU_LI,wall_map_pc_valid,7857,11078,0.7092435457663838
AG/slow/CHENG_LU_LI,wall_map_roundness_valid,8968,11078,0.8095324065715833
AG/slow/CHENG_LU_LI,wall_map_upstream_min_area_ratio_valid,8639,11078,0.7798339050370103
AG/slow/CHENG_LU_LI,wall_map_upstream_min_distance_mm_valid,8639,11078,0.7798339050370103
AG/slow/CHENG_LU_LI,wall_map_valid,8968,11078,0.8095324065715833
AG/slow/CHEN_JING_RU,centerline_audit_core_mask,1168,1204,0.9700996677740864
AG/slow/CHEN_JING_RU,centerline_opening_extension_mask,2,1204,0.0016611295681063123
AG/slow/CHEN_JING_RU,centerline_original_audit_core_mask,1168,1204,0.9700996677740864
AG/slow/CHEN_JING_RU,coverage_pre_shift_valid,252,308,0.8181818181818182
AG/slow/CHEN_JING_RU,coverage_recovery_candidate_mask,9,308,0.02922077922077922
AG/slow/CHEN_JING_RU,final_probe_profile_valid,245,308,0.7954545454545454
AG/slow/CHEN_JING_RU,final_probe_recovered_mask,2,308,0.006493506493506494
AG/slow/CHEN_JING_RU,pc_section_raw_contour_valid,261,308,0.8474025974025974
AG/slow/CHEN_JING_RU,pc_section_valid,202,308,0.6558441558441559
AG/slow/CHEN_JING_RU,section_raw_contour_valid,304,308,0.987012987012987
AG/slow/CHEN_JING_RU,section_valid,243,308,0.788961038961039
AG/slow/CHEN_JING_RU,wall_cia_geometry_valid,7487,12477,0.6000641179770778
AG/slow/CHEN_JING_RU,wall_cia_semantic_valid,8529,12477,0.6835777831209425
AG/slow/CHEN_JING_RU,wall_map_area_slope_per_mm_valid,9885,12477,0.7922577542678528
AG/slow/CHEN_JING_RU,wall_map_downstream_min_area_ratio_valid,9667,12477,0.774785605514146
AG/slow/CHEN_JING_RU,wall_map_downstream_min_distance_mm_valid,9667,12477,0.774785605514146
AG/slow/CHEN_JING_RU,wall_map_eccentricity_valid,9885,12477,0.7922577542678528
AG/slow/CHEN_JING_RU,wall_map_pc_area_slope_per_mm_valid,7974,12477,0.6390959365232027
AG/slow/CHEN_JING_RU,wall_map_pc_downstream_min_area_ratio_valid,7543,12477,0.6045523763725255
AG/slow/CHEN_JING_RU,wall_map_pc_downstream_min_distance_mm_valid,7543,12477,0.6045523763725255
AG/slow/CHEN_JING_RU,wall_map_pc_eccentricity_valid,8146,12477,0.6528813015949346
AG/slow/CHEN_JING_RU,wall_map_pc_roundness_valid,8146,12477,0.6528813015949346
AG/slow/CHEN_JING_RU,wall_map_pc_upstream_min_area_ratio_valid,7475,12477,0.5991023483209105
AG/slow/CHEN_JING_RU,wall_map_pc_upstream_min_distance_mm_valid,7475,12477,0.5991023483209105
AG/slow/CHEN_JING_RU,wall_map_pc_valid,8146,12477,0.6528813015949346
AG/slow/CHEN_JING_RU,wall_map_roundness_valid,9885,12477,0.7922577542678528
AG/slow/CHEN_JING_RU,wall_map_upstream_min_area_ratio_valid,9553,12477,0.7656487937805562
AG/slow/CHEN_JING_RU,wall_map_upstream_min_distance_mm_valid,9553,12477,0.7656487937805562
AG/slow/CHEN_JING_RU,wall_map_valid,9885,12477,0.7922577542678528
AG/slow/DING_LIAN_ZHONG,centerline_audit_core_mask,1001,1037,0.9652844744455159
AG/slow/DING_LIAN_ZHONG,centerline_opening_extension_mask,0,1037,0.0
AG/slow/DING_LIAN_ZHONG,centerline_original_audit_core_mask,1001,1037,0.9652844744455159
AG/slow/DING_LIAN_ZHONG,coverage_pre_shift_valid,216,267,0.8089887640449438
AG/slow/DING_LIAN_ZHONG,coverage_recovery_candidate_mask,5,267,0.018726591760299626
AG/slow/DING_LIAN_ZHONG,final_probe_profile_valid,211,267,0.7902621722846442
AG/slow/DING_LIAN_ZHONG,final_probe_recovered_mask,2,267,0.00749063670411985
AG/slow/DING_LIAN_ZHONG,pc_section_raw_contour_valid,226,267,0.846441947565543
AG/slow/DING_LIAN_ZHONG,pc_section_valid,186,267,0.6966292134831461
AG/slow/DING_LIAN_ZHONG,section_raw_contour_valid,264,267,0.9887640449438202
AG/slow/DING_LIAN_ZHONG,section_valid,212,267,0.7940074906367042
AG/slow/DING_LIAN_ZHONG,wall_cia_geometry_valid,5769,10958,0.5264646833363753
AG/slow/DING_LIAN_ZHONG,wall_cia_semantic_valid,6652,10958,0.6070450812192005
AG/slow/DING_LIAN_ZHONG,wall_map_area_slope_per_mm_valid,8862,10958,0.8087242197481292
AG/slow/DING_LIAN_ZHONG,wall_map_downstream_min_area_ratio_valid,8627,10958,0.7872787004927907
AG/slow/DING_LIAN_ZHONG,wall_map_downstream_min_distance_mm_valid,8627,10958,0.7872787004927907
AG/slow/DING_LIAN_ZHONG,wall_map_eccentricity_valid,8862,10958,0.8087242197481292
AG/slow/DING_LIAN_ZHONG,wall_map_pc_area_slope_per_mm_valid,7474,10958,0.6820587698485125
AG/slow/DING_LIAN_ZHONG,wall_map_pc_downstream_min_area_ratio_valid,7064,10958,0.6446431830626027
AG/slow/DING_LIAN_ZHONG,wall_map_pc_downstream_min_distance_mm_valid,7064,10958,0.6446431830626027
AG/slow/DING_LIAN_ZHONG,wall_map_pc_eccentricity_valid,7567,10958,0.6905457200219018
AG/slow/DING_LIAN_ZHONG,wall_map_pc_roundness_valid,7567,10958,0.6905457200219018
AG/slow/DING_LIAN_ZHONG,wall_map_pc_upstream_min_area_ratio_valid,6996,10958,0.6384376711078664
AG/slow/DING_LIAN_ZHONG,wall_map_pc_upstream_min_distance_mm_valid,6996,10958,0.6384376711078664
AG/slow/DING_LIAN_ZHONG,wall_map_pc_valid,7567,10958,0.6905457200219018
AG/slow/DING_LIAN_ZHONG,wall_map_roundness_valid,8862,10958,0.8087242197481292
AG/slow/DING_LIAN_ZHONG,wall_map_upstream_min_area_ratio_valid,8560,10958,0.7811644460668005
AG/slow/DING_LIAN_ZHONG,wall_map_upstream_min_distance_mm_valid,8560,10958,0.7811644460668005
AG/slow/DING_LIAN_ZHONG,wall_map_valid,8862,10958,0.8087242197481292
AG/slow/GONG_HUI_XIA,centerline_audit_core_mask,1071,1107,0.967479674796748
AG/slow/GONG_HUI_XIA,centerline_opening_extension_mask,2,1107,0.0018066847335140017
AG/slow/GONG_HUI_XIA,centerline_original_audit_core_mask,1071,1107,0.967479674796748
AG/slow/GONG_HUI_XIA,coverage_pre_shift_valid,232,285,0.8140350877192982
AG/slow/GONG_HUI_XIA,coverage_recovery_candidate_mask,5,285,0.017543859649122806
AG/slow/GONG_HUI_XIA,final_probe_profile_valid,227,285,0.7964912280701755
AG/slow/GONG_HUI_XIA,final_probe_recovered_mask,5,285,0.017543859649122806
AG/slow/GONG_HUI_XIA,pc_section_raw_contour_valid,245,285,0.8596491228070176
AG/slow/GONG_HUI_XIA,pc_section_valid,213,285,0.7473684210526316
AG/slow/GONG_HUI_XIA,section_raw_contour_valid,282,285,0.9894736842105263
AG/slow/GONG_HUI_XIA,section_valid,230,285,0.8070175438596491
AG/slow/GONG_HUI_XIA,wall_cia_geometry_valid,7344,12801,0.5737051792828686
AG/slow/GONG_HUI_XIA,wall_cia_semantic_valid,8450,12801,0.660104679321928
AG/slow/GONG_HUI_XIA,wall_map_area_slope_per_mm_valid,10593,12801,0.8275134755097258
AG/slow/GONG_HUI_XIA,wall_map_downstream_min_area_ratio_valid,10359,12801,0.8092336536208109
AG/slow/GONG_HUI_XIA,wall_map_downstream_min_distance_mm_valid,10359,12801,0.8092336536208109
AG/slow/GONG_HUI_XIA,wall_map_eccentricity_valid,10593,12801,0.8275134755097258
AG/slow/GONG_HUI_XIA,wall_map_pc_area_slope_per_mm_valid,9227,12801,0.7208030622607609
AG/slow/GONG_HUI_XIA,wall_map_pc_downstream_min_area_ratio_valid,8650,12801,0.675728458714163
AG/slow/GONG_HUI_XIA,wall_map_pc_downstream_min_distance_mm_valid,8650,12801,0.675728458714163
AG/slow/GONG_HUI_XIA,wall_map_pc_eccentricity_valid,9385,12801,0.7331458479806265
AG/slow/GONG_HUI_XIA,wall_map_pc_roundness_valid,9385,12801,0.7331458479806265
AG/slow/GONG_HUI_XIA,wall_map_pc_upstream_min_area_ratio_valid,8570,12801,0.669478946957269
AG/slow/GONG_HUI_XIA,wall_map_pc_upstream_min_distance_mm_valid,8570,12801,0.669478946957269
AG/slow/GONG_HUI_XIA,wall_map_pc_valid,9385,12801,0.7331458479806265
AG/slow/GONG_HUI_XIA,wall_map_roundness_valid,10593,12801,0.8275134755097258
AG/slow/GONG_HUI_XIA,wall_map_upstream_min_area_ratio_valid,10279,12801,0.8029841418639169
AG/slow/GONG_HUI_XIA,wall_map_upstream_min_distance_mm_valid,10279,12801,0.8029841418639169
AG/slow/GONG_HUI_XIA,wall_map_valid,10593,12801,0.8275134755097258
AG/slow/GUAN_TONG_XIANG,centerline_audit_core_mask,1231,1267,0.9715864246250987
AG/slow/GUAN_TONG_XIANG,centerline_opening_extension_mask,0,1267,0.0
AG/slow/GUAN_TONG_XIANG,centerline_original_audit_core_mask,1231,1267,0.9715864246250987
AG/slow/GUAN_TONG_XIANG,coverage_pre_shift_valid,251,326,0.7699386503067485
AG/slow/GUAN_TONG_XIANG,coverage_recovery_candidate_mask,12,326,0.03680981595092025
AG/slow/GUAN_TONG_XIANG,final_probe_profile_valid,241,326,0.7392638036809815
AG/slow/GUAN_TONG_XIANG,final_probe_recovered_mask,2,326,0.006134969325153374
AG/slow/GUAN_TONG_XIANG,pc_section_raw_contour_valid,255,326,0.7822085889570553
AG/slow/GUAN_TONG_XIANG,pc_section_valid,202,326,0.6196319018404908
AG/slow/GUAN_TONG_XIANG,section_raw_contour_valid,325,326,0.9969325153374233
AG/slow/GUAN_TONG_XIANG,section_valid,244,326,0.7484662576687117
AG/slow/GUAN_TONG_XIANG,wall_cia_geometry_valid,6642,12652,0.5249762883338602
AG/slow/GUAN_TONG_XIANG,wall_cia_semantic_valid,8030,12652,0.6346822636737275
AG/slow/GUAN_TONG_XIANG,wall_map_area_slope_per_mm_valid,9289,12652,0.7341922225735061
AG/slow/GUAN_TONG_XIANG,wall_map_downstream_min_area_ratio_valid,9068,12652,0.7167246285172305
AG/slow/GUAN_TONG_XIANG,wall_map_downstream_min_distance_mm_valid,9068,12652,0.7167246285172305
AG/slow/GUAN_TONG_XIANG,wall_map_eccentricity_valid,9348,12652,0.7388555169143218
AG/slow/GUAN_TONG_XIANG,wall_map_pc_area_slope_per_mm_valid,6655,12652,0.5260037938665824
AG/slow/GUAN_TONG_XIANG,wall_map_pc_downstream_min_area_ratio_valid,5885,12652,0.4651438507745811
AG/slow/GUAN_TONG_XIANG,wall_map_pc_downstream_min_distance_mm_valid,5885,12652,0.4651438507745811
AG/slow/GUAN_TONG_XIANG,wall_map_pc_eccentricity_valid,6929,12652,0.547660448940879
AG/slow/GUAN_TONG_XIANG,wall_map_pc_roundness_valid,6929,12652,0.547660448940879
AG/slow/GUAN_TONG_XIANG,wall_map_pc_upstream_min_area_ratio_valid,5755,12652,0.4548687954473601
AG/slow/GUAN_TONG_XIANG,wall_map_pc_upstream_min_distance_mm_valid,5755,12652,0.4548687954473601
AG/slow/GUAN_TONG_XIANG,wall_map_pc_valid,6929,12652,0.547660448940879
AG/slow/GUAN_TONG_XIANG,wall_map_roundness_valid,9348,12652,0.7388555169143218
AG/slow/GUAN_TONG_XIANG,wall_map_upstream_min_area_ratio_valid,8903,12652,0.7036832121403731
AG/slow/GUAN_TONG_XIANG,wall_map_upstream_min_distance_mm_valid,8903,12652,0.7036832121403731
AG/slow/GUAN_TONG_XIANG,wall_map_valid,9348,12652,0.7388555169143218
AG/slow/GUO_XI_JIANG,centerline_audit_core_mask,1008,1044,0.9655172413793104
AG/slow/GUO_XI_JIANG,centerline_opening_extension_mask,1,1044,0.0009578544061302681
AG/slow/GUO_XI_JIANG,centerline_original_audit_core_mask,1008,1044,0.9655172413793104
AG/slow/GUO_XI_JIANG,coverage_pre_shift_valid,219,268,0.8171641791044776
AG/slow/GUO_XI_JIANG,coverage_recovery_candidate_mask,3,268,0.011194029850746268
AG/slow/GUO_XI_JIANG,final_probe_profile_valid,216,268,0.8059701492537313
AG/slow/GUO_XI_JIANG,final_probe_recovered_mask,1,268,0.0037313432835820895
AG/slow/GUO_XI_JIANG,pc_section_raw_contour_valid,234,268,0.8731343283582089
AG/slow/GUO_XI_JIANG,pc_section_valid,179,268,0.667910447761194
AG/slow/GUO_XI_JIANG,section_raw_contour_valid,267,268,0.996268656716418
AG/slow/GUO_XI_JIANG,section_valid,219,268,0.8171641791044776
AG/slow/GUO_XI_JIANG,wall_cia_geometry_valid,5414,10236,0.5289175459163736
AG/slow/GUO_XI_JIANG,wall_cia_semantic_valid,6086,10236,0.594568190699492
AG/slow/GUO_XI_JIANG,wall_map_area_slope_per_mm_valid,8403,10236,0.820926143024619
AG/slow/GUO_XI_JIANG,wall_map_downstream_min_area_ratio_valid,8176,10236,0.7987495115279406
AG/slow/GUO_XI_JIANG,wall_map_downstream_min_distance_mm_valid,8176,10236,0.7987495115279406
AG/slow/GUO_XI_JIANG,wall_map_eccentricity_valid,8403,10236,0.820926143024619
AG/slow/GUO_XI_JIANG,wall_map_pc_area_slope_per_mm_valid,5983,10236,0.5845056662758891
AG/slow/GUO_XI_JIANG,wall_map_pc_downstream_min_area_ratio_valid,5221,10236,0.510062524423603
AG/slow/GUO_XI_JIANG,wall_map_pc_downstream_min_distance_mm_valid,5221,10236,0.510062524423603
AG/slow/GUO_XI_JIANG,wall_map_pc_eccentricity_valid,6096,10236,0.5955451348182884
AG/slow/GUO_XI_JIANG,wall_map_pc_roundness_valid,6096,10236,0.5955451348182884
AG/slow/GUO_XI_JIANG,wall_map_pc_upstream_min_area_ratio_valid,5156,10236,0.5037123876514263
AG/slow/GUO_XI_JIANG,wall_map_pc_upstream_min_distance_mm_valid,5156,10236,0.5037123876514263
AG/slow/GUO_XI_JIANG,wall_map_pc_valid,6096,10236,0.5955451348182884
AG/slow/GUO_XI_JIANG,wall_map_roundness_valid,8403,10236,0.820926143024619
AG/slow/GUO_XI_JIANG,wall_map_upstream_min_area_ratio_valid,8102,10236,0.7915201250488472
AG/slow/GUO_XI_JIANG,wall_map_upstream_min_distance_mm_valid,8102,10236,0.7915201250488472
AG/slow/GUO_XI_JIANG,wall_map_valid,8403,10236,0.820926143024619
AG/slow/HE_SHU_ZHEN,centerline_audit_core_mask,923,962,0.9594594594594594
AG/slow/HE_SHU_ZHEN,centerline_opening_extension_mask,9,962,0.009355509355509356
AG/slow/HE_SHU_ZHEN,centerline_original_audit_core_mask,926,962,0.9625779625779626
AG/slow/HE_SHU_ZHEN,coverage_pre_shift_valid,174,248,0.7016129032258065
AG/slow/HE_SHU_ZHEN,coverage_recovery_candidate_mask,4,248,0.016129032258064516
AG/slow/HE_SHU_ZHEN,final_probe_profile_valid,170,248,0.6854838709677419
AG/slow/HE_SHU_ZHEN,final_probe_recovered_mask,2,248,0.008064516129032258
AG/slow/HE_SHU_ZHEN,pc_section_raw_contour_valid,187,248,0.7540322580645161
AG/slow/HE_SHU_ZHEN,pc_section_valid,154,248,0.6209677419354839
AG/slow/HE_SHU_ZHEN,section_raw_contour_valid,243,248,0.9798387096774194
AG/slow/HE_SHU_ZHEN,section_valid,168,248,0.6774193548387096
AG/slow/HE_SHU_ZHEN,wall_cia_geometry_valid,5305,10244,0.5178641155798516
AG/slow/HE_SHU_ZHEN,wall_cia_semantic_valid,6242,10244,0.6093322920734088
AG/slow/HE_SHU_ZHEN,wall_map_area_slope_per_mm_valid,7418,10244,0.724131198750488
AG/slow/HE_SHU_ZHEN,wall_map_downstream_min_area_ratio_valid,7157,10244,0.698652869972667
AG/slow/HE_SHU_ZHEN,wall_map_downstream_min_distance_mm_valid,7157,10244,0.698652869972667
AG/slow/HE_SHU_ZHEN,wall_map_eccentricity_valid,7418,10244,0.724131198750488
AG/slow/HE_SHU_ZHEN,wall_map_pc_area_slope_per_mm_valid,6595,10244,0.6437914877001172
AG/slow/HE_SHU_ZHEN,wall_map_pc_downstream_min_area_ratio_valid,6086,10244,0.5941038656774698
AG/slow/HE_SHU_ZHEN,wall_map_pc_downstream_min_distance_mm_valid,6086,10244,0.5941038656774698
AG/slow/HE_SHU_ZHEN,wall_map_pc_eccentricity_valid,6636,10244,0.6477938305349473
AG/slow/HE_SHU_ZHEN,wall_map_pc_roundness_valid,6636,10244,0.6477938305349473
AG/slow/HE_SHU_ZHEN,wall_map_pc_upstream_min_area_ratio_valid,6030,10244,0.5886372510737993
AG/slow/HE_SHU_ZHEN,wall_map_pc_upstream_min_distance_mm_valid,6030,10244,0.5886372510737993
AG/slow/HE_SHU_ZHEN,wall_map_pc_valid,6636,10244,0.6477938305349473
AG/slow/HE_SHU_ZHEN,wall_map_roundness_valid,7418,10244,0.724131198750488
AG/slow/HE_SHU_ZHEN,wall_map_upstream_min_area_ratio_valid,7124,10244,0.6954314720812182
AG/slow/HE_SHU_ZHEN,wall_map_upstream_min_distance_mm_valid,7124,10244,0.6954314720812182
AG/slow/HE_SHU_ZHEN,wall_map_valid,7418,10244,0.724131198750488
AG/slow/KANG_XI_MING,centerline_audit_core_mask,953,989,0.9635995955510617
AG/slow/KANG_XI_MING,centerline_opening_extension_mask,0,989,0.0
AG/slow/KANG_XI_MING,centerline_original_audit_core_mask,953,989,0.9635995955510617
AG/slow/KANG_XI_MING,coverage_pre_shift_valid,209,255,0.8196078431372549
AG/slow/KANG_XI_MING,coverage_recovery_candidate_mask,10,255,0.0392156862745098
AG/slow/KANG_XI_MING,final_probe_profile_valid,199,255,0.7803921568627451
AG/slow/KANG_XI_MING,final_probe_recovered_mask,1,255,0.00392156862745098
AG/slow/KANG_XI_MING,pc_section_raw_contour_valid,210,255,0.8235294117647058
AG/slow/KANG_XI_MING,pc_section_valid,182,255,0.7137254901960784
AG/slow/KANG_XI_MING,section_raw_contour_valid,251,255,0.984313725490196
AG/slow/KANG_XI_MING,section_valid,202,255,0.792156862745098
AG/slow/KANG_XI_MING,wall_cia_geometry_valid,7586,11379,0.6666666666666666
AG/slow/KANG_XI_MING,wall_cia_semantic_valid,8471,11379,0.7444415150716231
AG/slow/KANG_XI_MING,wall_map_area_slope_per_mm_valid,9079,11379,0.7978732753317515
AG/slow/KANG_XI_MING,wall_map_downstream_min_area_ratio_valid,8724,11379,0.7666754547851306
AG/slow/KANG_XI_MING,wall_map_downstream_min_distance_mm_valid,8724,11379,0.7666754547851306
AG/slow/KANG_XI_MING,wall_map_eccentricity_valid,9079,11379,0.7978732753317515
AG/slow/KANG_XI_MING,wall_map_pc_area_slope_per_mm_valid,7747,11379,0.680815537393444
AG/slow/KANG_XI_MING,wall_map_pc_downstream_min_area_ratio_valid,7111,11379,0.6249231039634414
AG/slow/KANG_XI_MING,wall_map_pc_downstream_min_distance_mm_valid,7111,11379,0.6249231039634414
AG/slow/KANG_XI_MING,wall_map_pc_eccentricity_valid,7848,11379,0.6896915370419193
AG/slow/KANG_XI_MING,wall_map_pc_roundness_valid,7848,11379,0.6896915370419193
AG/slow/KANG_XI_MING,wall_map_pc_upstream_min_area_ratio_valid,6998,11379,0.6149925300993058
AG/slow/KANG_XI_MING,wall_map_pc_upstream_min_distance_mm_valid,6998,11379,0.6149925300993058
AG/slow/KANG_XI_MING,wall_map_pc_valid,7848,11379,0.6896915370419193
AG/slow/KANG_XI_MING,wall_map_roundness_valid,9079,11379,0.7978732753317515
AG/slow/KANG_XI_MING,wall_map_upstream_min_area_ratio_valid,8649,11379,0.7600843659372528
AG/slow/KANG_XI_MING,wall_map_upstream_min_distance_mm_valid,8649,11379,0.7600843659372528
AG/slow/KANG_XI_MING,wall_map_valid,9079,11379,0.7978732753317515
AG/slow/LIU_FA_CHUN,centerline_audit_core_mask,1013,1049,0.9656816015252622
AG/slow/LIU_FA_CHUN,centerline_opening_extension_mask,0,1049,0.0
AG/slow/LIU_FA_CHUN,centerline_original_audit_core_mask,1013,1049,0.9656816015252622
AG/slow/LIU_FA_CHUN,coverage_pre_shift_valid,191,271,0.7047970479704797
AG/slow/LIU_FA_CHUN,coverage_recovery_candidate_mask,6,271,0.02214022140221402
AG/slow/LIU_FA_CHUN,final_probe_profile_valid,185,271,0.6826568265682657
AG/slow/LIU_FA_CHUN,final_probe_recovered_mask,1,271,0.0036900369003690036
AG/slow/LIU_FA_CHUN,pc_section_raw_contour_valid,204,271,0.7527675276752768
AG/slow/LIU_FA_CHUN,pc_section_valid,168,271,0.6199261992619927
AG/slow/LIU_FA_CHUN,section_raw_contour_valid,268,271,0.988929889298893
AG/slow/LIU_FA_CHUN,section_valid,189,271,0.6974169741697417
AG/slow/LIU_FA_CHUN,wall_cia_geometry_valid,7738,11399,0.6788314764453022
AG/slow/LIU_FA_CHUN,wall_cia_semantic_valid,8794,11399,0.7714711816826038
AG/slow/LIU_FA_CHUN,wall_map_area_slope_per_mm_valid,8586,11399,0.7532239670146504
AG/slow/LIU_FA_CHUN,wall_map_downstream_min_area_ratio_valid,8288,11399,0.7270813229230634
AG/slow/LIU_FA_CHUN,wall_map_downstream_min_distance_mm_valid,8288,11399,0.7270813229230634
AG/slow/LIU_FA_CHUN,wall_map_eccentricity_valid,8586,11399,0.7532239670146504
AG/slow/LIU_FA_CHUN,wall_map_pc_area_slope_per_mm_valid,7170,11399,0.6290025440828143
AG/slow/LIU_FA_CHUN,wall_map_pc_downstream_min_area_ratio_valid,6426,11399,0.5637336608474428
AG/slow/LIU_FA_CHUN,wall_map_pc_downstream_min_distance_mm_valid,6426,11399,0.5637336608474428
AG/slow/LIU_FA_CHUN,wall_map_pc_eccentricity_valid,7229,11399,0.6341784367049741
AG/slow/LIU_FA_CHUN,wall_map_pc_roundness_valid,7229,11399,0.6341784367049741
AG/slow/LIU_FA_CHUN,wall_map_pc_upstream_min_area_ratio_valid,6397,11399,0.5611895780331608
AG/slow/LIU_FA_CHUN,wall_map_pc_upstream_min_distance_mm_valid,6397,11399,0.5611895780331608
AG/slow/LIU_FA_CHUN,wall_map_pc_valid,7229,11399,0.6341784367049741
AG/slow/LIU_FA_CHUN,wall_map_roundness_valid,8586,11399,0.7532239670146504
AG/slow/LIU_FA_CHUN,wall_map_upstream_min_area_ratio_valid,8184,11399,0.7179577155890867
AG/slow/LIU_FA_CHUN,wall_map_upstream_min_distance_mm_valid,8184,11399,0.7179577155890867
AG/slow/LIU_FA_CHUN,wall_map_valid,8586,11399,0.7532239670146504
AG/slow/LIU_FENG,centerline_audit_core_mask,1108,1147,0.9659982563208369
AG/slow/LIU_FENG,centerline_opening_extension_mask,12,1147,0.010462074978204011
AG/slow/LIU_FENG,centerline_original_audit_core_mask,1111,1147,0.9686137750653879
AG/slow/LIU_FENG,coverage_pre_shift_valid,220,296,0.7432432432432432
AG/slow/LIU_FENG,coverage_recovery_candidate_mask,5,296,0.016891891891891893
AG/slow/LIU_FENG,final_probe_profile_valid,215,296,0.7263513513513513
AG/slow/LIU_FENG,final_probe_recovered_mask,2,296,0.006756756756756757
AG/slow/LIU_FENG,pc_section_raw_contour_valid,227,296,0.7668918918918919
AG/slow/LIU_FENG,pc_section_valid,191,296,0.6452702702702703
AG/slow/LIU_FENG,section_raw_contour_valid,289,296,0.9763513513513513
AG/slow/LIU_FENG,section_valid,216,296,0.7297297297297297
AG/slow/LIU_FENG,wall_cia_geometry_valid,8422,13591,0.6196747847840482
AG/slow/LIU_FENG,wall_cia_semantic_valid,9791,13591,0.7204032080052977
AG/slow/LIU_FENG,wall_map_area_slope_per_mm_valid,10306,13591,0.7582959311308954
AG/slow/LIU_FENG,wall_map_downstream_min_area_ratio_valid,9990,13591,0.7350452505334413
AG/slow/LIU_FENG,wall_map_downstream_min_distance_mm_valid,9990,13591,0.7350452505334413
AG/slow/LIU_FENG,wall_map_eccentricity_valid,10306,13591,0.7582959311308954
AG/slow/LIU_FENG,wall_map_pc_area_slope_per_mm_valid,8807,13591,0.648002354499301
AG/slow/LIU_FENG,wall_map_pc_downstream_min_area_ratio_valid,8172,13591,0.6012802589949231
AG/slow/LIU_FENG,wall_map_pc_downstream_min_distance_mm_valid,8172,13591,0.6012802589949231
AG/slow/LIU_FENG,wall_map_pc_eccentricity_valid,8882,13591,0.6535207122360386
AG/slow/LIU_FENG,wall_map_pc_roundness_valid,8882,13591,0.6535207122360386
AG/slow/LIU_FENG,wall_map_pc_upstream_min_area_ratio_valid,8061,13591,0.5931130895445516
AG/slow/LIU_FENG,wall_map_pc_upstream_min_distance_mm_valid,8061,13591,0.5931130895445516
AG/slow/LIU_FENG,wall_map_pc_valid,8882,13591,0.6535207122360386
AG/slow/LIU_FENG,wall_map_roundness_valid,10306,13591,0.7582959311308954
AG/slow/LIU_FENG,wall_map_upstream_min_area_ratio_valid,9901,13591,0.7284967993525127
AG/slow/LIU_FENG,wall_map_upstream_min_distance_mm_valid,9901,13591,0.7284967993525127
AG/slow/LIU_FENG,wall_map_valid,10306,13591,0.7582959311308954
AG/slow/LIU_JIN_LIANG,centerline_audit_core_mask,1122,1158,0.9689119170984456
AG/slow/LIU_JIN_LIANG,centerline_opening_extension_mask,0,1158,0.0
AG/slow/LIU_JIN_LIANG,centerline_original_audit_core_mask,1122,1158,0.9689119170984456
AG/slow/LIU_JIN_LIANG,coverage_pre_shift_valid,224,297,0.7542087542087542
AG/slow/LIU_JIN_LIANG,coverage_recovery_candidate_mask,3,297,0.010101010101010102
AG/slow/LIU_JIN_LIANG,final_probe_profile_valid,221,297,0.7441077441077442
AG/slow/LIU_JIN_LIANG,final_probe_recovered_mask,5,297,0.016835016835016835
AG/slow/LIU_JIN_LIANG,pc_section_raw_contour_valid,230,297,0.7744107744107744
AG/slow/LIU_JIN_LIANG,pc_section_valid,205,297,0.6902356902356902
AG/slow/LIU_JIN_LIANG,section_raw_contour_valid,291,297,0.9797979797979798
AG/slow/LIU_JIN_LIANG,section_valid,219,297,0.7373737373737373
AG/slow/LIU_JIN_LIANG,wall_cia_geometry_valid,8471,13759,0.6156697434406571
AG/slow/LIU_JIN_LIANG,wall_cia_semantic_valid,9646,13759,0.7010683915982266
AG/slow/LIU_JIN_LIANG,wall_map_area_slope_per_mm_valid,10706,13759,0.7781088741914384
AG/slow/LIU_JIN_LIANG,wall_map_downstream_min_area_ratio_valid,10400,13759,0.7558688858201904
AG/slow/LIU_JIN_LIANG,wall_map_downstream_min_distance_mm_valid,10400,13759,0.7558688858201904
AG/slow/LIU_JIN_LIANG,wall_map_eccentricity_valid,10706,13759,0.7781088741914384
AG/slow/LIU_JIN_LIANG,wall_map_pc_area_slope_per_mm_valid,9419,13759,0.6845700995711897
AG/slow/LIU_JIN_LIANG,wall_map_pc_downstream_min_area_ratio_valid,8598,13759,0.6249000654117305
AG/slow/LIU_JIN_LIANG,wall_map_pc_downstream_min_distance_mm_valid,8598,13759,0.6249000654117305
AG/slow/LIU_JIN_LIANG,wall_map_pc_eccentricity_valid,9419,13759,0.6845700995711897
AG/slow/LIU_JIN_LIANG,wall_map_pc_roundness_valid,9419,13759,0.6845700995711897
AG/slow/LIU_JIN_LIANG,wall_map_pc_upstream_min_area_ratio_valid,8483,13759,0.6165418998473726
AG/slow/LIU_JIN_LIANG,wall_map_pc_upstream_min_distance_mm_valid,8483,13759,0.6165418998473726
AG/slow/LIU_JIN_LIANG,wall_map_pc_valid,9419,13759,0.6845700995711897
AG/slow/LIU_JIN_LIANG,wall_map_roundness_valid,10706,13759,0.7781088741914384
AG/slow/LIU_JIN_LIANG,wall_map_upstream_min_area_ratio_valid,10270,13759,0.746420524747438
AG/slow/LIU_JIN_LIANG,wall_map_upstream_min_distance_mm_valid,10270,13759,0.746420524747438
AG/slow/LIU_JIN_LIANG,wall_map_valid,10706,13759,0.7781088741914384
AG/slow/LIU_ZONG_YANG,centerline_audit_core_mask,855,891,0.9595959595959596
AG/slow/LIU_ZONG_YANG,centerline_opening_extension_mask,1,891,0.001122334455667789
AG/slow/LIU_ZONG_YANG,centerline_original_audit_core_mask,855,891,0.9595959595959596
AG/slow/LIU_ZONG_YANG,coverage_pre_shift_valid,178,231,0.7705627705627706
AG/slow/LIU_ZONG_YANG,coverage_recovery_candidate_mask,8,231,0.03463203463203463
AG/slow/LIU_ZONG_YANG,final_probe_profile_valid,170,231,0.7359307359307359
AG/slow/LIU_ZONG_YANG,final_probe_recovered_mask,1,231,0.004329004329004329
AG/slow/LIU_ZONG_YANG,pc_section_raw_contour_valid,189,231,0.8181818181818182
AG/slow/LIU_ZONG_YANG,pc_section_valid,167,231,0.7229437229437229
AG/slow/LIU_ZONG_YANG,section_raw_contour_valid,226,231,0.9783549783549783
AG/slow/LIU_ZONG_YANG,section_valid,175,231,0.7575757575757576
AG/slow/LIU_ZONG_YANG,wall_cia_geometry_valid,5989,12138,0.4934091283572252
AG/slow/LIU_ZONG_YANG,wall_cia_semantic_valid,6958,12138,0.5732410611303345
AG/slow/LIU_ZONG_YANG,wall_map_area_slope_per_mm_valid,9438,12138,0.7775580820563519
AG/slow/LIU_ZONG_YANG,wall_map_downstream_min_area_ratio_valid,9153,12138,0.7540781018289668
AG/slow/LIU_ZONG_YANG,wall_map_downstream_min_distance_mm_valid,9153,12138,0.7540781018289668
AG/slow/LIU_ZONG_YANG,wall_map_eccentricity_valid,9513,12138,0.7837370242214533
AG/slow/LIU_ZONG_YANG,wall_map_pc_area_slope_per_mm_valid,8944,12138,0.7368594496622178
AG/slow/LIU_ZONG_YANG,wall_map_pc_downstream_min_area_ratio_valid,8502,12138,0.7004448838358873
AG/slow/LIU_ZONG_YANG,wall_map_pc_downstream_min_distance_mm_valid,8502,12138,0.7004448838358873
AG/slow/LIU_ZONG_YANG,wall_map_pc_eccentricity_valid,9019,12138,0.7430383918273191
AG/slow/LIU_ZONG_YANG,wall_map_pc_roundness_valid,9019,12138,0.7430383918273191
AG/slow/LIU_ZONG_YANG,wall_map_pc_upstream_min_area_ratio_valid,8433,12138,0.694760257043994
AG/slow/LIU_ZONG_YANG,wall_map_pc_upstream_min_distance_mm_valid,8433,12138,0.694760257043994
AG/slow/LIU_ZONG_YANG,wall_map_pc_valid,9019,12138,0.7430383918273191
AG/slow/LIU_ZONG_YANG,wall_map_roundness_valid,9513,12138,0.7837370242214533
AG/slow/LIU_ZONG_YANG,wall_map_upstream_min_area_ratio_valid,9088,12138,0.7487230186192124
AG/slow/LIU_ZONG_YANG,wall_map_upstream_min_distance_mm_valid,9088,12138,0.7487230186192124
AG/slow/LIU_ZONG_YANG,wall_map_valid,9513,12138,0.7837370242214533
AG/slow/LI_BING_YI,centerline_audit_core_mask,1023,1059,0.9660056657223796
AG/slow/LI_BING_YI,centerline_opening_extension_mask,0,1059,0.0
AG/slow/LI_BING_YI,centerline_original_audit_core_mask,1023,1059,0.9660056657223796
AG/slow/LI_BING_YI,coverage_pre_shift_valid,217,271,0.8007380073800738
AG/slow/LI_BING_YI,coverage_recovery_candidate_mask,5,271,0.01845018450184502
AG/slow/LI_BING_YI,final_probe_profile_valid,212,271,0.7822878228782287
AG/slow/LI_BING_YI,final_probe_recovered_mask,2,271,0.007380073800738007
AG/slow/LI_BING_YI,pc_section_raw_contour_valid,228,271,0.8413284132841329
AG/slow/LI_BING_YI,pc_section_valid,195,271,0.7195571955719557
AG/slow/LI_BING_YI,section_raw_contour_valid,270,271,0.996309963099631
AG/slow/LI_BING_YI,section_valid,215,271,0.7933579335793358
AG/slow/LI_BING_YI,wall_cia_geometry_valid,9255,13910,0.6653486700215672
AG/slow/LI_BING_YI,wall_cia_semantic_valid,10317,13910,0.7416966211358734
AG/slow/LI_BING_YI,wall_map_area_slope_per_mm_valid,11096,13910,0.7976994967649174
AG/slow/LI_BING_YI,wall_map_downstream_min_area_ratio_valid,10716,13910,0.7703810208483106
AG/slow/LI_BING_YI,wall_map_downstream_min_distance_mm_valid,10716,13910,0.7703810208483106
AG/slow/LI_BING_YI,wall_map_eccentricity_valid,11096,13910,0.7976994967649174
AG/slow/LI_BING_YI,wall_map_pc_area_slope_per_mm_valid,9432,13910,0.6780733285406183
AG/slow/LI_BING_YI,wall_map_pc_downstream_min_area_ratio_valid,8687,13910,0.6245147375988498
AG/slow/LI_BING_YI,wall_map_pc_downstream_min_distance_mm_valid,8687,13910,0.6245147375988498
AG/slow/LI_BING_YI,wall_map_pc_eccentricity_valid,9559,13910,0.6872034507548527
AG/slow/LI_BING_YI,wall_map_pc_roundness_valid,9559,13910,0.6872034507548527
AG/slow/LI_BING_YI,wall_map_pc_upstream_min_area_ratio_valid,8638,13910,0.6209920920201294
AG/slow/LI_BING_YI,wall_map_pc_upstream_min_distance_mm_valid,8638,13910,0.6209920920201294
AG/slow/LI_BING_YI,wall_map_pc_valid,9559,13910,0.6872034507548527
AG/slow/LI_BING_YI,wall_map_roundness_valid,11096,13910,0.7976994967649174
AG/slow/LI_BING_YI,wall_map_upstream_min_area_ratio_valid,10640,13910,0.7649173256649893
AG/slow/LI_BING_YI,wall_map_upstream_min_distance_mm_valid,10640,13910,0.7649173256649893
AG/slow/LI_BING_YI,wall_map_valid,11096,13910,0.7976994967649174
AG/slow/LI_CHONG_ZENG,centerline_audit_core_mask,1012,1051,0.9628924833491912
AG/slow/LI_CHONG_ZENG,centerline_opening_extension_mask,13,1051,0.012369172216936251
AG/slow/LI_CHONG_ZENG,centerline_original_audit_core_mask,1015,1051,0.9657469077069457
AG/slow/LI_CHONG_ZENG,coverage_pre_shift_valid,222,271,0.8191881918819188
AG/slow/LI_CHONG_ZENG,coverage_recovery_candidate_mask,8,271,0.02952029520295203
AG/slow/LI_CHONG_ZENG,final_probe_profile_valid,214,271,0.7896678966789668
AG/slow/LI_CHONG_ZENG,final_probe_recovered_mask,1,271,0.0036900369003690036
AG/slow/LI_CHONG_ZENG,pc_section_raw_contour_valid,231,271,0.8523985239852399
AG/slow/LI_CHONG_ZENG,pc_section_valid,200,271,0.7380073800738007
AG/slow/LI_CHONG_ZENG,section_raw_contour_valid,265,271,0.977859778597786
AG/slow/LI_CHONG_ZENG,section_valid,211,271,0.7785977859778598
AG/slow/LI_CHONG_ZENG,wall_cia_geometry_valid,9527,15083,0.631638268249022
AG/slow/LI_CHONG_ZENG,wall_cia_semantic_valid,10503,15083,0.6963468805940463
AG/slow/LI_CHONG_ZENG,wall_map_area_slope_per_mm_valid,12249,15083,0.8121063448915998
AG/slow/LI_CHONG_ZENG,wall_map_downstream_min_area_ratio_valid,11889,15083,0.7882384141085991
AG/slow/LI_CHONG_ZENG,wall_map_downstream_min_distance_mm_valid,11889,15083,0.7882384141085991
AG/slow/LI_CHONG_ZENG,wall_map_eccentricity_valid,12249,15083,0.8121063448915998
AG/slow/LI_CHONG_ZENG,wall_map_pc_area_slope_per_mm_valid,11466,15083,0.7601935954385732
AG/slow/LI_CHONG_ZENG,wall_map_pc_downstream_min_area_ratio_valid,10814,15083,0.7169661207982497
AG/slow/LI_CHONG_ZENG,wall_map_pc_downstream_min_distance_mm_valid,10814,15083,0.7169661207982497
AG/slow/LI_CHONG_ZENG,wall_map_pc_eccentricity_valid,11466,15083,0.7601935954385732
AG/slow/LI_CHONG_ZENG,wall_map_pc_roundness_valid,11466,15083,0.7601935954385732
AG/slow/LI_CHONG_ZENG,wall_map_pc_upstream_min_area_ratio_valid,10721,15083,0.7108002386793079
AG/slow/LI_CHONG_ZENG,wall_map_pc_upstream_min_distance_mm_valid,10721,15083,0.7108002386793079
AG/slow/LI_CHONG_ZENG,wall_map_pc_valid,11466,15083,0.7601935954385732
AG/slow/LI_CHONG_ZENG,wall_map_roundness_valid,12249,15083,0.8121063448915998
AG/slow/LI_CHONG_ZENG,wall_map_upstream_min_area_ratio_valid,11806,15083,0.7827355300669628
AG/slow/LI_CHONG_ZENG,wall_map_upstream_min_distance_mm_valid,11806,15083,0.7827355300669628
AG/slow/LI_CHONG_ZENG,wall_map_valid,12249,15083,0.8121063448915998
AG/slow/LI_GUI_YING,centerline_audit_core_mask,1057,1100,0.9609090909090909
AG/slow/LI_GUI_YING,centerline_opening_extension_mask,14,1100,0.012727272727272728
AG/slow/LI_GUI_YING,centerline_original_audit_core_mask,1064,1100,0.9672727272727273
AG/slow/LI_GUI_YING,coverage_pre_shift_valid,200,283,0.7067137809187279
AG/slow/LI_GUI_YING,coverage_recovery_candidate_mask,4,283,0.014134275618374558
AG/slow/LI_GUI_YING,final_probe_profile_valid,196,283,0.6925795053003534
AG/slow/LI_GUI_YING,final_probe_recovered_mask,1,283,0.0035335689045936395
AG/slow/LI_GUI_YING,pc_section_raw_contour_valid,206,283,0.7279151943462897
AG/slow/LI_GUI_YING,pc_section_valid,168,283,0.5936395759717314
AG/slow/LI_GUI_YING,section_raw_contour_valid,277,283,0.9787985865724381
AG/slow/LI_GUI_YING,section_valid,194,283,0.6855123674911661
AG/slow/LI_GUI_YING,wall_cia_geometry_valid,10483,14932,0.7020492901151889
AG/slow/LI_GUI_YING,wall_cia_semantic_valid,11956,14932,0.8006964907581035
AG/slow/LI_GUI_YING,wall_map_area_slope_per_mm_valid,10744,14932,0.7195285293329762
AG/slow/LI_GUI_YING,wall_map_downstream_min_area_ratio_valid,10357,14932,0.6936110366997054
AG/slow/LI_GUI_YING,wall_map_downstream_min_distance_mm_valid,10357,14932,0.6936110366997054
AG/slow/LI_GUI_YING,wall_map_eccentricity_valid,10744,14932,0.7195285293329762
AG/slow/LI_GUI_YING,wall_map_pc_area_slope_per_mm_valid,8924,14932,0.5976426466648808
AG/slow/LI_GUI_YING,wall_map_pc_downstream_min_area_ratio_valid,8248,14932,0.5523707473881596
AG/slow/LI_GUI_YING,wall_map_pc_downstream_min_distance_mm_valid,8248,14932,0.5523707473881596
AG/slow/LI_GUI_YING,wall_map_pc_eccentricity_valid,9020,14932,0.6040717921242968
AG/slow/LI_GUI_YING,wall_map_pc_roundness_valid,9020,14932,0.6040717921242968
AG/slow/LI_GUI_YING,wall_map_pc_upstream_min_area_ratio_valid,8139,14932,0.5450709884811143
AG/slow/LI_GUI_YING,wall_map_pc_upstream_min_distance_mm_valid,8139,14932,0.5450709884811143
AG/slow/LI_GUI_YING,wall_map_pc_valid,9020,14932,0.6040717921242968
AG/slow/LI_GUI_YING,wall_map_roundness_valid,10744,14932,0.7195285293329762
AG/slow/LI_GUI_YING,wall_map_upstream_min_area_ratio_valid,10240,14932,0.685775515671042
AG/slow/LI_GUI_YING,wall_map_upstream_min_distance_mm_valid,10240,14932,0.685775515671042
AG/slow/LI_GUI_YING,wall_map_valid,10744,14932,0.7195285293329762
AG/slow/LI_HUAN_GE,centerline_audit_core_mask,945,981,0.963302752293578
AG/slow/LI_HUAN_GE,centerline_opening_extension_mask,0,981,0.0
AG/slow/LI_HUAN_GE,centerline_original_audit_core_mask,945,981,0.963302752293578
AG/slow/LI_HUAN_GE,coverage_pre_shift_valid,191,252,0.7579365079365079
AG/slow/LI_HUAN_GE,coverage_recovery_candidate_mask,8,252,0.031746031746031744
AG/slow/LI_HUAN_GE,final_probe_profile_valid,183,252,0.7261904761904762
AG/slow/LI_HUAN_GE,final_probe_recovered_mask,1,252,0.003968253968253968
AG/slow/LI_HUAN_GE,pc_section_raw_contour_valid,199,252,0.7896825396825397
AG/slow/LI_HUAN_GE,pc_section_valid,149,252,0.5912698412698413
AG/slow/LI_HUAN_GE,section_raw_contour_valid,249,252,0.9880952380952381
AG/slow/LI_HUAN_GE,section_valid,189,252,0.75
AG/slow/LI_HUAN_GE,wall_cia_geometry_valid,8588,12691,0.6767000236387991
AG/slow/LI_HUAN_GE,wall_cia_semantic_valid,9733,12691,0.7669214403908281
AG/slow/LI_HUAN_GE,wall_map_area_slope_per_mm_valid,9934,12691,0.7827594358206603
AG/slow/LI_HUAN_GE,wall_map_downstream_min_area_ratio_valid,9548,12691,0.7523441809156095
AG/slow/LI_HUAN_GE,wall_map_downstream_min_distance_mm_valid,9548,12691,0.7523441809156095
AG/slow/LI_HUAN_GE,wall_map_eccentricity_valid,9934,12691,0.7827594358206603
AG/slow/LI_HUAN_GE,wall_map_pc_area_slope_per_mm_valid,7356,12691,0.5796233551335592
AG/slow/LI_HUAN_GE,wall_map_pc_downstream_min_area_ratio_valid,6648,12691,0.5238357891419116
AG/slow/LI_HUAN_GE,wall_map_pc_downstream_min_distance_mm_valid,6648,12691,0.5238357891419116
AG/slow/LI_HUAN_GE,wall_map_pc_eccentricity_valid,7584,12691,0.5975888424868017
AG/slow/LI_HUAN_GE,wall_map_pc_roundness_valid,7584,12691,0.5975888424868017
AG/slow/LI_HUAN_GE,wall_map_pc_upstream_min_area_ratio_valid,6545,12691,0.5157198014340871
AG/slow/LI_HUAN_GE,wall_map_pc_upstream_min_distance_mm_valid,6545,12691,0.5157198014340871
AG/slow/LI_HUAN_GE,wall_map_pc_valid,7584,12691,0.5975888424868017
AG/slow/LI_HUAN_GE,wall_map_roundness_valid,9934,12691,0.7827594358206603
AG/slow/LI_HUAN_GE,wall_map_upstream_min_area_ratio_valid,9362,12691,0.7376881254432275
AG/slow/LI_HUAN_GE,wall_map_upstream_min_distance_mm_valid,9362,12691,0.7376881254432275
AG/slow/LI_HUAN_GE,wall_map_valid,9934,12691,0.7827594358206603
AG/slow/LU_ZHEN_QING,centerline_audit_core_mask,1033,1069,0.9663236669784846
AG/slow/LU_ZHEN_QING,centerline_opening_extension_mask,0,1069,0.0
AG/slow/LU_ZHEN_QING,centerline_original_audit_core_mask,1033,1069,0.9663236669784846
AG/slow/LU_ZHEN_QING,coverage_pre_shift_valid,205,276,0.7427536231884058
AG/slow/LU_ZHEN_QING,coverage_recovery_candidate_mask,6,276,0.021739130434782608
AG/slow/LU_ZHEN_QING,final_probe_profile_valid,199,276,0.7210144927536232
AG/slow/LU_ZHEN_QING,final_probe_recovered_mask,5,276,0.018115942028985508
AG/slow/LU_ZHEN_QING,pc_section_raw_contour_valid,209,276,0.7572463768115942
AG/slow/LU_ZHEN_QING,pc_section_valid,180,276,0.6521739130434783
AG/slow/LU_ZHEN_QING,section_raw_contour_valid,273,276,0.9891304347826086
AG/slow/LU_ZHEN_QING,section_valid,201,276,0.7282608695652174
AG/slow/LU_ZHEN_QING,wall_cia_geometry_valid,5945,12389,0.47986116716442007
AG/slow/LU_ZHEN_QING,wall_cia_semantic_valid,7509,12389,0.6061021874243281
AG/slow/LU_ZHEN_QING,wall_map_area_slope_per_mm_valid,9408,12389,0.7593833239163774
AG/slow/LU_ZHEN_QING,wall_map_downstream_min_area_ratio_valid,9177,12389,0.7407377512309307
AG/slow/LU_ZHEN_QING,wall_map_downstream_min_distance_mm_valid,9177,12389,0.7407377512309307
AG/slow/LU_ZHEN_QING,wall_map_eccentricity_valid,9408,12389,0.7593833239163774
AG/slow/LU_ZHEN_QING,wall_map_pc_area_slope_per_mm_valid,7661,12389,0.6183711356848818
AG/slow/LU_ZHEN_QING,wall_map_pc_downstream_min_area_ratio_valid,6861,12389,0.5537977237872306
AG/slow/LU_ZHEN_QING,wall_map_pc_downstream_min_distance_mm_valid,6861,12389,0.5537977237872306
AG/slow/LU_ZHEN_QING,wall_map_pc_eccentricity_valid,7661,12389,0.6183711356848818
AG/slow/LU_ZHEN_QING,wall_map_pc_roundness_valid,7661,12389,0.6183711356848818
AG/slow/LU_ZHEN_QING,wall_map_pc_upstream_min_area_ratio_valid,6728,12389,0.5430623940592461
AG/slow/LU_ZHEN_QING,wall_map_pc_upstream_min_distance_mm_valid,6728,12389,0.5430623940592461
AG/slow/LU_ZHEN_QING,wall_map_pc_valid,7661,12389,0.6183711356848818
AG/slow/LU_ZHEN_QING,wall_map_roundness_valid,9408,12389,0.7593833239163774
AG/slow/LU_ZHEN_QING,wall_map_upstream_min_area_ratio_valid,9025,12389,0.728468802970377
AG/slow/LU_ZHEN_QING,wall_map_upstream_min_distance_mm_valid,9025,12389,0.728468802970377
AG/slow/LU_ZHEN_QING,wall_map_valid,9408,12389,0.7593833239163774
AG/slow/LV_FU_LONG,centerline_audit_core_mask,1005,1041,0.9654178674351584
AG/slow/LV_FU_LONG,centerline_opening_extension_mask,0,1041,0.0
AG/slow/LV_FU_LONG,centerline_original_audit_core_mask,1005,1041,0.9654178674351584
AG/slow/LV_FU_LONG,coverage_pre_shift_valid,207,268,0.7723880597014925
AG/slow/LV_FU_LONG,coverage_recovery_candidate_mask,2,268,0.007462686567164179
AG/slow/LV_FU_LONG,final_probe_profile_valid,205,268,0.7649253731343284
AG/slow/LV_FU_LONG,final_probe_recovered_mask,6,268,0.022388059701492536
AG/slow/LV_FU_LONG,pc_section_raw_contour_valid,215,268,0.8022388059701493
AG/slow/LV_FU_LONG,pc_section_valid,182,268,0.6791044776119403
AG/slow/LV_FU_LONG,section_raw_contour_valid,265,268,0.9888059701492538
AG/slow/LV_FU_LONG,section_valid,205,268,0.7649253731343284
AG/slow/LV_FU_LONG,wall_cia_geometry_valid,5179,13229,0.39148839670421043
AG/slow/LV_FU_LONG,wall_cia_semantic_valid,6360,13229,0.4807619623554312
AG/slow/LV_FU_LONG,wall_map_area_slope_per_mm_valid,10372,13229,0.784035074457631
AG/slow/LV_FU_LONG,wall_map_downstream_min_area_ratio_valid,10194,13229,0.77057978683196
AG/slow/LV_FU_LONG,wall_map_downstream_min_distance_mm_valid,10194,13229,0.77057978683196
AG/slow/LV_FU_LONG,wall_map_eccentricity_valid,10372,13229,0.784035074457631
AG/slow/LV_FU_LONG,wall_map_pc_area_slope_per_mm_valid,8895,13229,0.6723864237659687
AG/slow/LV_FU_LONG,wall_map_pc_downstream_min_area_ratio_valid,8341,13229,0.630508730818656
AG/slow/LV_FU_LONG,wall_map_pc_downstream_min_distance_mm_valid,8341,13229,0.630508730818656
AG/slow/LV_FU_LONG,wall_map_pc_eccentricity_valid,8955,13229,0.676921913976869
AG/slow/LV_FU_LONG,wall_map_pc_roundness_valid,8955,13229,0.676921913976869
AG/slow/LV_FU_LONG,wall_map_pc_upstream_min_area_ratio_valid,8238,13229,0.6227228059566104
AG/slow/LV_FU_LONG,wall_map_pc_upstream_min_distance_mm_valid,8238,13229,0.6227228059566104
AG/slow/LV_FU_LONG,wall_map_pc_valid,8955,13229,0.676921913976869
AG/slow/LV_FU_LONG,wall_map_roundness_valid,10372,13229,0.784035074457631
AG/slow/LV_FU_LONG,wall_map_upstream_min_area_ratio_valid,10027,13229,0.7579560057449543
AG/slow/LV_FU_LONG,wall_map_upstream_min_distance_mm_valid,10027,13229,0.7579560057449543
AG/slow/LV_FU_LONG,wall_map_valid,10372,13229,0.784035074457631
AG/slow/MA_TIAN_YI,centerline_audit_core_mask,824,860,0.958139534883721
AG/slow/MA_TIAN_YI,centerline_opening_extension_mask,0,860,0.0
AG/slow/MA_TIAN_YI,centerline_original_audit_core_mask,824,860,0.958139534883721
AG/slow/MA_TIAN_YI,coverage_pre_shift_valid,170,223,0.7623318385650224
AG/slow/MA_TIAN_YI,coverage_recovery_candidate_mask,4,223,0.017937219730941704
AG/slow/MA_TIAN_YI,final_probe_profile_valid,166,223,0.7443946188340808
AG/slow/MA_TIAN_YI,final_probe_recovered_mask,1,223,0.004484304932735426
AG/slow/MA_TIAN_YI,pc_section_raw_contour_valid,181,223,0.8116591928251121
AG/slow/MA_TIAN_YI,pc_section_valid,156,223,0.6995515695067265
AG/slow/MA_TIAN_YI,section_raw_contour_valid,218,223,0.9775784753363229
AG/slow/MA_TIAN_YI,section_valid,162,223,0.726457399103139
AG/slow/MA_TIAN_YI,wall_cia_geometry_valid,6803,12636,0.5383823994935106
AG/slow/MA_TIAN_YI,wall_cia_semantic_valid,8143,12636,0.6444286166508388
AG/slow/MA_TIAN_YI,wall_map_area_slope_per_mm_valid,9265,12636,0.7332225387780943
AG/slow/MA_TIAN_YI,wall_map_downstream_min_area_ratio_valid,8917,12636,0.7056821779044001
AG/slow/MA_TIAN_YI,wall_map_downstream_min_distance_mm_valid,8917,12636,0.7056821779044001
AG/slow/MA_TIAN_YI,wall_map_eccentricity_valid,9265,12636,0.7332225387780943
AG/slow/MA_TIAN_YI,wall_map_pc_area_slope_per_mm_valid,8591,12636,0.6798828743273188
AG/slow/MA_TIAN_YI,wall_map_pc_downstream_min_area_ratio_valid,8020,12636,0.6346945235834125
AG/slow/MA_TIAN_YI,wall_map_pc_downstream_min_distance_mm_valid,8020,12636,0.6346945235834125
AG/slow/MA_TIAN_YI,wall_map_pc_eccentricity_valid,8642,12636,0.6839189616967395
AG/slow/MA_TIAN_YI,wall_map_pc_roundness_valid,8642,12636,0.6839189616967395
AG/slow/MA_TIAN_YI,wall_map_pc_upstream_min_area_ratio_valid,7865,12636,0.6224279835390947
AG/slow/MA_TIAN_YI,wall_map_pc_upstream_min_distance_mm_valid,7865,12636,0.6224279835390947
AG/slow/MA_TIAN_YI,wall_map_pc_valid,8642,12636,0.6839189616967395
AG/slow/MA_TIAN_YI,wall_map_roundness_valid,9265,12636,0.7332225387780943
AG/slow/MA_TIAN_YI,wall_map_upstream_min_area_ratio_valid,8792,12636,0.695789806900918
AG/slow/MA_TIAN_YI,wall_map_upstream_min_distance_mm_valid,8792,12636,0.695789806900918
AG/slow/MA_TIAN_YI,wall_map_valid,9265,12636,0.7332225387780943
AG/slow/MA_YU,centerline_audit_core_mask,1286,1322,0.972768532526475
AG/slow/MA_YU,centerline_opening_extension_mask,1,1322,0.0007564296520423601
AG/slow/MA_YU,centerline_original_audit_core_mask,1286,1322,0.972768532526475
AG/slow/MA_YU,coverage_pre_shift_valid,267,337,0.7922848664688428
AG/slow/MA_YU,coverage_recovery_candidate_mask,8,337,0.02373887240356083
AG/slow/MA_YU,final_probe_profile_valid,261,337,0.7744807121661721
AG/slow/MA_YU,final_probe_recovered_mask,2,337,0.005934718100890208
AG/slow/MA_YU,pc_section_raw_contour_valid,281,337,0.8338278931750742
AG/slow/MA_YU,pc_section_valid,252,337,0.7477744807121661
AG/slow/MA_YU,section_raw_contour_valid,333,337,0.9881305637982196
AG/slow/MA_YU,section_valid,260,337,0.771513353115727
AG/slow/MA_YU,wall_cia_geometry_valid,10343,17282,0.5984839717625274
AG/slow/MA_YU,wall_cia_semantic_valid,11889,17282,0.687941210508043
AG/slow/MA_YU,wall_map_area_slope_per_mm_valid,14075,17282,0.8144312000925819
AG/slow/MA_YU,wall_map_downstream_min_area_ratio_valid,13828,17282,0.8001388728156463
AG/slow/MA_YU,wall_map_downstream_min_distance_mm_valid,13828,17282,0.8001388728156463
AG/slow/MA_YU,wall_map_eccentricity_valid,14075,17282,0.8144312000925819
AG/slow/MA_YU,wall_map_pc_area_slope_per_mm_valid,13570,17282,0.7852100451336651
AG/slow/MA_YU,wall_map_pc_downstream_min_area_ratio_valid,13171,17282,0.7621224395324615
AG/slow/MA_YU,wall_map_pc_downstream_min_distance_mm_valid,13171,17282,0.7621224395324615
AG/slow/MA_YU,wall_map_pc_eccentricity_valid,13600,17282,0.7869459553292443
AG/slow/MA_YU,wall_map_pc_roundness_valid,13600,17282,0.7869459553292443
AG/slow/MA_YU,wall_map_pc_upstream_min_area_ratio_valid,13045,17282,0.7548316167110288
AG/slow/MA_YU,wall_map_pc_upstream_min_distance_mm_valid,13045,17282,0.7548316167110288
AG/slow/MA_YU,wall_map_pc_valid,13600,17282,0.7869459553292443
AG/slow/MA_YU,wall_map_roundness_valid,14075,17282,0.8144312000925819
AG/slow/MA_YU,wall_map_upstream_min_area_ratio_valid,13683,17282,0.7917486402036801
AG/slow/MA_YU,wall_map_upstream_min_distance_mm_valid,13683,17282,0.7917486402036801
AG/slow/MA_YU,wall_map_valid,14075,17282,0.8144312000925819
AG/slow/MI_DE_XI,centerline_audit_core_mask,972,1008,0.9642857142857143
AG/slow/MI_DE_XI,centerline_opening_extension_mask,2,1008,0.001984126984126984
AG/slow/MI_DE_XI,centerline_original_audit_core_mask,972,1008,0.9642857142857143
AG/slow/MI_DE_XI,coverage_pre_shift_valid,197,260,0.7576923076923077
AG/slow/MI_DE_XI,coverage_recovery_candidate_mask,5,260,0.019230769230769232
AG/slow/MI_DE_XI,final_probe_profile_valid,192,260,0.7384615384615385
AG/slow/MI_DE_XI,final_probe_recovered_mask,4,260,0.015384615384615385
AG/slow/MI_DE_XI,pc_section_raw_contour_valid,201,260,0.7730769230769231
AG/slow/MI_DE_XI,pc_section_valid,179,260,0.6884615384615385
AG/slow/MI_DE_XI,section_raw_contour_valid,255,260,0.9807692307692307
AG/slow/MI_DE_XI,section_valid,194,260,0.7461538461538462
AG/slow/MI_DE_XI,wall_cia_geometry_valid,8758,15380,0.5694408322496749
AG/slow/MI_DE_XI,wall_cia_semantic_valid,10130,15380,0.6586475942782835
AG/slow/MI_DE_XI,wall_map_area_slope_per_mm_valid,12252,15380,0.7966189856957087
AG/slow/MI_DE_XI,wall_map_downstream_min_area_ratio_valid,11973,15380,0.7784785435630689
AG/slow/MI_DE_XI,wall_map_downstream_min_distance_mm_valid,11973,15380,0.7784785435630689
AG/slow/MI_DE_XI,wall_map_eccentricity_valid,12252,15380,0.7966189856957087
AG/slow/MI_DE_XI,wall_map_pc_area_slope_per_mm_valid,10991,15380,0.714629388816645
AG/slow/MI_DE_XI,wall_map_pc_downstream_min_area_ratio_valid,10234,15380,0.6654096228868661
AG/slow/MI_DE_XI,wall_map_pc_downstream_min_distance_mm_valid,10234,15380,0.6654096228868661
AG/slow/MI_DE_XI,wall_map_pc_eccentricity_valid,10991,15380,0.714629388816645
AG/slow/MI_DE_XI,wall_map_pc_roundness_valid,10991,15380,0.714629388816645
AG/slow/MI_DE_XI,wall_map_pc_upstream_min_area_ratio_valid,10066,15380,0.6544863459037711
AG/slow/MI_DE_XI,wall_map_pc_upstream_min_distance_mm_valid,10066,15380,0.6544863459037711
AG/slow/MI_DE_XI,wall_map_pc_valid,10991,15380,0.714629388816645
AG/slow/MI_DE_XI,wall_map_roundness_valid,12252,15380,0.7966189856957087
AG/slow/MI_DE_XI,wall_map_upstream_min_area_ratio_valid,11745,15380,0.7636540962288687
AG/slow/MI_DE_XI,wall_map_upstream_min_distance_mm_valid,11745,15380,0.7636540962288687
AG/slow/MI_DE_XI,wall_map_valid,12252,15380,0.7966189856957087
AG/slow/NI_YAN_BIN,centerline_audit_core_mask,1057,1093,0.9670631290027447
AG/slow/NI_YAN_BIN,centerline_opening_extension_mask,0,1093,0.0
AG/slow/NI_YAN_BIN,centerline_original_audit_core_mask,1057,1093,0.9670631290027447
AG/slow/NI_YAN_BIN,coverage_pre_shift_valid,212,281,0.7544483985765125
AG/slow/NI_YAN_BIN,coverage_recovery_candidate_mask,3,281,0.010676156583629894
AG/slow/NI_YAN_BIN,final_probe_profile_valid,209,281,0.7437722419928826
AG/slow/NI_YAN_BIN,final_probe_recovered_mask,2,281,0.0071174377224199285
AG/slow/NI_YAN_BIN,pc_section_raw_contour_valid,223,281,0.7935943060498221
AG/slow/NI_YAN_BIN,pc_section_valid,202,281,0.7188612099644128
AG/slow/NI_YAN_BIN,section_raw_contour_valid,278,281,0.9893238434163701
AG/slow/NI_YAN_BIN,section_valid,208,281,0.7402135231316725
AG/slow/NI_YAN_BIN,wall_cia_geometry_valid,8493,16977,0.5002650644990281
AG/slow/NI_YAN_BIN,wall_cia_semantic_valid,10068,16977,0.593037639158862
AG/slow/NI_YAN_BIN,wall_map_area_slope_per_mm_valid,13049,16977,0.7686281439594745
AG/slow/NI_YAN_BIN,wall_map_downstream_min_area_ratio_valid,12702,16977,0.748188725923308
AG/slow/NI_YAN_BIN,wall_map_downstream_min_distance_mm_valid,12702,16977,0.748188725923308
AG/slow/NI_YAN_BIN,wall_map_eccentricity_valid,13049,16977,0.7686281439594745
AG/slow/NI_YAN_BIN,wall_map_pc_area_slope_per_mm_valid,12498,16977,0.7361724686340343
AG/slow/NI_YAN_BIN,wall_map_pc_downstream_min_area_ratio_valid,12048,16977,0.7096660187312246
AG/slow/NI_YAN_BIN,wall_map_pc_downstream_min_distance_mm_valid,12048,16977,0.7096660187312246
AG/slow/NI_YAN_BIN,wall_map_pc_eccentricity_valid,12579,16977,0.74094362961654
AG/slow/NI_YAN_BIN,wall_map_pc_roundness_valid,12579,16977,0.74094362961654
AG/slow/NI_YAN_BIN,wall_map_pc_upstream_min_area_ratio_valid,11928,16977,0.7025976320904753
AG/slow/NI_YAN_BIN,wall_map_pc_upstream_min_distance_mm_valid,11928,16977,0.7025976320904753
AG/slow/NI_YAN_BIN,wall_map_pc_valid,12579,16977,0.74094362961654
AG/slow/NI_YAN_BIN,wall_map_roundness_valid,13049,16977,0.7686281439594745
AG/slow/NI_YAN_BIN,wall_map_upstream_min_area_ratio_valid,12596,16977,0.7419449843906462
AG/slow/NI_YAN_BIN,wall_map_upstream_min_distance_mm_valid,12596,16977,0.7419449843906462
AG/slow/NI_YAN_BIN,wall_map_valid,13049,16977,0.7686281439594745
AG/slow/QIN_SI_FU,centerline_audit_core_mask,1028,1064,0.9661654135338346
AG/slow/QIN_SI_FU,centerline_opening_extension_mask,0,1064,0.0
AG/slow/QIN_SI_FU,centerline_original_audit_core_mask,1028,1064,0.9661654135338346
AG/slow/QIN_SI_FU,coverage_pre_shift_valid,227,274,0.8284671532846716
AG/slow/QIN_SI_FU,coverage_recovery_candidate_mask,9,274,0.032846715328467155
AG/slow/QIN_SI_FU,final_probe_profile_valid,218,274,0.7956204379562044
AG/slow/QIN_SI_FU,final_probe_recovered_mask,2,274,0.0072992700729927005
AG/slow/QIN_SI_FU,pc_section_raw_contour_valid,228,274,0.8321167883211679
AG/slow/QIN_SI_FU,pc_section_valid,202,274,0.7372262773722628
AG/slow/QIN_SI_FU,section_raw_contour_valid,272,274,0.9927007299270073
AG/slow/QIN_SI_FU,section_valid,219,274,0.7992700729927007
AG/slow/QIN_SI_FU,wall_cia_geometry_valid,8430,14112,0.5973639455782312
AG/slow/QIN_SI_FU,wall_cia_semantic_valid,9522,14112,0.6747448979591837
AG/slow/QIN_SI_FU,wall_map_area_slope_per_mm_valid,11303,14112,0.8009495464852607
AG/slow/QIN_SI_FU,wall_map_downstream_min_area_ratio_valid,10988,14112,0.7786281179138322
AG/slow/QIN_SI_FU,wall_map_downstream_min_distance_mm_valid,10988,14112,0.7786281179138322
AG/slow/QIN_SI_FU,wall_map_eccentricity_valid,11303,14112,0.8009495464852607
AG/slow/QIN_SI_FU,wall_map_pc_area_slope_per_mm_valid,9993,14112,0.7081207482993197
AG/slow/QIN_SI_FU,wall_map_pc_downstream_min_area_ratio_valid,9269,14112,0.6568168934240363
AG/slow/QIN_SI_FU,wall_map_pc_downstream_min_distance_mm_valid,9269,14112,0.6568168934240363
AG/slow/QIN_SI_FU,wall_map_pc_eccentricity_valid,10032,14112,0.7108843537414966
AG/slow/QIN_SI_FU,wall_map_pc_roundness_valid,10032,14112,0.7108843537414966
AG/slow/QIN_SI_FU,wall_map_pc_upstream_min_area_ratio_valid,9108,14112,0.6454081632653061
AG/slow/QIN_SI_FU,wall_map_pc_upstream_min_distance_mm_valid,9108,14112,0.6454081632653061
AG/slow/QIN_SI_FU,wall_map_pc_valid,10032,14112,0.7108843537414966
AG/slow/QIN_SI_FU,wall_map_roundness_valid,11303,14112,0.8009495464852607
AG/slow/QIN_SI_FU,wall_map_upstream_min_area_ratio_valid,10857,14112,0.7693452380952381
AG/slow/QIN_SI_FU,wall_map_upstream_min_distance_mm_valid,10857,14112,0.7693452380952381
AG/slow/QIN_SI_FU,wall_map_valid,11303,14112,0.8009495464852607
AG/slow/QU_HE_PING,centerline_audit_core_mask,914,950,0.9621052631578947
AG/slow/QU_HE_PING,centerline_opening_extension_mask,1,950,0.0010526315789473684
AG/slow/QU_HE_PING,centerline_original_audit_core_mask,914,950,0.9621052631578947
AG/slow/QU_HE_PING,coverage_pre_shift_valid,168,245,0.6857142857142857
AG/slow/QU_HE_PING,coverage_recovery_candidate_mask,2,245,0.00816326530612245
AG/slow/QU_HE_PING,final_probe_profile_valid,166,245,0.6775510204081633
AG/slow/QU_HE_PING,final_probe_recovered_mask,1,245,0.004081632653061225
AG/slow/QU_HE_PING,pc_section_raw_contour_valid,184,245,0.7510204081632653
AG/slow/QU_HE_PING,pc_section_valid,156,245,0.636734693877551
AG/slow/QU_HE_PING,section_raw_contour_valid,242,245,0.9877551020408163
AG/slow/QU_HE_PING,section_valid,164,245,0.6693877551020408
AG/slow/QU_HE_PING,wall_cia_geometry_valid,5247,14176,0.370132618510158
AG/slow/QU_HE_PING,wall_cia_semantic_valid,6936,14176,0.48927765237020315
AG/slow/QU_HE_PING,wall_map_area_slope_per_mm_valid,10741,14176,0.7576890519187359
AG/slow/QU_HE_PING,wall_map_downstream_min_area_ratio_valid,10403,14176,0.7338459367945824
AG/slow/QU_HE_PING,wall_map_downstream_min_distance_mm_valid,10403,14176,0.7338459367945824
AG/slow/QU_HE_PING,wall_map_eccentricity_valid,10741,14176,0.7576890519187359
AG/slow/QU_HE_PING,wall_map_pc_area_slope_per_mm_valid,9985,14176,0.7043594808126411
AG/slow/QU_HE_PING,wall_map_pc_downstream_min_area_ratio_valid,9371,14176,0.6610468397291196
AG/slow/QU_HE_PING,wall_map_pc_downstream_min_distance_mm_valid,9371,14176,0.6610468397291196
AG/slow/QU_HE_PING,wall_map_pc_eccentricity_valid,10021,14176,0.7068989841986456
AG/slow/QU_HE_PING,wall_map_pc_roundness_valid,10021,14176,0.7068989841986456
AG/slow/QU_HE_PING,wall_map_pc_upstream_min_area_ratio_valid,9291,14176,0.6554034988713319
AG/slow/QU_HE_PING,wall_map_pc_upstream_min_distance_mm_valid,9291,14176,0.6554034988713319
AG/slow/QU_HE_PING,wall_map_pc_valid,10021,14176,0.7068989841986456
AG/slow/QU_HE_PING,wall_map_roundness_valid,10741,14176,0.7576890519187359
AG/slow/QU_HE_PING,wall_map_upstream_min_area_ratio_valid,10292,14176,0.7260158013544018
AG/slow/QU_HE_PING,wall_map_upstream_min_distance_mm_valid,10292,14176,0.7260158013544018
AG/slow/QU_HE_PING,wall_map_valid,10741,14176,0.7576890519187359
AG/slow/SHEN_ZHI_GANG,centerline_audit_core_mask,899,935,0.9614973262032086
AG/slow/SHEN_ZHI_GANG,centerline_opening_extension_mask,2,935,0.0021390374331550803
AG/slow/SHEN_ZHI_GANG,centerline_original_audit_core_mask,899,935,0.9614973262032086
AG/slow/SHEN_ZHI_GANG,coverage_pre_shift_valid,197,241,0.8174273858921162
AG/slow/SHEN_ZHI_GANG,coverage_recovery_candidate_mask,7,241,0.029045643153526972
AG/slow/SHEN_ZHI_GANG,final_probe_profile_valid,190,241,0.7883817427385892
AG/slow/SHEN_ZHI_GANG,final_probe_recovered_mask,1,241,0.004149377593360996
AG/slow/SHEN_ZHI_GANG,pc_section_raw_contour_valid,205,241,0.8506224066390041
AG/slow/SHEN_ZHI_GANG,pc_section_valid,180,241,0.7468879668049793
AG/slow/SHEN_ZHI_GANG,section_raw_contour_valid,235,241,0.975103734439834
AG/slow/SHEN_ZHI_GANG,section_valid,195,241,0.8091286307053942
AG/slow/SHEN_ZHI_GANG,wall_cia_geometry_valid,5336,13367,0.39919204009875064
AG/slow/SHEN_ZHI_GANG,wall_cia_semantic_valid,6184,13367,0.4626318545672178
AG/slow/SHEN_ZHI_GANG,wall_map_area_slope_per_mm_valid,11034,13367,0.8254656991097479
AG/slow/SHEN_ZHI_GANG,wall_map_downstream_min_area_ratio_valid,10739,13367,0.803396424029326
AG/slow/SHEN_ZHI_GANG,wall_map_downstream_min_distance_mm_valid,10739,13367,0.803396424029326
AG/slow/SHEN_ZHI_GANG,wall_map_eccentricity_valid,11034,13367,0.8254656991097479
AG/slow/SHEN_ZHI_GANG,wall_map_pc_area_slope_per_mm_valid,10140,13367,0.7585845739507743
AG/slow/SHEN_ZHI_GANG,wall_map_pc_downstream_min_area_ratio_valid,9690,13367,0.7249195780653849
AG/slow/SHEN_ZHI_GANG,wall_map_pc_downstream_min_distance_mm_valid,9690,13367,0.7249195780653849
AG/slow/SHEN_ZHI_GANG,wall_map_pc_eccentricity_valid,10172,13367,0.7609785292137353
AG/slow/SHEN_ZHI_GANG,wall_map_pc_roundness_valid,10172,13367,0.7609785292137353
AG/slow/SHEN_ZHI_GANG,wall_map_pc_upstream_min_area_ratio_valid,9625,13367,0.7200568564374953
AG/slow/SHEN_ZHI_GANG,wall_map_pc_upstream_min_distance_mm_valid,9625,13367,0.7200568564374953
AG/slow/SHEN_ZHI_GANG,wall_map_pc_valid,10172,13367,0.7609785292137353
AG/slow/SHEN_ZHI_GANG,wall_map_roundness_valid,11034,13367,0.8254656991097479
AG/slow/SHEN_ZHI_GANG,wall_map_upstream_min_area_ratio_valid,10724,13367,0.802274257499813
AG/slow/SHEN_ZHI_GANG,wall_map_upstream_min_distance_mm_valid,10724,13367,0.802274257499813
AG/slow/SHEN_ZHI_GANG,wall_map_valid,11034,13367,0.8254656991097479
AG/slow/SUN_ZONG_GE,centerline_audit_core_mask,910,946,0.9619450317124736
AG/slow/SUN_ZONG_GE,centerline_opening_extension_mask,2,946,0.0021141649048625794
AG/slow/SUN_ZONG_GE,centerline_original_audit_core_mask,910,946,0.9619450317124736
AG/slow/SUN_ZONG_GE,coverage_pre_shift_valid,201,246,0.8170731707317073
AG/slow/SUN_ZONG_GE,coverage_recovery_candidate_mask,3,246,0.012195121951219513
AG/slow/SUN_ZONG_GE,final_probe_profile_valid,199,246,0.8089430894308943
AG/slow/SUN_ZONG_GE,final_probe_recovered_mask,2,246,0.008130081300813009
AG/slow/SUN_ZONG_GE,pc_section_raw_contour_valid,212,246,0.8617886178861789
AG/slow/SUN_ZONG_GE,pc_section_valid,177,246,0.7195121951219512
AG/slow/SUN_ZONG_GE,section_raw_contour_valid,244,246,0.991869918699187
AG/slow/SUN_ZONG_GE,section_valid,196,246,0.7967479674796748
AG/slow/SUN_ZONG_GE,wall_cia_geometry_valid,4619,11306,0.40854413585706706
AG/slow/SUN_ZONG_GE,wall_cia_semantic_valid,5353,11306,0.4734654165929595
AG/slow/SUN_ZONG_GE,wall_map_area_slope_per_mm_valid,9468,11306,0.8374314523261985
AG/slow/SUN_ZONG_GE,wall_map_downstream_min_area_ratio_valid,9216,11306,0.8151424022642845
AG/slow/SUN_ZONG_GE,wall_map_downstream_min_distance_mm_valid,9216,11306,0.8151424022642845
AG/slow/SUN_ZONG_GE,wall_map_eccentricity_valid,9468,11306,0.8374314523261985
AG/slow/SUN_ZONG_GE,wall_map_pc_area_slope_per_mm_valid,8284,11306,0.7327082964797452
AG/slow/SUN_ZONG_GE,wall_map_pc_downstream_min_area_ratio_valid,7753,11306,0.6857420838492836
AG/slow/SUN_ZONG_GE,wall_map_pc_downstream_min_distance_mm_valid,7753,11306,0.6857420838492836
AG/slow/SUN_ZONG_GE,wall_map_pc_eccentricity_valid,8378,11306,0.7410224659472846
AG/slow/SUN_ZONG_GE,wall_map_pc_roundness_valid,8378,11306,0.7410224659472846
AG/slow/SUN_ZONG_GE,wall_map_pc_upstream_min_area_ratio_valid,7718,11306,0.6826463824517955
AG/slow/SUN_ZONG_GE,wall_map_pc_upstream_min_distance_mm_valid,7718,11306,0.6826463824517955
AG/slow/SUN_ZONG_GE,wall_map_pc_valid,8378,11306,0.7410224659472846
AG/slow/SUN_ZONG_GE,wall_map_roundness_valid,9468,11306,0.8374314523261985
AG/slow/SUN_ZONG_GE,wall_map_upstream_min_area_ratio_valid,9195,11306,0.8132849814257916
AG/slow/SUN_ZONG_GE,wall_map_upstream_min_distance_mm_valid,9195,11306,0.8132849814257916
AG/slow/SUN_ZONG_GE,wall_map_valid,9468,11306,0.8374314523261985
AG/slow/WANG_GUANG_CHAO,centerline_audit_core_mask,686,722,0.9501385041551247
AG/slow/WANG_GUANG_CHAO,centerline_opening_extension_mask,2,722,0.002770083102493075
AG/slow/WANG_GUANG_CHAO,centerline_original_audit_core_mask,686,722,0.9501385041551247
AG/slow/WANG_GUANG_CHAO,coverage_pre_shift_valid,140,188,0.7446808510638298
AG/slow/WANG_GUANG_CHAO,coverage_recovery_candidate_mask,3,188,0.015957446808510637
AG/slow/WANG_GUANG_CHAO,final_probe_profile_valid,137,188,0.7287234042553191
AG/slow/WANG_GUANG_CHAO,final_probe_recovered_mask,2,188,0.010638297872340425
AG/slow/WANG_GUANG_CHAO,pc_section_raw_contour_valid,143,188,0.7606382978723404
AG/slow/WANG_GUANG_CHAO,pc_section_valid,123,188,0.6542553191489362
AG/slow/WANG_GUANG_CHAO,section_raw_contour_valid,185,188,0.9840425531914894
AG/slow/WANG_GUANG_CHAO,section_valid,140,188,0.7446808510638298
AG/slow/WANG_GUANG_CHAO,wall_cia_geometry_valid,4193,9831,0.4265079849455803
AG/slow/WANG_GUANG_CHAO,wall_cia_semantic_valid,5139,9831,0.5227342081171803
AG/slow/WANG_GUANG_CHAO,wall_map_area_slope_per_mm_valid,7456,9831,0.7584172515512155
AG/slow/WANG_GUANG_CHAO,wall_map_downstream_min_area_ratio_valid,7165,9831,0.7288170074254908
AG/slow/WANG_GUANG_CHAO,wall_map_downstream_min_distance_mm_valid,7165,9831,0.7288170074254908
AG/slow/WANG_GUANG_CHAO,wall_map_eccentricity_valid,7456,9831,0.7584172515512155
AG/slow/WANG_GUANG_CHAO,wall_map_pc_area_slope_per_mm_valid,6712,9831,0.6827382768792595
AG/slow/WANG_GUANG_CHAO,wall_map_pc_downstream_min_area_ratio_valid,6380,9831,0.6489675516224189
AG/slow/WANG_GUANG_CHAO,wall_map_pc_downstream_min_distance_mm_valid,6380,9831,0.6489675516224189
AG/slow/WANG_GUANG_CHAO,wall_map_pc_eccentricity_valid,6738,9831,0.6853829722306988
AG/slow/WANG_GUANG_CHAO,wall_map_pc_roundness_valid,6738,9831,0.6853829722306988
AG/slow/WANG_GUANG_CHAO,wall_map_pc_upstream_min_area_ratio_valid,6348,9831,0.645712541959109
AG/slow/WANG_GUANG_CHAO,wall_map_pc_upstream_min_distance_mm_valid,6348,9831,0.645712541959109
AG/slow/WANG_GUANG_CHAO,wall_map_pc_valid,6738,9831,0.6853829722306988
AG/slow/WANG_GUANG_CHAO,wall_map_roundness_valid,7456,9831,0.7584172515512155
AG/slow/WANG_GUANG_CHAO,wall_map_upstream_min_area_ratio_valid,7127,9831,0.7249516834503102
AG/slow/WANG_GUANG_CHAO,wall_map_upstream_min_distance_mm_valid,7127,9831,0.7249516834503102
AG/slow/WANG_GUANG_CHAO,wall_map_valid,7456,9831,0.7584172515512155
AG/slow/WANG_GUI,centerline_audit_core_mask,1062,1098,0.9672131147540983
AG/slow/WANG_GUI,centerline_opening_extension_mask,0,1098,0.0
AG/slow/WANG_GUI,centerline_original_audit_core_mask,1062,1098,0.9672131147540983
AG/slow/WANG_GUI,coverage_pre_shift_valid,211,282,0.74822695035461
AG/slow/WANG_GUI,coverage_recovery_candidate_mask,7,282,0.024822695035460994
AG/slow/WANG_GUI,final_probe_profile_valid,204,282,0.723404255319149
AG/slow/WANG_GUI,final_probe_recovered_mask,4,282,0.014184397163120567
AG/slow/WANG_GUI,pc_section_raw_contour_valid,221,282,0.7836879432624113
AG/slow/WANG_GUI,pc_section_valid,174,282,0.6170212765957447
AG/slow/WANG_GUI,section_raw_contour_valid,278,282,0.9858156028368794
AG/slow/WANG_GUI,section_valid,208,282,0.7375886524822695
AG/slow/WANG_GUI,wall_cia_geometry_valid,6115,12031,0.5082703017205552
AG/slow/WANG_GUI,wall_cia_semantic_valid,7947,12031,0.6605435957110797
AG/slow/WANG_GUI,wall_map_area_slope_per_mm_valid,8777,12031,0.729532042224254
AG/slow/WANG_GUI,wall_map_downstream_min_area_ratio_valid,8539,12031,0.7097498129831269
AG/slow/WANG_GUI,wall_map_downstream_min_distance_mm_valid,8539,12031,0.7097498129831269
AG/slow/WANG_GUI,wall_map_eccentricity_valid,8777,12031,0.729532042224254
AG/slow/WANG_GUI,wall_map_pc_area_slope_per_mm_valid,7024,12031,0.5838251184440196
AG/slow/WANG_GUI,wall_map_pc_downstream_min_area_ratio_valid,6433,12031,0.5347020197822292
AG/slow/WANG_GUI,wall_map_pc_downstream_min_distance_mm_valid,6433,12031,0.5347020197822292
AG/slow/WANG_GUI,wall_map_pc_eccentricity_valid,7182,12031,0.5969578588645997
AG/slow/WANG_GUI,wall_map_pc_roundness_valid,7182,12031,0.5969578588645997
AG/slow/WANG_GUI,wall_map_pc_upstream_min_area_ratio_valid,6336,12031,0.5266395145873161
AG/slow/WANG_GUI,wall_map_pc_upstream_min_distance_mm_valid,6336,12031,0.5266395145873161
AG/slow/WANG_GUI,wall_map_pc_valid,7182,12031,0.5969578588645997
AG/slow/WANG_GUI,wall_map_roundness_valid,8777,12031,0.729532042224254
AG/slow/WANG_GUI,wall_map_upstream_min_area_ratio_valid,8439,12031,0.7014379519574433
AG/slow/WANG_GUI,wall_map_upstream_min_distance_mm_valid,8439,12031,0.7014379519574433
AG/slow/WANG_GUI,wall_map_valid,8777,12031,0.729532042224254
AG/slow/WANG_KE,centerline_audit_core_mask,1046,1082,0.966728280961183
AG/slow/WANG_KE,centerline_opening_extension_mask,1,1082,0.0009242144177449168
AG/slow/WANG_KE,centerline_original_audit_core_mask,1046,1082,0.966728280961183
AG/slow/WANG_KE,coverage_pre_shift_valid,221,278,0.7949640287769785
AG/slow/WANG_KE,coverage_recovery_candidate_mask,3,278,0.01079136690647482
AG/slow/WANG_KE,final_probe_profile_valid,218,278,0.7841726618705036
AG/slow/WANG_KE,final_probe_recovered_mask,1,278,0.0035971223021582736
AG/slow/WANG_KE,pc_section_raw_contour_valid,235,278,0.8453237410071942
AG/slow/WANG_KE,pc_section_valid,200,278,0.7194244604316546
AG/slow/WANG_KE,section_raw_contour_valid,275,278,0.9892086330935251
AG/slow/WANG_KE,section_valid,218,278,0.7841726618705036
AG/slow/WANG_KE,wall_cia_geometry_valid,8114,13109,0.6189640704859257
AG/slow/WANG_KE,wall_cia_semantic_valid,9492,13109,0.7240826912807995
AG/slow/WANG_KE,wall_map_area_slope_per_mm_valid,10366,13109,0.7907544435120909
AG/slow/WANG_KE,wall_map_downstream_min_area_ratio_valid,10060,13109,0.7674117018842017
AG/slow/WANG_KE,wall_map_downstream_min_distance_mm_valid,10060,13109,0.7674117018842017
AG/slow/WANG_KE,wall_map_eccentricity_valid,10366,13109,0.7907544435120909
AG/slow/WANG_KE,wall_map_pc_area_slope_per_mm_valid,8992,13109,0.6859409565947059
AG/slow/WANG_KE,wall_map_pc_downstream_min_area_ratio_valid,8208,13109,0.6261347166069113
AG/slow/WANG_KE,wall_map_pc_downstream_min_distance_mm_valid,8208,13109,0.6261347166069113
AG/slow/WANG_KE,wall_map_pc_eccentricity_valid,8992,13109,0.6859409565947059
AG/slow/WANG_KE,wall_map_pc_roundness_valid,8992,13109,0.6859409565947059
AG/slow/WANG_KE,wall_map_pc_upstream_min_area_ratio_valid,8102,13109,0.6180486688534594
AG/slow/WANG_KE,wall_map_pc_upstream_min_distance_mm_valid,8102,13109,0.6180486688534594
AG/slow/WANG_KE,wall_map_pc_valid,8992,13109,0.6859409565947059
AG/slow/WANG_KE,wall_map_roundness_valid,10366,13109,0.7907544435120909
AG/slow/WANG_KE,wall_map_upstream_min_area_ratio_valid,10008,13109,0.7634449614768479
AG/slow/WANG_KE,wall_map_upstream_min_distance_mm_valid,10008,13109,0.7634449614768479
AG/slow/WANG_KE,wall_map_valid,10366,13109,0.7907544435120909
AG/slow/WANG_YAN_LING,centerline_audit_core_mask,828,864,0.9583333333333334
AG/slow/WANG_YAN_LING,centerline_opening_extension_mask,1,864,0.0011574074074074073
AG/slow/WANG_YAN_LING,centerline_original_audit_core_mask,828,864,0.9583333333333334
AG/slow/WANG_YAN_LING,coverage_pre_shift_valid,172,224,0.7678571428571429
AG/slow/WANG_YAN_LING,coverage_recovery_candidate_mask,7,224,0.03125
AG/slow/WANG_YAN_LING,final_probe_profile_valid,165,224,0.7366071428571429
AG/slow/WANG_YAN_LING,final_probe_recovered_mask,3,224,0.013392857142857142
AG/slow/WANG_YAN_LING,pc_section_raw_contour_valid,175,224,0.78125
AG/slow/WANG_YAN_LING,pc_section_valid,152,224,0.6785714285714286
AG/slow/WANG_YAN_LING,section_raw_contour_valid,220,224,0.9821428571428571
AG/slow/WANG_YAN_LING,section_valid,165,224,0.7366071428571429
AG/slow/WANG_YAN_LING,wall_cia_geometry_valid,6911,11695,0.5909362975630611
AG/slow/WANG_YAN_LING,wall_cia_semantic_valid,7972,11695,0.6816588285592133
AG/slow/WANG_YAN_LING,wall_map_area_slope_per_mm_valid,8989,11695,0.7686190679777682
AG/slow/WANG_YAN_LING,wall_map_downstream_min_area_ratio_valid,8643,11695,0.7390337751175716
AG/slow/WANG_YAN_LING,wall_map_downstream_min_distance_mm_valid,8643,11695,0.7390337751175716
AG/slow/WANG_YAN_LING,wall_map_eccentricity_valid,8989,11695,0.7686190679777682
AG/slow/WANG_YAN_LING,wall_map_pc_area_slope_per_mm_valid,7889,11695,0.6745617785378367
AG/slow/WANG_YAN_LING,wall_map_pc_downstream_min_area_ratio_valid,7324,11695,0.6262505344164173
AG/slow/WANG_YAN_LING,wall_map_pc_downstream_min_distance_mm_valid,7324,11695,0.6262505344164173
AG/slow/WANG_YAN_LING,wall_map_pc_eccentricity_valid,7889,11695,0.6745617785378367
AG/slow/WANG_YAN_LING,wall_map_pc_roundness_valid,7889,11695,0.6745617785378367
AG/slow/WANG_YAN_LING,wall_map_pc_upstream_min_area_ratio_valid,7241,11695,0.6191534843950406
AG/slow/WANG_YAN_LING,wall_map_pc_upstream_min_distance_mm_valid,7241,11695,0.6191534843950406
AG/slow/WANG_YAN_LING,wall_map_pc_valid,7889,11695,0.6745617785378367
AG/slow/WANG_YAN_LING,wall_map_roundness_valid,8989,11695,0.7686190679777682
AG/slow/WANG_YAN_LING,wall_map_upstream_min_area_ratio_valid,8559,11695,0.7318512184694314
AG/slow/WANG_YAN_LING,wall_map_upstream_min_distance_mm_valid,8559,11695,0.7318512184694314
AG/slow/WANG_YAN_LING,wall_map_valid,8989,11695,0.7686190679777682
AG/slow/WANG_YONG_LI,centerline_audit_core_mask,996,1032,0.9651162790697675
AG/slow/WANG_YONG_LI,centerline_opening_extension_mask,0,1032,0.0
AG/slow/WANG_YONG_LI,centerline_original_audit_core_mask,996,1032,0.9651162790697675
AG/slow/WANG_YONG_LI,coverage_pre_shift_valid,209,267,0.7827715355805244
AG/slow/WANG_YONG_LI,coverage_recovery_candidate_mask,4,267,0.0149812734082397
AG/slow/WANG_YONG_LI,final_probe_profile_valid,205,267,0.7677902621722846
AG/slow/WANG_YONG_LI,final_probe_recovered_mask,5,267,0.018726591760299626
AG/slow/WANG_YONG_LI,pc_section_raw_contour_valid,220,267,0.8239700374531835
AG/slow/WANG_YONG_LI,pc_section_valid,178,267,0.6666666666666666
AG/slow/WANG_YONG_LI,section_raw_contour_valid,264,267,0.9887640449438202
AG/slow/WANG_YONG_LI,section_valid,207,267,0.7752808988764045
AG/slow/WANG_YONG_LI,wall_cia_geometry_valid,5162,10355,0.49850313858039597
AG/slow/WANG_YONG_LI,wall_cia_semantic_valid,6077,10355,0.5868662481892806
AG/slow/WANG_YONG_LI,wall_map_area_slope_per_mm_valid,8516,10355,0.8224046354418155
AG/slow/WANG_YONG_LI,wall_map_downstream_min_area_ratio_valid,8325,10355,0.803959439884114
AG/slow/WANG_YONG_LI,wall_map_downstream_min_distance_mm_valid,8325,10355,0.803959439884114
AG/slow/WANG_YONG_LI,wall_map_eccentricity_valid,8516,10355,0.8224046354418155
AG/slow/WANG_YONG_LI,wall_map_pc_area_slope_per_mm_valid,6939,10355,0.6701110574601642
AG/slow/WANG_YONG_LI,wall_map_pc_downstream_min_area_ratio_valid,6496,10355,0.6273297923708353
AG/slow/WANG_YONG_LI,wall_map_pc_downstream_min_distance_mm_valid,6496,10355,0.6273297923708353
AG/slow/WANG_YONG_LI,wall_map_pc_eccentricity_valid,7090,10355,0.6846933848382424
AG/slow/WANG_YONG_LI,wall_map_pc_roundness_valid,7090,10355,0.6846933848382424
AG/slow/WANG_YONG_LI,wall_map_pc_upstream_min_area_ratio_valid,6443,10355,0.6222114920328344
AG/slow/WANG_YONG_LI,wall_map_pc_upstream_min_distance_mm_valid,6443,10355,0.6222114920328344
AG/slow/WANG_YONG_LI,wall_map_pc_valid,7090,10355,0.6846933848382424
AG/slow/WANG_YONG_LI,wall_map_roundness_valid,8516,10355,0.8224046354418155
AG/slow/WANG_YONG_LI,wall_map_upstream_min_area_ratio_valid,8248,10355,0.796523418638339
AG/slow/WANG_YONG_LI,wall_map_upstream_min_distance_mm_valid,8248,10355,0.796523418638339
AG/slow/WANG_YONG_LI,wall_map_valid,8516,10355,0.8224046354418155
AG/slow/WEI_BAO_XING,centerline_audit_core_mask,976,1012,0.9644268774703557
AG/slow/WEI_BAO_XING,centerline_opening_extension_mask,1,1012,0.0009881422924901185
AG/slow/WEI_BAO_XING,centerline_original_audit_core_mask,976,1012,0.9644268774703557
AG/slow/WEI_BAO_XING,coverage_pre_shift_valid,210,260,0.8076923076923077
AG/slow/WEI_BAO_XING,coverage_recovery_candidate_mask,3,260,0.011538461538461539
AG/slow/WEI_BAO_XING,final_probe_profile_valid,207,260,0.7961538461538461
AG/slow/WEI_BAO_XING,final_probe_recovered_mask,3,260,0.011538461538461539
AG/slow/WEI_BAO_XING,pc_section_raw_contour_valid,219,260,0.8423076923076923
AG/slow/WEI_BAO_XING,pc_section_valid,162,260,0.6230769230769231
AG/slow/WEI_BAO_XING,section_raw_contour_valid,259,260,0.9961538461538462
AG/slow/WEI_BAO_XING,section_valid,208,260,0.8
AG/slow/WEI_BAO_XING,wall_cia_geometry_valid,4791,9850,0.4863959390862944
AG/slow/WEI_BAO_XING,wall_cia_semantic_valid,5574,9850,0.5658883248730965
AG/slow/WEI_BAO_XING,wall_map_area_slope_per_mm_valid,8133,9850,0.8256852791878173
AG/slow/WEI_BAO_XING,wall_map_downstream_min_area_ratio_valid,7939,9850,0.805989847715736
AG/slow/WEI_BAO_XING,wall_map_downstream_min_distance_mm_valid,7939,9850,0.805989847715736
AG/slow/WEI_BAO_XING,wall_map_eccentricity_valid,8133,9850,0.8256852791878173
AG/slow/WEI_BAO_XING,wall_map_pc_area_slope_per_mm_valid,6223,9850,0.6317766497461929
AG/slow/WEI_BAO_XING,wall_map_pc_downstream_min_area_ratio_valid,5691,9850,0.577766497461929
AG/slow/WEI_BAO_XING,wall_map_pc_downstream_min_distance_mm_valid,5691,9850,0.577766497461929
AG/slow/WEI_BAO_XING,wall_map_pc_eccentricity_valid,6281,9850,0.6376649746192894
AG/slow/WEI_BAO_XING,wall_map_pc_roundness_valid,6281,9850,0.6376649746192894
AG/slow/WEI_BAO_XING,wall_map_pc_upstream_min_area_ratio_valid,5602,9850,0.5687309644670051
AG/slow/WEI_BAO_XING,wall_map_pc_upstream_min_distance_mm_valid,5602,9850,0.5687309644670051
AG/slow/WEI_BAO_XING,wall_map_pc_valid,6281,9850,0.6376649746192894
AG/slow/WEI_BAO_XING,wall_map_roundness_valid,8133,9850,0.8256852791878173
AG/slow/WEI_BAO_XING,wall_map_upstream_min_area_ratio_valid,7892,9850,0.8012182741116751
AG/slow/WEI_BAO_XING,wall_map_upstream_min_distance_mm_valid,7892,9850,0.8012182741116751
AG/slow/WEI_BAO_XING,wall_map_valid,8133,9850,0.8256852791878173
AG/slow/WU_FENG_YAN,centerline_audit_core_mask,1235,1271,0.971675845790716
AG/slow/WU_FENG_YAN,centerline_opening_extension_mask,1,1271,0.0007867820613690008
AG/slow/WU_FENG_YAN,centerline_original_audit_core_mask,1235,1271,0.971675845790716
AG/slow/WU_FENG_YAN,coverage_pre_shift_valid,273,325,0.84
AG/slow/WU_FENG_YAN,coverage_recovery_candidate_mask,6,325,0.018461538461538463
AG/slow/WU_FENG_YAN,final_probe_profile_valid,267,325,0.8215384615384616
AG/slow/WU_FENG_YAN,final_probe_recovered_mask,4,325,0.012307692307692308
AG/slow/WU_FENG_YAN,pc_section_raw_contour_valid,283,325,0.8707692307692307
AG/slow/WU_FENG_YAN,pc_section_valid,231,325,0.7107692307692308
AG/slow/WU_FENG_YAN,section_raw_contour_valid,320,325,0.9846153846153847
AG/slow/WU_FENG_YAN,section_valid,270,325,0.8307692307692308
AG/slow/WU_FENG_YAN,wall_cia_geometry_valid,7919,13937,0.5681997560450599
AG/slow/WU_FENG_YAN,wall_cia_semantic_valid,9026,13937,0.6476286144794432
AG/slow/WU_FENG_YAN,wall_map_area_slope_per_mm_valid,11872,13937,0.8518332496233049
AG/slow/WU_FENG_YAN,wall_map_downstream_min_area_ratio_valid,11631,13937,0.8345411494582765
AG/slow/WU_FENG_YAN,wall_map_downstream_min_distance_mm_valid,11631,13937,0.8345411494582765
AG/slow/WU_FENG_YAN,wall_map_eccentricity_valid,11872,13937,0.8518332496233049
AG/slow/WU_FENG_YAN,wall_map_pc_area_slope_per_mm_valid,9674,13937,0.694123556002009
AG/slow/WU_FENG_YAN,wall_map_pc_downstream_min_area_ratio_valid,8964,13937,0.643180024395494
AG/slow/WU_FENG_YAN,wall_map_pc_downstream_min_distance_mm_valid,8964,13937,0.643180024395494
AG/slow/WU_FENG_YAN,wall_map_pc_eccentricity_valid,9854,13937,0.7070388175360551
AG/slow/WU_FENG_YAN,wall_map_pc_roundness_valid,9854,13937,0.7070388175360551
AG/slow/WU_FENG_YAN,wall_map_pc_upstream_min_area_ratio_valid,8885,13937,0.6375116596111071
AG/slow/WU_FENG_YAN,wall_map_pc_upstream_min_distance_mm_valid,8885,13937,0.6375116596111071
AG/slow/WU_FENG_YAN,wall_map_pc_valid,9854,13937,0.7070388175360551
AG/slow/WU_FENG_YAN,wall_map_roundness_valid,11872,13937,0.8518332496233049
AG/slow/WU_FENG_YAN,wall_map_upstream_min_area_ratio_valid,11552,13937,0.8288727846738897
AG/slow/WU_FENG_YAN,wall_map_upstream_min_distance_mm_valid,11552,13937,0.8288727846738897
AG/slow/WU_FENG_YAN,wall_map_valid,11872,13937,0.8518332496233049
AG/slow/WU_YI_FA,centerline_audit_core_mask,1091,1127,0.9680567879325643
AG/slow/WU_YI_FA,centerline_opening_extension_mask,3,1127,0.0026619343389529724
AG/slow/WU_YI_FA,centerline_original_audit_core_mask,1091,1127,0.9680567879325643
AG/slow/WU_YI_FA,coverage_pre_shift_valid,240,289,0.8304498269896193
AG/slow/WU_YI_FA,coverage_recovery_candidate_mask,5,289,0.01730103806228374
AG/slow/WU_YI_FA,final_probe_profile_valid,235,289,0.8131487889273357
AG/slow/WU_YI_FA,final_probe_recovered_mask,0,289,0.0
AG/slow/WU_YI_FA,pc_section_raw_contour_valid,250,289,0.8650519031141869
AG/slow/WU_YI_FA,pc_section_valid,227,289,0.7854671280276817
AG/slow/WU_YI_FA,section_raw_contour_valid,283,289,0.9792387543252595
AG/slow/WU_YI_FA,section_valid,235,289,0.8131487889273357
AG/slow/WU_YI_FA,wall_cia_geometry_valid,13498,21452,0.6292187208651874
AG/slow/WU_YI_FA,wall_cia_semantic_valid,15006,21452,0.6995151967182547
AG/slow/WU_YI_FA,wall_map_area_slope_per_mm_valid,17316,21452,0.8071974641059109
AG/slow/WU_YI_FA,wall_map_downstream_min_area_ratio_valid,16876,21452,0.7866865560320716
AG/slow/WU_YI_FA,wall_map_downstream_min_distance_mm_valid,16876,21452,0.7866865560320716
AG/slow/WU_YI_FA,wall_map_eccentricity_valid,17418,21452,0.8119522655230281
AG/slow/WU_YI_FA,wall_map_pc_area_slope_per_mm_valid,16317,21452,0.7606283796382621
AG/slow/WU_YI_FA,wall_map_pc_downstream_min_area_ratio_valid,15676,21452,0.7307477158306918
AG/slow/WU_YI_FA,wall_map_pc_downstream_min_distance_mm_valid,15676,21452,0.7307477158306918
AG/slow/WU_YI_FA,wall_map_pc_eccentricity_valid,16472,21452,0.7678538131642737
AG/slow/WU_YI_FA,wall_map_pc_roundness_valid,16472,21452,0.7678538131642737
AG/slow/WU_YI_FA,wall_map_pc_upstream_min_area_ratio_valid,15518,21452,0.7233824352041768
AG/slow/WU_YI_FA,wall_map_pc_upstream_min_distance_mm_valid,15518,21452,0.7233824352041768
AG/slow/WU_YI_FA,wall_map_pc_valid,16472,21452,0.7678538131642737
AG/slow/WU_YI_FA,wall_map_roundness_valid,17418,21452,0.8119522655230281
AG/slow/WU_YI_FA,wall_map_upstream_min_area_ratio_valid,16711,21452,0.7789949655043819
AG/slow/WU_YI_FA,wall_map_upstream_min_distance_mm_valid,16711,21452,0.7789949655043819
AG/slow/WU_YI_FA,wall_map_valid,17418,21452,0.8119522655230281
AG/slow/XI_CHENG_JIANG,centerline_audit_core_mask,1153,1189,0.9697224558452481
AG/slow/XI_CHENG_JIANG,centerline_opening_extension_mask,3,1189,0.002523128679562658
AG/slow/XI_CHENG_JIANG,centerline_original_audit_core_mask,1153,1189,0.9697224558452481
AG/slow/XI_CHENG_JIANG,coverage_pre_shift_valid,236,305,0.7737704918032787
AG/slow/XI_CHENG_JIANG,coverage_recovery_candidate_mask,5,305,0.01639344262295082
AG/slow/XI_CHENG_JIANG,final_probe_profile_valid,231,305,0.7573770491803279
AG/slow/XI_CHENG_JIANG,final_probe_recovered_mask,1,305,0.003278688524590164
AG/slow/XI_CHENG_JIANG,pc_section_raw_contour_valid,249,305,0.8163934426229508
AG/slow/XI_CHENG_JIANG,pc_section_valid,207,305,0.6786885245901639
AG/slow/XI_CHENG_JIANG,section_raw_contour_valid,299,305,0.980327868852459
AG/slow/XI_CHENG_JIANG,section_valid,229,305,0.7508196721311475
AG/slow/XI_CHENG_JIANG,wall_cia_geometry_valid,7042,12865,0.5473766031869414
AG/slow/XI_CHENG_JIANG,wall_cia_semantic_valid,8189,12865,0.6365332296929654
AG/slow/XI_CHENG_JIANG,wall_map_area_slope_per_mm_valid,9949,12865,0.7733385153517295
AG/slow/XI_CHENG_JIANG,wall_map_downstream_min_area_ratio_valid,9718,12865,0.7553828216090167
AG/slow/XI_CHENG_JIANG,wall_map_downstream_min_distance_mm_valid,9718,12865,0.7553828216090167
AG/slow/XI_CHENG_JIANG,wall_map_eccentricity_valid,9949,12865,0.7733385153517295
AG/slow/XI_CHENG_JIANG,wall_map_pc_area_slope_per_mm_valid,8632,12865,0.6709677419354839
AG/slow/XI_CHENG_JIANG,wall_map_pc_downstream_min_area_ratio_valid,8148,12865,0.6333462883793237
AG/slow/XI_CHENG_JIANG,wall_map_pc_downstream_min_distance_mm_valid,8148,12865,0.6333462883793237
AG/slow/XI_CHENG_JIANG,wall_map_pc_eccentricity_valid,8783,12865,0.6827050136027983
AG/slow/XI_CHENG_JIANG,wall_map_pc_roundness_valid,8783,12865,0.6827050136027983
AG/slow/XI_CHENG_JIANG,wall_map_pc_upstream_min_area_ratio_valid,8079,12865,0.6279828993392926
AG/slow/XI_CHENG_JIANG,wall_map_pc_upstream_min_distance_mm_valid,8079,12865,0.6279828993392926
AG/slow/XI_CHENG_JIANG,wall_map_pc_valid,8783,12865,0.6827050136027983
AG/slow/XI_CHENG_JIANG,wall_map_roundness_valid,9949,12865,0.7733385153517295
AG/slow/XI_CHENG_JIANG,wall_map_upstream_min_area_ratio_valid,9648,12865,0.7499417022930431
AG/slow/XI_CHENG_JIANG,wall_map_upstream_min_distance_mm_valid,9648,12865,0.7499417022930431
AG/slow/XI_CHENG_JIANG,wall_map_valid,9949,12865,0.7733385153517295
AG/slow/XU_YI_CAI,centerline_audit_core_mask,1083,1119,0.967828418230563
AG/slow/XU_YI_CAI,centerline_opening_extension_mask,1,1119,0.0008936550491510277
AG/slow/XU_YI_CAI,centerline_original_audit_core_mask,1083,1119,0.967828418230563
AG/slow/XU_YI_CAI,coverage_pre_shift_valid,221,288,0.7673611111111112
AG/slow/XU_YI_CAI,coverage_recovery_candidate_mask,5,288,0.017361111111111112
AG/slow/XU_YI_CAI,final_probe_profile_valid,216,288,0.75
AG/slow/XU_YI_CAI,final_probe_recovered_mask,1,288,0.003472222222222222
AG/slow/XU_YI_CAI,pc_section_raw_contour_valid,231,288,0.8020833333333334
AG/slow/XU_YI_CAI,pc_section_valid,181,288,0.6284722222222222
AG/slow/XU_YI_CAI,section_raw_contour_valid,284,288,0.9861111111111112
AG/slow/XU_YI_CAI,section_valid,215,288,0.7465277777777778
AG/slow/XU_YI_CAI,wall_cia_geometry_valid,5738,10776,0.5324795842613215
AG/slow/XU_YI_CAI,wall_cia_semantic_valid,6990,10776,0.6486636971046771
AG/slow/XU_YI_CAI,wall_map_area_slope_per_mm_valid,8289,10776,0.7692093541202673
AG/slow/XU_YI_CAI,wall_map_downstream_min_area_ratio_valid,8090,10776,0.7507423904974017
AG/slow/XU_YI_CAI,wall_map_downstream_min_distance_mm_valid,8090,10776,0.7507423904974017
AG/slow/XU_YI_CAI,wall_map_eccentricity_valid,8289,10776,0.7692093541202673
AG/slow/XU_YI_CAI,wall_map_pc_area_slope_per_mm_valid,5958,10776,0.5528953229398663
AG/slow/XU_YI_CAI,wall_map_pc_downstream_min_area_ratio_valid,5112,10776,0.47438752783964366
AG/slow/XU_YI_CAI,wall_map_pc_downstream_min_distance_mm_valid,5112,10776,0.47438752783964366
AG/slow/XU_YI_CAI,wall_map_pc_eccentricity_valid,6087,10776,0.5648663697104677
AG/slow/XU_YI_CAI,wall_map_pc_roundness_valid,6087,10776,0.5648663697104677
AG/slow/XU_YI_CAI,wall_map_pc_upstream_min_area_ratio_valid,5054,10776,0.4690051967334818
AG/slow/XU_YI_CAI,wall_map_pc_upstream_min_distance_mm_valid,5054,10776,0.4690051967334818
AG/slow/XU_YI_CAI,wall_map_pc_valid,6087,10776,0.5648663697104677
AG/slow/XU_YI_CAI,wall_map_roundness_valid,8289,10776,0.7692093541202673
AG/slow/XU_YI_CAI,wall_map_upstream_min_area_ratio_valid,8031,10776,0.7452672605790646
AG/slow/XU_YI_CAI,wall_map_upstream_min_distance_mm_valid,8031,10776,0.7452672605790646
AG/slow/XU_YI_CAI,wall_map_valid,8289,10776,0.7692093541202673
AG/slow/YANG_YOU_SHENG,centerline_audit_core_mask,1087,1123,0.9679430097951914
AG/slow/YANG_YOU_SHENG,centerline_opening_extension_mask,0,1123,0.0
AG/slow/YANG_YOU_SHENG,centerline_original_audit_core_mask,1087,1123,0.9679430097951914
AG/slow/YANG_YOU_SHENG,coverage_pre_shift_valid,228,289,0.7889273356401384
AG/slow/YANG_YOU_SHENG,coverage_recovery_candidate_mask,7,289,0.02422145328719723
AG/slow/YANG_YOU_SHENG,final_probe_profile_valid,223,289,0.7716262975778547
AG/slow/YANG_YOU_SHENG,final_probe_recovered_mask,1,289,0.0034602076124567475
AG/slow/YANG_YOU_SHENG,pc_section_raw_contour_valid,236,289,0.8166089965397924
AG/slow/YANG_YOU_SHENG,pc_section_valid,217,289,0.7508650519031141
AG/slow/YANG_YOU_SHENG,section_raw_contour_valid,287,289,0.9930795847750865
AG/slow/YANG_YOU_SHENG,section_valid,223,289,0.7716262975778547
AG/slow/YANG_YOU_SHENG,wall_cia_geometry_valid,8147,14911,0.5463751592783851
AG/slow/YANG_YOU_SHENG,wall_cia_semantic_valid,9436,14911,0.6328214070149554
AG/slow/YANG_YOU_SHENG,wall_map_area_slope_per_mm_valid,11868,14911,0.7959224733418282
AG/slow/YANG_YOU_SHENG,wall_map_downstream_min_area_ratio_valid,11590,14911,0.777278519214003
AG/slow/YANG_YOU_SHENG,wall_map_downstream_min_distance_mm_valid,11590,14911,0.777278519214003
AG/slow/YANG_YOU_SHENG,wall_map_eccentricity_valid,11868,14911,0.7959224733418282
AG/slow/YANG_YOU_SHENG,wall_map_pc_area_slope_per_mm_valid,11330,14911,0.7598417275836631
AG/slow/YANG_YOU_SHENG,wall_map_pc_downstream_min_area_ratio_valid,10792,14911,0.723760981825498
AG/slow/YANG_YOU_SHENG,wall_map_pc_downstream_min_distance_mm_valid,10792,14911,0.723760981825498
AG/slow/YANG_YOU_SHENG,wall_map_pc_eccentricity_valid,11330,14911,0.7598417275836631
AG/slow/YANG_YOU_SHENG,wall_map_pc_roundness_valid,11330,14911,0.7598417275836631
AG/slow/YANG_YOU_SHENG,wall_map_pc_upstream_min_area_ratio_valid,10621,14911,0.7122929380993898
AG/slow/YANG_YOU_SHENG,wall_map_pc_upstream_min_distance_mm_valid,10621,14911,0.7122929380993898
AG/slow/YANG_YOU_SHENG,wall_map_pc_valid,11330,14911,0.7598417275836631
AG/slow/YANG_YOU_SHENG,wall_map_roundness_valid,11868,14911,0.7959224733418282
AG/slow/YANG_YOU_SHENG,wall_map_upstream_min_area_ratio_valid,11452,14911,0.7680236067332842
AG/slow/YANG_YOU_SHENG,wall_map_upstream_min_distance_mm_valid,11452,14911,0.7680236067332842
AG/slow/YANG_YOU_SHENG,wall_map_valid,11868,14911,0.7959224733418282
AG/slow/YIN_YU_RONG,centerline_audit_core_mask,937,973,0.9630010277492291
AG/slow/YIN_YU_RONG,centerline_opening_extension_mask,2,973,0.0020554984583761563
AG/slow/YIN_YU_RONG,centerline_original_audit_core_mask,937,973,0.9630010277492291
AG/slow/YIN_YU_RONG,coverage_pre_shift_valid,200,250,0.8
AG/slow/YIN_YU_RONG,coverage_recovery_candidate_mask,4,250,0.016
AG/slow/YIN_YU_RONG,final_probe_profile_valid,196,250,0.784
AG/slow/YIN_YU_RONG,final_probe_recovered_mask,2,250,0.008
AG/slow/YIN_YU_RONG,pc_section_raw_contour_valid,209,250,0.836
AG/slow/YIN_YU_RONG,pc_section_valid,166,250,0.664
AG/slow/YIN_YU_RONG,section_raw_contour_valid,247,250,0.988
AG/slow/YIN_YU_RONG,section_valid,197,250,0.788
AG/slow/YIN_YU_RONG,wall_cia_geometry_valid,5429,9872,0.5499392220421394
AG/slow/YIN_YU_RONG,wall_cia_semantic_valid,6141,9872,0.6220623987034035
AG/slow/YIN_YU_RONG,wall_map_area_slope_per_mm_valid,8125,9872,0.8230348460291734
AG/slow/YIN_YU_RONG,wall_map_downstream_min_area_ratio_valid,7871,9872,0.797305510534846
AG/slow/YIN_YU_RONG,wall_map_downstream_min_distance_mm_valid,7871,9872,0.797305510534846
AG/slow/YIN_YU_RONG,wall_map_eccentricity_valid,8125,9872,0.8230348460291734
AG/slow/YIN_YU_RONG,wall_map_pc_area_slope_per_mm_valid,6508,9872,0.6592382495948136
AG/slow/YIN_YU_RONG,wall_map_pc_downstream_min_area_ratio_valid,5976,9872,0.6053484602917342
AG/slow/YIN_YU_RONG,wall_map_pc_downstream_min_distance_mm_valid,5976,9872,0.6053484602917342
AG/slow/YIN_YU_RONG,wall_map_pc_eccentricity_valid,6569,9872,0.6654173419773096
AG/slow/YIN_YU_RONG,wall_map_pc_roundness_valid,6569,9872,0.6654173419773096
AG/slow/YIN_YU_RONG,wall_map_pc_upstream_min_area_ratio_valid,5900,9872,0.5976499189627229
AG/slow/YIN_YU_RONG,wall_map_pc_upstream_min_distance_mm_valid,5900,9872,0.5976499189627229
AG/slow/YIN_YU_RONG,wall_map_pc_valid,6569,9872,0.6654173419773096
AG/slow/YIN_YU_RONG,wall_map_roundness_valid,8125,9872,0.8230348460291734
AG/slow/YIN_YU_RONG,wall_map_upstream_min_area_ratio_valid,7824,9872,0.7925445705024311
AG/slow/YIN_YU_RONG,wall_map_upstream_min_distance_mm_valid,7824,9872,0.7925445705024311
AG/slow/YIN_YU_RONG,wall_map_valid,8125,9872,0.8230348460291734
AG/slow/ZANG_YU_SHU,centerline_audit_core_mask,1276,1312,0.9725609756097561
AG/slow/ZANG_YU_SHU,centerline_opening_extension_mask,3,1312,0.0022865853658536584
AG/slow/ZANG_YU_SHU,centerline_original_audit_core_mask,1276,1312,0.9725609756097561
AG/slow/ZANG_YU_SHU,coverage_pre_shift_valid,276,336,0.8214285714285714
AG/slow/ZANG_YU_SHU,coverage_recovery_candidate_mask,10,336,0.02976190476190476
AG/slow/ZANG_YU_SHU,final_probe_profile_valid,268,336,0.7976190476190477
AG/slow/ZANG_YU_SHU,final_probe_recovered_mask,4,336,0.011904761904761904
AG/slow/ZANG_YU_SHU,pc_section_raw_contour_valid,284,336,0.8452380952380952
AG/slow/ZANG_YU_SHU,pc_section_valid,239,336,0.7113095238095238
AG/slow/ZANG_YU_SHU,section_raw_contour_valid,330,336,0.9821428571428571
AG/slow/ZANG_YU_SHU,section_valid,272,336,0.8095238095238095
AG/slow/ZANG_YU_SHU,wall_cia_geometry_valid,8109,15381,0.5272088940901112
AG/slow/ZANG_YU_SHU,wall_cia_semantic_valid,9718,15381,0.6318184773421754
AG/slow/ZANG_YU_SHU,wall_map_area_slope_per_mm_valid,12504,15381,0.8129510434952214
AG/slow/ZANG_YU_SHU,wall_map_downstream_min_area_ratio_valid,12345,15381,0.8026136141993369
AG/slow/ZANG_YU_SHU,wall_map_downstream_min_distance_mm_valid,12345,15381,0.8026136141993369
AG/slow/ZANG_YU_SHU,wall_map_eccentricity_valid,12504,15381,0.8129510434952214
AG/slow/ZANG_YU_SHU,wall_map_pc_area_slope_per_mm_valid,10261,15381,0.6671217736167999
AG/slow/ZANG_YU_SHU,wall_map_pc_downstream_min_area_ratio_valid,9303,15381,0.6048371367271309
AG/slow/ZANG_YU_SHU,wall_map_pc_downstream_min_distance_mm_valid,9303,15381,0.6048371367271309
AG/slow/ZANG_YU_SHU,wall_map_pc_eccentricity_valid,10357,15381,0.673363240361485
AG/slow/ZANG_YU_SHU,wall_map_pc_roundness_valid,10357,15381,0.673363240361485
AG/slow/ZANG_YU_SHU,wall_map_pc_upstream_min_area_ratio_valid,9138,15381,0.5941096157597036
AG/slow/ZANG_YU_SHU,wall_map_pc_upstream_min_distance_mm_valid,9138,15381,0.5941096157597036
AG/slow/ZANG_YU_SHU,wall_map_pc_valid,10357,15381,0.673363240361485
AG/slow/ZANG_YU_SHU,wall_map_roundness_valid,12504,15381,0.8129510434952214
AG/slow/ZANG_YU_SHU,wall_map_upstream_min_area_ratio_valid,12114,15381,0.7875950848449386
AG/slow/ZANG_YU_SHU,wall_map_upstream_min_distance_mm_valid,12114,15381,0.7875950848449386
AG/slow/ZANG_YU_SHU,wall_map_valid,12504,15381,0.8129510434952214
AG/slow/ZHANG_JING_SHUN,centerline_audit_core_mask,1385,1421,0.9746657283603096
AG/slow/ZHANG_JING_SHUN,centerline_opening_extension_mask,0,1421,0.0
AG/slow/ZHANG_JING_SHUN,centerline_original_audit_core_mask,1385,1421,0.9746657283603096
AG/slow/ZHANG_JING_SHUN,coverage_pre_shift_valid,297,364,0.8159340659340659
AG/slow/ZHANG_JING_SHUN,coverage_recovery_candidate_mask,13,364,0.03571428571428571
AG/slow/ZHANG_JING_SHUN,final_probe_profile_valid,284,364,0.7802197802197802
AG/slow/ZHANG_JING_SHUN,final_probe_recovered_mask,1,364,0.0027472527472527475
AG/slow/ZHANG_JING_SHUN,pc_section_raw_contour_valid,258,364,0.7087912087912088
AG/slow/ZHANG_JING_SHUN,pc_section_valid,163,364,0.4478021978021978
AG/slow/ZHANG_JING_SHUN,section_raw_contour_valid,360,364,0.989010989010989
AG/slow/ZHANG_JING_SHUN,section_valid,286,364,0.7857142857142857
AG/slow/ZHANG_JING_SHUN,wall_cia_geometry_valid,6403,12230,0.5235486508585445
AG/slow/ZHANG_JING_SHUN,wall_cia_semantic_valid,7569,12230,0.6188879803761242
AG/slow/ZHANG_JING_SHUN,wall_map_area_slope_per_mm_valid,9605,12230,0.7853638593622241
AG/slow/ZHANG_JING_SHUN,wall_map_downstream_min_area_ratio_valid,9465,12230,0.7739165985282094
AG/slow/ZHANG_JING_SHUN,wall_map_downstream_min_distance_mm_valid,9465,12230,0.7739165985282094
AG/slow/ZHANG_JING_SHUN,wall_map_eccentricity_valid,9626,12230,0.7870809484873262
AG/slow/ZHANG_JING_SHUN,wall_map_pc_area_slope_per_mm_valid,5260,12230,0.43008994276369583
AG/slow/ZHANG_JING_SHUN,wall_map_pc_downstream_min_area_ratio_valid,4980,12230,0.4071954210956664
AG/slow/ZHANG_JING_SHUN,wall_map_pc_downstream_min_distance_mm_valid,4980,12230,0.4071954210956664
AG/slow/ZHANG_JING_SHUN,wall_map_pc_eccentricity_valid,5498,12230,0.4495502861815209
AG/slow/ZHANG_JING_SHUN,wall_map_pc_roundness_valid,5498,12230,0.4495502861815209
AG/slow/ZHANG_JING_SHUN,wall_map_pc_upstream_min_area_ratio_valid,4891,12230,0.39991823385118563
AG/slow/ZHANG_JING_SHUN,wall_map_pc_upstream_min_distance_mm_valid,4891,12230,0.39991823385118563
AG/slow/ZHANG_JING_SHUN,wall_map_pc_valid,5498,12230,0.4495502861815209
AG/slow/ZHANG_JING_SHUN,wall_map_roundness_valid,9626,12230,0.7870809484873262
AG/slow/ZHANG_JING_SHUN,wall_map_upstream_min_area_ratio_valid,9366,12230,0.7658217497955846
AG/slow/ZHANG_JING_SHUN,wall_map_upstream_min_distance_mm_valid,9366,12230,0.7658217497955846
AG/slow/ZHANG_JING_SHUN,wall_map_valid,9626,12230,0.7870809484873262
AG/slow/ZHANG_JUN_HUA,centerline_audit_core_mask,1053,1089,0.9669421487603306
AG/slow/ZHANG_JUN_HUA,centerline_opening_extension_mask,0,1089,0.0
AG/slow/ZHANG_JUN_HUA,centerline_original_audit_core_mask,1053,1089,0.9669421487603306
AG/slow/ZHANG_JUN_HUA,coverage_pre_shift_valid,230,280,0.8214285714285714
AG/slow/ZHANG_JUN_HUA,coverage_recovery_candidate_mask,3,280,0.010714285714285714
AG/slow/ZHANG_JUN_HUA,final_probe_profile_valid,227,280,0.8107142857142857
AG/slow/ZHANG_JUN_HUA,final_probe_recovered_mask,2,280,0.007142857142857143
AG/slow/ZHANG_JUN_HUA,pc_section_raw_contour_valid,243,280,0.8678571428571429
AG/slow/ZHANG_JUN_HUA,pc_section_valid,210,280,0.75
AG/slow/ZHANG_JUN_HUA,section_raw_contour_valid,277,280,0.9892857142857143
AG/slow/ZHANG_JUN_HUA,section_valid,228,280,0.8142857142857143
AG/slow/ZHANG_JUN_HUA,wall_cia_geometry_valid,6987,13569,0.5149237231925713
AG/slow/ZHANG_JUN_HUA,wall_cia_semantic_valid,7757,13569,0.5716707200235832
AG/slow/ZHANG_JUN_HUA,wall_map_area_slope_per_mm_valid,11279,13569,0.8312329574766011
AG/slow/ZHANG_JUN_HUA,wall_map_downstream_min_area_ratio_valid,11052,13569,0.8145036480212249
AG/slow/ZHANG_JUN_HUA,wall_map_downstream_min_distance_mm_valid,11052,13569,0.8145036480212249
AG/slow/ZHANG_JUN_HUA,wall_map_eccentricity_valid,11279,13569,0.8312329574766011
AG/slow/ZHANG_JUN_HUA,wall_map_pc_area_slope_per_mm_valid,10140,13569,0.7472916206057926
AG/slow/ZHANG_JUN_HUA,wall_map_pc_downstream_min_area_ratio_valid,9688,13569,0.7139803964920038
AG/slow/ZHANG_JUN_HUA,wall_map_pc_downstream_min_distance_mm_valid,9688,13569,0.7139803964920038
AG/slow/ZHANG_JUN_HUA,wall_map_pc_eccentricity_valid,10198,13569,0.751566069717739
AG/slow/ZHANG_JUN_HUA,wall_map_pc_roundness_valid,10198,13569,0.751566069717739
AG/slow/ZHANG_JUN_HUA,wall_map_pc_upstream_min_area_ratio_valid,9611,13569,0.7083056968089027
AG/slow/ZHANG_JUN_HUA,wall_map_pc_upstream_min_distance_mm_valid,9611,13569,0.7083056968089027
AG/slow/ZHANG_JUN_HUA,wall_map_pc_valid,10198,13569,0.751566069717739
AG/slow/ZHANG_JUN_HUA,wall_map_roundness_valid,11279,13569,0.8312329574766011
AG/slow/ZHANG_JUN_HUA,wall_map_upstream_min_area_ratio_valid,10976,13569,0.8089026457366055
AG/slow/ZHANG_JUN_HUA,wall_map_upstream_min_distance_mm_valid,10976,13569,0.8089026457366055
AG/slow/ZHANG_JUN_HUA,wall_map_valid,11279,13569,0.8312329574766011
AG/slow/ZHANG_LING_GUANG,centerline_audit_core_mask,1224,1260,0.9714285714285714
AG/slow/ZHANG_LING_GUANG,centerline_opening_extension_mask,0,1260,0.0
AG/slow/ZHANG_LING_GUANG,centerline_original_audit_core_mask,1224,1260,0.9714285714285714
AG/slow/ZHANG_LING_GUANG,coverage_pre_shift_valid,261,323,0.8080495356037152
AG/slow/ZHANG_LING_GUANG,coverage_recovery_candidate_mask,7,323,0.021671826625386997
AG/slow/ZHANG_LING_GUANG,final_probe_profile_valid,255,323,0.7894736842105263
AG/slow/ZHANG_LING_GUANG,final_probe_recovered_mask,4,323,0.01238390092879257
AG/slow/ZHANG_LING_GUANG,pc_section_raw_contour_valid,269,323,0.8328173374613003
AG/slow/ZHANG_LING_GUANG,pc_section_valid,243,323,0.7523219814241486
AG/slow/ZHANG_LING_GUANG,section_raw_contour_valid,321,323,0.9938080495356038
AG/slow/ZHANG_LING_GUANG,section_valid,254,323,0.7863777089783281
AG/slow/ZHANG_LING_GUANG,wall_cia_geometry_valid,11915,18124,0.6574155815493269
AG/slow/ZHANG_LING_GUANG,wall_cia_semantic_valid,13326,18124,0.7352681527256676
AG/slow/ZHANG_LING_GUANG,wall_map_area_slope_per_mm_valid,14473,18124,0.7985544030015449
AG/slow/ZHANG_LING_GUANG,wall_map_downstream_min_area_ratio_valid,14143,18124,0.7803465018759655
AG/slow/ZHANG_LING_GUANG,wall_map_downstream_min_distance_mm_valid,14143,18124,0.7803465018759655
AG/slow/ZHANG_LING_GUANG,wall_map_eccentricity_valid,14501,18124,0.8000993158243214
AG/slow/ZHANG_LING_GUANG,wall_map_pc_area_slope_per_mm_valid,13689,18124,0.7552968439638049
AG/slow/ZHANG_LING_GUANG,wall_map_pc_downstream_min_area_ratio_valid,12958,18124,0.7149635841977489
AG/slow/ZHANG_LING_GUANG,wall_map_pc_downstream_min_distance_mm_valid,12958,18124,0.7149635841977489
AG/slow/ZHANG_LING_GUANG,wall_map_pc_eccentricity_valid,13689,18124,0.7552968439638049
AG/slow/ZHANG_LING_GUANG,wall_map_pc_roundness_valid,13689,18124,0.7552968439638049
AG/slow/ZHANG_LING_GUANG,wall_map_pc_upstream_min_area_ratio_valid,12813,18124,0.7069631427940852
AG/slow/ZHANG_LING_GUANG,wall_map_pc_upstream_min_distance_mm_valid,12813,18124,0.7069631427940852
AG/slow/ZHANG_LING_GUANG,wall_map_pc_valid,13689,18124,0.7552968439638049
AG/slow/ZHANG_LING_GUANG,wall_map_roundness_valid,14501,18124,0.8000993158243214
AG/slow/ZHANG_LING_GUANG,wall_map_upstream_min_area_ratio_valid,13997,18124,0.7722908850143456
AG/slow/ZHANG_LING_GUANG,wall_map_upstream_min_distance_mm_valid,13997,18124,0.7722908850143456
AG/slow/ZHANG_LING_GUANG,wall_map_valid,14501,18124,0.8000993158243214
AG/slow/ZHANG_QING_SHUI,centerline_audit_core_mask,1294,1330,0.9729323308270676
AG/slow/ZHANG_QING_SHUI,centerline_opening_extension_mask,0,1330,0.0
AG/slow/ZHANG_QING_SHUI,centerline_original_audit_core_mask,1294,1330,0.9729323308270676
AG/slow/ZHANG_QING_SHUI,coverage_pre_shift_valid,290,340,0.8529411764705882
AG/slow/ZHANG_QING_SHUI,coverage_recovery_candidate_mask,8,340,0.023529411764705882
AG/slow/ZHANG_QING_SHUI,final_probe_profile_valid,282,340,0.8294117647058824
AG/slow/ZHANG_QING_SHUI,final_probe_recovered_mask,1,340,0.0029411764705882353
AG/slow/ZHANG_QING_SHUI,pc_section_raw_contour_valid,265,340,0.7794117647058824
AG/slow/ZHANG_QING_SHUI,pc_section_valid,218,340,0.6411764705882353
AG/slow/ZHANG_QING_SHUI,section_raw_contour_valid,337,340,0.9911764705882353
AG/slow/ZHANG_QING_SHUI,section_valid,281,340,0.8264705882352941
AG/slow/ZHANG_QING_SHUI,wall_cia_geometry_valid,8493,14223,0.5971314068761865
AG/slow/ZHANG_QING_SHUI,wall_cia_semantic_valid,9326,14223,0.6556985164873796
AG/slow/ZHANG_QING_SHUI,wall_map_area_slope_per_mm_valid,11930,14223,0.8387822540954791
AG/slow/ZHANG_QING_SHUI,wall_map_downstream_min_area_ratio_valid,11694,14223,0.8221894115165577
AG/slow/ZHANG_QING_SHUI,wall_map_downstream_min_distance_mm_valid,11694,14223,0.8221894115165577
AG/slow/ZHANG_QING_SHUI,wall_map_eccentricity_valid,11930,14223,0.8387822540954791
AG/slow/ZHANG_QING_SHUI,wall_map_pc_area_slope_per_mm_valid,8360,14223,0.5877803557617943
AG/slow/ZHANG_QING_SHUI,wall_map_pc_downstream_min_area_ratio_valid,7718,14223,0.5426421992547282
AG/slow/ZHANG_QING_SHUI,wall_map_pc_downstream_min_distance_mm_valid,7718,14223,0.5426421992547282
AG/slow/ZHANG_QING_SHUI,wall_map_pc_eccentricity_valid,8528,14223,0.5995922098010265
AG/slow/ZHANG_QING_SHUI,wall_map_pc_roundness_valid,8528,14223,0.5995922098010265
AG/slow/ZHANG_QING_SHUI,wall_map_pc_upstream_min_area_ratio_valid,7643,14223,0.537369050130071
AG/slow/ZHANG_QING_SHUI,wall_map_pc_upstream_min_distance_mm_valid,7643,14223,0.537369050130071
AG/slow/ZHANG_QING_SHUI,wall_map_pc_valid,8528,14223,0.5995922098010265
AG/slow/ZHANG_QING_SHUI,wall_map_roundness_valid,11930,14223,0.8387822540954791
AG/slow/ZHANG_QING_SHUI,wall_map_upstream_min_area_ratio_valid,11586,14223,0.8145960767770513
AG/slow/ZHANG_QING_SHUI,wall_map_upstream_min_distance_mm_valid,11586,14223,0.8145960767770513
AG/slow/ZHANG_QING_SHUI,wall_map_valid,11930,14223,0.8387822540954791
AG/slow/ZHANG_QUAN_YOU,centerline_audit_core_mask,1075,1111,0.9675967596759676
AG/slow/ZHANG_QUAN_YOU,centerline_opening_extension_mask,0,1111,0.0
AG/slow/ZHANG_QUAN_YOU,centerline_original_audit_core_mask,1075,1111,0.9675967596759676
AG/slow/ZHANG_QUAN_YOU,coverage_pre_shift_valid,236,285,0.8280701754385965
AG/slow/ZHANG_QUAN_YOU,coverage_recovery_candidate_mask,5,285,0.017543859649122806
AG/slow/ZHANG_QUAN_YOU,final_probe_profile_valid,231,285,0.8105263157894737
AG/slow/ZHANG_QUAN_YOU,final_probe_recovered_mask,3,285,0.010526315789473684
AG/slow/ZHANG_QUAN_YOU,pc_section_raw_contour_valid,249,285,0.8736842105263158
AG/slow/ZHANG_QUAN_YOU,pc_section_valid,207,285,0.7263157894736842
AG/slow/ZHANG_QUAN_YOU,section_raw_contour_valid,283,285,0.9929824561403509
AG/slow/ZHANG_QUAN_YOU,section_valid,230,285,0.8070175438596491
AG/slow/ZHANG_QUAN_YOU,wall_cia_geometry_valid,6475,12409,0.5217986944959304
AG/slow/ZHANG_QUAN_YOU,wall_cia_semantic_valid,7126,12409,0.5742606172938995
AG/slow/ZHANG_QUAN_YOU,wall_map_area_slope_per_mm_valid,10507,12409,0.8467241518252882
AG/slow/ZHANG_QUAN_YOU,wall_map_downstream_min_area_ratio_valid,10266,12409,0.8273027641228141
AG/slow/ZHANG_QUAN_YOU,wall_map_downstream_min_distance_mm_valid,10266,12409,0.8273027641228141
AG/slow/ZHANG_QUAN_YOU,wall_map_eccentricity_valid,10507,12409,0.8467241518252882
AG/slow/ZHANG_QUAN_YOU,wall_map_pc_area_slope_per_mm_valid,9392,12409,0.7568700136997341
AG/slow/ZHANG_QUAN_YOU,wall_map_pc_downstream_min_area_ratio_valid,8982,12409,0.7238294786042389
AG/slow/ZHANG_QUAN_YOU,wall_map_pc_downstream_min_distance_mm_valid,8982,12409,0.7238294786042389
AG/slow/ZHANG_QUAN_YOU,wall_map_pc_eccentricity_valid,9468,12409,0.7629946006930454
AG/slow/ZHANG_QUAN_YOU,wall_map_pc_roundness_valid,9468,12409,0.7629946006930454
AG/slow/ZHANG_QUAN_YOU,wall_map_pc_upstream_min_area_ratio_valid,8919,12409,0.7187525183334676
AG/slow/ZHANG_QUAN_YOU,wall_map_pc_upstream_min_distance_mm_valid,8919,12409,0.7187525183334676
AG/slow/ZHANG_QUAN_YOU,wall_map_pc_valid,9468,12409,0.7629946006930454
AG/slow/ZHANG_QUAN_YOU,wall_map_roundness_valid,10507,12409,0.8467241518252882
AG/slow/ZHANG_QUAN_YOU,wall_map_upstream_min_area_ratio_valid,10200,12409,0.821984043839149
AG/slow/ZHANG_QUAN_YOU,wall_map_upstream_min_distance_mm_valid,10200,12409,0.821984043839149
AG/slow/ZHANG_QUAN_YOU,wall_map_valid,10507,12409,0.8467241518252882
AG/slow/ZHANG_SONG_TIAN,centerline_audit_core_mask,1102,1138,0.968365553602812
AG/slow/ZHANG_SONG_TIAN,centerline_opening_extension_mask,1,1138,0.0008787346221441124
AG/slow/ZHANG_SONG_TIAN,centerline_original_audit_core_mask,1102,1138,0.968365553602812
AG/slow/ZHANG_SONG_TIAN,coverage_pre_shift_valid,236,293,0.8054607508532423
AG/slow/ZHANG_SONG_TIAN,coverage_recovery_candidate_mask,4,293,0.013651877133105802
AG/slow/ZHANG_SONG_TIAN,final_probe_profile_valid,232,293,0.7918088737201365
AG/slow/ZHANG_SONG_TIAN,final_probe_recovered_mask,5,293,0.017064846416382253
AG/slow/ZHANG_SONG_TIAN,pc_section_raw_contour_valid,245,293,0.8361774744027304
AG/slow/ZHANG_SONG_TIAN,pc_section_valid,206,293,0.7030716723549488
AG/slow/ZHANG_SONG_TIAN,section_raw_contour_valid,289,293,0.9863481228668942
AG/slow/ZHANG_SONG_TIAN,section_valid,232,293,0.7918088737201365
AG/slow/ZHANG_SONG_TIAN,wall_cia_geometry_valid,7725,12468,0.6195861405197305
AG/slow/ZHANG_SONG_TIAN,wall_cia_semantic_valid,8884,12468,0.7125441129290985
AG/slow/ZHANG_SONG_TIAN,wall_map_area_slope_per_mm_valid,9912,12468,0.794995187680462
AG/slow/ZHANG_SONG_TIAN,wall_map_downstream_min_area_ratio_valid,9701,12468,0.7780718639717678
AG/slow/ZHANG_SONG_TIAN,wall_map_downstream_min_distance_mm_valid,9701,12468,0.7780718639717678
AG/slow/ZHANG_SONG_TIAN,wall_map_eccentricity_valid,9912,12468,0.794995187680462
AG/slow/ZHANG_SONG_TIAN,wall_map_pc_area_slope_per_mm_valid,8326,12468,0.6677895412255374
AG/slow/ZHANG_SONG_TIAN,wall_map_pc_downstream_min_area_ratio_valid,7612,12468,0.6105229387231312
AG/slow/ZHANG_SONG_TIAN,wall_map_pc_downstream_min_distance_mm_valid,7612,12468,0.6105229387231312
AG/slow/ZHANG_SONG_TIAN,wall_map_pc_eccentricity_valid,8326,12468,0.6677895412255374
AG/slow/ZHANG_SONG_TIAN,wall_map_pc_roundness_valid,8326,12468,0.6677895412255374
AG/slow/ZHANG_SONG_TIAN,wall_map_pc_upstream_min_area_ratio_valid,7522,12468,0.6033044594161052
AG/slow/ZHANG_SONG_TIAN,wall_map_pc_upstream_min_distance_mm_valid,7522,12468,0.6033044594161052
AG/slow/ZHANG_SONG_TIAN,wall_map_pc_valid,8326,12468,0.6677895412255374
AG/slow/ZHANG_SONG_TIAN,wall_map_roundness_valid,9912,12468,0.794995187680462
AG/slow/ZHANG_SONG_TIAN,wall_map_upstream_min_area_ratio_valid,9644,12468,0.7735001604106513
AG/slow/ZHANG_SONG_TIAN,wall_map_upstream_min_distance_mm_valid,9644,12468,0.7735001604106513
AG/slow/ZHANG_SONG_TIAN,wall_map_valid,9912,12468,0.794995187680462
AG/slow/ZHANG_WEI_XIAN,centerline_audit_core_mask,898,934,0.961456102783726
AG/slow/ZHANG_WEI_XIAN,centerline_opening_extension_mask,0,934,0.0
AG/slow/ZHANG_WEI_XIAN,centerline_original_audit_core_mask,898,934,0.961456102783726
AG/slow/ZHANG_WEI_XIAN,coverage_pre_shift_valid,187,240,0.7791666666666667
AG/slow/ZHANG_WEI_XIAN,coverage_recovery_candidate_mask,7,240,0.029166666666666667
AG/slow/ZHANG_WEI_XIAN,final_probe_profile_valid,180,240,0.75
AG/slow/ZHANG_WEI_XIAN,final_probe_recovered_mask,2,240,0.008333333333333333
AG/slow/ZHANG_WEI_XIAN,pc_section_raw_contour_valid,189,240,0.7875
AG/slow/ZHANG_WEI_XIAN,pc_section_valid,172,240,0.7166666666666667
AG/slow/ZHANG_WEI_XIAN,section_raw_contour_valid,237,240,0.9875
AG/slow/ZHANG_WEI_XIAN,section_valid,177,240,0.7375
AG/slow/ZHANG_WEI_XIAN,wall_cia_geometry_valid,11281,18555,0.6079762867151711
AG/slow/ZHANG_WEI_XIAN,wall_cia_semantic_valid,13566,18555,0.7311236863379144
AG/slow/ZHANG_WEI_XIAN,wall_map_area_slope_per_mm_valid,13161,18555,0.7092966855295069
AG/slow/ZHANG_WEI_XIAN,wall_map_downstream_min_area_ratio_valid,12708,18555,0.6848827809215845
AG/slow/ZHANG_WEI_XIAN,wall_map_downstream_min_distance_mm_valid,12708,18555,0.6848827809215845
AG/slow/ZHANG_WEI_XIAN,wall_map_eccentricity_valid,13161,18555,0.7092966855295069
AG/slow/ZHANG_WEI_XIAN,wall_map_pc_area_slope_per_mm_valid,12600,18555,0.6790622473726758
AG/slow/ZHANG_WEI_XIAN,wall_map_pc_downstream_min_area_ratio_valid,11788,18555,0.6353004580975479
AG/slow/ZHANG_WEI_XIAN,wall_map_pc_downstream_min_distance_mm_valid,11788,18555,0.6353004580975479
AG/slow/ZHANG_WEI_XIAN,wall_map_pc_eccentricity_valid,12600,18555,0.6790622473726758
AG/slow/ZHANG_WEI_XIAN,wall_map_pc_roundness_valid,12600,18555,0.6790622473726758
AG/slow/ZHANG_WEI_XIAN,wall_map_pc_upstream_min_area_ratio_valid,11745,18555,0.6329830234438156
AG/slow/ZHANG_WEI_XIAN,wall_map_pc_upstream_min_distance_mm_valid,11745,18555,0.6329830234438156
AG/slow/ZHANG_WEI_XIAN,wall_map_pc_valid,12600,18555,0.6790622473726758
AG/slow/ZHANG_WEI_XIAN,wall_map_roundness_valid,13161,18555,0.7092966855295069
AG/slow/ZHANG_WEI_XIAN,wall_map_upstream_min_area_ratio_valid,12550,18555,0.6763675559148478
AG/slow/ZHANG_WEI_XIAN,wall_map_upstream_min_distance_mm_valid,12550,18555,0.6763675559148478
AG/slow/ZHANG_WEI_XIAN,wall_map_valid,13161,18555,0.7092966855295069
AG/slow/ZHANG_ZHI_JUN,centerline_audit_core_mask,885,921,0.9609120521172638
AG/slow/ZHANG_ZHI_JUN,centerline_opening_extension_mask,1,921,0.0010857763300760044
AG/slow/ZHANG_ZHI_JUN,centerline_original_audit_core_mask,885,921,0.9609120521172638
AG/slow/ZHANG_ZHI_JUN,coverage_pre_shift_valid,178,239,0.7447698744769874
AG/slow/ZHANG_ZHI_JUN,coverage_recovery_candidate_mask,3,239,0.012552301255230125
AG/slow/ZHANG_ZHI_JUN,final_probe_profile_valid,175,239,0.7322175732217573
AG/slow/ZHANG_ZHI_JUN,final_probe_recovered_mask,1,239,0.0041841004184100415
AG/slow/ZHANG_ZHI_JUN,pc_section_raw_contour_valid,194,239,0.8117154811715481
AG/slow/ZHANG_ZHI_JUN,pc_section_valid,160,239,0.6694560669456067
AG/slow/ZHANG_ZHI_JUN,section_raw_contour_valid,238,239,0.99581589958159
AG/slow/ZHANG_ZHI_JUN,section_valid,172,239,0.7196652719665272
AG/slow/ZHANG_ZHI_JUN,wall_cia_geometry_valid,5126,10095,0.5077761267954433
AG/slow/ZHANG_ZHI_JUN,wall_cia_semantic_valid,5912,10095,0.5856364536899455
AG/slow/ZHANG_ZHI_JUN,wall_map_area_slope_per_mm_valid,7735,10095,0.7662209014363547
AG/slow/ZHANG_ZHI_JUN,wall_map_downstream_min_area_ratio_valid,7477,10095,0.7406636948984646
AG/slow/ZHANG_ZHI_JUN,wall_map_downstream_min_distance_mm_valid,7477,10095,0.7406636948984646
AG/slow/ZHANG_ZHI_JUN,wall_map_eccentricity_valid,7735,10095,0.7662209014363547
AG/slow/ZHANG_ZHI_JUN,wall_map_pc_area_slope_per_mm_valid,7027,10095,0.696087171867261
AG/slow/ZHANG_ZHI_JUN,wall_map_pc_downstream_min_area_ratio_valid,6698,10095,0.6634967805844477
AG/slow/ZHANG_ZHI_JUN,wall_map_pc_downstream_min_distance_mm_valid,6698,10095,0.6634967805844477
AG/slow/ZHANG_ZHI_JUN,wall_map_pc_eccentricity_valid,7122,10095,0.7054977711738485
AG/slow/ZHANG_ZHI_JUN,wall_map_pc_roundness_valid,7122,10095,0.7054977711738485
AG/slow/ZHANG_ZHI_JUN,wall_map_pc_upstream_min_area_ratio_valid,6657,10095,0.6594353640416047
AG/slow/ZHANG_ZHI_JUN,wall_map_pc_upstream_min_distance_mm_valid,6657,10095,0.6594353640416047
AG/slow/ZHANG_ZHI_JUN,wall_map_pc_valid,7122,10095,0.7054977711738485
AG/slow/ZHANG_ZHI_JUN,wall_map_roundness_valid,7735,10095,0.7662209014363547
AG/slow/ZHANG_ZHI_JUN,wall_map_upstream_min_area_ratio_valid,7437,10095,0.736701337295691
AG/slow/ZHANG_ZHI_JUN,wall_map_upstream_min_distance_mm_valid,7437,10095,0.736701337295691
AG/slow/ZHANG_ZHI_JUN,wall_map_valid,7735,10095,0.7662209014363547
ILO/AN_GUANG_JIE-0/before,centerline_audit_core_mask,1107,1143,0.968503937007874
ILO/AN_GUANG_JIE-0/before,centerline_opening_extension_mask,6,1143,0.005249343832020997
ILO/AN_GUANG_JIE-0/before,centerline_original_audit_core_mask,1107,1143,0.968503937007874
ILO/AN_GUANG_JIE-0/before,coverage_pre_shift_valid,234,293,0.7986348122866894
ILO/AN_GUANG_JIE-0/before,coverage_recovery_candidate_mask,7,293,0.023890784982935155
ILO/AN_GUANG_JIE-0/before,final_probe_profile_valid,232,293,0.7918088737201365
ILO/AN_GUANG_JIE-0/before,final_probe_recovered_mask,5,293,0.017064846416382253
ILO/AN_GUANG_JIE-0/before,pc_section_raw_contour_valid,233,293,0.7952218430034129
ILO/AN_GUANG_JIE-0/before,pc_section_valid,219,293,0.7474402730375427
ILO/AN_GUANG_JIE-0/before,section_raw_contour_valid,286,293,0.9761092150170648
ILO/AN_GUANG_JIE-0/before,section_valid,226,293,0.7713310580204779
ILO/AN_GUANG_JIE-0/before,wall_cia_geometry_valid,24218,56949,0.425257686702137
ILO/AN_GUANG_JIE-0/before,wall_cia_semantic_valid,27796,56949,0.4880858311822859
ILO/AN_GUANG_JIE-0/before,wall_map_area_slope_per_mm_valid,42451,56949,0.7454213419024039
ILO/AN_GUANG_JIE-0/before,wall_map_downstream_min_area_ratio_valid,40704,56949,0.7147447716377812
ILO/AN_GUANG_JIE-0/before,wall_map_downstream_min_distance_mm_valid,40704,56949,0.7147447716377812
ILO/AN_GUANG_JIE-0/before,wall_map_eccentricity_valid,42451,56949,0.7454213419024039
ILO/AN_GUANG_JIE-0/before,wall_map_pc_area_slope_per_mm_valid,38301,56949,0.6725491228994364
ILO/AN_GUANG_JIE-0/before,wall_map_pc_downstream_min_area_ratio_valid,36921,56949,0.6483169151345941
ILO/AN_GUANG_JIE-0/before,wall_map_pc_downstream_min_distance_mm_valid,36921,56949,0.6483169151345941
ILO/AN_GUANG_JIE-0/before,wall_map_pc_eccentricity_valid,39029,56949,0.6853324904739329
ILO/AN_GUANG_JIE-0/before,wall_map_pc_roundness_valid,39029,56949,0.6853324904739329
ILO/AN_GUANG_JIE-0/before,wall_map_pc_upstream_min_area_ratio_valid,36953,56949,0.6488788214016049
ILO/AN_GUANG_JIE-0/before,wall_map_pc_upstream_min_distance_mm_valid,36953,56949,0.6488788214016049
ILO/AN_GUANG_JIE-0/before,wall_map_pc_valid,39029,56949,0.6853324904739329
ILO/AN_GUANG_JIE-0/before,wall_map_roundness_valid,42451,56949,0.7454213419024039
ILO/AN_GUANG_JIE-0/before,wall_map_upstream_min_area_ratio_valid,40222,56949,0.7062810584909305
ILO/AN_GUANG_JIE-0/before,wall_map_upstream_min_distance_mm_valid,40222,56949,0.7062810584909305
ILO/AN_GUANG_JIE-0/before,wall_map_valid,42451,56949,0.7454213419024039
ILO/BAO_EN_YUN-0/before,centerline_audit_core_mask,1268,1304,0.9723926380368099
ILO/BAO_EN_YUN-0/before,centerline_opening_extension_mask,7,1304,0.005368098159509203
ILO/BAO_EN_YUN-0/before,centerline_original_audit_core_mask,1268,1304,0.9723926380368099
ILO/BAO_EN_YUN-0/before,coverage_pre_shift_valid,263,334,0.7874251497005988
ILO/BAO_EN_YUN-0/before,coverage_recovery_candidate_mask,8,334,0.023952095808383235
ILO/BAO_EN_YUN-0/before,final_probe_profile_valid,255,334,0.7634730538922155
ILO/BAO_EN_YUN-0/before,final_probe_recovered_mask,1,334,0.0029940119760479044
ILO/BAO_EN_YUN-0/before,pc_section_raw_contour_valid,262,334,0.7844311377245509
ILO/BAO_EN_YUN-0/before,pc_section_valid,253,334,0.7574850299401198
ILO/BAO_EN_YUN-0/before,section_raw_contour_valid,329,334,0.9850299401197605
ILO/BAO_EN_YUN-0/before,section_valid,256,334,0.7664670658682635
ILO/BAO_EN_YUN-0/before,wall_cia_geometry_valid,37770,89416,0.4224076227968149
ILO/BAO_EN_YUN-0/before,wall_cia_semantic_valid,46169,89416,0.5163393576093764
ILO/BAO_EN_YUN-0/before,wall_map_area_slope_per_mm_valid,71259,89416,0.7969379082043482
ILO/BAO_EN_YUN-0/before,wall_map_downstream_min_area_ratio_valid,69891,89416,0.7816386329068623
ILO/BAO_EN_YUN-0/before,wall_map_downstream_min_distance_mm_valid,69891,89416,0.7816386329068623
ILO/BAO_EN_YUN-0/before,wall_map_eccentricity_valid,71259,89416,0.7969379082043482
ILO/BAO_EN_YUN-0/before,wall_map_pc_area_slope_per_mm_valid,70374,89416,0.787040350720229
ILO/BAO_EN_YUN-0/before,wall_map_pc_downstream_min_area_ratio_valid,68830,89416,0.7697727476066923
ILO/BAO_EN_YUN-0/before,wall_map_pc_downstream_min_distance_mm_valid,68830,89416,0.7697727476066923
ILO/BAO_EN_YUN-0/before,wall_map_pc_eccentricity_valid,70374,89416,0.787040350720229
ILO/BAO_EN_YUN-0/before,wall_map_pc_roundness_valid,70374,89416,0.787040350720229
ILO/BAO_EN_YUN-0/before,wall_map_pc_upstream_min_area_ratio_valid,68364,89416,0.7645611523664668
ILO/BAO_EN_YUN-0/before,wall_map_pc_upstream_min_distance_mm_valid,68364,89416,0.7645611523664668
ILO/BAO_EN_YUN-0/before,wall_map_pc_valid,70374,89416,0.787040350720229
ILO/BAO_EN_YUN-0/before,wall_map_roundness_valid,71259,89416,0.7969379082043482
ILO/BAO_EN_YUN-0/before,wall_map_upstream_min_area_ratio_valid,69489,89416,0.7771427932361099
ILO/BAO_EN_YUN-0/before,wall_map_upstream_min_distance_mm_valid,69489,89416,0.7771427932361099
ILO/BAO_EN_YUN-0/before,wall_map_valid,71259,89416,0.7969379082043482
ILO/CUI_WEI_PING-0/before,centerline_audit_core_mask,1205,1241,0.9709911361804996
ILO/CUI_WEI_PING-0/before,centerline_opening_extension_mask,2,1241,0.0016116035455278
ILO/CUI_WEI_PING-0/before,centerline_original_audit_core_mask,1205,1241,0.9709911361804996
ILO/CUI_WEI_PING-0/before,coverage_pre_shift_valid,264,318,0.8301886792452831
ILO/CUI_WEI_PING-0/before,coverage_recovery_candidate_mask,3,318,0.009433962264150943
ILO/CUI_WEI_PING-0/before,final_probe_profile_valid,261,318,0.8207547169811321
ILO/CUI_WEI_PING-0/before,final_probe_recovered_mask,1,318,0.0031446540880503146
ILO/CUI_WEI_PING-0/before,pc_section_raw_contour_valid,262,318,0.8238993710691824
ILO/CUI_WEI_PING-0/before,pc_section_valid,250,318,0.7861635220125787
ILO/CUI_WEI_PING-0/before,section_raw_contour_valid,315,318,0.9905660377358491
ILO/CUI_WEI_PING-0/before,section_valid,259,318,0.8144654088050315
ILO/CUI_WEI_PING-0/before,wall_cia_geometry_valid,28154,55493,0.5073432685203539
ILO/CUI_WEI_PING-0/before,wall_cia_semantic_valid,31954,55493,0.5758203737408322
ILO/CUI_WEI_PING-0/before,wall_map_area_slope_per_mm_valid,46000,55493,0.8289333789847368
ILO/CUI_WEI_PING-0/before,wall_map_downstream_min_area_ratio_valid,45095,55493,0.8126250157677545
ILO/CUI_WEI_PING-0/before,wall_map_downstream_min_distance_mm_valid,45095,55493,0.8126250157677545
ILO/CUI_WEI_PING-0/before,wall_map_eccentricity_valid,46000,55493,0.8289333789847368
ILO/CUI_WEI_PING-0/before,wall_map_pc_area_slope_per_mm_valid,43109,55493,0.7768367181446308
ILO/CUI_WEI_PING-0/before,wall_map_pc_downstream_min_area_ratio_valid,41530,55493,0.7483826788964374
ILO/CUI_WEI_PING-0/before,wall_map_pc_downstream_min_distance_mm_valid,41530,55493,0.7483826788964374
ILO/CUI_WEI_PING-0/before,wall_map_pc_eccentricity_valid,43109,55493,0.7768367181446308
ILO/CUI_WEI_PING-0/before,wall_map_pc_roundness_valid,43109,55493,0.7768367181446308
ILO/CUI_WEI_PING-0/before,wall_map_pc_upstream_min_area_ratio_valid,41302,55493,0.7442740525832087
ILO/CUI_WEI_PING-0/before,wall_map_pc_upstream_min_distance_mm_valid,41302,55493,0.7442740525832087
ILO/CUI_WEI_PING-0/before,wall_map_pc_valid,43109,55493,0.7768367181446308
ILO/CUI_WEI_PING-0/before,wall_map_roundness_valid,46000,55493,0.8289333789847368
ILO/CUI_WEI_PING-0/before,wall_map_upstream_min_area_ratio_valid,44787,55493,0.8070747661867262
ILO/CUI_WEI_PING-0/before,wall_map_upstream_min_distance_mm_valid,44787,55493,0.8070747661867262
ILO/CUI_WEI_PING-0/before,wall_map_valid,46000,55493,0.8289333789847368
ILO/GAO_SHU_CAI-0/before,centerline_audit_core_mask,1515,1551,0.97678916827853
ILO/GAO_SHU_CAI-0/before,centerline_opening_extension_mask,2,1551,0.0012894906511927789
ILO/GAO_SHU_CAI-0/before,centerline_original_audit_core_mask,1515,1551,0.97678916827853
ILO/GAO_SHU_CAI-0/before,coverage_pre_shift_valid,331,396,0.8358585858585859
ILO/GAO_SHU_CAI-0/before,coverage_recovery_candidate_mask,7,396,0.017676767676767676
ILO/GAO_SHU_CAI-0/before,final_probe_profile_valid,325,396,0.8207070707070707
ILO/GAO_SHU_CAI-0/before,final_probe_recovered_mask,11,396,0.027777777777777776
ILO/GAO_SHU_CAI-0/before,pc_section_raw_contour_valid,333,396,0.8409090909090909
ILO/GAO_SHU_CAI-0/before,pc_section_valid,320,396,0.8080808080808081
ILO/GAO_SHU_CAI-0/before,section_raw_contour_valid,392,396,0.98989898989899
ILO/GAO_SHU_CAI-0/before,section_valid,327,396,0.8257575757575758
ILO/GAO_SHU_CAI-0/before,wall_cia_geometry_valid,34670,76062,0.45581236359811733
ILO/GAO_SHU_CAI-0/before,wall_cia_semantic_valid,42451,76062,0.5581104888117588
ILO/GAO_SHU_CAI-0/before,wall_map_area_slope_per_mm_valid,59390,76062,0.7808103915227051
ILO/GAO_SHU_CAI-0/before,wall_map_downstream_min_area_ratio_valid,58519,76062,0.769359206962741
ILO/GAO_SHU_CAI-0/before,wall_map_downstream_min_distance_mm_valid,58519,76062,0.769359206962741
ILO/GAO_SHU_CAI-0/before,wall_map_eccentricity_valid,59390,76062,0.7808103915227051
ILO/GAO_SHU_CAI-0/before,wall_map_pc_area_slope_per_mm_valid,57409,76062,0.7547658489127291
ILO/GAO_SHU_CAI-0/before,wall_map_pc_downstream_min_area_ratio_valid,56126,76062,0.7378980305540217
ILO/GAO_SHU_CAI-0/before,wall_map_pc_downstream_min_distance_mm_valid,56126,76062,0.7378980305540217
ILO/GAO_SHU_CAI-0/before,wall_map_pc_eccentricity_valid,57409,76062,0.7547658489127291
ILO/GAO_SHU_CAI-0/before,wall_map_pc_roundness_valid,57409,76062,0.7547658489127291
ILO/GAO_SHU_CAI-0/before,wall_map_pc_upstream_min_area_ratio_valid,55285,76062,0.7268412610764903
ILO/GAO_SHU_CAI-0/before,wall_map_pc_upstream_min_distance_mm_valid,55285,76062,0.7268412610764903
ILO/GAO_SHU_CAI-0/before,wall_map_pc_valid,57409,76062,0.7547658489127291
ILO/GAO_SHU_CAI-0/before,wall_map_roundness_valid,59390,76062,0.7808103915227051
ILO/GAO_SHU_CAI-0/before,wall_map_upstream_min_area_ratio_valid,57597,76062,0.757237516762641
ILO/GAO_SHU_CAI-0/before,wall_map_upstream_min_distance_mm_valid,57597,76062,0.757237516762641
ILO/GAO_SHU_CAI-0/before,wall_map_valid,59390,76062,0.7808103915227051
ILO/GENG_CHUN_LAI-1/before,centerline_audit_core_mask,1375,1411,0.9744861800141743
ILO/GENG_CHUN_LAI-1/before,centerline_opening_extension_mask,4,1411,0.002834868887313962
ILO/GENG_CHUN_LAI-1/before,centerline_original_audit_core_mask,1375,1411,0.9744861800141743
ILO/GENG_CHUN_LAI-1/before,coverage_pre_shift_valid,315,361,0.8725761772853186
ILO/GENG_CHUN_LAI-1/before,coverage_recovery_candidate_mask,6,361,0.01662049861495845
ILO/GENG_CHUN_LAI-1/before,final_probe_profile_valid,309,361,0.8559556786703602
ILO/GENG_CHUN_LAI-1/before,final_probe_recovered_mask,3,361,0.008310249307479225
ILO/GENG_CHUN_LAI-1/before,pc_section_raw_contour_valid,318,361,0.8808864265927978
ILO/GENG_CHUN_LAI-1/before,pc_section_valid,271,361,0.7506925207756233
ILO/GENG_CHUN_LAI-1/before,section_raw_contour_valid,355,361,0.9833795013850416
ILO/GENG_CHUN_LAI-1/before,section_valid,305,361,0.8448753462603878
ILO/GENG_CHUN_LAI-1/before,wall_cia_geometry_valid,30231,49138,0.6152265049452562
ILO/GENG_CHUN_LAI-1/before,wall_cia_semantic_valid,32529,49138,0.6619927550978876
ILO/GENG_CHUN_LAI-1/before,wall_map_area_slope_per_mm_valid,42054,49138,0.8558345883023322
ILO/GENG_CHUN_LAI-1/before,wall_map_downstream_min_area_ratio_valid,41079,49138,0.835992510887704
ILO/GENG_CHUN_LAI-1/before,wall_map_downstream_min_distance_mm_valid,41079,49138,0.835992510887704
ILO/GENG_CHUN_LAI-1/before,wall_map_eccentricity_valid,42054,49138,0.8558345883023322
ILO/GENG_CHUN_LAI-1/before,wall_map_pc_area_slope_per_mm_valid,37055,49138,0.7541006959990232
ILO/GENG_CHUN_LAI-1/before,wall_map_pc_downstream_min_area_ratio_valid,34942,49138,0.7110993528430135
ILO/GENG_CHUN_LAI-1/before,wall_map_pc_downstream_min_distance_mm_valid,34942,49138,0.7110993528430135
ILO/GENG_CHUN_LAI-1/before,wall_map_pc_eccentricity_valid,37208,49138,0.7572143758394725
ILO/GENG_CHUN_LAI-1/before,wall_map_pc_roundness_valid,37208,49138,0.7572143758394725
ILO/GENG_CHUN_LAI-1/before,wall_map_pc_upstream_min_area_ratio_valid,34909,49138,0.7104277748382107
ILO/GENG_CHUN_LAI-1/before,wall_map_pc_upstream_min_distance_mm_valid,34909,49138,0.7104277748382107
ILO/GENG_CHUN_LAI-1/before,wall_map_pc_valid,37208,49138,0.7572143758394725
ILO/GENG_CHUN_LAI-1/before,wall_map_roundness_valid,42054,49138,0.8558345883023322
ILO/GENG_CHUN_LAI-1/before,wall_map_upstream_min_area_ratio_valid,40949,49138,0.8333469005657536
ILO/GENG_CHUN_LAI-1/before,wall_map_upstream_min_distance_mm_valid,40949,49138,0.8333469005657536
ILO/GENG_CHUN_LAI-1/before,wall_map_valid,42054,49138,0.8558345883023322
ILO/GONG_HAI_ZENG-1/before,centerline_audit_core_mask,1255,1291,0.9721146398140976
ILO/GONG_HAI_ZENG-1/before,centerline_opening_extension_mask,10,1291,0.0077459333849728895
ILO/GONG_HAI_ZENG-1/before,centerline_original_audit_core_mask,1255,1291,0.9721146398140976
ILO/GONG_HAI_ZENG-1/before,coverage_pre_shift_valid,250,330,0.7575757575757576
ILO/GONG_HAI_ZENG-1/before,coverage_recovery_candidate_mask,4,330,0.012121212121212121
ILO/GONG_HAI_ZENG-1/before,final_probe_profile_valid,246,330,0.7454545454545455
ILO/GONG_HAI_ZENG-1/before,final_probe_recovered_mask,1,330,0.0030303030303030303
ILO/GONG_HAI_ZENG-1/before,pc_section_raw_contour_valid,254,330,0.7696969696969697
ILO/GONG_HAI_ZENG-1/before,pc_section_valid,243,330,0.7363636363636363
ILO/GONG_HAI_ZENG-1/before,section_raw_contour_valid,322,330,0.9757575757575757
ILO/GONG_HAI_ZENG-1/before,section_valid,246,330,0.7454545454545455
ILO/GONG_HAI_ZENG-1/before,wall_cia_geometry_valid,26253,81938,0.320400790841856
ILO/GONG_HAI_ZENG-1/before,wall_cia_semantic_valid,36107,81938,0.4406624520979277
ILO/GONG_HAI_ZENG-1/before,wall_map_area_slope_per_mm_valid,63881,81938,0.7796260587273304
ILO/GONG_HAI_ZENG-1/before,wall_map_downstream_min_area_ratio_valid,62793,81938,0.7663477263296639
ILO/GONG_HAI_ZENG-1/before,wall_map_downstream_min_distance_mm_valid,62793,81938,0.7663477263296639
ILO/GONG_HAI_ZENG-1/before,wall_map_eccentricity_valid,63881,81938,0.7796260587273304
ILO/GONG_HAI_ZENG-1/before,wall_map_pc_area_slope_per_mm_valid,63486,81938,0.7748053406233982
ILO/GONG_HAI_ZENG-1/before,wall_map_pc_downstream_min_area_ratio_valid,62398,81938,0.7615270082257316
ILO/GONG_HAI_ZENG-1/before,wall_map_pc_downstream_min_distance_mm_valid,62398,81938,0.7615270082257316
ILO/GONG_HAI_ZENG-1/before,wall_map_pc_eccentricity_valid,63486,81938,0.7748053406233982
ILO/GONG_HAI_ZENG-1/before,wall_map_pc_roundness_valid,63486,81938,0.7748053406233982
ILO/GONG_HAI_ZENG-1/before,wall_map_pc_upstream_min_area_ratio_valid,62031,81938,0.7570480119114452
ILO/GONG_HAI_ZENG-1/before,wall_map_pc_upstream_min_distance_mm_valid,62031,81938,0.7570480119114452
ILO/GONG_HAI_ZENG-1/before,wall_map_pc_valid,63486,81938,0.7748053406233982
ILO/GONG_HAI_ZENG-1/before,wall_map_roundness_valid,63881,81938,0.7796260587273304
ILO/GONG_HAI_ZENG-1/before,wall_map_upstream_min_area_ratio_valid,62398,81938,0.7615270082257316
ILO/GONG_HAI_ZENG-1/before,wall_map_upstream_min_distance_mm_valid,62398,81938,0.7615270082257316
ILO/GONG_HAI_ZENG-1/before,wall_map_valid,63881,81938,0.7796260587273304
ILO/GUO_QING_SHAN-0/before,centerline_audit_core_mask,1190,1226,0.9706362153344209
ILO/GUO_QING_SHAN-0/before,centerline_opening_extension_mask,6,1226,0.004893964110929853
ILO/GUO_QING_SHAN-0/before,centerline_original_audit_core_mask,1190,1226,0.9706362153344209
ILO/GUO_QING_SHAN-0/before,coverage_pre_shift_valid,248,315,0.7873015873015873
ILO/GUO_QING_SHAN-0/before,coverage_recovery_candidate_mask,3,315,0.009523809523809525
ILO/GUO_QING_SHAN-0/before,final_probe_profile_valid,245,315,0.7777777777777778
ILO/GUO_QING_SHAN-0/before,final_probe_recovered_mask,2,315,0.006349206349206349
ILO/GUO_QING_SHAN-0/before,pc_section_raw_contour_valid,250,315,0.7936507936507936
ILO/GUO_QING_SHAN-0/before,pc_section_valid,238,315,0.7555555555555555
ILO/GUO_QING_SHAN-0/before,section_raw_contour_valid,308,315,0.9777777777777777
ILO/GUO_QING_SHAN-0/before,section_valid,246,315,0.780952380952381
ILO/GUO_QING_SHAN-0/before,wall_cia_geometry_valid,24462,51146,0.4782778711922731
ILO/GUO_QING_SHAN-0/before,wall_cia_semantic_valid,28527,51146,0.5577562272709499
ILO/GUO_QING_SHAN-0/before,wall_map_area_slope_per_mm_valid,41076,51146,0.8031126578813592
ILO/GUO_QING_SHAN-0/before,wall_map_downstream_min_area_ratio_valid,40176,51146,0.7855159738787002
ILO/GUO_QING_SHAN-0/before,wall_map_downstream_min_distance_mm_valid,40176,51146,0.7855159738787002
ILO/GUO_QING_SHAN-0/before,wall_map_eccentricity_valid,41308,51146,0.8076486919798225
ILO/GUO_QING_SHAN-0/before,wall_map_pc_area_slope_per_mm_valid,39861,51146,0.7793571344777696
ILO/GUO_QING_SHAN-0/before,wall_map_pc_downstream_min_area_ratio_valid,38653,51146,0.7557384741719783
ILO/GUO_QING_SHAN-0/before,wall_map_pc_downstream_min_distance_mm_valid,38653,51146,0.7557384741719783
ILO/GUO_QING_SHAN-0/before,wall_map_pc_eccentricity_valid,40093,51146,0.7838931685762327
ILO/GUO_QING_SHAN-0/before,wall_map_pc_roundness_valid,40093,51146,0.7838931685762327
ILO/GUO_QING_SHAN-0/before,wall_map_pc_upstream_min_area_ratio_valid,38567,51146,0.7540570132561686
ILO/GUO_QING_SHAN-0/before,wall_map_pc_upstream_min_distance_mm_valid,38567,51146,0.7540570132561686
ILO/GUO_QING_SHAN-0/before,wall_map_pc_valid,40093,51146,0.7838931685762327
ILO/GUO_QING_SHAN-0/before,wall_map_roundness_valid,41308,51146,0.8076486919798225
ILO/GUO_QING_SHAN-0/before,wall_map_upstream_min_area_ratio_valid,40136,51146,0.7847338990341376
ILO/GUO_QING_SHAN-0/before,wall_map_upstream_min_distance_mm_valid,40136,51146,0.7847338990341376
ILO/GUO_QING_SHAN-0/before,wall_map_valid,41308,51146,0.8076486919798225
ILO/GUO_YU_SHU-0/before,centerline_audit_core_mask,1059,1095,0.9671232876712329
ILO/GUO_YU_SHU-0/before,centerline_opening_extension_mask,5,1095,0.0045662100456621
ILO/GUO_YU_SHU-0/before,centerline_original_audit_core_mask,1059,1095,0.9671232876712329
ILO/GUO_YU_SHU-0/before,coverage_pre_shift_valid,244,282,0.8652482269503546
ILO/GUO_YU_SHU-0/before,coverage_recovery_candidate_mask,11,282,0.03900709219858156
ILO/GUO_YU_SHU-0/before,final_probe_profile_valid,235,282,0.8333333333333334
ILO/GUO_YU_SHU-0/before,final_probe_recovered_mask,4,282,0.014184397163120567
ILO/GUO_YU_SHU-0/before,pc_section_raw_contour_valid,245,282,0.8687943262411347
ILO/GUO_YU_SHU-0/before,pc_section_valid,229,282,0.8120567375886525
ILO/GUO_YU_SHU-0/before,section_raw_contour_valid,276,282,0.9787234042553191
ILO/GUO_YU_SHU-0/before,section_valid,235,282,0.8333333333333334
ILO/GUO_YU_SHU-0/before,wall_cia_geometry_valid,22120,50046,0.44199336610318507
ILO/GUO_YU_SHU-0/before,wall_cia_semantic_valid,25511,50046,0.509751029053271
ILO/GUO_YU_SHU-0/before,wall_map_area_slope_per_mm_valid,41127,50046,0.8217839587579427
ILO/GUO_YU_SHU-0/before,wall_map_downstream_min_area_ratio_valid,40029,50046,0.799844143388083
ILO/GUO_YU_SHU-0/before,wall_map_downstream_min_distance_mm_valid,40029,50046,0.799844143388083
ILO/GUO_YU_SHU-0/before,wall_map_eccentricity_valid,41127,50046,0.8217839587579427
ILO/GUO_YU_SHU-0/before,wall_map_pc_area_slope_per_mm_valid,39771,50046,0.7946888862246733
ILO/GUO_YU_SHU-0/before,wall_map_pc_downstream_min_area_ratio_valid,38518,50046,0.7696519202333852
ILO/GUO_YU_SHU-0/before,wall_map_pc_downstream_min_distance_mm_valid,38518,50046,0.7696519202333852
ILO/GUO_YU_SHU-0/before,wall_map_pc_eccentricity_valid,39982,50046,0.7989050073931983
ILO/GUO_YU_SHU-0/before,wall_map_pc_roundness_valid,39982,50046,0.7989050073931983
ILO/GUO_YU_SHU-0/before,wall_map_pc_upstream_min_area_ratio_valid,38219,50046,0.7636774167765655
ILO/GUO_YU_SHU-0/before,wall_map_pc_upstream_min_distance_mm_valid,38219,50046,0.7636774167765655
ILO/GUO_YU_SHU-0/before,wall_map_pc_valid,39982,50046,0.7989050073931983
ILO/GUO_YU_SHU-0/before,wall_map_roundness_valid,41127,50046,0.8217839587579427
ILO/GUO_YU_SHU-0/before,wall_map_upstream_min_area_ratio_valid,39982,50046,0.7989050073931983
ILO/GUO_YU_SHU-0/before,wall_map_upstream_min_distance_mm_valid,39982,50046,0.7989050073931983
ILO/GUO_YU_SHU-0/before,wall_map_valid,41127,50046,0.8217839587579427
ILO/HOU_SHI_GUO-0/before,centerline_audit_core_mask,1362,1398,0.9742489270386266
ILO/HOU_SHI_GUO-0/before,centerline_opening_extension_mask,2,1398,0.001430615164520744
ILO/HOU_SHI_GUO-0/before,centerline_original_audit_core_mask,1362,1398,0.9742489270386266
ILO/HOU_SHI_GUO-0/before,coverage_pre_shift_valid,309,357,0.865546218487395
ILO/HOU_SHI_GUO-0/before,coverage_recovery_candidate_mask,6,357,0.01680672268907563
ILO/HOU_SHI_GUO-0/before,final_probe_profile_valid,303,357,0.8487394957983193
ILO/HOU_SHI_GUO-0/before,final_probe_recovered_mask,1,357,0.0028011204481792717
ILO/HOU_SHI_GUO-0/before,pc_section_raw_contour_valid,311,357,0.8711484593837535
ILO/HOU_SHI_GUO-0/before,pc_section_valid,294,357,0.8235294117647058
ILO/HOU_SHI_GUO-0/before,section_raw_contour_valid,355,357,0.9943977591036415
ILO/HOU_SHI_GUO-0/before,section_valid,300,357,0.8403361344537815
ILO/HOU_SHI_GUO-0/before,wall_cia_geometry_valid,29823,78645,0.3792103757390807
ILO/HOU_SHI_GUO-0/before,wall_cia_semantic_valid,34994,78645,0.4449615360162757
ILO/HOU_SHI_GUO-0/before,wall_map_area_slope_per_mm_valid,66753,78645,0.8487888613389281
ILO/HOU_SHI_GUO-0/before,wall_map_downstream_min_area_ratio_valid,65824,78645,0.8369762858414393
ILO/HOU_SHI_GUO-0/before,wall_map_downstream_min_distance_mm_valid,65824,78645,0.8369762858414393
ILO/HOU_SHI_GUO-0/before,wall_map_eccentricity_valid,66753,78645,0.8487888613389281
ILO/HOU_SHI_GUO-0/before,wall_map_pc_area_slope_per_mm_valid,65609,78645,0.8342424820395448
ILO/HOU_SHI_GUO-0/before,wall_map_pc_downstream_min_area_ratio_valid,64519,78645,0.8203827325322652
ILO/HOU_SHI_GUO-0/before,wall_map_pc_downstream_min_distance_mm_valid,64519,78645,0.8203827325322652
ILO/HOU_SHI_GUO-0/before,wall_map_pc_eccentricity_valid,65682,78645,0.8351707037955369
ILO/HOU_SHI_GUO-0/before,wall_map_pc_roundness_valid,65682,78645,0.8351707037955369
ILO/HOU_SHI_GUO-0/before,wall_map_pc_upstream_min_area_ratio_valid,64317,78645,0.8178142284951364
ILO/HOU_SHI_GUO-0/before,wall_map_pc_upstream_min_distance_mm_valid,64317,78645,0.8178142284951364
ILO/HOU_SHI_GUO-0/before,wall_map_pc_valid,65682,78645,0.8351707037955369
ILO/HOU_SHI_GUO-0/before,wall_map_roundness_valid,66753,78645,0.8487888613389281
ILO/HOU_SHI_GUO-0/before,wall_map_upstream_min_area_ratio_valid,65544,78645,0.8334159832157162
ILO/HOU_SHI_GUO-0/before,wall_map_upstream_min_distance_mm_valid,65544,78645,0.8334159832157162
ILO/HOU_SHI_GUO-0/before,wall_map_valid,66753,78645,0.8487888613389281
ILO/LIN_CHUN_YANG-1/before,centerline_audit_core_mask,1221,1257,0.9713603818615751
ILO/LIN_CHUN_YANG-1/before,centerline_opening_extension_mask,7,1257,0.005568814638027049
ILO/LIN_CHUN_YANG-1/before,centerline_original_audit_core_mask,1221,1257,0.9713603818615751
ILO/LIN_CHUN_YANG-1/before,coverage_pre_shift_valid,273,322,0.8478260869565217
ILO/LIN_CHUN_YANG-1/before,coverage_recovery_candidate_mask,6,322,0.018633540372670808
ILO/LIN_CHUN_YANG-1/before,final_probe_profile_valid,267,322,0.8291925465838509
ILO/LIN_CHUN_YANG-1/before,final_probe_recovered_mask,2,322,0.006211180124223602
ILO/LIN_CHUN_YANG-1/before,pc_section_raw_contour_valid,264,322,0.8198757763975155
ILO/LIN_CHUN_YANG-1/before,pc_section_valid,259,322,0.8043478260869565
ILO/LIN_CHUN_YANG-1/before,section_raw_contour_valid,315,322,0.9782608695652174
ILO/LIN_CHUN_YANG-1/before,section_valid,265,322,0.8229813664596274
ILO/LIN_CHUN_YANG-1/before,wall_cia_geometry_valid,33371,77820,0.4288229246980211
ILO/LIN_CHUN_YANG-1/before,wall_cia_semantic_valid,41677,77820,0.535556412233359
ILO/LIN_CHUN_YANG-1/before,wall_map_area_slope_per_mm_valid,62513,77820,0.8033024929324081
ILO/LIN_CHUN_YANG-1/before,wall_map_downstream_min_area_ratio_valid,61678,77820,0.7925726034438447
ILO/LIN_CHUN_YANG-1/before,wall_map_downstream_min_distance_mm_valid,61678,77820,0.7925726034438447
ILO/LIN_CHUN_YANG-1/before,wall_map_eccentricity_valid,62513,77820,0.8033024929324081
ILO/LIN_CHUN_YANG-1/before,wall_map_pc_area_slope_per_mm_valid,60981,77820,0.7836160370084811
ILO/LIN_CHUN_YANG-1/before,wall_map_pc_downstream_min_area_ratio_valid,59953,77820,0.7704060652788486
ILO/LIN_CHUN_YANG-1/before,wall_map_pc_downstream_min_distance_mm_valid,59953,77820,0.7704060652788486
ILO/LIN_CHUN_YANG-1/before,wall_map_pc_eccentricity_valid,60981,77820,0.7836160370084811
ILO/LIN_CHUN_YANG-1/before,wall_map_pc_roundness_valid,60981,77820,0.7836160370084811
ILO/LIN_CHUN_YANG-1/before,wall_map_pc_upstream_min_area_ratio_valid,59437,77820,0.763775379079928
ILO/LIN_CHUN_YANG-1/before,wall_map_pc_upstream_min_distance_mm_valid,59437,77820,0.763775379079928
ILO/LIN_CHUN_YANG-1/before,wall_map_pc_valid,60981,77820,0.7836160370084811
ILO/LIN_CHUN_YANG-1/before,wall_map_roundness_valid,62513,77820,0.8033024929324081
ILO/LIN_CHUN_YANG-1/before,wall_map_upstream_min_area_ratio_valid,61080,77820,0.7848882035466461
ILO/LIN_CHUN_YANG-1/before,wall_map_upstream_min_distance_mm_valid,61080,77820,0.7848882035466461
ILO/LIN_CHUN_YANG-1/before,wall_map_valid,62513,77820,0.8033024929324081
ILO/LIU_BAO_JUN-0/before,centerline_audit_core_mask,1205,1241,0.9709911361804996
ILO/LIU_BAO_JUN-0/before,centerline_opening_extension_mask,1,1241,0.0008058017727639
ILO/LIU_BAO_JUN-0/before,centerline_original_audit_core_mask,1205,1241,0.9709911361804996
ILO/LIU_BAO_JUN-0/before,coverage_pre_shift_valid,233,319,0.7304075235109718
ILO/LIU_BAO_JUN-0/before,coverage_recovery_candidate_mask,13,319,0.04075235109717868
ILO/LIU_BAO_JUN-0/before,final_probe_profile_valid,220,319,0.6896551724137931
ILO/LIU_BAO_JUN-0/before,final_probe_recovered_mask,4,319,0.012539184952978056
ILO/LIU_BAO_JUN-0/before,pc_section_raw_contour_valid,196,319,0.6144200626959248
ILO/LIU_BAO_JUN-0/before,pc_section_valid,190,319,0.5956112852664577
ILO/LIU_BAO_JUN-0/before,section_raw_contour_valid,313,319,0.9811912225705329
ILO/LIU_BAO_JUN-0/before,section_valid,227,319,0.7115987460815048
ILO/LIU_BAO_JUN-0/before,wall_cia_geometry_valid,43723,96848,0.4514600198248802
ILO/LIU_BAO_JUN-0/before,wall_cia_semantic_valid,56295,96848,0.5812716834627457
ILO/LIU_BAO_JUN-0/before,wall_map_area_slope_per_mm_valid,68340,96848,0.705641830497274
ILO/LIU_BAO_JUN-0/before,wall_map_downstream_min_area_ratio_valid,66644,96848,0.6881298529654717
ILO/LIU_BAO_JUN-0/before,wall_map_downstream_min_distance_mm_valid,66644,96848,0.6881298529654717
ILO/LIU_BAO_JUN-0/before,wall_map_eccentricity_valid,68340,96848,0.705641830497274
ILO/LIU_BAO_JUN-0/before,wall_map_pc_area_slope_per_mm_valid,57949,96848,0.5983499917396332
ILO/LIU_BAO_JUN-0/before,wall_map_pc_downstream_min_area_ratio_valid,56711,96848,0.5855670741780935
ILO/LIU_BAO_JUN-0/before,wall_map_pc_downstream_min_distance_mm_valid,56711,96848,0.5855670741780935
ILO/LIU_BAO_JUN-0/before,wall_map_pc_eccentricity_valid,58202,96848,0.6009623327275732
ILO/LIU_BAO_JUN-0/before,wall_map_pc_roundness_valid,58202,96848,0.6009623327275732
ILO/LIU_BAO_JUN-0/before,wall_map_pc_upstream_min_area_ratio_valid,55980,96848,0.5780191640508838
ILO/LIU_BAO_JUN-0/before,wall_map_pc_upstream_min_distance_mm_valid,55980,96848,0.5780191640508838
ILO/LIU_BAO_JUN-0/before,wall_map_pc_valid,58202,96848,0.6009623327275732
ILO/LIU_BAO_JUN-0/before,wall_map_roundness_valid,68340,96848,0.705641830497274
ILO/LIU_BAO_JUN-0/before,wall_map_upstream_min_area_ratio_valid,65570,96848,0.6770403105897902
ILO/LIU_BAO_JUN-0/before,wall_map_upstream_min_distance_mm_valid,65570,96848,0.6770403105897902
ILO/LIU_BAO_JUN-0/before,wall_map_valid,68340,96848,0.705641830497274
ILO/LIU_LIAN_YOU-0/before,centerline_audit_core_mask,1072,1108,0.9675090252707581
ILO/LIU_LIAN_YOU-0/before,centerline_opening_extension_mask,4,1108,0.0036101083032490976
ILO/LIU_LIAN_YOU-0/before,centerline_original_audit_core_mask,1072,1108,0.9675090252707581
ILO/LIU_LIAN_YOU-0/before,coverage_pre_shift_valid,228,285,0.8
ILO/LIU_LIAN_YOU-0/before,coverage_recovery_candidate_mask,8,285,0.028070175438596492
ILO/LIU_LIAN_YOU-0/before,final_probe_profile_valid,220,285,0.7719298245614035
ILO/LIU_LIAN_YOU-0/before,final_probe_recovered_mask,2,285,0.007017543859649123
ILO/LIU_LIAN_YOU-0/before,pc_section_raw_contour_valid,219,285,0.7684210526315789
ILO/LIU_LIAN_YOU-0/before,pc_section_valid,208,285,0.7298245614035088
ILO/LIU_LIAN_YOU-0/before,section_raw_contour_valid,278,285,0.9754385964912281
ILO/LIU_LIAN_YOU-0/before,section_valid,218,285,0.7649122807017544
ILO/LIU_LIAN_YOU-0/before,wall_cia_geometry_valid,38103,108454,0.3513286739078319
ILO/LIU_LIAN_YOU-0/before,wall_cia_semantic_valid,47268,108454,0.43583454736570343
ILO/LIU_LIAN_YOU-0/before,wall_map_area_slope_per_mm_valid,85376,108454,0.7872093237686023
ILO/LIU_LIAN_YOU-0/before,wall_map_downstream_min_area_ratio_valid,83606,108454,0.7708890405148726
ILO/LIU_LIAN_YOU-0/before,wall_map_downstream_min_distance_mm_valid,83606,108454,0.7708890405148726
ILO/LIU_LIAN_YOU-0/before,wall_map_eccentricity_valid,85410,108454,0.7875228207350582
ILO/LIU_LIAN_YOU-0/before,wall_map_pc_area_slope_per_mm_valid,80485,108454,0.7421118630940307
ILO/LIU_LIAN_YOU-0/before,wall_map_pc_downstream_min_area_ratio_valid,78107,108454,0.7201855164401497
ILO/LIU_LIAN_YOU-0/before,wall_map_pc_downstream_min_distance_mm_valid,78107,108454,0.7201855164401497
ILO/LIU_LIAN_YOU-0/before,wall_map_pc_eccentricity_valid,80519,108454,0.7424253600604864
ILO/LIU_LIAN_YOU-0/before,wall_map_pc_roundness_valid,80519,108454,0.7424253600604864
ILO/LIU_LIAN_YOU-0/before,wall_map_pc_upstream_min_area_ratio_valid,77674,108454,0.7161930403673447
ILO/LIU_LIAN_YOU-0/before,wall_map_pc_upstream_min_distance_mm_valid,77674,108454,0.7161930403673447
ILO/LIU_LIAN_YOU-0/before,wall_map_pc_valid,80519,108454,0.7424253600604864
ILO/LIU_LIAN_YOU-0/before,wall_map_roundness_valid,85410,108454,0.7875228207350582
ILO/LIU_LIAN_YOU-0/before,wall_map_upstream_min_area_ratio_valid,82921,108454,0.7645729986906892
ILO/LIU_LIAN_YOU-0/before,wall_map_upstream_min_distance_mm_valid,82921,108454,0.7645729986906892
ILO/LIU_LIAN_YOU-0/before,wall_map_valid,85410,108454,0.7875228207350582
ILO/LIU_YUE_DONG-0/before,centerline_audit_core_mask,1139,1175,0.9693617021276596
ILO/LIU_YUE_DONG-0/before,centerline_opening_extension_mask,5,1175,0.00425531914893617
ILO/LIU_YUE_DONG-0/before,centerline_original_audit_core_mask,1139,1175,0.9693617021276596
ILO/LIU_YUE_DONG-0/before,coverage_pre_shift_valid,247,302,0.8178807947019867
ILO/LIU_YUE_DONG-0/before,coverage_recovery_candidate_mask,6,302,0.019867549668874173
ILO/LIU_YUE_DONG-0/before,final_probe_profile_valid,241,302,0.7980132450331126
ILO/LIU_YUE_DONG-0/before,final_probe_recovered_mask,1,302,0.0033112582781456954
ILO/LIU_YUE_DONG-0/before,pc_section_raw_contour_valid,248,302,0.8211920529801324
ILO/LIU_YUE_DONG-0/before,pc_section_valid,237,302,0.7847682119205298
ILO/LIU_YUE_DONG-0/before,section_raw_contour_valid,295,302,0.9768211920529801
ILO/LIU_YUE_DONG-0/before,section_valid,242,302,0.8013245033112583
ILO/LIU_YUE_DONG-0/before,wall_cia_geometry_valid,33924,62998,0.5384932855011271
ILO/LIU_YUE_DONG-0/before,wall_cia_semantic_valid,38586,62998,0.6124956347820566
ILO/LIU_YUE_DONG-0/before,wall_map_area_slope_per_mm_valid,51555,62998,0.8183593129940633
ILO/LIU_YUE_DONG-0/before,wall_map_downstream_min_area_ratio_valid,50338,62998,0.7990412394044255
ILO/LIU_YUE_DONG-0/before,wall_map_downstream_min_distance_mm_valid,50338,62998,0.7990412394044255
ILO/LIU_YUE_DONG-0/before,wall_map_eccentricity_valid,51555,62998,0.8183593129940633
ILO/LIU_YUE_DONG-0/before,wall_map_pc_area_slope_per_mm_valid,49906,62998,0.7921838788532969
ILO/LIU_YUE_DONG-0/before,wall_map_pc_downstream_min_area_ratio_valid,48498,62998,0.7698339629829518
ILO/LIU_YUE_DONG-0/before,wall_map_pc_downstream_min_distance_mm_valid,48498,62998,0.7698339629829518
ILO/LIU_YUE_DONG-0/before,wall_map_pc_eccentricity_valid,49906,62998,0.7921838788532969
ILO/LIU_YUE_DONG-0/before,wall_map_pc_roundness_valid,49906,62998,0.7921838788532969
ILO/LIU_YUE_DONG-0/before,wall_map_pc_upstream_min_area_ratio_valid,48178,62998,0.7647544366487825
ILO/LIU_YUE_DONG-0/before,wall_map_pc_upstream_min_distance_mm_valid,48178,62998,0.7647544366487825
ILO/LIU_YUE_DONG-0/before,wall_map_pc_valid,49906,62998,0.7921838788532969
ILO/LIU_YUE_DONG-0/before,wall_map_roundness_valid,51555,62998,0.8183593129940633
ILO/LIU_YUE_DONG-0/before,wall_map_upstream_min_area_ratio_valid,49650,62998,0.7881202577859615
ILO/LIU_YUE_DONG-0/before,wall_map_upstream_min_distance_mm_valid,49650,62998,0.7881202577859615
ILO/LIU_YUE_DONG-0/before,wall_map_valid,51555,62998,0.8183593129940633
ILO/LI_SHENG_WEN-0/before,centerline_audit_core_mask,1141,1177,0.9694137638062872
ILO/LI_SHENG_WEN-0/before,centerline_opening_extension_mask,7,1177,0.00594732370433305
ILO/LI_SHENG_WEN-0/before,centerline_original_audit_core_mask,1141,1177,0.9694137638062872
ILO/LI_SHENG_WEN-0/before,coverage_pre_shift_valid,239,302,0.7913907284768212
ILO/LI_SHENG_WEN-0/before,coverage_recovery_candidate_mask,3,302,0.009933774834437087
ILO/LI_SHENG_WEN-0/before,final_probe_profile_valid,236,302,0.7814569536423841
ILO/LI_SHENG_WEN-0/before,final_probe_recovered_mask,2,302,0.006622516556291391
ILO/LI_SHENG_WEN-0/before,pc_section_raw_contour_valid,248,302,0.8211920529801324
ILO/LI_SHENG_WEN-0/before,pc_section_valid,234,302,0.7748344370860927
ILO/LI_SHENG_WEN-0/before,section_raw_contour_valid,298,302,0.9867549668874173
ILO/LI_SHENG_WEN-0/before,section_valid,239,302,0.7913907284768212
ILO/LI_SHENG_WEN-0/before,wall_cia_geometry_valid,21077,52856,0.3987626759497503
ILO/LI_SHENG_WEN-0/before,wall_cia_semantic_valid,25330,52856,0.479226577871954
ILO/LI_SHENG_WEN-0/before,wall_map_area_slope_per_mm_valid,42586,52856,0.8056985015892235
ILO/LI_SHENG_WEN-0/before,wall_map_downstream_min_area_ratio_valid,41632,52856,0.7876494626910853
ILO/LI_SHENG_WEN-0/before,wall_map_downstream_min_distance_mm_valid,41632,52856,0.7876494626910853
ILO/LI_SHENG_WEN-0/before,wall_map_eccentricity_valid,42586,52856,0.8056985015892235
ILO/LI_SHENG_WEN-0/before,wall_map_pc_area_slope_per_mm_valid,41282,52856,0.7810276978961708
ILO/LI_SHENG_WEN-0/before,wall_map_pc_downstream_min_area_ratio_valid,39762,52856,0.7522703193582564
ILO/LI_SHENG_WEN-0/before,wall_map_pc_downstream_min_distance_mm_valid,39762,52856,0.7522703193582564
ILO/LI_SHENG_WEN-0/before,wall_map_pc_eccentricity_valid,41373,52856,0.7827493567428485
ILO/LI_SHENG_WEN-0/before,wall_map_pc_roundness_valid,41373,52856,0.7827493567428485
ILO/LI_SHENG_WEN-0/before,wall_map_pc_upstream_min_area_ratio_valid,39651,52856,0.7501702739518692
ILO/LI_SHENG_WEN-0/before,wall_map_pc_upstream_min_distance_mm_valid,39651,52856,0.7501702739518692
ILO/LI_SHENG_WEN-0/before,wall_map_pc_valid,41373,52856,0.7827493567428485
ILO/LI_SHENG_WEN-0/before,wall_map_roundness_valid,42586,52856,0.8056985015892235
ILO/LI_SHENG_WEN-0/before,wall_map_upstream_min_area_ratio_valid,41479,52856,0.7847548055093083
ILO/LI_SHENG_WEN-0/before,wall_map_upstream_min_distance_mm_valid,41479,52856,0.7847548055093083
ILO/LI_SHENG_WEN-0/before,wall_map_valid,42586,52856,0.8056985015892235
ILO/LI_YOU_ZHI-0/before,centerline_audit_core_mask,1371,1407,0.9744136460554371
ILO/LI_YOU_ZHI-0/before,centerline_opening_extension_mask,2,1407,0.0014214641080312722
ILO/LI_YOU_ZHI-0/before,centerline_original_audit_core_mask,1371,1407,0.9744136460554371
ILO/LI_YOU_ZHI-0/before,coverage_pre_shift_valid,268,360,0.7444444444444445
ILO/LI_YOU_ZHI-0/before,coverage_recovery_candidate_mask,14,360,0.03888888888888889
ILO/LI_YOU_ZHI-0/before,final_probe_profile_valid,254,360,0.7055555555555556
ILO/LI_YOU_ZHI-0/before,final_probe_recovered_mask,6,360,0.016666666666666666
ILO/LI_YOU_ZHI-0/before,pc_section_raw_contour_valid,259,360,0.7194444444444444
ILO/LI_YOU_ZHI-0/before,pc_section_valid,244,360,0.6777777777777778
ILO/LI_YOU_ZHI-0/before,section_raw_contour_valid,356,360,0.9888888888888889
ILO/LI_YOU_ZHI-0/before,section_valid,261,360,0.725
ILO/LI_YOU_ZHI-0/before,wall_cia_geometry_valid,29181,67760,0.4306523022432113
ILO/LI_YOU_ZHI-0/before,wall_cia_semantic_valid,37852,67760,0.5586186540731995
ILO/LI_YOU_ZHI-0/before,wall_map_area_slope_per_mm_valid,49922,67760,0.7367473435655254
ILO/LI_YOU_ZHI-0/before,wall_map_downstream_min_area_ratio_valid,48994,67760,0.7230519480519481
ILO/LI_YOU_ZHI-0/before,wall_map_downstream_min_distance_mm_valid,48994,67760,0.7230519480519481
ILO/LI_YOU_ZHI-0/before,wall_map_eccentricity_valid,49980,67760,0.737603305785124
ILO/LI_YOU_ZHI-0/before,wall_map_pc_area_slope_per_mm_valid,46816,67760,0.6909090909090909
ILO/LI_YOU_ZHI-0/before,wall_map_pc_downstream_min_area_ratio_valid,45548,67760,0.6721959858323495
ILO/LI_YOU_ZHI-0/before,wall_map_pc_downstream_min_distance_mm_valid,45548,67760,0.6721959858323495
ILO/LI_YOU_ZHI-0/before,wall_map_pc_eccentricity_valid,47049,67760,0.6943476977567886
ILO/LI_YOU_ZHI-0/before,wall_map_pc_roundness_valid,47049,67760,0.6943476977567886
ILO/LI_YOU_ZHI-0/before,wall_map_pc_upstream_min_area_ratio_valid,44663,67760,0.6591351829988193
ILO/LI_YOU_ZHI-0/before,wall_map_pc_upstream_min_distance_mm_valid,44663,67760,0.6591351829988193
ILO/LI_YOU_ZHI-0/before,wall_map_pc_valid,47049,67760,0.6943476977567886
ILO/LI_YOU_ZHI-0/before,wall_map_roundness_valid,49980,67760,0.737603305785124
ILO/LI_YOU_ZHI-0/before,wall_map_upstream_min_area_ratio_valid,48322,67760,0.7131345926800472
ILO/LI_YOU_ZHI-0/before,wall_map_upstream_min_distance_mm_valid,48322,67760,0.7131345926800472
ILO/LI_YOU_ZHI-0/before,wall_map_valid,49980,67760,0.737603305785124
ILO/LU_FU_SHAN-0/before,centerline_audit_core_mask,1177,1213,0.9703215169002474
ILO/LU_FU_SHAN-0/before,centerline_opening_extension_mask,5,1213,0.004122011541632316
ILO/LU_FU_SHAN-0/before,centerline_original_audit_core_mask,1177,1213,0.9703215169002474
ILO/LU_FU_SHAN-0/before,coverage_pre_shift_valid,269,311,0.864951768488746
ILO/LU_FU_SHAN-0/before,coverage_recovery_candidate_mask,5,311,0.01607717041800643
ILO/LU_FU_SHAN-0/before,final_probe_profile_valid,264,311,0.8488745980707395
ILO/LU_FU_SHAN-0/before,final_probe_recovered_mask,2,311,0.006430868167202572
ILO/LU_FU_SHAN-0/before,pc_section_raw_contour_valid,277,311,0.8906752411575563
ILO/LU_FU_SHAN-0/before,pc_section_valid,263,311,0.8456591639871383
ILO/LU_FU_SHAN-0/before,section_raw_contour_valid,306,311,0.9839228295819936
ILO/LU_FU_SHAN-0/before,section_valid,265,311,0.8520900321543409
ILO/LU_FU_SHAN-0/before,wall_cia_geometry_valid,31191,79580,0.3919452123649158
ILO/LU_FU_SHAN-0/before,wall_cia_semantic_valid,35222,79580,0.44259864287509426
ILO/LU_FU_SHAN-0/before,wall_map_area_slope_per_mm_valid,70214,79580,0.8823071123397839
ILO/LU_FU_SHAN-0/before,wall_map_downstream_min_area_ratio_valid,69192,79580,0.8694646896205077
ILO/LU_FU_SHAN-0/before,wall_map_downstream_min_distance_mm_valid,69192,79580,0.8694646896205077
ILO/LU_FU_SHAN-0/before,wall_map_eccentricity_valid,70340,79580,0.8838904247298316
ILO/LU_FU_SHAN-0/before,wall_map_pc_area_slope_per_mm_valid,70214,79580,0.8823071123397839
ILO/LU_FU_SHAN-0/before,wall_map_pc_downstream_min_area_ratio_valid,69192,79580,0.8694646896205077
ILO/LU_FU_SHAN-0/before,wall_map_pc_downstream_min_distance_mm_valid,69192,79580,0.8694646896205077
ILO/LU_FU_SHAN-0/before,wall_map_pc_eccentricity_valid,70214,79580,0.8823071123397839
ILO/LU_FU_SHAN-0/before,wall_map_pc_roundness_valid,70214,79580,0.8823071123397839
ILO/LU_FU_SHAN-0/before,wall_map_pc_upstream_min_area_ratio_valid,68783,79580,0.8643252073385272
ILO/LU_FU_SHAN-0/before,wall_map_pc_upstream_min_distance_mm_valid,68783,79580,0.8643252073385272
ILO/LU_FU_SHAN-0/before,wall_map_pc_valid,70214,79580,0.8823071123397839
ILO/LU_FU_SHAN-0/before,wall_map_roundness_valid,70340,79580,0.8838904247298316
ILO/LU_FU_SHAN-0/before,wall_map_upstream_min_area_ratio_valid,68783,79580,0.8643252073385272
ILO/LU_FU_SHAN-0/before,wall_map_upstream_min_distance_mm_valid,68783,79580,0.8643252073385272
ILO/LU_FU_SHAN-0/before,wall_map_valid,70340,79580,0.8838904247298316
ILO/LV_JIAN_HUA-0/before,centerline_audit_core_mask,1469,1505,0.9760797342192691
ILO/LV_JIAN_HUA-0/before,centerline_opening_extension_mask,8,1505,0.0053156146179402
ILO/LV_JIAN_HUA-0/before,centerline_original_audit_core_mask,1469,1505,0.9760797342192691
ILO/LV_JIAN_HUA-0/before,coverage_pre_shift_valid,309,384,0.8046875
ILO/LV_JIAN_HUA-0/before,coverage_recovery_candidate_mask,6,384,0.015625
ILO/LV_JIAN_HUA-0/before,final_probe_profile_valid,303,384,0.7890625
ILO/LV_JIAN_HUA-0/before,final_probe_recovered_mask,2,384,0.005208333333333333
ILO/LV_JIAN_HUA-0/before,pc_section_raw_contour_valid,310,384,0.8072916666666666
ILO/LV_JIAN_HUA-0/before,pc_section_valid,304,384,0.7916666666666666
ILO/LV_JIAN_HUA-0/before,section_raw_contour_valid,377,384,0.9817708333333334
ILO/LV_JIAN_HUA-0/before,section_valid,308,384,0.8020833333333334
ILO/LV_JIAN_HUA-0/before,wall_cia_geometry_valid,55497,104509,0.531026036035174
ILO/LV_JIAN_HUA-0/before,wall_cia_semantic_valid,65937,104509,0.6309217387976155
ILO/LV_JIAN_HUA-0/before,wall_map_area_slope_per_mm_valid,83952,104509,0.8032992373862539
ILO/LV_JIAN_HUA-0/before,wall_map_downstream_min_area_ratio_valid,82838,104509,0.7926398683366983
ILO/LV_JIAN_HUA-0/before,wall_map_downstream_min_distance_mm_valid,82838,104509,0.7926398683366983
ILO/LV_JIAN_HUA-0/before,wall_map_eccentricity_valid,83952,104509,0.8032992373862539
ILO/LV_JIAN_HUA-0/before,wall_map_pc_area_slope_per_mm_valid,82021,104509,0.784822359796764
ILO/LV_JIAN_HUA-0/before,wall_map_pc_downstream_min_area_ratio_valid,80907,104509,0.7741629907472084
ILO/LV_JIAN_HUA-0/before,wall_map_pc_downstream_min_distance_mm_valid,80907,104509,0.7741629907472084
ILO/LV_JIAN_HUA-0/before,wall_map_pc_eccentricity_valid,82427,104509,0.78870719268197
ILO/LV_JIAN_HUA-0/before,wall_map_pc_roundness_valid,82427,104509,0.78870719268197
ILO/LV_JIAN_HUA-0/before,wall_map_pc_upstream_min_area_ratio_valid,80400,104509,0.7693117339176531
ILO/LV_JIAN_HUA-0/before,wall_map_pc_upstream_min_distance_mm_valid,80400,104509,0.7693117339176531
ILO/LV_JIAN_HUA-0/before,wall_map_pc_valid,82427,104509,0.78870719268197
ILO/LV_JIAN_HUA-0/before,wall_map_roundness_valid,83952,104509,0.8032992373862539
ILO/LV_JIAN_HUA-0/before,wall_map_upstream_min_area_ratio_valid,82163,104509,0.7861810944511956
ILO/LV_JIAN_HUA-0/before,wall_map_upstream_min_distance_mm_valid,82163,104509,0.7861810944511956
ILO/LV_JIAN_HUA-0/before,wall_map_valid,83952,104509,0.8032992373862539
ILO/PAN_YIN_GEN-1/before,centerline_audit_core_mask,1068,1104,0.967391304347826
ILO/PAN_YIN_GEN-1/before,centerline_opening_extension_mask,4,1104,0.0036231884057971015
ILO/PAN_YIN_GEN-1/before,centerline_original_audit_core_mask,1068,1104,0.967391304347826
ILO/PAN_YIN_GEN-1/before,coverage_pre_shift_valid,230,284,0.8098591549295775
ILO/PAN_YIN_GEN-1/before,coverage_recovery_candidate_mask,9,284,0.03169014084507042
ILO/PAN_YIN_GEN-1/before,final_probe_profile_valid,221,284,0.778169014084507
ILO/PAN_YIN_GEN-1/before,final_probe_recovered_mask,3,284,0.01056338028169014
ILO/PAN_YIN_GEN-1/before,pc_section_raw_contour_valid,228,284,0.8028169014084507
ILO/PAN_YIN_GEN-1/before,pc_section_valid,216,284,0.7605633802816901
ILO/PAN_YIN_GEN-1/before,section_raw_contour_valid,278,284,0.9788732394366197
ILO/PAN_YIN_GEN-1/before,section_valid,228,284,0.8028169014084507
ILO/PAN_YIN_GEN-1/before,wall_cia_geometry_valid,21466,57086,0.37602914900325823
ILO/PAN_YIN_GEN-1/before,wall_cia_semantic_valid,27392,57086,0.4798374382510598
ILO/PAN_YIN_GEN-1/before,wall_map_area_slope_per_mm_valid,45804,57086,0.8023683565147322
ILO/PAN_YIN_GEN-1/before,wall_map_downstream_min_area_ratio_valid,44791,57086,0.7846232000840837
ILO/PAN_YIN_GEN-1/before,wall_map_downstream_min_distance_mm_valid,44791,57086,0.7846232000840837
ILO/PAN_YIN_GEN-1/before,wall_map_eccentricity_valid,45804,57086,0.8023683565147322
ILO/PAN_YIN_GEN-1/before,wall_map_pc_area_slope_per_mm_valid,43641,57086,0.7644781557649861
ILO/PAN_YIN_GEN-1/before,wall_map_pc_downstream_min_area_ratio_valid,42878,57086,0.751112356795011
ILO/PAN_YIN_GEN-1/before,wall_map_pc_downstream_min_distance_mm_valid,42878,57086,0.751112356795011
ILO/PAN_YIN_GEN-1/before,wall_map_pc_eccentricity_valid,43891,57086,0.7688575132256595
ILO/PAN_YIN_GEN-1/before,wall_map_pc_roundness_valid,43891,57086,0.7688575132256595
ILO/PAN_YIN_GEN-1/before,wall_map_pc_upstream_min_area_ratio_valid,42340,57086,0.7416879795396419
ILO/PAN_YIN_GEN-1/before,wall_map_pc_upstream_min_distance_mm_valid,42340,57086,0.7416879795396419
ILO/PAN_YIN_GEN-1/before,wall_map_pc_valid,43891,57086,0.7688575132256595
ILO/PAN_YIN_GEN-1/before,wall_map_roundness_valid,45804,57086,0.8023683565147322
ILO/PAN_YIN_GEN-1/before,wall_map_upstream_min_area_ratio_valid,44491,57086,0.7793679711312756
ILO/PAN_YIN_GEN-1/before,wall_map_upstream_min_distance_mm_valid,44491,57086,0.7793679711312756
ILO/PAN_YIN_GEN-1/before,wall_map_valid,45804,57086,0.8023683565147322
ILO/SUN_DE_QI-1/before,centerline_audit_core_mask,1115,1151,0.9687228496959166
ILO/SUN_DE_QI-1/before,centerline_opening_extension_mask,4,1151,0.0034752389226759338
ILO/SUN_DE_QI-1/before,centerline_original_audit_core_mask,1115,1151,0.9687228496959166
ILO/SUN_DE_QI-1/before,coverage_pre_shift_valid,236,295,0.8
ILO/SUN_DE_QI-1/before,coverage_recovery_candidate_mask,7,295,0.023728813559322035
ILO/SUN_DE_QI-1/before,final_probe_profile_valid,229,295,0.7762711864406779
ILO/SUN_DE_QI-1/before,final_probe_recovered_mask,0,295,0.0
ILO/SUN_DE_QI-1/before,pc_section_raw_contour_valid,236,295,0.8
ILO/SUN_DE_QI-1/before,pc_section_valid,223,295,0.7559322033898305
ILO/SUN_DE_QI-1/before,section_raw_contour_valid,289,295,0.9796610169491525
ILO/SUN_DE_QI-1/before,section_valid,232,295,0.7864406779661017
ILO/SUN_DE_QI-1/before,wall_cia_geometry_valid,28576,70088,0.40771601415363545
ILO/SUN_DE_QI-1/before,wall_cia_semantic_valid,33937,70088,0.48420557014039495
ILO/SUN_DE_QI-1/before,wall_map_area_slope_per_mm_valid,58067,70088,0.8284870448578929
ILO/SUN_DE_QI-1/before,wall_map_downstream_min_area_ratio_valid,57003,70088,0.8133061294372789
ILO/SUN_DE_QI-1/before,wall_map_downstream_min_distance_mm_valid,57003,70088,0.8133061294372789
ILO/SUN_DE_QI-1/before,wall_map_eccentricity_valid,58160,70088,0.8298139481794315
ILO/SUN_DE_QI-1/before,wall_map_pc_area_slope_per_mm_valid,56666,70088,0.8084978883689077
ILO/SUN_DE_QI-1/before,wall_map_pc_downstream_min_area_ratio_valid,55310,70088,0.7891507818742153
ILO/SUN_DE_QI-1/before,wall_map_pc_downstream_min_distance_mm_valid,55310,70088,0.7891507818742153
ILO/SUN_DE_QI-1/before,wall_map_pc_eccentricity_valid,56666,70088,0.8084978883689077
ILO/SUN_DE_QI-1/before,wall_map_pc_roundness_valid,56666,70088,0.8084978883689077
ILO/SUN_DE_QI-1/before,wall_map_pc_upstream_min_area_ratio_valid,55219,70088,0.7878524141079786
ILO/SUN_DE_QI-1/before,wall_map_pc_upstream_min_distance_mm_valid,55219,70088,0.7878524141079786
ILO/SUN_DE_QI-1/before,wall_map_pc_valid,56666,70088,0.8084978883689077
ILO/SUN_DE_QI-1/before,wall_map_roundness_valid,58160,70088,0.8298139481794315
ILO/SUN_DE_QI-1/before,wall_map_upstream_min_area_ratio_valid,56848,70088,0.8110946239013811
ILO/SUN_DE_QI-1/before,wall_map_upstream_min_distance_mm_valid,56848,70088,0.8110946239013811
ILO/SUN_DE_QI-1/before,wall_map_valid,58160,70088,0.8298139481794315
ILO/SUN_DONG_XIN-0/before,centerline_audit_core_mask,1116,1152,0.96875
ILO/SUN_DONG_XIN-0/before,centerline_opening_extension_mask,4,1152,0.003472222222222222
ILO/SUN_DONG_XIN-0/before,centerline_original_audit_core_mask,1116,1152,0.96875
ILO/SUN_DONG_XIN-0/before,coverage_pre_shift_valid,228,297,0.7676767676767676
ILO/SUN_DONG_XIN-0/before,coverage_recovery_candidate_mask,6,297,0.020202020202020204
ILO/SUN_DONG_XIN-0/before,final_probe_profile_valid,222,297,0.7474747474747475
ILO/SUN_DONG_XIN-0/before,final_probe_recovered_mask,3,297,0.010101010101010102
ILO/SUN_DONG_XIN-0/before,pc_section_raw_contour_valid,232,297,0.7811447811447811
ILO/SUN_DONG_XIN-0/before,pc_section_valid,216,297,0.7272727272727273
ILO/SUN_DONG_XIN-0/before,section_raw_contour_valid,291,297,0.9797979797979798
ILO/SUN_DONG_XIN-0/before,section_valid,221,297,0.7441077441077442
ILO/SUN_DONG_XIN-0/before,wall_cia_geometry_valid,21979,41619,0.5281001465676735
ILO/SUN_DONG_XIN-0/before,wall_cia_semantic_valid,26547,41619,0.6378577092193469
ILO/SUN_DONG_XIN-0/before,wall_map_area_slope_per_mm_valid,30466,41619,0.7320214325188015
ILO/SUN_DONG_XIN-0/before,wall_map_downstream_min_area_ratio_valid,29665,41619,0.7127754150748457
ILO/SUN_DONG_XIN-0/before,wall_map_downstream_min_distance_mm_valid,29665,41619,0.7127754150748457
ILO/SUN_DONG_XIN-0/before,wall_map_eccentricity_valid,30466,41619,0.7320214325188015
ILO/SUN_DONG_XIN-0/before,wall_map_pc_area_slope_per_mm_valid,29487,41619,0.708498522309522
ILO/SUN_DONG_XIN-0/before,wall_map_pc_downstream_min_area_ratio_valid,28314,41619,0.6803142795357889
ILO/SUN_DONG_XIN-0/before,wall_map_pc_downstream_min_distance_mm_valid,28314,41619,0.6803142795357889
ILO/SUN_DONG_XIN-0/before,wall_map_pc_eccentricity_valid,29487,41619,0.708498522309522
ILO/SUN_DONG_XIN-0/before,wall_map_pc_roundness_valid,29487,41619,0.708498522309522
ILO/SUN_DONG_XIN-0/before,wall_map_pc_upstream_min_area_ratio_valid,27945,41619,0.6714481366683486
ILO/SUN_DONG_XIN-0/before,wall_map_pc_upstream_min_distance_mm_valid,27945,41619,0.6714481366683486
ILO/SUN_DONG_XIN-0/before,wall_map_pc_valid,29487,41619,0.708498522309522
ILO/SUN_DONG_XIN-0/before,wall_map_roundness_valid,30466,41619,0.7320214325188015
ILO/SUN_DONG_XIN-0/before,wall_map_upstream_min_area_ratio_valid,29291,41619,0.7037891347701771
ILO/SUN_DONG_XIN-0/before,wall_map_upstream_min_distance_mm_valid,29291,41619,0.7037891347701771
ILO/SUN_DONG_XIN-0/before,wall_map_valid,30466,41619,0.7320214325188015
ILO/SUN_XU_XIA-1/before,centerline_audit_core_mask,1212,1248,0.9711538461538461
ILO/SUN_XU_XIA-1/before,centerline_opening_extension_mask,2,1248,0.0016025641025641025
ILO/SUN_XU_XIA-1/before,centerline_original_audit_core_mask,1212,1248,0.9711538461538461
ILO/SUN_XU_XIA-1/before,coverage_pre_shift_valid,267,320,0.834375
ILO/SUN_XU_XIA-1/before,coverage_recovery_candidate_mask,9,320,0.028125
ILO/SUN_XU_XIA-1/before,final_probe_profile_valid,258,320,0.80625
ILO/SUN_XU_XIA-1/before,final_probe_recovered_mask,0,320,0.0
ILO/SUN_XU_XIA-1/before,pc_section_raw_contour_valid,273,320,0.853125
ILO/SUN_XU_XIA-1/before,pc_section_valid,256,320,0.8
ILO/SUN_XU_XIA-1/before,section_raw_contour_valid,318,320,0.99375
ILO/SUN_XU_XIA-1/before,section_valid,261,320,0.815625
ILO/SUN_XU_XIA-1/before,wall_cia_geometry_valid,27187,60281,0.4510044624342662
ILO/SUN_XU_XIA-1/before,wall_cia_semantic_valid,30785,60281,0.5106915943663841
ILO/SUN_XU_XIA-1/before,wall_map_area_slope_per_mm_valid,51146,60281,0.8484597136742921
ILO/SUN_XU_XIA-1/before,wall_map_downstream_min_area_ratio_valid,49835,60281,0.8267115674922446
ILO/SUN_XU_XIA-1/before,wall_map_downstream_min_distance_mm_valid,49835,60281,0.8267115674922446
ILO/SUN_XU_XIA-1/before,wall_map_eccentricity_valid,51146,60281,0.8484597136742921
ILO/SUN_XU_XIA-1/before,wall_map_pc_area_slope_per_mm_valid,49716,60281,0.8247374794711435
ILO/SUN_XU_XIA-1/before,wall_map_pc_downstream_min_area_ratio_valid,48147,60281,0.798709377747549
ILO/SUN_XU_XIA-1/before,wall_map_pc_downstream_min_distance_mm_valid,48147,60281,0.798709377747549
ILO/SUN_XU_XIA-1/before,wall_map_pc_eccentricity_valid,49849,60281,0.826943813141786
ILO/SUN_XU_XIA-1/before,wall_map_pc_roundness_valid,49849,60281,0.826943813141786
ILO/SUN_XU_XIA-1/before,wall_map_pc_upstream_min_area_ratio_valid,47963,60281,0.7956570063535774
ILO/SUN_XU_XIA-1/before,wall_map_pc_upstream_min_distance_mm_valid,47963,60281,0.7956570063535774
ILO/SUN_XU_XIA-1/before,wall_map_pc_valid,49849,60281,0.826943813141786
ILO/SUN_XU_XIA-1/before,wall_map_roundness_valid,51146,60281,0.8484597136742921
ILO/SUN_XU_XIA-1/before,wall_map_upstream_min_area_ratio_valid,49641,60281,0.8234933063486007
ILO/SUN_XU_XIA-1/before,wall_map_upstream_min_distance_mm_valid,49641,60281,0.8234933063486007
ILO/SUN_XU_XIA-1/before,wall_map_valid,51146,60281,0.8484597136742921
ILO/SUN_YU_SHENG-0/before,centerline_audit_core_mask,1130,1166,0.9691252144082333
ILO/SUN_YU_SHENG-0/before,centerline_opening_extension_mask,6,1166,0.005145797598627788
ILO/SUN_YU_SHENG-0/before,centerline_original_audit_core_mask,1130,1166,0.9691252144082333
ILO/SUN_YU_SHENG-0/before,coverage_pre_shift_valid,234,300,0.78
ILO/SUN_YU_SHENG-0/before,coverage_recovery_candidate_mask,9,300,0.03
ILO/SUN_YU_SHENG-0/before,final_probe_profile_valid,225,300,0.75
ILO/SUN_YU_SHENG-0/before,final_probe_recovered_mask,0,300,0.0
ILO/SUN_YU_SHENG-0/before,pc_section_raw_contour_valid,240,300,0.8
ILO/SUN_YU_SHENG-0/before,pc_section_valid,220,300,0.7333333333333333
ILO/SUN_YU_SHENG-0/before,section_raw_contour_valid,293,300,0.9766666666666667
ILO/SUN_YU_SHENG-0/before,section_valid,227,300,0.7566666666666667
ILO/SUN_YU_SHENG-0/before,wall_cia_geometry_valid,29293,65815,0.4450809086074603
ILO/SUN_YU_SHENG-0/before,wall_cia_semantic_valid,35319,65815,0.53664058345362
ILO/SUN_YU_SHENG-0/before,wall_map_area_slope_per_mm_valid,52368,65815,0.7956848742687838
ILO/SUN_YU_SHENG-0/before,wall_map_downstream_min_area_ratio_valid,51458,65815,0.7818582390032668
ILO/SUN_YU_SHENG-0/before,wall_map_downstream_min_distance_mm_valid,51458,65815,0.7818582390032668
ILO/SUN_YU_SHENG-0/before,wall_map_eccentricity_valid,52545,65815,0.7983742307984502
ILO/SUN_YU_SHENG-0/before,wall_map_pc_area_slope_per_mm_valid,49415,65815,0.7508166831269467
ILO/SUN_YU_SHENG-0/before,wall_map_pc_downstream_min_area_ratio_valid,47958,65815,0.7286788725974322
ILO/SUN_YU_SHENG-0/before,wall_map_pc_downstream_min_distance_mm_valid,47958,65815,0.7286788725974322
ILO/SUN_YU_SHENG-0/before,wall_map_pc_eccentricity_valid,50007,65815,0.7598115931018765
ILO/SUN_YU_SHENG-0/before,wall_map_pc_roundness_valid,50007,65815,0.7598115931018765
ILO/SUN_YU_SHENG-0/before,wall_map_pc_upstream_min_area_ratio_valid,47740,65815,0.7253665577755831
ILO/SUN_YU_SHENG-0/before,wall_map_pc_upstream_min_distance_mm_valid,47740,65815,0.7253665577755831
ILO/SUN_YU_SHENG-0/before,wall_map_pc_valid,50007,65815,0.7598115931018765
ILO/SUN_YU_SHENG-0/before,wall_map_roundness_valid,52545,65815,0.7983742307984502
ILO/SUN_YU_SHENG-0/before,wall_map_upstream_min_area_ratio_valid,50975,65815,0.7745194864392616
ILO/SUN_YU_SHENG-0/before,wall_map_upstream_min_distance_mm_valid,50975,65815,0.7745194864392616
ILO/SUN_YU_SHENG-0/before,wall_map_valid,52545,65815,0.7983742307984502
ILO/WAGN_LI_JUN-1/before,centerline_audit_core_mask,1237,1273,0.9717203456402199
ILO/WAGN_LI_JUN-1/before,centerline_opening_extension_mask,4,1273,0.003142183817753339
ILO/WAGN_LI_JUN-1/before,centerline_original_audit_core_mask,1237,1273,0.9717203456402199
ILO/WAGN_LI_JUN-1/before,coverage_pre_shift_valid,238,326,0.7300613496932515
ILO/WAGN_LI_JUN-1/before,coverage_recovery_candidate_mask,6,326,0.018404907975460124
ILO/WAGN_LI_JUN-1/before,final_probe_profile_valid,232,326,0.7116564417177914
ILO/WAGN_LI_JUN-1/before,final_probe_recovered_mask,1,326,0.003067484662576687
ILO/WAGN_LI_JUN-1/before,pc_section_raw_contour_valid,230,326,0.7055214723926381
ILO/WAGN_LI_JUN-1/before,pc_section_valid,224,326,0.6871165644171779
ILO/WAGN_LI_JUN-1/before,section_raw_contour_valid,320,326,0.9815950920245399
ILO/WAGN_LI_JUN-1/before,section_valid,237,326,0.7269938650306749
ILO/WAGN_LI_JUN-1/before,wall_cia_geometry_valid,30324,74330,0.40796448271222924
ILO/WAGN_LI_JUN-1/before,wall_cia_semantic_valid,42097,74330,0.5663527512444504
ILO/WAGN_LI_JUN-1/before,wall_map_area_slope_per_mm_valid,54423,74330,0.7321808152831966
ILO/WAGN_LI_JUN-1/before,wall_map_downstream_min_area_ratio_valid,53648,74330,0.7217543387595856
ILO/WAGN_LI_JUN-1/before,wall_map_downstream_min_distance_mm_valid,53648,74330,0.7217543387595856
ILO/WAGN_LI_JUN-1/before,wall_map_eccentricity_valid,54423,74330,0.7321808152831966
ILO/WAGN_LI_JUN-1/before,wall_map_pc_area_slope_per_mm_valid,50604,74330,0.6808018296784609
ILO/WAGN_LI_JUN-1/before,wall_map_pc_downstream_min_area_ratio_valid,49300,74330,0.6632584420826046
ILO/WAGN_LI_JUN-1/before,wall_map_pc_downstream_min_distance_mm_valid,49300,74330,0.6632584420826046
ILO/WAGN_LI_JUN-1/before,wall_map_pc_eccentricity_valid,50604,74330,0.6808018296784609
ILO/WAGN_LI_JUN-1/before,wall_map_pc_roundness_valid,50604,74330,0.6808018296784609
ILO/WAGN_LI_JUN-1/before,wall_map_pc_upstream_min_area_ratio_valid,48586,74330,0.6536526301627875
ILO/WAGN_LI_JUN-1/before,wall_map_pc_upstream_min_distance_mm_valid,48586,74330,0.6536526301627875
ILO/WAGN_LI_JUN-1/before,wall_map_pc_valid,50604,74330,0.6808018296784609
ILO/WAGN_LI_JUN-1/before,wall_map_roundness_valid,54423,74330,0.7321808152831966
ILO/WAGN_LI_JUN-1/before,wall_map_upstream_min_area_ratio_valid,52910,74330,0.7118256424054891
ILO/WAGN_LI_JUN-1/before,wall_map_upstream_min_distance_mm_valid,52910,74330,0.7118256424054891
ILO/WAGN_LI_JUN-1/before,wall_map_valid,54423,74330,0.7321808152831966
ILO/WANG_JIN_MING-0/before,centerline_audit_core_mask,1192,1228,0.9706840390879479
ILO/WANG_JIN_MING-0/before,centerline_opening_extension_mask,3,1228,0.0024429967426710096
ILO/WANG_JIN_MING-0/before,centerline_original_audit_core_mask,1192,1228,0.9706840390879479
ILO/WANG_JIN_MING-0/before,coverage_pre_shift_valid,260,314,0.8280254777070064
ILO/WANG_JIN_MING-0/before,coverage_recovery_candidate_mask,8,314,0.025477707006369428
ILO/WANG_JIN_MING-0/before,final_probe_profile_valid,252,314,0.802547770700637
ILO/WANG_JIN_MING-0/before,final_probe_recovered_mask,1,314,0.0031847133757961785
ILO/WANG_JIN_MING-0/before,pc_section_raw_contour_valid,260,314,0.8280254777070064
ILO/WANG_JIN_MING-0/before,pc_section_valid,248,314,0.7898089171974523
ILO/WANG_JIN_MING-0/before,section_raw_contour_valid,310,314,0.9872611464968153
ILO/WANG_JIN_MING-0/before,section_valid,254,314,0.8089171974522293
ILO/WANG_JIN_MING-0/before,wall_cia_geometry_valid,23758,65272,0.36398455693099646
ILO/WANG_JIN_MING-0/before,wall_cia_semantic_valid,28068,65272,0.4300159333251624
ILO/WANG_JIN_MING-0/before,wall_map_area_slope_per_mm_valid,54417,65272,0.8336959186174776
ILO/WANG_JIN_MING-0/before,wall_map_downstream_min_area_ratio_valid,53461,65272,0.8190495158720431
ILO/WANG_JIN_MING-0/before,wall_map_downstream_min_distance_mm_valid,53461,65272,0.8190495158720431
ILO/WANG_JIN_MING-0/before,wall_map_eccentricity_valid,54538,65272,0.8355496997181027
ILO/WANG_JIN_MING-0/before,wall_map_pc_area_slope_per_mm_valid,53568,65272,0.8206888099031744
ILO/WANG_JIN_MING-0/before,wall_map_pc_downstream_min_area_ratio_valid,52316,65272,0.8015075376884422
ILO/WANG_JIN_MING-0/before,wall_map_pc_downstream_min_distance_mm_valid,52316,65272,0.8015075376884422
ILO/WANG_JIN_MING-0/before,wall_map_pc_eccentricity_valid,53568,65272,0.8206888099031744
ILO/WANG_JIN_MING-0/before,wall_map_pc_roundness_valid,53568,65272,0.8206888099031744
ILO/WANG_JIN_MING-0/before,wall_map_pc_upstream_min_area_ratio_valid,52102,65272,0.7982289496261796
ILO/WANG_JIN_MING-0/before,wall_map_pc_upstream_min_distance_mm_valid,52102,65272,0.7982289496261796
ILO/WANG_JIN_MING-0/before,wall_map_pc_valid,53568,65272,0.8206888099031744
ILO/WANG_JIN_MING-0/before,wall_map_roundness_valid,54538,65272,0.8355496997181027
ILO/WANG_JIN_MING-0/before,wall_map_upstream_min_area_ratio_valid,53310,65272,0.8167361196225028
ILO/WANG_JIN_MING-0/before,wall_map_upstream_min_distance_mm_valid,53310,65272,0.8167361196225028
ILO/WANG_JIN_MING-0/before,wall_map_valid,54538,65272,0.8355496997181027
ILO/WANG_SHU_SHENG-0/before,centerline_audit_core_mask,1306,1342,0.9731743666169895
ILO/WANG_SHU_SHENG-0/before,centerline_opening_extension_mask,7,1342,0.005216095380029807
ILO/WANG_SHU_SHENG-0/before,centerline_original_audit_core_mask,1306,1342,0.9731743666169895
ILO/WANG_SHU_SHENG-0/before,coverage_pre_shift_valid,305,343,0.8892128279883382
ILO/WANG_SHU_SHENG-0/before,coverage_recovery_candidate_mask,7,343,0.02040816326530612
ILO/WANG_SHU_SHENG-0/before,final_probe_profile_valid,298,343,0.8688046647230321
ILO/WANG_SHU_SHENG-0/before,final_probe_recovered_mask,2,343,0.0058309037900874635
ILO/WANG_SHU_SHENG-0/before,pc_section_raw_contour_valid,310,343,0.9037900874635568
ILO/WANG_SHU_SHENG-0/before,pc_section_valid,288,343,0.8396501457725948
ILO/WANG_SHU_SHENG-0/before,section_raw_contour_valid,337,343,0.9825072886297376
ILO/WANG_SHU_SHENG-0/before,section_valid,293,343,0.8542274052478134
ILO/WANG_SHU_SHENG-0/before,wall_cia_geometry_valid,27239,63751,0.42727172907091654
ILO/WANG_SHU_SHENG-0/before,wall_cia_semantic_valid,29762,63751,0.4668475788615081
ILO/WANG_SHU_SHENG-0/before,wall_map_area_slope_per_mm_valid,55602,63751,0.8721745541246412
ILO/WANG_SHU_SHENG-0/before,wall_map_downstream_min_area_ratio_valid,54435,63751,0.8538689589182915
ILO/WANG_SHU_SHENG-0/before,wall_map_downstream_min_distance_mm_valid,54435,63751,0.8538689589182915
ILO/WANG_SHU_SHENG-0/before,wall_map_eccentricity_valid,55602,63751,0.8721745541246412
ILO/WANG_SHU_SHENG-0/before,wall_map_pc_area_slope_per_mm_valid,52870,63751,0.8293203243870685
ILO/WANG_SHU_SHENG-0/before,wall_map_pc_downstream_min_area_ratio_valid,50440,63751,0.7912032752427413
ILO/WANG_SHU_SHENG-0/before,wall_map_pc_downstream_min_distance_mm_valid,50440,63751,0.7912032752427413
ILO/WANG_SHU_SHENG-0/before,wall_map_pc_eccentricity_valid,52870,63751,0.8293203243870685
ILO/WANG_SHU_SHENG-0/before,wall_map_pc_roundness_valid,52870,63751,0.8293203243870685
ILO/WANG_SHU_SHENG-0/before,wall_map_pc_upstream_min_area_ratio_valid,50358,63751,0.7899170209094759
ILO/WANG_SHU_SHENG-0/before,wall_map_pc_upstream_min_distance_mm_valid,50358,63751,0.7899170209094759
ILO/WANG_SHU_SHENG-0/before,wall_map_pc_valid,52870,63751,0.8293203243870685
ILO/WANG_SHU_SHENG-0/before,wall_map_roundness_valid,55602,63751,0.8721745541246412
ILO/WANG_SHU_SHENG-0/before,wall_map_upstream_min_area_ratio_valid,54213,63751,0.8503866606014023
ILO/WANG_SHU_SHENG-0/before,wall_map_upstream_min_distance_mm_valid,54213,63751,0.8503866606014023
ILO/WANG_SHU_SHENG-0/before,wall_map_valid,55602,63751,0.8721745541246412
ILO/WANG_TIAN_QING-1/before,centerline_audit_core_mask,1225,1261,0.9714512291831879
ILO/WANG_TIAN_QING-1/before,centerline_opening_extension_mask,4,1261,0.0031720856463124504
ILO/WANG_TIAN_QING-1/before,centerline_original_audit_core_mask,1225,1261,0.9714512291831879
ILO/WANG_TIAN_QING-1/before,coverage_pre_shift_valid,273,323,0.8452012383900929
ILO/WANG_TIAN_QING-1/before,coverage_recovery_candidate_mask,8,323,0.02476780185758514
ILO/WANG_TIAN_QING-1/before,final_probe_profile_valid,269,323,0.8328173374613003
ILO/WANG_TIAN_QING-1/before,final_probe_recovered_mask,9,323,0.02786377708978328
ILO/WANG_TIAN_QING-1/before,pc_section_raw_contour_valid,247,323,0.7647058823529411
ILO/WANG_TIAN_QING-1/before,pc_section_valid,233,323,0.7213622291021672
ILO/WANG_TIAN_QING-1/before,section_raw_contour_valid,317,323,0.9814241486068112
ILO/WANG_TIAN_QING-1/before,section_valid,270,323,0.8359133126934984
ILO/WANG_TIAN_QING-1/before,wall_cia_geometry_valid,32786,82168,0.39901178074189464
ILO/WANG_TIAN_QING-1/before,wall_cia_semantic_valid,39080,82168,0.4756109434329666
ILO/WANG_TIAN_QING-1/before,wall_map_area_slope_per_mm_valid,66049,82168,0.8038287411157629
ILO/WANG_TIAN_QING-1/before,wall_map_downstream_min_area_ratio_valid,64779,82168,0.7883726024729821
ILO/WANG_TIAN_QING-1/before,wall_map_downstream_min_distance_mm_valid,64779,82168,0.7883726024729821
ILO/WANG_TIAN_QING-1/before,wall_map_eccentricity_valid,66152,82168,0.805082270470256
ILO/WANG_TIAN_QING-1/before,wall_map_pc_area_slope_per_mm_valid,58753,82168,0.7150350501411742
ILO/WANG_TIAN_QING-1/before,wall_map_pc_downstream_min_area_ratio_valid,56746,82168,0.6906094830104177
ILO/WANG_TIAN_QING-1/before,wall_map_pc_downstream_min_distance_mm_valid,56746,82168,0.6906094830104177
ILO/WANG_TIAN_QING-1/before,wall_map_pc_eccentricity_valid,58930,82168,0.7171891734008373
ILO/WANG_TIAN_QING-1/before,wall_map_pc_roundness_valid,58930,82168,0.7171891734008373
ILO/WANG_TIAN_QING-1/before,wall_map_pc_upstream_min_area_ratio_valid,55934,82168,0.6807272904293642
ILO/WANG_TIAN_QING-1/before,wall_map_pc_upstream_min_distance_mm_valid,55934,82168,0.6807272904293642
ILO/WANG_TIAN_QING-1/before,wall_map_pc_valid,58930,82168,0.7171891734008373
ILO/WANG_TIAN_QING-1/before,wall_map_roundness_valid,66152,82168,0.805082270470256
ILO/WANG_TIAN_QING-1/before,wall_map_upstream_min_area_ratio_valid,64117,82168,0.780315938078084
ILO/WANG_TIAN_QING-1/before,wall_map_upstream_min_distance_mm_valid,64117,82168,0.780315938078084
ILO/WANG_TIAN_QING-1/before,wall_map_valid,66152,82168,0.805082270470256
ILO/WANG_XIAO_LIN-0/before,centerline_audit_core_mask,1260,1296,0.9722222222222222
ILO/WANG_XIAO_LIN-0/before,centerline_opening_extension_mask,8,1296,0.006172839506172839
ILO/WANG_XIAO_LIN-0/before,centerline_original_audit_core_mask,1260,1296,0.9722222222222222
ILO/WANG_XIAO_LIN-0/before,coverage_pre_shift_valid,277,331,0.8368580060422961
ILO/WANG_XIAO_LIN-0/before,coverage_recovery_candidate_mask,6,331,0.01812688821752266
ILO/WANG_XIAO_LIN-0/before,final_probe_profile_valid,272,331,0.8217522658610272
ILO/WANG_XIAO_LIN-0/before,final_probe_recovered_mask,6,331,0.01812688821752266
ILO/WANG_XIAO_LIN-0/before,pc_section_raw_contour_valid,245,331,0.7401812688821753
ILO/WANG_XIAO_LIN-0/before,pc_section_valid,231,331,0.6978851963746223
ILO/WANG_XIAO_LIN-0/before,section_raw_contour_valid,324,331,0.9788519637462235
ILO/WANG_XIAO_LIN-0/before,section_valid,271,331,0.8187311178247734
ILO/WANG_XIAO_LIN-0/before,wall_cia_geometry_valid,31747,65760,0.48277068126520684
ILO/WANG_XIAO_LIN-0/before,wall_cia_semantic_valid,37772,65760,0.5743917274939173
ILO/WANG_XIAO_LIN-0/before,wall_map_area_slope_per_mm_valid,51149,65760,0.7778132603406326
ILO/WANG_XIAO_LIN-0/before,wall_map_downstream_min_area_ratio_valid,49921,65760,0.7591392944038929
ILO/WANG_XIAO_LIN-0/before,wall_map_downstream_min_distance_mm_valid,49921,65760,0.7591392944038929
ILO/WANG_XIAO_LIN-0/before,wall_map_eccentricity_valid,51149,65760,0.7778132603406326
ILO/WANG_XIAO_LIN-0/before,wall_map_pc_area_slope_per_mm_valid,39835,65760,0.6057633819951338
ILO/WANG_XIAO_LIN-0/before,wall_map_pc_downstream_min_area_ratio_valid,37590,65760,0.5716240875912408
ILO/WANG_XIAO_LIN-0/before,wall_map_pc_downstream_min_distance_mm_valid,37590,65760,0.5716240875912408
ILO/WANG_XIAO_LIN-0/before,wall_map_pc_eccentricity_valid,40511,65760,0.6160431873479318
ILO/WANG_XIAO_LIN-0/before,wall_map_pc_roundness_valid,40511,65760,0.6160431873479318
ILO/WANG_XIAO_LIN-0/before,wall_map_pc_upstream_min_area_ratio_valid,37386,65760,0.568521897810219
ILO/WANG_XIAO_LIN-0/before,wall_map_pc_upstream_min_distance_mm_valid,37386,65760,0.568521897810219
ILO/WANG_XIAO_LIN-0/before,wall_map_pc_valid,40511,65760,0.6160431873479318
ILO/WANG_XIAO_LIN-0/before,wall_map_roundness_valid,51149,65760,0.7778132603406326
ILO/WANG_XIAO_LIN-0/before,wall_map_upstream_min_area_ratio_valid,49542,65760,0.7533759124087591
ILO/WANG_XIAO_LIN-0/before,wall_map_upstream_min_distance_mm_valid,49542,65760,0.7533759124087591
ILO/WANG_XIAO_LIN-0/before,wall_map_valid,51149,65760,0.7778132603406326
ILO/WENG_ZHAO_GUANG-0/before,centerline_audit_core_mask,1574,1610,0.977639751552795
ILO/WENG_ZHAO_GUANG-0/before,centerline_opening_extension_mask,5,1610,0.003105590062111801
ILO/WENG_ZHAO_GUANG-0/before,centerline_original_audit_core_mask,1574,1610,0.977639751552795
ILO/WENG_ZHAO_GUANG-0/before,coverage_pre_shift_valid,349,411,0.8491484184914841
ILO/WENG_ZHAO_GUANG-0/before,coverage_recovery_candidate_mask,11,411,0.0267639902676399
ILO/WENG_ZHAO_GUANG-0/before,final_probe_profile_valid,339,411,0.8248175182481752
ILO/WENG_ZHAO_GUANG-0/before,final_probe_recovered_mask,3,411,0.0072992700729927005
ILO/WENG_ZHAO_GUANG-0/before,pc_section_raw_contour_valid,336,411,0.8175182481751825
ILO/WENG_ZHAO_GUANG-0/before,pc_section_valid,323,411,0.7858880778588808
ILO/WENG_ZHAO_GUANG-0/before,section_raw_contour_valid,405,411,0.9854014598540146
ILO/WENG_ZHAO_GUANG-0/before,section_valid,346,411,0.8418491484184915
ILO/WENG_ZHAO_GUANG-0/before,wall_cia_geometry_valid,42612,77413,0.550450182785837
ILO/WENG_ZHAO_GUANG-0/before,wall_cia_semantic_valid,50630,77413,0.6540245178458398
ILO/WENG_ZHAO_GUANG-0/before,wall_map_area_slope_per_mm_valid,61783,77413,0.7980959270406779
ILO/WENG_ZHAO_GUANG-0/before,wall_map_downstream_min_area_ratio_valid,60851,77413,0.7860566054796998
ILO/WENG_ZHAO_GUANG-0/before,wall_map_downstream_min_distance_mm_valid,60851,77413,0.7860566054796998
ILO/WENG_ZHAO_GUANG-0/before,wall_map_eccentricity_valid,62317,77413,0.8049939932569465
ILO/WENG_ZHAO_GUANG-0/before,wall_map_pc_area_slope_per_mm_valid,56172,77413,0.7256145608618707
ILO/WENG_ZHAO_GUANG-0/before,wall_map_pc_downstream_min_area_ratio_valid,55128,77413,0.7121284538772558
ILO/WENG_ZHAO_GUANG-0/before,wall_map_pc_downstream_min_distance_mm_valid,55128,77413,0.7121284538772558
ILO/WENG_ZHAO_GUANG-0/before,wall_map_pc_eccentricity_valid,56347,77413,0.7278751630863033
ILO/WENG_ZHAO_GUANG-0/before,wall_map_pc_roundness_valid,56347,77413,0.7278751630863033
ILO/WENG_ZHAO_GUANG-0/before,wall_map_pc_upstream_min_area_ratio_valid,54271,77413,0.7010579618410344
ILO/WENG_ZHAO_GUANG-0/before,wall_map_pc_upstream_min_distance_mm_valid,54271,77413,0.7010579618410344
ILO/WENG_ZHAO_GUANG-0/before,wall_map_pc_valid,56347,77413,0.7278751630863033
ILO/WENG_ZHAO_GUANG-0/before,wall_map_roundness_valid,62317,77413,0.8049939932569465
ILO/WENG_ZHAO_GUANG-0/before,wall_map_upstream_min_area_ratio_valid,60162,77413,0.7771562915789337
ILO/WENG_ZHAO_GUANG-0/before,wall_map_upstream_min_distance_mm_valid,60162,77413,0.7771562915789337
ILO/WENG_ZHAO_GUANG-0/before,wall_map_valid,62317,77413,0.8049939932569465
ILO/WU_JUN-0/before,centerline_audit_core_mask,1240,1276,0.9717868338557993
ILO/WU_JUN-0/before,centerline_opening_extension_mask,3,1276,0.0023510971786833857
ILO/WU_JUN-0/before,centerline_original_audit_core_mask,1240,1276,0.9717868338557993
ILO/WU_JUN-0/before,coverage_pre_shift_valid,274,327,0.8379204892966361
ILO/WU_JUN-0/before,coverage_recovery_candidate_mask,7,327,0.021406727828746176
ILO/WU_JUN-0/before,final_probe_profile_valid,267,327,0.8165137614678899
ILO/WU_JUN-0/before,final_probe_recovered_mask,2,327,0.0061162079510703364
ILO/WU_JUN-0/before,pc_section_raw_contour_valid,280,327,0.8562691131498471
ILO/WU_JUN-0/before,pc_section_valid,265,327,0.8103975535168195
ILO/WU_JUN-0/before,section_raw_contour_valid,321,327,0.981651376146789
ILO/WU_JUN-0/before,section_valid,266,327,0.8134556574923547
ILO/WU_JUN-0/before,wall_cia_geometry_valid,28998,65810,0.44063212277769337
ILO/WU_JUN-0/before,wall_cia_semantic_valid,34143,65810,0.5188117307400091
ILO/WU_JUN-0/before,wall_map_area_slope_per_mm_valid,52412,65810,0.7964139188573165
ILO/WU_JUN-0/before,wall_map_downstream_min_area_ratio_valid,51455,65810,0.7818720559185535
ILO/WU_JUN-0/before,wall_map_downstream_min_distance_mm_valid,51455,65810,0.7818720559185535
ILO/WU_JUN-0/before,wall_map_eccentricity_valid,52412,65810,0.7964139188573165
ILO/WU_JUN-0/before,wall_map_pc_area_slope_per_mm_valid,52412,65810,0.7964139188573165
ILO/WU_JUN-0/before,wall_map_pc_downstream_min_area_ratio_valid,51453,65810,0.7818416654003951
ILO/WU_JUN-0/before,wall_map_pc_downstream_min_distance_mm_valid,51453,65810,0.7818416654003951
ILO/WU_JUN-0/before,wall_map_pc_eccentricity_valid,52412,65810,0.7964139188573165
ILO/WU_JUN-0/before,wall_map_pc_roundness_valid,52412,65810,0.7964139188573165
ILO/WU_JUN-0/before,wall_map_pc_upstream_min_area_ratio_valid,50905,65810,0.7735146634250114
ILO/WU_JUN-0/before,wall_map_pc_upstream_min_distance_mm_valid,50905,65810,0.7735146634250114
ILO/WU_JUN-0/before,wall_map_pc_valid,52412,65810,0.7964139188573165
ILO/WU_JUN-0/before,wall_map_roundness_valid,52412,65810,0.7964139188573165
ILO/WU_JUN-0/before,wall_map_upstream_min_area_ratio_valid,50905,65810,0.7735146634250114
ILO/WU_JUN-0/before,wall_map_upstream_min_distance_mm_valid,50905,65810,0.7735146634250114
ILO/WU_JUN-0/before,wall_map_valid,52412,65810,0.7964139188573165
ILO/XIE_ZHI_FU-0/before,centerline_audit_core_mask,1065,1101,0.9673024523160763
ILO/XIE_ZHI_FU-0/before,centerline_opening_extension_mask,6,1101,0.005449591280653951
ILO/XIE_ZHI_FU-0/before,centerline_original_audit_core_mask,1065,1101,0.9673024523160763
ILO/XIE_ZHI_FU-0/before,coverage_pre_shift_valid,217,283,0.7667844522968198
ILO/XIE_ZHI_FU-0/before,coverage_recovery_candidate_mask,9,283,0.03180212014134275
ILO/XIE_ZHI_FU-0/before,final_probe_profile_valid,210,283,0.7420494699646644
ILO/XIE_ZHI_FU-0/before,final_probe_recovered_mask,4,283,0.014134275618374558
ILO/XIE_ZHI_FU-0/before,pc_section_raw_contour_valid,221,283,0.7809187279151943
ILO/XIE_ZHI_FU-0/before,pc_section_valid,210,283,0.7420494699646644
ILO/XIE_ZHI_FU-0/before,section_raw_contour_valid,273,283,0.9646643109540636
ILO/XIE_ZHI_FU-0/before,section_valid,211,283,0.7455830388692579
ILO/XIE_ZHI_FU-0/before,wall_cia_geometry_valid,26792,77362,0.34631989865825596
ILO/XIE_ZHI_FU-0/before,wall_cia_semantic_valid,35341,77362,0.45682634885344225
ILO/XIE_ZHI_FU-0/before,wall_map_area_slope_per_mm_valid,61049,77362,0.7891342002533543
ILO/XIE_ZHI_FU-0/before,wall_map_downstream_min_area_ratio_valid,59740,77362,0.772213748351904
ILO/XIE_ZHI_FU-0/before,wall_map_downstream_min_distance_mm_valid,59740,77362,0.772213748351904
ILO/XIE_ZHI_FU-0/before,wall_map_eccentricity_valid,61049,77362,0.7891342002533543
ILO/XIE_ZHI_FU-0/before,wall_map_pc_area_slope_per_mm_valid,60641,77362,0.783860293167188
ILO/XIE_ZHI_FU-0/before,wall_map_pc_downstream_min_area_ratio_valid,59670,77362,0.7713089113518264
ILO/XIE_ZHI_FU-0/before,wall_map_pc_downstream_min_distance_mm_valid,59670,77362,0.7713089113518264
ILO/XIE_ZHI_FU-0/before,wall_map_pc_eccentricity_valid,60979,77362,0.7882293632532767
ILO/XIE_ZHI_FU-0/before,wall_map_pc_roundness_valid,60979,77362,0.7882293632532767
ILO/XIE_ZHI_FU-0/before,wall_map_pc_upstream_min_area_ratio_valid,58899,77362,0.7613427781081151
ILO/XIE_ZHI_FU-0/before,wall_map_pc_upstream_min_distance_mm_valid,58899,77362,0.7613427781081151
ILO/XIE_ZHI_FU-0/before,wall_map_pc_valid,60979,77362,0.7882293632532767
ILO/XIE_ZHI_FU-0/before,wall_map_roundness_valid,61049,77362,0.7891342002533543
ILO/XIE_ZHI_FU-0/before,wall_map_upstream_min_area_ratio_valid,59237,77362,0.7657118481942039
ILO/XIE_ZHI_FU-0/before,wall_map_upstream_min_distance_mm_valid,59237,77362,0.7657118481942039
ILO/XIE_ZHI_FU-0/before,wall_map_valid,61049,77362,0.7891342002533543
ILO/YANG_WANG_QI-1/before,centerline_audit_core_mask,1353,1389,0.9740820734341252
ILO/YANG_WANG_QI-1/before,centerline_opening_extension_mask,0,1389,0.0
ILO/YANG_WANG_QI-1/before,centerline_original_audit_core_mask,1353,1389,0.9740820734341252
ILO/YANG_WANG_QI-1/before,coverage_pre_shift_valid,307,356,0.8623595505617978
ILO/YANG_WANG_QI-1/before,coverage_recovery_candidate_mask,11,356,0.03089887640449438
ILO/YANG_WANG_QI-1/before,final_probe_profile_valid,296,356,0.8314606741573034
ILO/YANG_WANG_QI-1/before,final_probe_recovered_mask,1,356,0.0028089887640449437
ILO/YANG_WANG_QI-1/before,pc_section_raw_contour_valid,307,356,0.8623595505617978
ILO/YANG_WANG_QI-1/before,pc_section_valid,293,356,0.8230337078651685
ILO/YANG_WANG_QI-1/before,section_raw_contour_valid,353,356,0.9915730337078652
ILO/YANG_WANG_QI-1/before,section_valid,305,356,0.8567415730337079
ILO/YANG_WANG_QI-1/before,wall_cia_geometry_valid,25951,65448,0.39651326243735485
ILO/YANG_WANG_QI-1/before,wall_cia_semantic_valid,29974,65448,0.4579819093020413
ILO/YANG_WANG_QI-1/before,wall_map_area_slope_per_mm_valid,57325,65448,0.8758861997310842
ILO/YANG_WANG_QI-1/before,wall_map_downstream_min_area_ratio_valid,56680,65448,0.8660310475491994
ILO/YANG_WANG_QI-1/before,wall_map_downstream_min_distance_mm_valid,56680,65448,0.8660310475491994
ILO/YANG_WANG_QI-1/before,wall_map_eccentricity_valid,57325,65448,0.8758861997310842
ILO/YANG_WANG_QI-1/before,wall_map_pc_area_slope_per_mm_valid,55207,65448,0.8435246302408018
ILO/YANG_WANG_QI-1/before,wall_map_pc_downstream_min_area_ratio_valid,54400,65448,0.8311942305341645
ILO/YANG_WANG_QI-1/before,wall_map_pc_downstream_min_distance_mm_valid,54400,65448,0.8311942305341645
ILO/YANG_WANG_QI-1/before,wall_map_pc_eccentricity_valid,55290,65448,0.8447928126145948
ILO/YANG_WANG_QI-1/before,wall_map_pc_roundness_valid,55290,65448,0.8447928126145948
ILO/YANG_WANG_QI-1/before,wall_map_pc_upstream_min_area_ratio_valid,53875,65448,0.8231725950372815
ILO/YANG_WANG_QI-1/before,wall_map_pc_upstream_min_distance_mm_valid,53875,65448,0.8231725950372815
ILO/YANG_WANG_QI-1/before,wall_map_pc_valid,55290,65448,0.8447928126145948
ILO/YANG_WANG_QI-1/before,wall_map_roundness_valid,57325,65448,0.8758861997310842
ILO/YANG_WANG_QI-1/before,wall_map_upstream_min_area_ratio_valid,56367,65448,0.8612486248624862
ILO/YANG_WANG_QI-1/before,wall_map_upstream_min_distance_mm_valid,56367,65448,0.8612486248624862
ILO/YANG_WANG_QI-1/before,wall_map_valid,57325,65448,0.8758861997310842
ILO/YANG_WEN_TAI-0/before,centerline_audit_core_mask,1433,1469,0.9754935330156569
ILO/YANG_WEN_TAI-0/before,centerline_opening_extension_mask,7,1469,0.004765146358066712
ILO/YANG_WEN_TAI-0/before,centerline_original_audit_core_mask,1433,1469,0.9754935330156569
ILO/YANG_WEN_TAI-0/before,coverage_pre_shift_valid,304,375,0.8106666666666666
ILO/YANG_WEN_TAI-0/before,coverage_recovery_candidate_mask,9,375,0.024
ILO/YANG_WEN_TAI-0/before,final_probe_profile_valid,296,375,0.7893333333333333
ILO/YANG_WEN_TAI-0/before,final_probe_recovered_mask,12,375,0.032
ILO/YANG_WEN_TAI-0/before,pc_section_raw_contour_valid,280,375,0.7466666666666667
ILO/YANG_WEN_TAI-0/before,pc_section_valid,270,375,0.72
ILO/YANG_WEN_TAI-0/before,section_raw_contour_valid,368,375,0.9813333333333333
ILO/YANG_WEN_TAI-0/before,section_valid,301,375,0.8026666666666666
ILO/YANG_WEN_TAI-0/before,wall_cia_geometry_valid,28037,81868,0.3424659207504764
ILO/YANG_WEN_TAI-0/before,wall_cia_semantic_valid,33606,81868,0.41049005716519277
ILO/YANG_WEN_TAI-0/before,wall_map_area_slope_per_mm_valid,64826,81868,0.7918356378560609
ILO/YANG_WEN_TAI-0/before,wall_map_downstream_min_area_ratio_valid,63433,81868,0.7748204426638002
ILO/YANG_WEN_TAI-0/before,wall_map_downstream_min_distance_mm_valid,63433,81868,0.7748204426638002
ILO/YANG_WEN_TAI-0/before,wall_map_eccentricity_valid,64966,81868,0.7935457077246298
ILO/YANG_WEN_TAI-0/before,wall_map_pc_area_slope_per_mm_valid,55892,81868,0.6827087506718131
ILO/YANG_WEN_TAI-0/before,wall_map_pc_downstream_min_area_ratio_valid,54203,81868,0.6620779791860067
ILO/YANG_WEN_TAI-0/before,wall_map_pc_downstream_min_distance_mm_valid,54203,81868,0.6620779791860067
ILO/YANG_WEN_TAI-0/before,wall_map_pc_eccentricity_valid,55892,81868,0.6827087506718131
ILO/YANG_WEN_TAI-0/before,wall_map_pc_roundness_valid,55892,81868,0.6827087506718131
ILO/YANG_WEN_TAI-0/before,wall_map_pc_upstream_min_area_ratio_valid,53596,81868,0.6546636048272829
ILO/YANG_WEN_TAI-0/before,wall_map_pc_upstream_min_distance_mm_valid,53596,81868,0.6546636048272829
ILO/YANG_WEN_TAI-0/before,wall_map_pc_valid,55892,81868,0.6827087506718131
ILO/YANG_WEN_TAI-0/before,wall_map_roundness_valid,64966,81868,0.7935457077246298
ILO/YANG_WEN_TAI-0/before,wall_map_upstream_min_area_ratio_valid,62866,81868,0.7678946596960962
ILO/YANG_WEN_TAI-0/before,wall_map_upstream_min_distance_mm_valid,62866,81868,0.7678946596960962
ILO/YANG_WEN_TAI-0/before,wall_map_valid,64966,81868,0.7935457077246298
ILO/YANG_YU_QING-1/before,centerline_audit_core_mask,1132,1168,0.9691780821917808
ILO/YANG_YU_QING-1/before,centerline_opening_extension_mask,3,1168,0.0025684931506849314
ILO/YANG_YU_QING-1/before,centerline_original_audit_core_mask,1132,1168,0.9691780821917808
ILO/YANG_YU_QING-1/before,coverage_pre_shift_valid,245,300,0.8166666666666667
ILO/YANG_YU_QING-1/before,coverage_recovery_candidate_mask,5,300,0.016666666666666666
ILO/YANG_YU_QING-1/before,final_probe_profile_valid,240,300,0.8
ILO/YANG_YU_QING-1/before,final_probe_recovered_mask,0,300,0.0
ILO/YANG_YU_QING-1/before,pc_section_raw_contour_valid,247,300,0.8233333333333334
ILO/YANG_YU_QING-1/before,pc_section_valid,233,300,0.7766666666666666
ILO/YANG_YU_QING-1/before,section_raw_contour_valid,295,300,0.9833333333333333
ILO/YANG_YU_QING-1/before,section_valid,241,300,0.8033333333333333
ILO/YANG_YU_QING-1/before,wall_cia_geometry_valid,22592,64453,0.35051898282469396
ILO/YANG_YU_QING-1/before,wall_cia_semantic_valid,27904,64453,0.43293562751152004
ILO/YANG_YU_QING-1/before,wall_map_area_slope_per_mm_valid,53837,64453,0.8352908320791895
ILO/YANG_YU_QING-1/before,wall_map_downstream_min_area_ratio_valid,53073,64453,0.8234372333328162
ILO/YANG_YU_QING-1/before,wall_map_downstream_min_distance_mm_valid,53073,64453,0.8234372333328162
ILO/YANG_YU_QING-1/before,wall_map_eccentricity_valid,53837,64453,0.8352908320791895
ILO/YANG_YU_QING-1/before,wall_map_pc_area_slope_per_mm_valid,52482,64453,0.8142677610041426
ILO/YANG_YU_QING-1/before,wall_map_pc_downstream_min_area_ratio_valid,51478,64453,0.798690518672521
ILO/YANG_YU_QING-1/before,wall_map_pc_downstream_min_distance_mm_valid,51478,64453,0.798690518672521
ILO/YANG_YU_QING-1/before,wall_map_pc_eccentricity_valid,52648,64453,0.8168432811506059
ILO/YANG_YU_QING-1/before,wall_map_pc_roundness_valid,52648,64453,0.8168432811506059
ILO/YANG_YU_QING-1/before,wall_map_pc_upstream_min_area_ratio_valid,50975,64453,0.7908863823251051
ILO/YANG_YU_QING-1/before,wall_map_pc_upstream_min_distance_mm_valid,50975,64453,0.7908863823251051
ILO/YANG_YU_QING-1/before,wall_map_pc_valid,52648,64453,0.8168432811506059
ILO/YANG_YU_QING-1/before,wall_map_roundness_valid,53837,64453,0.8352908320791895
ILO/YANG_YU_QING-1/before,wall_map_upstream_min_area_ratio_valid,52547,64453,0.8152762478084806
ILO/YANG_YU_QING-1/before,wall_map_upstream_min_distance_mm_valid,52547,64453,0.8152762478084806
ILO/YANG_YU_QING-1/before,wall_map_valid,53837,64453,0.8352908320791895
ILO/YAO_GUO_CHEN-0/before,centerline_audit_core_mask,1301,1337,0.9730740463724757
ILO/YAO_GUO_CHEN-0/before,centerline_opening_extension_mask,6,1337,0.004487658937920718
ILO/YAO_GUO_CHEN-0/before,centerline_original_audit_core_mask,1301,1337,0.9730740463724757
ILO/YAO_GUO_CHEN-0/before,coverage_pre_shift_valid,251,341,0.7360703812316716
ILO/YAO_GUO_CHEN-0/before,coverage_recovery_candidate_mask,3,341,0.008797653958944282
ILO/YAO_GUO_CHEN-0/before,final_probe_profile_valid,248,341,0.7272727272727273
ILO/YAO_GUO_CHEN-0/before,final_probe_recovered_mask,0,341,0.0
ILO/YAO_GUO_CHEN-0/before,pc_section_raw_contour_valid,260,341,0.7624633431085044
ILO/YAO_GUO_CHEN-0/before,pc_section_valid,238,341,0.6979472140762464
ILO/YAO_GUO_CHEN-0/before,section_raw_contour_valid,335,341,0.9824046920821115
ILO/YAO_GUO_CHEN-0/before,section_valid,251,341,0.7360703812316716
ILO/YAO_GUO_CHEN-0/before,wall_cia_geometry_valid,20430,48898,0.41780849932512576
ILO/YAO_GUO_CHEN-0/before,wall_cia_semantic_valid,26675,48898,0.545523334287701
ILO/YAO_GUO_CHEN-0/before,wall_map_area_slope_per_mm_valid,34929,48898,0.7143236942206225
ILO/YAO_GUO_CHEN-0/before,wall_map_downstream_min_area_ratio_valid,33944,48898,0.6941797210519858
ILO/YAO_GUO_CHEN-0/before,wall_map_downstream_min_distance_mm_valid,33944,48898,0.6941797210519858
ILO/YAO_GUO_CHEN-0/before,wall_map_eccentricity_valid,34929,48898,0.7143236942206225
ILO/YAO_GUO_CHEN-0/before,wall_map_pc_area_slope_per_mm_valid,32139,48898,0.6572661458546362
ILO/YAO_GUO_CHEN-0/before,wall_map_pc_downstream_min_area_ratio_valid,30236,48898,0.6183483987075136
ILO/YAO_GUO_CHEN-0/before,wall_map_pc_downstream_min_distance_mm_valid,30236,48898,0.6183483987075136
ILO/YAO_GUO_CHEN-0/before,wall_map_pc_eccentricity_valid,32223,48898,0.6589840075258702
ILO/YAO_GUO_CHEN-0/before,wall_map_pc_roundness_valid,32223,48898,0.6589840075258702
ILO/YAO_GUO_CHEN-0/before,wall_map_pc_upstream_min_area_ratio_valid,29770,48898,0.6088183565790012
ILO/YAO_GUO_CHEN-0/before,wall_map_pc_upstream_min_distance_mm_valid,29770,48898,0.6088183565790012
ILO/YAO_GUO_CHEN-0/before,wall_map_pc_valid,32223,48898,0.6589840075258702
ILO/YAO_GUO_CHEN-0/before,wall_map_roundness_valid,34929,48898,0.7143236942206225
ILO/YAO_GUO_CHEN-0/before,wall_map_upstream_min_area_ratio_valid,33592,48898,0.686981062620148
ILO/YAO_GUO_CHEN-0/before,wall_map_upstream_min_distance_mm_valid,33592,48898,0.686981062620148
ILO/YAO_GUO_CHEN-0/before,wall_map_valid,34929,48898,0.7143236942206225
ILO/YU_XIANG_SHENG-1/before,centerline_audit_core_mask,1111,1147,0.9686137750653879
ILO/YU_XIANG_SHENG-1/before,centerline_opening_extension_mask,3,1147,0.0026155187445510027
ILO/YU_XIANG_SHENG-1/before,centerline_original_audit_core_mask,1111,1147,0.9686137750653879
ILO/YU_XIANG_SHENG-1/before,coverage_pre_shift_valid,236,296,0.7972972972972973
ILO/YU_XIANG_SHENG-1/before,coverage_recovery_candidate_mask,3,296,0.010135135135135136
ILO/YU_XIANG_SHENG-1/before,final_probe_profile_valid,233,296,0.7871621621621622
ILO/YU_XIANG_SHENG-1/before,final_probe_recovered_mask,1,296,0.0033783783783783786
ILO/YU_XIANG_SHENG-1/before,pc_section_raw_contour_valid,240,296,0.8108108108108109
ILO/YU_XIANG_SHENG-1/before,pc_section_valid,227,296,0.7668918918918919
ILO/YU_XIANG_SHENG-1/before,section_raw_contour_valid,292,296,0.9864864864864865
ILO/YU_XIANG_SHENG-1/before,section_valid,232,296,0.7837837837837838
ILO/YU_XIANG_SHENG-1/before,wall_cia_geometry_valid,22632,57231,0.39545001834670024
ILO/YU_XIANG_SHENG-1/before,wall_cia_semantic_valid,27127,57231,0.47399136831437505
ILO/YU_XIANG_SHENG-1/before,wall_map_area_slope_per_mm_valid,46852,57231,0.8186472366374867
ILO/YU_XIANG_SHENG-1/before,wall_map_downstream_min_area_ratio_valid,45932,57231,0.8025720326396534
ILO/YU_XIANG_SHENG-1/before,wall_map_downstream_min_distance_mm_valid,45932,57231,0.8025720326396534
ILO/YU_XIANG_SHENG-1/before,wall_map_eccentricity_valid,46852,57231,0.8186472366374867
ILO/YU_XIANG_SHENG-1/before,wall_map_pc_area_slope_per_mm_valid,44884,57231,0.7842602785203823
ILO/YU_XIANG_SHENG-1/before,wall_map_pc_downstream_min_area_ratio_valid,43636,57231,0.7624539148363649
ILO/YU_XIANG_SHENG-1/before,wall_map_pc_downstream_min_distance_mm_valid,43636,57231,0.7624539148363649
ILO/YU_XIANG_SHENG-1/before,wall_map_pc_eccentricity_valid,44884,57231,0.7842602785203823
ILO/YU_XIANG_SHENG-1/before,wall_map_pc_roundness_valid,44884,57231,0.7842602785203823
ILO/YU_XIANG_SHENG-1/before,wall_map_pc_upstream_min_area_ratio_valid,43323,57231,0.7569848508675369
ILO/YU_XIANG_SHENG-1/before,wall_map_pc_upstream_min_distance_mm_valid,43323,57231,0.7569848508675369
ILO/YU_XIANG_SHENG-1/before,wall_map_pc_valid,44884,57231,0.7842602785203823
ILO/YU_XIANG_SHENG-1/before,wall_map_roundness_valid,46852,57231,0.8186472366374867
ILO/YU_XIANG_SHENG-1/before,wall_map_upstream_min_area_ratio_valid,45648,57231,0.7976096870577135
ILO/YU_XIANG_SHENG-1/before,wall_map_upstream_min_distance_mm_valid,45648,57231,0.7976096870577135
ILO/YU_XIANG_SHENG-1/before,wall_map_valid,46852,57231,0.8186472366374867
ILO/ZHANG_HE_PING-0/before,centerline_audit_core_mask,1150,1186,0.96964586846543
ILO/ZHANG_HE_PING-0/before,centerline_opening_extension_mask,1,1186,0.0008431703204047217
ILO/ZHANG_HE_PING-0/before,centerline_original_audit_core_mask,1150,1186,0.96964586846543
ILO/ZHANG_HE_PING-0/before,coverage_pre_shift_valid,259,305,0.8491803278688524
ILO/ZHANG_HE_PING-0/before,coverage_recovery_candidate_mask,6,305,0.019672131147540985
ILO/ZHANG_HE_PING-0/before,final_probe_profile_valid,253,305,0.8295081967213115
ILO/ZHANG_HE_PING-0/before,final_probe_recovered_mask,3,305,0.009836065573770493
ILO/ZHANG_HE_PING-0/before,pc_section_raw_contour_valid,265,305,0.8688524590163934
ILO/ZHANG_HE_PING-0/before,pc_section_valid,249,305,0.8163934426229508
ILO/ZHANG_HE_PING-0/before,section_raw_contour_valid,301,305,0.9868852459016394
ILO/ZHANG_HE_PING-0/before,section_valid,250,305,0.819672131147541
ILO/ZHANG_HE_PING-0/before,wall_cia_geometry_valid,32019,85234,0.3756599479081118
ILO/ZHANG_HE_PING-0/before,wall_cia_semantic_valid,37053,85234,0.4347208860313959
ILO/ZHANG_HE_PING-0/before,wall_map_area_slope_per_mm_valid,70601,85234,0.828319684632893
ILO/ZHANG_HE_PING-0/before,wall_map_downstream_min_area_ratio_valid,69586,85234,0.8164112912687426
ILO/ZHANG_HE_PING-0/before,wall_map_downstream_min_distance_mm_valid,69586,85234,0.8164112912687426
ILO/ZHANG_HE_PING-0/before,wall_map_eccentricity_valid,70601,85234,0.828319684632893
ILO/ZHANG_HE_PING-0/before,wall_map_pc_area_slope_per_mm_valid,69801,85234,0.8189337588286365
ILO/ZHANG_HE_PING-0/before,wall_map_pc_downstream_min_area_ratio_valid,68423,85234,0.8027665016308047
ILO/ZHANG_HE_PING-0/before,wall_map_pc_downstream_min_distance_mm_valid,68423,85234,0.8027665016308047
ILO/ZHANG_HE_PING-0/before,wall_map_pc_eccentricity_valid,69801,85234,0.8189337588286365
ILO/ZHANG_HE_PING-0/before,wall_map_pc_roundness_valid,69801,85234,0.8189337588286365
ILO/ZHANG_HE_PING-0/before,wall_map_pc_upstream_min_area_ratio_valid,67823,85234,0.7957270572776122
ILO/ZHANG_HE_PING-0/before,wall_map_pc_upstream_min_distance_mm_valid,67823,85234,0.7957270572776122
ILO/ZHANG_HE_PING-0/before,wall_map_pc_valid,69801,85234,0.8189337588286365
ILO/ZHANG_HE_PING-0/before,wall_map_roundness_valid,70601,85234,0.828319684632893
ILO/ZHANG_HE_PING-0/before,wall_map_upstream_min_area_ratio_valid,69046,85234,0.8100757913508694
ILO/ZHANG_HE_PING-0/before,wall_map_upstream_min_distance_mm_valid,69046,85234,0.8100757913508694
ILO/ZHANG_HE_PING-0/before,wall_map_valid,70601,85234,0.828319684632893
ILO/ZHANG_JIAN_JUN-1/before,centerline_audit_core_mask,1365,1401,0.974304068522484
ILO/ZHANG_JIAN_JUN-1/before,centerline_opening_extension_mask,2,1401,0.0014275517487508922
ILO/ZHANG_JIAN_JUN-1/before,centerline_original_audit_core_mask,1365,1401,0.974304068522484
ILO/ZHANG_JIAN_JUN-1/before,coverage_pre_shift_valid,275,358,0.7681564245810056
ILO/ZHANG_JIAN_JUN-1/before,coverage_recovery_candidate_mask,6,358,0.01675977653631285
ILO/ZHANG_JIAN_JUN-1/before,final_probe_profile_valid,269,358,0.7513966480446927
ILO/ZHANG_JIAN_JUN-1/before,final_probe_recovered_mask,2,358,0.00558659217877095
ILO/ZHANG_JIAN_JUN-1/before,pc_section_raw_contour_valid,284,358,0.7932960893854749
ILO/ZHANG_JIAN_JUN-1/before,pc_section_valid,272,358,0.7597765363128491
ILO/ZHANG_JIAN_JUN-1/before,section_raw_contour_valid,354,358,0.9888268156424581
ILO/ZHANG_JIAN_JUN-1/before,section_valid,273,358,0.7625698324022346
ILO/ZHANG_JIAN_JUN-1/before,wall_cia_geometry_valid,30295,67767,0.4470464975578084
ILO/ZHANG_JIAN_JUN-1/before,wall_cia_semantic_valid,38555,67767,0.5689347322443077
ILO/ZHANG_JIAN_JUN-1/before,wall_map_area_slope_per_mm_valid,51814,67767,0.7645904348724305
ILO/ZHANG_JIAN_JUN-1/before,wall_map_downstream_min_area_ratio_valid,51161,67767,0.7549544763675535
ILO/ZHANG_JIAN_JUN-1/before,wall_map_downstream_min_distance_mm_valid,51161,67767,0.7549544763675535
ILO/ZHANG_JIAN_JUN-1/before,wall_map_eccentricity_valid,51814,67767,0.7645904348724305
ILO/ZHANG_JIAN_JUN-1/before,wall_map_pc_area_slope_per_mm_valid,51515,67767,0.7601782578541177
ILO/ZHANG_JIAN_JUN-1/before,wall_map_pc_downstream_min_area_ratio_valid,50693,67767,0.7480484601649771
ILO/ZHANG_JIAN_JUN-1/before,wall_map_pc_downstream_min_distance_mm_valid,50693,67767,0.7480484601649771
ILO/ZHANG_JIAN_JUN-1/before,wall_map_pc_eccentricity_valid,51515,67767,0.7601782578541177
ILO/ZHANG_JIAN_JUN-1/before,wall_map_pc_roundness_valid,51515,67767,0.7601782578541177
ILO/ZHANG_JIAN_JUN-1/before,wall_map_pc_upstream_min_area_ratio_valid,49905,67767,0.7364203816016646
ILO/ZHANG_JIAN_JUN-1/before,wall_map_pc_upstream_min_distance_mm_valid,49905,67767,0.7364203816016646
ILO/ZHANG_JIAN_JUN-1/before,wall_map_pc_valid,51515,67767,0.7601782578541177
ILO/ZHANG_JIAN_JUN-1/before,wall_map_roundness_valid,51814,67767,0.7645904348724305
ILO/ZHANG_JIAN_JUN-1/before,wall_map_upstream_min_area_ratio_valid,50335,67767,0.7427656528989036
ILO/ZHANG_JIAN_JUN-1/before,wall_map_upstream_min_distance_mm_valid,50335,67767,0.7427656528989036
ILO/ZHANG_JIAN_JUN-1/before,wall_map_valid,51814,67767,0.7645904348724305
ILO/ZHANG_JIN_CHUN-1/before,centerline_audit_core_mask,1230,1266,0.9715639810426541
ILO/ZHANG_JIN_CHUN-1/before,centerline_opening_extension_mask,3,1266,0.002369668246445498
ILO/ZHANG_JIN_CHUN-1/before,centerline_original_audit_core_mask,1230,1266,0.9715639810426541
ILO/ZHANG_JIN_CHUN-1/before,coverage_pre_shift_valid,271,324,0.8364197530864198
ILO/ZHANG_JIN_CHUN-1/before,coverage_recovery_candidate_mask,13,324,0.040123456790123455
ILO/ZHANG_JIN_CHUN-1/before,final_probe_profile_valid,258,324,0.7962962962962963
ILO/ZHANG_JIN_CHUN-1/before,final_probe_recovered_mask,6,324,0.018518518518518517
ILO/ZHANG_JIN_CHUN-1/before,pc_section_raw_contour_valid,230,324,0.7098765432098766
ILO/ZHANG_JIN_CHUN-1/before,pc_section_valid,221,324,0.6820987654320988
ILO/ZHANG_JIN_CHUN-1/before,section_raw_contour_valid,317,324,0.9783950617283951
ILO/ZHANG_JIN_CHUN-1/before,section_valid,268,324,0.8271604938271605
ILO/ZHANG_JIN_CHUN-1/before,wall_cia_geometry_valid,38002,74402,0.510765839627967
ILO/ZHANG_JIN_CHUN-1/before,wall_cia_semantic_valid,45106,74402,0.6062471438939814
ILO/ZHANG_JIN_CHUN-1/before,wall_map_area_slope_per_mm_valid,60872,74402,0.818150049729846
ILO/ZHANG_JIN_CHUN-1/before,wall_map_downstream_min_area_ratio_valid,60199,74402,0.8091045939625279
ILO/ZHANG_JIN_CHUN-1/before,wall_map_downstream_min_distance_mm_valid,60199,74402,0.8091045939625279
ILO/ZHANG_JIN_CHUN-1/before,wall_map_eccentricity_valid,60880,74402,0.8182575737211365
ILO/ZHANG_JIN_CHUN-1/before,wall_map_pc_area_slope_per_mm_valid,51092,74402,0.6867019703771404
ILO/ZHANG_JIN_CHUN-1/before,wall_map_pc_downstream_min_area_ratio_valid,49266,74402,0.6621596193650708
ILO/ZHANG_JIN_CHUN-1/before,wall_map_pc_downstream_min_distance_mm_valid,49266,74402,0.6621596193650708
ILO/ZHANG_JIN_CHUN-1/before,wall_map_pc_eccentricity_valid,51252,74402,0.6888524502029515
ILO/ZHANG_JIN_CHUN-1/before,wall_map_pc_roundness_valid,51252,74402,0.6888524502029515
ILO/ZHANG_JIN_CHUN-1/before,wall_map_pc_upstream_min_area_ratio_valid,48746,74402,0.6551705599311847
ILO/ZHANG_JIN_CHUN-1/before,wall_map_pc_upstream_min_distance_mm_valid,48746,74402,0.6551705599311847
ILO/ZHANG_JIN_CHUN-1/before,wall_map_pc_valid,51252,74402,0.6888524502029515
ILO/ZHANG_JIN_CHUN-1/before,wall_map_roundness_valid,60880,74402,0.8182575737211365
ILO/ZHANG_JIN_CHUN-1/before,wall_map_upstream_min_area_ratio_valid,59494,74402,0.7996290422300476
ILO/ZHANG_JIN_CHUN-1/before,wall_map_upstream_min_distance_mm_valid,59494,74402,0.7996290422300476
ILO/ZHANG_JIN_CHUN-1/before,wall_map_valid,60880,74402,0.8182575737211365
ILO/ZHANG_YAN_SHAN-0/before,centerline_audit_core_mask,1063,1099,0.9672429481346679
ILO/ZHANG_YAN_SHAN-0/before,centerline_opening_extension_mask,2,1099,0.0018198362147406734
ILO/ZHANG_YAN_SHAN-0/before,centerline_original_audit_core_mask,1063,1099,0.9672429481346679
ILO/ZHANG_YAN_SHAN-0/before,coverage_pre_shift_valid,224,282,0.7943262411347518
ILO/ZHANG_YAN_SHAN-0/before,coverage_recovery_candidate_mask,5,282,0.01773049645390071
ILO/ZHANG_YAN_SHAN-0/before,final_probe_profile_valid,219,282,0.776595744680851
ILO/ZHANG_YAN_SHAN-0/before,final_probe_recovered_mask,1,282,0.0035460992907801418
ILO/ZHANG_YAN_SHAN-0/before,pc_section_raw_contour_valid,232,282,0.8226950354609929
ILO/ZHANG_YAN_SHAN-0/before,pc_section_valid,218,282,0.7730496453900709
ILO/ZHANG_YAN_SHAN-0/before,section_raw_contour_valid,277,282,0.9822695035460993
ILO/ZHANG_YAN_SHAN-0/before,section_valid,222,282,0.7872340425531915
ILO/ZHANG_YAN_SHAN-0/before,wall_cia_geometry_valid,19343,56577,0.3418880463792707
ILO/ZHANG_YAN_SHAN-0/before,wall_cia_semantic_valid,22976,56577,0.4061014193046644
ILO/ZHANG_YAN_SHAN-0/before,wall_map_area_slope_per_mm_valid,46245,56577,0.8173816215069728
ILO/ZHANG_YAN_SHAN-0/before,wall_map_downstream_min_area_ratio_valid,45393,56577,0.8023224985418103
ILO/ZHANG_YAN_SHAN-0/before,wall_map_downstream_min_distance_mm_valid,45393,56577,0.8023224985418103
ILO/ZHANG_YAN_SHAN-0/before,wall_map_eccentricity_valid,46245,56577,0.8173816215069728
ILO/ZHANG_YAN_SHAN-0/before,wall_map_pc_area_slope_per_mm_valid,44926,56577,0.794068260954098
ILO/ZHANG_YAN_SHAN-0/before,wall_map_pc_downstream_min_area_ratio_valid,43580,56577,0.7702776746734539
ILO/ZHANG_YAN_SHAN-0/before,wall_map_pc_downstream_min_distance_mm_valid,43580,56577,0.7702776746734539
ILO/ZHANG_YAN_SHAN-0/before,wall_map_pc_eccentricity_valid,44926,56577,0.794068260954098
ILO/ZHANG_YAN_SHAN-0/before,wall_map_pc_roundness_valid,44926,56577,0.794068260954098
ILO/ZHANG_YAN_SHAN-0/before,wall_map_pc_upstream_min_area_ratio_valid,43168,56577,0.7629955635682344
ILO/ZHANG_YAN_SHAN-0/before,wall_map_pc_upstream_min_distance_mm_valid,43168,56577,0.7629955635682344
ILO/ZHANG_YAN_SHAN-0/before,wall_map_pc_valid,44926,56577,0.794068260954098
ILO/ZHANG_YAN_SHAN-0/before,wall_map_roundness_valid,46245,56577,0.8173816215069728
ILO/ZHANG_YAN_SHAN-0/before,wall_map_upstream_min_area_ratio_valid,44982,56577,0.7950580624635453
ILO/ZHANG_YAN_SHAN-0/before,wall_map_upstream_min_distance_mm_valid,44982,56577,0.7950580624635453
ILO/ZHANG_YAN_SHAN-0/before,wall_map_valid,46245,56577,0.8173816215069728
ILO/ZHANG_YONG_SHENG-0/before,centerline_audit_core_mask,1168,1204,0.9700996677740864
ILO/ZHANG_YONG_SHENG-0/before,centerline_opening_extension_mask,0,1204,0.0
ILO/ZHANG_YONG_SHENG-0/before,centerline_original_audit_core_mask,1168,1204,0.9700996677740864
ILO/ZHANG_YONG_SHENG-0/before,coverage_pre_shift_valid,248,308,0.8051948051948052
ILO/ZHANG_YONG_SHENG-0/before,coverage_recovery_candidate_mask,6,308,0.01948051948051948
ILO/ZHANG_YONG_SHENG-0/before,final_probe_profile_valid,242,308,0.7857142857142857
ILO/ZHANG_YONG_SHENG-0/before,final_probe_recovered_mask,4,308,0.012987012987012988
ILO/ZHANG_YONG_SHENG-0/before,pc_section_raw_contour_valid,255,308,0.827922077922078
ILO/ZHANG_YONG_SHENG-0/before,pc_section_valid,240,308,0.7792207792207793
ILO/ZHANG_YONG_SHENG-0/before,section_raw_contour_valid,305,308,0.9902597402597403
ILO/ZHANG_YONG_SHENG-0/before,section_valid,240,308,0.7792207792207793
ILO/ZHANG_YONG_SHENG-0/before,wall_cia_geometry_valid,21437,60329,0.3553349135573273
ILO/ZHANG_YONG_SHENG-0/before,wall_cia_semantic_valid,26357,60329,0.43688773226806343
ILO/ZHANG_YONG_SHENG-0/before,wall_map_area_slope_per_mm_valid,49226,60329,0.81595915728754
ILO/ZHANG_YONG_SHENG-0/before,wall_map_downstream_min_area_ratio_valid,48382,60329,0.8019692022078934
ILO/ZHANG_YONG_SHENG-0/before,wall_map_downstream_min_distance_mm_valid,48382,60329,0.8019692022078934
ILO/ZHANG_YONG_SHENG-0/before,wall_map_eccentricity_valid,49226,60329,0.81595915728754
ILO/ZHANG_YONG_SHENG-0/before,wall_map_pc_area_slope_per_mm_valid,49226,60329,0.81595915728754
ILO/ZHANG_YONG_SHENG-0/before,wall_map_pc_downstream_min_area_ratio_valid,48382,60329,0.8019692022078934
ILO/ZHANG_YONG_SHENG-0/before,wall_map_pc_downstream_min_distance_mm_valid,48382,60329,0.8019692022078934
ILO/ZHANG_YONG_SHENG-0/before,wall_map_pc_eccentricity_valid,49226,60329,0.81595915728754
ILO/ZHANG_YONG_SHENG-0/before,wall_map_pc_roundness_valid,49226,60329,0.81595915728754
ILO/ZHANG_YONG_SHENG-0/before,wall_map_pc_upstream_min_area_ratio_valid,47930,60329,0.7944769513832485
ILO/ZHANG_YONG_SHENG-0/before,wall_map_pc_upstream_min_distance_mm_valid,47930,60329,0.7944769513832485
ILO/ZHANG_YONG_SHENG-0/before,wall_map_pc_valid,49226,60329,0.81595915728754
ILO/ZHANG_YONG_SHENG-0/before,wall_map_roundness_valid,49226,60329,0.81595915728754
ILO/ZHANG_YONG_SHENG-0/before,wall_map_upstream_min_area_ratio_valid,47930,60329,0.7944769513832485
ILO/ZHANG_YONG_SHENG-0/before,wall_map_upstream_min_distance_mm_valid,47930,60329,0.7944769513832485
ILO/ZHANG_YONG_SHENG-0/before,wall_map_valid,49226,60329,0.81595915728754
ILO/ZHAO_CHANG_SHAN-0/before,centerline_audit_core_mask,1068,1104,0.967391304347826
ILO/ZHAO_CHANG_SHAN-0/before,centerline_opening_extension_mask,5,1104,0.004528985507246377
ILO/ZHAO_CHANG_SHAN-0/before,centerline_original_audit_core_mask,1068,1104,0.967391304347826
ILO/ZHAO_CHANG_SHAN-0/before,coverage_pre_shift_valid,230,285,0.8070175438596491
ILO/ZHAO_CHANG_SHAN-0/before,coverage_recovery_candidate_mask,8,285,0.028070175438596492
ILO/ZHAO_CHANG_SHAN-0/before,final_probe_profile_valid,222,285,0.7789473684210526
ILO/ZHAO_CHANG_SHAN-0/before,final_probe_recovered_mask,2,285,0.007017543859649123
ILO/ZHAO_CHANG_SHAN-0/before,pc_section_raw_contour_valid,218,285,0.7649122807017544
ILO/ZHAO_CHANG_SHAN-0/before,pc_section_valid,205,285,0.7192982456140351
ILO/ZHAO_CHANG_SHAN-0/before,section_raw_contour_valid,279,285,0.9789473684210527
ILO/ZHAO_CHANG_SHAN-0/before,section_valid,223,285,0.7824561403508772
ILO/ZHAO_CHANG_SHAN-0/before,wall_cia_geometry_valid,21886,52807,0.4144526293862556
ILO/ZHAO_CHANG_SHAN-0/before,wall_cia_semantic_valid,26742,52807,0.5064101350199784
ILO/ZHAO_CHANG_SHAN-0/before,wall_map_area_slope_per_mm_valid,43703,52807,0.8275986138201374
ILO/ZHAO_CHANG_SHAN-0/before,wall_map_downstream_min_area_ratio_valid,42759,52807,0.8097221959209954
ILO/ZHAO_CHANG_SHAN-0/before,wall_map_downstream_min_distance_mm_valid,42759,52807,0.8097221959209954
ILO/ZHAO_CHANG_SHAN-0/before,wall_map_eccentricity_valid,43703,52807,0.8275986138201374
ILO/ZHAO_CHANG_SHAN-0/before,wall_map_pc_area_slope_per_mm_valid,39185,52807,0.7420417747647092
ILO/ZHAO_CHANG_SHAN-0/before,wall_map_pc_downstream_min_area_ratio_valid,37351,52807,0.7073115306682826
ILO/ZHAO_CHANG_SHAN-0/before,wall_map_pc_downstream_min_distance_mm_valid,37351,52807,0.7073115306682826
ILO/ZHAO_CHANG_SHAN-0/before,wall_map_pc_eccentricity_valid,39438,52807,0.7468328062567463
ILO/ZHAO_CHANG_SHAN-0/before,wall_map_pc_roundness_valid,39438,52807,0.7468328062567463
ILO/ZHAO_CHANG_SHAN-0/before,wall_map_pc_upstream_min_area_ratio_valid,37312,52807,0.7065729922169409
ILO/ZHAO_CHANG_SHAN-0/before,wall_map_pc_upstream_min_distance_mm_valid,37312,52807,0.7065729922169409
ILO/ZHAO_CHANG_SHAN-0/before,wall_map_pc_valid,39438,52807,0.7468328062567463
ILO/ZHAO_CHANG_SHAN-0/before,wall_map_roundness_valid,43703,52807,0.8275986138201374
ILO/ZHAO_CHANG_SHAN-0/before,wall_map_upstream_min_area_ratio_valid,42681,52807,0.808245119018312
ILO/ZHAO_CHANG_SHAN-0/before,wall_map_upstream_min_distance_mm_valid,42681,52807,0.808245119018312
ILO/ZHAO_CHANG_SHAN-0/before,wall_map_valid,43703,52807,0.8275986138201374
