row_type,canonical_id,category,segment_id,n_categories,n_base_sections,n_variants,n_valid,valid_rate,invalid_count,became_invalid_count,baseline_invalid_count,comparison_valid_count,gate_flip_count,closed_contour_change_count,group_change_count,nonlocal_crossing_count,nonlocal_change_count,abs_rel_area_q50,abs_rel_area_q95,abs_rel_area_max,s_min_mm,s_max_mm,auto_release,manual_review,manual_reasons
case_overall,AAA/ruputer/DING_JUN_FENG,,,3,63,210,188,0.8952380952380953,22,16,6,188,16,2,2,0,0,0.006067696137202816,0.26634995329602396,0.47248409892430154,,,False,True,source_baseline_invalid;gate_flip_or_became_invalid;closed_contour_change;crossing_group_change;area_p95_ge_20pct
case_overall,AAA/ruputer/FENG_LI_XIN,,,3,54,180,130,0.7222222222222222,50,18,36,128,22,4,4,0,0,0.006851025616378237,0.1432323875437997,0.9292510275481762,,,False,True,gate_flip_or_became_invalid;closed_contour_change;crossing_group_change;source_baseline_invalid;area_p95_ge_10pct
case_overall,AAA/ruputer/GAO_FENG_SHAN,,,3,63,210,144,0.6857142857142857,66,15,54,142,18,6,6,0,0,0.007801196623361428,0.6446022083003495,2.5816655826762562,,,False,True,gate_flip_or_became_invalid;closed_contour_change;crossing_group_change;area_p95_ge_20pct;source_baseline_invalid
case_overall,AAA/ruputer/GUO_AI_JUN,,,3,63,210,176,0.8380952380952381,34,19,18,174,22,6,6,0,0,0.01272032659377198,0.15693666776375254,0.4860922903383841,,,False,True,gate_flip_or_became_invalid;closed_contour_change;crossing_group_change;source_baseline_invalid;area_p95_ge_10pct
case_overall,AAA/ruputer/HUO_SHI_LIANG,,,3,63,210,182,0.8666666666666667,28,17,12,181,18,2,2,0,0,0.005445011777494901,0.2056599067193328,0.2867572956236385,,,False,True,source_baseline_invalid;gate_flip_or_became_invalid;closed_contour_change;crossing_group_change;area_p95_ge_20pct
case_overall,AAA/ruputer/KANG_YONG,,,3,54,180,165,0.9166666666666666,15,15,0,165,15,3,3,0,0,0.004739514966808356,0.1317954387147846,0.17061837367594768,,,False,True,gate_flip_or_became_invalid;closed_contour_change;crossing_group_change;area_p95_ge_10pct
case_overall,AAA/ruputer/LIN_LIANG_XIAO,,,3,63,210,175,0.8333333333333334,35,18,18,174,19,3,3,0,0,0.007872363849876995,0.10161197453442558,0.10835496924914545,,,False,True,source_baseline_invalid;gate_flip_or_became_invalid;closed_contour_change;crossing_group_change;area_p95_ge_10pct
case_overall,AAA/ruputer/LIU_JI_XIN,,,3,63,210,179,0.8523809523809524,31,14,18,178,15,4,4,0,0,0.005606916310043619,0.19813599807837007,0.2616269142331319,,,False,True,source_baseline_invalid;gate_flip_or_became_invalid;closed_contour_change;crossing_group_change;area_p95_ge_10pct
case_overall,AAA/ruputer/LIU_YONG_LAN,,,3,63,210,190,0.9047619047619048,20,20,0,190,20,6,6,0,0,0.007907065261394064,0.11730716265665961,0.15027214917921894,,,False,True,gate_flip_or_became_invalid;closed_contour_change;crossing_group_change;area_p95_ge_10pct
case_overall,AAA/ruputer/LI_BING_JIANG,,,3,51,170,154,0.9058823529411765,16,12,6,152,14,7,7,0,0,0.006268120296216484,0.14784111619389573,0.2036236448510993,,,False,True,source_baseline_invalid;gate_flip_or_became_invalid;closed_contour_change;crossing_group_change;area_p95_ge_10pct
case_overall,AAA/ruputer/LI_LAO_PING,,,3,63,210,191,0.9095238095238095,19,14,6,190,15,4,4,0,0,0.005131171385419853,0.12243351746916609,0.14526719979882263,,,False,True,source_baseline_invalid;gate_flip_or_became_invalid;closed_contour_change;crossing_group_change;area_p95_ge_10pct
case_overall,AAA/ruputer/LI_ZHEN_HUA,,,3,63,210,191,0.9095238095238095,19,19,0,191,19,3,3,0,0,0.008137454685319012,0.20275254270174148,0.30230064505539467,,,False,True,gate_flip_or_became_invalid;closed_contour_change;crossing_group_change;area_p95_ge_20pct
case_overall,AAA/ruputer/MA_XIAO_DONG,,,3,63,210,195,0.9285714285714286,15,15,0,195,15,1,1,0,0,0.005504689431930387,0.08766625501147246,0.16475961755785784,,,False,True,gate_flip_or_became_invalid;closed_contour_change;crossing_group_change
case_overall,AAA/ruputer/MENG_GUANG_QIN,,,3,63,210,171,0.8142857142857143,39,15,24,171,15,5,5,0,0,0.011343029863066123,0.17820952261783288,0.29917050406488377,,,False,True,gate_flip_or_became_invalid;closed_contour_change;crossing_group_change;source_baseline_invalid;area_p95_ge_10pct
case_overall,AAA/ruputer/TONG_XUE_LIAN,,,3,63,210,181,0.861904761904762,29,12,18,180,13,2,2,0,0,0.007683574468454024,0.2084656663466183,2.8633840306447715,,,False,True,source_baseline_invalid;gate_flip_or_became_invalid;closed_contour_change;crossing_group_change;area_p95_ge_20pct
case_overall,AAA/ruputer/WANG_AN,,,3,63,210,138,0.6571428571428571,72,16,60,135,20,5,5,0,0,0.01604506706665576,0.358285845320285,0.9249151530360433,,,False,True,gate_flip_or_became_invalid;closed_contour_change;crossing_group_change;source_baseline_invalid;area_p95_ge_20pct;area_p95_ge_10pct
case_overall,AAA/ruputer/WANG_FU_SHUN,,,3,63,210,171,0.8142857142857143,39,21,18,171,21,7,8,1,1,0.008769372615882176,0.29736571547782387,2.364902013833768,,,False,True,source_baseline_invalid;gate_flip_or_became_invalid;closed_contour_change;crossing_group_change;area_p95_ge_20pct;nonlocal_crossing
case_overall,AAA/ruputer/WANG_KUI_WU,,,3,63,210,190,0.9047619047619048,20,16,6,188,18,10,10,0,0,0.006754148372340341,0.11869746738829398,0.23249648068058537,,,False,True,source_baseline_invalid;gate_flip_or_became_invalid;closed_contour_change;crossing_group_change;area_p95_ge_10pct
case_overall,AAA/ruputer/WU_GUANG_CUN,,,3,63,210,183,0.8714285714285714,27,17,12,182,19,6,6,0,0,0.006875445538564451,0.2170419535741544,0.36211736782004067,,,False,True,gate_flip_or_became_invalid;closed_contour_change;crossing_group_change;area_p95_ge_10pct;source_baseline_invalid;area_p95_ge_20pct
case_overall,AAA/ruputer/XIE_JIN_QUAN,,,3,63,210,188,0.8952380952380953,22,16,6,188,16,2,2,0,0,0.007525540930918728,0.14929669713385105,0.220499298321009,,,False,True,source_baseline_invalid;gate_flip_or_became_invalid;closed_contour_change;crossing_group_change;area_p95_ge_10pct
case_overall,AAA/ruputer/YU_TIAN_HAI,,,3,63,210,193,0.919047619047619,17,17,0,193,17,4,4,0,0,0.005916341176948503,0.10269562619065122,0.15220712781349932,,,False,True,gate_flip_or_became_invalid;closed_contour_change;crossing_group_change;area_p95_ge_10pct
case_overall,AAA/ruputer/ZHANG_MAO_JIN,,,3,63,210,176,0.8380952380952381,34,16,18,176,16,3,3,0,0,0.007885468651451955,0.12184345491483486,0.1498291510580254,,,False,True,source_baseline_invalid;gate_flip_or_became_invalid;closed_contour_change;crossing_group_change;area_p95_ge_10pct
case_overall,AAA/ruputer/ZHOU_KE_XUN,,,3,63,210,188,0.8952380952380953,22,20,6,185,24,7,7,0,0,0.006801149856588584,0.12423080732257658,0.2164596599990659,,,False,True,gate_flip_or_became_invalid;closed_contour_change;crossing_group_change;source_baseline_invalid;area_p95_ge_10pct
case_overall,AAA/ruputer/ZOU_LI_SHUN,,,3,63,210,182,0.8666666666666667,28,16,12,182,16,3,3,0,0,0.008945039906058438,0.15465130616943057,0.47894557746960387,,,False,True,gate_flip_or_became_invalid;closed_contour_change;crossing_group_change;source_baseline_invalid;area_p95_ge_10pct
case_overall,AAA/ruputer/ZUO_DAO_SHENG,,,3,63,210,190,0.9047619047619048,20,14,6,190,14,3,3,0,0,0.009455559918263301,0.13598516103804914,0.4714950417886159,,,False,True,source_baseline_invalid;gate_flip_or_became_invalid;closed_contour_change;crossing_group_change;area_p95_ge_10pct
case_overall,AAA/unruputer/CAO_HONG_TAI,,,3,63,210,167,0.7952380952380952,43,22,24,164,25,11,11,0,0,0.015268543289886471,0.23515069808964303,1.6907655168621054,,,False,True,gate_flip_or_became_invalid;closed_contour_change;crossing_group_change;source_baseline_invalid;area_p95_ge_20pct
case_overall,AAA/unruputer/CHEN_FU_YE,,,3,63,210,178,0.8476190476190476,32,21,12,177,22,11,11,0,0,0.012475702417454437,0.1652115752593764,0.36653151088599645,,,False,True,gate_flip_or_became_invalid;closed_contour_change;crossing_group_change;source_baseline_invalid;area_p95_ge_10pct
case_overall,AAA/unruputer/CHEN_LIANG_FU,,,3,63,210,184,0.8761904761904762,26,16,12,182,18,8,8,0,0,0.009591062845886178,0.11843447689036242,0.8366696479826548,,,False,True,source_baseline_invalid;gate_flip_or_became_invalid;closed_contour_change;crossing_group_change;area_p95_ge_10pct
case_overall,AAA/unruputer/CHEN_SHU_LIN,,,3,63,210,177,0.8428571428571429,33,21,12,177,21,8,8,0,0,0.006722010361266184,0.08872026028706467,0.18785080334224968,,,False,True,gate_flip_or_became_invalid;closed_contour_change;crossing_group_change;source_baseline_invalid
case_overall,AAA/unruputer/FENG_ZHI_YING,,,3,63,210,176,0.8380952380952381,34,17,18,175,18,2,2,0,0,0.008333204542566919,0.2234235391378534,0.8406652182180231,,,False,True,source_baseline_invalid;gate_flip_or_became_invalid;closed_contour_change;crossing_group_change;area_p95_ge_20pct
case_overall,AAA/unruputer/GAO_DIAN_WEN,,,3,63,210,178,0.8476190476190476,32,20,12,178,20,6,6,0,0,0.010063672003796431,0.10424034590241466,0.12424713743938631,,,False,True,gate_flip_or_became_invalid;closed_contour_change;crossing_group_change;source_baseline_invalid;area_p95_ge_10pct
case_overall,AAA/unruputer/GAO_WEI_LI,,,3,63,210,188,0.8952380952380953,22,16,6,188,16,0,0,0,0,0.005516017825668684,0.16429955619790845,0.27736189252019816,,,False,True,source_baseline_invalid;gate_flip_or_became_invalid;area_p95_ge_10pct
case_overall,AAA/unruputer/GUO_BAO_CHUN,,,3,63,210,178,0.8476190476190476,32,14,18,178,14,5,5,0,0,0.007453458467014951,0.0920636213302774,2.1141993020169,,,False,True,source_baseline_invalid;gate_flip_or_became_invalid;closed_contour_change;crossing_group_change
case_overall,AAA/unruputer/HAN_JIAN_FU,,,3,63,210,188,0.8952380952380953,22,18,6,186,20,5,5,0,0,0.0063239637228991175,0.07468066773333133,0.16899706396619574,,,False,True,source_baseline_invalid;gate_flip_or_became_invalid;closed_contour_change;crossing_group_change
case_overall,AAA/unruputer/LIN_JIAN_RONG,,,3,63,210,179,0.8523809523809524,31,11,24,175,15,10,10,0,0,0.00740919894396419,0.28984712855968964,9.377365367847732,,,False,True,source_baseline_invalid;gate_flip_or_became_invalid;closed_contour_change;crossing_group_change;area_p95_ge_20pct
case_overall,AAA/unruputer/LIU_CHENG_ZHANG,,,3,63,210,194,0.9238095238095239,16,11,6,193,12,5,5,0,0,0.006362249003207809,0.1596898153816991,0.3040111166573326,,,False,True,source_baseline_invalid;gate_flip_or_became_invalid;closed_contour_change;crossing_group_change;area_p95_ge_10pct
case_overall,AAA/unruputer/LIU_JIE,,,3,63,210,189,0.9,21,15,6,189,15,4,4,0,0,0.008040673560442968,0.20240211457898058,6.149532841941441,,,False,True,gate_flip_or_became_invalid;closed_contour_change;crossing_group_change;source_baseline_invalid;area_p95_ge_20pct
case_overall,AAA/unruputer/LIU_KANG_WEN,,,3,63,210,185,0.8809523809523809,25,14,12,184,15,3,3,0,0,0.004546136487649788,0.16861583571135505,0.20900668248679377,,,False,True,gate_flip_or_became_invalid;closed_contour_change;crossing_group_change;source_baseline_invalid;area_p95_ge_10pct
case_overall,AAA/unruputer/LIU_LI_FENG,,,3,63,210,164,0.780952380952381,46,21,30,159,26,10,10,0,0,0.006369110101278497,0.20073906212468662,0.6471665481247071,,,False,True,source_baseline_invalid;gate_flip_or_became_invalid;closed_contour_change;crossing_group_change;area_p95_ge_20pct
case_overall,AAA/unruputer/LIU_XING_GUO,,,3,63,210,151,0.719047619047619,59,16,48,147,21,10,10,0,0,0.0053588946786876646,0.1992918745663566,0.582238747514801,,,False,True,gate_flip_or_became_invalid;closed_contour_change;crossing_group_change;source_baseline_invalid;area_p95_ge_10pct
case_overall,AAA/unruputer/LI_YOU_YU,,,3,63,210,187,0.8904761904761904,23,17,6,187,17,7,7,0,0,0.006282763258176782,0.12716401001887206,0.16391294454905037,,,False,True,source_baseline_invalid;gate_flip_or_became_invalid;closed_contour_change;crossing_group_change;area_p95_ge_10pct
case_overall,AAA/unruputer/MA_JIN_HE,,,3,63,210,191,0.9095238095238095,19,19,0,191,19,6,6,0,0,0.004930226389795234,0.11660910914350191,0.1306395226353152,,,False,True,gate_flip_or_became_invalid;closed_contour_change;crossing_group_change;area_p95_ge_10pct
case_overall,AAA/unruputer/QIAO_XIU_YUN,,,3,63,210,177,0.8428571428571429,33,22,12,176,23,10,10,0,0,0.006715058629833237,0.15132045922454906,0.6191275985070939,,,False,True,area_p95_ge_10pct;source_baseline_invalid;gate_flip_or_became_invalid;closed_contour_change;crossing_group_change
case_overall,AAA/unruputer/SHEN_CHUN_WANG,,,3,63,210,180,0.8571428571428571,30,18,12,180,18,4,4,0,0,0.005265657788405154,0.11359963066331734,0.17383272187897236,,,False,True,gate_flip_or_became_invalid;closed_contour_change;crossing_group_change;source_baseline_invalid;area_p95_ge_10pct
case_overall,AAA/unruputer/SHEN_FANG_JIN,,,3,63,210,195,0.9285714285714286,15,15,0,195,15,9,9,0,0,0.009616586470474253,0.10975246363993937,0.6982889489989728,,,False,True,gate_flip_or_became_invalid;closed_contour_change;crossing_group_change;area_p95_ge_10pct
case_overall,AAA/unruputer/SUN_SHU_MING,,,3,63,210,171,0.8142857142857143,39,19,24,168,23,13,13,0,0,0.004918827932663294,0.12147247082354348,0.1436346707510725,,,False,True,gate_flip_or_became_invalid;closed_contour_change;crossing_group_change;source_baseline_invalid;area_p95_ge_10pct
case_overall,AAA/unruputer/WANG_MAN_TIAN,,,3,63,210,167,0.7952380952380952,43,21,24,165,23,13,13,0,0,0.01061183126877796,0.23442577745055265,0.3278825498826513,,,False,True,gate_flip_or_became_invalid;closed_contour_change;crossing_group_change;source_baseline_invalid;area_p95_ge_20pct
case_overall,AAA/unruputer/YANG_BEN_RUI,,,3,63,210,182,0.8666666666666667,28,17,12,181,18,6,6,0,0,0.0055022851060486655,0.08972972304566235,0.24633586685010056,,,False,True,source_baseline_invalid;gate_flip_or_became_invalid;closed_contour_change;crossing_group_change
case_overall,AAA/unruputer/YAN_FU_TANG,,,3,63,210,187,0.8904761904761904,23,17,6,187,17,8,8,0,0,0.008600987752493738,0.17356289709231634,2.2856996194237893,,,False,True,source_baseline_invalid;gate_flip_or_became_invalid;closed_contour_change;crossing_group_change;area_p95_ge_10pct
case_overall,AAA/unruputer/ZHANG_XUN_LIAN,,,3,63,210,171,0.8142857142857143,39,23,18,169,25,12,12,0,0,0.008260365554834781,0.07982039017823121,0.2740919044202914,,,False,True,gate_flip_or_became_invalid;closed_contour_change;crossing_group_change;source_baseline_invalid
case_overall,AAA/unruputer/ZHANG_YONG_ZHI,,,3,63,210,173,0.8238095238095238,37,17,24,169,21,12,12,0,0,0.008897926383064858,0.6059067544903508,0.7586382399746607,,,False,True,source_baseline_invalid;gate_flip_or_became_invalid;closed_contour_change;crossing_group_change;area_p95_ge_20pct;area_p95_ge_10pct
case_overall,AAA/unruputer/ZHANG_ZHI_HUA,,,3,63,210,183,0.8714285714285714,27,18,12,180,21,7,7,0,0,0.006662328406908058,0.12366902578991029,0.20802736740140193,,,False,True,source_baseline_invalid;gate_flip_or_became_invalid;closed_contour_change;crossing_group_change;area_p95_ge_10pct
case_overall,AAA/unruputer/ZHOU_XI_SHENG,,,3,63,210,187,0.8904761904761904,23,23,0,187,23,8,8,0,0,0.00996388866853315,0.1616385747523948,0.7374226480830708,,,False,True,gate_flip_or_became_invalid;closed_contour_change;crossing_group_change;area_p95_ge_10pct
case_overall,AAA/unruputer/ZHU_ZI_HAI,,,3,63,210,163,0.7761904761904762,47,15,36,160,19,4,4,0,0,0.0066724412323545534,0.13576306148504685,0.32790003156439207,,,False,True,gate_flip_or_became_invalid;closed_contour_change;crossing_group_change;source_baseline_invalid;area_p95_ge_10pct
case_overall,AG/fast/CHEN_SHI_MING,,,3,63,210,192,0.9142857142857143,18,18,0,192,18,5,5,0,0,0.0086046225461891,0.06539625763469806,0.08158756880006712,,,False,True,gate_flip_or_became_invalid;closed_contour_change;crossing_group_change
case_overall,AG/fast/FAN_JIAN_MING,,,3,63,210,161,0.7666666666666667,49,25,24,161,25,6,6,0,0,0.007883424883298296,0.15760764064855895,0.21980049191965179,,,False,True,gate_flip_or_became_invalid;closed_contour_change;crossing_group_change;source_baseline_invalid;area_p95_ge_10pct
case_overall,AG/fast/HAN_JIAN_JUN,,,3,63,210,182,0.8666666666666667,28,25,6,180,28,13,13,0,0,0.007373076961069036,0.36982408101712966,0.5703678999293729,,,False,True,gate_flip_or_became_invalid;closed_contour_change;crossing_group_change;area_p95_ge_20pct;source_baseline_invalid
case_overall,AG/fast/LIU_FENG_MING,,,3,63,210,183,0.8714285714285714,27,18,12,182,21,7,7,0,0,0.007428499338844763,0.13012113865419317,0.3474668343196584,,,False,True,gate_flip_or_became_invalid;closed_contour_change;crossing_group_change;source_baseline_invalid;area_p95_ge_10pct
case_overall,AG/fast/LIU_JUN_FENG,,,3,54,180,153,0.85,27,13,18,151,17,6,6,0,0,0.006458960552920834,0.10239108821189603,0.25716299209960947,,,False,True,gate_flip_or_became_invalid;closed_contour_change;crossing_group_change;area_p95_ge_10pct;source_baseline_invalid
case_overall,AG/fast/LIU_LI_QUN,,,3,63,210,197,0.9380952380952381,13,13,0,197,13,2,2,0,0,0.005835284313563838,0.08298672495433213,0.17085319977623126,,,False,True,gate_flip_or_became_invalid;closed_contour_change;crossing_group_change
case_overall,AG/fast/LIU_YI_BING,,,3,63,210,189,0.9,21,21,0,189,21,4,4,0,0,0.010083372270387359,0.13218306464466997,0.17389507451319286,,,False,True,gate_flip_or_became_invalid;closed_contour_change;crossing_group_change;area_p95_ge_10pct
case_overall,AG/fast/LI_SHI_QIANG,,,3,54,180,153,0.85,27,17,12,151,19,4,4,0,0,0.005998449649576076,0.12437995141073441,0.1775770946319719,,,False,True,source_baseline_invalid;gate_flip_or_became_invalid;closed_contour_change;crossing_group_change;area_p95_ge_10pct
case_overall,AG/fast/LI_SHU_KUN,,,3,63,210,198,0.9428571428571428,12,12,0,198,12,0,0,0,0,0.009234904118051224,0.1081433711803528,0.15431883225550624,,,False,True,gate_flip_or_became_invalid;area_p95_ge_10pct
case_overall,AG/fast/LI_ZHEN_SHAN,,,3,63,210,187,0.8904761904761904,23,18,6,186,19,3,3,0,0,0.007428154991156233,0.12111952104346775,0.19894497060255256,,,False,True,gate_flip_or_became_invalid;closed_contour_change;crossing_group_change;source_baseline_invalid;area_p95_ge_10pct
case_overall,AG/fast/LI_ZHI_LIN,,,3,63,210,180,0.8571428571428571,30,19,12,180,20,5,5,0,0,0.0053505949382152695,0.1007831033050009,0.352534852757034,,,False,True,gate_flip_or_became_invalid;closed_contour_change;crossing_group_change;area_p95_ge_10pct;source_baseline_invalid
case_overall,AG/fast/LOU_YANG,,,3,63,210,188,0.8952380952380953,22,21,6,184,26,11,11,0,0,0.006124289209322287,0.1601469240651161,0.23758270074858545,,,False,True,gate_flip_or_became_invalid;closed_contour_change;crossing_group_change;source_baseline_invalid;area_p95_ge_10pct
case_overall,AG/fast/RAN_QING_BO,,,3,63,210,178,0.8476190476190476,32,15,24,173,22,9,9,0,0,0.007502888493240212,0.1289790073198422,0.3311743192585146,,,False,True,gate_flip_or_became_invalid;closed_contour_change;crossing_group_change;area_p95_ge_10pct;source_baseline_invalid
case_overall,AG/fast/SUN_ZHI_YU,,,3,63,210,191,0.9095238095238095,19,19,0,191,19,6,6,0,0,0.007461785214395111,0.09131408726380041,0.1336480533510347,,,False,True,gate_flip_or_became_invalid;closed_contour_change;crossing_group_change
case_overall,AG/fast/WANG_CHUN_MING,,,3,63,210,192,0.9142857142857143,18,18,0,192,18,3,3,0,0,0.014013844423826916,0.13978440397347036,0.22009820553765636,,,False,True,gate_flip_or_became_invalid;closed_contour_change;crossing_group_change;area_p95_ge_10pct
case_overall,AG/fast/WANG_DAO_CHUN,,,3,63,210,178,0.8476190476190476,32,21,12,178,22,6,6,0,0,0.014136074813582311,0.2951119557184095,0.3724492319621613,,,False,True,gate_flip_or_became_invalid;closed_contour_change;crossing_group_change;area_p95_ge_20pct;source_baseline_invalid;area_p95_ge_10pct
case_overall,AG/fast/WANG_YONG_FAN,,,3,63,210,183,0.8714285714285714,27,19,12,180,23,10,10,0,0,0.009225114488775055,0.11831844822481906,0.1818075974277812,,,False,True,gate_flip_or_became_invalid;closed_contour_change;crossing_group_change;area_p95_ge_10pct;source_baseline_invalid
case_overall,AG/fast/YAO_CUN_HONG,,,3,63,210,184,0.8761904761904762,26,26,0,184,26,10,10,0,0,0.00830419621443923,0.15509122309249648,0.21032960027706105,,,False,True,gate_flip_or_became_invalid;closed_contour_change;crossing_group_change;area_p95_ge_10pct
case_overall,AG/fast/ZHANG_CHUN,,,3,63,210,188,0.8952380952380953,22,22,0,188,22,7,7,0,0,0.014283382530431377,0.13984336403155057,0.16768519685454608,,,False,True,gate_flip_or_became_invalid;closed_contour_change;crossing_group_change;area_p95_ge_10pct
case_overall,AG/fast/ZHANG_HAO,,,3,63,210,188,0.8952380952380953,22,12,12,187,14,4,4,0,0,0.0158034040816864,0.11702260992366137,0.21963450247853755,,,False,True,gate_flip_or_became_invalid;closed_contour_change;crossing_group_change;source_baseline_invalid;area_p95_ge_10pct
case_overall,AG/fast/ZHANG_LIANG,,,3,63,210,184,0.8761904761904762,26,22,6,183,24,7,7,0,0,0.009186352503184447,0.11552367737782226,0.28220287552847667,,,False,True,gate_flip_or_became_invalid;closed_contour_change;crossing_group_change;area_p95_ge_10pct;source_baseline_invalid
case_overall,AG/fast/ZHANG_QING_WANG,,,3,63,210,191,0.9095238095238095,19,16,6,189,19,5,5,0,0,0.010204031775960853,0.1613507674385756,0.23934332161243277,,,False,True,gate_flip_or_became_invalid;closed_contour_change;crossing_group_change;source_baseline_invalid;area_p95_ge_10pct
case_overall,AG/fast/ZHANG_XIU_WEN,,,3,63,210,190,0.9047619047619048,20,20,0,190,20,5,5,0,0,0.006289400408715784,0.0884896769645987,0.22302279977812456,,,False,True,gate_flip_or_became_invalid;closed_contour_change;crossing_group_change
case_overall,AG/fast/ZHANG_XIU_ZHEN,,,3,63,210,177,0.8428571428571429,33,22,12,176,23,4,5,1,1,0.008580717134823779,0.09937359276039329,0.1836340382902114,,,False,True,gate_flip_or_became_invalid;closed_contour_change;crossing_group_change;source_baseline_invalid;nonlocal_crossing
case_overall,AG/slow/A_MIN_SE_HA_CHI,,,3,63,210,189,0.9,21,18,6,186,21,7,7,0,0,0.007337099766227428,0.07289422433797944,0.18842014150442044,,,False,True,gate_flip_or_became_invalid;closed_contour_change;crossing_group_change;source_baseline_invalid
case_overall,AG/slow/BAI_WEN_JIE,,,3,63,210,182,0.8666666666666667,28,17,12,181,18,4,4,0,0,0.005651100591813063,0.04508861227132205,0.06790991957791248,,,False,True,gate_flip_or_became_invalid;closed_contour_change;crossing_group_change;source_baseline_invalid
case_overall,AG/slow/CAO_FENG_CHI,,,3,63,210,188,0.8952380952380953,22,16,6,188,16,1,1,0,0,0.006007347167345578,0.1003331830287558,0.16182167317989138,,,False,True,source_baseline_invalid;gate_flip_or_became_invalid;closed_contour_change;crossing_group_change;area_p95_ge_10pct
case_overall,AG/slow/CHENG_GUANG_SEN,,,3,63,210,196,0.9333333333333333,14,14,0,196,14,1,1,0,0,0.005602833260478057,0.13406034980172155,0.19287764067167812,,,False,True,gate_flip_or_became_invalid;closed_contour_change;crossing_group_change;area_p95_ge_10pct
case_overall,AG/slow/CHENG_LU_LI,,,3,63,210,193,0.919047619047619,17,17,0,193,17,6,6,0,0,0.005072575714967997,0.11512325434586217,0.17524194063117582,,,False,True,gate_flip_or_became_invalid;closed_contour_change;crossing_group_change;area_p95_ge_10pct
case_overall,AG/slow/CHEN_JING_RU,,,3,63,210,183,0.8714285714285714,27,23,6,182,25,14,14,0,0,0.007184209753078374,0.13259582762455235,0.3191678276472132,,,False,True,gate_flip_or_became_invalid;closed_contour_change;crossing_group_change;area_p95_ge_10pct;source_baseline_invalid
case_overall,AG/slow/DING_LIAN_ZHONG,,,3,63,210,191,0.9095238095238095,19,19,0,191,19,5,5,0,0,0.006115379849485514,0.17123926933206277,0.23737853763855532,,,False,True,gate_flip_or_became_invalid;closed_contour_change;crossing_group_change;area_p95_ge_10pct
case_overall,AG/slow/GONG_HUI_XIA,,,3,63,210,187,0.8904761904761904,23,17,6,187,17,2,2,0,0,0.004449473683447724,0.1130008992532747,0.16817816090490068,,,False,True,source_baseline_invalid;gate_flip_or_became_invalid;closed_contour_change;crossing_group_change;area_p95_ge_10pct
case_overall,AG/slow/GUAN_TONG_XIANG,,,3,63,210,185,0.8809523809523809,25,19,6,185,19,4,4,0,0,0.005966243261266435,0.18200794560315628,0.24923263393184625,,,False,True,gate_flip_or_became_invalid;closed_contour_change;crossing_group_change;area_p95_ge_10pct;source_baseline_invalid
case_overall,AG/slow/GUO_XI_JIANG,,,3,63,210,188,0.8952380952380953,22,22,0,188,22,7,7,0,0,0.010680711093519424,0.1292463841704095,0.19933132259479436,,,False,True,gate_flip_or_became_invalid;closed_contour_change;crossing_group_change;area_p95_ge_10pct
case_overall,AG/slow/HE_SHU_ZHEN,,,3,63,210,192,0.9142857142857143,18,15,6,190,18,5,5,0,0,0.003686063124060668,0.06401625886841764,0.0988852285798767,,,False,True,gate_flip_or_became_invalid;closed_contour_change;crossing_group_change;source_baseline_invalid
case_overall,AG/slow/KANG_XI_MING,,,3,63,210,185,0.8809523809523809,25,19,12,181,25,8,8,0,0,0.007981217543620467,0.16969755383669036,0.28871757949385113,,,False,True,gate_flip_or_became_invalid;closed_contour_change;crossing_group_change;source_baseline_invalid;area_p95_ge_10pct
case_overall,AG/slow/LIU_FA_CHUN,,,3,63,210,186,0.8857142857142857,24,18,6,186,18,7,7,0,0,0.007515676977812302,0.13706175746640775,0.4042489254701609,,,False,True,gate_flip_or_became_invalid;closed_contour_change;crossing_group_change;source_baseline_invalid;area_p95_ge_10pct
case_overall,AG/slow/LIU_FENG,,,3,63,210,185,0.8809523809523809,25,15,12,184,17,7,7,0,0,0.007353203674563602,0.10080237927757264,0.21113932368978627,,,False,True,gate_flip_or_became_invalid;closed_contour_change;crossing_group_change;source_baseline_invalid;area_p95_ge_10pct
case_overall,AG/slow/LIU_JIN_LIANG,,,3,63,210,190,0.9047619047619048,20,17,6,188,20,7,7,0,0,0.009183154050533493,0.10999835935665515,0.13317748969054755,,,False,True,gate_flip_or_became_invalid;closed_contour_change;crossing_group_change;source_baseline_invalid;area_p95_ge_10pct
case_overall,AG/slow/LIU_ZONG_YANG,,,3,63,210,196,0.9333333333333333,14,13,6,192,18,7,7,0,0,0.012258240199655823,0.09717442477494309,0.21051407902231256,,,False,True,gate_flip_or_became_invalid;closed_contour_change;crossing_group_change;source_baseline_invalid
case_overall,AG/slow/LI_BING_YI,,,3,63,210,192,0.9142857142857143,18,18,0,192,18,3,3,0,0,0.005732333232383369,0.11139529857640872,0.2036792356952818,,,False,True,gate_flip_or_became_invalid;closed_contour_change;crossing_group_change;area_p95_ge_10pct
case_overall,AG/slow/LI_CHONG_ZENG,,,3,63,210,198,0.9428571428571428,12,12,0,198,12,0,0,0,0,0.0051662607280140715,0.1559267323610806,0.18667437634382988,,,False,True,gate_flip_or_became_invalid;area_p95_ge_10pct
case_overall,AG/slow/LI_GUI_YING,,,3,63,210,190,0.9047619047619048,20,11,12,189,14,3,3,0,0,0.006634359071729934,0.09463017630767101,2.8831130168769263,,,False,True,gate_flip_or_became_invalid;closed_contour_change;crossing_group_change;source_baseline_invalid
case_overall,AG/slow/LI_HUAN_GE,,,3,63,210,192,0.9142857142857143,18,18,0,192,18,3,3,0,0,0.005152233442206056,0.2084411535762081,0.2941671951573801,,,False,True,gate_flip_or_became_invalid;closed_contour_change;crossing_group_change;area_p95_ge_20pct
case_overall,AG/slow/LU_ZHEN_QING,,,3,63,210,183,0.8714285714285714,27,22,6,182,23,8,8,0,0,0.012827811570930825,0.1726464060205736,0.21924740915420915,,,False,True,gate_flip_or_became_invalid;closed_contour_change;crossing_group_change;area_p95_ge_10pct;source_baseline_invalid
case_overall,AG/slow/LV_FU_LONG,,,3,63,210,184,0.8761904761904762,26,19,12,181,24,7,7,0,0,0.009222659483431428,0.13873439720932443,0.4446452375234984,,,False,True,gate_flip_or_became_invalid;closed_contour_change;crossing_group_change;source_baseline_invalid;area_p95_ge_10pct
case_overall,AG/slow/MA_TIAN_YI,,,3,63,210,193,0.919047619047619,17,17,0,193,17,1,1,0,0,0.012016207511355126,0.13609527671438124,0.22337654517693206,,,False,True,gate_flip_or_became_invalid;closed_contour_change;crossing_group_change;area_p95_ge_10pct
case_overall,AG/slow/MA_YU,,,3,63,210,192,0.9142857142857143,18,18,0,192,18,5,5,0,0,0.00904897554786932,0.11027582164093168,0.24647031193658164,,,False,True,gate_flip_or_became_invalid;closed_contour_change;crossing_group_change;area_p95_ge_10pct
case_overall,AG/slow/MI_DE_XI,,,3,63,210,182,0.8666666666666667,28,16,18,178,22,12,12,0,0,0.009267540088803705,0.22240554691225134,0.6272383885563577,,,False,True,gate_flip_or_became_invalid;closed_contour_change;crossing_group_change;area_p95_ge_20pct;source_baseline_invalid;area_p95_ge_10pct
case_overall,AG/slow/NI_YAN_BIN,,,3,63,210,191,0.9095238095238095,19,17,6,188,21,4,4,0,0,0.00722442612698071,0.15903853152151967,0.2089145280816962,,,False,True,gate_flip_or_became_invalid;closed_contour_change;crossing_group_change;source_baseline_invalid;area_p95_ge_10pct
case_overall,AG/slow/QIN_SI_FU,,,3,63,210,183,0.8714285714285714,27,19,12,180,23,7,7,0,0,0.005957419354681637,0.15530859603357042,0.257325773618278,,,False,True,gate_flip_or_became_invalid;closed_contour_change;crossing_group_change;source_baseline_invalid;area_p95_ge_10pct
case_overall,AG/slow/QU_HE_PING,,,3,63,210,189,0.9,21,16,6,189,17,1,1,0,0,0.006580784676554319,0.05045213120648459,0.1652632172828563,,,False,True,gate_flip_or_became_invalid;closed_contour_change;crossing_group_change;source_baseline_invalid
case_overall,AG/slow/SHEN_ZHI_GANG,,,3,63,210,185,0.8809523809523809,25,16,12,183,19,9,9,0,0,0.010313843204873552,0.15637245979140912,0.19372188530725598,,,False,True,gate_flip_or_became_invalid;closed_contour_change;crossing_group_change;source_baseline_invalid;area_p95_ge_10pct
case_overall,AG/slow/SUN_ZONG_GE,,,3,63,210,189,0.9,21,21,0,189,21,6,6,0,0,0.008290262708414486,0.15180307091837436,0.2571001901474792,,,False,True,gate_flip_or_became_invalid;closed_contour_change;crossing_group_change;area_p95_ge_10pct
case_overall,AG/slow/WANG_GUANG_CHAO,,,3,63,210,183,0.8714285714285714,27,21,6,183,21,9,9,0,0,0.0070474554893289465,0.15681697104329828,0.17397491982232482,,,False,True,gate_flip_or_became_invalid;closed_contour_change;crossing_group_change;area_p95_ge_10pct;source_baseline_invalid
case_overall,AG/slow/WANG_GUI,,,3,63,210,182,0.8666666666666667,28,23,6,181,24,7,7,0,0,0.008677908797542377,0.21661989576033142,0.6915523310756051,,,False,True,gate_flip_or_became_invalid;closed_contour_change;crossing_group_change;source_baseline_invalid;area_p95_ge_20pct
case_overall,AG/slow/WANG_KE,,,3,63,210,193,0.919047619047619,17,15,6,190,19,8,8,0,0,0.013631510746118125,0.17052162781394203,0.2233878158724778,,,False,True,gate_flip_or_became_invalid;closed_contour_change;crossing_group_change;source_baseline_invalid;area_p95_ge_10pct
case_overall,AG/slow/WANG_YAN_LING,,,3,63,210,185,0.8809523809523809,25,20,6,184,21,9,9,0,0,0.006548591995285125,0.09105022597964746,0.17203321050749953,,,False,True,source_baseline_invalid;gate_flip_or_became_invalid;closed_contour_change;crossing_group_change
case_overall,AG/slow/WANG_YONG_LI,,,3,63,210,184,0.8761904761904762,26,26,0,184,26,8,8,0,0,0.008050198394802033,0.09129029907235368,0.14329118526425044,,,False,True,gate_flip_or_became_invalid;closed_contour_change;crossing_group_change
case_overall,AG/slow/WEI_BAO_XING,,,3,63,210,176,0.8380952380952381,34,24,12,175,26,12,12,0,0,0.009089661225102574,0.12752313690463848,0.48101412742202077,,,False,True,gate_flip_or_became_invalid;closed_contour_change;crossing_group_change;source_baseline_invalid;area_p95_ge_10pct
case_overall,AG/slow/WU_FENG_YAN,,,3,63,210,180,0.8571428571428571,30,24,6,180,24,8,8,0,0,0.007937501103128408,0.08999657372173712,0.1515284221026597,,,False,True,gate_flip_or_became_invalid;closed_contour_change;crossing_group_change;source_baseline_invalid
case_overall,AG/slow/WU_YI_FA,,,3,63,210,190,0.9047619047619048,20,13,12,187,18,9,9,0,0,0.006850004515938757,0.09398331011235916,0.20615179706081843,,,False,True,gate_flip_or_became_invalid;closed_contour_change;crossing_group_change;source_baseline_invalid
case_overall,AG/slow/XI_CHENG_JIANG,,,3,63,210,193,0.919047619047619,17,17,0,193,17,5,5,0,0,0.006413055925729161,0.10930762580327241,0.12823444850267274,,,False,True,gate_flip_or_became_invalid;closed_contour_change;crossing_group_change;area_p95_ge_10pct
case_overall,AG/slow/XU_YI_CAI,,,3,63,210,188,0.8952380952380953,22,22,0,188,22,8,8,0,0,0.00672815222359735,0.07303685501230711,0.11871050489057722,,,False,True,gate_flip_or_became_invalid;closed_contour_change;crossing_group_change
case_overall,AG/slow/YANG_YOU_SHENG,,,3,63,210,187,0.8904761904761904,23,13,18,182,21,10,10,0,0,0.005248512707061448,0.1088161638881058,0.23238403006537034,,,False,True,gate_flip_or_became_invalid;closed_contour_change;crossing_group_change;source_baseline_invalid;area_p95_ge_10pct
case_overall,AG/slow/YIN_YU_RONG,,,3,63,210,183,0.8714285714285714,27,18,12,180,21,9,9,0,0,0.008850448236755737,0.1665754320588602,0.30864769027399586,,,False,True,gate_flip_or_became_invalid;closed_contour_change;crossing_group_change;area_p95_ge_10pct;source_baseline_invalid
case_overall,AG/slow/ZANG_YU_SHU,,,3,63,210,190,0.9047619047619048,20,14,6,190,14,2,2,0,0,0.008128088500282349,0.14189801756781234,0.16932295514740026,,,False,True,gate_flip_or_became_invalid;closed_contour_change;crossing_group_change;source_baseline_invalid;area_p95_ge_10pct
case_overall,AG/slow/ZHANG_JING_SHUN,,,3,63,210,161,0.7666666666666667,49,16,36,159,19,8,8,0,0,0.012730045615272467,0.06726167632890082,0.25692008749545403,,,False,True,gate_flip_or_became_invalid;closed_contour_change;crossing_group_change;source_baseline_invalid
case_overall,AG/slow/ZHANG_JUN_HUA,,,3,63,210,188,0.8952380952380953,22,22,0,188,22,6,6,0,0,0.010870376859137276,0.16726336602033137,0.22976771921459438,,,False,True,gate_flip_or_became_invalid;closed_contour_change;crossing_group_change;area_p95_ge_10pct
case_overall,AG/slow/ZHANG_LING_GUANG,,,3,63,210,179,0.8523809523809524,31,23,12,176,27,12,12,0,0,0.005444496096218332,0.09064847364936818,0.16289609880448197,,,False,True,gate_flip_or_became_invalid;closed_contour_change;crossing_group_change;source_baseline_invalid
case_overall,AG/slow/ZHANG_QING_SHUI,,,3,63,210,170,0.8095238095238095,40,18,24,169,20,7,7,0,0,0.010622747539248967,0.20056378355193616,0.28856717001512444,,,False,True,gate_flip_or_became_invalid;closed_contour_change;crossing_group_change;source_baseline_invalid;area_p95_ge_20pct
case_overall,AG/slow/ZHANG_QUAN_YOU,,,3,63,210,190,0.9047619047619048,20,20,0,190,20,5,5,0,0,0.00703378309555891,0.06368684275598277,0.17244448911841226,,,False,True,gate_flip_or_became_invalid;closed_contour_change;crossing_group_change
case_overall,AG/slow/ZHANG_SONG_TIAN,,,3,63,210,175,0.8333333333333334,35,20,18,173,23,7,7,0,0,0.010572671949930557,0.09995475674538092,0.15692469290277056,,,False,True,gate_flip_or_became_invalid;closed_contour_change;crossing_group_change;source_baseline_invalid
case_overall,AG/slow/ZHANG_WEI_XIAN,,,3,63,210,175,0.8333333333333334,35,19,18,173,21,4,4,0,0,0.006320687695615557,0.08056901238219694,0.6700654893754752,,,False,True,source_baseline_invalid;gate_flip_or_became_invalid;closed_contour_change;crossing_group_change
case_overall,AG/slow/ZHANG_ZHI_JUN,,,3,63,210,193,0.919047619047619,17,17,0,193,17,2,2,0,0,0.008367537549722082,0.0803530100199221,0.1810618880982069,,,False,True,gate_flip_or_became_invalid;closed_contour_change;crossing_group_change
case_overall,ILO/AN_GUANG_JIE-0/before,,,3,63,210,192,0.9142857142857143,18,18,0,192,18,7,7,0,0,0.00521732782686346,0.08334015778097068,0.18185245668001393,,,False,True,gate_flip_or_became_invalid;closed_contour_change;crossing_group_change
case_overall,ILO/BAO_EN_YUN-0/before,,,3,63,210,193,0.919047619047619,17,11,6,193,11,3,3,0,0,0.006788638959141946,0.14792835147639383,0.26598615300794837,,,False,True,source_baseline_invalid;gate_flip_or_became_invalid;closed_contour_change;crossing_group_change;area_p95_ge_10pct
case_overall,ILO/CUI_WEI_PING-0/before,,,3,63,210,193,0.919047619047619,17,17,0,193,17,3,3,0,0,0.007465150693428235,0.1199233867459363,0.3084157578521054,,,False,True,gate_flip_or_became_invalid;closed_contour_change;crossing_group_change;area_p95_ge_10pct
case_overall,ILO/GAO_SHU_CAI-0/before,,,3,63,210,175,0.8333333333333334,35,17,18,175,17,4,4,0,0,0.006191941561018877,0.22645634612087925,0.37777216867507035,,,False,True,source_baseline_invalid;gate_flip_or_became_invalid;closed_contour_change;crossing_group_change;area_p95_ge_20pct
case_overall,ILO/GENG_CHUN_LAI-1/before,,,3,63,210,191,0.9095238095238095,19,19,0,191,19,7,7,0,0,0.00572481864437191,0.08285972975737263,0.16632549674255048,,,False,True,gate_flip_or_became_invalid;closed_contour_change;crossing_group_change
case_overall,ILO/GONG_HAI_ZENG-1/before,,,3,63,210,182,0.8666666666666667,28,12,18,180,14,8,8,0,0,0.005866415729054442,0.22700636907652694,0.9690489382554244,,,False,True,gate_flip_or_became_invalid;closed_contour_change;crossing_group_change;source_baseline_invalid;area_p95_ge_20pct
case_overall,ILO/GUO_QING_SHAN-0/before,,,3,60,200,176,0.88,24,16,12,172,20,9,9,0,0,0.0066638118880655295,0.09876699505929218,0.3204300494126986,,,False,True,source_baseline_invalid;gate_flip_or_became_invalid;closed_contour_change;crossing_group_change
case_overall,ILO/GUO_YU_SHU-0/before,,,3,63,210,178,0.8476190476190476,32,16,24,172,24,10,10,0,0,0.005149541892631837,0.10782952203973763,0.29717073123794213,,,False,True,gate_flip_or_became_invalid;closed_contour_change;crossing_group_change;source_baseline_invalid;area_p95_ge_10pct
case_overall,ILO/HOU_SHI_GUO-0/before,,,3,63,210,176,0.8380952380952381,34,19,18,173,22,7,7,0,0,0.005162235382522251,0.11739603053813696,0.7990367022764711,,,False,True,gate_flip_or_became_invalid;closed_contour_change;crossing_group_change;source_baseline_invalid;area_p95_ge_10pct
case_overall,ILO/LIN_CHUN_YANG-1/before,,,3,63,210,170,0.8095238095238095,40,18,24,168,20,9,9,0,0,0.006051912724361563,0.15639322950989404,18.9103700031825,,,False,True,source_baseline_invalid;gate_flip_or_became_invalid;closed_contour_change;crossing_group_change;area_p95_ge_10pct
case_overall,ILO/LIU_BAO_JUN-0/before,,,3,63,210,150,0.7142857142857143,60,24,36,150,24,12,12,0,0,0.008968361192064678,0.20329357049142552,0.24398318760145132,,,False,True,source_baseline_invalid;gate_flip_or_became_invalid;closed_contour_change;crossing_group_change;area_p95_ge_20pct
case_overall,ILO/LIU_LIAN_YOU-0/before,,,3,54,180,145,0.8055555555555556,35,15,24,141,19,10,10,0,0,0.007269932579895277,0.15090833592751068,0.43141993764224984,,,False,True,source_baseline_invalid;gate_flip_or_became_invalid;closed_contour_change;crossing_group_change;area_p95_ge_10pct
case_overall,ILO/LIU_YUE_DONG-0/before,,,3,63,210,190,0.9047619047619048,20,12,12,187,16,6,6,0,0,0.007271314041731314,0.11109366782180088,0.4625123344673816,,,False,True,gate_flip_or_became_invalid;closed_contour_change;crossing_group_change;source_baseline_invalid;area_p95_ge_10pct
case_overall,ILO/LI_SHENG_WEN-0/before,,,3,63,210,187,0.8904761904761904,23,18,6,186,19,7,7,0,0,0.006079752651942993,0.0952115177750478,0.17231642081650933,,,False,True,gate_flip_or_became_invalid;closed_contour_change;crossing_group_change;source_baseline_invalid
case_overall,ILO/LI_YOU_ZHI-0/before,,,3,63,210,182,0.8666666666666667,28,18,12,180,20,3,3,0,0,0.007994488663427668,0.12031147717439465,0.14758739129763976,,,False,True,source_baseline_invalid;gate_flip_or_became_invalid;closed_contour_change;crossing_group_change;area_p95_ge_10pct
case_overall,ILO/LU_FU_SHAN-0/before,,,3,63,210,191,0.9095238095238095,19,14,6,190,15,2,2,0,0,0.004791269926166741,0.22681700545061095,1.8090723822655566,,,False,True,source_baseline_invalid;gate_flip_or_became_invalid;closed_contour_change;crossing_group_change;area_p95_ge_20pct
case_overall,ILO/LV_JIAN_HUA-0/before,,,3,63,210,185,0.8809523809523809,25,15,18,179,23,12,12,0,0,0.005488241983121034,0.09461733055764265,0.14308264686817052,,,False,True,gate_flip_or_became_invalid;closed_contour_change;crossing_group_change;source_baseline_invalid
case_overall,ILO/PAN_YIN_GEN-1/before,,,3,63,210,165,0.7857142857142857,45,13,36,162,17,7,7,0,0,0.00676849015822123,0.09594969684290891,0.11076745524791565,,,False,True,gate_flip_or_became_invalid;closed_contour_change;crossing_group_change;source_baseline_invalid
case_overall,ILO/SUN_DE_QI-1/before,,,3,63,210,185,0.8809523809523809,25,13,12,185,13,5,5,0,0,0.007686668377629657,0.10591849906095238,1.11054024542045,,,False,True,source_baseline_invalid;gate_flip_or_became_invalid;closed_contour_change;crossing_group_change;area_p95_ge_10pct
case_overall,ILO/SUN_DONG_XIN-0/before,,,3,63,210,198,0.9428571428571428,12,8,6,196,10,3,3,0,0,0.006531118394508928,0.12133996384282775,1.4845178806052028,,,False,True,source_baseline_invalid;gate_flip_or_became_invalid;closed_contour_change;crossing_group_change;area_p95_ge_10pct
case_overall,ILO/SUN_XU_XIA-1/before,,,3,63,210,189,0.9,21,14,12,185,19,6,6,0,0,0.006039152387328772,0.16375276477712156,0.44441532191391797,,,False,True,gate_flip_or_became_invalid;closed_contour_change;crossing_group_change;source_baseline_invalid;area_p95_ge_10pct
case_overall,ILO/SUN_YU_SHENG-0/before,,,3,63,210,200,0.9523809523809523,10,10,0,200,10,2,2,0,0,0.008774164787284211,0.1130917503254452,0.13142748548858085,,,False,True,gate_flip_or_became_invalid;closed_contour_change;crossing_group_change;area_p95_ge_10pct
case_overall,ILO/WAGN_LI_JUN-1/before,,,3,63,210,179,0.8523809523809524,31,16,18,176,19,8,8,0,0,0.008781893145813569,0.2127272915319251,0.24723339603486538,,,False,True,source_baseline_invalid;gate_flip_or_became_invalid;closed_contour_change;crossing_group_change;area_p95_ge_20pct
case_overall,ILO/WANG_JIN_MING-0/before,,,3,63,210,189,0.9,21,17,6,187,19,4,4,0,0,0.007364489986582845,0.2904147110733677,0.46558719085501055,,,False,True,gate_flip_or_became_invalid;closed_contour_change;crossing_group_change;source_baseline_invalid;area_p95_ge_20pct
case_overall,ILO/WANG_SHU_SHENG-0/before,,,3,63,210,193,0.919047619047619,17,17,0,193,17,3,3,0,0,0.004933358883571715,0.16333561159860877,0.2096828458011295,,,False,True,gate_flip_or_became_invalid;closed_contour_change;crossing_group_change;area_p95_ge_10pct
case_overall,ILO/WANG_TIAN_QING-1/before,,,3,63,210,166,0.7904761904761904,44,16,30,164,18,5,5,0,0,0.00765788383774435,0.31954768830961,0.3510259963246828,,,False,True,source_baseline_invalid;gate_flip_or_became_invalid;closed_contour_change;crossing_group_change;area_p95_ge_20pct
case_overall,ILO/WANG_XIAO_LIN-0/before,,,3,63,210,158,0.7523809523809524,52,23,36,153,30,19,19,0,0,0.008454276121285798,0.4709711492890032,1.1240711984257983,,,False,True,gate_flip_or_became_invalid;closed_contour_change;crossing_group_change;source_baseline_invalid;area_p95_ge_20pct
case_overall,ILO/WENG_ZHAO_GUANG-0/before,,,3,63,210,180,0.8571428571428571,30,15,18,177,18,9,9,0,0,0.00494480350457005,0.11028199320639476,0.6105226301821389,,,False,True,source_baseline_invalid;gate_flip_or_became_invalid;closed_contour_change;crossing_group_change;area_p95_ge_10pct
case_overall,ILO/WU_JUN-0/before,,,3,63,210,191,0.9095238095238095,19,14,6,190,15,5,5,0,0,0.005254376532468075,0.06919664371081719,0.19131793331412394,,,False,True,source_baseline_invalid;gate_flip_or_became_invalid;closed_contour_change;crossing_group_change
case_overall,ILO/XIE_ZHI_FU-0/before,,,3,63,210,187,0.8904761904761904,23,19,6,185,21,9,9,0,0,0.004776068804116185,0.12758541848432006,0.5135471838379915,,,False,True,gate_flip_or_became_invalid;closed_contour_change;crossing_group_change;source_baseline_invalid;area_p95_ge_10pct
case_overall,ILO/YANG_WANG_QI-1/before,,,3,63,210,187,0.8904761904761904,23,15,12,184,19,7,7,0,0,0.006364647310763694,0.30231320397312944,0.5478394226830616,,,False,True,gate_flip_or_became_invalid;closed_contour_change;crossing_group_change;source_baseline_invalid;area_p95_ge_20pct
case_overall,ILO/YANG_WEN_TAI-0/before,,,3,63,210,172,0.819047619047619,38,13,30,167,18,10,10,0,0,0.007757296309668149,0.2104815253973611,0.7262471107105513,,,False,True,source_baseline_invalid;gate_flip_or_became_invalid;closed_contour_change;crossing_group_change;area_p95_ge_20pct
case_overall,ILO/YANG_YU_QING-1/before,,,3,63,210,185,0.8809523809523809,25,20,6,184,21,13,13,0,0,0.007311976681091514,0.2646106683137886,1.5252639016550176,,,False,True,gate_flip_or_became_invalid;closed_contour_change;crossing_group_change;source_baseline_invalid;area_p95_ge_20pct
case_overall,ILO/YAO_GUO_CHEN-0/before,,,3,60,200,183,0.915,17,11,6,183,11,4,4,0,0,0.006101122189378083,0.17336065406634404,0.548010927451738,,,False,True,source_baseline_invalid;gate_flip_or_became_invalid;closed_contour_change;crossing_group_change;area_p95_ge_10pct
case_overall,ILO/YU_XIANG_SHENG-1/before,,,3,63,210,190,0.9047619047619048,20,20,0,190,20,8,8,0,0,0.005030486789144639,0.13118260204914875,0.5096875279928581,,,False,True,gate_flip_or_became_invalid;closed_contour_change;crossing_group_change;area_p95_ge_10pct
case_overall,ILO/ZHANG_HE_PING-0/before,,,3,63,210,186,0.8857142857142857,24,19,6,185,20,5,5,0,0,0.0047630150153143425,0.07043809052427552,0.22829441048426857,,,False,True,source_baseline_invalid;gate_flip_or_became_invalid;closed_contour_change;crossing_group_change
case_overall,ILO/ZHANG_JIAN_JUN-1/before,,,3,63,210,187,0.8904761904761904,23,18,6,186,19,4,4,0,0,0.0057268629602305055,0.09175429175657238,0.1327513891215819,,,False,True,source_baseline_invalid;gate_flip_or_became_invalid;closed_contour_change;crossing_group_change
case_overall,ILO/ZHANG_JIN_CHUN-1/before,,,3,63,210,149,0.7095238095238096,61,18,48,145,23,16,16,0,0,0.010847509033337865,0.17240929447217548,0.8542978888271964,,,False,True,gate_flip_or_became_invalid;closed_contour_change;crossing_group_change;source_baseline_invalid;area_p95_ge_10pct
case_overall,ILO/ZHANG_YAN_SHAN-0/before,,,3,63,210,191,0.9095238095238095,19,15,6,189,17,7,7,0,0,0.006031952363796611,0.11640901314043517,0.20736400513175135,,,False,True,gate_flip_or_became_invalid;closed_contour_change;crossing_group_change;source_baseline_invalid;area_p95_ge_10pct
case_overall,ILO/ZHANG_YONG_SHENG-0/before,,,3,63,210,186,0.8857142857142857,24,24,0,186,24,8,8,0,0,0.004899669540554374,0.09207819604280168,0.23714767361969313,,,False,True,gate_flip_or_became_invalid;closed_contour_change;crossing_group_change
case_overall,ILO/ZHAO_CHANG_SHAN-0/before,,,3,63,210,181,0.861904761904762,29,15,18,177,19,10,10,0,0,0.008041822028789669,0.2252614036925182,1.292646755308132,,,False,True,source_baseline_invalid;gate_flip_or_became_invalid;closed_contour_change;crossing_group_change;area_p95_ge_20pct
case_category,AAA/ruputer/DING_JUN_FENG,pointcloud_full_half,,,21,42,40,0.9523809523809523,2,0,2,40,0,0,0,0,0,0.004286495459472461,0.035666807911098754,0.04472932799381746,1.9784877887903907,172.128437624764,False,True,source_baseline_invalid
case_category,AAA/ruputer/DING_JUN_FENG,shift_pm1mm,,,21,84,66,0.7857142857142857,18,16,2,66,16,2,2,0,0,0.04065499879274992,0.26634995329602396,0.47248409892430154,1.9784877887903907,172.128437624764,False,True,gate_flip_or_became_invalid;closed_contour_change;crossing_group_change;area_p95_ge_20pct;source_baseline_invalid
case_category,AAA/ruputer/DING_JUN_FENG,tilt_pm5deg,,,21,84,82,0.9761904761904762,2,0,2,82,0,0,0,0,0,0.006067696137202816,0.024298742898409133,0.054929049014583065,1.9784877887903907,172.128437624764,False,True,source_baseline_invalid
case_category,AAA/ruputer/FENG_LI_XIN,pointcloud_full_half,,,18,36,26,0.7222222222222222,10,0,12,26,2,2,2,0,0,0.006851025616378237,0.0408386686156032,0.047622054348278375,1.9908660567337433,226.95873046764675,False,True,gate_flip_or_became_invalid;closed_contour_change;crossing_group_change;source_baseline_invalid
case_category,AAA/ruputer/FENG_LI_XIN,shift_pm1mm,,,18,72,47,0.6527777777777778,25,14,12,46,15,1,1,0,0,0.019936599583111725,0.1432323875437997,0.17009582463984085,1.9908660567337433,226.95873046764675,False,True,gate_flip_or_became_invalid;closed_contour_change;crossing_group_change;area_p95_ge_10pct;source_baseline_invalid
case_category,AAA/ruputer/FENG_LI_XIN,tilt_pm5deg,,,18,72,57,0.7916666666666666,15,4,12,56,5,1,1,0,0,0.006566668258724095,0.03335807391964668,0.9292510275481762,1.9908660567337433,226.95873046764675,False,True,gate_flip_or_became_invalid;closed_contour_change;crossing_group_change;source_baseline_invalid
case_category,AAA/ruputer/GAO_FENG_SHAN,pointcloud_full_half,,,21,42,25,0.5952380952380952,17,0,18,25,1,1,1,0,0,0.00258373425041436,0.6446022083003495,0.7395264923703792,1.9887806869555062,196.88928800859512,False,True,gate_flip_or_became_invalid;closed_contour_change;crossing_group_change;area_p95_ge_20pct;source_baseline_invalid
case_category,AAA/ruputer/GAO_FENG_SHAN,shift_pm1mm,,,21,84,55,0.6547619047619048,29,13,18,53,15,4,4,0,0,0.056409752584722916,0.2043499940334463,0.7611551277133773,1.9887806869555062,196.88928800859512,False,True,gate_flip_or_became_invalid;closed_contour_change;crossing_group_change;area_p95_ge_20pct;source_baseline_invalid
case_category,AAA/ruputer/GAO_FENG_SHAN,tilt_pm5deg,,,21,84,64,0.7619047619047619,20,2,18,64,2,1,1,0,0,0.007801196623361428,0.03937407459846091,2.5816655826762562,1.9887806869555062,196.88928800859512,False,True,gate_flip_or_became_invalid;closed_contour_change;crossing_group_change;source_baseline_invalid
case_category,AAA/ruputer/GUO_AI_JUN,pointcloud_full_half,,,21,42,36,0.8571428571428571,6,1,6,36,2,2,2,0,0,0.01272032659377198,0.05064962468570411,0.056874769188696606,1.9959388953295354,209.5735840096012,False,True,gate_flip_or_became_invalid;closed_contour_change;crossing_group_change;source_baseline_invalid
case_category,AAA/ruputer/GUO_AI_JUN,shift_pm1mm,,,21,84,65,0.7738095238095238,19,14,6,64,15,2,2,0,0,0.027074241989764714,0.15693666776375254,0.4860922903383841,1.9959388953295354,209.5735840096012,False,True,gate_flip_or_became_invalid;closed_contour_change;crossing_group_change;area_p95_ge_10pct;source_baseline_invalid
case_category,AAA/ruputer/GUO_AI_JUN,tilt_pm5deg,,,21,84,75,0.8928571428571429,9,4,6,74,5,2,2,0,0,0.004438552176205257,0.02060127141661688,0.05806171463026377,1.9959388953295354,209.5735840096012,False,True,gate_flip_or_became_invalid;closed_contour_change;crossing_group_change;source_baseline_invalid
case_category,AAA/ruputer/HUO_SHI_LIANG,pointcloud_full_half,,,21,42,38,0.9047619047619048,4,0,4,38,0,0,0,0,0,0.0026671614474230165,0.014147488296582633,0.05147052783471939,1.9922243748083646,181.29241810756116,False,True,source_baseline_invalid
case_category,AAA/ruputer/HUO_SHI_LIANG,shift_pm1mm,,,21,84,66,0.7857142857142857,18,15,4,65,16,2,2,0,0,0.024277055079091836,0.2056599067193328,0.2867572956236385,1.9922243748083646,181.29241810756116,False,True,gate_flip_or_became_invalid;closed_contour_change;crossing_group_change;area_p95_ge_20pct;source_baseline_invalid
case_category,AAA/ruputer/HUO_SHI_LIANG,tilt_pm5deg,,,21,84,78,0.9285714285714286,6,2,4,78,2,0,0,0,0,0.005445011777494901,0.03134500932138005,0.12238266829730615,1.9922243748083646,181.29241810756116,False,True,gate_flip_or_became_invalid;source_baseline_invalid
case_category,AAA/ruputer/KANG_YONG,pointcloud_full_half,,,18,36,35,0.9722222222222222,1,1,0,35,1,1,1,0,0,0.003684527392263881,0.08802409854794177,0.11771393575356692,3.9842823164740535,209.1748216148878,False,True,gate_flip_or_became_invalid;closed_contour_change;crossing_group_change
case_category,AAA/ruputer/KANG_YONG,shift_pm1mm,,,18,72,61,0.8472222222222222,11,11,0,61,11,1,1,0,0,0.01721115395469941,0.1317954387147846,0.17061837367594768,3.9842823164740535,209.1748216148878,False,True,gate_flip_or_became_invalid;closed_contour_change;crossing_group_change;area_p95_ge_10pct
case_category,AAA/ruputer/KANG_YONG,tilt_pm5deg,,,18,72,69,0.9583333333333334,3,3,0,69,3,1,1,0,0,0.004739514966808356,0.020484696416060044,0.048001250783259786,3.9842823164740535,209.1748216148878,False,True,gate_flip_or_became_invalid;closed_contour_change;crossing_group_change
case_category,AAA/ruputer/LIN_LIANG_XIAO,pointcloud_full_half,,,21,42,36,0.8571428571428571,6,0,6,36,0,0,0,0,0,0.0031625815921170197,0.03839258001842033,0.050025736429192835,1.988099066274603,172.96461876589046,False,True,source_baseline_invalid
case_category,AAA/ruputer/LIN_LIANG_XIAO,shift_pm1mm,,,21,84,64,0.7619047619047619,20,15,6,63,16,2,2,0,0,0.04306651234889314,0.10161197453442558,0.10835496924914545,1.988099066274603,172.96461876589046,False,True,gate_flip_or_became_invalid;closed_contour_change;crossing_group_change;area_p95_ge_10pct;source_baseline_invalid
case_category,AAA/ruputer/LIN_LIANG_XIAO,tilt_pm5deg,,,21,84,75,0.8928571428571429,9,3,6,75,3,1,1,0,0,0.007872363849876995,0.026848104289640337,0.03871772735807233,1.988099066274603,172.96461876589046,False,True,gate_flip_or_became_invalid;closed_contour_change;crossing_group_change;source_baseline_invalid
case_category,AAA/ruputer/LIU_JI_XIN,pointcloud_full_half,,,21,42,36,0.8571428571428571,6,0,6,36,0,0,0,0,0,0.002439200447798162,0.012427128198316567,0.03809504796085883,3.9729202304135622,196.65955140547132,False,True,source_baseline_invalid
case_category,AAA/ruputer/LIU_JI_XIN,shift_pm1mm,,,21,84,66,0.7857142857142857,18,13,6,65,14,4,4,0,0,0.025752935658197806,0.19813599807837007,0.2616269142331319,3.9729202304135622,196.65955140547132,False,True,gate_flip_or_became_invalid;closed_contour_change;crossing_group_change;area_p95_ge_10pct;source_baseline_invalid
case_category,AAA/ruputer/LIU_JI_XIN,tilt_pm5deg,,,21,84,77,0.9166666666666666,7,1,6,77,1,0,0,0,0,0.005606916310043619,0.029542386351400142,0.04725581682968971,3.9729202304135622,196.65955140547132,False,True,gate_flip_or_became_invalid;source_baseline_invalid
case_category,AAA/ruputer/LIU_YONG_LAN,pointcloud_full_half,,,21,42,42,1.0,0,0,0,42,0,0,0,0,0,0.003842770631032111,0.017390267926189387,0.03856161039695172,1.9837273867308758,190.43782912616408,True,False,
case_category,AAA/ruputer/LIU_YONG_LAN,shift_pm1mm,,,21,84,68,0.8095238095238095,16,16,0,68,16,4,4,0,0,0.031616938300172814,0.11730716265665961,0.15027214917921894,1.9837273867308758,190.43782912616408,False,True,gate_flip_or_became_invalid;closed_contour_change;crossing_group_change;area_p95_ge_10pct
case_category,AAA/ruputer/LIU_YONG_LAN,tilt_pm5deg,,,21,84,80,0.9523809523809523,4,4,0,80,4,2,2,0,0,0.007907065261394064,0.027165108073309796,0.052326407344319925,1.9837273867308758,190.43782912616408,False,True,gate_flip_or_became_invalid;closed_contour_change;crossing_group_change
case_category,AAA/ruputer/LI_BING_JIANG,pointcloud_full_half,,,17,34,32,0.9411764705882353,2,0,2,32,0,0,0,0,0,0.004549496655824492,0.01343396113209282,0.017615113941079397,5.976827541041745,181.29710207826628,False,True,source_baseline_invalid
case_category,AAA/ruputer/LI_BING_JIANG,shift_pm1mm,,,17,68,58,0.8529411764705882,10,9,2,57,10,5,5,0,0,0.027279522735540906,0.14784111619389573,0.2036236448510993,5.976827541041745,181.29710207826628,False,True,gate_flip_or_became_invalid;closed_contour_change;crossing_group_change;area_p95_ge_10pct;source_baseline_invalid
case_category,AAA/ruputer/LI_BING_JIANG,tilt_pm5deg,,,17,68,64,0.9411764705882353,4,3,2,63,4,2,2,0,0,0.006268120296216484,0.024249698261643093,0.06892049782850995,5.976827541041745,181.29710207826628,False,True,gate_flip_or_became_invalid;closed_contour_change;crossing_group_change;source_baseline_invalid
case_category,AAA/ruputer/LI_LAO_PING,pointcloud_full_half,,,21,42,40,0.9523809523809523,2,0,2,40,0,0,0,0,0,0.0033227687100131353,0.011967947887331172,0.024001252283956664,1.991749484138875,239.009938096665,False,True,source_baseline_invalid
case_category,AAA/ruputer/LI_LAO_PING,shift_pm1mm,,,21,84,71,0.8452380952380952,13,11,2,71,11,2,2,0,0,0.033086732323251544,0.12243351746916609,0.14526719979882263,1.991749484138875,239.009938096665,False,True,gate_flip_or_became_invalid;closed_contour_change;crossing_group_change;area_p95_ge_10pct;source_baseline_invalid
case_category,AAA/ruputer/LI_LAO_PING,tilt_pm5deg,,,21,84,80,0.9523809523809523,4,3,2,79,4,2,2,0,0,0.005131171385419853,0.01408377742295379,0.02752128549677002,1.991749484138875,239.009938096665,False,True,gate_flip_or_became_invalid;closed_contour_change;crossing_group_change;source_baseline_invalid
case_category,AAA/ruputer/LI_ZHEN_HUA,pointcloud_full_half,,,21,42,41,0.9761904761904762,1,1,0,41,1,1,1,0,0,0.008137454685319012,0.08344982636392106,0.09354899090941793,1.9850158426618232,156.81625157028404,False,True,gate_flip_or_became_invalid;closed_contour_change;crossing_group_change
case_category,AAA/ruputer/LI_ZHEN_HUA,shift_pm1mm,,,21,84,70,0.8333333333333334,14,14,0,70,14,1,1,0,0,0.01672134945650583,0.20275254270174148,0.30230064505539467,1.9850158426618232,156.81625157028404,False,True,gate_flip_or_became_invalid;closed_contour_change;crossing_group_change;area_p95_ge_20pct
case_category,AAA/ruputer/LI_ZHEN_HUA,tilt_pm5deg,,,21,84,80,0.9523809523809523,4,4,0,80,4,1,1,0,0,0.005104716468312787,0.027213909574904757,0.038097106537873016,1.9850158426618232,156.81625157028404,False,True,gate_flip_or_became_invalid;closed_contour_change;crossing_group_change
case_category,AAA/ruputer/MA_XIAO_DONG,pointcloud_full_half,,,21,42,42,1.0,0,0,0,42,0,0,0,0,0,0.003457466310644197,0.009708177484136193,0.039815209720084455,1.986913140834505,141.07083299924986,True,False,
case_category,AAA/ruputer/MA_XIAO_DONG,shift_pm1mm,,,21,84,70,0.8333333333333334,14,14,0,70,14,1,1,0,0,0.019976882098539983,0.08766625501147246,0.16475961755785784,1.986913140834505,141.07083299924986,False,True,gate_flip_or_became_invalid;closed_contour_change;crossing_group_change
case_category,AAA/ruputer/MA_XIAO_DONG,tilt_pm5deg,,,21,84,83,0.9880952380952381,1,1,0,83,1,0,0,0,0,0.005504689431930387,0.02281405458901008,0.03751775073927499,1.986913140834505,141.07083299924986,False,True,gate_flip_or_became_invalid
case_category,AAA/ruputer/MENG_GUANG_QIN,pointcloud_full_half,,,21,42,33,0.7857142857142857,9,1,8,33,1,1,1,0,0,0.011343029863066123,0.08946769971720903,0.1586352681057459,1.9856698420337027,204.52399372947139,False,True,gate_flip_or_became_invalid;closed_contour_change;crossing_group_change;source_baseline_invalid
case_category,AAA/ruputer/MENG_GUANG_QIN,shift_pm1mm,,,21,84,63,0.75,21,13,8,63,13,3,3,0,0,0.02866685196822427,0.17820952261783288,0.29917050406488377,1.9856698420337027,204.52399372947139,False,True,gate_flip_or_became_invalid;closed_contour_change;crossing_group_change;area_p95_ge_10pct;source_baseline_invalid
case_category,AAA/ruputer/MENG_GUANG_QIN,tilt_pm5deg,,,21,84,75,0.8928571428571429,9,1,8,75,1,1,1,0,0,0.00503660247490334,0.03807903199455791,0.10584449147242525,1.9856698420337027,204.52399372947139,False,True,gate_flip_or_became_invalid;closed_contour_change;crossing_group_change;source_baseline_invalid
case_category,AAA/ruputer/TONG_XUE_LIAN,pointcloud_full_half,,,21,42,36,0.8571428571428571,6,0,6,36,0,0,0,0,0,0.0033718279992221434,0.016902625049252218,0.02771658278324074,1.9767249262014694,144.30091961270728,False,True,source_baseline_invalid
case_category,AAA/ruputer/TONG_XUE_LIAN,shift_pm1mm,,,21,84,67,0.7976190476190477,17,11,6,67,11,1,1,0,0,0.03394132944069783,0.2084656663466183,2.254482415839415,1.9767249262014694,144.30091961270728,False,True,gate_flip_or_became_invalid;closed_contour_change;crossing_group_change;area_p95_ge_20pct;source_baseline_invalid
case_category,AAA/ruputer/TONG_XUE_LIAN,tilt_pm5deg,,,21,84,78,0.9285714285714286,6,1,6,77,2,1,1,0,0,0.007683574468454024,0.05563282974598316,2.8633840306447715,1.9767249262014694,144.30091961270728,False,True,gate_flip_or_became_invalid;closed_contour_change;crossing_group_change;source_baseline_invalid
case_category,AAA/ruputer/WANG_AN,pointcloud_full_half,,,21,42,22,0.5238095238095238,20,1,20,22,2,2,2,0,0,0.01604506706665576,0.043793651320335365,0.12986291555006968,1.9964985965478397,203.64285684787964,False,True,gate_flip_or_became_invalid;closed_contour_change;crossing_group_change;source_baseline_invalid
case_category,AAA/ruputer/WANG_AN,shift_pm1mm,,,21,84,52,0.6190476190476191,32,13,20,51,14,1,1,0,0,0.020575142167088556,0.358285845320285,0.9249151530360433,1.9964985965478397,203.64285684787964,False,True,gate_flip_or_became_invalid;closed_contour_change;crossing_group_change;area_p95_ge_20pct;source_baseline_invalid
case_category,AAA/ruputer/WANG_AN,tilt_pm5deg,,,21,84,64,0.7619047619047619,20,2,20,62,4,2,2,0,0,0.006133885975485531,0.19340344524209938,0.42037803135520035,1.9964985965478397,203.64285684787964,False,True,gate_flip_or_became_invalid;closed_contour_change;crossing_group_change;area_p95_ge_10pct;source_baseline_invalid
case_category,AAA/ruputer/WANG_FU_SHUN,pointcloud_full_half,,,21,42,36,0.8571428571428571,6,0,6,36,0,0,0,0,0,0.0034643481049418945,0.0331236613491154,0.0545437797653312,1.9812571196226347,190.20068348377293,False,True,source_baseline_invalid
case_category,AAA/ruputer/WANG_FU_SHUN,shift_pm1mm,,,21,84,60,0.7142857142857143,24,18,6,60,18,6,6,0,0,0.0534827177102149,0.29736571547782387,2.364902013833768,1.9812571196226347,190.20068348377293,False,True,gate_flip_or_became_invalid;closed_contour_change;crossing_group_change;area_p95_ge_20pct;source_baseline_invalid
case_category,AAA/ruputer/WANG_FU_SHUN,tilt_pm5deg,,,21,84,75,0.8928571428571429,9,3,6,75,3,1,2,1,1,0.008769372615882176,0.06208248606926081,0.1028330552334693,1.9812571196226347,190.20068348377293,False,True,gate_flip_or_became_invalid;closed_contour_change;crossing_group_change;nonlocal_crossing;source_baseline_invalid
case_category,AAA/ruputer/WANG_KUI_WU,pointcloud_full_half,,,21,42,40,0.9523809523809523,2,0,2,40,0,0,0,0,0,0.0024105061492442625,0.012718552514628957,0.029873411209387024,9.954725193793333,159.27560310069333,False,True,source_baseline_invalid
case_category,AAA/ruputer/WANG_KUI_WU,shift_pm1mm,,,21,84,68,0.8095238095238095,16,15,2,67,16,8,8,0,0,0.022516478684554198,0.11869746738829398,0.23249648068058537,9.954725193793333,159.27560310069333,False,True,gate_flip_or_became_invalid;closed_contour_change;crossing_group_change;area_p95_ge_10pct;source_baseline_invalid
case_category,AAA/ruputer/WANG_KUI_WU,tilt_pm5deg,,,21,84,82,0.9761904761904762,2,1,2,81,2,2,2,0,0,0.006754148372340341,0.024800384941377596,0.03689888970987232,9.954725193793333,159.27560310069333,False,True,gate_flip_or_became_invalid;closed_contour_change;crossing_group_change;source_baseline_invalid
case_category,AAA/ruputer/WU_GUANG_CUN,pointcloud_full_half,,,21,42,37,0.8809523809523809,5,2,4,37,3,3,3,0,0,0.006875445538564451,0.11431272925389813,0.1299771701920417,1.9962916348523738,211.6069132943516,False,True,gate_flip_or_became_invalid;closed_contour_change;crossing_group_change;area_p95_ge_10pct;source_baseline_invalid
case_category,AAA/ruputer/WU_GUANG_CUN,shift_pm1mm,,,21,84,67,0.7976190476190477,17,14,4,66,15,3,3,0,0,0.024845419300287497,0.2170419535741544,0.36211736782004067,1.9962916348523738,211.6069132943516,False,True,gate_flip_or_became_invalid;closed_contour_change;crossing_group_change;area_p95_ge_20pct;source_baseline_invalid
case_category,AAA/ruputer/WU_GUANG_CUN,tilt_pm5deg,,,21,84,79,0.9404761904761905,5,1,4,79,1,0,0,0,0,0.004691236282078126,0.0244051119135153,0.04490134593316042,1.9962916348523738,211.6069132943516,False,True,gate_flip_or_became_invalid;source_baseline_invalid
case_category,AAA/ruputer/XIE_JIN_QUAN,pointcloud_full_half,,,21,42,40,0.9523809523809523,2,0,2,40,0,0,0,0,0,0.0034142242231676723,0.02699888183846546,0.04256114328456673,1.98583552837111,174.75352649665768,False,True,source_baseline_invalid
case_category,AAA/ruputer/XIE_JIN_QUAN,shift_pm1mm,,,21,84,67,0.7976190476190477,17,15,2,67,15,2,2,0,0,0.046995981332308645,0.14929669713385105,0.220499298321009,1.98583552837111,174.75352649665768,False,True,gate_flip_or_became_invalid;closed_contour_change;crossing_group_change;area_p95_ge_10pct;source_baseline_invalid
case_category,AAA/ruputer/XIE_JIN_QUAN,tilt_pm5deg,,,21,84,81,0.9642857142857143,3,1,2,81,1,0,0,0,0,0.007525540930918728,0.04579882444322991,0.09323942925553474,1.98583552837111,174.75352649665768,False,True,gate_flip_or_became_invalid;source_baseline_invalid
case_category,AAA/ruputer/YU_TIAN_HAI,pointcloud_full_half,,,21,42,41,0.9761904761904762,1,1,0,41,1,1,1,0,0,0.003237454372017723,0.05641151494657204,0.07195676216545288,3.966276180720955,170.54987577100107,False,True,gate_flip_or_became_invalid;closed_contour_change;crossing_group_change
case_category,AAA/ruputer/YU_TIAN_HAI,shift_pm1mm,,,21,84,69,0.8214285714285714,15,15,0,69,15,2,2,0,0,0.019936751835367028,0.10269562619065122,0.15220712781349932,3.966276180720955,170.54987577100107,False,True,gate_flip_or_became_invalid;closed_contour_change;crossing_group_change;area_p95_ge_10pct
case_category,AAA/ruputer/YU_TIAN_HAI,tilt_pm5deg,,,21,84,83,0.9880952380952381,1,1,0,83,1,1,1,0,0,0.005916341176948503,0.02645889846033616,0.05278831639494275,3.966276180720955,170.54987577100107,False,True,gate_flip_or_became_invalid;closed_contour_change;crossing_group_change
case_category,AAA/ruputer/ZHANG_MAO_JIN,pointcloud_full_half,,,21,42,36,0.8571428571428571,6,0,6,36,0,0,0,0,0,0.004813519290417567,0.010896098533013654,0.011786129663391876,3.9669682374694983,164.62918185498418,False,True,source_baseline_invalid
case_category,AAA/ruputer/ZHANG_MAO_JIN,shift_pm1mm,,,21,84,64,0.7619047619047619,20,14,6,64,14,2,2,0,0,0.02907612947989302,0.12184345491483486,0.1498291510580254,3.9669682374694983,164.62918185498418,False,True,gate_flip_or_became_invalid;closed_contour_change;crossing_group_change;area_p95_ge_10pct;source_baseline_invalid
case_category,AAA/ruputer/ZHANG_MAO_JIN,tilt_pm5deg,,,21,84,76,0.9047619047619048,8,2,6,76,2,1,1,0,0,0.007885468651451955,0.02922800686506538,0.034760697810873764,3.9669682374694983,164.62918185498418,False,True,gate_flip_or_became_invalid;closed_contour_change;crossing_group_change;source_baseline_invalid
case_category,AAA/ruputer/ZHOU_KE_XUN,pointcloud_full_half,,,21,42,41,0.9761904761904762,1,0,2,41,1,1,1,0,0,0.006117671851189721,0.03271533892979561,0.05355637644513056,5.9731637367519035,195.1233487338955,False,True,gate_flip_or_became_invalid;closed_contour_change;crossing_group_change;source_baseline_invalid
case_category,AAA/ruputer/ZHOU_KE_XUN,shift_pm1mm,,,21,84,68,0.8095238095238095,16,16,2,66,18,4,4,0,0,0.027895107660228347,0.12423080732257658,0.2164596599990659,5.9731637367519035,195.1233487338955,False,True,gate_flip_or_became_invalid;closed_contour_change;crossing_group_change;area_p95_ge_10pct;source_baseline_invalid
case_category,AAA/ruputer/ZHOU_KE_XUN,tilt_pm5deg,,,21,84,79,0.9404761904761905,5,4,2,78,5,2,2,0,0,0.006801149856588584,0.024922844137248306,0.036125984258685184,5.9731637367519035,195.1233487338955,False,True,gate_flip_or_became_invalid;closed_contour_change;crossing_group_change;source_baseline_invalid
case_category,AAA/ruputer/ZOU_LI_SHUN,pointcloud_full_half,,,21,42,37,0.8809523809523809,5,1,4,37,1,1,1,0,0,0.008945039906058438,0.03743747884171729,0.061800824702082924,1.982250804151279,194.26057880682535,False,True,gate_flip_or_became_invalid;closed_contour_change;crossing_group_change;source_baseline_invalid
case_category,AAA/ruputer/ZOU_LI_SHUN,shift_pm1mm,,,21,84,67,0.7976190476190477,17,13,4,67,13,1,1,0,0,0.021817675371018863,0.15465130616943057,0.47894557746960387,1.982250804151279,194.26057880682535,False,True,gate_flip_or_became_invalid;closed_contour_change;crossing_group_change;area_p95_ge_10pct;source_baseline_invalid
case_category,AAA/ruputer/ZOU_LI_SHUN,tilt_pm5deg,,,21,84,78,0.9285714285714286,6,2,4,78,2,1,1,0,0,0.004752284915041649,0.0225576935719792,0.20568232753031768,1.982250804151279,194.26057880682535,False,True,gate_flip_or_became_invalid;closed_contour_change;crossing_group_change;source_baseline_invalid
case_category,AAA/ruputer/ZUO_DAO_SHENG,pointcloud_full_half,,,21,42,40,0.9523809523809523,2,0,2,40,0,0,0,0,0,0.005412216180486373,0.021699261932490957,0.03945124596005112,1.982147024786118,166.50035008203392,False,True,source_baseline_invalid
case_category,AAA/ruputer/ZUO_DAO_SHENG,shift_pm1mm,,,21,84,70,0.8333333333333334,14,12,2,70,12,3,3,0,0,0.038243868968203754,0.13598516103804914,0.2636118525839244,1.982147024786118,166.50035008203392,False,True,gate_flip_or_became_invalid;closed_contour_change;crossing_group_change;area_p95_ge_10pct;source_baseline_invalid
case_category,AAA/ruputer/ZUO_DAO_SHENG,tilt_pm5deg,,,21,84,80,0.9523809523809523,4,2,2,80,2,0,0,0,0,0.009455559918263301,0.045650482682184405,0.4714950417886159,1.982147024786118,166.50035008203392,False,True,gate_flip_or_became_invalid;source_baseline_invalid
case_category,AAA/unruputer/CAO_HONG_TAI,pointcloud_full_half,,,21,42,29,0.6904761904761905,13,5,8,29,5,5,5,0,0,0.015268543289886471,0.07091898537128406,0.10608817998245035,1.9885456235875003,266.46511356072506,False,True,gate_flip_or_became_invalid;closed_contour_change;crossing_group_change;source_baseline_invalid
case_category,AAA/unruputer/CAO_HONG_TAI,shift_pm1mm,,,21,84,64,0.7619047619047619,20,14,8,62,16,3,3,0,0,0.022440342271881075,0.23515069808964303,1.6907655168621054,1.9885456235875003,266.46511356072506,False,True,gate_flip_or_became_invalid;closed_contour_change;crossing_group_change;area_p95_ge_20pct;source_baseline_invalid
case_category,AAA/unruputer/CAO_HONG_TAI,tilt_pm5deg,,,21,84,74,0.8809523809523809,10,3,8,73,4,3,3,0,0,0.0068119585261310345,0.06017037167329192,1.0796463047024147,1.9885456235875003,266.46511356072506,False,True,gate_flip_or_became_invalid;closed_contour_change;crossing_group_change;source_baseline_invalid
case_category,AAA/unruputer/CHEN_FU_YE,pointcloud_full_half,,,21,42,35,0.8333333333333334,7,3,4,35,3,3,3,0,0,0.012475702417454437,0.06108957571150429,0.10084082639826142,1.9930733297822747,225.21728626539704,False,True,gate_flip_or_became_invalid;closed_contour_change;crossing_group_change;source_baseline_invalid
case_category,AAA/unruputer/CHEN_FU_YE,shift_pm1mm,,,21,84,66,0.7857142857142857,18,15,4,65,16,5,5,0,0,0.0430290548478337,0.1652115752593764,0.36653151088599645,1.9930733297822747,225.21728626539704,False,True,gate_flip_or_became_invalid;closed_contour_change;crossing_group_change;area_p95_ge_10pct;source_baseline_invalid
case_category,AAA/unruputer/CHEN_FU_YE,tilt_pm5deg,,,21,84,77,0.9166666666666666,7,3,4,77,3,3,3,0,0,0.008347594838663541,0.03118806669976553,0.21558204067152142,1.9930733297822747,225.21728626539704,False,True,gate_flip_or_became_invalid;closed_contour_change;crossing_group_change;source_baseline_invalid
case_category,AAA/unruputer/CHEN_LIANG_FU,pointcloud_full_half,,,21,42,38,0.9047619047619048,4,0,4,38,0,0,0,0,0,0.004136125029304549,0.01312659223922064,0.0163858706218607,3.965881413374454,142.77173088148035,False,True,source_baseline_invalid
case_category,AAA/unruputer/CHEN_LIANG_FU,shift_pm1mm,,,21,84,69,0.8214285714285714,15,13,4,67,15,6,6,0,0,0.01653977790470429,0.11843447689036242,0.37109755507855147,3.965881413374454,142.77173088148035,False,True,gate_flip_or_became_invalid;closed_contour_change;crossing_group_change;area_p95_ge_10pct;source_baseline_invalid
case_category,AAA/unruputer/CHEN_LIANG_FU,tilt_pm5deg,,,21,84,77,0.9166666666666666,7,3,4,77,3,2,2,0,0,0.009591062845886178,0.031777177151468466,0.8366696479826548,3.965881413374454,142.77173088148035,False,True,gate_flip_or_became_invalid;closed_contour_change;crossing_group_change;source_baseline_invalid
case_category,AAA/unruputer/CHEN_SHU_LIN,pointcloud_full_half,,,21,42,35,0.8333333333333334,7,3,4,35,3,3,3,0,0,0.005385093344423164,0.029745966415902065,0.04118338168576219,1.9917540663216333,215.1094391627364,False,True,gate_flip_or_became_invalid;closed_contour_change;crossing_group_change;source_baseline_invalid
case_category,AAA/unruputer/CHEN_SHU_LIN,shift_pm1mm,,,21,84,65,0.7738095238095238,19,15,4,65,15,3,3,0,0,0.025848720488990784,0.08872026028706467,0.18785080334224968,1.9917540663216333,215.1094391627364,False,True,gate_flip_or_became_invalid;closed_contour_change;crossing_group_change;source_baseline_invalid
case_category,AAA/unruputer/CHEN_SHU_LIN,tilt_pm5deg,,,21,84,77,0.9166666666666666,7,3,4,77,3,2,2,0,0,0.006722010361266184,0.024926885012002315,0.09377237066422706,1.9917540663216333,215.1094391627364,False,True,gate_flip_or_became_invalid;closed_contour_change;crossing_group_change;source_baseline_invalid
case_category,AAA/unruputer/FENG_ZHI_YING,pointcloud_full_half,,,21,42,36,0.8571428571428571,6,0,6,36,0,0,0,0,0,0.0034023731782490962,0.02413666111103166,0.0376637664877334,1.9809343626378189,192.15063317586842,False,True,source_baseline_invalid
case_category,AAA/unruputer/FENG_ZHI_YING,shift_pm1mm,,,21,84,65,0.7738095238095238,19,14,6,64,15,2,2,0,0,0.032416600656552275,0.2234235391378534,0.8406652182180231,1.9809343626378189,192.15063317586842,False,True,gate_flip_or_became_invalid;closed_contour_change;crossing_group_change;area_p95_ge_20pct;source_baseline_invalid
case_category,AAA/unruputer/FENG_ZHI_YING,tilt_pm5deg,,,21,84,75,0.8928571428571429,9,3,6,75,3,0,0,0,0,0.008333204542566919,0.02446560281460396,0.5320889398464308,1.9809343626378189,192.15063317586842,False,True,gate_flip_or_became_invalid;source_baseline_invalid
case_category,AAA/unruputer/GAO_DIAN_WEN,pointcloud_full_half,,,21,42,36,0.8571428571428571,6,2,4,36,2,2,2,0,0,0.010063672003796431,0.05128648189260476,0.09397007432803983,1.999004615264915,171.91439691278268,False,True,gate_flip_or_became_invalid;closed_contour_change;crossing_group_change;source_baseline_invalid
case_category,AAA/unruputer/GAO_DIAN_WEN,shift_pm1mm,,,21,84,64,0.7619047619047619,20,16,4,64,16,3,3,0,0,0.027404427652413688,0.10424034590241466,0.12424713743938631,1.999004615264915,171.91439691278268,False,True,gate_flip_or_became_invalid;closed_contour_change;crossing_group_change;area_p95_ge_10pct;source_baseline_invalid
case_category,AAA/unruputer/GAO_DIAN_WEN,tilt_pm5deg,,,21,84,78,0.9285714285714286,6,2,4,78,2,1,1,0,0,0.006542401234748474,0.02429457109505863,0.06357575009022054,1.999004615264915,171.91439691278268,False,True,gate_flip_or_became_invalid;closed_contour_change;crossing_group_change;source_baseline_invalid
case_category,AAA/unruputer/GAO_WEI_LI,pointcloud_full_half,,,21,42,40,0.9523809523809523,2,0,2,40,0,0,0,0,0,0.005516017825668684,0.08208964851053287,0.14668141722368055,1.9983591975204702,143.88186222147385,False,True,source_baseline_invalid
case_category,AAA/unruputer/GAO_WEI_LI,shift_pm1mm,,,21,84,68,0.8095238095238095,16,14,2,68,14,0,0,0,0,0.010806264366004847,0.16429955619790845,0.27736189252019816,1.9983591975204702,143.88186222147385,False,True,gate_flip_or_became_invalid;area_p95_ge_10pct;source_baseline_invalid
case_category,AAA/unruputer/GAO_WEI_LI,tilt_pm5deg,,,21,84,80,0.9523809523809523,4,2,2,80,2,0,0,0,0,0.005317758506825809,0.027507116162125613,0.037356940933902516,1.9983591975204702,143.88186222147385,False,True,gate_flip_or_became_invalid;source_baseline_invalid
case_category,AAA/unruputer/GUO_BAO_CHUN,pointcloud_full_half,,,21,42,36,0.8571428571428571,6,0,6,36,0,0,0,0,0,0.004110877108712496,0.02228432190842919,0.02787342056833164,3.968541448150818,166.67874082233436,False,True,source_baseline_invalid
case_category,AAA/unruputer/GUO_BAO_CHUN,shift_pm1mm,,,21,84,69,0.8214285714285714,15,9,6,69,9,3,3,0,0,0.010239632059267811,0.0920636213302774,2.1141993020169,3.968541448150818,166.67874082233436,False,True,gate_flip_or_became_invalid;closed_contour_change;crossing_group_change;source_baseline_invalid
case_category,AAA/unruputer/GUO_BAO_CHUN,tilt_pm5deg,,,21,84,73,0.8690476190476191,11,5,6,73,5,2,2,0,0,0.007453458467014951,0.02554118158121507,1.548193748468949,3.968541448150818,166.67874082233436,False,True,gate_flip_or_became_invalid;closed_contour_change;crossing_group_change;source_baseline_invalid
case_category,AAA/unruputer/HAN_JIAN_FU,pointcloud_full_half,,,21,42,40,0.9523809523809523,2,0,2,40,0,0,0,0,0,0.0034662215669363228,0.026108328020084823,0.05787061754107792,1.9833245235757453,194.36580331042305,False,True,source_baseline_invalid
case_category,AAA/unruputer/HAN_JIAN_FU,shift_pm1mm,,,21,84,68,0.8095238095238095,16,15,2,67,16,4,4,0,0,0.021408302468944984,0.07468066773333133,0.16899706396619574,1.9833245235757453,194.36580331042305,False,True,gate_flip_or_became_invalid;closed_contour_change;crossing_group_change;source_baseline_invalid
case_category,AAA/unruputer/HAN_JIAN_FU,tilt_pm5deg,,,21,84,80,0.9523809523809523,4,3,2,79,4,1,1,0,0,0.0063239637228991175,0.021852417114497483,0.042003237587707964,1.9833245235757453,194.36580331042305,False,True,gate_flip_or_became_invalid;closed_contour_change;crossing_group_change;source_baseline_invalid
case_category,AAA/unruputer/LIN_JIAN_RONG,pointcloud_full_half,,,21,42,34,0.8095238095238095,8,0,8,34,0,0,0,0,0,0.00557109207259987,0.05142348972778851,0.08697017772796123,5.8824004055839225,200.7224287405948,False,True,source_baseline_invalid
case_category,AAA/unruputer/LIN_JIAN_RONG,shift_pm1mm,,,21,84,70,0.8333333333333334,14,8,8,68,10,6,6,0,0,0.03201265462373837,0.28984712855968964,9.377365367847732,5.8824004055839225,200.7224287405948,False,True,gate_flip_or_became_invalid;closed_contour_change;crossing_group_change;area_p95_ge_20pct;source_baseline_invalid
case_category,AAA/unruputer/LIN_JIAN_RONG,tilt_pm5deg,,,21,84,75,0.8928571428571429,9,3,8,73,5,4,4,0,0,0.00740919894396419,0.02712751750605069,0.054330031155745306,5.8824004055839225,200.7224287405948,False,True,gate_flip_or_became_invalid;closed_contour_change;crossing_group_change;source_baseline_invalid
case_category,AAA/unruputer/LIU_CHENG_ZHANG,pointcloud_full_half,,,21,42,40,0.9523809523809523,2,0,2,40,0,0,0,0,0,0.0031413808787128517,0.020539636754804642,0.02332003827898521,3.966599289346949,180.4802676652862,False,True,source_baseline_invalid
case_category,AAA/unruputer/LIU_CHENG_ZHANG,shift_pm1mm,,,21,84,74,0.8809523809523809,10,9,2,73,10,4,4,0,0,0.032647257583375944,0.1596898153816991,0.3040111166573326,3.966599289346949,180.4802676652862,False,True,gate_flip_or_became_invalid;closed_contour_change;crossing_group_change;area_p95_ge_10pct;source_baseline_invalid
case_category,AAA/unruputer/LIU_CHENG_ZHANG,tilt_pm5deg,,,21,84,80,0.9523809523809523,4,2,2,80,2,1,1,0,0,0.006362249003207809,0.028421302806087435,0.04352732332288478,3.966599289346949,180.4802676652862,False,True,gate_flip_or_became_invalid;closed_contour_change;crossing_group_change;source_baseline_invalid
case_category,AAA/unruputer/LIU_JIE,pointcloud_full_half,,,21,42,39,0.9285714285714286,3,1,2,39,1,1,1,0,0,0.004234596642417654,0.02458099758572376,0.06613424916433464,5.981501251624901,193.40187380253846,False,True,gate_flip_or_became_invalid;closed_contour_change;crossing_group_change;source_baseline_invalid
case_category,AAA/unruputer/LIU_JIE,shift_pm1mm,,,21,84,70,0.8333333333333334,14,12,2,70,12,2,2,0,0,0.04671399641571555,0.20240211457898058,6.149532841941441,5.981501251624901,193.40187380253846,False,True,gate_flip_or_became_invalid;closed_contour_change;crossing_group_change;area_p95_ge_20pct;source_baseline_invalid
case_category,AAA/unruputer/LIU_JIE,tilt_pm5deg,,,21,84,80,0.9523809523809523,4,2,2,80,2,1,1,0,0,0.008040673560442968,0.04401995884196598,0.7546746315083577,5.981501251624901,193.40187380253846,False,True,gate_flip_or_became_invalid;closed_contour_change;crossing_group_change;source_baseline_invalid
case_category,AAA/unruputer/LIU_KANG_WEN,pointcloud_full_half,,,21,42,36,0.8571428571428571,6,2,4,36,2,2,2,0,0,0.004534703353864189,0.054252353702360034,0.09186165940455793,3.985410662447497,165.39454249157114,False,True,gate_flip_or_became_invalid;closed_contour_change;crossing_group_change;source_baseline_invalid
case_category,AAA/unruputer/LIU_KANG_WEN,shift_pm1mm,,,21,84,70,0.8333333333333334,14,11,4,69,12,1,1,0,0,0.024242299359038322,0.16861583571135505,0.20900668248679377,3.985410662447497,165.39454249157114,False,True,gate_flip_or_became_invalid;closed_contour_change;crossing_group_change;area_p95_ge_10pct;source_baseline_invalid
case_category,AAA/unruputer/LIU_KANG_WEN,tilt_pm5deg,,,21,84,79,0.9404761904761905,5,1,4,79,1,0,0,0,0,0.004546136487649788,0.032171116844564036,0.08633851878483756,3.985410662447497,165.39454249157114,False,True,gate_flip_or_became_invalid;source_baseline_invalid
case_category,AAA/unruputer/LIU_LI_FENG,pointcloud_full_half,,,21,42,32,0.7619047619047619,10,0,10,32,0,0,0,0,0,0.0032635927947806675,0.012918815973045804,0.02967261448225056,1.9842738015232262,158.74190412185808,False,True,source_baseline_invalid
case_category,AAA/unruputer/LIU_LI_FENG,shift_pm1mm,,,21,84,61,0.7261904761904762,23,17,10,57,21,7,7,0,0,0.02479837200071333,0.20073906212468662,0.6471665481247071,1.9842738015232262,158.74190412185808,False,True,gate_flip_or_became_invalid;closed_contour_change;crossing_group_change;area_p95_ge_20pct;source_baseline_invalid
case_category,AAA/unruputer/LIU_LI_FENG,tilt_pm5deg,,,21,84,71,0.8452380952380952,13,4,10,70,5,3,3,0,0,0.006369110101278497,0.04022697533463111,0.2785713410869697,1.9842738015232262,158.74190412185808,False,True,gate_flip_or_became_invalid;closed_contour_change;crossing_group_change;source_baseline_invalid
case_category,AAA/unruputer/LIU_XING_GUO,pointcloud_full_half,,,21,42,24,0.5714285714285714,18,3,16,24,4,4,4,0,0,0.0053588946786876646,0.024217283876552465,0.07070048617205693,1.9896858431263367,236.77261533203406,False,True,gate_flip_or_became_invalid;closed_contour_change;crossing_group_change;source_baseline_invalid
case_category,AAA/unruputer/LIU_XING_GUO,shift_pm1mm,,,21,84,59,0.7023809523809523,25,11,16,57,13,3,3,0,0,0.013460172730649811,0.1992918745663566,0.582238747514801,1.9896858431263367,236.77261533203406,False,True,gate_flip_or_became_invalid;closed_contour_change;crossing_group_change;area_p95_ge_10pct;source_baseline_invalid
case_category,AAA/unruputer/LIU_XING_GUO,tilt_pm5deg,,,21,84,68,0.8095238095238095,16,2,16,66,4,3,3,0,0,0.0050156650664091584,0.061219893683359755,0.10807179640329778,1.9896858431263367,236.77261533203406,False,True,gate_flip_or_became_invalid;closed_contour_change;crossing_group_change;source_baseline_invalid
case_category,AAA/unruputer/LI_YOU_YU,pointcloud_full_half,,,21,42,40,0.9523809523809523,2,0,2,40,0,0,0,0,0,0.0032779487333345347,0.01012501985499956,0.012514532232002717,1.9886994622422434,147.163760205926,False,True,source_baseline_invalid
case_category,AAA/unruputer/LI_YOU_YU,shift_pm1mm,,,21,84,69,0.8214285714285714,15,13,2,69,13,3,3,0,0,0.02271644923754934,0.12716401001887206,0.16391294454905037,1.9886994622422434,147.163760205926,False,True,gate_flip_or_became_invalid;closed_contour_change;crossing_group_change;area_p95_ge_10pct;source_baseline_invalid
case_category,AAA/unruputer/LI_YOU_YU,tilt_pm5deg,,,21,84,78,0.9285714285714286,6,4,2,78,4,4,4,0,0,0.006282763258176782,0.02433669370173452,0.029040307063297632,1.9886994622422434,147.163760205926,False,True,gate_flip_or_became_invalid;closed_contour_change;crossing_group_change;source_baseline_invalid
case_category,AAA/unruputer/MA_JIN_HE,pointcloud_full_half,,,21,42,41,0.9761904761904762,1,1,0,41,1,1,1,0,0,0.004784602476161304,0.022807938194549626,0.039601476963310844,1.9854619080290832,174.72064790655932,False,True,gate_flip_or_became_invalid;closed_contour_change;crossing_group_change
case_category,AAA/unruputer/MA_JIN_HE,shift_pm1mm,,,21,84,68,0.8095238095238095,16,16,0,68,16,4,4,0,0,0.050944814918717385,0.11660910914350191,0.1306395226353152,1.9854619080290832,174.72064790655932,False,True,gate_flip_or_became_invalid;closed_contour_change;crossing_group_change;area_p95_ge_10pct
case_category,AAA/unruputer/MA_JIN_HE,tilt_pm5deg,,,21,84,82,0.9761904761904762,2,2,0,82,2,1,1,0,0,0.004930226389795234,0.020853175756422707,0.030623960650658644,1.9854619080290832,174.72064790655932,False,True,gate_flip_or_became_invalid;closed_contour_change;crossing_group_change
case_category,AAA/unruputer/QIAO_XIU_YUN,pointcloud_full_half,,,21,42,38,0.9047619047619048,4,0,4,38,0,0,0,0,0,0.0026793446175918945,0.15132045922454906,0.6191275985070939,1.994670570498104,213.42975104329713,False,True,area_p95_ge_10pct;source_baseline_invalid
case_category,AAA/unruputer/QIAO_XIU_YUN,shift_pm1mm,,,21,84,63,0.75,21,18,4,62,19,7,7,0,0,0.019259857210791265,0.13408602775517822,0.16607457592163222,1.994670570498104,213.42975104329713,False,True,gate_flip_or_became_invalid;closed_contour_change;crossing_group_change;area_p95_ge_10pct;source_baseline_invalid
case_category,AAA/unruputer/QIAO_XIU_YUN,tilt_pm5deg,,,21,84,76,0.9047619047619048,8,4,4,76,4,3,3,0,0,0.006715058629833237,0.025232376028809622,0.10516426780947807,1.994670570498104,213.42975104329713,False,True,gate_flip_or_became_invalid;closed_contour_change;crossing_group_change;source_baseline_invalid
case_category,AAA/unruputer/SHEN_CHUN_WANG,pointcloud_full_half,,,21,42,37,0.8809523809523809,5,1,4,37,1,1,1,0,0,0.0021991464728072785,0.026020473313889455,0.02776073537534618,1.9990484932971957,189.9096068632336,False,True,gate_flip_or_became_invalid;closed_contour_change;crossing_group_change;source_baseline_invalid
case_category,AAA/unruputer/SHEN_CHUN_WANG,shift_pm1mm,,,21,84,67,0.7976190476190477,17,13,4,67,13,2,2,0,0,0.016601427446860995,0.11359963066331734,0.17383272187897236,1.9990484932971957,189.9096068632336,False,True,gate_flip_or_became_invalid;closed_contour_change;crossing_group_change;area_p95_ge_10pct;source_baseline_invalid
case_category,AAA/unruputer/SHEN_CHUN_WANG,tilt_pm5deg,,,21,84,76,0.9047619047619048,8,4,4,76,4,1,1,0,0,0.005265657788405154,0.02502537370026736,0.15230537783020492,1.9990484932971957,189.9096068632336,False,True,gate_flip_or_became_invalid;closed_contour_change;crossing_group_change;source_baseline_invalid
case_category,AAA/unruputer/SHEN_FANG_JIN,pointcloud_full_half,,,21,42,41,0.9761904761904762,1,1,0,41,1,1,1,0,0,0.003412746008092382,0.015960861533054205,0.692250147772205,1.9784121306146651,160.25138257978787,False,True,gate_flip_or_became_invalid;closed_contour_change;crossing_group_change
case_category,AAA/unruputer/SHEN_FANG_JIN,shift_pm1mm,,,21,84,73,0.8690476190476191,11,11,0,73,11,6,6,0,0,0.020987848719406288,0.10975246363993937,0.6982889489989728,1.9784121306146651,160.25138257978787,False,True,gate_flip_or_became_invalid;closed_contour_change;crossing_group_change;area_p95_ge_10pct
case_category,AAA/unruputer/SHEN_FANG_JIN,tilt_pm5deg,,,21,84,81,0.9642857142857143,3,3,0,81,3,2,2,0,0,0.009616586470474253,0.04648947658992708,0.11340964313249269,1.9784121306146651,160.25138257978787,False,True,gate_flip_or_became_invalid;closed_contour_change;crossing_group_change
case_category,AAA/unruputer/SUN_SHU_MING,pointcloud_full_half,,,21,42,32,0.7619047619047619,10,3,8,32,4,4,4,0,0,0.0039364970736560645,0.05433355923222387,0.1436346707510725,3.982246693093801,244.90817162526875,False,True,gate_flip_or_became_invalid;closed_contour_change;crossing_group_change;source_baseline_invalid
case_category,AAA/unruputer/SUN_SHU_MING,shift_pm1mm,,,21,84,66,0.7857142857142857,18,11,8,65,12,3,3,0,0,0.012441840289855177,0.12147247082354348,0.14062549480354103,3.982246693093801,244.90817162526875,False,True,gate_flip_or_became_invalid;closed_contour_change;crossing_group_change;area_p95_ge_10pct;source_baseline_invalid
case_category,AAA/unruputer/SUN_SHU_MING,tilt_pm5deg,,,21,84,73,0.8690476190476191,11,5,8,71,7,6,6,0,0,0.004918827932663294,0.031451791568679055,0.1085990899907836,3.982246693093801,244.90817162526875,False,True,gate_flip_or_became_invalid;closed_contour_change;crossing_group_change;source_baseline_invalid
case_category,AAA/unruputer/WANG_MAN_TIAN,pointcloud_full_half,,,21,42,33,0.7857142857142857,9,1,8,33,1,1,1,0,0,0.004529565516489309,0.029941407267465164,0.03517234966739324,5.957563230405129,194.61373219323423,False,True,gate_flip_or_became_invalid;closed_contour_change;crossing_group_change;source_baseline_invalid
case_category,AAA/unruputer/WANG_MAN_TIAN,shift_pm1mm,,,21,84,62,0.7380952380952381,22,16,8,60,18,8,8,0,0,0.046194115666438273,0.23442577745055265,0.3185180315237761,5.957563230405129,194.61373219323423,False,True,gate_flip_or_became_invalid;closed_contour_change;crossing_group_change;area_p95_ge_20pct;source_baseline_invalid
case_category,AAA/unruputer/WANG_MAN_TIAN,tilt_pm5deg,,,21,84,72,0.8571428571428571,12,4,8,72,4,4,4,0,0,0.01061183126877796,0.04704359494956972,0.3278825498826513,5.957563230405129,194.61373219323423,False,True,gate_flip_or_became_invalid;closed_contour_change;crossing_group_change;source_baseline_invalid
case_category,AAA/unruputer/YANG_BEN_RUI,pointcloud_full_half,,,21,42,38,0.9047619047619048,4,0,4,38,0,0,0,0,0,0.004465935715518399,0.02048702197459907,0.025159163038341092,1.9973189949600196,191.74262351616187,False,True,source_baseline_invalid
case_category,AAA/unruputer/YANG_BEN_RUI,shift_pm1mm,,,21,84,68,0.8095238095238095,16,13,4,67,14,4,4,0,0,0.019145549366063608,0.08972972304566235,0.18113795016416223,1.9973189949600196,191.74262351616187,False,True,gate_flip_or_became_invalid;closed_contour_change;crossing_group_change;source_baseline_invalid
case_category,AAA/unruputer/YANG_BEN_RUI,tilt_pm5deg,,,21,84,76,0.9047619047619048,8,4,4,76,4,2,2,0,0,0.0055022851060486655,0.022652036536461084,0.24633586685010056,1.9973189949600196,191.74262351616187,False,True,gate_flip_or_became_invalid;closed_contour_change;crossing_group_change;source_baseline_invalid
case_category,AAA/unruputer/YAN_FU_TANG,pointcloud_full_half,,,21,42,40,0.9523809523809523,2,0,2,40,0,0,0,0,0,0.0043102447224558915,0.03349749401853973,0.04246069317381107,1.9788926713282244,170.1847697342273,False,True,source_baseline_invalid
case_category,AAA/unruputer/YAN_FU_TANG,shift_pm1mm,,,21,84,68,0.8095238095238095,16,14,2,68,14,5,5,0,0,0.03851011133578153,0.17356289709231634,2.2856996194237893,1.9788926713282244,170.1847697342273,False,True,gate_flip_or_became_invalid;closed_contour_change;crossing_group_change;area_p95_ge_10pct;source_baseline_invalid
case_category,AAA/unruputer/YAN_FU_TANG,tilt_pm5deg,,,21,84,79,0.9404761904761905,5,3,2,79,3,3,3,0,0,0.008600987752493738,0.03481503391670671,0.04574156629590953,1.9788926713282244,170.1847697342273,False,True,gate_flip_or_became_invalid;closed_contour_change;crossing_group_change;source_baseline_invalid
case_category,AAA/unruputer/ZHANG_XUN_LIAN,pointcloud_full_half,,,21,42,35,0.8333333333333334,7,1,6,35,1,1,1,0,0,0.0033895713738204547,0.014187357064049671,0.01830285909747187,3.981678755195063,141.34959580942473,False,True,gate_flip_or_became_invalid;closed_contour_change;crossing_group_change;source_baseline_invalid
case_category,AAA/unruputer/ZHANG_XUN_LIAN,shift_pm1mm,,,21,84,63,0.75,21,16,6,62,17,5,5,0,0,0.02019809926841737,0.07982039017823121,0.2740919044202914,3.981678755195063,141.34959580942473,False,True,gate_flip_or_became_invalid;closed_contour_change;crossing_group_change;source_baseline_invalid
case_category,AAA/unruputer/ZHANG_XUN_LIAN,tilt_pm5deg,,,21,84,73,0.8690476190476191,11,6,6,72,7,6,6,0,0,0.008260365554834781,0.028427347912095408,0.10185647633215933,3.981678755195063,141.34959580942473,False,True,gate_flip_or_became_invalid;closed_contour_change;crossing_group_change;source_baseline_invalid
case_category,AAA/unruputer/ZHANG_YONG_ZHI,pointcloud_full_half,,,21,42,34,0.8095238095238095,8,0,8,34,0,0,0,0,0,0.005903399386197161,0.046632816587224096,0.07117512136461068,1.9990370954494683,193.90659825859842,False,True,source_baseline_invalid
case_category,AAA/unruputer/ZHANG_YONG_ZHI,shift_pm1mm,,,21,84,66,0.7857142857142857,18,14,8,62,18,9,9,0,0,0.07418708382993056,0.6059067544903508,0.7586382399746607,1.9990370954494683,193.90659825859842,False,True,gate_flip_or_became_invalid;closed_contour_change;crossing_group_change;area_p95_ge_20pct;source_baseline_invalid
case_category,AAA/unruputer/ZHANG_YONG_ZHI,tilt_pm5deg,,,21,84,73,0.8690476190476191,11,3,8,73,3,3,3,0,0,0.008897926383064858,0.10968406824739844,0.3123919179500019,1.9990370954494683,193.90659825859842,False,True,gate_flip_or_became_invalid;closed_contour_change;crossing_group_change;area_p95_ge_10pct;source_baseline_invalid
case_category,AAA/unruputer/ZHANG_ZHI_HUA,pointcloud_full_half,,,21,42,38,0.9047619047619048,4,0,4,38,0,0,0,0,0,0.0037072293436885007,0.011059151385305555,0.01649900176719732,1.9953071415755963,177.58233560022808,False,True,source_baseline_invalid
case_category,AAA/unruputer/ZHANG_ZHI_HUA,shift_pm1mm,,,21,84,68,0.8095238095238095,16,14,4,66,16,5,5,0,0,0.019773221935056595,0.12366902578991029,0.20802736740140193,1.9953071415755963,177.58233560022808,False,True,gate_flip_or_became_invalid;closed_contour_change;crossing_group_change;area_p95_ge_10pct;source_baseline_invalid
case_category,AAA/unruputer/ZHANG_ZHI_HUA,tilt_pm5deg,,,21,84,77,0.9166666666666666,7,4,4,76,5,2,2,0,0,0.006662328406908058,0.02006920088278913,0.03558089825116162,1.9953071415755963,177.58233560022808,False,True,gate_flip_or_became_invalid;closed_contour_change;crossing_group_change;source_baseline_invalid
case_category,AAA/unruputer/ZHOU_XI_SHENG,pointcloud_full_half,,,21,42,39,0.9285714285714286,3,3,0,39,3,3,3,0,0,0.00996388866853315,0.028842191315373585,0.060552857095572454,1.9979844063639272,289.70773892276947,False,True,gate_flip_or_became_invalid;closed_contour_change;crossing_group_change
case_category,AAA/unruputer/ZHOU_XI_SHENG,shift_pm1mm,,,21,84,69,0.8214285714285714,15,15,0,69,15,2,2,0,0,0.03241272206251311,0.1616385747523948,0.7177027008779828,1.9979844063639272,289.70773892276947,False,True,gate_flip_or_became_invalid;closed_contour_change;crossing_group_change;area_p95_ge_10pct
case_category,AAA/unruputer/ZHOU_XI_SHENG,tilt_pm5deg,,,21,84,79,0.9404761904761905,5,5,0,79,5,3,3,0,0,0.005665280808321849,0.02441683391877368,0.7374226480830708,1.9979844063639272,289.70773892276947,False,True,gate_flip_or_became_invalid;closed_contour_change;crossing_group_change
case_category,AAA/unruputer/ZHU_ZI_HAI,pointcloud_full_half,,,21,42,31,0.7380952380952381,11,0,12,31,1,1,1,0,0,0.0066724412323545534,0.022182733233123364,0.1188936512644494,1.998999550033967,257.87094195438175,False,True,gate_flip_or_became_invalid;closed_contour_change;crossing_group_change;source_baseline_invalid
case_category,AAA/unruputer/ZHU_ZI_HAI,shift_pm1mm,,,21,84,60,0.7142857142857143,24,13,12,59,14,1,1,0,0,0.01918629139126593,0.13576306148504685,0.15760447345085904,1.998999550033967,257.87094195438175,False,True,gate_flip_or_became_invalid;closed_contour_change;crossing_group_change;area_p95_ge_10pct;source_baseline_invalid
case_category,AAA/unruputer/ZHU_ZI_HAI,tilt_pm5deg,,,21,84,72,0.8571428571428571,12,2,12,70,4,2,2,0,0,0.004732444227254939,0.0683737414186687,0.32790003156439207,1.998999550033967,257.87094195438175,False,True,gate_flip_or_became_invalid;closed_contour_change;crossing_group_change;source_baseline_invalid
case_category,AG/fast/CHEN_SHI_MING,pointcloud_full_half,,,21,42,37,0.8809523809523809,5,5,0,37,5,5,5,0,0,0.0086046225461891,0.03326399843998337,0.04116465126652313,1.9920557545262392,137.4518470623105,False,True,gate_flip_or_became_invalid;closed_contour_change;crossing_group_change
case_category,AG/fast/CHEN_SHI_MING,shift_pm1mm,,,21,84,72,0.8571428571428571,12,12,0,72,12,0,0,0,0,0.02642301505746736,0.06539625763469806,0.08158756880006712,1.9920557545262392,137.4518470623105,False,True,gate_flip_or_became_invalid
case_category,AG/fast/CHEN_SHI_MING,tilt_pm5deg,,,21,84,83,0.9880952380952381,1,1,0,83,1,0,0,0,0,0.0055609304592729725,0.016283945655915004,0.028955495236774764,1.9920557545262392,137.4518470623105,False,True,gate_flip_or_became_invalid
case_category,AG/fast/FAN_JIAN_MING,pointcloud_full_half,,,21,42,32,0.7619047619047619,10,2,8,32,2,2,2,0,0,0.007883424883298296,0.05879314417661858,0.09473910299193466,1.982781371660454,124.91522641460861,False,True,gate_flip_or_became_invalid;closed_contour_change;crossing_group_change;source_baseline_invalid
case_category,AG/fast/FAN_JIAN_MING,shift_pm1mm,,,21,84,58,0.6904761904761905,26,18,8,58,18,3,3,0,0,0.011963581088008712,0.15760764064855895,0.21980049191965179,1.982781371660454,124.91522641460861,False,True,gate_flip_or_became_invalid;closed_contour_change;crossing_group_change;area_p95_ge_10pct;source_baseline_invalid
case_category,AG/fast/FAN_JIAN_MING,tilt_pm5deg,,,21,84,71,0.8452380952380952,13,5,8,71,5,1,1,0,0,0.004034483172538961,0.02483703430437706,0.17665939778106532,1.982781371660454,124.91522641460861,False,True,gate_flip_or_became_invalid;closed_contour_change;crossing_group_change;source_baseline_invalid
case_category,AG/fast/HAN_JIAN_JUN,pointcloud_full_half,,,21,42,38,0.9047619047619048,4,3,2,38,4,4,4,0,0,0.007373076961069036,0.36982408101712966,0.5396584364492937,1.9917572143302174,185.2334209327102,False,True,gate_flip_or_became_invalid;closed_contour_change;crossing_group_change;area_p95_ge_20pct;source_baseline_invalid
case_category,AG/fast/HAN_JIAN_JUN,shift_pm1mm,,,21,84,66,0.7857142857142857,18,17,2,65,18,5,5,0,0,0.02092393487421529,0.2454411760793438,0.5703678999293729,1.9917572143302174,185.2334209327102,False,True,gate_flip_or_became_invalid;closed_contour_change;crossing_group_change;area_p95_ge_20pct;source_baseline_invalid
case_category,AG/fast/HAN_JIAN_JUN,tilt_pm5deg,,,21,84,78,0.9285714285714286,6,5,2,77,6,4,4,0,0,0.005689835267633336,0.03155762045352499,0.4869734476890004,1.9917572143302174,185.2334209327102,False,True,gate_flip_or_became_invalid;closed_contour_change;crossing_group_change;source_baseline_invalid
case_category,AG/fast/LIU_FENG_MING,pointcloud_full_half,,,21,42,40,0.9523809523809523,2,0,4,40,2,2,2,0,0,0.007428499338844763,0.07012107338158134,0.14061605464055615,1.9923516151201133,139.46461305840793,False,True,gate_flip_or_became_invalid;closed_contour_change;crossing_group_change;source_baseline_invalid
case_category,AG/fast/LIU_FENG_MING,shift_pm1mm,,,21,84,66,0.7857142857142857,18,15,4,65,16,3,3,0,0,0.026407601817665216,0.13012113865419317,0.3474668343196584,1.9923516151201133,139.46461305840793,False,True,gate_flip_or_became_invalid;closed_contour_change;crossing_group_change;area_p95_ge_10pct;source_baseline_invalid
case_category,AG/fast/LIU_FENG_MING,tilt_pm5deg,,,21,84,77,0.9166666666666666,7,3,4,77,3,2,2,0,0,0.005675930112436722,0.029678836501567624,0.0443572300374121,1.9923516151201133,139.46461305840793,False,True,gate_flip_or_became_invalid;closed_contour_change;crossing_group_change;source_baseline_invalid
case_category,AG/fast/LIU_JUN_FENG,pointcloud_full_half,,,18,36,32,0.8888888888888888,4,0,6,32,2,2,2,0,0,0.006458960552920834,0.10239108821189603,0.25716299209960947,1.9937023433803427,181.4269132476112,False,True,gate_flip_or_became_invalid;closed_contour_change;crossing_group_change;area_p95_ge_10pct;source_baseline_invalid
case_category,AG/fast/LIU_JUN_FENG,shift_pm1mm,,,18,72,56,0.7777777777777778,16,12,6,54,14,3,3,0,0,0.01705844994991612,0.06786146365223396,0.10582346909696283,1.9937023433803427,181.4269132476112,False,True,gate_flip_or_became_invalid;closed_contour_change;crossing_group_change;source_baseline_invalid
case_category,AG/fast/LIU_JUN_FENG,tilt_pm5deg,,,18,72,65,0.9027777777777778,7,1,6,65,1,1,1,0,0,0.005316718369214657,0.017602544762168486,0.026978729609134167,1.9937023433803427,181.4269132476112,False,True,gate_flip_or_became_invalid;closed_contour_change;crossing_group_change;source_baseline_invalid
case_category,AG/fast/LIU_LI_QUN,pointcloud_full_half,,,21,42,42,1.0,0,0,0,42,0,0,0,0,0,0.005835284313563838,0.03930184321347183,0.04712343692878407,1.9703725164045125,104.42974336943917,True,False,
case_category,AG/fast/LIU_LI_QUN,shift_pm1mm,,,21,84,71,0.8452380952380952,13,13,0,71,13,2,2,0,0,0.014105336573678073,0.08298672495433213,0.17085319977623126,1.9703725164045125,104.42974336943917,False,True,gate_flip_or_became_invalid;closed_contour_change;crossing_group_change
case_category,AG/fast/LIU_LI_QUN,tilt_pm5deg,,,21,84,84,1.0,0,0,0,84,0,0,0,0,0,0.005019041676479263,0.024132714881401857,0.05174783120551041,1.9703725164045125,104.42974336943917,True,False,
case_category,AG/fast/LIU_YI_BING,pointcloud_full_half,,,21,42,40,0.9523809523809523,2,2,0,40,2,2,2,0,0,0.010083372270387359,0.06053897232219661,0.10624100557049654,1.9960106791244778,177.64495044207854,False,True,gate_flip_or_became_invalid;closed_contour_change;crossing_group_change
case_category,AG/fast/LIU_YI_BING,shift_pm1mm,,,21,84,69,0.8214285714285714,15,15,0,69,15,1,1,0,0,0.013502642252789077,0.13218306464466997,0.17389507451319286,1.9960106791244778,177.64495044207854,False,True,gate_flip_or_became_invalid;closed_contour_change;crossing_group_change;area_p95_ge_10pct
case_category,AG/fast/LIU_YI_BING,tilt_pm5deg,,,21,84,80,0.9523809523809523,4,4,0,80,4,1,1,0,0,0.004424437225703737,0.015386805622016546,0.033202893125327315,1.9960106791244778,177.64495044207854,False,True,gate_flip_or_became_invalid;closed_contour_change;crossing_group_change
case_category,AG/fast/LI_SHI_QIANG,pointcloud_full_half,,,18,36,32,0.8888888888888888,4,0,4,32,0,0,0,0,0,0.005998449649576076,0.0518081857062774,0.05872557349911678,1.9915648964383084,175.25771088657115,False,True,source_baseline_invalid
case_category,AG/fast/LI_SHI_QIANG,shift_pm1mm,,,18,72,55,0.7638888888888888,17,15,4,53,17,4,4,0,0,0.009681871555198285,0.12437995141073441,0.1775770946319719,1.9915648964383084,175.25771088657115,False,True,gate_flip_or_became_invalid;closed_contour_change;crossing_group_change;area_p95_ge_10pct;source_baseline_invalid
case_category,AG/fast/LI_SHI_QIANG,tilt_pm5deg,,,18,72,66,0.9166666666666666,6,2,4,66,2,0,0,0,0,0.004924621996572509,0.015210172488443696,0.030532761603463854,1.9915648964383084,175.25771088657115,False,True,gate_flip_or_became_invalid;source_baseline_invalid
case_category,AG/fast/LI_SHU_KUN,pointcloud_full_half,,,21,42,42,1.0,0,0,0,42,0,0,0,0,0,0.009234904118051224,0.053906881159647924,0.08960955571258289,1.994924720801583,167.57367654733298,True,False,
case_category,AG/fast/LI_SHU_KUN,shift_pm1mm,,,21,84,72,0.8571428571428571,12,12,0,72,12,0,0,0,0,0.016125032209654444,0.1081433711803528,0.15431883225550624,1.994924720801583,167.57367654733298,False,True,gate_flip_or_became_invalid;area_p95_ge_10pct
case_category,AG/fast/LI_SHU_KUN,tilt_pm5deg,,,21,84,84,1.0,0,0,0,84,0,0,0,0,0,0.005049646404468644,0.016039038071423675,0.03777182328028994,1.994924720801583,167.57367654733298,True,False,
case_category,AG/fast/LI_ZHEN_SHAN,pointcloud_full_half,,,21,42,38,0.9047619047619048,4,2,2,38,2,2,2,0,0,0.007428154991156233,0.03610703366517176,0.046881022184253274,1.996435168411879,107.4423595275886,False,True,gate_flip_or_became_invalid;closed_contour_change;crossing_group_change;source_baseline_invalid
case_category,AG/fast/LI_ZHEN_SHAN,shift_pm1mm,,,21,84,68,0.8095238095238095,16,14,2,68,14,0,0,0,0,0.019373662555534632,0.12111952104346775,0.19894497060255256,1.996435168411879,107.4423595275886,False,True,gate_flip_or_became_invalid;area_p95_ge_10pct;source_baseline_invalid
case_category,AG/fast/LI_ZHEN_SHAN,tilt_pm5deg,,,21,84,81,0.9642857142857143,3,2,2,80,3,1,1,0,0,0.004849285274036719,0.0211111101728935,0.039388078177289065,1.996435168411879,107.4423595275886,False,True,gate_flip_or_became_invalid;closed_contour_change;crossing_group_change;source_baseline_invalid
case_category,AG/fast/LI_ZHI_LIN,pointcloud_full_half,,,21,42,38,0.9047619047619048,4,1,4,38,2,2,2,0,0,0.0053505949382152695,0.1007831033050009,0.352534852757034,1.991290351042614,250.9025842313694,False,True,gate_flip_or_became_invalid;closed_contour_change;crossing_group_change;area_p95_ge_10pct;source_baseline_invalid
case_category,AG/fast/LI_ZHI_LIN,shift_pm1mm,,,21,84,64,0.7619047619047619,20,16,4,64,16,2,2,0,0,0.020087595523304136,0.09518310514954643,0.1101214195459117,1.991290351042614,250.9025842313694,False,True,gate_flip_or_became_invalid;closed_contour_change;crossing_group_change;source_baseline_invalid
case_category,AG/fast/LI_ZHI_LIN,tilt_pm5deg,,,21,84,78,0.9285714285714286,6,2,4,78,2,1,1,0,0,0.004516524207799855,0.019565921194616254,0.05923095913842391,1.991290351042614,250.9025842313694,False,True,gate_flip_or_became_invalid;closed_contour_change;crossing_group_change;source_baseline_invalid
case_category,AG/fast/LOU_YANG,pointcloud_full_half,,,21,42,37,0.8809523809523809,5,4,2,37,5,5,5,0,0,0.006124289209322287,0.043982153828758704,0.2148673150848588,1.9722484264946811,132.14064457514363,False,True,gate_flip_or_became_invalid;closed_contour_change;crossing_group_change;source_baseline_invalid
case_category,AG/fast/LOU_YANG,shift_pm1mm,,,21,84,69,0.8214285714285714,15,15,2,67,17,3,3,0,0,0.019766259670653707,0.1601469240651161,0.23758270074858545,1.9722484264946811,132.14064457514363,False,True,gate_flip_or_became_invalid;closed_contour_change;crossing_group_change;area_p95_ge_10pct;source_baseline_invalid
case_category,AG/fast/LOU_YANG,tilt_pm5deg,,,21,84,82,0.9761904761904762,2,2,2,80,4,3,3,0,0,0.0050302518384574,0.03083112234979125,0.04537188966104,1.9722484264946811,132.14064457514363,False,True,gate_flip_or_became_invalid;closed_contour_change;crossing_group_change;source_baseline_invalid
case_category,AG/fast/RAN_QING_BO,pointcloud_full_half,,,21,42,34,0.8095238095238095,8,2,8,34,4,4,4,0,0,0.006793405858888879,0.11284412897513824,0.3311743192585146,1.982122737407846,170.46255541707475,False,True,gate_flip_or_became_invalid;closed_contour_change;crossing_group_change;area_p95_ge_10pct;source_baseline_invalid
case_category,AG/fast/RAN_QING_BO,shift_pm1mm,,,21,84,68,0.8095238095238095,16,12,8,64,16,4,4,0,0,0.02036551585143681,0.1289790073198422,0.16500829050442012,1.982122737407846,170.46255541707475,False,True,gate_flip_or_became_invalid;closed_contour_change;crossing_group_change;area_p95_ge_10pct;source_baseline_invalid
case_category,AG/fast/RAN_QING_BO,tilt_pm5deg,,,21,84,76,0.9047619047619048,8,1,8,75,2,1,1,0,0,0.007502888493240212,0.037449549293292604,0.06209026612745405,1.982122737407846,170.46255541707475,False,True,gate_flip_or_became_invalid;closed_contour_change;crossing_group_change;source_baseline_invalid
case_category,AG/fast/SUN_ZHI_YU,pointcloud_full_half,,,21,42,41,0.9761904761904762,1,1,0,41,1,1,1,0,0,0.007461785214395111,0.03682087109734444,0.0762209313271418,3.964886504281259,130.84125464128155,False,True,gate_flip_or_became_invalid;closed_contour_change;crossing_group_change
case_category,AG/fast/SUN_ZHI_YU,shift_pm1mm,,,21,84,71,0.8452380952380952,13,13,0,71,13,3,3,0,0,0.030571955767021652,0.09131408726380041,0.1336480533510347,3.964886504281259,130.84125464128155,False,True,gate_flip_or_became_invalid;closed_contour_change;crossing_group_change
case_category,AG/fast/SUN_ZHI_YU,tilt_pm5deg,,,21,84,79,0.9404761904761905,5,5,0,79,5,2,2,0,0,0.005428746496051184,0.030573081892450494,0.05095377429554904,3.964886504281259,130.84125464128155,False,True,gate_flip_or_became_invalid;closed_contour_change;crossing_group_change
case_category,AG/fast/WANG_CHUN_MING,pointcloud_full_half,,,21,42,41,0.9761904761904762,1,1,0,41,1,1,1,0,0,0.014013844423826916,0.09509155550742387,0.22009820553765636,1.975789395220564,128.42631068933667,False,True,gate_flip_or_became_invalid;closed_contour_change;crossing_group_change
case_category,AG/fast/WANG_CHUN_MING,shift_pm1mm,,,21,84,69,0.8214285714285714,15,15,0,69,15,1,1,0,0,0.03352722523334384,0.13978440397347036,0.19745230550509163,1.975789395220564,128.42631068933667,False,True,gate_flip_or_became_invalid;closed_contour_change;crossing_group_change;area_p95_ge_10pct
case_category,AG/fast/WANG_CHUN_MING,tilt_pm5deg,,,21,84,82,0.9761904761904762,2,2,0,82,2,1,1,0,0,0.007190805526049393,0.021945097713180605,0.047690989888463986,1.975789395220564,128.42631068933667,False,True,gate_flip_or_became_invalid;closed_contour_change;crossing_group_change
case_category,AG/fast/WANG_DAO_CHUN,pointcloud_full_half,,,21,42,38,0.9047619047619048,4,1,4,38,2,2,2,0,0,0.014136074813582311,0.2951119557184095,0.3724492319621613,1.99322241805119,153.47812618994163,False,True,gate_flip_or_became_invalid;closed_contour_change;crossing_group_change;area_p95_ge_20pct;source_baseline_invalid
case_category,AG/fast/WANG_DAO_CHUN,shift_pm1mm,,,21,84,64,0.7619047619047619,20,16,4,64,16,2,2,0,0,0.018745907097884873,0.14844783270829262,0.2716945378858804,1.99322241805119,153.47812618994163,False,True,gate_flip_or_became_invalid;closed_contour_change;crossing_group_change;area_p95_ge_10pct;source_baseline_invalid
case_category,AG/fast/WANG_DAO_CHUN,tilt_pm5deg,,,21,84,76,0.9047619047619048,8,4,4,76,4,2,2,0,0,0.005606398847998406,0.024086745752298577,0.035225469530468345,1.99322241805119,153.47812618994163,False,True,gate_flip_or_became_invalid;closed_contour_change;crossing_group_change;source_baseline_invalid
case_category,AG/fast/WANG_YONG_FAN,pointcloud_full_half,,,21,42,38,0.9047619047619048,4,1,4,38,2,2,2,0,0,0.009225114488775055,0.11831844822481906,0.14717450108659635,3.970368918425369,200.50363038048116,False,True,gate_flip_or_became_invalid;closed_contour_change;crossing_group_change;area_p95_ge_10pct;source_baseline_invalid
case_category,AG/fast/WANG_YONG_FAN,shift_pm1mm,,,21,84,68,0.8095238095238095,16,14,4,66,16,5,5,0,0,0.032886732349456715,0.11699207937290051,0.1818075974277812,3.970368918425369,200.50363038048116,False,True,gate_flip_or_became_invalid;closed_contour_change;crossing_group_change;area_p95_ge_10pct;source_baseline_invalid
case_category,AG/fast/WANG_YONG_FAN,tilt_pm5deg,,,21,84,77,0.9166666666666666,7,4,4,76,5,3,3,0,0,0.007190301634693863,0.03521700301908762,0.07095399745053976,3.970368918425369,200.50363038048116,False,True,gate_flip_or_became_invalid;closed_contour_change;crossing_group_change;source_baseline_invalid
case_category,AG/fast/YAO_CUN_HONG,pointcloud_full_half,,,21,42,33,0.7857142857142857,9,9,0,33,9,9,9,0,0,0.00830419621443923,0.03747147652637336,0.15275346567443204,1.985510756306169,172.7394357986367,False,True,gate_flip_or_became_invalid;closed_contour_change;crossing_group_change
case_category,AG/fast/YAO_CUN_HONG,shift_pm1mm,,,21,84,69,0.8214285714285714,15,15,0,69,15,0,0,0,0,0.0285730179943825,0.15509122309249648,0.21032960027706105,1.985510756306169,172.7394357986367,False,True,gate_flip_or_became_invalid;area_p95_ge_10pct
case_category,AG/fast/YAO_CUN_HONG,tilt_pm5deg,,,21,84,82,0.9761904761904762,2,2,0,82,2,1,1,0,0,0.006030383328757272,0.025240367276086185,0.05569070073413851,1.985510756306169,172.7394357986367,False,True,gate_flip_or_became_invalid;closed_contour_change;crossing_group_change
case_category,AG/fast/ZHANG_CHUN,pointcloud_full_half,,,21,42,38,0.9047619047619048,4,4,0,38,4,4,4,0,0,0.014283382530431377,0.08715037315670457,0.09824385868618801,1.997908888463019,245.74279328095133,False,True,gate_flip_or_became_invalid;closed_contour_change;crossing_group_change
case_category,AG/fast/ZHANG_CHUN,shift_pm1mm,,,21,84,68,0.8095238095238095,16,16,0,68,16,2,2,0,0,0.02533169786621403,0.13984336403155057,0.16768519685454608,1.997908888463019,245.74279328095133,False,True,gate_flip_or_became_invalid;closed_contour_change;crossing_group_change;area_p95_ge_10pct
case_category,AG/fast/ZHANG_CHUN,tilt_pm5deg,,,21,84,82,0.9761904761904762,2,2,0,82,2,1,1,0,0,0.006446632111167805,0.024668352013892014,0.0475473341322854,1.997908888463019,245.74279328095133,False,True,gate_flip_or_became_invalid;closed_contour_change;crossing_group_change
case_category,AG/fast/ZHANG_HAO,pointcloud_full_half,,,21,42,38,0.9047619047619048,4,1,4,38,2,2,2,0,0,0.0158034040816864,0.05678915491686804,0.18802629761725775,3.9824886614279165,133.4133701578352,False,True,gate_flip_or_became_invalid;closed_contour_change;crossing_group_change;source_baseline_invalid
case_category,AG/fast/ZHANG_HAO,shift_pm1mm,,,21,84,71,0.8452380952380952,13,10,4,70,11,2,2,0,0,0.03158756950582936,0.11702260992366137,0.21963450247853755,3.9824886614279165,133.4133701578352,False,True,gate_flip_or_became_invalid;closed_contour_change;crossing_group_change;area_p95_ge_10pct;source_baseline_invalid
case_category,AG/fast/ZHANG_HAO,tilt_pm5deg,,,21,84,79,0.9404761904761905,5,1,4,79,1,0,0,0,0,0.006559035560336657,0.028610371428120902,0.14070628465537516,3.9824886614279165,133.4133701578352,False,True,gate_flip_or_became_invalid;source_baseline_invalid
case_category,AG/fast/ZHANG_LIANG,pointcloud_full_half,,,21,42,40,0.9523809523809523,2,1,2,40,2,2,2,0,0,0.009186352503184447,0.10651437596425199,0.28220287552847667,1.9902909760150957,183.10676979338882,False,True,gate_flip_or_became_invalid;closed_contour_change;crossing_group_change;area_p95_ge_10pct;source_baseline_invalid
case_category,AG/fast/ZHANG_LIANG,shift_pm1mm,,,21,84,65,0.7738095238095238,19,18,2,64,19,4,4,0,0,0.014057751599021562,0.11552367737782226,0.1366809449292521,1.9902909760150957,183.10676979338882,False,True,gate_flip_or_became_invalid;closed_contour_change;crossing_group_change;area_p95_ge_10pct;source_baseline_invalid
case_category,AG/fast/ZHANG_LIANG,tilt_pm5deg,,,21,84,79,0.9404761904761905,5,3,2,79,3,1,1,0,0,0.0049689931717786795,0.02655162818522199,0.04651321756694804,1.9902909760150957,183.10676979338882,False,True,gate_flip_or_became_invalid;closed_contour_change;crossing_group_change;source_baseline_invalid
case_category,AG/fast/ZHANG_QING_WANG,pointcloud_full_half,,,21,42,39,0.9285714285714286,3,2,2,39,3,3,3,0,0,0.010204031775960853,0.07685730585701415,0.08243788285815934,1.9874831847973708,210.6732175885213,False,True,gate_flip_or_became_invalid;closed_contour_change;crossing_group_change;source_baseline_invalid
case_category,AG/fast/ZHANG_QING_WANG,shift_pm1mm,,,21,84,70,0.8333333333333334,14,13,2,69,14,1,1,0,0,0.018824788760440248,0.1613507674385756,0.23934332161243277,1.9874831847973708,210.6732175885213,False,True,gate_flip_or_became_invalid;closed_contour_change;crossing_group_change;area_p95_ge_10pct;source_baseline_invalid
case_category,AG/fast/ZHANG_QING_WANG,tilt_pm5deg,,,21,84,82,0.9761904761904762,2,1,2,81,2,1,1,0,0,0.006404149033008455,0.034608331461264186,0.053329994789231616,1.9874831847973708,210.6732175885213,False,True,gate_flip_or_became_invalid;closed_contour_change;crossing_group_change;source_baseline_invalid
case_category,AG/fast/ZHANG_XIU_WEN,pointcloud_full_half,,,21,42,40,0.9523809523809523,2,2,0,40,2,2,2,0,0,0.006289400408715784,0.0640906181593522,0.1478730420131329,1.9878011784004355,161.01189545043528,False,True,gate_flip_or_became_invalid;closed_contour_change;crossing_group_change
case_category,AG/fast/ZHANG_XIU_WEN,shift_pm1mm,,,21,84,68,0.8095238095238095,16,16,0,68,16,2,2,0,0,0.01583959105234073,0.0884896769645987,0.22302279977812456,1.9878011784004355,161.01189545043528,False,True,gate_flip_or_became_invalid;closed_contour_change;crossing_group_change
case_category,AG/fast/ZHANG_XIU_WEN,tilt_pm5deg,,,21,84,82,0.9761904761904762,2,2,0,82,2,1,1,0,0,0.00526096330127751,0.020033718452400803,0.022123951247870144,1.9878011784004355,161.01189545043528,False,True,gate_flip_or_became_invalid;closed_contour_change;crossing_group_change
case_category,AG/fast/ZHANG_XIU_ZHEN,pointcloud_full_half,,,21,42,36,0.8571428571428571,6,2,4,36,2,2,2,0,0,0.009075565397634766,0.056978905417534004,0.15339578380909202,1.9823702422216027,182.37806228438745,False,True,gate_flip_or_became_invalid;closed_contour_change;crossing_group_change;source_baseline_invalid
case_category,AG/fast/ZHANG_XIU_ZHEN,shift_pm1mm,,,21,84,64,0.7619047619047619,20,17,4,63,18,2,3,1,1,0.008580717134823779,0.09937359276039329,0.1836340382902114,1.9823702422216027,182.37806228438745,False,True,gate_flip_or_became_invalid;closed_contour_change;crossing_group_change;nonlocal_crossing;source_baseline_invalid
case_category,AG/fast/ZHANG_XIU_ZHEN,tilt_pm5deg,,,21,84,77,0.9166666666666666,7,3,4,77,3,0,0,0,0,0.005687377947868777,0.0327343574018471,0.05058323684239863,1.9823702422216027,182.37806228438745,False,True,gate_flip_or_became_invalid;source_baseline_invalid
case_category,AG/slow/A_MIN_SE_HA_CHI,pointcloud_full_half,,,21,42,37,0.8809523809523809,5,3,2,37,3,3,3,0,0,0.007337099766227428,0.04649487048356359,0.059414940212987766,1.999235578650432,197.92432228639277,False,True,gate_flip_or_became_invalid;closed_contour_change;crossing_group_change;source_baseline_invalid
case_category,AG/slow/A_MIN_SE_HA_CHI,shift_pm1mm,,,21,84,70,0.8333333333333334,14,14,2,68,16,2,2,0,0,0.025917896794347084,0.07289422433797944,0.18842014150442044,1.999235578650432,197.92432228639277,False,True,gate_flip_or_became_invalid;closed_contour_change;crossing_group_change;source_baseline_invalid
case_category,AG/slow/A_MIN_SE_HA_CHI,tilt_pm5deg,,,21,84,82,0.9761904761904762,2,1,2,81,2,2,2,0,0,0.0034833818332358213,0.014826009319771405,0.02438544982416313,1.999235578650432,197.92432228639277,False,True,gate_flip_or_became_invalid;closed_contour_change;crossing_group_change;source_baseline_invalid
case_category,AG/slow/BAI_WEN_JIE,pointcloud_full_half,,,21,42,35,0.8333333333333334,7,3,4,35,3,3,3,0,0,0.0052006417434047325,0.03612117391920125,0.06790991957791248,1.9908057442462146,131.39317912025015,False,True,gate_flip_or_became_invalid;closed_contour_change;crossing_group_change;source_baseline_invalid
case_category,AG/slow/BAI_WEN_JIE,shift_pm1mm,,,21,84,67,0.7976190476190477,17,14,4,66,15,1,1,0,0,0.014963930040703732,0.04508861227132205,0.06689277528231408,1.9908057442462146,131.39317912025015,False,True,gate_flip_or_became_invalid;closed_contour_change;crossing_group_change;source_baseline_invalid
case_category,AG/slow/BAI_WEN_JIE,tilt_pm5deg,,,21,84,80,0.9523809523809523,4,0,4,80,0,0,0,0,0,0.005651100591813063,0.01764533279026509,0.02832115811216629,1.9908057442462146,131.39317912025015,False,True,source_baseline_invalid
case_category,AG/slow/CAO_FENG_CHI,pointcloud_full_half,,,21,42,40,0.9523809523809523,2,0,2,40,0,0,0,0,0,0.006007347167345578,0.0583766094245015,0.07954503319016393,3.939162995210395,118.17488985631185,False,True,source_baseline_invalid
case_category,AG/slow/CAO_FENG_CHI,shift_pm1mm,,,21,84,68,0.8095238095238095,16,14,2,68,14,1,1,0,0,0.015252882465100703,0.1003331830287558,0.16182167317989138,3.939162995210395,118.17488985631185,False,True,gate_flip_or_became_invalid;closed_contour_change;crossing_group_change;area_p95_ge_10pct;source_baseline_invalid
case_category,AG/slow/CAO_FENG_CHI,tilt_pm5deg,,,21,84,80,0.9523809523809523,4,2,2,80,2,0,0,0,0,0.004699831046360126,0.015271545365076267,0.031062950656254418,3.939162995210395,118.17488985631185,False,True,gate_flip_or_became_invalid;source_baseline_invalid
case_category,AG/slow/CHENG_GUANG_SEN,pointcloud_full_half,,,21,42,41,0.9761904761904762,1,1,0,41,1,1,1,0,0,0.004864081188144187,0.06789168943006785,0.10789460055006228,3.982183085649478,169.24278114010284,False,True,gate_flip_or_became_invalid;closed_contour_change;crossing_group_change
case_category,AG/slow/CHENG_GUANG_SEN,shift_pm1mm,,,21,84,72,0.8571428571428571,12,12,0,72,12,0,0,0,0,0.013728260280555071,0.13406034980172155,0.19287764067167812,3.982183085649478,169.24278114010284,False,True,gate_flip_or_became_invalid;area_p95_ge_10pct
case_category,AG/slow/CHENG_GUANG_SEN,tilt_pm5deg,,,21,84,83,0.9880952380952381,1,1,0,83,1,0,0,0,0,0.005602833260478057,0.028558655860031965,0.05768642097919563,3.982183085649478,169.24278114010284,False,True,gate_flip_or_became_invalid
case_category,AG/slow/CHENG_LU_LI,pointcloud_full_half,,,21,42,41,0.9761904761904762,1,1,0,41,1,1,1,0,0,0.004560217567889602,0.03330773953720256,0.17524194063117582,3.998893708919566,179.95021690138046,False,True,gate_flip_or_became_invalid;closed_contour_change;crossing_group_change
case_category,AG/slow/CHENG_LU_LI,shift_pm1mm,,,21,84,70,0.8333333333333334,14,14,0,70,14,4,4,0,0,0.010985045081277012,0.11512325434586217,0.17523842786982358,3.998893708919566,179.95021690138046,False,True,gate_flip_or_became_invalid;closed_contour_change;crossing_group_change;area_p95_ge_10pct
case_category,AG/slow/CHENG_LU_LI,tilt_pm5deg,,,21,84,82,0.9761904761904762,2,2,0,82,2,1,1,0,0,0.005072575714967997,0.01750649630488567,0.03936044044385012,3.998893708919566,179.95021690138046,False,True,gate_flip_or_became_invalid;closed_contour_change;crossing_group_change
case_category,AG/slow/CHEN_JING_RU,pointcloud_full_half,,,21,42,38,0.9047619047619048,4,3,2,38,4,4,4,0,0,0.007184209753078374,0.13259582762455235,0.3191678276472132,1.9812342511742647,154.53627159159265,False,True,gate_flip_or_became_invalid;closed_contour_change;crossing_group_change;area_p95_ge_10pct;source_baseline_invalid
case_category,AG/slow/CHEN_JING_RU,shift_pm1mm,,,21,84,67,0.7976190476190477,17,16,2,66,17,7,7,0,0,0.018029188279858332,0.06559137058923237,0.11524350186048293,1.9812342511742647,154.53627159159265,False,True,gate_flip_or_became_invalid;closed_contour_change;crossing_group_change;source_baseline_invalid
case_category,AG/slow/CHEN_JING_RU,tilt_pm5deg,,,21,84,78,0.9285714285714286,6,4,2,78,4,3,3,0,0,0.005651363863478975,0.016640122154678687,0.031124197890698868,1.9812342511742647,154.53627159159265,False,True,gate_flip_or_became_invalid;closed_contour_change;crossing_group_change;source_baseline_invalid
case_category,AG/slow/DING_LIAN_ZHONG,pointcloud_full_half,,,21,42,39,0.9285714285714286,3,3,0,39,3,3,3,0,0,0.006115379849485514,0.17123926933206277,0.23737853763855532,1.9957342691610889,145.6886016487595,False,True,gate_flip_or_became_invalid;closed_contour_change;crossing_group_change;area_p95_ge_10pct
case_category,AG/slow/DING_LIAN_ZHONG,shift_pm1mm,,,21,84,68,0.8095238095238095,16,16,0,68,16,2,2,0,0,0.011719618711818036,0.1355584397919957,0.2017084257719698,1.9957342691610889,145.6886016487595,False,True,gate_flip_or_became_invalid;closed_contour_change;crossing_group_change;area_p95_ge_10pct
case_category,AG/slow/DING_LIAN_ZHONG,tilt_pm5deg,,,21,84,84,1.0,0,0,0,84,0,0,0,0,0,0.0052867231606030796,0.01729245446558547,0.0373553184354799,1.9957342691610889,145.6886016487595,True,False,
case_category,AG/slow/GONG_HUI_XIA,pointcloud_full_half,,,21,42,40,0.9523809523809523,2,0,2,40,0,0,0,0,0,0.00409946500844216,0.012281025049965753,0.01864154585100508,1.9913336967746325,147.3586935613228,False,True,source_baseline_invalid
case_category,AG/slow/GONG_HUI_XIA,shift_pm1mm,,,21,84,68,0.8095238095238095,16,14,2,68,14,1,1,0,0,0.011676962194450358,0.1130008992532747,0.16817816090490068,1.9913336967746325,147.3586935613228,False,True,gate_flip_or_became_invalid;closed_contour_change;crossing_group_change;area_p95_ge_10pct;source_baseline_invalid
case_category,AG/slow/GONG_HUI_XIA,tilt_pm5deg,,,21,84,79,0.9404761904761905,5,3,2,79,3,1,1,0,0,0.004449473683447724,0.015790857755366337,0.05374246172833619,1.9913336967746325,147.3586935613228,False,True,gate_flip_or_became_invalid;closed_contour_change;crossing_group_change;source_baseline_invalid
case_category,AG/slow/GUAN_TONG_XIANG,pointcloud_full_half,,,21,42,38,0.9047619047619048,4,2,2,38,2,2,2,0,0,0.005966243261266435,0.11058309757010373,0.177254005330024,1.9839607842615858,224.1875686215592,False,True,gate_flip_or_became_invalid;closed_contour_change;crossing_group_change;area_p95_ge_10pct;source_baseline_invalid
case_category,AG/slow/GUAN_TONG_XIANG,shift_pm1mm,,,21,84,67,0.7976190476190477,17,15,2,67,15,1,1,0,0,0.01600938267648,0.18200794560315628,0.24923263393184625,1.9839607842615858,224.1875686215592,False,True,gate_flip_or_became_invalid;closed_contour_change;crossing_group_change;area_p95_ge_10pct;source_baseline_invalid
case_category,AG/slow/GUAN_TONG_XIANG,tilt_pm5deg,,,21,84,80,0.9523809523809523,4,2,2,80,2,1,1,0,0,0.004574244650181858,0.02945674053192616,0.0693140607067495,1.9839607842615858,224.1875686215592,False,True,gate_flip_or_became_invalid;closed_contour_change;crossing_group_change;source_baseline_invalid
case_category,AG/slow/GUO_XI_JIANG,pointcloud_full_half,,,21,42,37,0.8809523809523809,5,5,0,37,5,5,5,0,0,0.010680711093519424,0.04033343187146511,0.09358588137551038,1.9932767012503447,169.4285196062793,False,True,gate_flip_or_became_invalid;closed_contour_change;crossing_group_change
case_category,AG/slow/GUO_XI_JIANG,shift_pm1mm,,,21,84,69,0.8214285714285714,15,15,0,69,15,1,1,0,0,0.021412020862061953,0.1292463841704095,0.19933132259479436,1.9932767012503447,169.4285196062793,False,True,gate_flip_or_became_invalid;closed_contour_change;crossing_group_change;area_p95_ge_10pct
case_category,AG/slow/GUO_XI_JIANG,tilt_pm5deg,,,21,84,82,0.9761904761904762,2,2,0,82,2,1,1,0,0,0.004090577623006464,0.01788349475789734,0.04106683162209146,1.9932767012503447,169.4285196062793,False,True,gate_flip_or_became_invalid;closed_contour_change;crossing_group_change
case_category,AG/slow/HE_SHU_ZHEN,pointcloud_full_half,,,21,42,40,0.9523809523809523,2,1,2,40,2,2,2,0,0,0.003558044021122808,0.03387554303865277,0.0988852285798767,3.9990244912602266,131.96780821158748,False,True,gate_flip_or_became_invalid;closed_contour_change;crossing_group_change;source_baseline_invalid
case_category,AG/slow/HE_SHU_ZHEN,shift_pm1mm,,,21,84,71,0.8452380952380952,13,12,2,70,13,2,2,0,0,0.008563731314776057,0.06401625886841764,0.08637809527257678,3.9990244912602266,131.96780821158748,False,True,gate_flip_or_became_invalid;closed_contour_change;crossing_group_change;source_baseline_invalid
case_category,AG/slow/HE_SHU_ZHEN,tilt_pm5deg,,,21,84,81,0.9642857142857143,3,2,2,80,3,1,1,0,0,0.003686063124060668,0.016858041723504007,0.021856031978971124,3.9990244912602266,131.96780821158748,False,True,gate_flip_or_became_invalid;closed_contour_change;crossing_group_change;source_baseline_invalid
case_category,AG/slow/KANG_XI_MING,pointcloud_full_half,,,21,42,39,0.9285714285714286,3,1,4,39,3,3,3,0,0,0.007981217543620467,0.04499011178995315,0.2736537785502533,1.9862135454677787,131.0900940008734,False,True,gate_flip_or_became_invalid;closed_contour_change;crossing_group_change;source_baseline_invalid
case_category,AG/slow/KANG_XI_MING,shift_pm1mm,,,21,84,67,0.7976190476190477,17,15,4,65,17,2,2,0,0,0.011961852889719626,0.16969755383669036,0.28871757949385113,1.9862135454677787,131.0900940008734,False,True,gate_flip_or_became_invalid;closed_contour_change;crossing_group_change;area_p95_ge_10pct;source_baseline_invalid
case_category,AG/slow/KANG_XI_MING,tilt_pm5deg,,,21,84,79,0.9404761904761905,5,3,4,77,5,3,3,0,0,0.005465789351900341,0.026641241937137884,0.030135750705071906,1.9862135454677787,131.0900940008734,False,True,gate_flip_or_became_invalid;closed_contour_change;crossing_group_change;source_baseline_invalid
case_category,AG/slow/LIU_FA_CHUN,pointcloud_full_half,,,21,42,38,0.9047619047619048,4,2,2,38,2,2,2,0,0,0.007515676977812302,0.0569280746730458,0.1204240548115294,1.9812707083108356,134.72640816513683,False,True,gate_flip_or_became_invalid;closed_contour_change;crossing_group_change;source_baseline_invalid
case_category,AG/slow/LIU_FA_CHUN,shift_pm1mm,,,21,84,67,0.7976190476190477,17,15,2,67,15,4,4,0,0,0.019608467011878905,0.13706175746640775,0.4042489254701609,1.9812707083108356,134.72640816513683,False,True,gate_flip_or_became_invalid;closed_contour_change;crossing_group_change;area_p95_ge_10pct;source_baseline_invalid
case_category,AG/slow/LIU_FA_CHUN,tilt_pm5deg,,,21,84,81,0.9642857142857143,3,1,2,81,1,1,1,0,0,0.005315346662686959,0.023905118280471704,0.04426140359966513,1.9812707083108356,134.72640816513683,False,True,gate_flip_or_became_invalid;closed_contour_change;crossing_group_change;source_baseline_invalid
case_category,AG/slow/LIU_FENG,pointcloud_full_half,,,21,42,39,0.9285714285714286,3,0,4,39,1,1,1,0,0,0.007353203674563602,0.07374192093326185,0.07698686887079043,1.980021753973794,166.3218273337987,False,True,gate_flip_or_became_invalid;closed_contour_change;crossing_group_change;source_baseline_invalid
case_category,AG/slow/LIU_FENG,shift_pm1mm,,,21,84,70,0.8333333333333334,14,11,4,69,12,4,4,0,0,0.024019013124805144,0.10080237927757264,0.21113932368978627,1.980021753973794,166.3218273337987,False,True,gate_flip_or_became_invalid;closed_contour_change;crossing_group_change;area_p95_ge_10pct;source_baseline_invalid
case_category,AG/slow/LIU_FENG,tilt_pm5deg,,,21,84,76,0.9047619047619048,8,4,4,76,4,2,2,0,0,0.0038487831896447666,0.011018664103606524,0.03646293858262317,1.980021753973794,166.3218273337987,False,True,gate_flip_or_became_invalid;closed_contour_change;crossing_group_change;source_baseline_invalid
case_category,AG/slow/LIU_JIN_LIANG,pointcloud_full_half,,,21,42,41,0.9761904761904762,1,0,2,41,1,1,1,0,0,0.009183154050533493,0.07765083769793124,0.08438277390794502,1.9897883088087607,163.16264132231836,False,True,gate_flip_or_became_invalid;closed_contour_change;crossing_group_change;source_baseline_invalid
case_category,AG/slow/LIU_JIN_LIANG,shift_pm1mm,,,21,84,69,0.8214285714285714,15,14,2,68,15,4,4,0,0,0.01473131129164329,0.10999835935665515,0.13317748969054755,1.9897883088087607,163.16264132231836,False,True,gate_flip_or_became_invalid;closed_contour_change;crossing_group_change;area_p95_ge_10pct;source_baseline_invalid
case_category,AG/slow/LIU_JIN_LIANG,tilt_pm5deg,,,21,84,80,0.9523809523809523,4,3,2,79,4,2,2,0,0,0.006803733425799319,0.03577243731650247,0.05626141802519369,1.9897883088087607,163.16264132231836,False,True,gate_flip_or_became_invalid;closed_contour_change;crossing_group_change;source_baseline_invalid
case_category,AG/slow/LIU_ZONG_YANG,pointcloud_full_half,,,21,42,40,0.9523809523809523,2,1,2,40,2,2,2,0,0,0.012258240199655823,0.07669939311024966,0.21051407902231256,1.9851587592106192,144.9165894223752,False,True,gate_flip_or_became_invalid;closed_contour_change;crossing_group_change;source_baseline_invalid
case_category,AG/slow/LIU_ZONG_YANG,shift_pm1mm,,,21,84,73,0.8690476190476191,11,11,2,71,13,3,3,0,0,0.03085585323435802,0.09717442477494309,0.17709076707542892,1.9851587592106192,144.9165894223752,False,True,gate_flip_or_became_invalid;closed_contour_change;crossing_group_change;source_baseline_invalid
case_category,AG/slow/LIU_ZONG_YANG,tilt_pm5deg,,,21,84,83,0.9880952380952381,1,1,2,81,3,2,2,0,0,0.006060937300416791,0.02275823393788623,0.03219393067233056,1.9851587592106192,144.9165894223752,False,True,gate_flip_or_became_invalid;closed_contour_change;crossing_group_change;source_baseline_invalid
case_category,AG/slow/LI_BING_YI,pointcloud_full_half,,,21,42,42,1.0,0,0,0,42,0,0,0,0,0,0.005732333232383369,0.045261666994327474,0.056023637342482724,1.9788643989257393,160.2880163129849,True,False,
case_category,AG/slow/LI_BING_YI,shift_pm1mm,,,21,84,70,0.8333333333333334,14,14,0,70,14,1,1,0,0,0.025703872496897873,0.11139529857640872,0.2036792356952818,1.9788643989257393,160.2880163129849,False,True,gate_flip_or_became_invalid;closed_contour_change;crossing_group_change;area_p95_ge_10pct
case_category,AG/slow/LI_BING_YI,tilt_pm5deg,,,21,84,80,0.9523809523809523,4,4,0,80,4,2,2,0,0,0.005211351749153936,0.023552604395724378,0.0400860101985423,1.9788643989257393,160.2880163129849,False,True,gate_flip_or_became_invalid;closed_contour_change;crossing_group_change
case_category,AG/slow/LI_CHONG_ZENG,pointcloud_full_half,,,21,42,42,1.0,0,0,0,42,0,0,0,0,0,0.004925372582749943,0.013373323297951533,0.030297069584473424,1.9738918782622383,144.0941071131434,True,False,
case_category,AG/slow/LI_CHONG_ZENG,shift_pm1mm,,,21,84,73,0.8690476190476191,11,11,0,73,11,0,0,0,0,0.02619533410630126,0.1559267323610806,0.18667437634382988,1.9738918782622383,144.0941071131434,False,True,gate_flip_or_became_invalid;area_p95_ge_10pct
case_category,AG/slow/LI_CHONG_ZENG,tilt_pm5deg,,,21,84,83,0.9880952380952381,1,1,0,83,1,0,0,0,0,0.0051662607280140715,0.018730965169074663,0.04682846283794295,1.9738918782622383,144.0941071131434,False,True,gate_flip_or_became_invalid
case_category,AG/slow/LI_GUI_YING,pointcloud_full_half,,,21,42,40,0.9523809523809523,2,0,4,40,2,2,2,0,0,0.006634359071729934,0.02752436504266234,0.2073463247776488,3.9740940115526953,137.10624339856798,False,True,gate_flip_or_became_invalid;closed_contour_change;crossing_group_change;source_baseline_invalid
case_category,AG/slow/LI_GUI_YING,shift_pm1mm,,,21,84,70,0.8333333333333334,14,11,4,69,12,1,1,0,0,0.02217789846525542,0.09463017630767101,0.2603565221389974,3.9740940115526953,137.10624339856798,False,True,gate_flip_or_became_invalid;closed_contour_change;crossing_group_change;source_baseline_invalid
case_category,AG/slow/LI_GUI_YING,tilt_pm5deg,,,21,84,80,0.9523809523809523,4,0,4,80,0,0,0,0,0,0.005772988504810395,0.019815047669796047,2.8831130168769263,3.9740940115526953,137.10624339856798,False,True,source_baseline_invalid
case_category,AG/slow/LI_HUAN_GE,pointcloud_full_half,,,21,42,42,1.0,0,0,0,42,0,0,0,0,0,0.004341569284975144,0.07106047463191997,0.1282391601283066,1.9925369204428343,141.47012135144124,True,False,
case_category,AG/slow/LI_HUAN_GE,shift_pm1mm,,,21,84,70,0.8333333333333334,14,14,0,70,14,1,1,0,0,0.032647408018454005,0.2084411535762081,0.2941671951573801,1.9925369204428343,141.47012135144124,False,True,gate_flip_or_became_invalid;closed_contour_change;crossing_group_change;area_p95_ge_20pct
case_category,AG/slow/LI_HUAN_GE,tilt_pm5deg,,,21,84,80,0.9523809523809523,4,4,0,80,4,2,2,0,0,0.005152233442206056,0.032002132470035416,0.05716521316520584,1.9925369204428343,141.47012135144124,False,True,gate_flip_or_became_invalid;closed_contour_change;crossing_group_change
case_category,AG/slow/LU_ZHEN_QING,pointcloud_full_half,,,21,42,39,0.9285714285714286,3,1,2,39,1,1,1,0,0,0.012827811570930825,0.10715383441568307,0.12884201862174594,1.9811995531006668,168.40196201355667,False,True,gate_flip_or_became_invalid;closed_contour_change;crossing_group_change;area_p95_ge_10pct;source_baseline_invalid
case_category,AG/slow/LU_ZHEN_QING,shift_pm1mm,,,21,84,65,0.7738095238095238,19,18,2,64,19,6,6,0,0,0.04713199867853979,0.1726464060205736,0.21924740915420915,1.9811995531006668,168.40196201355667,False,True,gate_flip_or_became_invalid;closed_contour_change;crossing_group_change;area_p95_ge_10pct;source_baseline_invalid
case_category,AG/slow/LU_ZHEN_QING,tilt_pm5deg,,,21,84,79,0.9404761904761905,5,3,2,79,3,1,1,0,0,0.008115294216621605,0.03345699585054891,0.16869386837115408,1.9811995531006668,168.40196201355667,False,True,gate_flip_or_became_invalid;closed_contour_change;crossing_group_change;source_baseline_invalid
case_category,AG/slow/LV_FU_LONG,pointcloud_full_half,,,21,42,38,0.9047619047619048,4,2,4,38,4,4,4,0,0,0.009222659483431428,0.06195793862478063,0.3122986077534118,1.9820547977424379,176.40287699907697,False,True,gate_flip_or_became_invalid;closed_contour_change;crossing_group_change;source_baseline_invalid
case_category,AG/slow/LV_FU_LONG,shift_pm1mm,,,21,84,68,0.8095238095238095,16,14,4,66,16,2,2,0,0,0.03219945891221043,0.13873439720932443,0.4446452375234984,1.9820547977424379,176.40287699907697,False,True,gate_flip_or_became_invalid;closed_contour_change;crossing_group_change;area_p95_ge_10pct;source_baseline_invalid
case_category,AG/slow/LV_FU_LONG,tilt_pm5deg,,,21,84,78,0.9285714285714286,6,3,4,77,4,1,1,0,0,0.006528157632234022,0.031080261566534786,0.06543314282311918,1.9820547977424379,176.40287699907697,False,True,gate_flip_or_became_invalid;closed_contour_change;crossing_group_change;source_baseline_invalid
case_category,AG/slow/MA_TIAN_YI,pointcloud_full_half,,,21,42,42,1.0,0,0,0,42,0,0,0,0,0,0.012016207511355126,0.04916665582227688,0.07677221839451209,1.9956093258738572,143.68387146291772,True,False,
case_category,AG/slow/MA_TIAN_YI,shift_pm1mm,,,21,84,67,0.7976190476190477,17,17,0,67,17,1,1,0,0,0.024457609983014827,0.13609527671438124,0.22337654517693206,1.9956093258738572,143.68387146291772,False,True,gate_flip_or_became_invalid;closed_contour_change;crossing_group_change;area_p95_ge_10pct
case_category,AG/slow/MA_TIAN_YI,tilt_pm5deg,,,21,84,84,1.0,0,0,0,84,0,0,0,0,0,0.0070116948938336865,0.028486288257132182,0.03944051027747386,1.9956093258738572,143.68387146291772,True,False,
case_category,AG/slow/MA_YU,pointcloud_full_half,,,21,42,39,0.9285714285714286,3,3,0,39,3,3,3,0,0,0.00904897554786932,0.05773222650434943,0.10290914623406344,1.9758339102314968,148.18754326736226,False,True,gate_flip_or_became_invalid;closed_contour_change;crossing_group_change
case_category,AG/slow/MA_YU,shift_pm1mm,,,21,84,72,0.8571428571428571,12,12,0,72,12,1,1,0,0,0.0277550520212676,0.11027582164093168,0.24647031193658164,1.9758339102314968,148.18754326736226,False,True,gate_flip_or_became_invalid;closed_contour_change;crossing_group_change;area_p95_ge_10pct
case_category,AG/slow/MA_YU,tilt_pm5deg,,,21,84,81,0.9642857142857143,3,3,0,81,3,1,1,0,0,0.004724430051514794,0.023187039793417075,0.028838933049666338,1.9758339102314968,148.18754326736226,False,True,gate_flip_or_became_invalid;closed_contour_change;crossing_group_change
case_category,AG/slow/MI_DE_XI,pointcloud_full_half,,,21,42,38,0.9047619047619048,4,0,6,38,2,2,2,0,0,0.009267540088803705,0.22240554691225134,0.6272383885563577,3.970148961599094,134.9850646943692,False,True,gate_flip_or_became_invalid;closed_contour_change;crossing_group_change;area_p95_ge_20pct;source_baseline_invalid
case_category,AG/slow/MI_DE_XI,shift_pm1mm,,,21,84,67,0.7976190476190477,17,13,6,65,15,6,6,0,0,0.03964579029649795,0.1716381104884139,0.22963165590068513,3.970148961599094,134.9850646943692,False,True,gate_flip_or_became_invalid;closed_contour_change;crossing_group_change;area_p95_ge_10pct;source_baseline_invalid
case_category,AG/slow/MI_DE_XI,tilt_pm5deg,,,21,84,77,0.9166666666666666,7,3,6,75,5,4,4,0,0,0.0072067058047562416,0.034335680581380645,0.07509793425209155,3.970148961599094,134.9850646943692,False,True,gate_flip_or_became_invalid;closed_contour_change;crossing_group_change;source_baseline_invalid
case_category,AG/slow/NI_YAN_BIN,pointcloud_full_half,,,21,42,41,0.9761904761904762,1,0,2,41,1,1,1,0,0,0.00722442612698071,0.06382710807391168,0.09662148030414541,1.999707688218254,175.97427656320636,False,True,gate_flip_or_became_invalid;closed_contour_change;crossing_group_change;source_baseline_invalid
case_category,AG/slow/NI_YAN_BIN,shift_pm1mm,,,21,84,68,0.8095238095238095,16,15,2,67,16,1,1,0,0,0.020860053892875596,0.15903853152151967,0.2089145280816962,1.999707688218254,175.97427656320636,False,True,gate_flip_or_became_invalid;closed_contour_change;crossing_group_change;area_p95_ge_10pct;source_baseline_invalid
case_category,AG/slow/NI_YAN_BIN,tilt_pm5deg,,,21,84,82,0.9761904761904762,2,2,2,80,4,2,2,0,0,0.006214556024327633,0.02330051956012301,0.043400725872227985,1.999707688218254,175.97427656320636,False,True,gate_flip_or_became_invalid;closed_contour_change;crossing_group_change;source_baseline_invalid
case_category,AG/slow/QIN_SI_FU,pointcloud_full_half,,,21,42,39,0.9285714285714286,3,0,4,39,1,1,1,0,0,0.00544659545027959,0.0799896909927679,0.25453662065385885,1.979713833703764,160.35682053000488,False,True,gate_flip_or_became_invalid;closed_contour_change;crossing_group_change;source_baseline_invalid
case_category,AG/slow/QIN_SI_FU,shift_pm1mm,,,21,84,65,0.7738095238095238,19,16,4,64,17,2,2,0,0,0.02925688617787159,0.15530859603357042,0.257325773618278,1.979713833703764,160.35682053000488,False,True,gate_flip_or_became_invalid;closed_contour_change;crossing_group_change;area_p95_ge_10pct;source_baseline_invalid
case_category,AG/slow/QIN_SI_FU,tilt_pm5deg,,,21,84,79,0.9404761904761905,5,3,4,77,5,4,4,0,0,0.005957419354681637,0.026020029502197905,0.08705197912091123,1.979713833703764,160.35682053000488,False,True,gate_flip_or_became_invalid;closed_contour_change;crossing_group_change;source_baseline_invalid
case_category,AG/slow/QU_HE_PING,pointcloud_full_half,,,21,42,41,0.9761904761904762,1,0,2,41,1,1,1,0,0,0.006580784676554319,0.040833137713744305,0.11849673870172128,1.997245745912357,171.76313414846268,False,True,gate_flip_or_became_invalid;closed_contour_change;crossing_group_change;source_baseline_invalid
case_category,AG/slow/QU_HE_PING,shift_pm1mm,,,21,84,67,0.7976190476190477,17,15,2,67,15,0,0,0,0,0.015567812519412971,0.05045213120648459,0.1652632172828563,1.997245745912357,171.76313414846268,False,True,gate_flip_or_became_invalid;source_baseline_invalid
case_category,AG/slow/QU_HE_PING,tilt_pm5deg,,,21,84,81,0.9642857142857143,3,1,2,81,1,0,0,0,0,0.0057497485440237694,0.018603241628409206,0.03124940436700885,1.997245745912357,171.76313414846268,False,True,gate_flip_or_became_invalid;source_baseline_invalid
case_category,AG/slow/SHEN_ZHI_GANG,pointcloud_full_half,,,21,42,38,0.9047619047619048,4,1,4,38,2,2,2,0,0,0.010313843204873552,0.08168587150263239,0.1194799229105159,1.9986590192570128,179.87931173313115,False,True,gate_flip_or_became_invalid;closed_contour_change;crossing_group_change;source_baseline_invalid
case_category,AG/slow/SHEN_ZHI_GANG,shift_pm1mm,,,21,84,70,0.8333333333333334,14,11,4,69,12,3,3,0,0,0.02118250386354459,0.15637245979140912,0.19372188530725598,1.9986590192570128,179.87931173313115,False,True,gate_flip_or_became_invalid;closed_contour_change;crossing_group_change;area_p95_ge_10pct;source_baseline_invalid
case_category,AG/slow/SHEN_ZHI_GANG,tilt_pm5deg,,,21,84,77,0.9166666666666666,7,4,4,76,5,4,4,0,0,0.005631455722818535,0.023906033909211477,0.04007952393664738,1.9986590192570128,179.87931173313115,False,True,gate_flip_or_became_invalid;closed_contour_change;crossing_group_change;source_baseline_invalid
case_category,AG/slow/SUN_ZONG_GE,pointcloud_full_half,,,21,42,39,0.9285714285714286,3,3,0,39,3,3,3,0,0,0.008290262708414486,0.08319125620460815,0.13331676401819914,3.960069263238885,164.34287442441374,False,True,gate_flip_or_became_invalid;closed_contour_change;crossing_group_change
case_category,AG/slow/SUN_ZONG_GE,shift_pm1mm,,,21,84,69,0.8214285714285714,15,15,0,69,15,2,2,0,0,0.015883546871532594,0.15180307091837436,0.2571001901474792,3.960069263238885,164.34287442441374,False,True,gate_flip_or_became_invalid;closed_contour_change;crossing_group_change;area_p95_ge_10pct
case_category,AG/slow/SUN_ZONG_GE,tilt_pm5deg,,,21,84,81,0.9642857142857143,3,3,0,81,3,1,1,0,0,0.005387662691582307,0.033912531485773,0.04689927390630144,3.960069263238885,164.34287442441374,False,True,gate_flip_or_became_invalid;closed_contour_change;crossing_group_change
case_category,AG/slow/WANG_GUANG_CHAO,pointcloud_full_half,,,21,42,37,0.8809523809523809,5,3,2,37,3,3,3,0,0,0.006384148267080558,0.15681697104329828,0.17397491982232482,1.987597578267565,129.1938425873917,False,True,gate_flip_or_became_invalid;closed_contour_change;crossing_group_change;area_p95_ge_10pct;source_baseline_invalid
case_category,AG/slow/WANG_GUANG_CHAO,shift_pm1mm,,,21,84,67,0.7976190476190477,17,15,2,67,15,3,3,0,0,0.027554210757183673,0.0739471766149944,0.1494743554485618,1.987597578267565,129.1938425873917,False,True,gate_flip_or_became_invalid;closed_contour_change;crossing_group_change;source_baseline_invalid
case_category,AG/slow/WANG_GUANG_CHAO,tilt_pm5deg,,,21,84,79,0.9404761904761905,5,3,2,79,3,3,3,0,0,0.0070474554893289465,0.019210803604239098,0.030843025558412007,1.987597578267565,129.1938425873917,False,True,gate_flip_or_became_invalid;closed_contour_change;crossing_group_change;source_baseline_invalid
case_category,AG/slow/WANG_GUI,pointcloud_full_half,,,21,42,35,0.8333333333333334,7,5,2,35,5,5,5,0,0,0.008677908797542377,0.029522401405144158,0.11410800571143431,1.9922326317027448,121.52619053386744,False,True,gate_flip_or_became_invalid;closed_contour_change;crossing_group_change;source_baseline_invalid
case_category,AG/slow/WANG_GUI,shift_pm1mm,,,21,84,68,0.8095238095238095,16,15,2,67,16,2,2,0,0,0.013978196449464741,0.21661989576033142,0.6915523310756051,1.9922326317027448,121.52619053386744,False,True,gate_flip_or_became_invalid;closed_contour_change;crossing_group_change;area_p95_ge_20pct;source_baseline_invalid
case_category,AG/slow/WANG_GUI,tilt_pm5deg,,,21,84,79,0.9404761904761905,5,3,2,79,3,0,0,0,0,0.006173325334454027,0.030137433718402534,0.2171047806001728,1.9922326317027448,121.52619053386744,False,True,gate_flip_or_became_invalid;source_baseline_invalid
case_category,AG/slow/WANG_KE,pointcloud_full_half,,,21,42,40,0.9523809523809523,2,1,2,40,2,2,2,0,0,0.013631510746118125,0.050514148438120396,0.12448019077106243,1.9761604802520332,118.56962881512199,False,True,gate_flip_or_became_invalid;closed_contour_change;crossing_group_change;source_baseline_invalid
case_category,AG/slow/WANG_KE,shift_pm1mm,,,21,84,70,0.8333333333333334,14,13,2,69,14,3,3,0,0,0.033181002845446006,0.17052162781394203,0.2233878158724778,1.9761604802520332,118.56962881512199,False,True,gate_flip_or_became_invalid;closed_contour_change;crossing_group_change;area_p95_ge_10pct;source_baseline_invalid
case_category,AG/slow/WANG_KE,tilt_pm5deg,,,21,84,83,0.9880952380952381,1,1,2,81,3,3,3,0,0,0.006011115191093319,0.023810310742539142,0.033086572210378584,1.9761604802520332,118.56962881512199,False,True,gate_flip_or_became_invalid;closed_contour_change;crossing_group_change;source_baseline_invalid
case_category,AG/slow/WANG_YAN_LING,pointcloud_full_half,,,21,42,40,0.9523809523809523,2,0,2,40,0,0,0,0,0,0.005630988762137912,0.04175078082264366,0.17203321050749953,1.97967393852637,110.86174055747672,False,True,source_baseline_invalid
case_category,AG/slow/WANG_YAN_LING,shift_pm1mm,,,21,84,67,0.7976190476190477,17,16,2,66,17,6,6,0,0,0.017193139200675667,0.09105022597964746,0.14184559992213874,1.97967393852637,110.86174055747672,False,True,gate_flip_or_became_invalid;closed_contour_change;crossing_group_change;source_baseline_invalid
case_category,AG/slow/WANG_YAN_LING,tilt_pm5deg,,,21,84,78,0.9285714285714286,6,4,2,78,4,3,3,0,0,0.006548591995285125,0.016837058814403026,0.05426754077547358,1.97967393852637,110.86174055747672,False,True,gate_flip_or_became_invalid;closed_contour_change;crossing_group_change;source_baseline_invalid
case_category,AG/slow/WANG_YONG_LI,pointcloud_full_half,,,21,42,37,0.8809523809523809,5,5,0,37,5,5,5,0,0,0.008050198394802033,0.045319988350547666,0.14329118526425044,1.9788175695896677,142.47486501045609,False,True,gate_flip_or_became_invalid;closed_contour_change;crossing_group_change
case_category,AG/slow/WANG_YONG_LI,shift_pm1mm,,,21,84,67,0.7976190476190477,17,17,0,67,17,2,2,0,0,0.020828600033805378,0.09129029907235368,0.13372446198261678,1.9788175695896677,142.47486501045609,False,True,gate_flip_or_became_invalid;closed_contour_change;crossing_group_change
case_category,AG/slow/WANG_YONG_LI,tilt_pm5deg,,,21,84,80,0.9523809523809523,4,4,0,80,4,1,1,0,0,0.005513329454583271,0.020650324965023916,0.027964603554538003,1.9788175695896677,142.47486501045609,False,True,gate_flip_or_became_invalid;closed_contour_change;crossing_group_change
case_category,AG/slow/WEI_BAO_XING,pointcloud_full_half,,,21,42,34,0.8095238095238095,8,5,4,34,6,6,6,0,0,0.009089661225102574,0.08900747776238357,0.30534558002769474,1.9808662279911757,142.62236841536466,False,True,gate_flip_or_became_invalid;closed_contour_change;crossing_group_change;source_baseline_invalid
case_category,AG/slow/WEI_BAO_XING,shift_pm1mm,,,21,84,64,0.7619047619047619,20,17,4,63,18,4,4,0,0,0.026362827532763977,0.12752313690463848,0.48101412742202077,1.9808662279911757,142.62236841536466,False,True,gate_flip_or_became_invalid;closed_contour_change;crossing_group_change;area_p95_ge_10pct;source_baseline_invalid
case_category,AG/slow/WEI_BAO_XING,tilt_pm5deg,,,21,84,78,0.9285714285714286,6,2,4,78,2,2,2,0,0,0.005009914578605834,0.016248153597316545,0.04348092693470784,1.9808662279911757,142.62236841536466,False,True,gate_flip_or_became_invalid;closed_contour_change;crossing_group_change;source_baseline_invalid
case_category,AG/slow/WU_FENG_YAN,pointcloud_full_half,,,21,42,37,0.8809523809523809,5,3,2,37,3,3,3,0,0,0.007937501103128408,0.08999657372173712,0.09830912604250153,1.9862051546184067,162.86882267870936,False,True,gate_flip_or_became_invalid;closed_contour_change;crossing_group_change;source_baseline_invalid
case_category,AG/slow/WU_FENG_YAN,shift_pm1mm,,,21,84,65,0.7738095238095238,19,17,2,65,17,3,3,0,0,0.014291711672883345,0.07074102395831948,0.1515284221026597,1.9862051546184067,162.86882267870936,False,True,gate_flip_or_became_invalid;closed_contour_change;crossing_group_change;source_baseline_invalid
case_category,AG/slow/WU_FENG_YAN,tilt_pm5deg,,,21,84,78,0.9285714285714286,6,4,2,78,4,2,2,0,0,0.0060399817611554996,0.028439399074761326,0.05682176301993758,1.9862051546184067,162.86882267870936,False,True,gate_flip_or_became_invalid;closed_contour_change;crossing_group_change;source_baseline_invalid
case_category,AG/slow/WU_YI_FA,pointcloud_full_half,,,21,42,40,0.9523809523809523,2,0,4,40,2,2,2,0,0,0.004994189199388377,0.07404456400480686,0.1305446461869113,3.995118914182065,157.80719711019157,False,True,gate_flip_or_became_invalid;closed_contour_change;crossing_group_change;source_baseline_invalid
case_category,AG/slow/WU_YI_FA,shift_pm1mm,,,21,84,69,0.8214285714285714,15,12,4,68,13,4,4,0,0,0.022120881118722957,0.09398331011235916,0.20615179706081843,3.995118914182065,157.80719711019157,False,True,gate_flip_or_became_invalid;closed_contour_change;crossing_group_change;source_baseline_invalid
case_category,AG/slow/WU_YI_FA,tilt_pm5deg,,,21,84,81,0.9642857142857143,3,1,4,79,3,3,3,0,0,0.006850004515938757,0.042182821673743404,0.06926086033969414,3.995118914182065,157.80719711019157,False,True,gate_flip_or_became_invalid;closed_contour_change;crossing_group_change;source_baseline_invalid
case_category,AG/slow/XI_CHENG_JIANG,pointcloud_full_half,,,21,42,39,0.9285714285714286,3,3,0,39,3,3,3,0,0,0.006383470293582105,0.06330911163832331,0.102394864126778,5.9404394044641355,160.39186392053165,False,True,gate_flip_or_became_invalid;closed_contour_change;crossing_group_change
case_category,AG/slow/XI_CHENG_JIANG,shift_pm1mm,,,21,84,71,0.8452380952380952,13,13,0,71,13,2,2,0,0,0.018392570864867674,0.10930762580327241,0.12823444850267274,5.9404394044641355,160.39186392053165,False,True,gate_flip_or_became_invalid;closed_contour_change;crossing_group_change;area_p95_ge_10pct
case_category,AG/slow/XI_CHENG_JIANG,tilt_pm5deg,,,21,84,83,0.9880952380952381,1,1,0,83,1,0,0,0,0,0.006413055925729161,0.02755411928313496,0.031359849836351206,5.9404394044641355,160.39186392053165,False,True,gate_flip_or_became_invalid
case_category,AG/slow/XU_YI_CAI,pointcloud_full_half,,,21,42,41,0.9761904761904762,1,1,0,41,1,1,1,0,0,0.00672815222359735,0.032694974031204804,0.10768282159025455,1.9809048878346591,160.4532959146074,False,True,gate_flip_or_became_invalid;closed_contour_change;crossing_group_change
case_category,AG/slow/XU_YI_CAI,shift_pm1mm,,,21,84,67,0.7976190476190477,17,17,0,67,17,4,4,0,0,0.020155955120636726,0.07303685501230711,0.11871050489057722,1.9809048878346591,160.4532959146074,False,True,gate_flip_or_became_invalid;closed_contour_change;crossing_group_change
case_category,AG/slow/XU_YI_CAI,tilt_pm5deg,,,21,84,80,0.9523809523809523,4,4,0,80,4,3,3,0,0,0.0064545505959081595,0.021159869537490224,0.03132494398509822,1.9809048878346591,160.4532959146074,False,True,gate_flip_or_became_invalid;closed_contour_change;crossing_group_change
case_category,AG/slow/YANG_YOU_SHENG,pointcloud_full_half,,,21,42,39,0.9285714285714286,3,0,6,39,3,3,3,0,0,0.003951851615503821,0.04668863703326526,0.23238403006537034,1.9818079194739624,168.4536731552868,False,True,gate_flip_or_became_invalid;closed_contour_change;crossing_group_change;source_baseline_invalid
case_category,AG/slow/YANG_YOU_SHENG,shift_pm1mm,,,21,84,68,0.8095238095238095,16,13,6,65,16,5,5,0,0,0.013574054153819182,0.1088161638881058,0.1448299074631083,1.9818079194739624,168.4536731552868,False,True,gate_flip_or_became_invalid;closed_contour_change;crossing_group_change;area_p95_ge_10pct;source_baseline_invalid
case_category,AG/slow/YANG_YOU_SHENG,tilt_pm5deg,,,21,84,80,0.9523809523809523,4,0,6,78,2,2,2,0,0,0.005248512707061448,0.028294851504838587,0.03778690563442999,1.9818079194739624,168.4536731552868,False,True,gate_flip_or_became_invalid;closed_contour_change;crossing_group_change;source_baseline_invalid
case_category,AG/slow/YIN_YU_RONG,pointcloud_full_half,,,21,42,35,0.8333333333333334,7,3,4,35,3,3,3,0,0,0.008850448236755737,0.1665754320588602,0.30864769027399586,1.9936444594894058,127.59324540732197,False,True,gate_flip_or_became_invalid;closed_contour_change;crossing_group_change;area_p95_ge_10pct;source_baseline_invalid
case_category,AG/slow/YIN_YU_RONG,shift_pm1mm,,,21,84,68,0.8095238095238095,16,14,4,66,16,4,4,0,0,0.014466067752700429,0.11264951364547826,0.12792623534982128,1.9936444594894058,127.59324540732197,False,True,gate_flip_or_became_invalid;closed_contour_change;crossing_group_change;area_p95_ge_10pct;source_baseline_invalid
case_category,AG/slow/YIN_YU_RONG,tilt_pm5deg,,,21,84,80,0.9523809523809523,4,1,4,79,2,2,2,0,0,0.006131740635303196,0.020558816166095572,0.024888572889420812,1.9936444594894058,127.59324540732197,False,True,gate_flip_or_became_invalid;closed_contour_change;crossing_group_change;source_baseline_invalid
case_category,AG/slow/ZANG_YU_SHU,pointcloud_full_half,,,21,42,38,0.9047619047619048,4,2,2,38,2,2,2,0,0,0.006098778153248663,0.03905196060548657,0.040448636058913356,3.9592726469277593,178.16726911174916,False,True,gate_flip_or_became_invalid;closed_contour_change;crossing_group_change;source_baseline_invalid
case_category,AG/slow/ZANG_YU_SHU,shift_pm1mm,,,21,84,71,0.8452380952380952,13,11,2,71,11,0,0,0,0,0.02981827523302072,0.14189801756781234,0.16932295514740026,3.9592726469277593,178.16726911174916,False,True,gate_flip_or_became_invalid;area_p95_ge_10pct;source_baseline_invalid
case_category,AG/slow/ZANG_YU_SHU,tilt_pm5deg,,,21,84,81,0.9642857142857143,3,1,2,81,1,0,0,0,0,0.008128088500282349,0.042384601840739,0.07093963348242371,3.9592726469277593,178.16726911174916,False,True,gate_flip_or_became_invalid;source_baseline_invalid
case_category,AG/slow/ZHANG_JING_SHUN,pointcloud_full_half,,,21,42,26,0.6190476190476191,16,5,12,26,6,6,6,0,0,0.012730045615272467,0.05827154916027655,0.12935755031803908,1.989343442743293,179.04090984689637,False,True,gate_flip_or_became_invalid;closed_contour_change;crossing_group_change;source_baseline_invalid
case_category,AG/slow/ZHANG_JING_SHUN,shift_pm1mm,,,21,84,63,0.75,21,10,12,62,11,1,1,0,0,0.013329581218327113,0.06726167632890082,0.25692008749545403,1.989343442743293,179.04090984689637,False,True,gate_flip_or_became_invalid;closed_contour_change;crossing_group_change;source_baseline_invalid
case_category,AG/slow/ZHANG_JING_SHUN,tilt_pm5deg,,,21,84,72,0.8571428571428571,12,1,12,71,2,1,1,0,0,0.004660178333505405,0.020560129736016453,0.10961189835451424,1.989343442743293,179.04090984689637,False,True,gate_flip_or_became_invalid;closed_contour_change;crossing_group_change;source_baseline_invalid
case_category,AG/slow/ZHANG_JUN_HUA,pointcloud_full_half,,,21,42,40,0.9523809523809523,2,2,0,40,2,2,2,0,0,0.010870376859137276,0.0750812008925147,0.13631719642170448,1.9871394236035356,141.08689907585102,False,True,gate_flip_or_became_invalid;closed_contour_change;crossing_group_change
case_category,AG/slow/ZHANG_JUN_HUA,shift_pm1mm,,,21,84,68,0.8095238095238095,16,16,0,68,16,3,3,0,0,0.01959625967173223,0.16726336602033137,0.22976771921459438,1.9871394236035356,141.08689907585102,False,True,gate_flip_or_became_invalid;closed_contour_change;crossing_group_change;area_p95_ge_10pct
case_category,AG/slow/ZHANG_JUN_HUA,tilt_pm5deg,,,21,84,80,0.9523809523809523,4,4,0,80,4,1,1,0,0,0.005808603633390752,0.023510855039118345,0.04139098879107794,1.9871394236035356,141.08689907585102,False,True,gate_flip_or_became_invalid;closed_contour_change;crossing_group_change
case_category,AG/slow/ZHANG_LING_GUANG,pointcloud_full_half,,,21,42,39,0.9285714285714286,3,0,4,39,1,1,1,0,0,0.005444496096218332,0.07191416795842276,0.12362835522513249,1.9907989430950692,141.3467249597499,False,True,gate_flip_or_became_invalid;closed_contour_change;crossing_group_change;source_baseline_invalid
case_category,AG/slow/ZHANG_LING_GUANG,shift_pm1mm,,,21,84,66,0.7857142857142857,18,15,4,65,16,5,5,0,0,0.016599703563234147,0.09064847364936818,0.16289609880448197,1.9907989430950692,141.3467249597499,False,True,gate_flip_or_became_invalid;closed_contour_change;crossing_group_change;source_baseline_invalid
case_category,AG/slow/ZHANG_LING_GUANG,tilt_pm5deg,,,21,84,74,0.8809523809523809,10,8,4,72,10,6,6,0,0,0.005007872140819547,0.02906152509754891,0.1554768223035372,1.9907989430950692,141.3467249597499,False,True,gate_flip_or_became_invalid;closed_contour_change;crossing_group_change;source_baseline_invalid
case_category,AG/slow/ZHANG_QING_SHUI,pointcloud_full_half,,,21,42,32,0.7619047619047619,10,3,8,32,4,4,4,0,0,0.010622747539248967,0.09906679752895887,0.21742024126277837,1.9824119848164334,192.29396252719405,False,True,gate_flip_or_became_invalid;closed_contour_change;crossing_group_change;source_baseline_invalid
case_category,AG/slow/ZHANG_QING_SHUI,shift_pm1mm,,,21,84,65,0.7738095238095238,19,12,8,64,13,2,2,0,0,0.03757327696851687,0.20056378355193616,0.28856717001512444,1.9824119848164334,192.29396252719405,False,True,gate_flip_or_became_invalid;closed_contour_change;crossing_group_change;area_p95_ge_20pct;source_baseline_invalid
case_category,AG/slow/ZHANG_QING_SHUI,tilt_pm5deg,,,21,84,73,0.8690476190476191,11,3,8,73,3,1,1,0,0,0.005901719970216934,0.039240562393013496,0.10703823770399445,1.9824119848164334,192.29396252719405,False,True,gate_flip_or_became_invalid;closed_contour_change;crossing_group_change;source_baseline_invalid
case_category,AG/slow/ZHANG_QUAN_YOU,pointcloud_full_half,,,21,42,39,0.9285714285714286,3,3,0,39,3,3,3,0,0,0.00703378309555891,0.05965113819539234,0.17244448911841226,1.997145071489687,159.77160571917497,False,True,gate_flip_or_became_invalid;closed_contour_change;crossing_group_change
case_category,AG/slow/ZHANG_QUAN_YOU,shift_pm1mm,,,21,84,68,0.8095238095238095,16,16,0,68,16,2,2,0,0,0.018141133508552065,0.06368684275598277,0.12442561809123043,1.997145071489687,159.77160571917497,False,True,gate_flip_or_became_invalid;closed_contour_change;crossing_group_change
case_category,AG/slow/ZHANG_QUAN_YOU,tilt_pm5deg,,,21,84,83,0.9880952380952381,1,1,0,83,1,0,0,0,0,0.005176963381191779,0.016590437947381548,0.027024211650310104,1.997145071489687,159.77160571917497,False,True,gate_flip_or_became_invalid
case_category,AG/slow/ZHANG_SONG_TIAN,pointcloud_full_half,,,21,42,34,0.8095238095238095,8,3,6,34,4,4,4,0,0,0.010572671949930557,0.06491484538026439,0.12218914444150308,3.9590733111374603,122.73127264526127,False,True,gate_flip_or_became_invalid;closed_contour_change;crossing_group_change;source_baseline_invalid
case_category,AG/slow/ZHANG_SONG_TIAN,shift_pm1mm,,,21,84,65,0.7738095238095238,19,14,6,64,15,2,2,0,0,0.01648879659576208,0.09995475674538092,0.15692469290277056,3.9590733111374603,122.73127264526127,False,True,gate_flip_or_became_invalid;closed_contour_change;crossing_group_change;source_baseline_invalid
case_category,AG/slow/ZHANG_SONG_TIAN,tilt_pm5deg,,,21,84,76,0.9047619047619048,8,3,6,75,4,1,1,0,0,0.008097494309387998,0.028592571204471732,0.03723611576693686,3.9590733111374603,122.73127264526127,False,True,gate_flip_or_became_invalid;closed_contour_change;crossing_group_change;source_baseline_invalid
case_category,AG/slow/ZHANG_WEI_XIAN,pointcloud_full_half,,,21,42,36,0.8571428571428571,6,0,6,36,0,0,0,0,0,0.006125104166382345,0.02241839936546952,0.04049491914888448,1.993152206751743,121.58228461185632,False,True,source_baseline_invalid
case_category,AG/slow/ZHANG_WEI_XIAN,shift_pm1mm,,,21,84,62,0.7380952380952381,22,17,6,61,18,3,3,0,0,0.022066788168533247,0.08056901238219694,0.6700654893754752,1.993152206751743,121.58228461185632,False,True,gate_flip_or_became_invalid;closed_contour_change;crossing_group_change;source_baseline_invalid
case_category,AG/slow/ZHANG_WEI_XIAN,tilt_pm5deg,,,21,84,77,0.9166666666666666,7,2,6,76,3,1,1,0,0,0.006320687695615557,0.022622441687787598,0.13435733796539828,1.993152206751743,121.58228461185632,False,True,gate_flip_or_became_invalid;closed_contour_change;crossing_group_change;source_baseline_invalid
case_category,AG/slow/ZHANG_ZHI_JUN,pointcloud_full_half,,,21,42,40,0.9523809523809523,2,2,0,40,2,2,2,0,0,0.008367537549722082,0.04789170924841746,0.1810618880982069,1.987159956708006,135.12687705614442,False,True,gate_flip_or_became_invalid;closed_contour_change;crossing_group_change
case_category,AG/slow/ZHANG_ZHI_JUN,shift_pm1mm,,,21,84,69,0.8214285714285714,15,15,0,69,15,0,0,0,0,0.01738751633219393,0.0803530100199221,0.09291094466018723,1.987159956708006,135.12687705614442,False,True,gate_flip_or_became_invalid
case_category,AG/slow/ZHANG_ZHI_JUN,tilt_pm5deg,,,21,84,84,1.0,0,0,0,84,0,0,0,0,0,0.005429129042805847,0.02165948867637023,0.04032807878858202,1.987159956708006,135.12687705614442,True,False,
case_category,ILO/AN_GUANG_JIE-0/before,pointcloud_full_half,,,21,42,42,1.0,0,0,0,42,0,0,0,0,0,0.002693915234011246,0.04045145649622278,0.05659495683157734,5.984797272777121,183.53378303183172,True,False,
case_category,ILO/AN_GUANG_JIE-0/before,shift_pm1mm,,,21,84,68,0.8095238095238095,16,16,0,68,16,6,6,0,0,0.011718984052981662,0.08334015778097068,0.18185245668001393,5.984797272777121,183.53378303183172,False,True,gate_flip_or_became_invalid;closed_contour_change;crossing_group_change
case_category,ILO/AN_GUANG_JIE-0/before,tilt_pm5deg,,,21,84,82,0.9761904761904762,2,2,0,82,2,1,1,0,0,0.00521732782686346,0.015921675927451504,0.0289317755953562,5.984797272777121,183.53378303183172,False,True,gate_flip_or_became_invalid;closed_contour_change;crossing_group_change
case_category,ILO/BAO_EN_YUN-0/before,pointcloud_full_half,,,21,42,40,0.9523809523809523,2,0,2,40,0,0,0,0,0,0.004569346622750992,0.01956236681118457,0.03303747252106426,3.987231556500878,233.25304605530135,False,True,source_baseline_invalid
case_category,ILO/BAO_EN_YUN-0/before,shift_pm1mm,,,21,84,71,0.8452380952380952,13,11,2,71,11,3,3,0,0,0.03675298017215334,0.14792835147639383,0.26598615300794837,3.987231556500878,233.25304605530135,False,True,gate_flip_or_became_invalid;closed_contour_change;crossing_group_change;area_p95_ge_10pct;source_baseline_invalid
case_category,ILO/BAO_EN_YUN-0/before,tilt_pm5deg,,,21,84,82,0.9761904761904762,2,0,2,82,0,0,0,0,0,0.006788638959141946,0.045554681717832446,0.07301104904332045,3.987231556500878,233.25304605530135,False,True,source_baseline_invalid
case_category,ILO/CUI_WEI_PING-0/before,pointcloud_full_half,,,21,42,42,1.0,0,0,0,42,0,0,0,0,0,0.0042338426022587305,0.023293648033171115,0.052471765430785355,1.9936765940720207,233.2601615064264,True,False,
case_category,ILO/CUI_WEI_PING-0/before,shift_pm1mm,,,21,84,68,0.8095238095238095,16,16,0,68,16,3,3,0,0,0.028478034267376384,0.1199233867459363,0.3084157578521054,1.9936765940720207,233.2601615064264,False,True,gate_flip_or_became_invalid;closed_contour_change;crossing_group_change;area_p95_ge_10pct
case_category,ILO/CUI_WEI_PING-0/before,tilt_pm5deg,,,21,84,83,0.9880952380952381,1,1,0,83,1,0,0,0,0,0.007465150693428235,0.030465211309796777,0.04727559994368025,1.9936765940720207,233.2601615064264,False,True,gate_flip_or_became_invalid
case_category,ILO/GAO_SHU_CAI-0/before,pointcloud_full_half,,,21,42,36,0.8571428571428571,6,0,6,36,0,0,0,0,0,0.0033368999916713604,0.022430574207704335,0.042770182698212755,1.9936986411204125,326.96657714374766,False,True,source_baseline_invalid
case_category,ILO/GAO_SHU_CAI-0/before,shift_pm1mm,,,21,84,65,0.7738095238095238,19,13,6,65,13,4,4,0,0,0.024546239906700795,0.22645634612087925,0.37777216867507035,1.9936986411204125,326.96657714374766,False,True,gate_flip_or_became_invalid;closed_contour_change;crossing_group_change;area_p95_ge_20pct;source_baseline_invalid
case_category,ILO/GAO_SHU_CAI-0/before,tilt_pm5deg,,,21,84,74,0.8809523809523809,10,4,6,74,4,0,0,0,0,0.006191941561018877,0.03061136910684501,0.18043116741359277,1.9936986411204125,326.96657714374766,False,True,gate_flip_or_became_invalid;source_baseline_invalid
case_category,ILO/GENG_CHUN_LAI-1/before,pointcloud_full_half,,,21,42,41,0.9761904761904762,1,1,0,41,1,1,1,0,0,0.0027152099242179206,0.01343309708285978,0.021794336745684317,3.9701186042428263,260.0427685779051,False,True,gate_flip_or_became_invalid;closed_contour_change;crossing_group_change
case_category,ILO/GENG_CHUN_LAI-1/before,shift_pm1mm,,,21,84,67,0.7976190476190477,17,17,0,67,17,5,5,0,0,0.024064279459156235,0.08285972975737263,0.16632549674255048,3.9701186042428263,260.0427685779051,False,True,gate_flip_or_became_invalid;closed_contour_change;crossing_group_change
case_category,ILO/GENG_CHUN_LAI-1/before,tilt_pm5deg,,,21,84,83,0.9880952380952381,1,1,0,83,1,1,1,0,0,0.00572481864437191,0.018981108675254644,0.04049118519947492,3.9701186042428263,260.0427685779051,False,True,gate_flip_or_became_invalid;closed_contour_change;crossing_group_change
case_category,ILO/GONG_HAI_ZENG-1/before,pointcloud_full_half,,,21,42,35,0.8333333333333334,7,1,6,35,1,1,1,0,0,0.003905014454864797,0.043312141514758866,0.07460727672395895,3.9962301974652927,273.74176852637254,False,True,gate_flip_or_became_invalid;closed_contour_change;crossing_group_change;source_baseline_invalid
case_category,ILO/GONG_HAI_ZENG-1/before,shift_pm1mm,,,21,84,70,0.8333333333333334,14,10,6,68,12,7,7,0,0,0.034970050792289264,0.22700636907652694,0.9690489382554244,3.9962301974652927,273.74176852637254,False,True,gate_flip_or_became_invalid;closed_contour_change;crossing_group_change;area_p95_ge_20pct;source_baseline_invalid
case_category,ILO/GONG_HAI_ZENG-1/before,tilt_pm5deg,,,21,84,77,0.9166666666666666,7,1,6,77,1,0,0,0,0,0.005866415729054442,0.027975201299108465,0.05074400020763692,3.9962301974652927,273.74176852637254,False,True,gate_flip_or_became_invalid;source_baseline_invalid
case_category,ILO/GUO_QING_SHAN-0/before,pointcloud_full_half,,,20,40,36,0.9,4,0,4,36,0,0,0,0,0,0.0036899754171887955,0.014672964692576645,0.023302872326777635,3.9608534719861033,198.04267359930518,False,True,source_baseline_invalid
case_category,ILO/GUO_QING_SHAN-0/before,shift_pm1mm,,,20,80,65,0.8125,15,13,4,63,15,6,6,0,0,0.012924771050403683,0.09876699505929218,0.3204300494126986,3.9608534719861033,198.04267359930518,False,True,gate_flip_or_became_invalid;closed_contour_change;crossing_group_change;source_baseline_invalid
case_category,ILO/GUO_QING_SHAN-0/before,tilt_pm5deg,,,20,80,75,0.9375,5,3,4,73,5,3,3,0,0,0.0066638118880655295,0.021615843259750578,0.0822242860970086,3.9608534719861033,198.04267359930518,False,True,gate_flip_or_became_invalid;closed_contour_change;crossing_group_change;source_baseline_invalid
case_category,ILO/GUO_YU_SHU-0/before,pointcloud_full_half,,,21,42,36,0.8571428571428571,6,0,8,36,2,2,2,0,0,0.0036281933826904367,0.03135881570236468,0.1361310522416712,3.9880783495935144,193.42179995528545,False,True,gate_flip_or_became_invalid;closed_contour_change;crossing_group_change;source_baseline_invalid
case_category,ILO/GUO_YU_SHU-0/before,shift_pm1mm,,,21,84,66,0.7857142857142857,18,13,8,63,16,5,5,0,0,0.015139676397196267,0.10782952203973763,0.29717073123794213,3.9880783495935144,193.42179995528545,False,True,gate_flip_or_became_invalid;closed_contour_change;crossing_group_change;area_p95_ge_10pct;source_baseline_invalid
case_category,ILO/GUO_YU_SHU-0/before,tilt_pm5deg,,,21,84,76,0.9047619047619048,8,3,8,73,6,3,3,0,0,0.005149541892631837,0.014399929051054621,0.19800078472573002,3.9880783495935144,193.42179995528545,False,True,gate_flip_or_became_invalid;closed_contour_change;crossing_group_change;source_baseline_invalid
case_category,ILO/HOU_SHI_GUO-0/before,pointcloud_full_half,,,21,42,35,0.8333333333333334,7,1,6,35,1,1,1,0,0,0.0031399664316278386,0.013859501667727257,0.017156068790991075,1.9957379012159686,325.30527789820286,False,True,gate_flip_or_became_invalid;closed_contour_change;crossing_group_change;source_baseline_invalid
case_category,ILO/HOU_SHI_GUO-0/before,shift_pm1mm,,,21,84,63,0.75,21,17,6,61,19,5,5,0,0,0.029644146883994194,0.11739603053813696,0.7990367022764711,1.9957379012159686,325.30527789820286,False,True,gate_flip_or_became_invalid;closed_contour_change;crossing_group_change;area_p95_ge_10pct;source_baseline_invalid
case_category,ILO/HOU_SHI_GUO-0/before,tilt_pm5deg,,,21,84,78,0.9285714285714286,6,1,6,77,2,1,1,0,0,0.005162235382522251,0.019329986222821987,0.04035623859679127,1.9957379012159686,325.30527789820286,False,True,gate_flip_or_became_invalid;closed_contour_change;crossing_group_change;source_baseline_invalid
case_category,ILO/LIN_CHUN_YANG-1/before,pointcloud_full_half,,,21,42,34,0.8095238095238095,8,0,8,34,0,0,0,0,0,0.0033493267162053586,0.01621380306110287,0.036852300734938614,3.985679021382061,211.24098813324923,False,True,source_baseline_invalid
case_category,ILO/LIN_CHUN_YANG-1/before,shift_pm1mm,,,21,84,64,0.7619047619047619,20,14,8,62,16,7,7,0,0,0.025266952716524682,0.15639322950989404,18.9103700031825,3.985679021382061,211.24098813324923,False,True,gate_flip_or_became_invalid;closed_contour_change;crossing_group_change;area_p95_ge_10pct;source_baseline_invalid
case_category,ILO/LIN_CHUN_YANG-1/before,tilt_pm5deg,,,21,84,72,0.8571428571428571,12,4,8,72,4,2,2,0,0,0.006051912724361563,0.02847135920460226,0.0430685620031237,3.985679021382061,211.24098813324923,False,True,gate_flip_or_became_invalid;closed_contour_change;crossing_group_change;source_baseline_invalid
case_category,ILO/LIU_BAO_JUN-0/before,pointcloud_full_half,,,21,42,30,0.7142857142857143,12,0,12,30,0,0,0,0,0,0.0030307308454596837,0.018368444928799434,0.030925234055101836,3.9615627165554494,172.32797817016205,False,True,source_baseline_invalid
case_category,ILO/LIU_BAO_JUN-0/before,shift_pm1mm,,,21,84,56,0.6666666666666666,28,16,12,56,16,7,7,0,0,0.01943746719815509,0.20329357049142552,0.24398318760145132,3.9615627165554494,172.32797817016205,False,True,gate_flip_or_became_invalid;closed_contour_change;crossing_group_change;area_p95_ge_20pct;source_baseline_invalid
case_category,ILO/LIU_BAO_JUN-0/before,tilt_pm5deg,,,21,84,64,0.7619047619047619,20,8,12,64,8,5,5,0,0,0.008968361192064678,0.03934646696687679,0.10851414761837441,3.9615627165554494,172.32797817016205,False,True,gate_flip_or_became_invalid;closed_contour_change;crossing_group_change;source_baseline_invalid
case_category,ILO/LIU_LIAN_YOU-0/before,pointcloud_full_half,,,18,36,28,0.7777777777777778,8,0,8,28,0,0,0,0,0,0.0036771253052212405,0.02275377979893189,0.03835363936111902,3.9986921649514406,219.92806907232924,False,True,source_baseline_invalid
case_category,ILO/LIU_LIAN_YOU-0/before,shift_pm1mm,,,18,72,55,0.7638888888888888,17,13,8,51,17,9,9,0,0,0.026090850358671647,0.15090833592751068,0.43141993764224984,3.9986921649514406,219.92806907232924,False,True,gate_flip_or_became_invalid;closed_contour_change;crossing_group_change;area_p95_ge_10pct;source_baseline_invalid
case_category,ILO/LIU_LIAN_YOU-0/before,tilt_pm5deg,,,18,72,62,0.8611111111111112,10,2,8,62,2,1,1,0,0,0.007269932579895277,0.049941435935846885,0.06745624146079388,3.9986921649514406,219.92806907232924,False,True,gate_flip_or_became_invalid;closed_contour_change;crossing_group_change;source_baseline_invalid
case_category,ILO/LIU_YUE_DONG-0/before,pointcloud_full_half,,,21,42,39,0.9285714285714286,3,0,4,39,1,1,1,0,0,0.0025309949973610912,0.011095613601279967,0.06154234100070766,3.968795915638737,222.25257127576927,False,True,gate_flip_or_became_invalid;closed_contour_change;crossing_group_change;source_baseline_invalid
case_category,ILO/LIU_YUE_DONG-0/before,shift_pm1mm,,,21,84,72,0.8571428571428571,12,11,4,69,14,5,5,0,0,0.013787386631901821,0.11109366782180088,0.4625123344673816,3.968795915638737,222.25257127576927,False,True,gate_flip_or_became_invalid;closed_contour_change;crossing_group_change;area_p95_ge_10pct;source_baseline_invalid
case_category,ILO/LIU_YUE_DONG-0/before,tilt_pm5deg,,,21,84,79,0.9404761904761905,5,1,4,79,1,0,0,0,0,0.007271314041731314,0.04012245515484325,0.13523607997548948,3.968795915638737,222.25257127576927,False,True,gate_flip_or_became_invalid;source_baseline_invalid
case_category,ILO/LI_SHENG_WEN-0/before,pointcloud_full_half,,,21,42,39,0.9285714285714286,3,1,2,39,1,1,1,0,0,0.00392719450949619,0.019192669088238305,0.029823149212388156,1.991363729768965,252.90319368065855,False,True,gate_flip_or_became_invalid;closed_contour_change;crossing_group_change;source_baseline_invalid
case_category,ILO/LI_SHENG_WEN-0/before,shift_pm1mm,,,21,84,70,0.8333333333333334,14,13,2,69,14,4,4,0,0,0.03609857400991312,0.0952115177750478,0.17231642081650933,1.991363729768965,252.90319368065855,False,True,gate_flip_or_became_invalid;closed_contour_change;crossing_group_change;source_baseline_invalid
case_category,ILO/LI_SHENG_WEN-0/before,tilt_pm5deg,,,21,84,78,0.9285714285714286,6,4,2,78,4,2,2,0,0,0.006079752651942993,0.025564127667042535,0.035669211152927316,1.991363729768965,252.90319368065855,False,True,gate_flip_or_became_invalid;closed_contour_change;crossing_group_change;source_baseline_invalid
case_category,ILO/LI_YOU_ZHI-0/before,pointcloud_full_half,,,21,42,38,0.9047619047619048,4,0,4,38,0,0,0,0,0,0.004791540203896827,0.0122828428365085,0.0134073288644041,1.9928607754164065,217.2218245203883,False,True,source_baseline_invalid
case_category,ILO/LI_YOU_ZHI-0/before,shift_pm1mm,,,21,84,65,0.7738095238095238,19,16,4,64,17,2,2,0,0,0.020088508197064314,0.12031147717439465,0.14758739129763976,1.9928607754164065,217.2218245203883,False,True,gate_flip_or_became_invalid;closed_contour_change;crossing_group_change;area_p95_ge_10pct;source_baseline_invalid
case_category,ILO/LI_YOU_ZHI-0/before,tilt_pm5deg,,,21,84,79,0.9404761904761905,5,2,4,78,3,1,1,0,0,0.007994488663427668,0.027215269981442972,0.048300467480185016,1.9928607754164065,217.2218245203883,False,True,gate_flip_or_became_invalid;closed_contour_change;crossing_group_change;source_baseline_invalid
case_category,ILO/LU_FU_SHAN-0/before,pointcloud_full_half,,,21,42,40,0.9523809523809523,2,0,2,40,0,0,0,0,0,0.003122059426215129,0.02836003485173793,0.10349821098478951,3.9929336080282867,229.59368246162649,False,True,source_baseline_invalid
case_category,ILO/LU_FU_SHAN-0/before,shift_pm1mm,,,21,84,70,0.8333333333333334,14,13,2,69,14,2,2,0,0,0.016583466709837458,0.22681700545061095,1.5971744036285296,3.9929336080282867,229.59368246162649,False,True,gate_flip_or_became_invalid;closed_contour_change;crossing_group_change;area_p95_ge_20pct;source_baseline_invalid
case_category,ILO/LU_FU_SHAN-0/before,tilt_pm5deg,,,21,84,81,0.9642857142857143,3,1,2,81,1,0,0,0,0,0.004791269926166741,0.021679545466244177,1.8090723822655566,3.9929336080282867,229.59368246162649,False,True,gate_flip_or_became_invalid;source_baseline_invalid
case_category,ILO/LV_JIAN_HUA-0/before,pointcloud_full_half,,,21,42,38,0.9047619047619048,4,0,6,38,2,2,2,0,0,0.004105055630485577,0.019676251725550084,0.06374058014991846,5.973192376011511,155.30300177629928,False,True,gate_flip_or_became_invalid;closed_contour_change;crossing_group_change;source_baseline_invalid
case_category,ILO/LV_JIAN_HUA-0/before,shift_pm1mm,,,21,84,70,0.8333333333333334,14,12,6,66,16,7,7,0,0,0.020722448465514964,0.09461733055764265,0.14308264686817052,5.973192376011511,155.30300177629928,False,True,gate_flip_or_became_invalid;closed_contour_change;crossing_group_change;source_baseline_invalid
case_category,ILO/LV_JIAN_HUA-0/before,tilt_pm5deg,,,21,84,77,0.9166666666666666,7,3,6,75,5,3,3,0,0,0.005488241983121034,0.01971146291223634,0.04226786638295099,5.973192376011511,155.30300177629928,False,True,gate_flip_or_became_invalid;closed_contour_change;crossing_group_change;source_baseline_invalid
case_category,ILO/PAN_YIN_GEN-1/before,pointcloud_full_half,,,21,42,31,0.7380952380952381,11,0,12,31,1,1,1,0,0,0.004131031777824257,0.01993267085046213,0.029459716628957633,5.959317521118779,206.589674065451,False,True,gate_flip_or_became_invalid;closed_contour_change;crossing_group_change;source_baseline_invalid
case_category,ILO/PAN_YIN_GEN-1/before,shift_pm1mm,,,21,84,65,0.7738095238095238,19,10,12,62,13,5,5,0,0,0.01622601363583931,0.09594969684290891,0.11076745524791565,5.959317521118779,206.589674065451,False,True,gate_flip_or_became_invalid;closed_contour_change;crossing_group_change;source_baseline_invalid
case_category,ILO/PAN_YIN_GEN-1/before,tilt_pm5deg,,,21,84,69,0.8214285714285714,15,3,12,69,3,1,1,0,0,0.00676849015822123,0.03148307389886072,0.05391504028879335,5.959317521118779,206.589674065451,False,True,gate_flip_or_became_invalid;closed_contour_change;crossing_group_change;source_baseline_invalid
case_category,ILO/SUN_DE_QI-1/before,pointcloud_full_half,,,21,42,38,0.9047619047619048,4,0,4,38,0,0,0,0,0,0.0038649332867460306,0.01880368970491496,0.07329872398898174,1.986245167461626,186.70704574139285,False,True,source_baseline_invalid
case_category,ILO/SUN_DE_QI-1/before,shift_pm1mm,,,21,84,69,0.8214285714285714,15,11,4,69,11,3,3,0,0,0.03348737703527016,0.10591849906095238,1.11054024542045,1.986245167461626,186.70704574139285,False,True,gate_flip_or_became_invalid;closed_contour_change;crossing_group_change;area_p95_ge_10pct;source_baseline_invalid
case_category,ILO/SUN_DE_QI-1/before,tilt_pm5deg,,,21,84,78,0.9285714285714286,6,2,4,78,2,2,2,0,0,0.007686668377629657,0.024757867141906496,0.030301700309633528,1.986245167461626,186.70704574139285,False,True,gate_flip_or_became_invalid;closed_contour_change;crossing_group_change;source_baseline_invalid
case_category,ILO/SUN_DONG_XIN-0/before,pointcloud_full_half,,,21,42,40,0.9523809523809523,2,0,2,40,0,0,0,0,0,0.003532685660256718,0.04077551392705637,0.05461762864185116,3.9803335482856887,187.07567676942736,False,True,source_baseline_invalid
case_category,ILO/SUN_DONG_XIN-0/before,shift_pm1mm,,,21,84,75,0.8928571428571429,9,8,2,74,9,2,2,0,0,0.019258846223008996,0.12133996384282775,1.4845178806052028,3.9803335482856887,187.07567676942736,False,True,gate_flip_or_became_invalid;closed_contour_change;crossing_group_change;area_p95_ge_10pct;source_baseline_invalid
case_category,ILO/SUN_DONG_XIN-0/before,tilt_pm5deg,,,21,84,83,0.9880952380952381,1,0,2,82,1,1,1,0,0,0.006531118394508928,0.04975754110181608,0.06184554429713107,3.9803335482856887,187.07567676942736,False,True,gate_flip_or_became_invalid;closed_contour_change;crossing_group_change;source_baseline_invalid
case_category,ILO/SUN_XU_XIA-1/before,pointcloud_full_half,,,21,42,39,0.9285714285714286,3,0,4,39,1,1,1,0,0,0.0031994288794567893,0.02474847120244151,0.07520598388123023,3.9899875209909026,259.3491888644087,False,True,gate_flip_or_became_invalid;closed_contour_change;crossing_group_change;source_baseline_invalid
case_category,ILO/SUN_XU_XIA-1/before,shift_pm1mm,,,21,84,70,0.8333333333333334,14,13,4,67,16,4,4,0,0,0.03628364204415968,0.16375276477712156,0.44441532191391797,3.9899875209909026,259.3491888644087,False,True,gate_flip_or_became_invalid;closed_contour_change;crossing_group_change;area_p95_ge_10pct;source_baseline_invalid
case_category,ILO/SUN_XU_XIA-1/before,tilt_pm5deg,,,21,84,80,0.9523809523809523,4,1,4,79,2,1,1,0,0,0.006039152387328772,0.027794094473981838,0.04831343665878851,3.9899875209909026,259.3491888644087,False,True,gate_flip_or_became_invalid;closed_contour_change;crossing_group_change;source_baseline_invalid
case_category,ILO/SUN_YU_SHENG-0/before,pointcloud_full_half,,,21,42,42,1.0,0,0,0,42,0,0,0,0,0,0.004027069742234324,0.01776079768789225,0.03181056620098022,3.9782960771246585,204.88224797191992,True,False,
case_category,ILO/SUN_YU_SHENG-0/before,shift_pm1mm,,,21,84,74,0.8809523809523809,10,10,0,74,10,2,2,0,0,0.0368827575320308,0.1130917503254452,0.13142748548858085,3.9782960771246585,204.88224797191992,False,True,gate_flip_or_became_invalid;closed_contour_change;crossing_group_change;area_p95_ge_10pct
case_category,ILO/SUN_YU_SHENG-0/before,tilt_pm5deg,,,21,84,84,1.0,0,0,0,84,0,0,0,0,0,0.008774164787284211,0.02989354552972752,0.04130525575868971,3.9782960771246585,204.88224797191992,True,False,
case_category,ILO/WAGN_LI_JUN-1/before,pointcloud_full_half,,,21,42,36,0.8571428571428571,6,0,6,36,0,0,0,0,0,0.003980374847186496,0.017282077670712603,0.025875165361944674,3.980977650903059,173.1725278142831,False,True,source_baseline_invalid
case_category,ILO/WAGN_LI_JUN-1/before,shift_pm1mm,,,21,84,68,0.8095238095238095,16,12,6,66,14,4,4,0,0,0.025306553737279025,0.2127272915319251,0.24723339603486538,3.980977650903059,173.1725278142831,False,True,gate_flip_or_became_invalid;closed_contour_change;crossing_group_change;area_p95_ge_20pct;source_baseline_invalid
case_category,ILO/WAGN_LI_JUN-1/before,tilt_pm5deg,,,21,84,75,0.8928571428571429,9,4,6,74,5,4,4,0,0,0.008781893145813569,0.0657305938768357,0.12393648984177963,3.980977650903059,173.1725278142831,False,True,gate_flip_or_became_invalid;closed_contour_change;crossing_group_change;source_baseline_invalid
case_category,ILO/WANG_JIN_MING-0/before,pointcloud_full_half,,,21,42,39,0.9285714285714286,3,1,2,39,1,1,1,0,0,0.004955210065753057,0.037589199049607995,0.10583383746113206,3.99075460969875,249.42216310617187,False,True,gate_flip_or_became_invalid;closed_contour_change;crossing_group_change;source_baseline_invalid
case_category,ILO/WANG_JIN_MING-0/before,shift_pm1mm,,,21,84,70,0.8333333333333334,14,14,2,68,16,3,3,0,0,0.030189773842262846,0.2904147110733677,0.46558719085501055,3.99075460969875,249.42216310617187,False,True,gate_flip_or_became_invalid;closed_contour_change;crossing_group_change;area_p95_ge_20pct;source_baseline_invalid
case_category,ILO/WANG_JIN_MING-0/before,tilt_pm5deg,,,21,84,80,0.9523809523809523,4,2,2,80,2,0,0,0,0,0.007364489986582845,0.023475262772353917,0.03713146793078326,3.99075460969875,249.42216310617187,False,True,gate_flip_or_became_invalid;source_baseline_invalid
case_category,ILO/WANG_SHU_SHENG-0/before,pointcloud_full_half,,,21,42,42,1.0,0,0,0,42,0,0,0,0,0,0.00313487183905492,0.024039403867995253,0.03054095923305522,5.96802070770093,270.5502720824422,True,False,
case_category,ILO/WANG_SHU_SHENG-0/before,shift_pm1mm,,,21,84,69,0.8214285714285714,15,15,0,69,15,3,3,0,0,0.019395632318829792,0.16333561159860877,0.2096828458011295,5.96802070770093,270.5502720824422,False,True,gate_flip_or_became_invalid;closed_contour_change;crossing_group_change;area_p95_ge_10pct
case_category,ILO/WANG_SHU_SHENG-0/before,tilt_pm5deg,,,21,84,82,0.9761904761904762,2,2,0,82,2,0,0,0,0,0.004933358883571715,0.01554435536459088,0.02378480786977688,5.96802070770093,270.5502720824422,False,True,gate_flip_or_became_invalid
case_category,ILO/WANG_TIAN_QING-1/before,pointcloud_full_half,,,21,42,32,0.7619047619047619,10,0,10,32,0,0,0,0,0,0.0033431855002639677,0.021762023115043494,0.024943708882351534,3.9666780130934294,208.25059568740505,False,True,source_baseline_invalid
case_category,ILO/WANG_TIAN_QING-1/before,shift_pm1mm,,,21,84,62,0.7380952380952381,22,13,10,61,14,3,3,0,0,0.0421108336198035,0.31954768830961,0.3510259963246828,3.9666780130934294,208.25059568740505,False,True,gate_flip_or_became_invalid;closed_contour_change;crossing_group_change;area_p95_ge_20pct;source_baseline_invalid
case_category,ILO/WANG_TIAN_QING-1/before,tilt_pm5deg,,,21,84,72,0.8571428571428571,12,3,10,71,4,2,2,0,0,0.00765788383774435,0.03845368273792482,0.11388181644004436,3.9666780130934294,208.25059568740505,False,True,gate_flip_or_became_invalid;closed_contour_change;crossing_group_change;source_baseline_invalid
case_category,ILO/WANG_XIAO_LIN-0/before,pointcloud_full_half,,,21,42,31,0.7380952380952381,11,1,12,31,3,3,3,0,0,0.0036336411950111946,0.021127372480096662,0.08156721099141162,5.99229630143751,265.6584693637296,False,True,gate_flip_or_became_invalid;closed_contour_change;crossing_group_change;source_baseline_invalid
case_category,ILO/WANG_XIAO_LIN-0/before,shift_pm1mm,,,21,84,59,0.7023809523809523,25,16,12,56,19,9,9,0,0,0.02570346193804729,0.4709711492890032,1.1240711984257983,5.99229630143751,265.6584693637296,False,True,gate_flip_or_became_invalid;closed_contour_change;crossing_group_change;area_p95_ge_20pct;source_baseline_invalid
case_category,ILO/WANG_XIAO_LIN-0/before,tilt_pm5deg,,,21,84,68,0.8095238095238095,16,6,12,66,8,7,7,0,0,0.008454276121285798,0.02341426204253244,0.43282619747144035,5.99229630143751,265.6584693637296,False,True,gate_flip_or_became_invalid;closed_contour_change;crossing_group_change;source_baseline_invalid
case_category,ILO/WENG_ZHAO_GUANG-0/before,pointcloud_full_half,,,21,42,36,0.8571428571428571,6,0,6,36,0,0,0,0,0,0.002877775792026749,0.008617882994916282,0.009632542831057966,3.9820564097318476,280.73497688609524,False,True,source_baseline_invalid
case_category,ILO/WENG_ZHAO_GUANG-0/before,shift_pm1mm,,,21,84,68,0.8095238095238095,16,12,6,66,14,6,6,0,0,0.018318735298623212,0.11028199320639476,0.6105226301821389,3.9820564097318476,280.73497688609524,False,True,gate_flip_or_became_invalid;closed_contour_change;crossing_group_change;area_p95_ge_10pct;source_baseline_invalid
case_category,ILO/WENG_ZHAO_GUANG-0/before,tilt_pm5deg,,,21,84,76,0.9047619047619048,8,3,6,75,4,3,3,0,0,0.00494480350457005,0.024317183971722334,0.09693837291998131,3.9820564097318476,280.73497688609524,False,True,gate_flip_or_became_invalid;closed_contour_change;crossing_group_change;source_baseline_invalid
case_category,ILO/WU_JUN-0/before,pointcloud_full_half,,,21,42,40,0.9523809523809523,2,0,2,40,0,0,0,0,0,0.0028184543755623293,0.012375746403724568,0.02248003438933055,1.9878925100810494,240.53499371980698,False,True,source_baseline_invalid
case_category,ILO/WU_JUN-0/before,shift_pm1mm,,,21,84,71,0.8452380952380952,13,12,2,70,13,4,4,0,0,0.013659001822180994,0.06919664371081719,0.19131793331412394,1.9878925100810494,240.53499371980698,False,True,gate_flip_or_became_invalid;closed_contour_change;crossing_group_change;source_baseline_invalid
case_category,ILO/WU_JUN-0/before,tilt_pm5deg,,,21,84,80,0.9523809523809523,4,2,2,80,2,1,1,0,0,0.005254376532468075,0.02177020594726215,0.0366442916901919,1.9878925100810494,240.53499371980698,False,True,gate_flip_or_became_invalid;closed_contour_change;crossing_group_change;source_baseline_invalid
case_category,ILO/XIE_ZHI_FU-0/before,pointcloud_full_half,,,21,42,39,0.9285714285714286,3,1,2,39,1,1,1,0,0,0.004776068804116185,0.02071105185005269,0.03593481243349972,5.9740445999349685,191.169427197919,False,True,gate_flip_or_became_invalid;closed_contour_change;crossing_group_change;source_baseline_invalid
case_category,ILO/XIE_ZHI_FU-0/before,shift_pm1mm,,,21,84,69,0.8214285714285714,15,14,2,68,15,5,5,0,0,0.021349664620330167,0.12758541848432006,0.38241592311571226,5.9740445999349685,191.169427197919,False,True,gate_flip_or_became_invalid;closed_contour_change;crossing_group_change;area_p95_ge_10pct;source_baseline_invalid
case_category,ILO/XIE_ZHI_FU-0/before,tilt_pm5deg,,,21,84,79,0.9404761904761905,5,4,2,78,5,3,3,0,0,0.004522794790594031,0.022587227531008662,0.5135471838379915,5.9740445999349685,191.169427197919,False,True,gate_flip_or_became_invalid;closed_contour_change;crossing_group_change;source_baseline_invalid
case_category,ILO/YANG_WANG_QI-1/before,pointcloud_full_half,,,21,42,39,0.9285714285714286,3,0,4,39,1,1,1,0,0,0.004892895145901965,0.06518811088507064,0.11341810836505073,1.9902219178757887,284.60173425623776,False,True,gate_flip_or_became_invalid;closed_contour_change;crossing_group_change;source_baseline_invalid
case_category,ILO/YANG_WANG_QI-1/before,shift_pm1mm,,,21,84,68,0.8095238095238095,16,14,4,66,16,4,4,0,0,0.02604202592487903,0.30231320397312944,0.5478394226830616,1.9902219178757887,284.60173425623776,False,True,gate_flip_or_became_invalid;closed_contour_change;crossing_group_change;area_p95_ge_20pct;source_baseline_invalid
case_category,ILO/YANG_WANG_QI-1/before,tilt_pm5deg,,,21,84,80,0.9523809523809523,4,1,4,79,2,2,2,0,0,0.006364647310763694,0.027537322530502274,0.05793404510853106,1.9902219178757887,284.60173425623776,False,True,gate_flip_or_became_invalid;closed_contour_change;crossing_group_change;source_baseline_invalid
case_category,ILO/YANG_WEN_TAI-0/before,pointcloud_full_half,,,21,42,32,0.7619047619047619,10,0,10,32,0,0,0,0,0,0.004189534282483698,0.03582711529163802,0.05243775929118011,1.9937734305856192,334.95393633838404,False,True,source_baseline_invalid
case_category,ILO/YANG_WEN_TAI-0/before,shift_pm1mm,,,21,84,67,0.7976190476190477,17,10,10,64,13,7,7,0,0,0.032066973402631926,0.2104815253973611,0.7262471107105513,1.9937734305856192,334.95393633838404,False,True,gate_flip_or_became_invalid;closed_contour_change;crossing_group_change;area_p95_ge_20pct;source_baseline_invalid
case_category,ILO/YANG_WEN_TAI-0/before,tilt_pm5deg,,,21,84,73,0.8690476190476191,11,3,10,71,5,3,3,0,0,0.007757296309668149,0.05669192861214012,0.6429575316356746,1.9937734305856192,334.95393633838404,False,True,gate_flip_or_became_invalid;closed_contour_change;crossing_group_change;source_baseline_invalid
case_category,ILO/YANG_YU_QING-1/before,pointcloud_full_half,,,21,42,39,0.9285714285714286,3,1,2,39,1,1,1,0,0,0.004048730786065602,0.023753627702066113,0.030352159689640112,1.9858635881956284,208.51567676054097,False,True,gate_flip_or_became_invalid;closed_contour_change;crossing_group_change;source_baseline_invalid
case_category,ILO/YANG_YU_QING-1/before,shift_pm1mm,,,21,84,68,0.8095238095238095,16,15,2,67,16,8,8,0,0,0.022006039683935774,0.2646106683137886,1.5252639016550176,1.9858635881956284,208.51567676054097,False,True,gate_flip_or_became_invalid;closed_contour_change;crossing_group_change;area_p95_ge_20pct;source_baseline_invalid
case_category,ILO/YANG_YU_QING-1/before,tilt_pm5deg,,,21,84,78,0.9285714285714286,6,4,2,78,4,4,4,0,0,0.007311976681091514,0.03497677423271109,0.07460475397544042,1.9858635881956284,208.51567676054097,False,True,gate_flip_or_became_invalid;closed_contour_change;crossing_group_change;source_baseline_invalid
case_category,ILO/YAO_GUO_CHEN-0/before,pointcloud_full_half,,,20,40,38,0.95,2,0,2,38,0,0,0,0,0,0.003992128118616989,0.025890706842926284,0.049631043002442476,3.99683762083312,323.74384728748277,False,True,source_baseline_invalid
case_category,ILO/YAO_GUO_CHEN-0/before,shift_pm1mm,,,20,80,68,0.85,12,10,2,68,10,3,3,0,0,0.018205797096296883,0.17336065406634404,0.548010927451738,3.99683762083312,323.74384728748277,False,True,gate_flip_or_became_invalid;closed_contour_change;crossing_group_change;area_p95_ge_10pct;source_baseline_invalid
case_category,ILO/YAO_GUO_CHEN-0/before,tilt_pm5deg,,,20,80,77,0.9625,3,1,2,77,1,1,1,0,0,0.006101122189378083,0.03258684392021756,0.045314626376897094,3.99683762083312,323.74384728748277,False,True,gate_flip_or_became_invalid;closed_contour_change;crossing_group_change;source_baseline_invalid
case_category,ILO/YU_XIANG_SHENG-1/before,pointcloud_full_half,,,21,42,41,0.9761904761904762,1,1,0,41,1,1,1,0,0,0.00413231302269812,0.036896434743271644,0.04660702065534439,1.9850937388095207,204.46465509738064,False,True,gate_flip_or_became_invalid;closed_contour_change;crossing_group_change
case_category,ILO/YU_XIANG_SHENG-1/before,shift_pm1mm,,,21,84,68,0.8095238095238095,16,16,0,68,16,5,5,0,0,0.02765101222948163,0.13118260204914875,0.5096875279928581,1.9850937388095207,204.46465509738064,False,True,gate_flip_or_became_invalid;closed_contour_change;crossing_group_change;area_p95_ge_10pct
case_category,ILO/YU_XIANG_SHENG-1/before,tilt_pm5deg,,,21,84,81,0.9642857142857143,3,3,0,81,3,2,2,0,0,0.005030486789144639,0.04057350723538078,0.06616464422984225,1.9850937388095207,204.46465509738064,False,True,gate_flip_or_became_invalid;closed_contour_change;crossing_group_change
case_category,ILO/ZHANG_HE_PING-0/before,pointcloud_full_half,,,21,42,40,0.9523809523809523,2,0,2,40,0,0,0,0,0,0.0028919988409391584,0.014692357350853438,0.01795900703836928,1.992520060733435,207.22208631627723,False,True,source_baseline_invalid
case_category,ILO/ZHANG_HE_PING-0/before,shift_pm1mm,,,21,84,66,0.7857142857142857,18,17,2,65,18,5,5,0,0,0.018314069804153954,0.07043809052427552,0.1805076690172972,1.992520060733435,207.22208631627723,False,True,gate_flip_or_became_invalid;closed_contour_change;crossing_group_change;source_baseline_invalid
case_category,ILO/ZHANG_HE_PING-0/before,tilt_pm5deg,,,21,84,80,0.9523809523809523,4,2,2,80,2,0,0,0,0,0.0047630150153143425,0.027633442102088606,0.22829441048426857,1.992520060733435,207.22208631627723,False,True,gate_flip_or_became_invalid;source_baseline_invalid
case_category,ILO/ZHANG_JIAN_JUN-1/before,pointcloud_full_half,,,21,42,40,0.9523809523809523,2,0,2,40,0,0,0,0,0,0.0029623652701351033,0.010126801306481524,0.01443827142095433,1.9898293548738135,258.67781613359574,False,True,source_baseline_invalid
case_category,ILO/ZHANG_JIAN_JUN-1/before,shift_pm1mm,,,21,84,68,0.8095238095238095,16,15,2,67,16,3,3,0,0,0.02643362024602114,0.09175429175657238,0.1327513891215819,1.9898293548738135,258.67781613359574,False,True,gate_flip_or_became_invalid;closed_contour_change;crossing_group_change;source_baseline_invalid
case_category,ILO/ZHANG_JIAN_JUN-1/before,tilt_pm5deg,,,21,84,79,0.9404761904761905,5,3,2,79,3,1,1,0,0,0.0057268629602305055,0.017440642256445024,0.03224302637412246,1.9898293548738135,258.67781613359574,False,True,gate_flip_or_became_invalid;closed_contour_change;crossing_group_change;source_baseline_invalid
case_category,ILO/ZHANG_JIN_CHUN-1/before,pointcloud_full_half,,,21,42,26,0.6190476190476191,16,1,16,26,2,2,2,0,0,0.00481816998811363,0.0646718966283642,0.06865085556988881,1.9852216965164218,198.52216965164217,False,True,gate_flip_or_became_invalid;closed_contour_change;crossing_group_change;source_baseline_invalid
case_category,ILO/ZHANG_JIN_CHUN-1/before,shift_pm1mm,,,21,84,60,0.7142857142857143,24,11,16,57,14,9,9,0,0,0.048857183505347956,0.17240929447217548,0.8542978888271964,1.9852216965164218,198.52216965164217,False,True,gate_flip_or_became_invalid;closed_contour_change;crossing_group_change;area_p95_ge_10pct;source_baseline_invalid
case_category,ILO/ZHANG_JIN_CHUN-1/before,tilt_pm5deg,,,21,84,63,0.75,21,6,16,62,7,5,5,0,0,0.010847509033337865,0.058844514201660994,0.4989008153243295,1.9852216965164218,198.52216965164217,False,True,gate_flip_or_became_invalid;closed_contour_change;crossing_group_change;source_baseline_invalid
case_category,ILO/ZHANG_YAN_SHAN-0/before,pointcloud_full_half,,,21,42,39,0.9285714285714286,3,1,2,39,1,1,1,0,0,0.005294719776983703,0.017373478432150938,0.03194897060192892,1.9815865077710009,196.1770642693291,False,True,gate_flip_or_became_invalid;closed_contour_change;crossing_group_change;source_baseline_invalid
case_category,ILO/ZHANG_YAN_SHAN-0/before,shift_pm1mm,,,21,84,71,0.8452380952380952,13,12,2,70,13,4,4,0,0,0.019112127152890124,0.11640901314043517,0.20736400513175135,1.9815865077710009,196.1770642693291,False,True,gate_flip_or_became_invalid;closed_contour_change;crossing_group_change;area_p95_ge_10pct;source_baseline_invalid
case_category,ILO/ZHANG_YAN_SHAN-0/before,tilt_pm5deg,,,21,84,81,0.9642857142857143,3,2,2,80,3,2,2,0,0,0.006031952363796611,0.021372523913932774,0.04466240255431386,1.9815865077710009,196.1770642693291,False,True,gate_flip_or_became_invalid;closed_contour_change;crossing_group_change;source_baseline_invalid
case_category,ILO/ZHANG_YONG_SHENG-0/before,pointcloud_full_half,,,21,42,42,1.0,0,0,0,42,0,0,0,0,0,0.0036172873034104325,0.048674645117671216,0.052218437511414084,1.9918582582451247,270.892723121337,True,False,
case_category,ILO/ZHANG_YONG_SHENG-0/before,shift_pm1mm,,,21,84,64,0.7619047619047619,20,20,0,64,20,5,5,0,0,0.012396643916754657,0.09207819604280168,0.23714767361969313,1.9918582582451247,270.892723121337,False,True,gate_flip_or_became_invalid;closed_contour_change;crossing_group_change
case_category,ILO/ZHANG_YONG_SHENG-0/before,tilt_pm5deg,,,21,84,80,0.9523809523809523,4,4,0,80,4,3,3,0,0,0.004899669540554374,0.014768527474701277,0.03312719619011628,1.9918582582451247,270.892723121337,False,True,gate_flip_or_became_invalid;closed_contour_change;crossing_group_change
case_category,ILO/ZHAO_CHANG_SHAN-0/before,pointcloud_full_half,,,21,42,36,0.8571428571428571,6,0,6,36,0,0,0,0,0,0.004608510891143447,0.02384100546793616,0.02706136054288577,5.955857994935328,186.61688384130693,False,True,source_baseline_invalid
case_category,ILO/ZHAO_CHANG_SHAN-0/before,shift_pm1mm,,,21,84,68,0.8095238095238095,16,13,6,65,16,8,8,0,0,0.045807926708906876,0.2252614036925182,1.292646755308132,5.955857994935328,186.61688384130693,False,True,gate_flip_or_became_invalid;closed_contour_change;crossing_group_change;area_p95_ge_20pct;source_baseline_invalid
case_category,ILO/ZHAO_CHANG_SHAN-0/before,tilt_pm5deg,,,21,84,77,0.9166666666666666,7,2,6,76,3,2,2,0,0,0.008041822028789669,0.03406201100477707,0.043562454006509155,5.955857994935328,186.61688384130693,False,True,gate_flip_or_became_invalid;closed_contour_change;crossing_group_change;source_baseline_invalid
segment_category,,pointcloud_full_half,0,,111,1020,949,0.9303921568627451,71,17,54,949,17,17,17,0,0,0.0036799161438592076,0.010582336978631974,0.6191275985070939,1.9703725164045125,334.95393633838404,False,True,gate_flip_or_became_invalid;closed_contour_change;crossing_group_change;source_baseline_invalid
segment_category,,shift_pm1mm,0,,111,2040,1734,0.85,306,263,54,1723,274,85,86,1,1,0.01090344858190595,0.06225487505837759,2.364902013833768,1.9703725164045125,334.95393633838404,False,True,gate_flip_or_became_invalid;closed_contour_change;crossing_group_change;nonlocal_crossing;source_baseline_invalid
segment_category,,tilt_pm5deg,0,,111,2040,1931,0.9465686274509804,109,64,54,1922,73,72,73,1,1,0.005394540650738133,0.020763932010113516,0.42037803135520035,1.9703725164045125,334.95393633838404,False,True,gate_flip_or_became_invalid;closed_contour_change;crossing_group_change;nonlocal_crossing;source_baseline_invalid
segment_category,,pointcloud_full_half,1,,107,1010,893,0.8841584158415842,117,16,104,893,19,19,19,0,0,0.004536908955759866,0.034229534203152855,0.7395264923703792,5.806462787076018,146.55448163680916,False,True,gate_flip_or_became_invalid;closed_contour_change;crossing_group_change;source_baseline_invalid
segment_category,,shift_pm1mm,1,,107,2020,1803,0.8925742574257426,217,127,104,1789,141,46,46,0,0,0.026464376661201383,0.14143895640656196,9.377365367847732,5.806462787076018,146.55448163680916,False,True,gate_flip_or_became_invalid;closed_contour_change;crossing_group_change;area_p95_ge_10pct;source_baseline_invalid
segment_category,,tilt_pm5deg,1,,107,2020,1866,0.9237623762376238,154,59,104,1857,68,24,24,0,0,0.006153179535549169,0.03261383868444958,2.8831130168769263,5.806462787076018,146.55448163680916,False,True,gate_flip_or_became_invalid;closed_contour_change;crossing_group_change;source_baseline_invalid
segment_category,,pointcloud_full_half,2,,129,988,884,0.8947368421052632,104,11,100,884,18,18,18,0,0,0.00440154705303919,0.03832951919080619,0.5396584364492937,7.955745232624127,130.80499342421973,False,True,gate_flip_or_became_invalid;closed_contour_change;crossing_group_change;source_baseline_invalid
segment_category,,shift_pm1mm,2,,129,1976,1773,0.8972672064777328,203,118,100,1758,133,34,34,0,0,0.02918733362274789,0.14706895023294825,2.2856996194237893,7.955745232624127,130.80499342421973,False,True,gate_flip_or_became_invalid;closed_contour_change;crossing_group_change;area_p95_ge_10pct;source_baseline_invalid
segment_category,,tilt_pm5deg,2,,129,1976,1824,0.9230769230769231,152,64,100,1812,76,30,30,0,0,0.006185755440358265,0.02830635458051239,2.8633840306447715,7.955745232624127,130.80499342421973,False,True,gate_flip_or_became_invalid;closed_contour_change;crossing_group_change;source_baseline_invalid
segment_category,,pointcloud_full_half,3,,139,1020,886,0.8686274509803922,134,39,120,886,64,64,64,0,0,0.010712742411612464,0.1133871413456568,0.352534852757034,7.734467122900471,100.57406917612381,False,True,gate_flip_or_became_invalid;closed_contour_change;crossing_group_change;area_p95_ge_10pct;source_baseline_invalid
segment_category,,shift_pm1mm,3,,139,2040,1496,0.7333333333333333,544,460,120,1460,496,108,108,0,0,0.03808335849056671,0.19565726566904057,18.9103700031825,7.734467122900471,100.57406917612381,False,True,gate_flip_or_became_invalid;closed_contour_change;crossing_group_change;area_p95_ge_10pct;source_baseline_invalid
segment_category,,tilt_pm5deg,3,,139,2040,1873,0.9181372549019607,167,65,120,1855,83,50,50,0,0,0.006795720122428017,0.03537696165465208,0.2785713410869697,7.734467122900471,100.57406917612381,False,True,gate_flip_or_became_invalid;closed_contour_change;crossing_group_change;source_baseline_invalid
segment_category,,pointcloud_full_half,4,,133,1020,911,0.8931372549019608,109,26,84,911,27,27,27,0,0,0.0053017823070518055,0.04149523093160684,0.2148673150848588,5.797435711832678,127.05680783861649,False,True,gate_flip_or_became_invalid;closed_contour_change;crossing_group_change;source_baseline_invalid
segment_category,,shift_pm1mm,4,,133,2040,1521,0.7455882352941177,519,460,84,1496,485,107,107,0,0,0.019272183775605467,0.1554372851319037,1.5971744036285296,5.797435711832678,127.05680783861649,False,True,gate_flip_or_became_invalid;closed_contour_change;crossing_group_change;area_p95_ge_10pct;source_baseline_invalid
segment_category,,tilt_pm5deg,4,,133,2040,1899,0.9308823529411765,141,67,84,1889,77,35,35,0,0,0.0055715630494039825,0.02766705214688397,1.8090723822655566,5.797435711832678,127.05680783861649,False,True,gate_flip_or_became_invalid;closed_contour_change;crossing_group_change;source_baseline_invalid
segment_category,,pointcloud_full_half,5,,149,1020,940,0.9215686274509803,80,33,50,940,36,36,36,0,0,0.00568360832728898,0.039014593720012904,0.2692659609868535,5.8824004055839225,137.94223938804495,False,True,gate_flip_or_became_invalid;closed_contour_change;crossing_group_change;source_baseline_invalid
segment_category,,shift_pm1mm,5,,149,2040,1547,0.7583333333333333,493,454,50,1536,465,80,80,0,0,0.018955837770243955,0.1300395948266425,0.8542978888271964,5.8824004055839225,137.94223938804495,False,True,gate_flip_or_became_invalid;closed_contour_change;crossing_group_change;area_p95_ge_10pct;source_baseline_invalid
segment_category,,tilt_pm5deg,5,,149,2040,1942,0.9519607843137254,98,52,50,1938,56,22,22,0,0,0.005437831638352542,0.025378148308007612,0.9292510275481762,5.8824004055839225,137.94223938804495,False,True,gate_flip_or_became_invalid;closed_contour_change;crossing_group_change;source_baseline_invalid
segment_category,,pointcloud_full_half,6,,153,1020,883,0.865686274509804,137,39,122,883,63,63,63,0,0,0.009434310144988522,0.10659897344380265,0.3724492319621613,5.815992510497164,97.27718590732788,False,True,gate_flip_or_became_invalid;closed_contour_change;crossing_group_change;area_p95_ge_10pct;source_baseline_invalid
segment_category,,shift_pm1mm,6,,153,2040,1490,0.7303921568627451,550,471,122,1447,514,104,104,0,0,0.02978699433541543,0.20856602021564952,6.149532841941441,5.815992510497164,97.27718590732788,False,True,gate_flip_or_became_invalid;closed_contour_change;crossing_group_change;area_p95_ge_20pct;source_baseline_invalid
segment_category,,tilt_pm5deg,6,,153,2040,1880,0.9215686274509803,160,55,122,1863,72,38,38,0,0,0.006474643925162393,0.034295636846549994,0.7546746315083577,5.815992510497164,97.27718590732788,False,True,gate_flip_or_became_invalid;closed_contour_change;crossing_group_change;source_baseline_invalid
