arm,fold,step,phase,q_norm,r2cb,r,r2_fit,alpha,beta_n2,ccc,spearman,top10_iou,approx_disp,nmae_frame,nmae_case,nmae_cyclemax,mae,rmse,r2_raw,nrmse_mean,range_pooled,approx_disp_direct,ccc_pooled_direct
T0,0,1120,decel,0.138366,0.5870991088634941,0.7759656041763597,0.602122618864783,0.6995953195030717,0.009191089620209758,0.7244801243792575,0.7394255195080764,0.4221995134009789,0.4980626944269376,0.008230326871135656,0.03933488399877195,0.0005974833631659385,0.15796644294995021,0.31273774904154633,0.6239128221946335,0.8536662802432012,19.19321618974209,,
T0,0,1122,decel,0.14356,0.6034088162687291,0.7892042130405502,0.6228432898809542,0.694905526958689,0.010542231415459624,0.7344437898720088,0.7499726157216178,0.4327370496732088,0.48262638980010114,0.007784004728711789,0.0388813958340804,0.0006117369301836316,0.161734891445659,0.3230943353244353,0.642670691702526,0.8179623536347227,20.777851129649207,,
T0,0,1124,decel,0.145546,0.5960812625045114,0.7884683604663082,0.6216823554564281,0.6793153251484719,0.013686707832819889,0.7261857509688199,0.7484378412748427,0.4327102784671241,0.48823080088091997,0.007501862466423504,0.03884607377915727,0.0006101224118860302,0.1613080348530364,0.3282222090366545,0.6378006381315345,0.8349990777327009,21.502398314420134,,
T0,0,1126,decel,0.142589,0.5714749587526543,0.7770508133941575,0.6038079665965218,0.65203715538407,0.016704593154804326,0.7027964438728833,0.7447315920966782,0.4230575504645711,0.5091055305864391,0.006963007286462796,0.0393311927619258,0.0005914085406808851,0.15636034283290018,0.3267074993739048,0.6167255853746196,0.8947493335811342,22.455863738199696,,
T0,0,1128,decel,0.134389,0.5348680429638892,0.759239370611827,0.5764444218870431,0.6046324039004319,0.01767306476745545,0.6637406030307854,0.737794433155297,0.40785807479311864,0.5412087308645769,0.0067437712032643055,0.03971060344674112,0.0005571863365196669,0.14731245933601153,0.31668975028079527,0.5798363811001634,0.9834077791651414,21.844225566950627,,
T0,0,1130,trough,0.122509,0.49226077123156664,0.7401634791558783,0.5478419758761344,0.5469124121264236,0.01823522973654501,0.614574836470112,0.7067649344538963,0.3904334457418641,0.5727902966166063,0.0068656976816261,0.03960658947023049,0.0005143831788317208,0.13599588889434583,0.30070851595083764,0.5314169410067204,1.0460670852227398,19.80802173365373,,
T0,0,1132,trough,0.110418,0.45808091686241215,0.7140807579857803,0.5099113289255466,0.5219345413065043,0.014910243478975127,0.5790350528983119,0.6445606722309613,0.3691879198419624,0.5903828507063544,0.007375173513790708,0.04116547806483895,0.0004840010808188531,0.12796327702877236,0.28249050492986744,0.4925283751869599,1.0549957926181834,17.35054460610263,,
T0,0,1134,trough,0.103096,0.4614223967712664,0.7078752164724337,0.5010873220958948,0.5426159497255414,0.01235430007890792,0.5878610184379358,0.6501379997906714,0.3660787308346151,0.5868032297279969,0.007366286027605126,0.04195929447238033,0.00047190636668890306,0.1247655997587626,0.27260745385862867,0.4966790212815618,1.0440943326555683,16.937381916912273,,
T0,0,1136,trough,0.106265,0.5345132132229691,0.7432276305283145,0.5523873107807328,0.6430311884988759,0.007834770562405113,0.6724977372538428,0.7241772475245873,0.38392285257212405,0.5386434287776425,0.007672686779542265,0.04221462655710258,0.00048797259118609155,0.12901329014131702,0.2731242058892797,0.574699234227454,0.9554740458084713,16.81461707589915,,
T0,0,1138,trough,0.125362,0.6649930727669695,0.8203309130287096,0.6729428068705163,0.7592787636880534,0.004222369164433082,0.7880677625836909,0.798772416634597,0.4217463868020016,0.43164016648989184,0.006705709777625136,0.03919357172815026,0.0005393708934040819,0.14260229943526706,0.2897501230469771,0.6965617590428677,0.6947558164139679,21.265802452573553,,
T0,0,1140,accel,0.164472,0.7712199390206902,0.8783093478090473,0.7714273104487541,0.8898235156444836,7.47953671212942e-05,0.8723226292222088,0.873804903709904,0.4640406296608758,0.34235905862447946,0.005643951108761579,0.033371999180410554,0.0006373710767382257,0.16851220977604794,0.3348566940525198,0.7877571369387517,0.5116356951965463,29.85713492706418,,
T0,0,1142,accel,0.225431,0.8186176254039093,0.906173842126636,0.8211510321545494,0.9481006592295677,0.0007755487582574716,0.9045190293238068,0.9170425901728573,0.5056407200962362,0.3050691323201125,0.005014825846565724,0.0290845103910111,0.000818268861754548,0.21633911408537665,0.43735239113355184,0.825033195546071,0.4458975948053975,43.139905692543834,,
T0,0,1144,accel,0.307278,0.833239535472555,0.9135481282225548,0.8345701825789335,0.9272710628771916,0.0011423281708430322,0.9103907583830009,0.9342308066724943,0.5318515121104865,0.30049225643300437,0.004562706976878031,0.02578623816846447,0.0010774805063883356,0.28487113354954685,0.6099208412178688,0.8328776242389958,0.4431944067843397,62.43467638688162,,
T0,0,1146,accel,0.406197,0.8279032617073127,0.9109268594252862,0.8297877432224151,0.8713359885015779,0.0003170444546047868,0.9021923906682057,0.94031843085011,0.5443960829696637,0.31738645334070614,0.004361202236486514,0.02310390866453482,0.0014203059585674031,0.37550950203311445,0.874345424619079,0.8215932205115541,0.4810166277658109,86.10229053162038,,
T0,0,1148,accel,0.515946,0.8098500526445549,0.9044515136546916,0.8180325405522627,0.8143434919833593,6.303233818660825e-05,0.8856734915457698,0.9406066272832089,0.5452690683425623,0.3462878893921057,0.004504936776758848,0.02161233143846982,0.0018811709850921226,0.4973559222152365,1.2450684751347902,0.7989199915447822,0.5450522547455311,110.40242002531886,,
T0,0,1150,accel,0.628717,0.785258282889536,0.8956224342106194,0.8021395446613553,0.7699244480289258,0.0010812780416860068,0.8652698151718343,0.9373148389547012,0.5380230784811374,0.37807644451758043,0.004763559475750627,0.02114680140922514,0.0024774143523021742,0.6549945271658392,1.7103800361496582,0.773010812252656,0.6213268050783999,137.50107047054917,,
T0,0,1152,accel,0.736242,0.7631807638153663,0.886817757096364,0.7864457343014257,0.7432587475594952,0.0026557812668526193,0.8477134213363997,0.9328123720806054,0.5299877519486355,0.4054493324946876,0.00515373207758433,0.021308270295324148,0.0031695665306118457,0.8379901121948276,2.2264382121855464,0.7511903409617383,0.696059320799091,162.5986953880638,,
T0,0,1154,peak,0.830951,0.7486058784656173,0.87865679672256,0.7720377664267501,0.7380241006546998,0.003654332757817569,0.8376357189004114,0.9280952103801902,0.5205832241449321,0.42386556360570016,0.005335441657827541,0.021769611865397866,0.003869248680110135,1.02297651878892,2.7242059425106255,0.7385041186675376,0.7576943142019376,191.7323034144938,,
T0,0,1156,peak,0.906964,0.7422543917825966,0.8716405730387997,0.7597572885674071,0.7537725003053285,0.0036100142149078085,0.8360170527340072,0.9234436808860821,0.5122146981084329,0.43333578188525723,0.005297144335028807,0.022302123748956595,0.004496985159424003,1.1889414725605227,3.137951925254559,0.7346452349666333,0.8014519358086912,224.44951418414712,,
T0,0,1158,peak,0.960739,0.7392084255282967,0.8653910609516057,0.7489016883749456,0.7831368444211345,0.002927506709607286,0.8386421229990998,0.9184533396665219,0.506190747826383,0.43794398438556587,0.005354889762096789,0.02303073227575816,0.0050168317519892385,1.3263818134464256,3.443286172894,0.7346747552750748,0.8319067531363268,247.6954470351338,,
T0,0,1160,peak,0.991296,0.7335267342040801,0.8587439562753616,0.7374411824394601,0.8175469769731105,0.002217257131750028,0.8404925085109825,0.9126860851490588,0.4985010166485115,0.44332724756192776,0.005502000398324702,0.023780672637660386,0.005418699722070268,1.4326302174736798,3.657282537635006,0.7321524433730651,0.8592065785184536,260.3835175856948,,
T0,0,1162,peak,1.0,0.7223579341060883,0.851016614164344,0.724229277583744,0.8508845014763221,0.0018713260238933938,0.8391297495522455,0.9064273248079635,0.48794380065238885,0.45163776819180906,0.005753925229145871,0.02478465866361309,0.00571158165244695,1.5100642007410434,3.793006961876911,0.7248858608424322,0.8881728924772306,262.44070623163134,,
T0,0,1164,peak,0.989996,0.7047016796667525,0.841252645484034,0.7077060135338858,0.8721592998021589,0.0020491125859932735,0.832474905093677,0.8990295059709636,0.4772864175825903,0.4639856940787677,0.0058938320888144045,0.026027622362686336,0.0058938320888144045,1.5582487275979817,3.868504432110226,0.711802600163334,0.922448535403615,264.3863456095569,,
T0,0,1166,peak,0.965439,0.6846133232193093,0.8304770981934195,0.6896922106237626,0.8802659002359566,0.0025999625956223404,0.8225640778694082,0.8918841329566637,0.4689685429848558,0.47791683141563784,0.006012025057222923,0.027216475005548576,0.005953117229089811,1.5739229091843465,3.8847737011347254,0.6961564167506129,0.9591337051467689,261.7957999515347,,
T0,0,1168,peak,0.930694,0.6663565951965482,0.820804025378118,0.6737192480769222,0.8859838939767514,0.0031142376098388658,0.8134070690520598,0.8855616172373157,0.46185072167938956,0.48982422271211684,0.006295917574231075,0.028190870452250077,0.005900752319289905,1.560078342044175,3.823803916514581,0.6821822382199489,0.9894378253325834,247.792053128127,,
T0,0,1170,peak,0.889659,0.6511503782313847,0.8129272999027357,0.6608507949271524,0.8928899743827778,0.003306387385766607,0.8062548117800281,0.8791948263868853,0.45447768387985144,0.49916203057604047,0.006508150366155986,0.029046053459540377,0.005755031753138624,1.5215518140792823,3.700828131779861,0.6708071509126416,1.012371743578188,233.79174242680892,,
T0,0,1172,peak,0.845329,0.6385303556805977,0.8067172301933129,0.6507926894907705,0.9026624746215018,0.0030568438817878407,0.8011561051191833,0.8727998593501735,0.45005262787158073,0.5065131577934431,0.006653783213719617,0.029730079444983622,0.005542814732590369,1.4654445315403808,3.535905305150437,0.6615801169404831,1.029843850619556,220.24230193113908,,
T0,0,1174,accel,0.799638,0.6276637429348642,0.8016540591453513,0.6426492305442183,0.9128254620005906,0.0026264067965522386,0.7971888576157002,0.8665969007176555,0.4464123999783857,0.5128376812587513,0.006764725933203196,0.0302294399701646,0.005292544933208786,1.3992766138654473,3.3513105016254188,0.6534822006320258,1.0446231538448139,206.84897328913212,,
T0,0,1176,accel,0.753564,0.6176343162541207,0.7968619420137811,0.6349889546299747,0.919769900185924,0.0022482721938087424,0.7931173445590917,0.8603015043511004,0.4428550258053308,0.5188196692564779,0.006834948341075416,0.03061162087894495,0.0050201647498966774,1.3272630125830978,3.160284181052592,0.6458035955662544,1.0589401869258905,194.18771676835604,,
T0,0,1178,accel,0.707404,0.6078422830502226,0.7918902611586741,0.627090185717953,0.9232290365965866,0.0019980287342000747,0.7885201058344158,0.8536989141106741,0.4384032250839319,0.5249771103640501,0.006903606340069533,0.031006005805884123,0.004740506040579576,1.253325068408864,2.969112201924629,0.637872403577507,1.0739802238354985,181.54642757284455,,
T0,0,1180,accel,0.661118,0.5984342491839232,0.786280303109235,0.6182367150575505,0.9197938540596243,0.0019765975862450214,0.7827022020216835,0.8462940435109907,0.4343045476588505,0.5310920670468499,0.006972500559109513,0.03146085742218206,0.004455781691676596,1.1780478382963446,2.7776063955530277,0.6299823331592969,1.0892841676979168,168.95629169326276,,
T0,0,1182,accel,0.614643,0.5914624694422727,0.7805002083787141,0.6091805752792162,0.9048592402711708,0.0022529370237145407,0.7756549534036705,0.838201226160921,0.42906674334957823,0.5356696164875521,0.00701684641924087,0.031904647057259775,0.0041557664308362946,1.0987278998556793,2.57675976365757,0.624066428987316,1.1009763261913506,156.5842878993135,,
T0,0,1184,accel,0.568077,0.589449724834043,0.7752305481478917,0.6009824027816807,0.8665524943587007,0.003192980087907693,0.7659490207246575,0.8285040225722144,0.4228091182941527,0.5375668920015058,0.00675082793953273,0.03231048349418603,0.0038408173710397044,1.015459668882893,2.3655992963581167,0.6216191096693732,1.1059149468518479,150.42001928924583,,
T0,0,1186,accel,0.521728,0.586042172322156,0.7697408705940845,0.5925010078629391,0.8103040162238058,0.004813466757405016,0.7508388609609559,0.8169082853836961,0.4146752889488994,0.5413504238653494,0.006361022551904212,0.03289450869384132,0.003535517368017622,0.934742516769298,2.1691943716368454,0.6161905666116793,1.113307195159047,146.94846766255796,,
T0,0,1188,accel,0.476028,0.5751079324585862,0.7630121374479689,0.5821875218929182,0.7505752808575842,0.006924914032482299,0.7294177739672344,0.8028039502963985,0.4059812107935596,0.550468468684483,0.006071907714069228,0.03369242984909303,0.0032565470978556973,0.8609865865074758,2.0000983460867,0.6025849200139956,1.1294569133039865,141.7983650364913,,
T0,0,1190,accel,0.431376,0.5548255786076255,0.7538488163889849,0.5682880379710735,0.6904570206905163,0.00944393960157175,0.7004562247303976,0.7855610915377464,0.39612331653308497,0.5654588533430626,0.005838154363176671,0.034810634442548984,0.0030042695270428607,0.7942878414810137,1.8555968680416983,0.5794437911957138,1.154930507164368,136.05118879536167,,
T0,0,1192,accel,0.387986,0.5250345046600977,0.7417057011452439,0.5501273471113579,0.6294892263234074,0.012500305229820263,0.6628478167082837,0.7647751442270426,0.38281087076556275,0.5857119434390271,0.0055880826170955425,0.0362239354901528,0.0027732623102685525,0.7332126876286197,1.7300690928148257,0.5467511134121983,1.1879018576642697,131.21006575413048,,
T0,0,1194,accel,0.345798,0.48595575955332027,0.7252143302904843,0.5259358248586757,0.5702611584061844,0.01596957982835001,0.6167187985064975,0.7403678948980352,0.3687766599192784,0.6097083136732125,0.0053957931451240155,0.03773527927356079,0.0025584428181183944,0.6764173471333385,1.6142266273657708,0.5054131933682615,1.2234012443261393,125.36013315198944,,
T0,0,1196,accel,0.304512,0.4398922953422095,0.7043636913826224,0.4961282097381542,0.5131237312041449,0.019663192026878995,0.5634251470640829,0.7113946198824578,0.3522108832466109,0.635082208871203,0.005216296987605963,0.03900838215817751,0.002351014593968612,0.6215761569740975,1.5006543966754007,0.45775180328390097,1.2547249015513522,119.16042327554896,,
T0,0,1198,accel,0.263724,0.38992913656003103,0.6780142104902651,0.4597032696267375,0.4612038578839401,0.022767404069427455,0.5062059767731265,0.6758787601578574,0.3327837644344099,0.6590570110756434,0.005057068604491557,0.039958764242916216,0.0021442860263553515,0.5669199464497293,1.3825843466887864,0.4068143035412104,1.2736575175407712,112.10446026897988,,
T0,0,1200,accel,0.223146,0.3406414634554712,0.6460615707908071,0.417395553252685,0.4173382111746292,0.024439714563102455,0.44989776235425494,0.6332916506233528,0.3069355809293949,0.6782979932317675,0.004904748455399939,0.04130281603478906,0.001939296815782366,0.5127235981769498,1.2573828105511013,0.3568691278711603,1.2714345211566709,104.5361658888869,,
T0,0,1202,accel,0.182834,0.2979059423636613,0.6099589105387346,0.37204987254560007,0.3871302325611866,0.024491310452716963,0.40214807758374127,0.5882906723586787,0.2796620150386549,0.6886479472299273,0.004785114948015775,0.04226350853704783,0.0017421208174421088,0.4605929565338531,1.1250860648978944,0.3140382042851698,1.2395393827863437,96.2553588654846,,
T0,0,1204,decel,0.143355,0.26475901935501034,0.5736514725241146,0.32907601192908503,0.37174273488253634,0.023549854238058998,0.36712225726403847,0.5476953194071147,0.2526242769846382,0.6877841898168824,0.004791238912840139,0.043629510884607224,0.0015621494804715498,0.4130109924377409,0.9913481507694129,0.2815119707947633,1.176761513767864,86.20129364263266,,
T0,0,1206,trough,0.105832,0.24231649302908043,0.5429468386661066,0.29479126961751917,0.3699957694085619,0.02256270423111073,0.3465201165996856,0.5179307639332569,0.22989915708597355,0.6752217632643294,0.004991848341094524,0.046528673489190125,0.0014083711495102935,0.3723541014809574,0.863310451559568,0.26053860762173253,1.0904338942841625,74.59243070660159,,
T0,0,1208,trough,0.071839,0.22760374664343697,0.5192722541606968,0.26964367394113126,0.37731814276758396,0.02188895755628603,0.33657634801598274,0.494955014820656,0.21406962924738962,0.6561453134930088,0.005354849279373744,0.050320048474441534,0.001290517083478352,0.3411950956475449,0.7510142883635441,0.24688355943040563,1.0025494457446988,63.71703064767644,,
T0,0,1210,trough,0.043158,0.21801086191780372,0.5036171126244016,0.2536301961281392,0.3865129572534365,0.021905951005188357,0.33237400463368516,0.47971747858595554,0.2022075185420949,0.63725936561083,0.00580665285423782,0.05391203308609752,0.0011946693788969101,0.31585427129819316,0.6588526315386075,0.23663891309371932,0.931511184184368,54.39523925865069,,
T0,0,1212,trough,0.021454,0.2098445086846713,0.49295929909098907,0.24300887056027923,0.390148733503331,0.022594349479153758,0.3274187032597473,0.46688913943616245,0.1954730875309188,0.625269770008007,0.006137364305102732,0.05704891386526933,0.0011090888313514057,0.2932279430773723,0.5865715137181985,0.2268978688136981,0.8893540875707407,47.77750325715169,,
T0,0,1214,trough,0.007926,0.20375916544360284,0.4881968671161608,0.23833618106203436,0.38685042227037575,0.02430591373555177,0.32174741704128096,0.45846653669544785,0.19436163313865182,0.6231222518131533,0.006376388989261686,0.05864197807558175,0.0010262162652112095,0.27131756816427954,0.530372700670563,0.2182589437858612,0.878323664643677,42.55034763738513,,
T0,0,1216,trough,0.003045,0.2017927499525224,0.4905237443133169,0.2406135437351563,0.37819208905317225,0.02620239300914992,0.3173232604744502,0.45733163724268044,0.19896857329912196,0.6296128191195052,0.006468260463062123,0.05901808668610165,0.0009475222228725357,0.2505119378891138,0.48674706227868547,0.21291605400188185,0.8936719851951082,38.72941408585757,,
T0,0,1218,trough,0.006411,0.20808924333751722,0.5066064140427744,0.256650058749279,0.3717367743956165,0.030370995713207505,0.3223186813146135,0.48373088877849674,0.2080903599207592,0.6391586435694819,0.006386675208330024,0.05819698597119458,0.0008763534289668538,0.23169588054695087,0.45465309521455693,0.217248145075848,0.9243842379208014,36.27801210945472,,
T0,0,1220,trough,0.016793,0.22833029426592966,0.539989485441355,0.2915886443872194,0.3779764812323089,0.037010136588449316,0.3459740919576085,0.5380101323053857,0.22352205212827309,0.6467794824352325,0.00632841460246712,0.058275600925858165,0.000840048002242565,0.2220972214495206,0.43847747042095037,0.23539274548027533,0.9610799287421334,35.09523876057938,,
T0,0,1222,trough,0.032322,0.26756433026401505,0.5864043539576637,0.3438700663405049,0.4076073189785326,0.04433735635916125,0.3949218371797058,0.5989558720622454,0.23779941140634864,0.6403678194370828,0.006671243029581885,0.05997539119890656,0.0008395736984402229,0.22197182200051066,0.4340054095873191,0.27472329006040075,0.9713691095534621,33.2729329476133,,
T0,0,1224,trough,0.050802,0.3235687136140646,0.6274306729443508,0.39366924935140096,0.4608631998839975,0.042355812655624825,0.4609038389144156,0.646353123566748,0.24834859690895478,0.6183185442555076,0.007129946646242212,0.060043728968495594,0.000859460187512483,0.2272295381733299,0.4337289217810799,0.3331444118696043,0.9465819319824851,31.869738926179707,,
T0,0,1226,trough,0.070062,0.3873479068812268,0.6641008116053655,0.44102988797490517,0.5222227996171706,0.03355261080795596,0.5309909600142817,0.6831365165558706,0.2582367581701564,0.5852104851450222,0.0077044836452252715,0.05781674045342537,0.0008720281047408092,0.23055232388125044,0.4305411894880789,0.4005522895758409,0.8938016097381725,29.924435497261584,,
T0,0,1228,trough,0.088271,0.4364649751422115,0.6889880993454608,0.47470460103967055,0.568675317985422,0.02376446053887049,0.5816854229928934,0.7066120569532118,0.26593540911299884,0.5553316516461528,0.0075840710653695504,0.054877188687628135,0.0008706209527096524,0.23018029209801583,0.4260077697817592,0.4551812648046992,0.8430072184742757,30.350492514378857,,
T0,0,1230,trough,0.104151,0.4748082656054792,0.7062500481132793,0.49878913046000933,0.6073369385643964,0.014197061613900885,0.6202669804161255,0.7201146222753438,0.27311980805975794,0.5331979186529963,0.008054932856918677,0.05200239521289966,0.0008575529657545616,0.22672529478248604,0.41834513851782923,0.4941721332849063,0.8057042576319119,28.14738481497625,,
T0,0,1232,trough,0.117053,0.4984828191192049,0.7179993828734708,0.5155231138066848,0.6338461115008173,0.009958521604760517,0.6447472665818527,0.7331047520800744,0.28010769862730084,0.5190671567798046,0.008020169846624736,0.049621000096956455,0.0008390257881510961,0.22182696200144655,0.41032149696238157,0.5191102642875062,0.7827682358613773,27.65863644331694,,
T0,0,1234,trough,0.126894,0.5159818002405517,0.7264821810784993,0.5277763594245733,0.6567319974161375,0.006929471063088388,0.6634617442925268,0.7417635517446903,0.28325845990176357,0.510095624708138,0.008407611161932978,0.04800781029532823,0.0008172028760667725,0.2160572820249136,0.3999833516963402,0.5362656323326409,0.7699539405926429,25.697820446686816,,
T0,0,1236,decel,0.133992,0.527309047518265,0.7320173212054792,0.5358493585448457,0.6760184334142146,0.00540443559272219,0.6767715941920801,0.7472347896861153,0.289624809210094,0.5048480946373775,0.008480605001539016,0.046345883518750935,0.000792521223020401,0.20953178997238045,0.3888064728485206,0.5474626209061659,0.7638748376119654,24.70717477519065,,
T0,0,1238,decel,0.13886,0.5359203544785369,0.7368785564251454,0.5429900069192063,0.6896986249146325,0.0048437065033326565,0.6865444780800202,0.7493408860277293,0.3019600558707515,0.5014075291278831,0.008563673512408743,0.04516448079344388,0.0007695079995445546,0.20344740791690535,0.3779359245117543,0.5558687222076257,0.7611690930514787,23.757025255821645,,
T0,0,1240,decel,0.142008,0.5424191067977047,0.7404243961894184,0.5482282864724648,0.7024618092770359,0.004368021669679867,0.6945022063588915,0.7493647627841232,0.3173885381115796,0.49911632473730116,0.0087014655668474,0.044281448696882775,0.000746976280589103,0.19749032908197192,0.36683910755380034,0.5622515857814963,0.7603388412892609,22.696214512921873,,
T0,0,1242,decel,0.143829,0.5490516174620417,0.744872526950255,0.5548350814052583,0.7105362936320198,0.004604487024732373,0.7012530991420163,0.7514691839635208,0.33298564225128746,0.4972618837804531,0.008288683330783416,0.043230690413090266,0.0007265320048580731,0.1920851417328108,0.35672812481125077,0.5680389730149378,0.7604730493851442,23.174385371850803,,
T0,0,1244,decel,0.144562,0.5550250223382001,0.7490318943724309,0.5610487787871524,0.7182083424330721,0.005073665094794011,0.7074259398491383,0.7520648191325244,0.34810868728088157,0.4960968836908574,0.008164858144477297,0.04210006576438646,0.0007078591769568783,0.18714830100181773,0.34726879478450434,0.5728662841102476,0.7620495814032274,22.921194427413866,,
T0,0,1246,decel,0.144347,0.5598048686400703,0.7524319560657916,0.5661538485089933,0.724715936119651,0.00558080210726819,0.7124399924576609,0.7511528864885993,0.3634033116132755,0.4959412151939386,0.008270817872483264,0.04106636378030102,0.0006894596902952732,0.18228372796226416,0.33813050677063655,0.576433981139265,0.7658771138960154,22.039383622352037,,
T0,0,1248,decel,0.143324,0.5621805541838153,0.7546487748773356,0.5694947734238636,0.7278486702122211,0.006595973629987095,0.7150280255902551,0.7493384933094885,0.3748262655347704,0.49659615148399133,0.008704857518303818,0.040355540338298565,0.0006715618180228212,0.17755177491796395,0.32947810364354474,0.5786676305360808,0.7711497025820513,20.396861699875444,,
T0,0,1250,decel,0.141737,0.5638258872477546,0.756372200214537,0.5720989052573796,0.7287511469554024,0.007510095426480956,0.7165101903110723,0.7464200574008055,0.38885775540520146,0.49791754349004924,0.009430765961570484,0.04031285224721851,0.0006546904335296926,0.17309121122645194,0.32159542676570185,0.5800160901733498,0.7779133661923803,18.35388683504425,,
T0,0,1252,decel,0.139984,0.5652804320871887,0.7577936573995482,0.5742512271949838,0.7287064229526478,0.008124727900026163,0.7175564306756421,0.7428516283269407,0.39991391684338695,0.4991677334618906,0.010278499186035276,0.040359194141746664,0.0006409905433037114,0.16946914731435267,0.31478204166301327,0.5814801980684452,0.7847117316207718,16.487732717301697,,
T0,0,1254,decel,0.138593,0.5676443962498532,0.759643934130056,0.5770589066605889,0.729225406391532,0.008489223580956384,0.719296801983057,0.7371662061620539,0.4057054313298851,0.4992845437774431,0.0112461948402014,0.04093129942395423,0.0006328833415315581,0.16732571386469375,0.30977567317681554,0.5847145905584384,0.7897087528177623,14.87842921470292,,
T0,0,1256,decel,0.138119,0.5735087018149994,0.7634843049482536,0.5829082839023179,0.7286954085147566,0.008189314772257927,0.7229111937016649,0.7315707919972295,0.4128007853614495,0.49680560472065327,0.011788455378108608,0.04106598850116728,0.0006281018819845626,0.16606156124838367,0.30622841320058247,0.591473835539109,0.789637034703946,14.08679559128359,,
T0,0,1258,decel,0.138984,0.5840076602052489,0.7702429119098781,0.5932741433474084,0.7312328608278669,0.007744699056738247,0.7303035004239086,0.7290453032446598,0.4202854327239505,0.4903195847309284,0.011636776368116783,0.040395589165983965,0.0006284651035468522,0.16615759206988404,0.3049210217150826,0.6031976810169484,0.7810218913422987,14.278661616728641,,
T0,0,1260,decel,0.141323,0.5979867120896634,0.7796192685928943,0.6078062039613195,0.7333292959215283,0.007676730301740431,0.7398727518942811,0.7278051925557562,0.4270112564087806,0.48083476687614535,0.011055843339260603,0.04010921917968602,0.0006322756296151485,0.16716504313193084,0.3059619248715097,0.6181951982815335,0.7655968440839364,15.12006257707253,,
T0,0,1262,decel,0.144882,0.6120550795290245,0.7889613082131863,0.6224599458574624,0.7371161081972963,0.007716941563750357,0.7498835337272707,0.7312373324692166,0.4332964962027873,0.46984076503425065,0.010483559262473076,0.03973571688046605,0.0006382937255501959,0.16875614552372575,0.30845389879097446,0.6345245657669827,0.7466341956216914,16.097218635259196,,
T0,0,1264,decel,0.149013,0.6236062058426446,0.797029857415001,0.6352565936109767,0.7376267368132583,0.00812165703110701,0.757511795639342,0.7337236884624017,0.4385134130798532,0.4609246872570385,0.009911963101357581,0.03958640846069204,0.000647744613256147,0.17125483118706844,0.31252952925987115,0.6481875659346901,0.7323440250141313,17.27758965967223,,
T0,0,1266,decel,0.152788,0.6278591790961319,0.8007918002838182,0.6412675074017986,0.7344047101971067,0.009001082575485708,0.7596535061143355,0.7319304641156101,0.4364166593698832,0.4575980822145426,0.009471712109401906,0.0393255541641634,0.000657058488530635,0.17371729263435354,0.3175075657108566,0.6550708400408004,0.7300059111359319,18.340643236180767,,
T0,0,1268,decel,0.155218,0.6253186111012757,0.8008219295533672,0.6413157628535782,0.7259436352621227,0.010390392796336245,0.7562864880925594,0.72824757174101,0.4341263989659802,0.4605726350425264,0.009147188872375,0.0391953345894987,0.0006621404282198282,0.17506088809738748,0.3219374366610588,0.6547116693452452,0.7416521606812764,19.13821727526374,,
T0,0,1270,decel,0.155519,0.6162797918494585,0.7984135496655576,0.6374641962895558,0.7097840974882086,0.013329224646840276,0.7470737134463796,0.7263892791529369,0.4302874638696379,0.4691921648297235,0.008767388700140865,0.039372163451521905,0.0006613064546875709,0.17484039688285888,0.3252949841819845,0.64770792899914,0.7660679873887725,19.94212904921733,,
T0,0,1272,decel,0.153355,0.6011967269891549,0.7919381326665744,0.6271660059714208,0.6921471470515892,0.016011038172255687,0.7332560018513238,0.726696724994499,0.42239425400031705,0.4827167938654733,0.008452474982483589,0.03948791374305018,0.0006500638678742588,0.1718680104400891,0.3252171897998164,0.6348615581312524,0.8024760409186115,20.333453905070197,,
T0,0,1274,decel,0.148997,0.5838678751192214,0.7825920308792821,0.6124502867957592,0.676562470784001,0.01734014406253892,0.7178912374164491,0.7277286666516501,0.41538033661339097,0.49815394637919536,0.008423654447967659,0.039482432788778284,0.0006305809795239876,0.1667170007872419,0.3214102438741106,0.6193417968443458,0.8443487047245721,19.791528939967975,,
T0,0,1276,decel,0.143318,0.5683268396134098,0.7737102813366703,0.5986275994460695,0.6605186561423865,0.01748841581853655,0.7030670757669637,0.7282319699077998,0.4113062133078263,0.5122033926577616,0.008298359385132714,0.039611442503773554,0.000608378382672613,0.16084693734266473,0.3154895271175291,0.6045672339972614,0.882920591956416,19.382980403432157,,
T0,0,1278,decel,0.137643,0.5597822311997247,0.7657803620417932,0.5864195628888599,0.6560755236440046,0.014602180121250252,0.695358883073469,0.7259272471356424,0.41169471409415587,0.5200550957766905,0.00817114758958977,0.039849965453055455,0.0005892124609902844,0.1557797293488349,0.30857002129830324,0.5970266433386572,0.9068872058276695,19.06460844585672,,
T0,0,1280,decel,0.138366,0.5864734429801691,0.7779443503050104,0.6051974121714847,0.6855062209962667,0.010179161441215556,0.7206086531748764,0.7406270139103874,0.4233504639146322,0.497568877172604,0.008129434033997194,0.03921797561223792,0.0005977998706627531,0.15805012321039105,0.3132513741265204,0.6252299927501851,0.854083292141829,19.441712983883917,,
T0,1,1120,decel,0.138366,0.4912827334306771,0.7141172478197256,0.5099634436336195,0.6055083717220578,0.0068848222357437705,0.6296265531242115,0.767260041780127,0.3944162163996428,0.6469534632179714,0.0030592937315932966,0.04004987098034928,0.0005548042830989452,0.1639169657826594,0.4825879820123442,0.4290148098145996,1.2521060463129081,53.58000249858014,,
T0,1,1122,decel,0.14356,0.5238869565954916,0.7448720562520482,0.5548343801851545,0.6071027692215958,0.011967047140783782,0.6551257038788053,0.7865379973333629,0.40877758634226324,0.6253813341342773,0.003016539989012537,0.038440364320755954,0.0005640447039300903,0.16664704878911313,0.49180350078272933,0.45527143530594827,1.1776102187418496,55.244435477769,,
T0,1,1124,decel,0.145546,0.5179652495367787,0.7473214668826161,0.5584893748635851,0.5895623355536072,0.015636181809122962,0.646399865422812,0.7833897911508074,0.41255851451990844,0.6297245272173055,0.0030463149712881017,0.03822673761253677,0.0005722912063446212,0.16908347852710817,0.49887261394223176,0.4522228394356336,1.1985107936197268,55.50426666997373,,
T0,1,1126,decel,0.142589,0.49570396796483096,0.7378084936268618,0.5443613732679391,0.562932629822315,0.018075837561721597,0.6222413866156098,0.774738958087649,0.4081309134240566,0.6483841745149935,0.00306532391512552,0.0383717188690468,0.0005623622656695028,0.16614997228268868,0.49557433145321766,0.4345466367486608,1.2801767961306882,54.20307180681266,,
T0,1,1128,decel,0.134389,0.45720408282360203,0.7133528471272155,0.5088722845045045,0.5233686346250075,0.015574200680818329,0.5790612038413676,0.7638467206516526,0.39398010903886493,0.6801739062935991,0.0030441895844222217,0.03802924708245675,0.0005313305966715029,0.15698166342084666,0.4817183030302442,0.3982004646410954,1.4144383123064197,51.5676369908615,,
T0,1,1130,trough,0.122509,0.4032976075232537,0.6738126939648703,0.454023546548196,0.47921058016094564,0.012855956327986584,0.5197561373995089,0.727584035971891,0.371676735911325,0.7133908798731429,0.0029915545842126782,0.037791304133832325,0.0004890743110493163,0.14449704076122138,0.4612399958813947,0.34704498177683785,1.5189553580438462,48.30165611009579,,
T0,1,1132,trough,0.110418,0.3566572722908674,0.6292972260160354,0.3960149986714772,0.45567334544615246,0.009212474476464783,0.47130511377212364,0.6683356973759814,0.34873482145098955,0.7344082572509728,0.003002123079444304,0.03935069597784363,0.00046198950417224063,0.13649483259999173,0.4390127027901759,0.3048636427238409,1.5513703683063718,45.46610148483887,,
T0,1,1134,trough,0.103096,0.35718955204991976,0.6223992454184429,0.38738082069744717,0.47131421159597725,0.007364581202391807,0.47717805915190986,0.6668691160076474,0.3460152920804016,0.7318751181764852,0.003002218300461319,0.04078833253011535,0.00045005734696794945,0.13296947588636973,0.42315541488952224,0.3077836703917617,1.5388507371811166,44.29040881735273,,
T0,1,1136,trough,0.106265,0.42487001329896157,0.6616583368770409,0.43779175475889176,0.5628289773339696,0.0031544991522364785,0.5642726737306574,0.7212301882875707,0.37056201628545926,0.6884475351234541,0.00297989625267474,0.041147970443609315,0.0004637782858305054,0.13702332827099242,0.42072675574468676,0.37972546625806614,1.4174870625762326,45.98258350370452,,
T0,1,1138,trough,0.125362,0.5631701738449961,0.7591231570609757,0.5762679675862227,0.6673272099403285,0.004671297833449883,0.6987374074639686,0.7922934168387961,0.4076219055929731,0.5812463231984676,0.003017509108576249,0.037462135443190776,0.0005269090112558647,0.15567530568829288,0.4493234217969005,0.5022980362011324,1.025609946768727,51.59066636976786,,
T0,1,1140,accel,0.164472,0.6820237388228312,0.8282861404199254,0.6860579304117365,0.782049439129279,0.0018963590426648302,0.8029273520041902,0.875162087632065,0.4504325736404434,0.47371279402664784,0.003006327398553873,0.0326088825960273,0.0006292851570264219,0.1859223454002054,0.5175921114147848,0.6221704043542013,0.7433852245651397,61.843678599223495,,
T0,1,1142,accel,0.225431,0.7492404093562766,0.8658092601905212,0.7496256750316576,0.8471074091320631,3.550644236827161e-05,0.8540080773309285,0.9141782317426477,0.4946441099847444,0.41446858091119004,0.003114572240857668,0.028770423760524817,0.0008124075560736077,0.2400258715139409,0.6523907633315875,0.6929372137675487,0.6244399591746563,77.06543722609058,,
T0,1,1144,accel,0.307278,0.776104754602821,0.8818979524585301,0.7777439985505478,0.8414630421558672,4.261976542352386e-06,0.8689187265051962,0.9312029991898829,0.5268177509154882,0.39558725336035117,0.0032663771333276896,0.025741118925615397,0.001075025549315426,0.31761637671278514,0.8748686058989543,0.7205457266001281,0.5963578120212272,97.23812154820189,,
T0,1,1146,accel,0.406197,0.7742530550447188,0.8840128629133156,0.7814787417961965,0.7998504466251225,0.0001423744360107282,0.862341291149679,0.9369326088238262,0.5426282933179369,0.4033464378599164,0.003471161342794287,0.023159862679676575,0.0014312397973941103,0.4228599022087772,1.2064329897954185,0.7195612845485244,0.6224666335011764,121.82087216619404,,
T0,1,1148,accel,0.515946,0.7547739292730211,0.878460550472151,0.7716929387358346,0.7525334082235972,0.001061364307925805,0.8435427498926891,0.935602431987449,0.5465611264775161,0.427189403087556,0.0037877039320675723,0.021881164690720385,0.001919508942194018,0.5671190565430654,1.6650359707720446,0.7007520841888752,0.683902723423574,149.7263425849378,,
T0,1,1150,accel,0.628717,0.7289838648031455,0.8691802568207051,0.7554743188469069,0.7148098991667938,0.0026602467215648407,0.8209475892105719,0.9307721393893557,0.5411162962511622,0.45622690383510917,0.004183754616337876,0.021695722861583024,0.00253891610520372,0.7501229478927796,2.237156855535151,0.6757558172596796,0.7624276604985109,179.2942026196979,,
T0,1,1152,accel,0.736242,0.7079565686771341,0.8597576152812361,0.7391831570340779,0.6948241292875394,0.00402353355491103,0.8035763887799008,0.9250557029149075,0.5324429401549303,0.4807035351242388,0.004579347083656008,0.022012799706232468,0.0032339370589127615,0.9554669392026637,2.8575706026318928,0.6556552684709149,0.8381443184751941,208.64697996200994,,
T0,1,1154,peak,0.830951,0.6953046308033444,0.8520945588000866,0.7260651371367142,0.6913772573788076,0.004930455357231578,0.7945319337424813,0.9201252900781229,0.5257489468259728,0.4975493545564333,0.0049214204283003805,0.022478841113585075,0.003927965759671133,1.1605177693061233,3.4536913923770203,0.643737837072469,0.9007259108211537,235.80951601546258,,
T0,1,1156,peak,0.906964,0.6888472146940607,0.845325878869507,0.7145758414865045,0.7019259976562618,0.00516510086047095,0.7922691682521069,0.9145542900716832,0.5191361391431061,0.5077859947910417,0.00519828024801688,0.023008805979426672,0.004556933805873526,1.3463464242903116,3.9636692608311734,0.6386140388312087,0.9486666889884332,258.9984302604571,,
T0,1,1158,peak,0.960739,0.684497321565797,0.8384357351789955,0.7029744820251427,0.7218594689029477,0.004887134600481735,0.7932442676330187,0.9078048497051547,0.5092320647130247,0.5142189584244578,0.005418736612872672,0.02357463040822174,0.005077805722746573,1.5002380700042302,4.351697882083523,0.6366413115362031,0.9854515578270452,276.8612274751067,,
T0,1,1160,peak,0.991296,0.6781188615065487,0.8306584907107911,0.6899935281899294,0.7445530582753082,0.004460521188479394,0.7935097160797063,0.8995593319821545,0.49914988472188443,0.5198634178116119,0.005609232602439222,0.024371744428707254,0.00548271414545477,1.6198682929351755,4.613789698323149,0.6341053402731844,1.0168456443447436,288.78607962001115,,
T0,1,1162,peak,1.0,0.6686601949801814,0.8222603278099825,0.6761120466901799,0.7657968324645038,0.0042637254033695005,0.7917030039756999,0.8908329777398754,0.48494782394426084,0.5262925065062946,0.00578597232044814,0.02542293624448459,0.005773268010838974,1.705712453589768,4.759923527048251,0.6292059426915665,1.0463293580888646,294.8013504249975,,
T0,1,1164,peak,0.989996,0.6554386576685081,0.812797843217196,0.6606403339385254,0.7842374071409485,0.004385977761152016,0.7872308866396849,0.8833654314926053,0.4718872721348218,0.5347544570300992,0.005942912006563913,0.0266923733463207,0.005942912006563913,1.7558337844619005,4.809606615896267,0.620472373414139,1.0770074547731376,295.45007271226496,,
T0,1,1166,peak,0.965439,0.6415410000009654,0.8037999743333231,0.6460943987382508,0.8012264836877925,0.004546775883182752,0.7822917215153078,0.8777533657575441,0.46067663209489285,0.5435578255282009,0.006054932343198254,0.02811815035144277,0.005983411807133734,1.7677994534850863,4.769084530846664,0.6105815219199102,1.1065594253226012,291.96023230068386,,
T0,1,1168,peak,0.930694,0.6300171526198403,0.7968420408934644,0.6349572381352616,0.8140201824481185,0.004644996968149795,0.7780911357762045,0.8719774218106223,0.4522527126756689,0.5510432710728238,0.006114403257140464,0.029444386191467796,0.0059090651876666025,1.7458337393576113,4.651954365073824,0.6020965546988495,1.1321993736202467,285.52806642558426,,
T0,1,1170,peak,0.889659,0.6217457813019602,0.791981145670312,0.6272341350972599,0.8249388998978611,0.004402140231576257,0.7755069689199592,0.8656615486527718,0.44647098280441144,0.5566813128214959,0.006115367434726515,0.03048849271063619,0.005745099246657967,1.6973899901642748,4.477838686626824,0.5960102502026136,1.1534718657945215,277.56140710785985,,
T0,1,1172,peak,0.845329,0.6152540364198864,0.7882002822722726,0.6212596849740901,0.832964286794681,0.00400183245332153,0.7733897616748213,0.8592816845372487,0.4424749086179305,0.5611299823565447,0.006054030186802272,0.03132869283761112,0.005528981894712054,1.633538102817473,4.273540379128131,0.5915249132605253,1.1721663387905357,269.8265539505519,,
T0,1,1174,accel,0.799638,0.6097088470371087,0.7848641044603475,0.6160116624703432,0.8377063966571149,0.003510507588625922,0.7711254721053974,0.852806947348703,0.44013717839216077,0.5648729879166419,0.005938542259818802,0.03202662876693868,0.005286923591352486,1.562021959489281,4.055470909798712,0.5880848995831972,1.1898769435036387,263.03121054777876,,
T0,1,1176,accel,0.753564,0.604778285135146,0.7818114614772855,0.6112291612972491,0.8396889637673121,0.0031010708907710516,0.7686297506170602,0.8476638944067786,0.43691448499612484,0.568187567778188,0.005768941597643612,0.03261576550869286,0.00502439468471943,1.4844577749354733,3.832336583440553,0.5853183316257828,1.2073201125164927,257.31891193729825,,
T0,1,1178,accel,0.707404,0.6008168375325135,0.7791795153078112,0.6071207170753156,0.8379063234496757,0.0028550415482705427,0.765867020033793,0.8432918830074487,0.4324208122020205,0.5706472272664859,0.005553042151678572,0.033089103953416396,0.004739364288251378,1.4002455235737814,3.6038978159959334,0.5838059448748196,1.2233691334113612,252.1582738482393,,
T0,1,1180,accel,0.661118,0.5977454118781051,0.7767982107744964,0.603415460262459,0.8301048658344043,0.0028284489106776833,0.7622471866557076,0.8383680236114557,0.4262875400896043,0.5724683246113468,0.005299188650422676,0.03349334055519261,0.004440453857797241,1.3119324151616523,3.3727326591284026,0.583266758374665,1.2386630510891101,247.5723175201565,,
T0,1,1182,accel,0.614643,0.595114417874585,0.7743445709005923,0.5996095144832224,0.8098909274228286,0.003231553146631483,0.7559687826229299,0.8330966721159685,0.41906686216512057,0.574216921285915,0.0050535232599832,0.03394203777355442,0.004135998377544822,1.2219810213834275,3.143131241242023,0.5827928206639978,1.2539847546888006,241.80773660622071,,
T0,1,1184,accel,0.568077,0.5895014497481279,0.7705208243459786,0.5937023407508064,0.7710078278698854,0.004200653830246148,0.7432223476733436,0.8259557214467883,0.40990712621408415,0.5782511155343038,0.004878092841946341,0.03431632740114222,0.0038275824427826525,1.1308595110323234,2.9269509563336626,0.5789030485323889,1.2742111055397116,231.8241057874402,,
T0,1,1186,accel,0.521728,0.5772878803582724,0.7650875363085042,0.5853589382146168,0.718550627985431,0.005905374020074294,0.7223055705509045,0.8172013761148125,0.40073468908929216,0.5871455061798238,0.0047766132124078785,0.035087523203061736,0.0035269695875120876,1.0420434210843934,2.734431089862957,0.5674510531674791,1.3031475874388907,218.15528592048213,,
T0,1,1188,accel,0.476028,0.5576867259947311,0.7578419991341556,0.5743244956516536,0.6647994835345449,0.007980859947818608,0.6949435742122442,0.8064587698606591,0.3894094731154666,0.6006259612257634,0.004647285638879799,0.03592222807997126,0.0032416708140073584,0.9577518777077011,2.56051350188692,0.548515529234957,1.3398094960259899,206.0884464890696,,
T0,1,1190,accel,0.431376,0.530500873547121,0.7481819702377039,0.5597762605887725,0.6109907833786588,0.01045396528985798,0.6607085981882833,0.7927391332599928,0.3781166584901885,0.6181896580263102,0.004525381565890351,0.03682780161806018,0.0029728528964079,0.8783296044065815,2.401934091409846,0.5224398782473905,1.383113363242511,194.08962351968515,,
T0,1,1192,accel,0.387986,0.4956632626758092,0.7353925336289389,0.5408021785171899,0.5570085346710888,0.013318064757186554,0.6189591536897171,0.7752022293917868,0.36501186134829783,0.6395358747539212,0.004401454789997733,0.03757489362565443,0.00272289354227166,0.8044790950519186,2.257517308179689,0.4892708989905551,1.4330149006806812,182.77572608040646,,
T0,1,1194,accel,0.345798,0.4537645629206851,0.7186141468252837,0.5164062920174304,0.5036464931408431,0.0164306369661516,0.5699239790655879,0.7530297410658571,0.34928368683981775,0.6641230970560867,0.004272946468358641,0.03875639275499789,0.0024935667675809133,0.7367244827946683,2.1246812117595586,0.4493844396929879,1.4888625215980242,172.41603381885216,,
T0,1,1196,accel,0.304512,0.4060560980927509,0.6967284671523089,0.48543055694040593,0.4515442295720209,0.01925914848982796,0.5144150338511415,0.7236420893608135,0.33229185500084507,0.6908967004908206,0.004135970517774568,0.04012821041092918,0.0022816588422546677,0.6741162708487238,2.0010827023694797,0.4041016307383194,1.5489232712568775,162.9886547671631,,
T0,1,1198,accel,0.263724,0.3564257249176469,0.6698701308092005,0.44872599215033543,0.4031737666046133,0.021173316552742683,0.45631317473423605,0.6872588339822322,0.3138614746981074,0.7176370979384453,0.003978427768862724,0.04127795840873793,0.0020783256352538268,0.6140414600555074,1.8814701370070968,0.3565434500275809,1.6061697641528923,154.34274435276168,,
T0,1,1200,accel,0.223146,0.30861857492800204,0.6379669643748163,0.4070018476336181,0.36111166805349754,0.02173441760445083,0.39991338485909017,0.6448069758557957,0.29451300092309823,0.7419919662495774,0.003767659251859497,0.042058963168146724,0.0018809674746776302,0.5557319771629112,1.7630051606289205,0.31015892096784903,1.6512594551518647,147.5005938736722,,
T0,1,1202,accel,0.182834,0.26809512983425365,0.6043383710505698,0.36522486672405613,0.32846334387899373,0.02102270627288466,0.35167169821027694,0.5992152776461749,0.27477083923418527,0.7607426400108968,0.0035489051921857515,0.04246551979200985,0.001693979331126023,0.5004863165542575,1.643447568637663,0.2703869684328376,1.6728728583365173,141.0255527975969,,
T0,1,1204,decel,0.143355,0.23668093773729915,0.57255779369894,0.32782242712539794,0.30552892953081295,0.019837075089178757,0.3142927177595604,0.5585074155975044,0.2558982923788098,0.7729525351300395,0.0033477460407505292,0.043672275515459665,0.0015298266137977008,0.4519873842836888,1.5280658626604418,0.23926215578065146,1.6684027035377873,135.01244681701064,,
T0,1,1206,trough,0.105832,0.21320946649102956,0.5444840900906677,0.29646292436186233,0.2905165521963471,0.0187539475667296,0.28678075255840224,0.5254750809706179,0.24027573381107886,0.7800314479217049,0.003199047633713127,0.046249698138755735,0.001399813947515866,0.4135751325772053,1.42551103318748,0.21582669091321183,1.647791627418184,129.28070473810658,,
T0,1,1208,trough,0.071839,0.19570092282697982,0.5226861436006075,0.27320080471207486,0.2793242024021453,0.018274847461211274,0.2663491903090129,0.4992761558796452,0.2259310829836128,0.7843914951564253,0.0031008836872182875,0.04976990814042506,0.0013027980766661068,0.3849117864804002,1.3409165623010246,0.19854513585072298,1.6274222343394902,124.12970794970171,,
T0,1,1210,trough,0.043158,0.17940339774301084,0.5032449961871167,0.2532555261873711,0.2671881228274463,0.018129280984016782,0.24682656061872535,0.4760276819237339,0.2137022957042294,0.7909317743287666,0.0030285449802513707,0.05292420263738662,0.0012292882464407001,0.3631933017952375,1.2779203507810848,0.1822829504655301,1.6316505836825477,119.9233639135491,,
T0,1,1212,trough,0.021454,0.16341240032319926,0.4858871554479515,0.2360863278293018,0.2519024786455823,0.017925098527793393,0.22637034832373648,0.456818737146071,0.2033549433332304,0.8022988218020878,0.002945542456685387,0.05607684233376524,0.0011650518215960508,0.34421464540410995,1.2342924130906543,0.16537200927893503,1.6773702910133732,116.85950906015933,,
T0,1,1214,trough,0.007926,0.14799143170771434,0.47167343032631365,0.22247582487579184,0.23315755001638755,0.01759456800805853,0.20518401443354403,0.446122225764021,0.19909211278591887,0.8184640201990279,0.0028279894311066265,0.05816957745049073,0.0011003127017212596,0.32508746772977487,1.2056143200222882,0.14839260167944213,1.7717935102512283,114.95356529764831,,
T0,1,1216,trough,0.003045,0.13529647278552792,0.4635873398821192,0.2149132216989795,0.2142649335334868,0.017455086605978998,0.18682306217771846,0.45186346572329666,0.19928862468524713,0.836108444872769,0.0026777058520149884,0.05770883940772644,0.0010334323909305123,0.3053276750436297,1.1860780900540626,0.1338826712888762,1.9038851080595363,114.02584597328676,,
T0,1,1218,trough,0.006411,0.12807675911367955,0.4629783135903959,0.21434891885500695,0.20086988491092977,0.017571331356508624,0.17581366620020017,0.49046200990959676,0.20535208067873423,0.8517985745099753,0.0025389823623851106,0.05667110714805837,0.0009779044464656012,0.28892193981390907,1.1736769295915268,0.12407875634682797,2.0559031694508256,113.7943863235414,,
T0,1,1220,trough,0.016793,0.12944736939772117,0.46933477066697177,0.22027512695701898,0.20193597969383567,0.019325644145402887,0.17880433622791908,0.5365940973577275,0.2142086435950974,0.8598574734328827,0.002492364014016404,0.056267905720643115,0.0009608650040615546,0.28388763531665706,1.16505957197131,0.12355297778284113,2.1741175173398553,113.90295868506654,,
T0,1,1222,trough,0.032322,0.14475781641856666,0.4892154658417898,0.23933177201879943,0.22140622516903358,0.022852166210514474,0.20210484158910888,0.6019315867091344,0.2200464972238263,0.8555632079672161,0.002503035863912369,0.05721838232920026,0.0009653677188304194,0.28521796272252076,1.1544079703177013,0.13615858156505145,2.1898989650411167,113.9488118547015,,
T0,1,1224,trough,0.050802,0.17370258080804213,0.5163581619993464,0.2666257514633432,0.2574795852798167,0.025905053170971692,0.24345649009575926,0.6600270357747198,0.21995833247987176,0.8393384284847446,0.002524745202217467,0.05798677442503097,0.0009701664209541898,0.2866357396139132,1.1366099086318848,0.16137147912553218,2.098667041228251,113.53056116797963,,
T0,1,1226,trough,0.070062,0.21042447971057465,0.5440523095722058,0.29599291555085133,0.30044547941440236,0.026224148140743753,0.2928065951645241,0.7000180953232633,0.21957508875011394,0.8172947311656802,0.002554277372231062,0.05686256517744156,0.0009714723513064762,0.2870215768314534,1.1128056038303746,0.19161646906693763,1.9610289061562998,112.36899326276034,,
T0,1,1228,trough,0.088271,0.2415192805590759,0.5592169098257606,0.3127235522350728,0.3380957967886699,0.022309725045235096,0.33268662773720464,0.7248563970604401,0.21842348815066073,0.7986132231076568,0.0025771834164424385,0.053659767288804276,0.0009622900622694463,0.2843086688677979,1.0863097895259883,0.21494919298995208,1.843875472289743,110.3175920867361,,
T0,1,1230,trough,0.104151,0.26446605916610855,0.5713392254745443,0.32642851056585215,0.3655137305992161,0.019598317059069892,0.3621793001818631,0.7426854097284621,0.2243341963944446,0.7845574668744822,0.002601872496238287,0.05077138674122371,0.0009457618198892789,0.2794253984547715,1.0566175599829586,0.2303618597940873,1.7532984597420989,107.3939629473607,,
T0,1,1232,trough,0.117053,0.28247721980176665,0.5800456242817217,0.33645292624837225,0.3876224263397386,0.01694901934038595,0.38526158419716966,0.7553199033276602,0.2366247991993347,0.7739656887067918,0.0026229771995270913,0.04753264424243162,0.0009210872032743333,0.2721352811817385,1.0202272742819198,0.24207621114997868,1.6903292107941594,103.75053249826306,,
T0,1,1234,trough,0.126894,0.300285529797099,0.5920835919050277,0.35056297980315937,0.4049653228672135,0.01526420339835255,0.40665009586414486,0.7656162297245923,0.2556308433216737,0.7649866878122459,0.002646144365291953,0.045304367146767444,0.0008924385655712344,0.26367103908925066,0.9783529746169645,0.2529150906003147,1.6433947319091295,99.64348224824062,,
T0,1,1236,decel,0.133992,0.3138970729018228,0.5998398716330011,0.3598078716006953,0.42055942643892036,0.013769320669884677,0.42375261594502867,0.7702433372258344,0.27164076736899645,0.7578216390066186,0.0026727397161214923,0.044933711543919806,0.0008627314424291422,0.2548940673968473,0.9332836031376467,0.26202991738436443,1.6091379844797309,95.36808461346664,,
T0,1,1238,decel,0.13886,0.330454819231643,0.6123924120379829,0.3750244663216986,0.43534639082201054,0.013224353461649074,0.44332179023284674,0.7744254828021562,0.2890581002362414,0.7499992388656826,0.00270876381197531,0.04337470285209028,0.0008356589247769555,0.24689549008800465,0.8873066661542578,0.27239465409218444,1.5744420996461697,91.14692428940907,,
T0,1,1240,decel,0.142008,0.3434011858915942,0.6202726026698927,0.3847381016228826,0.45030925526022875,0.012449376268590329,0.45969075656315,0.7761747668910985,0.30593192862895924,0.7433103576983011,0.0027400851291213175,0.041999707366331004,0.0008075481356091649,0.23859015538438177,0.8429117645905867,0.2811023319853634,1.5450535283609763,87.07399374153465,,
T0,1,1242,decel,0.143829,0.35726585517002896,0.6299014831721628,0.39677587850249046,0.4647042381797011,0.012219893579362096,0.4766732737686252,0.7778229413133502,0.32023753042118136,0.7363553125178975,0.002775759590138198,0.04150188054843336,0.0007810842513354852,0.23077139885147413,0.8011222127371546,0.29033334800553157,1.5159165065532088,83.13810737477615,,
T0,1,1244,decel,0.144562,0.37096326968445636,0.6393186416447806,0.40872832555452737,0.4791519088329129,0.012111673570442849,0.49340611310032695,0.7784872998753157,0.3311147303648341,0.7296877738369006,0.0028163698413324425,0.04119680068505227,0.0007557997998331787,0.22330110581662793,0.7616446464548521,0.2995532053664912,1.4899329073235321,79.28685449599288,,
T0,1,1246,decel,0.144347,0.38296966349342243,0.6469634958668927,0.4185617649843109,0.4927023537754177,0.01179560153152226,0.5081664812705137,0.778467890147763,0.3404818620870228,0.7240306724818132,0.0028615307352853085,0.04080433690528371,0.0007309150632361774,0.21594890857961835,0.7246613992006015,0.30791110343600725,1.470121822366594,75.46622020052746,,
T0,1,1248,decel,0.143324,0.39307770413706766,0.6527888785206558,0.42613331992025555,0.5051319752765161,0.011253054707538623,0.52075422599315,0.7769296836732252,0.3491166558264298,0.7193701384536069,0.002912279680256306,0.04066040317219893,0.0007070143649885964,0.20888744554449665,0.6899208572355733,0.31526354703111104,1.4555934139905153,71.72643718274776,,
T0,1,1250,decel,0.141737,0.40211768679733784,0.658231315141286,0.43326846423262694,0.5151538455214961,0.010679615122487274,0.5314633630942727,0.7734199574576577,0.3560664387495477,0.7152996633453662,0.0029626308014488426,0.0407326618248068,0.0006851472804625118,0.2024268138312597,0.6578999640002523,0.32206277453865195,1.4443020577432235,68.3267094003968,,
T0,1,1252,decel,0.139984,0.4114497424917277,0.6640058765935233,0.44090380415073327,0.5248445949752304,0.010088199357359773,0.5421802065834278,0.768645542665484,0.361340408197754,0.7108523174450377,0.0030116800585206476,0.041106304064316056,0.0006653053660077706,0.19656451876285586,0.6286385778423441,0.329393382990641,1.431800977039554,65.26739724783693,,
T0,1,1254,decel,0.138593,0.4210738937419559,0.6686719929427922,0.4471222341460856,0.5374091342142775,0.008818402322547603,0.5538578380046222,0.7620687103290404,0.36531797240791675,0.7056161887025101,0.003059132789301293,0.04151364119406759,0.0006490283923001602,0.19175548569740675,0.6026399147164604,0.3378873513498002,1.4168488219715172,62.68295589130139,,
T0,1,1256,decel,0.138119,0.4335310987853416,0.6758817434781192,0.4568161311670222,0.5516277169414475,0.007845969271104647,0.5682859400856984,0.7639268639732947,0.3689324924175936,0.6977406691700382,0.003069656982077297,0.04151008290137826,0.0006322612348748658,0.18680162781692555,0.5805142803136685,0.3488700029558027,1.389072861211971,60.85423514991999,,
T0,1,1258,decel,0.138984,0.4513615357863111,0.6880990793474673,0.47348034299883207,0.5670954326468454,0.007476924697671972,0.5872025180939635,0.7652824570776741,0.3740257241414681,0.6858548082247373,0.0030597439733813375,0.04190197920405738,0.0006190087492067078,0.18288617996265003,0.5630262518878825,0.36404402440601336,1.3442161528542222,59.77172650839202,,
T0,1,1260,decel,0.141323,0.46940491841361287,0.6996774565124431,0.48954854315172164,0.5853507747432256,0.00707303457374886,0.6068817404641247,0.7656431508088584,0.3806863790883771,0.6718498059205893,0.0030639778752708353,0.042538131730171604,0.000615005276986831,0.18170335380418587,0.5507434028830743,0.3809967034942975,1.291083374661054,59.303089382825426,,
T0,1,1262,decel,0.144882,0.4902560887371987,0.7149193114635998,0.5111096219035876,0.5984118864438818,0.00727955308166367,0.6266641681615918,0.7645411587330707,0.38757633464487745,0.656290000663747,0.0030904829749660977,0.04295081237060005,0.0006197330205269825,0.18310016597688858,0.5433256630585024,0.4002390900699273,1.2361880534655,59.24645677069202,,
T0,1,1264,decel,0.149013,0.5072060979254129,0.7276251099767018,0.5294383006686074,0.6081777093605943,0.007964521229249621,0.6423443651595787,0.7637762331756812,0.39275757615127027,0.6416550580198144,0.003112424102958397,0.04238480871523417,0.0006244931004119187,0.18450653192500918,0.5387076784734398,0.41882247699932695,1.1883028942673148,59.280652578687295,,
T0,1,1266,decel,0.152788,0.5186669855802482,0.7363158522384121,0.5421610342575791,0.6149441259423035,0.008762952733233464,0.6529480565681227,0.7649548383147614,0.3953043973164502,0.6315433567353357,0.003114247689806721,0.04161332408974566,0.0006234295054191076,0.18419229270704673,0.5345026552488183,0.4326576228383069,1.1588622150647454,59.14503631484695,,
T0,1,1268,decel,0.155218,0.5235504363967374,0.7420605088024133,0.5506537987240965,0.6133236402168057,0.010530180994131055,0.6564138498859848,0.7687213050106235,0.39706849195581173,0.6272798564987478,0.0031148740774608057,0.04098855559293475,0.0006186889626429811,0.18279169899914455,0.5303249105475287,0.4404457384702577,1.1514134661218833,58.68349552934523,,
T0,1,1270,decel,0.155519,0.5208086709657856,0.7426659827410372,0.5515527619207106,0.6075516086048514,0.012488196856711764,0.6531638333982842,0.768573308353944,0.3958855567729112,0.6291392412867688,0.003115099997449846,0.04036788301705168,0.0006095742588542854,0.18009875910202366,0.5240797857949991,0.44167298448751924,1.1661379808818408,57.81476011988707,,
T0,1,1272,decel,0.153355,0.51157408273229,0.739246014541134,0.5464846700149506,0.594996613206494,0.014102697497258565,0.6429957839567306,0.7678629804872853,0.39486775793423196,0.6374255763235671,0.0031044460848809875,0.03968406042581425,0.0005943464555245366,0.1755997035010013,0.5156181095525292,0.435866908374012,1.2051382714275092,56.56394045823254,,
T0,1,1274,decel,0.148997,0.49790250954297854,0.7307628700485949,0.5340143722416595,0.5822234388882721,0.014047900089248833,0.6289093840681431,0.7665572259642752,0.39192441145969387,0.6495862675371545,0.0030806066659073063,0.039285334153008236,0.0005742579728407998,0.16966455983141215,0.5044924247252857,0.4252693372441345,1.2599471661528887,55.07504794723354,,
T0,1,1276,decel,0.143318,0.4823253500974025,0.7187581569433645,0.5166132881726222,0.5711173498136107,0.012490130145294542,0.6132904131853845,0.7625157910485979,0.3879031317180272,0.6625108657588401,0.0030546831970697506,0.03941044929182038,0.0005542203744538337,0.1637444499310039,0.4923700310168691,0.4123306164110293,1.3168396531674613,53.604396713897586,,
T0,1,1278,decel,0.137643,0.4707266941718058,0.7069544918632911,0.4997846535656841,0.5677733894224223,0.00968658011722262,0.6026635384444469,0.7564214916746537,0.383690946585004,0.6715937211441709,0.003034852899901365,0.04016905787706942,0.000538827228101047,0.1591965437218025,0.4816598951035523,0.40241729210611565,1.3561906799401329,52.45609885308659,,
T0,1,1280,decel,0.138366,0.4924791009066851,0.7154384363280856,0.5118521561755761,0.6052717935111115,0.00723636607932826,0.6305150849116311,0.7690876052583787,0.39416211312778665,0.6472064939683184,0.0030153055738384458,0.03990702561350629,0.0005474533139955474,0.1617451214265549,0.4818152119338293,0.4292511723061696,1.254658959637659,53.64136982662603,,
T0,2,1120,decel,0.138366,0.6308438156864593,0.8004018256838876,0.6406430825581004,0.7428353542068201,0.0064853682333210205,0.7631017025874276,0.7423521655600532,0.43041595662154325,0.4886429684889325,0.006081239152431028,0.03185012825760738,0.0005963129817458376,0.14368250471234506,0.28210989733740127,0.6226403012965196,0.8063191846245867,23.62717550006346,,
T0,2,1122,decel,0.14356,0.6556584220946504,0.8191121022711499,0.6709446360870628,0.7366040130305976,0.008478629202285481,0.7779965524083752,0.7543720833182966,0.43840454222025893,0.46970298000465716,0.005633100232751152,0.031038287351144823,0.0006093870296183127,0.14683271609890008,0.28948394071369105,0.6467240841887874,0.7665111485271621,26.066057771386113,,
T0,2,1124,decel,0.145546,0.6510285293726561,0.8202440805966059,0.6728003517537714,0.7149971577759646,0.01069490761790115,0.770702518029424,0.7504925154144839,0.43747226582737536,0.4723597212036561,0.005542090732590608,0.030794124293728572,0.0006096649437724252,0.1468996799299423,0.29158932320383124,0.6464714250837478,0.7777467693724304,26.50618458230747,,
T0,2,1126,decel,0.142589,0.6324033406946001,0.8146283872753356,0.6636194093548141,0.6817246831335165,0.013552674085597793,0.7513384586921192,0.7448783603377361,0.4297567236803527,0.48756829642718175,0.005766542043215434,0.03041967334808946,0.0005917972423693642,0.14259443055648774,0.2855726978084039,0.6328395661247201,0.8211702104899239,24.7278922945261,,
T0,2,1128,decel,0.134389,0.5971306364980484,0.7982534395037815,0.6372085536796173,0.6355622747357708,0.013609502087996939,0.7157986144475128,0.7356893768809349,0.4145405734509728,0.5129787836060254,0.006295634270930154,0.030645742253113964,0.0005550032337265735,0.13372885915013333,0.27045355948293864,0.6040135038837585,0.8856790287934349,21.241522838710807,,
T0,2,1130,trough,0.122509,0.5473633530299438,0.772385712848364,0.5965796894122753,0.5814007829577892,0.012741092937023857,0.6649042180095722,0.693853062441571,0.39316143660954006,0.5395978063691856,0.0071785998627608314,0.030844641675724715,0.0005111561053385044,0.12316382799351369,0.2516436947392969,0.5597543216346158,0.9272742517294109,17.15708220936358,,
T0,2,1132,trough,0.110418,0.5039502639900533,0.7437121439875559,0.5531077531145671,0.5509769143795644,0.012010620392468585,0.6229439444291017,0.6404084142299866,0.37304082685176243,0.5550001917839504,0.008405807591494376,0.03284959415208896,0.00048636432216520004,0.11719021076284938,0.23432944474498577,0.5186321957924347,0.9248664184668035,13.9415766405873,,
T0,2,1134,trough,0.103096,0.5086658888141408,0.7393363096408199,0.5466181787533063,0.5687840441955199,0.008864214690641359,0.6312356127888674,0.6386581825335402,0.36765953490290815,0.5511092290416647,0.008766098457817388,0.03356364230609153,0.00047494865505709423,0.11443958870150697,0.22564796338897786,0.5234661814825773,0.9151600452137808,13.054791621631011,,
T0,2,1136,trough,0.106265,0.5849066463905007,0.7780269426407522,0.6053259234749163,0.6593582334387829,0.006337014540754082,0.7119588167507788,0.7220085741443796,0.39665913630240546,0.5054537593499768,0.007479174609591908,0.03326435352300192,0.00048633043354711443,0.11718204524964267,0.22952536889329528,0.6017243840807223,0.8441530223356228,15.667777711641975,,
T0,2,1138,trough,0.125362,0.6953058786171185,0.8388025699214474,0.7035897513068247,0.7686306209178344,0.00335977026274048,0.8088676812770507,0.8011355284117246,0.4538070915393785,0.4169086943379335,0.005608257832475841,0.029727320271935576,0.0005471006774511716,0.13182472639763865,0.2591797517709034,0.7037788562025216,0.6485501645298054,23.50546824617777,,
T0,2,1140,accel,0.164472,0.7755567806285882,0.8810509825556837,0.7762508338623356,0.861049376406526,0.0002939889852013877,0.8711355473939214,0.8793580432435014,0.511739392450363,0.3549240931861387,0.004175309364952736,0.025199787425230345,0.0006672576272324883,0.1607767231370515,0.33068822008489224,0.7686899817700665,0.5259425411233788,38.50654145213775,,
T0,2,1142,accel,0.225431,0.8105724186279581,0.9003322513526071,0.8105981628256541,0.901250536435753,2.4900950202022543e-05,0.8954753956557593,0.9194817439576375,0.5573899503614042,0.3321291814788105,0.0034453142990910272,0.02169287578944584,0.0008650534021295724,0.20843591089366723,0.4608625198837738,0.7948560786056689,0.48848815083077035,60.49837338458747,,
T0,2,1144,accel,0.307278,0.8207763089215703,0.9062030194430968,0.8212039124477857,0.8869614375139679,5.736505107989398e-05,0.8996933577894047,0.935976548184014,0.5831031260865486,0.33130204343482067,0.003175052417426109,0.01908695412489458,0.0011461762139072546,0.27617287279870034,0.6555703015475277,0.801015946215179,0.494760269018131,86.98214595858008,,
T0,2,1146,accel,0.406197,0.8161724814227496,0.9050513528864726,0.8191179513616345,0.850781281719392,2.2931440479823095e-07,0.8933609327899353,0.9419525263404388,0.5898729017216242,0.344438913109419,0.0032003705964968954,0.017320328532211,0.001519534093659569,0.36613401226583975,0.925719464231359,0.7941410266721695,0.5291600604908785,114.40362958796322,,
T0,2,1148,accel,0.515946,0.8036121978218044,0.9004498666276627,0.8108099623097755,0.8165992532272357,0.0001668391203433206,0.8821909638731708,0.9414397250011711,0.5889087978115903,0.3658407673391064,0.0034600182453864248,0.01652241530371277,0.0020117526767807832,0.48473481596083884,1.278331042775116,0.7790521487607271,0.5826490081628737,140.09602885972708,,
T0,2,1150,accel,0.628717,0.7889307840943794,0.8939348471097662,0.7991195108771612,0.7960805720580255,0.0006132676368800771,0.8708549322200955,0.937096078805475,0.5819736049864892,0.38905016340562826,0.003902171929782093,0.016450194912511342,0.002622747035286754,0.6319548203589122,1.6975515625911963,0.7617368858117124,0.644193610932357,161.9495070260018,,
T0,2,1152,accel,0.736242,0.7748634702025261,0.8857330796992056,0.7845230884734392,0.7934582633692755,0.001144976542190812,0.8619404969536343,0.9309875666739721,0.5701756069794309,0.4105345275453158,0.004484337987135562,0.016834770621413045,0.0033195944979454188,0.7998612585922404,2.1533197762533303,0.745291325298014,0.7058189560060405,178.36774589400736,,
T0,2,1154,peak,0.830951,0.7610155670178279,0.875874265937463,0.7671557297314896,0.8075756664802318,0.0014754640258423102,0.8554809867225613,0.9247339878901181,0.5557385893999761,0.4296825515709843,0.005158886517175253,0.017454031561149826,0.004042087438999758,0.973947013196728,2.6096118620020143,0.7299418334025547,0.7639561812249764,188.7901604259387,,
T0,2,1156,peak,0.906964,0.7468457107830577,0.8656252991276655,0.7493071584898604,0.8351258737133063,0.0015312327561964878,0.8509951223172388,0.9191772268588909,0.5430878365923455,0.44665303206259227,0.00555791212668222,0.01827007654476926,0.004728096806826644,1.1392419962724296,3.0280549626250557,0.715309193584521,0.8165032513888801,204.9766117753461,,
T0,2,1158,peak,0.960739,0.7323977521199477,0.856673869507078,0.7338901186962301,0.8692705876886477,0.0013336892673365686,0.8476906249154007,0.9139413366181494,0.5295023176204583,0.46104717568586373,0.0056970885948255875,0.019167064712778622,0.005318639399257933,1.2815341170500625,3.369057025381054,0.7020868407631273,0.8613741876731065,224.94544287305325,,
T0,2,1160,peak,0.991296,0.7165293979924948,0.8489873442493031,0.7207795106954847,0.9060783902876346,0.0009907251652389037,0.8444152249077304,0.9088162810131446,0.5153327411105213,0.47406550159279265,0.005889256648035505,0.020169242917002,0.00578588798813852,1.3941183632912189,3.6166127394806,0.6891630090728447,0.9007534230616463,236.72229733038694,,
T0,2,1162,peak,1.0,0.6990223484315721,0.8421669026549469,0.7092450919274268,0.9398035109775892,0.0006898362111056322,0.840238664269822,0.9033567678007365,0.5022690878475616,0.48727530445741335,0.006128555070019523,0.02131376710051317,0.006128555070019523,1.4766845091144838,3.7728123719930764,0.6746617849132223,0.9374433903462709,240.95149545744061,,
T0,2,1164,peak,0.989996,0.6804736711180395,0.8354552846121506,0.6979855325863695,0.9657019308849213,0.000547672603025795,0.8347101967656404,0.8971555392120357,0.4915534819852072,0.5013330676525074,0.006404207319523239,0.022524490626208715,0.006348095664416518,1.5295831436480551,3.8474671686898447,0.6578684837252329,0.9731682428569972,238.84035405679606,,
T0,2,1166,peak,0.965439,0.6633502361097157,0.8292791180301111,0.6877038556007989,0.9837038621080334,0.0005066179075515764,0.8289537644277264,0.89046488756589,0.4837129014913636,0.5141481583368227,0.0066675945162267426,0.023593169875623512,0.006416885994122078,1.5461582764636201,3.8399040728657567,0.6417889901176836,1.0044105639365237,231.89146741013974,,
T0,2,1168,peak,0.930694,0.6479681249927979,0.823989359553594,0.678958464657542,0.9986886642390659,0.0004704926071567028,0.823794601225981,0.8843099813446819,0.4782529386056497,0.5260389444407773,0.006907294093699983,0.024459588154203456,0.006358206617847414,1.53201939299773,3.7697561048714276,0.6260629299291987,1.0316660251134335,221.79733079485595,,
T0,2,1170,peak,0.889659,0.6357606485538668,0.8203787989612658,0.6730213737851289,1.0123357720847943,0.00041324570051493037,0.8201497610232441,0.8787337748377628,0.4742400441226206,0.5353211221640428,0.0071131188512145276,0.025203092580593164,0.006195184962777087,1.4927390814165875,3.6414690158873824,0.6132870496411518,1.0519515456562973,209.8571825721301,,
T0,2,1172,peak,0.845329,0.6263800721430375,0.8178966395297892,0.6689549129541219,1.0234295982626997,0.00033104368558012354,0.8175451588956262,0.8731569552913523,0.4722288353997206,0.5428941202534546,0.007287318764075438,0.025810582939928925,0.0059621282029329314,1.4365837066056728,3.479740956341239,0.6025955936625877,1.0680925635455596,197.13474229886197,,
T0,2,1174,accel,0.799638,0.6205492146123761,0.8163076899927242,0.6663582447412575,1.0297185832498097,0.0002648207680941983,0.81585290003924,0.8669641181655489,0.47099768498158684,0.5478445771985161,0.007429182168818055,0.02607680851263713,0.005683123352575959,1.3693570706722809,3.2928089534978984,0.5956555300828317,1.0791374856147977,184.32137475640047,,
T0,2,1176,accel,0.753564,0.6187444214736244,0.8153710678401449,0.6648299782707782,1.0294828805612675,0.000241688450428601,0.8149313661911077,0.8600658670397571,0.4699515433568026,0.5498496210388858,0.007543266578232547,0.026293953804686257,0.005373515969823199,1.2947567087933392,3.0858424277269063,0.5931172918416743,1.0847270478803037,171.64403449953534,,
T0,2,1178,accel,0.707404,0.6195015900738566,0.8148024785195213,0.6639030790015549,1.0249115533863347,0.0002556655863100721,0.8144543184892481,0.8530411070625333,0.4669782961276778,0.5500507391768542,0.007635890509112223,0.026490970958852143,0.005047904729670568,1.2163001935408109,2.8692627126468637,0.5933160896339364,1.0870444100054129,159.28727528103627,,
T0,2,1180,accel,0.661118,0.6219595626230483,0.8141699389799962,0.6628726895386908,1.015589064303873,0.00034346286940700743,0.8139349236415909,0.8466097372860415,0.4642783407333752,0.5492267974561633,0.0077190546073796435,0.026624890133219944,0.004712366164713914,1.1354516745308616,2.650582216353718,0.5949749505114521,1.0871386926848836,147.09724600799382,,
T0,2,1182,accel,0.614643,0.6295595375443113,0.8133933167986056,0.6616086878126368,0.9906782587504304,0.00061919962546364,0.8131035517165293,0.8399106047414808,0.46072077135964035,0.5440315196069904,0.00778343247464562,0.026788587333044286,0.004362616878928668,1.0511790610857348,2.4164045585011955,0.6028798743622859,1.077959463005691,135.0534053593874,,
T0,2,1184,accel,0.568077,0.6440273573192654,0.8126885942490495,0.6604627512224962,0.9349686797073817,0.0014829746035338598,0.8102136564429013,0.8324478558385853,0.45638515280329295,0.5319856136600176,0.007817337056554748,0.026946072807149737,0.003996313755492195,0.9629177757029851,2.1635522012934523,0.6202498380815941,1.0540046658646547,123.17721095262095,,
T0,2,1186,accel,0.521728,0.6516331522811292,0.8105925313702435,0.6570602519132192,0.8571704696874074,0.003257595294212323,0.7995586384553004,0.8228989771705197,0.45086085128574954,0.5221734856164751,0.007479187790743809,0.027183721602301703,0.0036494828266102988,0.8793483447179989,1.9352982930546583,0.6337327982086136,1.032930603123518,117.57270566280931,,
T0,2,1188,accel,0.476028,0.6424944743473415,0.8056651585543755,0.6490963477084469,0.7772881877991588,0.005796620891863058,0.7779432300954607,0.8101601380038462,0.4425908982801847,0.5228878586454492,0.007143818491237015,0.027643342483839893,0.0033448876448030516,0.8059556801524117,1.7586626498797384,0.6319307398895639,1.0310879419062027,112.81861110287718,,
T0,2,1190,accel,0.431376,0.6165752014238638,0.7969514683464478,0.6351316428995593,0.6994562020283013,0.009051114521249182,0.7440917480881958,0.7943775737417446,0.4326537022224039,0.5342160752384297,0.006874884142592177,0.028260192546715125,0.0030780553080717006,0.7416620295805894,1.6247415220018504,0.6144465483405495,1.0480878934321287,107.87993138469756,,
T0,2,1192,accel,0.387986,0.5765535419711587,0.784106284498376,0.6148226653898482,0.6249733493862704,0.012945832381295874,0.6983005783259552,0.7751840774011012,0.4206423203039154,0.5540224451634427,0.00665892913922558,0.029343243475880798,0.002839754904075078,0.6842431908694909,1.5192039784974958,0.5832669244375168,1.0793706137054508,102.75573993404396,,
T0,2,1194,accel,0.345798,0.5256291830462254,0.7666210943038709,0.5877079022316646,0.5548662891264573,0.017238621669714682,0.6420154190196272,0.751014040828306,0.40617929762716803,0.5795946488070408,0.006485109079192424,0.030798349480747257,0.002619477472057672,0.6311670142093722,1.4286807035541045,0.5408757885562185,1.1189076365570252,97.32558180624619,,
T0,2,1196,accel,0.304512,0.46802319280099935,0.7440892831172807,0.5536688612499887,0.4903777844281962,0.021276143881928,0.5783806012299235,0.7198144270697594,0.38841918237367534,0.6077173737064536,0.006347835691065344,0.032420155339598904,0.0024090361630276073,0.5804608660925566,1.3420161631474115,0.49069979753022785,1.1591933962665457,91.44232685631141,,
T0,2,1198,accel,0.263724,0.408228578208511,0.7158467332028708,0.5124365454372222,0.4332131694764802,0.02432623588403149,0.511739705108666,0.6828227669524883,0.36829637940467175,0.6347876838332276,0.006245477238494211,0.03441449938221565,0.002201117391778985,0.5303625272265277,1.2508187855738377,0.43706284599402856,1.1907572279270402,84.91945562744513,,
T0,2,1200,accel,0.223146,0.3521459649214268,0.6826800670399832,0.46605207393371595,0.38575854178746943,0.025743716854009946,0.4484252040410132,0.6417227803703492,0.34243060010394033,0.6567400968604016,0.006173879206819126,0.03643999932166782,0.0019936195784675875,0.48036561880499756,1.1507733635382618,0.3856708533360974,1.2032141451522753,77.80612524366006,,
T0,2,1202,accel,0.182834,0.30541939585219513,0.6466824253657002,0.4181981592768644,0.3515416640190315,0.025670694416378037,0.3956238827162033,0.5983259636262525,0.31386881617027745,0.6698939294519086,0.006153470225504916,0.03805989878306619,0.0017938306217452577,0.4322261709068703,1.0430154423970959,0.3423338999212443,1.1885870730501096,70.24104368221015,,
T0,2,1204,decel,0.143355,0.2692443308205873,0.6092654646761619,0.37120440644705954,0.3308235103611185,0.024430153703691504,0.3555232376409951,0.5554269905397666,0.28528965104214427,0.673697419739001,0.006231750692590481,0.040451448410695506,0.0016177958324919857,0.3898103251837591,0.9355914307661559,0.30852432086681447,1.1492732480118923,62.5522978072986,,
T0,2,1206,trough,0.105832,0.24257655510476517,0.573600827792124,0.32901790964380984,0.3207240631096734,0.02249469642278118,0.3269492669207097,0.5157322357608656,0.25699071686416586,0.6696015712704457,0.006443034736453113,0.043770181593922854,0.0014764476273535678,0.3557522637754322,0.8372040212407637,0.28388879827167635,1.0950805457254897,55.21501564513892,,
T0,2,1208,trough,0.071839,0.2236355213394836,0.5426365143543322,0.2944543867106194,0.3181297854351491,0.020415594041144236,0.30781995023940406,0.4819063690401333,0.23073828648832723,0.6609800298230452,0.006529514558550076,0.04810464091185625,0.0013624192037737205,0.32827694458921347,0.7530056301700985,0.26712863218319016,1.0400959469481723,50.27585766837001,,
T0,2,1210,trough,0.043158,0.20945375103247377,0.5173963320519728,0.2676989644208353,0.31788394891006205,0.018440022361396913,0.29383372032758465,0.4568579363431792,0.21237210197121212,0.6538977315915196,0.006405170398725678,0.0517517056110186,0.0012683992397531916,0.3056226936556123,0.686046869242592,0.2545339134016493,1.0013584079377522,47.714998139068484,,
T0,2,1212,trough,0.021454,0.19807421308770434,0.4982862608695812,0.24828919777138836,0.3156001626368313,0.01684077419617805,0.28171442832375804,0.44111325004109625,0.20121509537398377,0.6536716636805446,0.006193251357550365,0.0554193940906425,0.0011853759921138672,0.28561811797918363,0.6351405999007711,0.242876861191331,0.9903610808557431,46.11763700353913,,
T0,2,1214,trough,0.007926,0.18978583481501343,0.48680891390857206,0.23698291866084353,0.3106500481776456,0.0161651378702235,0.27182795286388683,0.43680285461667556,0.1988864452696806,0.6618646778727127,0.0058420888688678,0.056238279394259655,0.0011025862830670477,0.26566981377586607,0.5966848091871823,0.23224940521506177,1.010018205190615,45.4751407825388,,
T0,2,1216,trough,0.003045,0.1849829226850992,0.4834212904437347,0.2336961440542857,0.3030146346719792,0.016166659922437876,0.26441474933230524,0.4433539293910586,0.20437742945021922,0.6771073902693701,0.005413634160797505,0.0576196748017618,0.001025611641563978,0.24712265879340106,0.5686472968141629,0.2233298492409258,1.0578611929791009,45.64820071938448,,
T0,2,1218,trough,0.006411,0.18631878341187125,0.48967692131619384,0.23978348726970589,0.2975466808180282,0.016550674543951704,0.2636933483419165,0.4683510124325471,0.20970025435441347,0.6950416962934914,0.00504184533989771,0.05608315622482511,0.0009685934778135913,0.23338404696950815,0.5511709857234411,0.22009826273485178,1.1266398718807324,46.289410173427314,,
T0,2,1220,trough,0.016793,0.1987026671862424,0.5079610384073586,0.25802441653988206,0.30787727155017675,0.019288235593880543,0.2807520623797822,0.5225442010549185,0.21176490123542696,0.7064893149574035,0.004826376726389431,0.05446762531064119,0.0009408466964068455,0.22669841849542202,0.5435086526439625,0.22862397292666337,1.1892019697811695,46.97072593937629,,
T0,2,1222,trough,0.032322,0.22856381731333586,0.5387231947523264,0.29022268056415307,0.3419152430315808,0.02292549339030181,0.3232015744929922,0.5906706721119518,0.21511554890594609,0.7008782778073738,0.004787335761451753,0.05292986746133213,0.0009400156835833002,0.2264981847128445,0.5403476142197928,0.257122446624205,1.2042181619058796,47.311948858201504,,
T0,2,1224,trough,0.050802,0.27945470299506636,0.5800828612406009,0.33649612590508227,0.4017148121337027,0.025226261967815078,0.3927653311655525,0.6512720654330162,0.21711576811093802,0.6737849602562181,0.004860542975900688,0.05345867501255339,0.0009473661065883594,0.22826928012815828,0.5316587913265809,0.3084140780462491,1.1495328744551816,46.96374073019251,,
T0,2,1226,trough,0.070062,0.3404164929482697,0.620723713671856,0.38529792871458024,0.4731050700443921,0.023090171819898364,0.4710292090471743,0.6929350601513372,0.22320981425474312,0.6358626556313813,0.004989991963210625,0.052280059466069104,0.000948240891312694,0.22848006081569003,0.5166792729881136,0.3686447859407723,1.0603637030061588,45.787661082460545,,
T0,2,1228,trough,0.088271,0.3879529873785059,0.6472948929264084,0.41899067840861054,0.5298268776350852,0.017238956413622053,0.5284529988748959,0.7170163728562378,0.23070414583936702,0.6032322834665089,0.005192918092589444,0.05119269822343609,0.0009413020190620665,0.2268081291701132,0.5009673714272737,0.4161666204671095,0.9828172890020395,43.67643107904587,,
T0,2,1230,trough,0.104151,0.4213814710235009,0.6652997600237062,0.442623770687601,0.5705128188574368,0.012257735448442386,0.5674664738816249,0.7302524760558158,0.24334668401634466,0.5792241802136985,0.005475273552638239,0.049546600744248326,0.0009268166851812812,0.22331786630933764,0.4843567594990698,0.4487267924967858,0.925831649038977,40.78661352029303,,
T0,2,1232,trough,0.117053,0.44423062041386574,0.6770605438263081,0.45841098000637603,0.6019018416207466,0.008531529075285982,0.5945708032184243,0.7379953482433735,0.2609691305210385,0.5622701622548064,0.005847602820703377,0.04818472233516144,0.0009067725201962355,0.2184881947809952,0.4662618215021044,0.4715396355754865,0.8870811145348857,37.363720054214355,,
T0,2,1234,trough,0.126894,0.4600697147792109,0.6856073098842708,0.47005738336674646,0.6275035235460225,0.0066116186006947575,0.6144380399264973,0.7418636258241565,0.2786752536142431,0.5497121565705873,0.006326583822558839,0.0464553378309426,0.0008837160306825007,0.21293269915266202,0.4462263765765324,0.48845927972525427,0.8592735196858118,33.656820983451325,,
T0,2,1236,decel,0.133992,0.47153828802187836,0.6915935215945447,0.47830159911154396,0.6502986937820711,0.0050580482856037445,0.6299148921911452,0.7426763100568595,0.2977963612110833,0.5401371628322345,0.0069075629060228435,0.04474453117849456,0.000858274565968156,0.20680254018311298,0.4250428266886649,0.5018376232203501,0.8391115763977671,29.938567769364454,,
T0,2,1238,decel,0.13886,0.48288145141935,0.6988862974701451,0.48844205679152813,0.6693049836522643,0.004685551244986097,0.6440182624465434,0.7427942133837889,0.31415389063281424,0.5311735167882738,0.007396574813631983,0.044071664037255494,0.0008337367445342109,0.20089011541333626,0.4038472594874867,0.5144258721482933,0.8206499364179722,27.159884199791122,,
T0,2,1240,decel,0.142008,0.49034948633277897,0.70353409763395,0.4949602265336163,0.6868908571333984,0.004333742746478131,0.654744064228988,0.7414788405393481,0.3269164299180327,0.5240154643009921,0.007713608679839285,0.04331084032631765,0.0008086854841926289,0.19485397677093838,0.3838541125291506,0.5243930994357981,0.8060356953610648,25.261065845901612,,
T0,2,1242,decel,0.143829,0.49744666950063565,0.7081206190640619,0.5014348111436703,0.7039952073829322,0.003971122621495793,0.6648706938298431,0.738566090416689,0.338929354364681,0.5176184975709978,0.008256088303816921,0.04258806904202864,0.0007856276716112335,0.1892981623474738,0.3654206345470494,0.5337324541703898,0.7936403130860901,22.928311251220293,,
T0,2,1244,decel,0.144562,0.5023183501569662,0.7116348340097222,0.5064241369760448,0.7175195316529283,0.0040711571527265455,0.6723419126526675,0.7356070320557809,0.34995505239090624,0.5130285678667937,0.009085838881035634,0.04179121554287311,0.0007647150404322207,0.18425923259094076,0.34980719451763514,0.5408808598822497,0.785351258523048,20.279826112207957,,
T0,2,1246,decel,0.144347,0.5039617788975672,0.7131349858699224,0.5085615080716944,0.7282139562239526,0.00437235382718959,0.6767781389829448,0.7308920824773203,0.36038133064458816,0.5108710653853411,0.010025156984310406,0.041659197382491735,0.0007446071360298013,0.17941420295466254,0.33648843111162946,0.5447608870455882,0.7820791799066991,17.896398354205303,,
T0,2,1248,decel,0.143324,0.5061822406508873,0.7152565545489716,0.511591938825266,0.74050831663718,0.00477204668581932,0.6820488484987727,0.7290072093483555,0.3686394776684331,0.5099943173839697,0.009837118617668998,0.04141089791369818,0.0007243596399073116,0.17453553848467993,0.32432503220511144,0.546625489871742,0.7810882127385714,17.742546905064955,,
T0,2,1250,decel,0.141737,0.5064965793046532,0.7160526082099278,0.5127313377242403,0.7483852502162037,0.005189358680481204,0.6847167129680822,0.7302325600462211,0.3766843416282198,0.5112799002921329,0.00962216969077425,0.040423319732769664,0.0007044568122363047,0.16973992239351907,0.31461675582103815,0.5457605853882581,0.7847137481961786,17.640503945411183,,
T0,2,1252,decel,0.139984,0.510207342508687,0.7191576820588581,0.5171877716642697,0.7536514964116385,0.005790605926978443,0.688779696643965,0.732970009963833,0.3843193625347091,0.5119648699005676,0.00946668449466869,0.04022369818556261,0.0006863806197570919,0.1653844367834762,0.3063149834869787,0.5461562477541011,0.7876654987757892,17.470154083683155,,
T0,2,1254,decel,0.138593,0.519293660408898,0.7258253471630889,0.5268224345844185,0.7604045433497272,0.0063330533666065,0.6966287532452939,0.7349431281062878,0.39442855436268975,0.5118663026245741,0.009355813503420728,0.03931802086811447,0.0006718660510636566,0.16188712975087322,0.3003124012392812,0.5483615222576481,0.7899451201554705,17.303372891270556,,
T0,2,1256,decel,0.138119,0.5346567606597585,0.7362812680587907,0.5421101056942608,0.766472499777497,0.0065418345618095675,0.7080697377376803,0.7373240986915026,0.40633418154977635,0.5079429648626734,0.009250919976021628,0.03863014932163253,0.0006607374624478055,0.15920567968155325,0.29533984997834745,0.556838479327236,0.7858283704137099,17.20971320627723,,
T0,2,1258,decel,0.138984,0.5571183857834048,0.7509296012167634,0.5638952659835673,0.7747923976419485,0.006207447146932776,0.7243207826753484,0.7378266400372929,0.4196770528205762,0.5005125154397654,0.009163851501068514,0.03670761274062518,0.0006553155513618071,0.15789926209714464,0.29286854935066525,0.5710483584670624,0.7760226271051006,17.230665739043616,,
T0,2,1260,decel,0.141323,0.5839440863311509,0.7680862613373911,0.5899565048552511,0.7837299525551925,0.005767693449182265,0.7431754145630386,0.7389822755446168,0.4326302838273971,0.48945326993198895,0.009089321459340115,0.03554909802991487,0.0006551879817808502,0.1578685240158382,0.2922559520484304,0.590442271379219,0.7597190043096551,17.368570879800245,,
T0,2,1262,decel,0.144882,0.6091838362269522,0.7838097074345589,0.6143576574686488,0.7924531207073906,0.005099112648691673,0.7606878353646247,0.7429262326599954,0.44372687005021744,0.478203411192836,0.009019534137018316,0.03397958485398298,0.0006582164266100696,0.15859823232634898,0.2941430178995745,0.6096528520382604,0.7430623816422097,17.583860753453337,,
T0,2,1264,decel,0.149013,0.6316979116119704,0.7981548386642087,0.6370511464830889,0.7936603033540702,0.005333034023464522,0.7747704277398002,0.7484845188365287,0.4542872214076695,0.4682972008158776,0.00835990642270217,0.03344252094440145,0.0006630316379758824,0.15975846470588526,0.29768207832824833,0.6269443632368275,0.7294508681140713,19.11007810709998,,
T0,2,1266,decel,0.152788,0.6445353768084081,0.8066025171754645,0.6506076207137955,0.7908325742174952,0.005823552804489873,0.7820892782926265,0.7507772585355041,0.4586098206530899,0.4640739041498735,0.0071104405912944335,0.03300667152692726,0.000665402042195947,0.16032961714754843,0.30195985630622246,0.6366057243279706,0.7271127800871762,22.548478549113497,,
T0,2,1268,decel,0.155218,0.6485036472266388,0.8100442247550717,0.656171646059045,0.7806424735172669,0.006803535856556575,0.7825176322289058,0.7511502571422536,0.45894902680254895,0.4661155072825053,0.006385282532942742,0.03237208338100547,0.0006637650050547775,0.15993517060026427,0.30556312551018855,0.6384298485858193,0.7378140357862641,25.04746967344545,,
T0,2,1270,decel,0.155519,0.6464186232191974,0.8107690066247651,0.6573463821033084,0.7639532283893812,0.008736041792326343,0.7779514376975609,0.7487632833805317,0.4571197363918324,0.47268110219441734,0.006068780393554585,0.032430161026199784,0.0006575707289061779,0.15844265049898285,0.30667290731245783,0.6345383830452613,0.7582155235527418,26.107824014732614,,
T0,2,1272,decel,0.153355,0.6367384702630372,0.80624845186077,0.6500365661278883,0.7473056886320832,0.009823846527818203,0.7683708922432811,0.7433112040015944,0.45176579802130007,0.48421473994819875,0.005990307740594568,0.03181231481378805,0.0006425999096635554,0.15483540921424993,0.3039578030001675,0.624239057433124,0.7896366731118541,25.847655232297257,,
T0,2,1274,decel,0.148997,0.6234648699969328,0.7994672521186666,0.6391478872101717,0.7293234698548057,0.01076286702295881,0.75592073131122,0.7380556936297168,0.44227908446997727,0.4966689258080682,0.006077707841814871,0.03204869332311049,0.0006228459013207348,0.15007565136276851,0.2971989321648746,0.6118690819826782,0.8227222775603412,24.692804469843395,,
T0,2,1276,decel,0.143318,0.6098934524202535,0.7923871561837045,0.6278774052848984,0.7106457476919555,0.011302295002430074,0.7427280313365858,0.7334138159520286,0.4313870792665247,0.5077201607082802,0.006262504698017243,0.03175629833360206,0.0006032778326400208,0.1453606959509366,0.2885783222454897,0.5997400197103766,0.8509777541827416,23.211271361913532,,
T0,2,1278,decel,0.137643,0.6032195452204272,0.7874389969368987,0.6200601738969891,0.704455887088228,0.009954432156405457,0.7365707381013121,0.7275209657410261,0.4204577549710027,0.5121860052912403,0.006434776601977687,0.03228014909355889,0.0005869204073233645,0.14141934985905485,0.27906164326069444,0.5950131335039985,0.8629958224053456,21.977351912355516,,
T0,2,1280,decel,0.138366,0.6322044235768924,0.8022663754614059,0.6436313371959815,0.7351040539477367,0.006916136187983479,0.7622975652002983,0.7421453713151203,0.42944394102878614,0.4875856664953332,0.006067554590292973,0.031614560872425326,0.0005943486234974681,0.14320918965478627,0.2817056632415646,0.6250782813668314,0.8060700133946002,23.602455902728252,,
TB8,0,1120,decel,0.138366,0.5020956130922629,0.7295584247946475,0.5322554951888473,0.6108609493209501,0.01607079141275536,0.641594773161439,0.7202739398154548,0.39352042272944293,0.5541426050034838,0.00866782934637055,0.040868723133350625,0.000629244003343368,0.16636352254068085,0.3479507959057359,0.5344529451760368,0.9497857631796498,19.19321618974209,,
TB8,0,1122,decel,0.14356,0.5168606224011316,0.7434766197733141,0.5527574841495532,0.605876640637809,0.01696310749033003,0.6509233674119311,0.7331989136487287,0.4098802214740175,0.5400472630427228,0.00815754204801099,0.039986798478203404,0.000641092844135515,0.16949619425742604,0.3615347506563812,0.5525855080250146,0.9152801000694951,20.777851129649207,,
TB8,0,1124,decel,0.145546,0.5116611756712997,0.7411329032160854,0.5492779802295034,0.6006442898592466,0.01787975407527642,0.6457856240568522,0.7335636163107988,0.41070403369049907,0.5446486935088208,0.007821127538100327,0.03925468931497207,0.0006360880672728447,0.16817299959211338,0.36615018349895984,0.5492556777427433,0.9314880502164539,21.502398314420134,,
TB8,0,1126,decel,0.142589,0.48674023679318246,0.7238624154855446,0.5239767965525672,0.5888251466400571,0.01900149578213639,0.6241828045901091,0.7252913978269725,0.39740558759227,0.5640534779544888,0.007274866326691451,0.039705142062788454,0.0006178965353492727,0.1633634069458006,0.36196916007451757,0.5295269379879874,0.9913199585998428,22.455863738199696,,
TB8,0,1128,decel,0.134389,0.4441416779637164,0.691852562660356,0.4786599684597018,0.5705965017124118,0.019815258179373907,0.5868439652124526,0.7126280014654778,0.3703424296212828,0.5949285776520933,0.007097941621278528,0.04094405023217305,0.0005864487346303061,0.1550490378362554,0.34812406368716586,0.49228672516503946,1.0810198689442736,21.844225566950627,,
TB8,0,1130,trough,0.122509,0.39846810621556583,0.6597774558468321,0.4353062912437185,0.5414106236115042,0.022827478054726402,0.5428925496849245,0.6851783405976363,0.3444238530319101,0.6229711207206848,0.00722787779152002,0.04152992610382583,0.0005415179821504613,0.1431699603826217,0.3270528888123559,0.44571757591301253,1.137710586718304,19.80802173365373,,
TB8,0,1132,trough,0.110418,0.36135456956041245,0.6324905059823074,0.4000442401577552,0.5103797298004505,0.023778628937607293,0.5027156508542252,0.6352763643930364,0.3268248053088424,0.638645759413613,0.007688761113322903,0.04276256508264183,0.0005045804931975811,0.13340419266237635,0.30558367817124055,0.4061669538148075,1.1412401094453986,17.35054460610263,,
TB8,0,1134,trough,0.103096,0.35541180954295004,0.6261705791465149,0.39208959418868183,0.5136958080214268,0.0240272105060908,0.4995085888587961,0.638518642106403,0.32317390455072653,0.6385626876503818,0.007682630804307153,0.044029044332874454,0.0004921723614704008,0.13012365205918516,0.2966530168727666,0.40397137452292564,1.1361895256270464,16.937381916912273,,
TB8,0,1136,trough,0.106265,0.4200341573734756,0.672562509690541,0.45234032944123903,0.5608291603190725,0.019821830705996857,0.5653574169315057,0.7038894513516255,0.34546098533801056,0.6017630759851871,0.008099775242763424,0.04489601229041146,0.0005151348447814544,0.13619461910791505,0.3051296154023859,0.46918338921059943,1.0674389960247157,16.81461707589915,,
TB8,0,1138,trough,0.125362,0.563195355850272,0.777437728876537,0.6044094222807078,0.6196492605743369,0.016316865701281325,0.6880595324780695,0.7887072693331337,0.3928319162158572,0.500923795746944,0.007135611409920316,0.04171738067465153,0.0005739498470385836,0.15174450262169528,0.33625863096833647,0.5913326563567413,0.8062727885253508,21.265802452573553,,
TB8,0,1140,accel,0.164472,0.6885269274075703,0.8454785627348199,0.7148340000441368,0.7134635866606749,0.00887911872870939,0.794801276739037,0.8713791296625409,0.4364494245635164,0.4069363062504611,0.00604117884171732,0.0352251286228853,0.0006822299819600039,0.18037229179567935,0.3980188131970458,0.7001373837965328,0.6081426347697122,29.857134927064184,,
TB8,0,1142,accel,0.225431,0.7470952101850241,0.8747015301809503,0.765102766900896,0.7643301602193083,0.005825717408662112,0.8409430158300906,0.9090241597765676,0.47331242896483694,0.36574378045890005,0.005436646536540071,0.030508927564425813,0.0008870973208896149,0.2345364188700337,0.5243366174394796,0.7485144561220551,0.5345813612192358,43.139905692543834,,
TB8,0,1144,accel,0.307278,0.7608257965060967,0.8817503908229705,0.7774837517164611,0.7726662588072638,0.0047586073527443595,0.8506814702098373,0.9225919833155444,0.4916232846616142,0.36311849044730654,0.005072424669707149,0.02744713793264026,0.001197850032761121,0.31669519275000074,0.73703574855601,0.7559578965388247,0.5355615012398804,62.43467638688162,,
TB8,0,1146,accel,0.406197,0.7528391546903482,0.8783171568728972,0.7714410280572895,0.7599092787267796,0.004581447759875568,0.8437711504204337,0.9274113826358523,0.49861154259929114,0.38056124117623624,0.004966390708411051,0.025357851726331832,0.0016173967482445168,0.4276176156691483,1.0483811659491657,0.7435021727073583,0.5767614936370911,86.10229053162038,,
TB8,0,1148,accel,0.515946,0.7363172679323609,0.8705936942883632,0.75793338053466,0.741550465173716,0.004963957621963888,0.8304139575275721,0.9279699322118578,0.4970467786809582,0.40548737830922166,0.005158966153577694,0.024272939517428777,0.0021542804976199953,0.5695623481836882,1.4579185910432122,0.7242922533333689,0.6382314155030736,110.40242002531886,,
TB8,0,1150,accel,0.628717,0.7152955191655299,0.8595373043073703,0.7388043774959809,0.725291459975432,0.005486911610055989,0.8141050954248449,0.925329663975706,0.48947223055940625,0.43180704740065023,0.005402300294977336,0.023915002644299133,0.0028096083095748804,0.7428220735627472,1.9534519117825093,0.7039088801014415,0.709627106005298,137.50107047054917,,
TB8,0,1152,accel,0.736242,0.69461188273177,0.8479788371811531,0.7190681083071006,0.7125976854607429,0.006128169334185696,0.7982803682538072,0.9212272749520067,0.4799285883879359,0.456239545263097,0.005776239405901901,0.024096755899543375,0.003552411110654664,0.9392089916487738,2.5053417926078985,0.6849496923867102,0.783253942098125,162.5986953880638,,
TB8,0,1154,peak,0.830951,0.6755458785425661,0.8365357203442935,0.6997920114119459,0.7044602880883079,0.006802213063774376,0.7841385466454521,0.9161540556311812,0.4695572731669996,0.4768274887363722,0.005961188297560055,0.024714709384217468,0.004323038547030772,1.1429523633787142,3.0645949798753005,0.6690737997581833,0.8523680810428522,191.7323034144938,,
TB8,0,1156,peak,0.906964,0.6598988223852933,0.826605501087058,0.6832766544273863,0.7005464538975715,0.007486948663771642,0.7730013953361089,0.9104777755774337,0.4589271673196276,0.49296680123106346,0.005945287942580673,0.025509610401259594,0.005047223552035298,1.3344169903970995,3.569763189828625,0.6565898453071795,0.9117391492970908,224.4495141841471,,
TB8,0,1158,peak,0.960739,0.645053536802431,0.817703544274106,0.6686390863184348,0.6945784720832631,0.008425766114003475,0.7619191151197345,0.9041497469396454,0.4522402013832537,0.5065712382044459,0.006053890905301729,0.026470096766514385,0.005671704454454395,1.4995212140906429,3.9828603709270416,0.6450047850964032,0.9622692605269152,247.69544703513387,,
TB8,0,1160,peak,0.991296,0.6309278723003506,0.8096959459320963,0.6556075248588722,0.6863440671642872,0.009463966562973214,0.7507165724685634,0.8972408181721919,0.44666025043981106,0.5183366248529581,0.006239991549839887,0.027271488510164452,0.006145517635210239,1.624790949452321,4.276081601383147,0.6338469695260358,1.0045812442387763,260.3835175856948,,
TB8,0,1162,peak,1.0,0.6182214502189624,0.8029022464567258,0.6446520173652569,0.6764666266006136,0.01044460117789514,0.7399420263743106,0.8907589605500918,0.4428763006145749,0.5283409701397572,0.006489438501747478,0.02804407378430704,0.006441682226511267,1.7030928234453477,4.4371864337391,0.623503464367096,1.0390143622000225,262.44070623163134,,
TB8,0,1164,peak,0.989996,0.6052392130165438,0.7962779097218711,0.6340585095110323,0.6641860033951178,0.011371024777452776,0.7282224009908685,0.8841095835973602,0.43905745691805304,0.5380409338686182,0.0065725082069716615,0.028839008924992617,0.0065725082069716615,1.7376814263300586,4.485943777771147,0.6124644810314461,1.0696775305103354,264.3863456095569,,
TB8,0,1166,peak,0.965439,0.5917302930093724,0.7892879738658515,0.6229755056892611,0.6508974403127596,0.012093272902779173,0.7156422427697893,0.878198848538033,0.4340622659351858,0.5481805152282329,0.006623623785591068,0.02948520676930678,0.006558723308985233,1.7340368875268264,4.455915985894784,0.6002461945190435,1.1001462474186379,261.7957999515347,,
TB8,0,1168,peak,0.930694,0.5801905863767076,0.7830710476873357,0.6132002657261416,0.6403713357324198,0.012646471557417938,0.7049251804149214,0.873469155251783,0.42960030568691504,0.5565913814450706,0.006859258571672632,0.029924001621888522,0.006428735041111089,1.6996697644114653,4.345020531005426,0.5896347254779827,1.1243065175638283,247.792053128127,,
TB8,0,1170,peak,0.889659,0.5703826767110642,0.7774608403041541,0.6044453582064414,0.6326997983988089,0.013106922241856056,0.6960432481889167,0.8687137612798971,0.4265907950099284,0.5632095174760167,0.007029558441647691,0.030392851103873093,0.0062161028504510284,1.6434527165638972,4.175681439463739,0.5809100199049048,1.1422691757003869,233.79174242680892,,
TB8,0,1172,peak,0.845329,0.5623086172743855,0.7720699622377354,0.5960920265897781,0.6289106969701983,0.013288834083451495,0.6893200268424896,0.8636408540454718,0.4247927163413462,0.5681207653414211,0.007133178935998966,0.03080351966149857,0.005942166738335284,1.5710277489511257,3.965980344692365,0.5742489431098415,1.1551045961864888,220.24230193113908,,
TB8,0,1174,accel,0.799638,0.5555628151637053,0.7669196999192414,0.5881658261242192,0.6280720420609767,0.013324338867788166,0.684303484477364,0.8586829033163267,0.42382750924667295,0.5721082564325676,0.007200166351568032,0.031083859086544145,0.005633222146548583,1.4893470173328036,3.7386340316161273,0.5687569364577099,1.1653541715350464,206.84897328913212,,
TB8,0,1176,accel,0.753564,0.5488146754576396,0.7614694099665411,0.5798356623147922,0.6282635020353611,0.013277172949382687,0.6795541024719998,0.8536272613342722,0.4230987429425053,0.5762472157755542,0.007228260062854941,0.03128388792858106,0.005309046178529111,1.4036393178136948,3.5100923660063126,0.5630527973791088,1.1761530461313947,194.18771676835604,,
TB8,0,1178,accel,0.707404,0.5416760497847859,0.7556094379779745,0.5709456227613905,0.6288106985869035,0.013191652665439868,0.6746232256213712,0.8482093067749981,0.4214883540589618,0.5808787546292746,0.007258772175532944,0.03152420008065819,0.004984388108224359,1.3178041570331709,3.285275041825266,0.556644733948768,1.1883418964408143,181.54642757284455,,
TB8,0,1180,accel,0.661118,0.5337824464648481,0.748779905179923,0.5606713464012545,0.6308855272274784,0.012989815583612452,0.6695850809649085,0.8419631132756983,0.4183258245373538,0.5857694031856978,0.007299493063248128,0.03191284583150165,0.004664746495752912,1.2332952792070988,3.063568336945892,0.5498718247154748,1.20142886027283,168.95629169326276,,
TB8,0,1182,accel,0.614643,0.5248462394036423,0.74087336642503,0.5488933450779567,0.6343848470904921,0.012707300924252318,0.664238222993721,0.8340985549983179,0.4133404828332371,0.5909404704650539,0.00734243749763017,0.032443996284409526,0.004348599563116312,1.1497103470116374,2.842632063016422,0.5424858293796859,1.214576015038035,156.5842878993135,,
TB8,0,1184,accel,0.568077,0.5118838582094696,0.7310680364402323,0.5344604739045768,0.6330209142077473,0.012963377517035468,0.6547192172067714,0.8238562899812575,0.40508966730729845,0.5979491029771857,0.007105539537980903,0.03317105992985683,0.004042627057382162,1.0688153943635863,2.631315280586207,0.5318418312778737,1.2301368634831626,150.42001928924583,,
TB8,0,1186,accel,0.521728,0.4949561741381048,0.7192768888459979,0.5173592428279781,0.6256974423379246,0.013645955881115945,0.6405748470295881,0.8116371210906427,0.3951240439362695,0.6069986711952778,0.006738907388284386,0.03415607677203285,0.0037455493858624036,0.990272114428281,2.4322472895584997,0.517459063067509,1.2483152470233772,146.94846766255796,,
TB8,0,1188,accel,0.476028,0.4759208155150082,0.7058213759476899,0.4981838147446902,0.6171641769451811,0.01440290029471153,0.6243952969267381,0.7975937876117708,0.38624429033624924,0.6170203752157153,0.006445164929358336,0.03524894325875213,0.003456736191373528,0.9139138493735449,2.2419112123170644,0.5006805781239536,1.2660088053767464,141.7983650364913,,
TB8,0,1190,accel,0.431376,0.4548038535466582,0.690981682924322,0.47745568613692835,0.6046290296533261,0.015195051863329312,0.6051510192981739,0.7814623278659579,0.3751934752547065,0.6279018694800841,0.00617432788384576,0.03644687169148892,0.0031772618463818303,0.8400246486095654,2.06050844470179,0.48143215378472004,1.282468247301668,136.05118879536167,,
TB8,0,1192,accel,0.387986,0.43152709151611035,0.6753882778297123,0.4561493258297847,0.5836725580724687,0.016210461063085102,0.5810453510844784,0.7624040764744425,0.3632274152570893,0.6397408400894634,0.005865712578312713,0.03772247219370863,0.002911044938121876,0.7696405330952414,1.8896590162590572,0.4592746397861579,1.2974796585227653,131.21006575413048,,
TB8,0,1194,accel,0.345798,0.40544877694790005,0.6584555918796805,0.43356376647762035,0.5550899726730366,0.017430538295747422,0.5514701114343076,0.7403244423752231,0.3494617818314142,0.6525451131730616,0.005605144932328925,0.038916608335108446,0.0026577080349324722,0.7026617150529528,1.7276387308799879,0.43347461231206874,1.309354793975707,125.36013315198943,,
TB8,0,1196,accel,0.304512,0.37535389078135617,0.639501355840705,0.4089619841221,0.5184365477167251,0.018951405574647695,0.5149238213881,0.7138224781564206,0.33195748717863405,0.6663499791082304,0.005365216222188706,0.03983058027899868,0.0024181333363750617,0.6393214360008479,1.5745379289567265,0.40304306752358965,1.3165002896575886,119.16042327554896,,
TB8,0,1198,accel,0.263724,0.33985544410774216,0.6167358409615671,0.3803630975265714,0.47519615990602554,0.020474172105524824,0.4703103560224957,0.6802788958852702,0.31053522938030287,0.680952927146503,0.005168912908306912,0.04059628070564529,0.0021917099781652402,0.5794581917631095,1.428518082780257,0.3667446266462262,1.3159723668458057,112.10446026897989,,
TB8,0,1200,accel,0.223146,0.29819042635814585,0.5877242216153843,0.34541976067340935,0.42771534322415156,0.02162649315124321,0.417376013742228,0.6385269552712307,0.2853225366489676,0.6954551998566543,0.005008431944193325,0.04202342143587373,0.00198029240638087,0.5235622725613938,1.2891876764101613,0.3239223013252921,1.303594817968938,104.5361658888869,,
TB8,0,1202,accel,0.182834,0.25312307962422553,0.5497388359067465,0.3022127877041048,0.3856958090894959,0.022179593432514078,0.362156576905886,0.5918130644424724,0.2569496063716118,0.7066060765386153,0.004903019244121017,0.043297970463182754,0.0017850463335357134,0.4719418768672455,1.1544253537436846,0.2777955670447627,1.2718633134810158,96.2553588654846,,
TB8,0,1204,decel,0.143355,0.21039620075731957,0.5036090839326234,0.2536221094194561,0.35849053557440247,0.02216651558453922,0.3137949379709531,0.5478444652597322,0.22924961505424532,0.7098153797769373,0.004924136114338401,0.0448702247771455,0.0016054796708572278,0.42446690312837665,1.0231031398335915,0.2347453626094278,1.2144556870730168,86.20129364263265,,
TB8,0,1206,trough,0.105832,0.17694675283716388,0.458671708295538,0.2103797359907471,0.3515884568405431,0.02196616041140953,0.281540517774375,0.518915205416674,0.20865045957155576,0.7014682420160254,0.005125193428355158,0.04770370039962479,0.001445992359329667,0.38230063566251193,0.8968681072154402,0.20193425853893043,1.1328200429445612,74.59243070660159,,
TB8,0,1208,trough,0.071839,0.15575150290278206,0.42633107907165496,0.1817581889824017,0.3619822578495187,0.021865915286941234,0.2677156366711207,0.5026939474031381,0.19698263617303277,0.683817074885816,0.0054709866790203935,0.05111883704410124,0.0013185061622470232,0.34859502590017194,0.7826869800109962,0.1820213888004707,1.044830185203846,63.71703064767644,,
TB8,0,1210,trough,0.043158,0.14496200781887836,0.4105935578180819,0.16858706972171056,0.3782240384083862,0.02257727611601751,0.2664589284917749,0.4921082406781833,0.1937100233804264,0.6637746930771483,0.0058973647729928915,0.05431695133560462,0.001213332583734199,0.32078856782248655,0.6862664197385607,0.1717929082181915,0.9702698520362114,54.39523925865069,,
TB8,0,1212,trough,0.021454,0.13781025821324433,0.4031007706489471,0.16249023129777507,0.3871251409139094,0.024424752339099715,0.2657782307771304,0.47777747938019033,0.19367287460077148,0.6502540767010588,0.006216742903190424,0.05738798829108038,0.0011234334118929577,0.29702045430605517,0.6100095292741968,0.1638808446559623,0.9248905813345479,47.77750325715169,,
TB8,0,1214,trough,0.007926,0.12804197932965655,0.3949468272676046,0.1559829963687471,0.384377500348489,0.02782930636756739,0.25827127417023515,0.46021855072189216,0.18758681539294791,0.6488578937207325,0.0064801609663428725,0.059293547544011116,0.0010429173308038483,0.27573310186410277,0.5522776829790846,0.1523519142545685,0.9145994086833881,42.55034763738513,,
TB8,0,1216,trough,0.003045,0.11661075802981258,0.3850030385292803,0.1482273396767785,0.37253481376180847,0.03146112501811374,0.24512344352040233,0.4451664940521426,0.17590260413564432,0.6585365495782765,0.006619350839657826,0.060251805655307196,0.0009696551425816526,0.25636357964867695,0.5091076947236156,0.13893943794531716,0.9347263075236888,38.72941408585757,,
TB8,0,1218,trough,0.006411,0.11965960130928299,0.3943872787343731,0.1555413256275041,0.37325199038100254,0.035435023904441004,0.2506160069833087,0.4636985308423216,0.16434370544073373,0.6696708615241975,0.006582329373239065,0.06043039340529065,0.000903200292587858,0.2387938247107863,0.47635736922311855,0.14073014202600787,0.9685125832465061,36.27801210945472,,
TB8,0,1220,trough,0.016793,0.16638252851401325,0.451753653541057,0.20408136348769337,0.4153399331150532,0.036372875938416954,0.3104217310914121,0.5273252001408529,0.19052829259627097,0.6691317863853733,0.006455775803298835,0.05964206332975532,0.0008569542147843581,0.22656699320154375,0.453630984037733,0.18163081614070675,0.9942942641857055,35.09523876057938,,
TB8,0,1222,trough,0.032322,0.25849116675940176,0.5415453493621429,0.29327136541576543,0.5012009153085768,0.033152525297261204,0.4226604786816592,0.6060669470435706,0.24218221531892226,0.6450401366758112,0.006622672390491684,0.058798691383379315,0.0008334610997962006,0.22035573438283967,0.4371720442859502,0.26410100285346416,0.9784565122897902,33.2729329476133,,
TB8,0,1224,trough,0.050802,0.3451663626696889,0.6082345254659949,0.369949237968844,0.5875154843588339,0.024353596634754837,0.5218545238007639,0.6618648968442639,0.2737554191303377,0.6117526211174082,0.006957103817750102,0.05785882039633905,0.0008386253149451952,0.22172108235402388,0.42912315540120477,0.347231890940665,0.9365301807176185,31.869738926179707,,
TB8,0,1226,trough,0.070062,0.4167789446653548,0.6586070040858182,0.4337631858308969,0.6408417507511932,0.016668636939498715,0.5913949848255925,0.7003996656318263,0.28997513605843184,0.5773709238176062,0.007508726961461662,0.05544091643886219,0.0008498714829873815,0.2246944156248085,0.4247735996299889,0.41650528512308826,0.8818281186406077,29.924435497261584,,
TB8,0,1228,trough,0.088271,0.4556418559442035,0.6851606375176387,0.4694450992035771,0.657319064798835,0.01302809008791711,0.623306702691634,0.7217360300824679,0.29475434439954545,0.5523975501544851,0.007448157854100023,0.05331393556655745,0.0008550186609508608,0.22605525919677483,0.42375695258257096,0.4609231686584727,0.8385531796492238,30.350492514378857,,
TB8,0,1230,trough,0.104151,0.4741305276185558,0.6967556996279279,0.48546850496400334,0.661799042967849,0.010116009500596879,0.6368540449466096,0.7308480557557834,0.2975448715872494,0.5381789210068088,0.008019305925436876,0.05173468214856644,0.0008537600128776533,0.22572248983229098,0.42225321476262684,0.4846773542673741,0.8132309464342233,28.147384814976252,,
TB8,0,1232,trough,0.117053,0.4832166608789412,0.7044521562225942,0.49625284040666223,0.6535846591485464,0.010448677269142781,0.6405289508081136,0.7397830361614366,0.3008850220911015,0.5319283757313542,0.008088343666507085,0.0500906073095391,0.0008461577559338146,0.2237125569005246,0.420488263524342,0.49498448177792265,0.8021633247978213,27.658636443316936,,
TB8,0,1234,trough,0.126894,0.4857129470568283,0.7069797334150382,0.4998203434595984,0.6462703700834922,0.010421769606648423,0.6398769857748418,0.7450328952529779,0.2997086100078732,0.5310785765520236,0.00856776619051183,0.04893787044913371,0.000832769622369667,0.22017291719296694,0.4164367988550026,0.4973292078058913,0.8016262500085671,25.69782044668682,,
TB8,0,1236,decel,0.133992,0.47990873623549324,0.7032604579498004,0.494575271715763,0.6411766083988735,0.010812131105207679,0.6342329951860716,0.7486589137482665,0.3007396191520248,0.5337282697235763,0.008727928030197856,0.04774829562235522,0.0008156338133507187,0.2156424432673839,0.4110484088482556,0.49420628651086895,0.8075728118907852,24.707174775190655,,
TB8,0,1238,decel,0.13886,0.47695784021095433,0.7015018402797786,0.492104831915916,0.6391480195388695,0.01125899274397224,0.6316005687249759,0.7495400552585474,0.3023645950705733,0.5359318025097872,0.008869410264812562,0.04676106960195025,0.0007969806579064843,0.21071080366539577,0.4039585955342284,0.4926020416062483,0.8135791753333963,23.757025255821645,,
TB8,0,1240,decel,0.142008,0.4734712033113919,0.6981568219500156,0.4874229480353458,0.6435811603295666,0.010973241882644091,0.630550169810624,0.7486252045656834,0.30715109004519303,0.537489464125616,0.009041892935272848,0.04587080136343626,0.0007762002276959014,0.20521674166182532,0.39504248922971724,0.49235402939288553,0.8187953310754826,22.69621451292187,,
TB8,0,1242,decel,0.143829,0.47483283137244703,0.6988561234263301,0.4883998812504779,0.649567559414507,0.011137687335683322,0.6335384320250754,0.7500968292841445,0.31616538931190363,0.5372047470961062,0.008628745083054806,0.044793037127139196,0.0007563396035795376,0.19996586383017487,0.3853825284463302,0.49585680809002575,0.8215585096981246,23.174385371850807,,
TB8,0,1244,decel,0.144562,0.4795626055607364,0.7023173489934028,0.4932496586971212,0.6557795689727213,0.011521288167131383,0.6389782881865718,0.7507517550687091,0.3261209000531774,0.5356840683145135,0.008498502646294382,0.04362372066366431,0.0007367847649185231,0.1947958314976048,0.3749799019192458,0.5019782424949975,0.8228590693543516,22.921194427413866,,
TB8,0,1246,decel,0.144347,0.48642063974673366,0.70737748073479,0.5003829002506982,0.6611876494161778,0.011828759986722726,0.6455623768040271,0.7500659607628989,0.3379630907404495,0.5337866893330612,0.008596523876646346,0.042544714032505884,0.0007166107126270183,0.1894620875361177,0.36393338210664267,0.5093224511706541,0.8243215053272922,22.039383622352037,,
TB8,0,1248,decel,0.143324,0.4939090818548567,0.7136869541581133,0.509349068535485,0.662801395350039,0.012850646585418235,0.6514900596395884,0.7482144105495188,0.34870459228849526,0.5314823150244223,0.009031917708257543,0.04175706254291907,0.0006967938376516745,0.18422277637998508,0.3526241287835933,0.5173906154649119,0.8253234100464344,20.396861699875444,,
TB8,0,1250,decel,0.141737,0.502660239933844,0.7212242760968102,0.5201644564313679,0.6613955787608813,0.013924743472609746,0.6573305549954405,0.7448846377975514,0.364130397040913,0.5290392749999389,0.00975647428518044,0.041554444755926824,0.0006773013353861651,0.17906922493922103,0.34169635845101126,0.5258741605484296,0.8265358966437051,18.35388683504425,,
TB8,0,1252,decel,0.139984,0.5118363042231657,0.7288991418567635,0.5312939589995263,0.6605349775910748,0.014783995820614404,0.6635883759311038,0.7405743789564008,0.3788308815774687,0.5263063602163862,0.010583957218699532,0.0415893307071426,0.0006600395996659437,0.17450545771327375,0.33189603314331956,0.5347351550738617,0.8273747432033421,16.487732717301697,,
TB8,0,1254,decel,0.138593,0.519905743848292,0.7357906908532659,0.5413879407463262,0.6599583355191152,0.015731650782509266,0.6691917737640652,0.7345525277721063,0.3897331280499636,0.523609076340182,0.011524767765912831,0.042132598927664015,0.0006485601252428135,0.17147044142102397,0.3248675652516734,0.5432645077694243,0.8281823977811404,14.87842921470292,,
TB8,0,1256,decel,0.138119,0.5332911477747013,0.7447639942737049,0.5546734071665231,0.6670321317350412,0.01534001693809206,0.6803959193678738,0.7291750888910487,0.39962219137632143,0.5185267928017133,0.012050153867970776,0.04210762298259083,0.0006420454656622164,0.16974805438161963,0.3196172415384483,0.5549699811585608,0.8241613121750491,14.086795591283591,,
TB8,0,1258,decel,0.138984,0.5474253646160232,0.7533044367866597,0.5674675744824665,0.6800549070284565,0.014676716256645461,0.6936166207602644,0.7263584258103414,0.40750803649545453,0.5117888634602493,0.01192598727302337,0.041219132407321786,0.0006440844602784117,0.17028713671691306,0.3182723839887779,0.5676879078307264,0.8152199474695713,14.27866161672864,,
TB8,0,1260,decel,0.141323,0.5611758956780739,0.7616736733420421,0.5801467846623598,0.693389115584691,0.014308108156168897,0.7064911310604273,0.7228253881511612,0.4123902393044049,0.5045209363797684,0.011435337476817306,0.040977723130441325,0.0006539786229912259,0.17290301823942036,0.32103376766117225,0.5796529069647376,0.8033105409079472,15.12006257707253,,
TB8,0,1262,decel,0.144882,0.5709634437422062,0.7686171296309966,0.5907722919621923,0.6956806254890692,0.01448911458354063,0.7136817993578644,0.7249311941925888,0.41453627362001294,0.4985938642390334,0.010935545656283314,0.04065100605114926,0.0006658130128437632,0.17603186932505152,0.32733051872707636,0.5884234141709263,0.7923263719802682,16.097218635259196,,
TB8,0,1264,decel,0.149013,0.5770712209211695,0.7745695531402059,0.5999579926518183,0.6855632399264846,0.014964647938749742,0.7151921113821667,0.7299669145184098,0.41613060972788574,0.4947632280215153,0.010370918649601582,0.0404537186939044,0.0006777372576051112,0.1791844768216582,0.3354737184264309,0.5946351625824535,0.7861086721011338,17.27758965967223,,
TB8,0,1266,decel,0.152788,0.5766007438295149,0.776132562726375,0.6023817549242104,0.6734357102881987,0.015234367593986997,0.71172817062106,0.7313840236986892,0.4128548841470975,0.4955912074299403,0.009899653205595028,0.039998600950894934,0.0006867450253042439,0.18156600760573172,0.3438693560455305,0.5954159990861698,0.7906163181016769,18.340643236180767,,
TB8,0,1268,decel,0.155218,0.5706567489101172,0.7737354463030293,0.5986665408657479,0.660965529022149,0.015292737712094051,0.7043432981993597,0.7284613246812368,0.4103011256534654,0.5014588305060174,0.009532305450865822,0.03957879243628677,0.0006900179827072605,0.182431332852851,0.35051663559918916,0.5906863700769385,0.807490495181404,19.13821727526374,,
TB8,0,1270,decel,0.155519,0.5590878000442934,0.7684755314308707,0.5905546424079591,0.6464148019775101,0.016568020688979113,0.6926198993171052,0.7248343943558345,0.4051299668314753,0.5117178405226692,0.009115106355209797,0.03959346499219019,0.0006875340964142593,0.18177462723293478,0.35477840278699324,0.5809532435648965,0.835501284089849,19.94212904921733,,
TB8,0,1272,decel,0.153355,0.5416827129267452,0.7586431649813146,0.575539451772866,0.6317184267827614,0.017746849679349586,0.6765157903685911,0.7203326349255827,0.3973636029549155,0.5264282536399685,0.008790955325416986,0.03981271945278542,0.0006760957510070306,0.1787504848908977,0.3546665859893983,0.5657387067565252,0.8751426637259914,20.3334539050702,,
TB8,0,1274,decel,0.148997,0.5199602504980763,0.745078217772647,0.5551415505992641,0.6162670329970393,0.018588978777892118,0.6567157730497667,0.7157254694896429,0.3888374120966038,0.5434480547047219,0.008790679949355113,0.04018839059834431,0.0006580559076095077,0.17398099661965793,0.3506341223734818,0.5469729649171489,0.9211201966986645,19.791528939967975,,
TB8,0,1276,decel,0.143318,0.4975768813525855,0.7315717936090228,0.5351972892043226,0.5977779750668135,0.019719621971631462,0.635147487310997,0.7122709271200532,0.38161876629802927,0.5598940465422577,0.008699162707193382,0.040813588684631856,0.0006377625133818641,0.16861570027979716,0.34486438495256616,0.5275025704277345,0.9651282871065777,19.382980403432157,,
TB8,0,1278,decel,0.137643,0.4770470836549543,0.7185090459161309,0.5162552490633087,0.5815484869944036,0.020449970708202425,0.6150933279036744,0.7078086415686934,0.37798374348745234,0.5728791524974205,0.008598371827828792,0.041482898519847204,0.0006200191306835621,0.16392459216944127,0.3399127010254096,0.5110058573654847,0.999003332732261,19.06460844585672,,
TB8,0,1280,decel,0.138366,0.4977446529754668,0.730096264329545,0.5330405551879568,0.5956863127822974,0.017229867137556587,0.633943897561554,0.7200536882160269,0.3947544412529845,0.5555687411965907,0.008572322639964963,0.04090580054620149,0.0006303677899371235,0.16666063637144887,0.34976599137490305,0.5327664533597884,0.9536407947952776,19.441712983883917,,
TB8,1,1120,decel,0.138366,0.4120414490740497,0.6515645048148921,0.4245363039346756,0.5836590903544774,0.007883709547585105,0.5640041567520839,0.7558509500723843,0.3615258349733292,0.6917692169522764,0.0032667174013502297,0.042008162957053945,0.0005924206581494421,0.17503072652650054,0.5160178118016836,0.3471683147910952,1.338841923638118,53.58000249858014,,
TB8,1,1122,decel,0.14356,0.44464060423102325,0.6821580464999544,0.4653396004046339,0.5874934664786252,0.011737613462996066,0.5907104064835633,0.7757523890696321,0.3727648134070517,0.6715541210185745,0.0032258711806046874,0.04030978111232199,0.000603186286808154,0.17821143229651018,0.5281140476301613,0.3718659196624271,1.2645548438768608,55.244435477769,,
TB8,1,1124,decel,0.145546,0.44515604205088777,0.6862520525315193,0.4709418796037232,0.5755762772068611,0.013536710309121125,0.5874228568953902,0.7747006010330432,0.3751052463635918,0.6737658365632885,0.0032158699714766046,0.03940377698097184,0.0006041443917552587,0.17849450447279827,0.5337624779466669,0.3729232845793151,1.2823315475127879,55.50426666997373,,
TB8,1,1126,decel,0.142589,0.42799748804411974,0.677665210497709,0.45923013751890424,0.5536095030555065,0.01584283092579919,0.5674271120378466,0.7651740192153763,0.3698164650066801,0.6893597829736916,0.0032225386835562147,0.039517800566841454,0.0005912047814425125,0.17467149566502904,0.526892893142355,0.3608189872723674,1.3610794850271286,54.20307180681266,,
TB8,1,1128,decel,0.134389,0.3966912915387839,0.6568960183545361,0.4315123789300431,0.5215066705979894,0.01649081190531604,0.5317598533248407,0.7535125451899427,0.35398930153944635,0.7129747109516393,0.003207516954428824,0.03980235206917118,0.0005598376349330065,0.16540406994801923,0.5049487560242426,0.3387584034811969,1.482648389690342,51.5676369908615,,
TB8,1,1130,trough,0.122509,0.35357938528317445,0.6269881610064245,0.3931141540422181,0.4820328304203165,0.018522720893715816,0.48322664300276863,0.7207296635691575,0.33216054054466165,0.7350021132864,0.003151756206567545,0.03996201930533514,0.0005152648738074448,0.1522350444324856,0.4752126516746607,0.30688494265055855,1.5649701021527707,48.30165611009579,,
TB8,1,1132,trough,0.110418,0.31947462105229396,0.6014914418838383,0.3617919546594988,0.4479508375185335,0.018742616418341795,0.441919021570368,0.6675650861955532,0.31388549859925935,0.749640023148574,0.0031231700870731132,0.04068273854621943,0.00048061713720263534,0.14199836813327923,0.44811790912323607,0.2757301074880235,1.5835460826140653,45.46610148483887,,
TB8,1,1134,trough,0.103096,0.31786740395212165,0.5988713851527298,0.35864693595474917,0.45109534384983485,0.018941773619472635,0.4419858190424986,0.6706288056024099,0.3114479439637963,0.7481185357620665,0.0031142026900035946,0.04192127037513429,0.00046684473289903834,0.1379293102803588,0.43254703094114616,0.276716254044433,1.5730043714625936,44.29040881735273,,
TB8,1,1136,trough,0.106265,0.3745860722950084,0.6340239057846773,0.4019863131064573,0.5100886326037692,0.012040288873022664,0.5084115430248757,0.7230262167094238,0.33500145916008384,0.7177770613172956,0.003102012499855451,0.04237184863640382,0.0004827839353522595,0.14263854880413848,0.43865073073698735,0.32574930565058346,1.4778754317840705,45.98258350370452,,
TB8,1,1138,trough,0.125362,0.5030633648926687,0.7358417148488245,0.5414630293116588,0.5785019237994413,0.013643854571526615,0.6314369466546385,0.7906307847629612,0.3858985938026006,0.624906381989076,0.0031791658817312742,0.038978068281631584,0.0005551370654028555,0.16401528633854703,0.48307415058207276,0.42472058114378186,1.1026481813088636,51.59066636976786,,
TB8,1,1140,accel,0.164472,0.6207699751327888,0.8121886680333734,0.6596504324818252,0.6537484732585892,0.013777162028765,0.7368585637806477,0.8743952049221732,0.4349335060904201,0.5213818573064545,0.00320122482823993,0.03454036394108413,0.0006700811327751152,0.19797551940152466,0.569676689714716,0.5423035177977003,0.8181910515512597,61.843678599223495,,
TB8,1,1142,accel,0.225431,0.6817257808031245,0.8471013460048448,0.7175806904032197,0.691765629490715,0.011725724775137225,0.7864311840932884,0.9079467303021181,0.4703751920163785,0.46501399441094676,0.003348294993773955,0.030720340401603187,0.0008733719890074958,0.2580378176571201,0.7319513438308914,0.6134764104548605,0.7005918736885751,77.06543722609058,,
TB8,1,1144,accel,0.307278,0.7008157040674351,0.8592870973657968,0.7383743156993363,0.6954449938798908,0.010714376757214872,0.7997907645595809,0.9205065725846232,0.49044931845003165,0.44788581021934115,0.0035768925023918216,0.0282104570392198,0.0011772219404770834,0.34781030791242795,0.9905304861569435,0.6417709646359382,0.6751992121810154,97.23812154820189,,
TB8,1,1146,accel,0.406197,0.6974443819303591,0.859706821325335,0.7390958186333115,0.6823805125466197,0.010206816917868178,0.7949956824871319,0.9244471852074614,0.500121346508416,0.4541317705965646,0.003853605423130088,0.025975913800650886,0.0015889303032505034,0.46944957363008244,1.3583349159319484,0.6444953472696451,0.7008413806975243,121.82087216619402,,
TB8,1,1148,accel,0.515946,0.6836143915210398,0.8539859752184664,0.7292920458698351,0.6649665273446804,0.00994930267428451,0.7821230500802527,0.9231894315498153,0.501379131878392,0.47249273852791096,0.0041871772111670815,0.024561023351206974,0.0021219515156241197,0.626930729583047,1.8416126427563042,0.6339162350189037,0.7564304459370472,149.7263425849378,,
TB8,1,1150,accel,0.628717,0.6651871607314814,0.8445880312216069,0.71332894248279,0.6494144079143211,0.010049038516414255,0.7661575504593487,0.9187882248387425,0.49728280070513264,0.49577006536325197,0.004572473079573561,0.02406884361736296,0.0027748103335232086,0.8198179148021761,2.4310609286149614,0.6171126573897303,0.8285105676641811,179.29420261969793,,
TB8,1,1152,accel,0.736242,0.6466267134422865,0.8336751955272129,0.6950143316373367,0.6386921718071057,0.010369238656014357,0.7508467519485289,0.9128881016759339,0.48881412754797965,0.5182054159532773,0.00497582953355885,0.024228701564508605,0.003513933151046852,1.0381918049828307,3.080502751805225,0.599831678145837,0.903531789238996,208.64697996200994,,
TB8,1,1154,peak,0.830951,0.6296412880636264,0.8233444253641212,0.677896042778175,0.6315121139594254,0.011455119015680415,0.7373831697789185,0.906716175682144,0.48126268897145047,0.5373098951118467,0.005364254616053106,0.02481850854396859,0.004281407931915133,1.2649422847951939,3.7296853926001954,0.5845229464015302,0.9727054014556937,235.80951601546258,,
TB8,1,1156,peak,0.906964,0.6136356602310704,0.8136872509798911,0.6620869424072123,0.6258082291667286,0.013152755338671107,0.7249662236495469,0.8996588898398157,0.4707711261884273,0.5532999385173643,0.005713351661161127,0.025682166098316438,0.005008457429651119,1.4797491117667068,4.3189414060612945,0.5709271011680139,1.0336977113887738,258.9984302604571,,
TB8,1,1158,peak,0.960739,0.5979506514908317,0.8045101929883474,0.647236650622148,0.6199880858140181,0.015237591095261571,0.712744502704523,0.8916185374884181,0.45806513825532297,0.5669791674090999,0.006007171469060407,0.026645934244214034,0.0056292179971714805,1.6631528665775044,4.798193457431861,0.5582530249069915,1.0865614630209317,276.8612274751067,,
TB8,1,1160,peak,0.991296,0.5820370228623482,0.7954178557062601,0.6326895651763448,0.6132067170557516,0.017451643265681827,0.700056878842269,0.88257185003177,0.44685446087446556,0.5792668279183114,0.006236343161013825,0.027666743112016886,0.00609567997767322,1.8009690926342505,5.140995176156703,0.545708225284693,1.1330378916863542,288.78607962001115,,
TB8,1,1162,peak,1.0,0.5655781191304496,0.7867769798149139,0.6190180159666774,0.6034383256707782,0.019826834732844745,0.6861033396942265,0.8738197321998792,0.43706524122425155,0.5910403718908319,0.006411078019027201,0.028744249323787323,0.006397001159413754,1.889994457689237,5.345519719203661,0.5323588861681163,1.1750554782366858,294.8013504249975,,
TB8,1,1164,peak,0.989996,0.5488380263442985,0.7778260430341578,0.6050133532221755,0.5929915301789742,0.02201152973546394,0.671559848219139,0.8668279193870767,0.42833709228199807,0.602393944194662,0.006534150001452349,0.0299206116814496,0.006534150001452349,1.9305150930419428,5.417959329343966,0.518389703592943,1.213234897023639,295.45007271226496,,
TB8,1,1166,peak,0.965439,0.5329269048051845,0.7688864186497975,0.5911863247841116,0.5829878895592631,0.023701156860902906,0.6574645763906807,0.8622715304485176,0.42054397726437626,0.6130701752417438,0.006605175020031547,0.03121956112984993,0.006527155046982086,1.9284484332350846,5.378974143602247,0.5046120619865304,1.2480706724049064,291.96023230068386,,
TB8,1,1168,peak,0.930694,0.5193217537136066,0.7610844444643935,0.5792495316056745,0.5737834248373435,0.024846105938735374,0.6450131860869808,0.8581419275242037,0.415244665142415,0.6225895999584458,0.0066266264745141685,0.032390920056325864,0.006404086574841689,1.8920878441926168,5.255954585086475,0.4920628052786481,1.279201819710227,285.52806642558426,,
TB8,1,1170,peak,0.889659,0.5079560296830958,0.7544295101606475,0.5691638858012346,0.5655370891537671,0.025527509404298154,0.6342658642392038,0.8537320506074424,0.4114188822453833,0.6311132015418144,0.006596634152547317,0.03325781644147561,0.006197226626983968,1.830971057556798,5.0765546541905096,0.4807558764555452,1.3076985078236676,277.56140710785985,,
TB8,1,1172,peak,0.845329,0.498022874756353,0.74848169750741,0.560224851503574,0.5581850486076311,0.025989162164735236,0.6247067542141608,0.8490993264730511,0.40857889453750323,0.6390617126746464,0.006502981411641979,0.033920390269472044,0.005938996895819715,1.7546770647078505,4.86706488646432,0.47018503336888395,1.3349609743916278,269.8265539505519,,
TB8,1,1174,accel,0.799638,0.4891433050880808,0.7427083854373028,0.5516157457988851,0.5520503676095676,0.02612196094880337,0.6161516496389842,0.8444362579094142,0.4064740334991404,0.6465777984455379,0.006348486714308485,0.03442403305561767,0.005651886053984143,1.6698501456110513,4.64206557688067,0.4603058946746761,1.3619840760826414,263.03121054777876,,
TB8,1,1176,accel,0.753564,0.4812348702516789,0.7372368230469152,0.5435181332563085,0.5469919336711833,0.026090145071045123,0.6085649146488376,0.8410413254282745,0.404484310956372,0.6536785933504762,0.006141822414280901,0.03480009185512291,0.005349151030651497,1.5804070609548717,4.408960225766414,0.45114211317982045,1.3889767351995477,257.31891193729825,,
TB8,1,1178,accel,0.707404,0.4734359191736134,0.7314870683494137,0.5350733311624198,0.5426073983846421,0.025961882262805436,0.601204033662537,0.8374305180347226,0.4018060689943018,0.6606032758783255,0.005906058954689417,0.03508038405804234,0.005040654136886246,1.4892616312604203,4.172011339793778,0.4422470246990534,1.4162193707857464,252.15827384823933,,
TB8,1,1180,accel,0.661118,0.46577266776988047,0.7253523307451322,0.5261360037173957,0.5390114946333207,0.025640428744666155,0.5941057905307864,0.8325175239814726,0.3971462551941173,0.6673615793473746,0.005643579061456899,0.03536564613867541,0.004729035720068424,1.397193947353114,3.931802158032951,0.43365949777165147,1.4439857971448045,247.5723175201565,,
TB8,1,1182,accel,0.614643,0.4575252117031552,0.7184717391276179,0.5162016399250637,0.5355575326823303,0.025218821302399275,0.5865411861408788,0.8266367706408594,0.3924337461096367,0.6744247576994952,0.005398326407580818,0.035837231477017235,0.004418198574450779,1.3053570900787081,3.691645869726762,0.4244715330630494,1.472820345394792,241.80773660622071,,
TB8,1,1184,accel,0.568077,0.44575677988306994,0.7094439128113479,0.5033106654250754,0.5288915309137034,0.024954722933092532,0.5751887005407194,0.818118125708903,0.3840936758379797,0.6829273370655065,0.005238778858261902,0.03639380315813245,0.004110593756453308,1.2144752242347123,3.4567937157947513,0.4126484300601745,1.5048714542668402,231.8241057874402,,
TB8,1,1186,accel,0.521728,0.4302242530159559,0.6983063287091062,0.48763172871519034,0.5187396879118583,0.025163297212026536,0.5597651804866838,0.807615898857497,0.3741914714478726,0.6925095407092701,0.005156271743913982,0.037401566354571376,0.0038073029607027793,1.1248679365772578,3.225128350998893,0.39827882002533477,1.536999138638235,218.15528592048213,,
TB8,1,1188,accel,0.476028,0.41245629565955444,0.6848646827951214,0.4690396337400622,0.5077159719176686,0.02520167231496434,0.5420466448733294,0.7954978697946697,0.36241979391610923,0.7022406410231448,0.005026680548019331,0.03839115332064773,0.003506314199309805,1.035940785138129,2.9937044999585343,0.3828275423378483,1.5664802057807385,206.08844648906964,,
TB8,1,1190,accel,0.431376,0.39249233198273215,0.6692148955627422,0.4478485764430519,0.4951544173129517,0.025059194371774007,0.5217367905950548,0.7816049031989748,0.35042902317300834,0.7122873005473346,0.004887192842669299,0.03933182955485002,0.003210537097499949,0.948553418901784,2.7675441150620466,0.3659916373144537,1.5936437484255421,194.08962351968512,,
TB8,1,1192,accel,0.387986,0.3701266608996888,0.6516929767736458,0.4247037359760956,0.4789654514108726,0.024742277058459383,0.49776880887829483,0.7641126749175299,0.3374124000271756,0.7231276464853575,0.004731021406160516,0.03996058567054837,0.0029267749527855744,0.8647158726129338,2.5525904681923843,0.3470337816523924,1.6203198810487303,182.77572608040646,,
TB8,1,1194,accel,0.345798,0.34438487187834166,0.6316960825089734,0.3990399406571837,0.4575367334051749,0.024323589898583298,0.4685624131183494,0.7411344044664188,0.3239524714092246,0.7356852778036773,0.00455846761022512,0.04090529699886448,0.0026601885673324774,0.7859529056467164,2.353624944602066,0.32432874722821436,1.6492939978577832,172.41603381885216,,
TB8,1,1196,accel,0.304512,0.31385395825743323,0.6075971523288849,0.36917429951817016,0.42964547718934465,0.02365354257576846,0.43211526146789514,0.709691603550909,0.3091145875885274,0.7507743719048764,0.004379474499079054,0.04201013888889391,0.0024159907988486285,0.7138046571919904,2.174509746440915,0.296336801110923,1.6831631925302257,162.9886547671631,,
TB8,1,1198,accel,0.263724,0.2785207701174247,0.5787280582412143,0.33492616539564635,0.39552876678598065,0.02284341488852204,0.3882069550725055,0.6717147172290752,0.2932941730735957,0.7683102720109766,0.004197794488522305,0.04296786948608604,0.002192922532188411,0.6478991215874301,2.0143228895176803,0.2624648167306123,1.7195832433093683,154.34274435276168,,
TB8,1,1200,accel,0.223146,0.2387754437629418,0.5431224474215958,0.2949819928932241,0.3579949926683904,0.02193437462688219,0.3381201590935682,0.6275558918482814,0.27587441647615096,0.78698612508861,0.003976145213087739,0.04373837690500321,0.0019850520762253097,0.5864837802584003,1.8699132375887324,0.22395876614480825,1.7513913077716368,147.5005938736722,,
TB8,1,1202,accel,0.182834,0.1989333282959156,0.5018779490808244,0.25188147577357456,0.3229931211220934,0.02094836580383419,0.2881134381053513,0.5786244738874877,0.2537282610823145,0.8035480953412254,0.003750004840666953,0.04420975020590516,0.0017899691165882982,0.5288465056487214,1.735921051504417,0.18596924075356003,1.7670020429577677,141.0255527975969,,
TB8,1,1204,decel,0.143355,0.16322216238767306,0.4575425421093718,0.20934517783990625,0.29600770443617475,0.020029511670127093,0.24454675876965026,0.5334434176483793,0.22753426352077089,0.815916875135937,0.0035330926510395294,0.045399674344977645,0.0016145248476977054,0.4770114836480456,1.61300295554895,0.15234095479067855,1.7611403785743227,135.01244681701064,,
TB8,1,1206,trough,0.105832,0.13402348130873043,0.41333149133499336,0.1708429217292097,0.28016802451316103,0.019086931524470024,0.21101360492477525,0.4980774638547314,0.20663603016025486,0.8239487779676988,0.0033596346210302977,0.04780096457523798,0.0014700823306018703,0.4343359314693385,1.5057701544004805,0.12503987785777715,1.7405655904951363,129.28070473810658,,
TB8,1,1208,trough,0.071839,0.11381367735781545,0.37826445780909235,0.1430840000416066,0.27380281191258643,0.01835808722038418,0.1894583424246186,0.4748418534450746,0.1956022178309498,0.8282008956072326,0.0032342308526661302,0.0511234766286867,0.0013588222453217746,0.40146413118336144,1.4158086933500114,0.1065202615974068,1.7183161219032614,124.1297079497017,,
TB8,1,1210,trough,0.043158,0.09936251965197906,0.3519264873802339,0.12385225251978994,0.26994287185208543,0.017768419652743617,0.17421011154147484,0.45759318891982476,0.1907299659084402,0.8328522721708423,0.0031377166191321137,0.05422578469615536,0.0012736010809522836,0.37628553197377146,1.3456519289601596,0.09330555091556991,1.7181303623339161,119.92336391354911,,
TB8,1,1212,trough,0.021454,0.08751819585012754,0.3311018418259683,0.10962842966054853,0.26206314721694174,0.017343892457102564,0.15979358017910075,0.44098300216966707,0.18752997006612968,0.8413515137902196,0.003039149099636879,0.05731528787313422,0.0012020761020088506,0.35515347174419093,1.2943728221874131,0.08214178872973976,1.7590179558795034,116.85950906015933,,
TB8,1,1214,trough,0.007926,0.07625434202432602,0.3127559006021772,0.09781625336147892,0.24724634384268912,0.017270409310328333,0.14341184993303963,0.425166608730902,0.18322450157889017,0.8546740024821742,0.0029195847547604944,0.059457832829937454,0.0011359505640576768,0.33561667674837903,1.2589523679888912,0.07137316784505576,1.850180110067784,114.95356529764831,,
TB8,1,1216,trough,0.003045,0.06849405502408379,0.30230948137988184,0.09139102253217313,0.23009620412344042,0.017682210095973663,0.1299431050401916,0.41927924036204567,0.17633695135320918,0.8694183634965912,0.002778998135686448,0.059427560715239316,0.0010725250817197702,0.31687761337983406,1.233330530695553,0.06349710162673228,1.9797344292898948,114.02584597328678,,
TB8,1,1218,trough,0.006411,0.07112991090183751,0.3102156418184347,0.09623374442882338,0.22471183106505782,0.017792931873636564,0.13050619829885318,0.454097144802812,0.18039949278855724,0.8809211153562571,0.0026345983252382974,0.058724707344746004,0.0010147315141177705,0.299802499629522,1.2138043204386308,0.0631603104940135,2.1261934068614434,113.7943863235414,,
TB8,1,1220,trough,0.016793,0.08809372161936413,0.33617977965238693,0.11301684424712743,0.25063347116004536,0.01760495173109644,0.1559722001195379,0.5317856226528649,0.20543855138061937,0.8837125171219681,0.002520145701087358,0.056967199220742455,0.0009715754984797643,0.28705205167130143,1.1973818437994583,0.07424782247860595,2.234434104639246,113.90295868506657,,
TB8,1,1222,trough,0.032322,0.11901382642978753,0.37802820822101696,0.14290532621079255,0.2977363223121785,0.017444712838207088,0.2035142936556839,0.6228568400405458,0.24660359576690746,0.8752294542442117,0.002457201358427971,0.05599854674248172,0.0009476903244945535,0.2799951752806258,1.180943556744256,0.09598908937121475,2.2402366747125764,113.94881185470149,,
TB8,1,1224,trough,0.050802,0.1538611918715982,0.4226264115460699,0.17861308373630805,0.3380032746544414,0.017590816567330553,0.25241992838346067,0.680520502536572,0.2670493631443286,0.859067003219312,0.002461395296413228,0.0561647216491643,0.0009458233896938853,0.2794435892580193,1.163325822934743,0.12148437611094853,2.1479960224362142,113.53056116797963,,
TB8,1,1226,trough,0.070062,0.1864117739657959,0.4627503577714647,0.2141378936176186,0.36315842616899324,0.017807566811511327,0.2923422077306807,0.7120125908596265,0.2737809094531529,0.8407579001998765,0.002501451841277208,0.05500308669944177,0.0009513811336013572,0.28108562509959806,1.1447523973055183,0.1445355382672604,2.017326776375609,112.36899326276034,,
TB8,1,1228,trough,0.088271,0.20857101388834864,0.48675039394963804,0.2369259460101278,0.37884610565893817,0.016711596690256708,0.3178723918032424,0.7283619776432739,0.2768823410998538,0.8255470550073084,0.002546251577258399,0.052587965753437375,0.000950740476289413,0.2808963428502005,1.122946404617565,0.16110339706920518,1.9060615600949127,110.31759208673611,,
TB8,1,1230,trough,0.104151,0.22393078363336616,0.5053092388833785,0.25533742690089933,0.3871433328233761,0.017443461912551833,0.33517206825537393,0.7386691663587112,0.2810218366830053,0.81326540853601,0.0025973834181848444,0.05048710860190762,0.0009441300725090415,0.2789432985726323,1.0952805216540502,0.17300732641238925,1.817453849274037,107.3939629473607,,
TB8,1,1232,trough,0.117053,0.23430743131190646,0.5178098419179752,0.26812703238711844,0.39230237634103293,0.01806747715966467,0.34666120916991294,0.7449912374483073,0.2822438887445072,0.8038745944846579,0.0026494524405328034,0.048201929393829744,0.0009303842744415404,0.274882101534101,1.0596526414057421,0.18236640151719385,1.7556498029559264,103.75053249826306,,
TB8,1,1234,trough,0.126894,0.2436328864806373,0.529636582532171,0.2805149095563572,0.396117539108095,0.019054688118839647,0.35681088305530423,0.7497282780653594,0.2884283333213143,0.7960371199146901,0.002704135585678713,0.04698048339763419,0.0009119966827384267,0.2694494862284126,1.0180638389948085,0.19103664670579723,1.7100993129869935,99.64348224824062,,
TB8,1,1236,decel,0.133992,0.2504745011942825,0.5368386745203104,0.2881957624607238,0.4019956886429264,0.019538630426112924,0.3654215171434102,0.7517232184667614,0.29330069037422474,0.7896870821371593,0.002753428591193323,0.04742629636305872,0.0008887769376783851,0.26258921086206305,0.9725270003299367,0.1986636947004743,1.6768002051057431,95.36808461346664,,
TB8,1,1238,decel,0.13886,0.25977885386571187,0.5461584858632132,0.2982890916803977,0.4116566293237193,0.02041948840211527,0.377903040614714,0.7526537758373036,0.29781259193287146,0.7825882631901887,0.0028063269739664783,0.04631826234875579,0.0008657573507404677,0.25578807222744904,0.9258619833174209,0.20778894849298823,1.6428548782517811,91.14692428940907,,
TB8,1,1240,decel,0.142008,0.26904551544407407,0.5530383301919218,0.30585139466146916,0.4249994517402051,0.020411924822221594,0.39139692288340927,0.7524835386102307,0.30201473343971946,0.7758485756615425,0.0028499854090596566,0.04533684785055998,0.0008399375549100138,0.2481596116719256,0.8798100082864738,0.2167856425986674,1.6126878455072602,87.07399374153465,,
TB8,1,1242,decel,0.143829,0.28010096605524415,0.5616542251069719,0.3154554685805131,0.4402766725360172,0.020621992257154054,0.40722975674761996,0.752342719808659,0.31046487182790494,0.768535465040792,0.0028992482192493683,0.0452399839231906,0.0008158333066068539,0.24103800975808254,0.8361328041691729,0.2269503718390986,1.5821649922551024,83.13810737477615,,
TB8,1,1244,decel,0.144562,0.2929829546407642,0.5713698871978228,0.3264635479964527,0.45751070504404995,0.02051667999496254,0.4251112115837032,0.7518956082989057,0.3196291191463921,0.7609988191012564,0.002944335841838502,0.045203301486750926,0.0007901407007150653,0.23344712747918603,0.7943269673811072,0.23815086501501626,1.5538662201386213,79.28685449599288,,
TB8,1,1246,decel,0.144347,0.3061948679611898,0.5806884127598876,0.3371990327135976,0.47508428686229554,0.019851933345813366,0.4429760140927985,0.7516878682818148,0.3285464629262135,0.7539431630742996,0.0029869524390691853,0.044929818001424024,0.0007629512777775673,0.22541401049529772,0.7545999475386493,0.24954411669262544,1.530858206683868,75.46622020052746,,
TB8,1,1248,decel,0.143324,0.31944582870206006,0.5899509145945653,0.34804208163096406,0.4911655928608068,0.018837713138861845,0.45991251293962276,0.7512898041737468,0.3394265378190353,0.7474696185580709,0.0030289181492894005,0.04475228215253417,0.0007353306952077523,0.21725350736669077,0.7168700122883807,0.2607254985077151,1.5124506784087173,71.72643718274776,,
TB8,1,1250,decel,0.141737,0.33244948158934884,0.599422672220434,0.35930753997188586,0.5043056777810051,0.01781081575134663,0.4752518392999024,0.7505282561069057,0.34785411596756705,0.7414499391215396,0.003067056499616616,0.04471268949311536,0.0007092970945652545,0.20956187816390273,0.6819517934269277,0.2715879727924646,1.497103560455303,68.3267094003968,,
TB8,1,1252,decel,0.139984,0.34550130417415525,0.6092119281239298,0.3711391733684762,0.5159017227202258,0.016931074761839526,0.4899025723121399,0.7492482035011347,0.3539608805498416,0.7354813633507058,0.0031050996188431356,0.04492698322779281,0.0006859425298382365,0.20266177031714194,0.6504191474653025,0.28211907773695866,1.4814088788862185,65.26739724783693,,
TB8,1,1254,decel,0.138593,0.3581862313158114,0.617184672092326,0.38091691946571193,0.5308999921937181,0.015285642164695357,0.5052087291593615,0.7446059701142552,0.35791256188644305,0.7294713248808078,0.003142136990454032,0.0451155122045226,0.0006666386390396048,0.19695843437705657,0.6230136780487241,0.29236181216152546,1.4647489724121427,62.68295589130138,,
TB8,1,1256,decel,0.138119,0.3718832216589245,0.6257279438523594,0.39153545971770143,0.5495523908831369,0.013849523188610158,0.5226558740096738,0.7437269390678793,0.36044657816579667,0.7221825272219358,0.0031608267466282196,0.04513197849957312,0.0006510395896730651,0.19234969410747024,0.6008496975588805,0.30245282850023514,1.4377320883398257,60.85423514991999,,
TB8,1,1258,decel,0.138984,0.38784361122497835,0.6359082743853026,0.4043793334316933,0.573550370082281,0.012647213977650174,0.5437141586094051,0.7403858208068105,0.36082346976050206,0.7124859785603469,0.0031907389720389344,0.045876662929250724,0.0006455100025719572,0.1907159771963791,0.5848880917957436,0.31369791040324346,1.3964109452581686,59.77172650839202,,
TB8,1,1260,decel,0.141323,0.40419660793296075,0.6463605054369999,0.41778190298877393,0.5978978395374289,0.011236665069719765,0.5646998300041234,0.7411087013432388,0.36106252003291045,0.7015845531235202,0.003234010301539039,0.046575698467565395,0.0006491343874669699,0.1917868019771478,0.5751182195669476,0.32499248668063496,1.3482241781935493,59.30308938282542,,
TB8,1,1262,decel,0.144882,0.4207998394899197,0.6591220272906375,0.4344418468597199,0.6055811098776287,0.010775377532373565,0.579529191825072,0.7450938574792118,0.36070564231759716,0.6905086095175931,0.003280990720583418,0.046702146852295824,0.0006579354444139813,0.19438707489208715,0.5716543719001005,0.33606620109233853,1.300642235958837,59.24645677069202,,
TB8,1,1264,decel,0.149013,0.43589138144916395,0.671398441343803,0.45077586703888806,0.6064007303324681,0.010659783153011193,0.5907456928305814,0.7521477761386647,0.36051488885872807,0.6797717734391557,0.0033086491747605666,0.045657277940460796,0.0006638647282539637,0.19613888223374157,0.5707089336929569,0.3477233683548323,1.2588925400382802,59.280652578687295,,
TB8,1,1266,decel,0.152788,0.44315837381859813,0.6767650347911321,0.4580109123158423,0.6084155425330073,0.010180885405300655,0.5965939929421413,0.7590869172991969,0.3629433599420891,0.6730544732999812,0.0033134910910288793,0.04442209867130306,0.0006633152908331959,0.1959765509078249,0.5696353215804579,0.35562406635872523,1.2350338095861264,59.14503631484695,,
TB8,1,1268,decel,0.155218,0.44682414496428724,0.6800086762134531,0.46241179972557284,0.6071179432442613,0.010274595808499654,0.5988184950735328,0.765476724399596,0.3648909296450896,0.6709035787626563,0.003305770226314951,0.043316371977026695,0.0006566055324207838,0.19399415229699601,0.5672059714769955,0.3599119169999737,1.2314876797868735,58.68349552934523,,
TB8,1,1270,decel,0.155519,0.4436016024893682,0.677833671988755,0.4594584868817591,0.604138624353194,0.010425924346383342,0.5954670683580802,0.7663836508140046,0.36603469306725833,0.6742136553244485,0.003299333240672793,0.04230968928558201,0.0006456256995097656,0.19075015986506716,0.5616272597141072,0.3588049181664583,1.2496854418029333,57.81476011988707,,
TB8,1,1272,decel,0.153355,0.43322109484791427,0.6708426761444587,0.4500298961366591,0.5935538798576064,0.010835243257274307,0.5842112317052087,0.7642655934027954,0.36591739925707245,0.6834184923049854,0.003294405925198236,0.04156948700245235,0.0006307142824081824,0.1863445805981615,0.5528221083753019,0.3515207900957311,1.292094028024921,56.56394045823254,,
TB8,1,1274,decel,0.148997,0.41925851237938716,0.6610494992987246,0.4369864405230945,0.578636143773833,0.010935966974835176,0.5684644216036322,0.7600049970702768,0.36132064701089783,0.6954831854666351,0.003281812275557076,0.04116328102746258,0.0006117648466654864,0.18074596843012558,0.5401376478015828,0.34118425947247677,1.3489695094047698,55.07504794723354,,
TB8,1,1276,decel,0.143318,0.404295176496563,0.6504304069908375,0.42305971433826656,0.5614909305911618,0.010854307379455141,0.5507933211723858,0.7525775379535083,0.3557149866399823,0.706964218201765,0.003268089213352206,0.041432854807223675,0.0005929392708579584,0.17518395068894116,0.5254072227858778,0.3308215894904367,1.4051973545102505,53.604396713897586,,
TB8,1,1278,decel,0.137643,0.3927419243337782,0.6425880463602202,0.41291939732504446,0.5468615245459664,0.01101390601261143,0.5364694929218757,0.7451363903419205,0.34940456043369394,0.7145091313042738,0.003257308264997246,0.04241150708626045,0.0005783233788880309,0.1708656843436715,0.5124383721876221,0.32360508454941705,1.442852418209192,52.45609885308659,,
TB8,1,1280,decel,0.138366,0.4112621641049419,0.6512277790973143,0.42409762026802045,0.5820583699398503,0.008051048999885901,0.5628756743931675,0.7569221426824898,0.3590880034556041,0.6938488118204584,0.0032416781250048364,0.04206402715768609,0.0005885530965213721,0.17388805516226807,0.5165382539157195,0.34402242434959174,1.3450786364129041,53.64136982662603,,
TB8,2,1120,decel,0.138366,0.5708776601711529,0.7725351145671239,0.5968105032392392,0.6709214032645682,0.015607496743407112,0.7072322145239307,0.7252545781259259,0.4196959776872383,0.5228595670134997,0.006264414452962965,0.032445103286645176,0.0006142747502118456,0.14801041968529,0.30186428186656156,0.5679417254649922,0.8627806536359447,23.62717550006346,,
TB8,2,1122,decel,0.14356,0.5984084231907639,0.7958311447418046,0.6333472109410512,0.6659980047641796,0.018082143513837745,0.7252450554921163,0.742336278384009,0.4364728002643716,0.5020849180861142,0.005752152563485492,0.031353451747661625,0.0006222660736966574,0.14993594102963956,0.3094413423969292,0.5963343898200466,0.8193554301412728,26.066057771386113,,
TB8,2,1124,decel,0.145546,0.5994018257343252,0.7978862830218812,0.6366225206344736,0.6602912745151567,0.01828830853418273,0.7245371340208758,0.7417428493395846,0.4408468983224578,0.5026276802302171,0.0056137334974578935,0.030809021372276788,0.0006175460998779473,0.1487986562795014,0.31027384114881285,0.5997128843860382,0.827583379675313,26.50618458230747,,
TB8,2,1126,decel,0.142589,0.5836816074412372,0.7880781613030527,0.6210671883228004,0.6521569924485253,0.01891101673878226,0.7117347344064464,0.7321465839426917,0.4338651508871155,0.5170822163246712,0.005866956214834877,0.03066767339713351,0.0006021023488636636,0.14507746137713737,0.30285923959093747,0.5870436383097498,0.8708780196157452,24.7278922945261,,
TB8,2,1128,decel,0.134389,0.5533597575660971,0.7654264697637929,0.5858776806150626,0.6433326122119284,0.017611012997070574,0.6879888024206283,0.7190869193931008,0.41393824349420605,0.5421473283911666,0.006501214938110684,0.03137696568385951,0.0005731265760566233,0.13809570558724596,0.2858318499974594,0.5577007396833745,0.9360397244834587,21.241522838710807,,
TB8,2,1130,trough,0.122509,0.5127664353453079,0.7384091603331675,0.5452480880639334,0.617499165586522,0.017862425888991673,0.6517689883264737,0.685512356004219,0.3841264956561453,0.5659107342278925,0.007452747481454629,0.0317041210738669,0.0005306769355475103,0.12786740122494444,0.2639148387425089,0.5157712022158607,0.9724918197087343,17.15708220936358,,
TB8,2,1132,trough,0.110418,0.47649391573347366,0.7193268376449492,0.5174310993562831,0.578671837095153,0.02115335444314631,0.6139376800421772,0.642455537343126,0.3639964210130367,0.5770615679696846,0.008583265045558779,0.03320746508661675,0.0004966321011287025,0.11966424745913176,0.24364409023239805,0.47960265030148896,0.9616300561761244,13.9415766405873,,
TB8,2,1134,trough,0.103096,0.4756764429617766,0.7173391868004866,0.5145755089195834,0.5804156982989831,0.020151024254385475,0.6136251662632162,0.6451079939995936,0.36386577972216033,0.5751664905779416,0.008897300543317492,0.033707774592126226,0.00048205720561111975,0.11615240458803423,0.2354980471551607,0.48095440336146067,0.9551090124875522,13.054791621631011,,
TB8,2,1136,trough,0.106265,0.5322187864677925,0.7551359502084061,0.5702303032971523,0.6175087899001069,0.01907028157483348,0.6659629915157856,0.7079343585584066,0.3995405818975113,0.5408793117509552,0.007743381973359017,0.0344149246112313,0.000503510415092459,0.12132158749492467,0.24561202931014528,0.543940405731468,0.9033168658604047,15.667777711641975,,
TB8,2,1138,trough,0.125362,0.6300039587751902,0.825069378695228,0.6807394796605296,0.6450740014984437,0.01833718507312665,0.7420655530788737,0.7908843077988048,0.462522134010622,0.4567132530941394,0.0057597673253985925,0.03109640113799396,0.000561880837118283,0.13538602797252888,0.28392506362909536,0.6445149190240694,0.7104708044228383,23.50546824617777,,
TB8,2,1140,accel,0.164472,0.7132543878205193,0.8674916566576334,0.7525417743706053,0.7028195961751436,0.012170499046537109,0.8096137811181592,0.8743750655320625,0.5155952224136581,0.3936031358887621,0.0043062646574131775,0.02662584686907684,0.0006881856376103923,0.16581935853455632,0.36672607728161405,0.7155273098562303,0.5832588924159032,38.50654145213776,,
TB8,2,1142,accel,0.225431,0.7433040116633004,0.8810166578812813,0.7761903514643026,0.7281470806563439,0.009517232160071165,0.8332834835590607,0.9105682953418787,0.5415289890024155,0.37614310843126875,0.003654377378497323,0.023626711059727582,0.000917545196027103,0.22108388713252097,0.5219362538898428,0.7368818535749381,0.5532228474090012,60.49837338458747,,
TB8,2,1144,accel,0.307278,0.7452882192129318,0.8814698167290643,0.7769890378043702,0.7290718373810096,0.008475674482068318,0.8346050400858374,0.9244702685479567,0.5493687774351979,0.38245655842841775,0.003474126056347817,0.021506031257445414,0.0012541401294814852,0.30218693971175203,0.7567932836703881,0.7348239663146849,0.5711534639931067,86.98214595858008,,
TB8,2,1146,accel,0.406197,0.7362802836603786,0.876667159009192,0.768545307685248,0.7203954312700716,0.007844171134299582,0.8272744684191606,0.9290507080339867,0.5473309185436682,0.3997900929796691,0.0035963674977428934,0.020104895261611345,0.0017075531915370103,0.41143749507396815,1.074482169674527,0.7226619625686628,0.6141958464419232,114.40362958796322,,
TB8,2,1148,accel,0.515946,0.7237771093009899,0.8700101771949585,0.7569177084228031,0.7102194047793204,0.007607508172627009,0.8173152120422119,0.9277737117991957,0.5405635374882668,0.4210797156566826,0.0039342022104051294,0.01949958582558961,0.002287456674060244,0.551166106408919,1.4713485211666222,0.7072922470599163,0.6706242184798887,140.09602885972708,,
TB8,2,1150,accel,0.628717,0.7121657457298127,0.8628663001534037,0.7445382519404238,0.7052423256402425,0.007527188869285384,0.8087345233075683,0.9229032866026582,0.5313404140632623,0.44161143817946136,0.004430781151919603,0.01946872375848084,0.0029780384717314344,0.7175628232934801,1.9268933866455873,0.6930085806224938,0.7312251574439078,161.9495070260018,,
TB8,2,1152,accel,0.736242,0.7016585701345894,0.8555150193548705,0.7319059483417645,0.7054881973634529,0.00773933089033052,0.8018261319143538,0.9166776556508182,0.5205151808049976,0.45949607702190665,0.005054938807474973,0.019830497535873348,0.003741989810064115,0.9016380407214527,2.4101309959924824,0.680913835062624,0.7899969907809374,178.36774589400738,,
TB8,2,1154,peak,0.830951,0.690654278012018,0.8475843080030417,0.7183991591729951,0.7077694381579696,0.00819668333118262,0.7950177595205716,0.9103475471145038,0.507057163362616,0.4747415304265688,0.0057723421919046196,0.020392345410543404,0.004522741833887363,1.0897614084430876,2.8832707417524657,0.6703323522965661,0.8440690117100711,188.79016042593867,,
TB8,2,1156,peak,0.906964,0.6795667963976922,0.8398271587431729,0.7053096565626306,0.7104908276300589,0.009014973619137279,0.7883269762466851,0.9045011506060068,0.4945161000061961,0.4873388736554877,0.0061777556597484564,0.02110038610914878,0.005255395577052449,1.2662954235112065,3.3038819596455955,0.6610817306744367,0.8908789290657679,204.9766117753461,,
TB8,2,1158,peak,0.960739,0.6683968428815233,0.833004147219698,0.6938959092852163,0.7091640493785661,0.010162696570391816,0.7808417545457091,0.8988789745987411,0.48149829393676724,0.49806031554341473,0.006299931241651769,0.02183455774748174,0.005881436097886563,1.4171408232231415,3.639526915328841,0.652333509268286,0.9305258167457724,224.94544287305325,,
TB8,2,1160,peak,0.991296,0.6567786355863494,0.82719236904391,0.6842472154044762,0.7012969031383065,0.011618911482537797,0.7717087354882951,0.8933636922108665,0.47007680966317905,0.5079121027231993,0.006465646984320506,0.022569509402741314,0.006352161479429301,1.5305628078556386,3.874826105408023,0.6431932065515013,0.9650640335675417,236.72229733038694,,
TB8,2,1162,peak,1.0,0.6444950431077365,0.8219760354234354,0.6756446028104288,0.6883549945083518,0.013294977127461749,0.7609452190066949,0.8875151895034605,0.45978379418468196,0.517122816188152,0.006649809284493419,0.023414452078095227,0.006649809284493419,1.6022814916054624,4.0039118356860515,0.6335846353193813,0.9948654520315439,240.95149545744061,,
TB8,2,1164,peak,0.989996,0.6315997493260765,0.8169868495455669,0.6674675123303907,0.6726022182334734,0.01502084124518499,0.7489460344846917,0.88150655196227,0.4516215204339645,0.5257278164550863,0.006843429212285451,0.024318688543670572,0.006783469232767549,1.634487056024878,4.034684013463018,0.623762316341773,1.020522379974477,238.84035405679606,,
TB8,2,1166,peak,0.965439,0.6183493551897571,0.8117828054210059,0.6589913231771987,0.6566961541869271,0.016590098596440783,0.7363999742513796,0.8753449684932647,0.44629647052087335,0.5339125528061165,0.007039848672069437,0.025157766255739396,0.006775143004662742,1.6324808389115053,3.987514012899128,0.6137196427517807,1.043021159487393,231.89146741013974,,
TB8,2,1168,peak,0.930694,0.6076866870460289,0.8073828511596793,0.6518670683467329,0.6448730201304171,0.01777093611954461,0.7263500867755042,0.869752668324913,0.4428124703202527,0.5404150149318945,0.007222634555956127,0.025838898170137948,0.006648479449262077,1.6019610658177585,3.8727794267579156,0.6053450634341748,1.0598603321263642,221.79733079485595,,
TB8,2,1170,peak,0.889659,0.5997769137982615,0.8036193107376471,0.6458039965904511,0.638025836011405,0.018605883920278954,0.7192762150249354,0.8646366370191143,0.4403914013188102,0.5454488085855241,0.007390683725966879,0.026474176972693372,0.006436930640619552,1.5509880640131022,3.7103616016261274,0.5985162687464625,1.0718533110526098,209.8571825721301,,
TB8,2,1172,peak,0.845329,0.5941373358258033,0.800309108554032,0.6404946692345495,0.6352592321860018,0.019115871719644018,0.7147176664681539,0.859822885816487,0.4392379002308519,0.5496320812079707,0.007537283242861288,0.026996622484290387,0.006166636927876793,1.4858603897149907,3.522928675310661,0.5926698569018056,1.081348861082212,197.13474229886197,,
TB8,2,1174,accel,0.799638,0.5896378941005329,0.7971991402959788,0.6355264692886478,0.6344809381540271,0.019411361879805744,0.7114144716146111,0.8549731298298866,0.43999248294178206,0.5536686124347212,0.007665069112019009,0.027201814694213768,0.005863570481884456,1.4128360763301655,3.3278142016457033,0.5870128095693445,1.0906095983316366,184.32137475640047,,
TB8,2,1176,accel,0.753564,0.5859519230525619,0.7942352954874135,0.6308097045979789,0.6350331951433931,0.019512472791469504,0.7089865023965127,0.8499880396604701,0.44163767558669476,0.5576589567024842,0.007775337271227528,0.027376234396124566,0.005538833682249671,1.3345902588281007,3.1296696459353344,0.5814775710685638,1.1001330739939097,171.64403449953534,,
TB8,2,1178,accel,0.707404,0.5825180900873117,0.7911657791444935,0.6259432900893135,0.6363254021500908,0.0194496576542329,0.7068985332721538,0.8448969408728807,0.4422445452236079,0.5617642950475359,0.007869101997007522,0.027536320980648055,0.005202075270926411,1.2534478160118894,2.930364837775445,0.5758106597120853,1.1101934661262456,159.28727528103627,,
TB8,2,1180,accel,0.661118,0.5791675193740449,0.7879283799220533,0.6208311318865917,0.6385125162745605,0.01933851220302052,0.7051004594583556,0.8391855684064846,0.44287651313181925,0.5660534615989921,0.007967308028855055,0.027677920137416104,0.004863921126187664,1.1719690691419564,2.731788116983682,0.5697772745016061,1.1204453662543619,147.09724600799385,,
TB8,2,1182,accel,0.614643,0.5760484933417718,0.7844663384485834,0.6153874361589273,0.6418142493221721,0.018989324285025977,0.7037199626510828,0.8319659642151336,0.44308014630848724,0.5706375745735891,0.008080243001735675,0.02792572291664588,0.004528979292882255,1.0912643335157612,2.534579682897419,0.5630874667469028,1.1306774539507989,135.0534053593874,,
TB8,2,1184,accel,0.568077,0.5690070542370518,0.7801089147363797,0.6085699188511721,0.6379799621238573,0.019362225443387726,0.6978415659997604,0.8231990016641547,0.4416143404795798,0.577405570927472,0.00822867375849822,0.028342480537988036,0.004206593868556676,1.0135850834108315,2.3482723253069135,0.552636928752931,1.143993653638044,123.17721095262095,,
TB8,2,1186,accel,0.521728,0.5578574702107392,0.7744243663015487,0.5997330991215551,0.6273354789487514,0.02024048812813206,0.6872644178436019,0.8129164370752137,0.4374653416922662,0.5858657188452147,0.007980497827412903,0.02882710697947596,0.0038940979400181267,0.9382887221051065,2.171356755699299,0.5389324347720976,1.158922555406531,117.57270566280931,,
TB8,2,1188,accel,0.476028,0.5444058395675524,0.7672519039487812,0.5886754841130297,0.6146463287222771,0.020981182955265187,0.6742897406326671,0.8005662075066794,0.4298427956666162,0.5947690089160367,0.007666437278507373,0.0293429791189158,0.0035895888681931596,0.8649168058685235,2.00042518484996,0.5237783944908714,1.1728311208095124,112.81861110287718,,
TB8,2,1190,accel,0.431376,0.527900392287207,0.7581940634304201,0.5748582378211319,0.5988431827854702,0.021565142371603785,0.6579430297279448,0.7861046075296166,0.41986121867973164,0.6041569283242162,0.007355319470522619,0.029778163923111958,0.0032931580618999097,0.7934913597925101,1.8374565887320886,0.5068827316472868,1.1853060805539055,107.87993138469756,,
TB8,2,1192,accel,0.387986,0.5065995367238634,0.7469295777648434,0.5579037941399672,0.5763242768557192,0.022198088717811038,0.635691454179646,0.7683560270745378,0.4086038994074739,0.6144935780009568,0.007058141015206593,0.030524200724375117,0.0030100020802920546,0.7252645025763778,1.6850239491376744,0.4873299477141003,1.1971831036724159,102.75573993404396,,
TB8,2,1194,accel,0.345798,0.4792610551718537,0.7328902847973555,0.5371281695503489,0.5460620781586037,0.022962335582643156,0.6058430377366085,0.7458123541252633,0.3954792033091221,0.626081448127016,0.006790785172008813,0.03157494792572681,0.0027429467351188343,0.6609171177869874,1.543269051281503,0.46427349774068893,1.2086504160414004,97.32558180624619,,
TB8,2,1196,accel,0.304512,0.44427665676972417,0.7146822484324218,0.5107707162244218,0.5080175728290911,0.023783771312467783,0.5664730123616629,0.7164548799304318,0.37789300330703485,0.6392229698397083,0.006572565157371402,0.032861456492024405,0.002494322146719842,0.6010106514047596,1.411589654164381,0.4365241735596741,1.2192888955285932,91.44232685631141,,
TB8,2,1198,accel,0.263724,0.3997785228027886,0.6893733044059679,0.47523555282760327,0.4638027440925974,0.02457495234472673,0.5158285735394998,0.6801902248254876,0.35458865075053136,0.6538450583410633,0.006417885641852448,0.034749304518209415,0.0022618799437232394,0.5450033549853062,1.2883704310219235,0.4027548650834436,1.2265057262335697,84.91945562744513,,
TB8,2,1200,accel,0.223146,0.3468689125076849,0.6541652640464453,0.42793219268495547,0.41779778512132504,0.025193695083853385,0.455610082328438,0.637356036584135,0.32464126756463824,0.6685264468270984,0.00632696884044187,0.03693041995034909,0.0020430540556620282,0.49227693001215483,1.1714260047579097,0.3634225640920252,1.224807927940079,77.80612524366006,,
TB8,2,1202,accel,0.182834,0.2899210829182045,0.6071182198724815,0.36859253290113075,0.37710130743335996,0.02576366997489976,0.3920396201180341,0.5894201830312262,0.28825503466354757,0.6805836449327328,0.006306558726950841,0.038866614027726586,0.0018384582597555253,0.4429792670241776,1.0596591793099728,0.3211772502455169,1.2075537438564665,70.24104368221015,,
TB8,2,1204,decel,0.143355,0.2359547561238997,0.5503722251110202,0.30290958617365554,0.34823952148278436,0.0260972001736956,0.3340887426541055,0.5432209576428876,0.2516606727913908,0.6872276310360219,0.0063743313757313805,0.04141838125876759,0.0016548105409355488,0.3987290745371567,0.9543813939975015,0.2804708934443131,1.1723546929276807,62.5522978072986,,
TB8,2,1206,trough,0.105832,0.19129697344748064,0.4927180496953536,0.24277107649559293,0.3335775563058241,0.0261484064118494,0.28900377564464197,0.5063071257685758,0.22327875375241907,0.6871335121674579,0.0065558237192809374,0.04459660061914968,0.0015022936817207116,0.3619799092268698,0.8591242377529285,0.2458985097052664,1.1237526519881749,55.21501564513892,,
TB8,2,1208,trough,0.071839,0.15988234710738292,0.4463792438302621,0.1992544293224766,0.3317415869831616,0.02623028984770015,0.2606438513449201,0.4808284488092412,0.20737753635340359,0.6815930493672243,0.006611667763843599,0.0486742670336729,0.0013795609228923183,0.332407267445551,0.776488517808517,0.22070590740640383,1.0725319013112773,50.27585766837001,,
TB8,2,1210,trough,0.043158,0.13918173823108826,0.41519143928247626,0.17238393125345416,0.3340445181901404,0.026617370219600117,0.24370417376356474,0.46274485218364975,0.20008772281875695,0.6762119791384155,0.006474191256736473,0.05213416007421847,0.0012820672608015345,0.30891602376715427,0.7094582054951164,0.2027877756619756,1.0355297443996545,47.714998139068484,,
TB8,2,1212,trough,0.021454,0.12315192371310191,0.3931645156330123,0.1545783363529412,0.33119777890958507,0.02758653617968876,0.22899441738984666,0.4486717550367269,0.19466864867670622,0.6772021637593937,0.006268430655292743,0.05584237281755806,0.0011997651601780945,0.28908520954264766,0.6580040293049086,0.18738679502115962,1.0260115347242067,46.11763700353913,,
TB8,2,1214,trough,0.007926,0.10886734864141634,0.375977974046357,0.14135943696800313,0.3210022026701906,0.029469752888182266,0.21313635533520725,0.4392027133432318,0.18837198093858812,0.6873483704357123,0.005944144166034836,0.056859733735044694,0.0011218473339165724,0.2703107927821409,0.619658889452669,0.1719900275186429,1.0489068092884155,45.4751407825388,,
TB8,2,1216,trough,0.003045,0.10049015261156347,0.3694400641189333,0.13648596097620155,0.30304695946920734,0.03158776401960864,0.19931489124357127,0.4415624477583282,0.18474886011520839,0.7035227152576778,0.005540092374376417,0.058466832606751604,0.0010495691185869191,0.252895248709466,0.5908313747978534,0.1615488676623018,1.099130491773706,45.64820071938448,,
TB8,2,1218,trough,0.006411,0.10948014113449855,0.3885947911560303,0.1510059117135988,0.29043258214957773,0.03188995130207378,0.2022154444385127,0.46734989253244064,0.1912986907705718,0.7176437972035892,0.005132389227017871,0.05673823316225055,0.0009859879460307097,0.23757527009910978,0.5690945467190952,0.16855018621683937,1.1632771386941976,46.289410173427314,,
TB8,2,1220,trough,0.016793,0.14375676994220743,0.4389536354381076,0.1926802940643311,0.3074993190627088,0.0316432868284002,0.2397052916019683,0.5236640760883821,0.21501644908574136,0.7178640143277368,0.00483534970529334,0.05478583961170887,0.0009425958755607459,0.22711988582837733,0.5522593122761931,0.20358522522360822,1.2083484941665872,46.97072593937628,,
TB8,2,1222,trough,0.032322,0.20026918494362922,0.5024591626376754,0.25246521011855394,0.3531840870888271,0.029912976994810353,0.3073836693440346,0.5959343883107304,0.2456429480840586,0.6988224578790413,0.004703833035204017,0.05303063736794058,0.0009236195341995704,0.2225475079990912,0.5387626636959798,0.26147407999119654,1.2006859427264653,47.311948858201504,,
TB8,2,1224,trough,0.050802,0.26150885920802136,0.5589873704809895,0.31246688035725095,0.40834470333359374,0.028264807983948537,0.3820210590066037,0.6538398076883443,0.2640694926252248,0.6680264933680675,0.004745332346342964,0.05354553171249195,0.0009249104578876153,0.22285855799224707,0.5271149980895159,0.3201847671036475,1.1397084536312536,46.96374073019251,,
TB8,2,1226,trough,0.070062,0.31304192671280495,0.5986256699520324,0.35835269272551956,0.45899172043637804,0.025813126155374344,0.4444273681329027,0.688883770289358,0.2705534437943565,0.6367827283030777,0.004885973590667212,0.05262992528729999,0.0009284744317631281,0.2237173028273231,0.5174268911646146,0.36681636296330045,1.061898014946881,45.78766108246054,,
TB8,2,1228,trough,0.088271,0.3450543761095377,0.6193067913463154,0.38354090180766864,0.49433197889882097,0.022867821951844558,0.48316830583747994,0.7078540658555151,0.2753609947024843,0.6133427157449163,0.005133835862443526,0.05190726249134941,0.0009305923907691791,0.22422762821714867,0.5093637998369086,0.3964320180370349,0.9992897290800159,43.67643107904587,,
TB8,2,1230,trough,0.104151,0.36544336089579654,0.6325673871744711,0.40014149931673726,0.5175825563298267,0.02147662709656928,0.507854641314783,0.7182556942745923,0.27926642642033156,0.5973984293976597,0.005481925062980978,0.050650534707501575,0.000927942607148109,0.2235891588910132,0.4995543647472216,0.4135895896076024,0.9548813601298094,40.78661352029303,,
TB8,2,1232,trough,0.117053,0.3777108509511239,0.6398753437185657,0.4094404554989526,0.5333608671025922,0.020384270819053918,0.5230982157957755,0.7235621309288993,0.2838167909337088,0.5879017456898866,0.0059265895979955345,0.0495645709337446,0.0009190207937714871,0.22143943461572393,0.48751677967469864,0.4222607886654658,0.9275194929644012,37.363720054214355,,
TB8,2,1234,trough,0.126894,0.38668908985879924,0.6454754248865366,0.416638524132455,0.5466968827942699,0.020192233895782008,0.5350428389721661,0.7260943343020707,0.2908733641480387,0.5817454888847846,0.006472765439473344,0.04793179905886766,0.0009041351133788851,0.217852707664225,0.47222929035128125,0.4271042813879027,0.9093458964304055,33.656820983451325,,
TB8,2,1236,decel,0.133992,0.3936084980344693,0.6484855086265731,0.42053345489866517,0.5603791559486216,0.019162227481984262,0.5451564632842865,0.7255913217024211,0.2984184273999947,0.577208796705873,0.007113117362533412,0.046243202603833945,0.0008838150010455698,0.2129565462096495,0.4542151057612542,0.43110948974285157,0.8967029425911935,29.938567769364454,,
TB8,2,1238,decel,0.13886,0.40476418062961694,0.6558067645715866,0.4300825124578524,0.5761144117904853,0.018967460736448005,0.5593702617455946,0.7257299577211774,0.30870956835824453,0.5707421329466017,0.007640990668444125,0.04562640746657388,0.0008612871288996952,0.207528421726627,0.4339309829642776,0.43938775573063726,0.8817824690239272,27.159884199791122,,
TB8,2,1240,decel,0.142008,0.41603882370785283,0.6623368687875077,0.43869012775524024,0.5942707634011074,0.01801830934491483,0.5741165574823425,0.7245904716537401,0.31821107911260277,0.563455613203844,0.007973162436198758,0.044753705945180675,0.0008358967887645313,0.20141058130088615,0.41274498386119546,0.45010552115604874,0.8667021642189264,25.261065845901612,,
TB8,2,1242,decel,0.143829,0.4297526559107713,0.6704363226754828,0.4494848627626241,0.6144215192152194,0.016594548645160967,0.5909590934564652,0.7221532195550412,0.33085003595749024,0.554644202399162,0.008512868449897999,0.04380365389306911,0.0008100621956688801,0.19518569745995454,0.3915594928304201,0.46464166625350134,0.8504101003134619,22.928311251220293,,
TB8,2,1244,decel,0.144562,0.44201999823653537,0.6784150156007976,0.4602469333926305,0.6306189740274669,0.015942473566015636,0.6052836612529855,0.7200048047862435,0.3408804159759242,0.5463671995793142,0.00933112307115763,0.04278279469370038,0.0007853595303711781,0.1892335533146886,0.3725390538308605,0.479271271874953,0.8363864990784288,20.279826112207957,,
TB8,2,1246,decel,0.144347,0.45163380499316674,0.6847900658536564,0.4689374342918551,0.6434159617236626,0.015591812806128813,0.6164133781417346,0.7167802702564855,0.3498685555161707,0.5396212028047482,0.010259803397627972,0.042516746781723035,0.0007620352315771826,0.1836135286397792,0.3554248894275904,0.49208040481541016,0.8260920148833968,17.896398354205303,,
TB8,2,1248,decel,0.143324,0.4622830786913664,0.6921656669736471,0.47909331053707377,0.6565543435452553,0.015542065489385803,0.628290603378767,0.7161972697933976,0.35674631611220725,0.5339067150027264,0.010039503215613869,0.042216347072835086,0.0007392622999430275,0.1781263567065795,0.3395318469939235,0.5031135068812345,0.8177115461398855,17.742546905064955,,
TB8,2,1250,decel,0.141737,0.46875684966788866,0.6965788854618563,0.4852221436712819,0.6661267127478181,0.015537959180387584,0.635950997910867,0.7175082763860033,0.363683066163846,0.5309760455165893,0.009803648726855439,0.04129566301402522,0.0007177432276035216,0.1729413040455187,0.3267368045637285,0.5100889520850813,0.8149434441714524,17.640503945411183,,
TB8,2,1252,decel,0.139984,0.47558267933831366,0.7016553656346115,0.49232025212384034,0.6745793582187021,0.016004462607940306,0.643511013448912,0.719972309226915,0.370360159693804,0.5286498106535725,0.009638879853404194,0.04120429233027536,0.0006988656198766937,0.16839271623308058,0.3162977921750642,0.5160926705266133,0.813335526062647,17.470154083683155,,
TB8,2,1254,decel,0.138593,0.4835999106526637,0.7079512421832114,0.501194961308752,0.6819485725949103,0.016918911830369976,0.6515454934975949,0.7204196710890391,0.3789077501810288,0.5271077171097751,0.009521868511824568,0.04052905210314353,0.000683790906418548,0.16476044148174795,0.3092545522636103,0.5210649686990025,0.8134666548513813,17.303372891270556,,
TB8,2,1256,decel,0.138119,0.4946821738555498,0.7154825645039604,0.5119153001091639,0.6963975544885241,0.016868888646324853,0.6635338317159424,0.7183242698460666,0.3888290026667487,0.5236548713432888,0.009418895953218757,0.04016157024227105,0.000672734974177785,0.16209649807466,0.3044754270487245,0.5289983369020949,0.8101359457122331,17.20971320627723,,
TB8,2,1258,decel,0.138984,0.5095004149656874,0.7249870997531921,0.5256062948085449,0.7141030935821878,0.01598741825252703,0.6785570915990432,0.7152517086225673,0.401323895678872,0.5187270135776025,0.009362859072157333,0.03875883283739673,0.0006695467680241502,0.16132829503411505,0.3035265318830136,0.5392597205857298,0.8042634048285229,17.230665739043616,,
TB8,2,1260,decel,0.141323,0.5274347942355841,0.7363611215846145,0.5422277013813515,0.7328960533250746,0.014780900447724066,0.6954959280878452,0.7139114987531271,0.41150122365614644,0.5117947410393145,0.009341549010551075,0.03799545219803623,0.0006733693675934973,0.1622493561168842,0.3055961998509249,0.5521997876982805,0.7943969628139038,17.368570879800245,,
TB8,2,1262,decel,0.144882,0.5457150354659717,0.7482354893143516,0.5598563474694871,0.7371244141945823,0.014017856013198382,0.708299961299453,0.718468198900441,0.41861145198411476,0.5051544869463274,0.009297176898714534,0.03659950762499982,0.000678477897291553,0.16348026398721952,0.3107206302131245,0.5644138114399753,0.7849406494848732,17.583860753453337,,
TB8,2,1264,decel,0.149013,0.5638826230358456,0.7611405179255764,0.5793348880280146,0.7295304737208818,0.014453070097546261,0.7180277613670492,0.726910345662683,0.4250724349887174,0.49952239162417184,0.00861699300548588,0.03601538739410767,0.0006834214042562577,0.16467140938316938,0.3175309684771001,0.5755364478596293,0.7780893022162926,19.11007810709998,,
TB8,2,1266,decel,0.152788,0.5757735437073117,0.7698385344252281,0.5926513690859831,0.7216133978932743,0.01455216158514594,0.7236810269048678,0.7324765542702011,0.42721792478381143,0.49813168972108207,0.007324414529332396,0.03532342603144242,0.0006854259343189595,0.16515440389946676,0.3241203008932316,0.5813104431973266,0.7804746496705537,22.548478549113497,,
TB8,2,1268,decel,0.155218,0.5799629867183786,0.7735834768827557,0.5984313957060131,0.7115263247158592,0.014617318852569006,0.7238210300290276,0.7349576930713373,0.42490070774953953,0.5017525200705844,0.006575025776421374,0.0343990046337239,0.0006834892575552633,0.16468775873703648,0.3289250537044636,0.5810283931842373,0.7942238479846023,25.04746967344545,,
TB8,2,1270,decel,0.155519,0.5798597306679926,0.7751785116631698,0.600901724944327,0.7001511220229915,0.015412885080115402,0.7209528170790839,0.7331104630753579,0.42247326983160305,0.5085560128365422,0.006246621745176667,0.03405107173959094,0.0006768403777700573,0.16308570120967433,0.3299483526288011,0.5769585916409039,0.8157615393097638,26.107824014732614,,
TB8,2,1272,decel,0.153355,0.5730621289473298,0.7712783581650705,0.5948703057738068,0.6899268495851493,0.01519010887824812,0.713693017224723,0.7264356394560151,0.41838826175703014,0.5194850869217157,0.0061720349727804585,0.03315779434001947,0.0006620943844122719,0.15953263205811047,0.3260981805902233,0.567504299448959,0.8471540453559292,25.847655232297257,,
TB8,2,1274,decel,0.148997,0.5621243866608164,0.7651251059406297,0.5854164277406597,0.6772211587872535,0.015564937154699865,0.7029727558648242,0.7195945360619359,0.41252931481152116,0.5312420040051377,0.00627600014312171,0.03322453488742904,0.0006431669747166452,0.15497204438681356,0.31788692246969275,0.5559528634371174,0.8799918995530741,24.692804469843395,,
TB8,2,1276,decel,0.143318,0.5502139853078932,0.7591312721351036,0.5762802883334607,0.6620649846197576,0.01664443885355571,0.6908632968920643,0.7146289883690857,0.4059899836374124,0.5417175782458913,0.006476391390229221,0.03282690608689537,0.0006238819050248348,0.15032527800457088,0.3079017970115828,0.544341780802618,0.9079600217054845,23.211271361913532,,
TB8,2,1278,decel,0.137643,0.5401778852119234,0.7546016674162371,0.5694236764673654,0.648451985344978,0.01797803625161254,0.6803390061809899,0.7103591011606871,0.40205437536905037,0.5476383995754868,0.006669712366701293,0.03333348881556811,0.0006083490602907458,0.1465826158371839,0.2983776794356037,0.5370081896993664,0.9227305044261375,21.977351912355516,,
TB8,2,1280,decel,0.138366,0.5685091848039949,0.7722474656262769,0.5963661481662077,0.6637205371970757,0.016078869167935883,0.703769268572302,0.7240525938161267,0.4187148020850977,0.523349950902129,0.00627072998868427,0.03238055209484481,0.0006142507136336834,0.1480046280358361,0.30236870186530723,0.5680603080411399,0.8651950435006894,23.602455902728252,,
TB16,0,1120,decel,0.138366,0.5221452165400293,0.7376123051892689,0.5440719127666271,0.648319990554544,0.013953578773771125,0.6668312189864747,0.7269502664664887,0.4058298401151836,0.5393710620088426,0.008615269603652814,0.04037560798919046,0.0006254284110421356,0.16535473203582207,0.33867561999373585,0.558941918480239,0.9244677293200835,19.19321618974209,,
TB16,0,1122,decel,0.14356,0.5414251180549209,0.7544152238654322,0.5691423299999303,0.6408937675396751,0.014830090898688586,0.6783228450288341,0.7404686108270199,0.4241862901001251,0.5221811080028154,0.008052946639511983,0.03899128559248418,0.0006328727984987911,0.16732292643078883,0.34957424951218746,0.5816990807124283,0.8850002758914214,20.777851129649203,,
TB16,0,1124,decel,0.145546,0.53692893374063,0.7531493593326702,0.5672339574632116,0.6329590285543892,0.015859308109989034,0.6730870242925048,0.7420377918228133,0.4258553540461439,0.526644835892224,0.007718926351032667,0.03826011787427677,0.0006277761000739759,0.16597542895957798,0.35404675637506955,0.5785626790678071,0.9006968660503492,21.502398314420134,,
TB16,0,1126,decel,0.142589,0.5106912250933936,0.7368664824252489,0.5429722129217596,0.6151857225715304,0.01747478050978779,0.6494742666131649,0.7346900778436066,0.4135781387255363,0.5478738936058603,0.007201920220315199,0.03876004033991099,0.0006117008000088537,0.16172533912078324,0.35158626060500947,0.5561303892139928,0.962884454674204,22.455863738199696,,
TB16,0,1128,decel,0.134389,0.46608976745821706,0.7080769899407113,0.5013730236834982,0.5820163756927464,0.019391977760707002,0.6068798631370865,0.7197484537795238,0.3897149804906235,0.5830730469841479,0.007081041733473924,0.04008666323575561,0.0005850524259048732,0.15467987287499546,0.34118676790355923,0.5123201750781698,1.059477679359927,21.844225566950627,,
TB16,0,1130,trough,0.122509,0.41406073122270104,0.6755945210766577,0.45642795690879856,0.5379623674206788,0.023424615966114504,0.5536816604236334,0.6849857201844312,0.36067934828638415,0.6172123272154922,0.007266536889692037,0.04086420057647781,0.0005444143505503846,0.14393572063941645,0.32402958646445856,0.45591787053074295,1.1271935015442711,19.80802173365373,,
TB16,0,1132,trough,0.110418,0.3739187309105898,0.6470780472852474,0.4187099992784889,0.5043146436679495,0.02440987895550356,0.5103932524791922,0.6332801340466075,0.33296178954324757,0.6357592549777848,0.00775178881501274,0.04238721923229017,0.0005087167315765654,0.134497757611966,0.3042025233924664,0.4115227494523477,1.1360820157922225,17.35054460610263,,
TB16,0,1134,trough,0.103096,0.3661371759071559,0.6385209018965282,0.4077089421587558,0.5087556040854687,0.024732733735607026,0.506170061608776,0.6356216833627489,0.3275640157364149,0.636857703237689,0.007763320354528555,0.04361496654234361,0.0004973415759608573,0.13149032178798892,0.295860943080282,0.40714995938231613,1.1331558603839564,16.937381916912273,,
TB16,0,1136,trough,0.106265,0.43129102881980297,0.6807089054707444,0.46336461398717876,0.5700727315278298,0.01983322218264899,0.5771102430536525,0.7058516030563325,0.35360497701711824,0.5978427187300144,0.008183388923756304,0.04448892505471292,0.0005204525627784266,0.13760055113611672,0.30314176146244054,0.47607717259495563,1.0604848601205334,16.81461707589915,,
TB16,0,1138,trough,0.125362,0.5758659060878739,0.7771019275973281,0.603887405875483,0.6583912710089634,0.013929279799968386,0.7069699817478493,0.7903095483195444,0.40210884203844427,0.4932260880915307,0.007140910235029016,0.04117668085118635,0.000574376055766317,0.15185718638968762,0.3310913367415887,0.6037961526482838,0.7938827757743526,21.265802452573553,,
TB16,0,1140,accel,0.164472,0.697432302942788,0.8454655737058292,0.7148120363217269,0.7425383401334286,0.006785717968071481,0.8058159292886846,0.8748596988996864,0.4463564959235436,0.40288194436982055,0.0059941179464425955,0.03437598820165649,0.0006769153977413433,0.17896718829567343,0.39405329751506407,0.7060827624355841,0.6020836268155655,29.85713492706418,,
TB16,0,1142,accel,0.225431,0.7539150130527736,0.87649190899167,0.7682380665278619,0.7767480619700294,0.004374218456411838,0.8469346362302689,0.9157321651604814,0.4843637726502003,0.3643573426715825,0.005346701404127394,0.029197158241089902,0.0008724209785057441,0.23065619434024748,0.5223489962179232,0.7504174725153094,0.5325549048878114,43.139905692543834,,
TB16,0,1144,accel,0.307278,0.7644932493361298,0.8834702041694155,0.7805196016551487,0.7729690720898474,0.003815852128152719,0.852927505018529,0.9291195284666253,0.5035666676653069,0.36469826469987154,0.0050096328549858685,0.02621724007311284,0.0011830217835078188,0.3127748061181326,0.7402422779105313,0.7538298304476069,0.5378915017564656,62.43467638688162,,
TB16,0,1146,accel,0.406197,0.7536784774025518,0.8794161519295998,0.773372768274665,0.7540981435668868,0.003989687652116158,0.8433720513647281,0.9321406009572908,0.5086427905501295,0.3844595564217996,0.004959538108318101,0.024556056700730515,0.001615165072615657,0.4270275911050481,1.0591203580690707,0.7382203383254683,0.5826696048171734,86.10229053162038,,
TB16,0,1148,accel,0.515946,0.7347988711540143,0.8708268232751826,0.758339356135546,0.7333593567592784,0.004643180631230481,0.8280660250621852,0.9307443935629341,0.5047276647389767,0.41080773307081175,0.005203282394946323,0.023937748964452617,0.0021727860686329105,0.574454968477211,1.4770477786154879,0.7170097267986368,0.6466055788731568,110.40242002531886,,
TB16,0,1150,accel,0.628717,0.7121231081259745,0.8590584248894833,0.7379813773735999,0.7161252512229204,0.005428377113229521,0.8103907233574654,0.9268411134842044,0.4970353908764786,0.4380589191651661,0.0054824289021953975,0.023929193628352146,0.00285128129855771,0.7538398428305448,1.981734754603463,0.6952729656533032,0.719901365524859,137.50107047054917,,
TB16,0,1152,accel,0.736242,0.690010241133961,0.8469382984755593,0.7173044814246756,0.7022208273609742,0.0063510938449138354,0.7932664511804772,0.922071347666808,0.48924208389184726,0.4633977431322389,0.005881799904661852,0.02430190898629922,0.0036173312537252484,0.9563729910316552,2.544649503803727,0.6749861372624264,0.795542852074332,162.5986953880638,,
TB16,0,1154,peak,0.830951,0.6702769904470813,0.8355452024077683,0.6981357852666386,0.6921226111919999,0.007288755148511794,0.778161860886062,0.9166789600449021,0.48086676027321673,0.4845849928201255,0.006078892915066196,0.02499954256228855,0.004408397635394216,1.1655201408156886,3.1144528606246555,0.6582185366760075,0.8662352531873816,191.7323034144938,,
TB16,0,1156,peak,0.906964,0.6545334083053234,0.826332065341039,0.6828246822107871,0.6846463760080472,0.008216439343698645,0.7660957167910544,0.9109460828510975,0.47145899690588877,0.5010447210291623,0.006060616791406605,0.025779347088413746,0.00514513142254471,1.3603024944874968,3.6282585300292833,0.645243166974623,0.9266792136308688,224.4495141841471,,
TB16,0,1158,peak,0.960739,0.6393925891714982,0.8182336468819312,0.669506300889705,0.6742072398612081,0.009370105798907735,0.7536709287199933,0.9047748262925294,0.46376444510843834,0.5151984890739497,0.006169205700727305,0.026695488275957975,0.005779739344595372,1.5280841638933458,4.050691177350213,0.6328102035746266,0.9786573569849834,247.6954470351338,,
TB16,0,1160,peak,0.991296,0.6242364357101533,0.8103480607003329,0.6566639794807905,0.6624751177522794,0.010561136514518843,0.7407515927708876,0.8981098089240425,0.456592931187888,0.5280742672453375,0.006363772259858017,0.027475721403025736,0.0062674242964996735,1.6570214061360966,4.35641347738499,0.6199604019181583,1.0234536380490027,260.3835175856948,,
TB16,0,1162,peak,1.0,0.6095975028037353,0.8025396532260756,0.6440698950002296,0.6514325387309147,0.011639032145440709,0.7281326065342624,0.8916250047153432,0.44902739893106836,0.5396741992302596,0.006631271141971845,0.02828160745572286,0.006582471109467234,1.7403154817125275,4.532366730579477,0.6071780770132991,1.0613018402883114,262.44070623163134,,
TB16,0,1164,peak,0.989996,0.5945044051292292,0.7943678258749749,0.6310202427853344,0.6400095030064074,0.012689345817308406,0.714901803809245,0.8849452365330615,0.4431034984633003,0.5511207593819364,0.006729047178141994,0.02911665212485516,0.006729047178141994,1.7790681928632628,4.594997491312819,0.5933934054850412,1.0956814914989408,264.3863456095569,,
TB16,0,1166,peak,0.965439,0.5802753699279984,0.7864809482862892,0.6185522820173007,0.6292997916889113,0.013570996100012889,0.7022362097059376,0.8790284854963156,0.4375807986933538,0.5619830415818516,0.0067841442735327865,0.029757836390145728,0.006717670963609474,1.7760604770761392,4.568110593540072,0.5798621213758406,1.1278466073384144,261.7957999515347,,
TB16,0,1168,peak,0.930694,0.5689466337376051,0.7795730894622875,0.6077342018137758,0.6230324864264672,0.014282607677352455,0.6926430711513577,0.8742348373126737,0.43474484181761147,0.5702705377885602,0.007019541967750634,0.030175894284583137,0.0065789581992130985,1.7393867162079824,4.451806617065512,0.5692160453878092,1.1519382149714132,247.79205312812704,,
TB16,0,1170,peak,0.889659,0.5599950621027522,0.773454004605771,0.598231097240704,0.620599789156154,0.014871623957233848,0.6857142881312626,0.869070994019577,0.4306112296003701,0.5761015813417514,0.007183023004877125,0.03063341449688379,0.006351808601651826,1.6793314642020758,4.271264255680657,0.5615041961120326,1.168416118726108,233.79174242680892,,
TB16,0,1172,peak,0.845329,0.5530615288218643,0.7677267373909421,0.5894043433049406,0.6220774212782572,0.015129091198983424,0.6812385194583336,0.8634106625666085,0.42798222700517863,0.5798433028843993,0.007279270028621407,0.031062833371841684,0.0060638653020664,1.6032031874819275,4.047813920089719,0.5564978813569941,1.178938889563752,220.24230193113908,,
TB16,0,1174,accel,0.799638,0.5474503458249265,0.7625202443929626,0.5814371231091034,0.6254819468098984,0.015207282279712575,0.6782292314352967,0.8578368696895832,0.42544131437946575,0.5824621170218243,0.0073386293453935846,0.031378758060518874,0.005741551977445568,1.5179879454441587,3.80629481980153,0.5530066515511303,1.186444436346851,206.84897328913212,,
TB16,0,1176,accel,0.753564,0.5419532289932845,0.7576392360839478,0.574017212053868,0.6277519722151367,0.015193281745257359,0.6749748951634974,0.8523182651366856,0.42285202821340845,0.5850371160853655,0.00735778689333304,0.03161549514116877,0.005404181649359852,1.4287918372844788,3.5636342506883945,0.5496210102819757,1.1940937280844726,194.18771676835604,,
TB16,0,1178,accel,0.707404,0.5357905505724734,0.7527699538432048,0.5666626034091007,0.6273554049364918,0.015143243759152991,0.670473839579188,0.846816011353193,0.420594728284036,0.5881762118546132,0.0073757528555967395,0.03185621689629702,0.005064715344911488,1.3390415815937948,3.3265472589620293,0.5454352046814563,1.2032707849381894,181.54642757284455,,
TB16,0,1180,accel,0.661118,0.528530397546061,0.7468419358814797,0.5577728771911963,0.6269921863973532,0.014878517193727459,0.6651488876063134,0.8408123684760741,0.41733018631109137,0.591718552605185,0.007395874861969972,0.03216319888716598,0.004726339356236024,1.249579590505868,3.094682331111824,0.5406822760507783,1.2136307263446593,168.95629169326276,,
TB16,0,1182,accel,0.614643,0.5196229847338631,0.7394458005369186,0.5467800919316843,0.6264197484244799,0.014382218741697539,0.6585282157045713,0.8335842581477231,0.4122970539032892,0.5960528943912462,0.007410146289896707,0.0325246075017942,0.004388700473006853,1.1603124800332156,2.8672246250402917,0.5345353698200621,1.225083718926674,156.5842878993135,,
TB16,0,1184,accel,0.568077,0.5069306268065026,0.7303314639480053,0.5333840472324366,0.6198666850373374,0.014250953046151205,0.6474262216603999,0.8244761745067409,0.40623529707010264,0.602710894829881,0.0071398833993860785,0.03299479310290039,0.004062166660621215,1.07398139865862,2.6522698661898687,0.5243557486320019,1.239933108121827,150.42001928924583,,
TB16,0,1186,accel,0.521728,0.4903492442852341,0.7192004060473545,0.5172492240586796,0.6075895051486483,0.014442986574024652,0.6316509024465927,0.8138860668297638,0.3979788267837849,0.6116992976909289,0.006746766758676445,0.03372862676297399,0.0037499176993365463,0.9914270368641865,2.451082727914172,0.5099564851583634,1.2579822594956256,146.94846766255796,,
TB16,0,1188,accel,0.476028,0.471790651996734,0.7063149194084446,0.4988807653789576,0.5953424672483661,0.01477522824380273,0.6142226793172659,0.8010747427912241,0.3890015519098629,0.6215802882749534,0.006436877729617074,0.034658413651681264,0.0034522915163986067,0.9127387379995032,2.25847941755846,0.4932731521744099,1.275364882285438,141.7983650364913,,
TB16,0,1190,accel,0.431376,0.4510956028791572,0.6916970663976164,0.47844483166306856,0.581825707357264,0.015277513246537311,0.5945450305827644,0.7850173099597901,0.3786094269905139,0.6321642084992977,0.006162918399172793,0.035846399910178836,0.003171390612942294,0.8384723746562658,2.0744956391507308,0.47436794799066195,1.2911739300159153,136.05118879536167,,
TB16,0,1192,accel,0.387986,0.4279148349041153,0.6756794439707874,0.4565427110046724,0.5639780783190208,0.016150681012087442,0.5712218919416847,0.7648795985805149,0.36628721197571285,0.6435698964280108,0.005862556097765163,0.03722325898905888,0.0029094784350589403,0.7692263710750457,1.900969238118409,0.45278243560429554,1.305245494935379,131.21006575413048,,
TB16,0,1194,accel,0.345798,0.40165316536001816,0.6573832666882096,0.43215275932166164,0.5426830296548524,0.01734344958613515,0.5438902307541873,0.7406838523907809,0.35246720467022746,0.6556915963929284,0.0056165244217435475,0.03859534069270372,0.0026631036778312373,0.7040882493611715,1.7359691683730727,0.42799802463585823,1.3156683235768463,125.36013315198943,,
TB16,0,1196,accel,0.304512,0.37184384942279725,0.6366034497696957,0.4052639522586775,0.5163213895054272,0.018952328814463126,0.5113679086256222,0.7112793924398385,0.33680862236945286,0.6682199556976283,0.005389527473468503,0.039733088046933464,0.002429090555009707,0.6422183749937068,1.5789565515403254,0.39968788825583024,1.3201947817394972,119.16042327554896,,
TB16,0,1198,accel,0.263724,0.33814960197712385,0.6129803209175352,0.3757448738321644,0.4832377017034468,0.02076212461450866,0.47232677282855506,0.6745116639333018,0.3188968861616413,0.6806426947939577,0.0051968001890756,0.040621569817991185,0.0022035346756613815,0.5825844803220528,1.4278672705026278,0.3673214992759637,1.315372828776468,112.10446026897988,,
TB16,0,1200,accel,0.223146,0.3000981837534604,0.5859959424497808,0.34339124456760683,0.4416904989163867,0.022468999780776766,0.42516006963678404,0.6305993694794291,0.2967788299487271,0.6924711192243385,0.005024868158538692,0.041993264867171635,0.001986791149065297,0.5252804513907863,1.2836559901456994,0.3297117240082146,1.2980013130968917,104.53616588888688,,
TB16,0,1202,accel,0.182834,0.2590150044759836,0.5534868615443028,0.30634770590216226,0.3998581469049379,0.02373091946443523,0.373965810429304,0.5824296402459755,0.2689057449050568,0.7015899186172585,0.004898108495932261,0.04309857868361355,0.0017832584733188143,0.4714691910380388,1.1462301512467528,0.28801295113646674,1.262834425325888,96.2553588654846,,
TB16,0,1204,decel,0.143355,0.21819946260100587,0.5147848573450655,0.26500344935177944,0.3653418021409335,0.02447076000202833,0.3248381637557901,0.5368160788112738,0.237786751688621,0.7047350042022762,0.004915580461278697,0.04459006098461264,0.001602690160831649,0.42372939476667265,1.0157804636137509,0.24566050486466706,1.2057634395042856,86.20129364263266,,
TB16,0,1206,trough,0.105832,0.1828578395178848,0.4734281171654211,0.2241341821227957,0.3452517768446599,0.02484716838688733,0.28574358843716074,0.5021777723021089,0.2078775580905288,0.6986317512636351,0.005131520886498475,0.04747522780172164,0.0014477775516852562,0.38277261614561625,0.8932414881614984,0.20837540339672012,1.1282393172844802,74.59243070660159,,
TB16,0,1208,trough,0.071839,0.15834022938338366,0.43804416924300454,0.191882694207794,0.3443215600708337,0.024758537354370863,0.26384318656386363,0.48205725845422603,0.1923928003765732,0.6837861538845186,0.0054798590794938986,0.05092219207592786,0.0013206444081219583,0.34916034891306075,0.7826515882870789,0.18209536222635014,1.0447829398268311,63.71703064767644,,
TB16,0,1210,trough,0.043158,0.1456084648045043,0.41709836184562316,0.1739710434543024,0.35790215954500176,0.024858388282982008,0.25895329535941974,0.473310501941259,0.18702338289265627,0.6655313335173249,0.005899161860465141,0.054063009658646695,0.0012137023191787293,0.3208863208255083,0.6880825832021891,0.1674035056433707,0.9728376137748661,54.39523925865069,,
TB16,0,1212,trough,0.021454,0.13890122044316777,0.40745185232310993,0.16601701196153337,0.3716991463801223,0.025837535536119866,0.26022301223636335,0.4653598570086383,0.19003966847501425,0.6523478940720452,0.006212929690821675,0.056982210505987785,0.00112274432272707,0.29683826853968703,0.6119737592492573,0.15848757002811564,0.9278687279311594,47.77750325715169,,
TB16,0,1214,trough,0.007926,0.13231483525668797,0.40195346183859976,0.16156658548403466,0.37623527236350945,0.028590324957470048,0.2584795717406074,0.45453992990730585,0.18974236762990002,0.649822019965876,0.006471742435434094,0.0587481296196299,0.0010415624521472417,0.2753748904473382,0.5530983024304623,0.14983103276435594,0.9159583954542015,42.55034763738513,,
TB16,0,1216,trough,0.003045,0.1271790311530876,0.40069015522720736,0.16055260049600353,0.36859600014715954,0.03234353455261377,0.2528538964900324,0.44656099301092683,0.18416055259260372,0.6571660618482954,0.006610257682318162,0.059647737354103995,0.0009683231045932921,0.25601140699272124,0.508048185043698,0.1425196340767949,0.932781038219848,38.72941408585757,,
TB16,0,1218,trough,0.006411,0.1347214442410407,0.4172761794688608,0.17411940995212893,0.3712490921835655,0.03727947294712003,0.26365874568700653,0.4659864515612778,0.1734793046138883,0.6674649814737207,0.006575696164249703,0.05967813692628271,0.0009022901108026155,0.23855318507474568,0.47478825926472007,0.14638164806804932,0.9653223256008969,36.27801210945472,,
TB16,0,1220,trough,0.016793,0.17685360921379578,0.4668418983331508,0.21794135803929993,0.42027707599583164,0.03891946614619807,0.3228210750321077,0.522777825533771,0.21291323727190764,0.6714742334409362,0.006480751175735916,0.059194269887104536,0.0008602695019516771,0.2274435098603575,0.45521902182713686,0.17589101436652232,0.9977750159881068,35.09523876057938,,
TB16,0,1222,trough,0.032322,0.2538061716082909,0.5404089412118487,0.29204182374171134,0.4959775667726537,0.0362615050988645,0.4180613982117829,0.5960166598636832,0.25033370600303156,0.6566177169334912,0.006712866111877512,0.05902858317692841,0.0008448119493911272,0.22335674402680605,0.44501867915617455,0.23744718799052955,0.996018456354332,33.2729329476133,,
TB16,0,1224,trough,0.050802,0.3272043769906129,0.5987584170129844,0.3585116419438949,0.5485785763398879,0.02878924854330467,0.4940350407752542,0.6526028519258313,0.2735647685597111,0.6290314940914793,0.00706579289886726,0.05816500131023763,0.0008517269470712567,0.22518497499335405,0.44124368294200456,0.3098364302327923,0.9629823534920412,31.869738926179703,,
TB16,0,1226,trough,0.070062,0.3928229580054078,0.6474511401525589,0.41919297888484847,0.5835617078342475,0.022288161317484567,0.5544741749278476,0.6926697878624054,0.2889416682483531,0.5969553815537596,0.007659194346142027,0.05603700345435768,0.0008669020582121651,0.22919706717211769,0.4391819466149424,0.376249579019978,0.9117397834086872,29.924435497261584,,
TB16,0,1228,trough,0.088271,0.4292786472197401,0.6731187064892482,0.45308879302575866,0.6039886021929005,0.01903117448599473,0.5875794367450888,0.7116956010387941,0.29387141192170935,0.5733470234780705,0.007648323157261434,0.05402628607254109,0.0008779968352632758,0.23213037473201362,0.43982777869562995,0.4192592465499365,0.8703549996655444,30.350492514378857,,
TB16,0,1230,trough,0.104151,0.45224921950297026,0.6873627422778362,0.4724675394717071,0.6195625798209817,0.015621457939561045,0.6086038566270913,0.7191377540421032,0.29637026223637636,0.5579706064196868,0.008248443173311438,0.052270047006842194,0.0008781546701603505,0.23217210412366085,0.4377816988131061,0.44607814207793883,0.8431377496024575,28.14738481497625,,
TB16,0,1232,trough,0.117053,0.465671809729545,0.6976228473420697,0.4866776371336567,0.6242119170811022,0.015616662722330976,0.6197648389072599,0.7264016025117155,0.29777046980273836,0.5490009481764712,0.0083033834657813,0.05044978304388291,0.0008686540297684433,0.22966026452949395,0.433984096175628,0.46204667559924595,0.8279092562055925,27.658636443316936,,
TB16,0,1234,trough,0.126894,0.4751998104340992,0.7040552652323756,0.49569381650143074,0.6291107252478879,0.014877321993845116,0.6279747972405465,0.7309134500276298,0.2974227668282183,0.5440783716618944,0.008773276149100747,0.0492550791796932,0.0008527447765465896,0.225454075208791,0.4266303809355918,0.4724191658273592,0.8212485384323681,25.69782044668682,,
TB16,0,1236,decel,0.133992,0.47653016597771636,0.7042702307524118,0.49599655792405534,0.633922083129696,0.014517530072391593,0.6304157225177084,0.7341635261767416,0.29900050786271154,0.5423812383594212,0.008902931829186205,0.047845413334768355,0.0008319880976007566,0.21996629271531137,0.41771245344049723,0.4776731743332019,0.8206654333778783,24.70717477519065,,
TB16,0,1238,decel,0.13886,0.4804116926039518,0.7062836754137738,0.498836630155989,0.6403240391032056,0.014074263929814756,0.6351434097959534,0.7345150842675048,0.30539760445402686,0.5408239813709917,0.009027761394941068,0.0467963974923869,0.0008112096521802902,0.21447275546314662,0.40764607534531555,0.48329633839746255,0.821005819590824,23.75702525582165,,
TB16,0,1240,decel,0.142008,0.47979937307851095,0.7039349328473256,0.49552438968276874,0.6503650710403727,0.012855286510241759,0.6377004084582991,0.7333056409789963,0.31395674904789117,0.5402972287505075,0.0092030174934989,0.0460713397011137,0.0007900319463059039,0.2088736591986236,0.3971061321485467,0.48703644308713523,0.8230725955040236,22.69621451292187,,
TB16,0,1242,decel,0.143829,0.4815429377277095,0.7041860271107704,0.49587796077805063,0.6589118665028747,0.012285273431591637,0.6415658897215992,0.7346533377332929,0.32519398048032083,0.5393055067374266,0.008775598211944981,0.04507373400698655,0.0007692117925502526,0.20336909483213786,0.38688958151428304,0.49190615623789513,0.8247712455674305,23.174385371850803,,
TB16,0,1244,decel,0.144562,0.48516288123011797,0.7064298023724591,0.4990430656799916,0.6651864477139162,0.012179170146383367,0.6460754497068772,0.7360249871533654,0.3373229400480067,0.537881007981556,0.008632768104480248,0.04404458926836239,0.0007484250206392513,0.19787335616956883,0.37651776400923137,0.4978849068102814,0.826233766935966,22.921194427413866,,
TB16,0,1246,decel,0.144347,0.4898756601539851,0.7098222356070109,0.5038476061621349,0.6682501303587979,0.012243706073381322,0.6503128184298863,0.7365722716392153,0.3507900114452715,0.5367598626639463,0.008729289848202383,0.04319381786255754,0.0007276781532407592,0.19238816771523545,0.36596047841219165,0.5038411143091577,0.8289129474982769,22.039383622352034,,
TB16,0,1248,decel,0.143324,0.49368692370820566,0.7135660848531198,0.5091765574526097,0.6660398735384704,0.01323089298247948,0.6524580090038139,0.7359432032487535,0.3634439654700685,0.5359422676592679,0.009176160497014738,0.04254175634177698,0.0007079218715397396,0.18716487659346992,0.3555831866258212,0.5092569637202663,0.8322491406176711,20.396861699875444,,
TB16,0,1250,decel,0.141737,0.4994589119252483,0.7192146785927909,0.5172697539033315,0.6606148444306177,0.014376901414248966,0.6549869543309484,0.7334394668090772,0.3783980463827042,0.5351754478852327,0.009917520698236265,0.042365479780629454,0.0006884812911195127,0.18202505257963744,0.3456595952631194,0.5148118805762042,0.8361226464321925,18.35388683504425,,
TB16,0,1252,decel,0.139984,0.5046519512725333,0.7243749312341143,0.5247190410004279,0.6561009953620378,0.015405759408430142,0.6574058636266121,0.7293688981710571,0.3888407904772545,0.5344649197341563,0.010778304014000366,0.04235629316462041,0.0006721595070234757,0.17770979572865803,0.3370409330434429,0.5201987090147948,0.8402003265444763,16.487732717301697,,
TB16,0,1254,decel,0.138593,0.508116028757442,0.7282662349250002,0.5303717089318356,0.6528541607902516,0.01656869924908877,0.6590738033588102,0.7235678343520207,0.3944462319451715,0.5340256081887371,0.011770926081915682,0.0428595806206647,0.0006624127660507754,0.17513289050128283,0.33133038931816855,0.5249114149940615,0.8446580257118056,14.878429214702917,,
TB16,0,1256,decel,0.138119,0.5177765876306022,0.7350695636602933,0.540327263419734,0.6562600480183028,0.01633973603340677,0.6667465435336731,0.7186624127413943,0.4014245954700291,0.5308426922807483,0.012322929647876294,0.042670686761224645,0.0006565792595498047,0.17359059103540161,0.32720869847606354,0.5335784697852921,0.8437365549902047,14.08679559128359,,
TB16,0,1258,decel,0.138984,0.5306373127011048,0.7428466791971703,0.5518211887942637,0.6677710192920621,0.01554752138297133,0.6788411102896384,0.7169394063907177,0.40842930133048577,0.5245703502495025,0.012186042597174523,0.041626112123191936,0.0006581292172669843,0.17400037869209606,0.3262209631036742,0.545825025927826,0.8355793646684319,14.278661616728641,,
TB16,0,1260,decel,0.141323,0.5454856961005066,0.7517201514501388,0.5650831860962197,0.6817185069791661,0.014697259767072701,0.6927789514661529,0.717574490268942,0.4143839797239062,0.5165918791477991,0.011639208040968954,0.04104072485411785,0.0006656378320948166,0.17598555392701637,0.32871467831643664,0.5592982128727821,0.8225301904111676,15.120062577072531,,
TB16,0,1262,decel,0.144882,0.5584411741666192,0.7598476101898223,0.5773683907111841,0.6899652956246918,0.01404367865558509,0.703670844893287,0.724075508279881,0.4191863287644237,0.5086313991871719,0.011100526587838224,0.04038681377458381,0.0006758579117955801,0.17868760345093965,0.33392023383785074,0.5716851475460257,0.8082772374431272,16.097218635259196,,
TB16,0,1264,decel,0.149013,0.5695855564893347,0.7677603232765636,0.5894559139977334,0.6889771717079949,0.013663572537322644,0.7108116084963411,0.7312624565430967,0.4208174100725783,0.5016775181016532,0.010490188458910253,0.03987791081019809,0.000685531513466818,0.18124517164568074,0.3401619459908327,0.5832260906223601,0.797094499433441,17.27758965967223,,
TB16,0,1266,decel,0.152788,0.5736266111874613,0.7708790792519242,0.5942545548282945,0.6854574475435549,0.013331088477112951,0.7125281313483048,0.7346266297528088,0.41876332955438395,0.4992940470343105,0.00998208500237155,0.0393189738073161,0.0006924633696934365,0.18307785978172725,0.3464385966841968,0.5893476659612353,0.7965234556187245,18.340643236180767,,
TB16,0,1268,decel,0.155218,0.5714199982531012,0.7697729893914195,0.5925504551966024,0.6799391603097955,0.01306034009603474,0.7095116523264611,0.733878185626241,0.41685185306731415,0.5022146277312592,0.009586706459369649,0.038912926075216035,0.0006939559255625895,0.18347247117359072,0.35104493320703,0.5894516077446628,0.8087075424015148,19.13821727526374,,
TB16,0,1270,decel,0.155519,0.5635483557461494,0.7658465234390668,0.5865208974637051,0.6713824932083545,0.014049088710126778,0.7020408320513459,0.7317724437316168,0.413996461057528,0.5097666108482857,0.009149317691759638,0.03895200155146981,0.0006901145885605166,0.18245687412135791,0.3534255983847834,0.5841428824629199,0.8323154367939319,19.94212904921733,,
TB16,0,1272,decel,0.153355,0.5492475799064438,0.7572914584245145,0.5734903530027282,0.6615562792495481,0.015077548564621512,0.6897213532031279,0.7285646177891235,0.4041815551539571,0.522318465452155,0.008818193674677772,0.03917966106071881,0.0006781906009428979,0.17930433461004208,0.3518977290072116,0.5724927338136836,0.8683104867727905,20.3334539050702,,
TB16,0,1274,decel,0.148997,0.5297679242153567,0.7448591243525072,0.5548151151311839,0.6492406032475126,0.01590428933752086,0.6728632936257305,0.724160632489467,0.39205964963565404,0.5378790650553406,0.00881439218579283,0.03957896159310633,0.0006598309668040603,0.17445029803334636,0.34704099552113005,0.5562101904834542,0.9116810078068426,19.791528939967975,,
TB16,0,1276,decel,0.143318,0.5093235109024103,0.7327414523098758,0.5369100359331859,0.6306164705904999,0.017157013139592614,0.653191513335085,0.7193385878889447,0.3858873846161552,0.5530800525361118,0.008716061030618108,0.04031698856690478,0.0006390013817169029,0.16894324015158949,0.3406673339810256,0.5389333159388233,0.9533825319871586,19.38298040343216,,
TB16,0,1278,decel,0.137643,0.49155307409350757,0.7224706575082375,0.521963850960385,0.611886884275987,0.018182005964595516,0.634890517017487,0.7134135657749553,0.3853672724972726,0.5642708440835024,0.008604808780940233,0.04103072213275137,0.0006204832922890756,0.16404731016009524,0.33480503852542387,0.5255910843809577,0.9839919140810471,19.06460844585672,,
TB16,0,1280,decel,0.138366,0.5161452635487338,0.7360820331288732,0.5418167594951356,0.632801492883271,0.015004625952978357,0.6581600553190936,0.726027665938999,0.4049520909524242,0.5417212488123979,0.00854183091153803,0.04045153671678193,0.0006281255734145862,0.1660678249389899,0.341048110863156,0.5557676782624397,0.9298713983840596,19.441712983883917,,
TB16,1,1120,decel,0.138366,0.42741623433014575,0.6605001853612433,0.4362604948622368,0.6116781437288765,0.00646066878293855,0.585267797954793,0.7584977548489958,0.3767927049165899,0.6846861156143065,0.0031713295274580465,0.04125597718242845,0.0005751220246627114,0.1699198440050231,0.5107342484923886,0.3604687036303327,1.3251333734623365,53.58000249858014,,
TB16,1,1122,decel,0.14356,0.4627489915853338,0.6912617271491476,0.47784277542122255,0.6178725567746831,0.009707813507636665,0.6138980040210539,0.7784243356854007,0.38990084574352496,0.6626045030065693,0.003139607049180843,0.04010290868393635,0.0005870562747261074,0.17344581905401982,0.5210760162263854,0.3884963040442695,1.247702467495396,55.244435477769,,
TB16,1,1124,decel,0.145546,0.46349374536422805,0.694257823761126,0.4819939258535347,0.6081409281199049,0.011084060774425641,0.611486205849784,0.7787593492467487,0.39180233879322446,0.6645860084784921,0.003124254635783766,0.03923507894767112,0.0005869332197400576,0.1734094624494438,0.526490147531907,0.38989428922939307,1.2648602206584578,55.50426666997373,,
TB16,1,1126,decel,0.142589,0.4436299227967614,0.6822315062517683,0.4654398281225566,0.5878327408569513,0.012898778417729517,0.5904364013746407,0.7701667703066097,0.386764844269718,0.6821053692484785,0.003131474244099888,0.03932809140717907,0.0005744981605722394,0.1697355233141306,0.5213481846604634,0.37420092720797327,1.3467562913318218,54.20307180681266,,
TB16,1,1128,decel,0.134389,0.40782829243636787,0.6571002997400216,0.4317808039184262,0.5530523066784967,0.01312652662192726,0.5510426994567252,0.7597179148673814,0.3726613150028452,0.7104567181479602,0.003112337399578159,0.03931105420145695,0.0005432250658839176,0.16049588521452837,0.5031654426551068,0.34342073283534624,1.4774121619275873,51.5676369908615,,
TB16,1,1130,trough,0.122509,0.35791135842755106,0.6200934864542346,0.384515931942968,0.5094650700642178,0.014365927002454038,0.49597435717314314,0.7288994865518149,0.3462307463388204,0.738310270003427,0.0030575592311049816,0.039112874200890366,0.0004998650809638162,0.1476851745170817,0.477351527056426,0.30063164541399945,1.572013845649282,48.30165611009579,,
TB16,1,1132,trough,0.110418,0.3175162764045296,0.586242773609505,0.3436805896093654,0.4758574110477087,0.013979384936936567,0.4497961091062758,0.6784264116570592,0.32071419898122805,0.7555314302888171,0.003038433935482103,0.039940585706542096,0.00046757729452362006,0.13814574566560767,0.4516396595207013,0.2643013264768407,1.595991142122537,45.46610148483887,,
TB16,1,1134,trough,0.103096,0.31436932985159316,0.5819219095470592,0.3386331088108958,0.4803841729304693,0.013953867002082676,0.4491700009038078,0.6790933943500262,0.317017298686796,0.7545954428124538,0.0030432981087536734,0.04139561839964358,0.00045621554989781906,0.13478891738977658,0.4362918478122761,0.26413824606105474,1.5866228057304173,44.29040881735273,,
TB16,1,1136,trough,0.106265,0.37411440463045187,0.6231139284079276,0.3882709677759599,0.5455145479747241,0.00813489930189093,0.520659018937644,0.7287104019769621,0.34609713990295643,0.7207020672482106,0.0030599657871903264,0.04239448548138921,0.0004762399651361367,0.14070513232795812,0.4404382718248164,0.3202428446435026,1.4838979067781701,45.98258350370452,,
TB16,1,1138,trough,0.125362,0.5123467817276046,0.7299045931579903,0.5327607151131313,0.6229893956734882,0.008983073932376628,0.6509529626954947,0.7953973272804105,0.39120411501083074,0.621798749495688,0.0031026409420414616,0.03852581001012122,0.0005417744942033939,0.1600673137060433,0.4806718436600564,0.4304280338020915,1.0971647594463703,51.59066636976786,,
TB16,1,1140,accel,0.164472,0.632911698396588,0.811388090486777,0.6583506333837782,0.6860361210840821,0.009725818754055982,0.752029587296403,0.8784271630593323,0.4389766256408762,0.5169734264094474,0.003075848339222948,0.03339675155135025,0.0006438372966525343,0.19022177611085936,0.5648599123661191,0.5500107023693087,0.811273015066547,61.843678599223495,,
TB16,1,1142,accel,0.225431,0.693379311516781,0.8493339707176331,0.7213681938149812,0.712428042899948,0.00924564922657889,0.7978501999341889,0.9141155039005071,0.47546835306012564,0.45935215689372294,0.003213405298048532,0.029701560394587215,0.000838187251082256,0.24764248427874602,0.7230393763866994,0.6228314449647259,0.6920617274942938,77.06543722609058,,
TB16,1,1144,accel,0.307278,0.709630350430967,0.8617752211286045,0.7426565317512551,0.7087850807894033,0.009620198279279735,0.8079561350334068,0.9264234422136693,0.49419626099688374,0.4423662225323968,0.0034767595148023273,0.027755192542415343,0.0011442663093315995,0.33807356429421614,0.9783235357463972,0.6505459376145887,0.6668782938291621,97.23812154820189,,
TB16,1,1146,accel,0.406197,0.7038590872149523,0.8617702383866992,0.7426479437690684,0.6926053759825184,0.010172105881890658,0.8012309425994177,0.928776108034004,0.5020565241930005,0.4489839556234952,0.0038019037821604785,0.026121402768027782,0.0015676125254699066,0.4631512346347412,1.3429374976683202,0.6525093198297496,0.6928969866099626,121.82087216619402,,
TB16,1,1148,accel,0.515946,0.6893136348107562,0.8558698207121507,0.7325131500058489,0.6755407568728655,0.010680943929939679,0.7882217542557184,0.9265283786815002,0.5012537251708454,0.46732585690659234,0.0041727490091680265,0.02508467225682778,0.002114639681527876,0.6247704476676518,1.821473932165552,0.6418789787286576,0.7481586012075496,149.7263425849378,,
TB16,1,1150,accel,0.628717,0.6710189012418234,0.8461163557971796,0.7159128875474994,0.6629235686198355,0.011334389031872338,0.7732419116244036,0.9221746720102886,0.4957718119382007,0.49051232363511177,0.004582124545073817,0.024732820753317536,0.0027806673360112905,0.8215483666131559,2.405279036199442,0.6251907892152959,0.8197240456691077,179.2942026196979,,
TB16,1,1152,accel,0.736242,0.6531208724142512,0.8347277458275865,0.6967704096544038,0.6569413773576973,0.012041544426441453,0.7597146858698406,0.9165144049255362,0.48499504548808675,0.512676027259944,0.005003797353910326,0.024935300547386734,0.003533684038900376,1.0440272062352862,3.047632973602927,0.6083259205964284,0.8938908663430151,208.64697996200994,,
TB16,1,1154,peak,0.830951,0.636685059043216,0.8235551035823089,0.6782430086364675,0.6554923358184208,0.01331285568479279,0.7482195380311868,0.9099846866168882,0.473997028677378,0.5314612370660904,0.005415636150221064,0.02561489753330163,0.004322417414813714,1.277058539499472,3.6890874905737863,0.59351871573549,0.9621174310421017,235.80951601546258,,
TB16,1,1156,peak,0.906964,0.6212218842523307,0.8132108026197046,0.6613118094973841,0.6547319997180021,0.01497439427589664,0.7376243969850251,0.902077728090972,0.4619555010897479,0.5466441277833168,0.0057826153006017384,0.026578804376421315,0.005069175552766003,1.4976882856559515,4.266987565894218,0.5811879054904758,1.0212630519133767,258.9984302604571,,
TB16,1,1158,peak,0.960739,0.6066941079366124,0.8041434526601272,0.6466466924561503,0.6518298360372426,0.016753146710794753,0.727180725241283,0.8933615224763866,0.45024558831571443,0.5586321181675085,0.00608223946611264,0.027600959200588387,0.005699562937747006,1.6839362843854833,4.727554606197019,0.5711640520728427,1.0705651397745306,276.8612274751067,,
TB16,1,1160,peak,0.991296,0.5930630424823935,0.7963855488723565,0.6342299424527245,0.645505844284474,0.01840221471380421,0.7164360490275196,0.8842455592331306,0.4406553847127989,0.5686156314526737,0.006300162605332935,0.0285817804776656,0.006158059949217151,1.8193992597626938,5.046465769308184,0.5622610978116711,1.1122042989347505,288.78607962001115,,
TB16,1,1162,peak,1.0,0.5794886567319316,0.7897302698303451,0.6236738990863097,0.634341761733449,0.02003965390579887,0.7043709693509085,0.8756617354876759,0.43065889877413793,0.5780080121983513,0.006454791345319535,0.029563709926778946,0.006440618503976397,1.9028812053117854,5.227651737527483,0.552754366420454,1.1491456650000549,294.8013504249975,,
TB16,1,1164,peak,0.989996,0.5663034239060627,0.7835604701889424,0.6139670104427164,0.6216465805291352,0.021447478871885584,0.69195322403281,0.8691920565819516,0.4228191907106133,0.5871969075438932,0.006550717387009506,0.030585817416631564,0.006550717387009506,1.9354099283094568,5.281276470404388,0.5423830649665163,1.1826277248006365,295.45007271226496,,
TB16,1,1166,peak,0.965439,0.5540814227006434,0.7776231487087972,0.6046977614077842,0.6097359276398904,0.02243021970890069,0.6801635490925574,0.8652025263735024,0.41854675081068377,0.5961685405019278,0.006589644979410932,0.03169454460120918,0.006511808446368284,1.9239142789678507,5.230682055809473,0.5315500903134156,1.2136628093472288,291.96023230068386,,
TB16,1,1168,peak,0.930694,0.5432307241687919,0.7721005148304081,0.5961392050013812,0.5994466759233944,0.023099132743260142,0.6695908833754415,0.8614449700536022,0.4166035416046308,0.6046704995532958,0.006585292361184681,0.03271971412322918,0.00636414057195856,1.8802857947362321,5.104680008798405,0.5208804916321988,1.2423843948008357,285.52806642558426,,
TB16,1,1170,peak,0.889659,0.5337021498872638,0.7670843021226562,0.5884183265630025,0.5906543005591492,0.023588631224039647,0.660246954494017,0.8569950350848771,0.4158858770262588,0.6125896469214387,0.00653752734066877,0.033500054307210925,0.006141698565257456,1.8145652876821288,4.927554701106832,0.5107888283113006,1.2693167647742782,277.56140710785985,,
TB16,1,1172,peak,0.845329,0.524549276985066,0.7622409092038975,0.5810112036639844,0.5824642269110946,0.02414227118271095,0.6512774421472091,0.8520454381483872,0.4145342775243732,0.620219330311513,0.006434950418941211,0.034156432134228004,0.0058768660316985185,1.7363204963855672,4.723562160893228,0.5009670524218376,1.2956003858593046,269.8265539505519,,
TB16,1,1174,accel,0.799638,0.5159309234160451,0.7576563677949789,0.5740431716602804,0.5746951175900877,0.0246374291676984,0.6427302218261048,0.8470036403634517,0.41405685683073873,0.6274454518807415,0.006277731489917427,0.03470765558481353,0.005588894590982255,1.6512393132868914,4.504706070249121,0.4917726302885047,1.3216827365965131,263.03121054777876,,
TB16,1,1176,accel,0.753564,0.5074437142802634,0.7530844394110444,0.5671361728830471,0.5672415448745376,0.025154877153076405,0.6343085907755109,0.8438004302545622,0.4116309601316296,0.6343277363658891,0.006072615615069856,0.035165034200754466,0.005288876148644639,1.5625988426832225,4.278441711549451,0.4831568240392131,1.3478588365392894,257.31891193729825,,
TB16,1,1178,accel,0.707404,0.4987478419853788,0.7483325667307987,0.5600016304299054,0.5597325905193643,0.025683837417572963,0.625647502572744,0.8406885029977884,0.4071309372380419,0.6410548315691863,0.005832499848798743,0.03550352770659551,0.0049778735222228785,1.4707130940932078,4.048553987535541,0.47476845058913963,1.3743108812123033,252.15827384823933,,
TB16,1,1180,accel,0.661118,0.4898904178777598,0.7430937143770999,0.5521882683467549,0.552610925534035,0.026014157623563627,0.6168602471689851,0.8363977765240095,0.4020951078528935,0.6476496592280746,0.005559930265400426,0.035791743187238476,0.004658942231488916,1.3764848210556422,3.815668157421425,0.46662150240320033,1.4013346563426063,247.5723175201565,,
TB16,1,1182,accel,0.614643,0.47997587313022805,0.736789629464364,0.5428589580862347,0.5451290091987065,0.026149291595390145,0.6070291993520867,0.8310892731151707,0.39626437243585677,0.6549443092847995,0.005300588062554862,0.03618542087581923,0.004338205742587844,1.2817232020883438,3.585014379542679,0.45723910933966705,1.430278608255063,241.80773660622071,,
TB16,1,1184,accel,0.568077,0.46711405513702464,0.7283457704292429,0.5304875613021673,0.5351750311490251,0.02605857165107678,0.5939826546227032,0.8232396996890603,0.38786420123457094,0.6638757425535194,0.005123598681616196,0.03655535520683455,0.004020217940295245,1.1877736827793821,3.360359690371356,0.4449619723581131,1.4628901201141467,231.8241057874402,,
TB16,1,1186,accel,0.521728,0.45105236162497786,0.7174293460479898,0.5147048665708464,0.5233787807908781,0.025996883069263843,0.5777073234246014,0.8131602779795052,0.37979631059421776,0.6741419029098945,0.005026842330942343,0.0373596359813332,0.0037117344934685654,1.0966322259839096,3.139587306543428,0.4297747798314273,1.4962328504979372,218.15528592048213,,
TB16,1,1188,accel,0.476028,0.4331973169029465,0.7038904968523899,0.49546183155910434,0.5121885982426603,0.025514896725582825,0.5598852522987388,0.8005954037953474,0.369675954996914,0.6847719131305573,0.0048928196550801295,0.03819663163280303,0.00341294078017937,1.0083536016666492,2.9192340033145405,0.41315083020222065,1.5275129132810639,206.08844648906958,,
TB16,1,1190,accel,0.431376,0.4128149387182799,0.6870448158266241,0.4720305789542399,0.5013142477386292,0.02471979631367066,0.5398365198776715,0.7850978246463005,0.35873785362299676,0.6959590117988966,0.004758348269410307,0.03905788722808087,0.0031258954032643664,0.9235460241853918,2.704101653852856,0.39472615277335443,1.557111473785183,194.08962351968512,,
TB16,1,1192,accel,0.387986,0.3891865201823981,0.6666823734829926,0.4444653871129165,0.48905271704593906,0.02372657208457274,0.5163402489752387,0.7654204651503157,0.3454361320911073,0.7082023685448783,0.004613860479449395,0.03969393260993883,0.0028542951146481393,0.8433016991650554,2.4999052716144927,0.37370992164099404,1.5868766505282579,182.77572608040643,,
TB16,1,1194,accel,0.345798,0.36151188233376697,0.64222560038442,0.41245372178912876,0.4742182526928892,0.02271537057701889,0.48822621309444786,0.7399804603896712,0.3300442062129278,0.7221371847687069,0.004456703127887292,0.04072099436824383,0.002600801787470675,0.7684070772183995,2.310281505932079,0.3489854000015262,1.6189212430954427,172.41603381885216,,
TB16,1,1196,accel,0.304512,0.3293967366854026,0.6131743152847422,0.3759827409249124,0.45524072208096084,0.021642984377252317,0.4543003473368961,0.7064996832520213,0.3133174407481626,0.738070997413461,0.004291083030610968,0.04189217033536768,0.002367228561607489,0.699397850653483,2.1377162533782994,0.31994781601315236,1.6546834612487393,162.9886547671631,,
TB16,1,1198,accel,0.263724,0.29404907502098576,0.5809203762447789,0.33746848353637543,0.43034591221060176,0.02074673929620996,0.4146073748661597,0.6674246327773318,0.296858363297344,0.7554325023793812,0.00411434254533031,0.04280678865921421,0.002149327342599924,0.6350189196536068,1.9805605059080444,0.2869815032778056,1.6907610373902298,154.34274435276166,,
TB16,1,1200,accel,0.223146,0.2572520306176923,0.5471142022841113,0.2993339503409795,0.3991238835290249,0.020180785278055113,0.3702754146193698,0.6238669969437891,0.278319736801751,0.7726286668138459,0.0038936395495863876,0.043394498054790766,0.0019438619209727758,0.5743141458940096,1.835799292716977,0.25201604539155154,1.719439629308075,147.5005938736722,,
TB16,1,1202,accel,0.182834,0.2218444487158503,0.5140485795631298,0.2642459421508714,0.3643631183950054,0.019995756149907007,0.32496088461718203,0.5759448359731169,0.2594720689850329,0.7872053574582979,0.0036755421598504714,0.04380584471685,0.0017544262560686384,0.518345364923786,1.7006155073874274,0.21874439568744697,1.7310643668011296,141.0255527975969,,
TB16,1,1204,decel,0.143355,0.18947605522195843,0.48250932434861327,0.23281524808335527,0.33041898360995864,0.020207721115396787,0.2823312184675799,0.5290468168800306,0.23889847068136846,0.7981326356333497,0.003477955544080239,0.04518688886802812,0.001589328726902586,0.46956728792706054,1.5778449244381407,0.1888904615639121,1.7227534506350952,135.01244681701064,,
TB16,1,1206,trough,0.105832,0.16049684812157383,0.4504749557343237,0.20292768574384093,0.301960210527986,0.020374208078563688,0.24474832681604333,0.49254430124086435,0.21944559242128728,0.8061741939637065,0.0033212419080421223,0.047820677573327995,0.0014532827510778097,0.4293724944774193,1.4732870209633373,0.16238274372755768,1.7030173470484702,129.28070473810658,,
TB16,1,1208,trough,0.071839,0.1379658180357991,0.4211491819614236,0.17736663346677628,0.28281312022619604,0.0202639494545645,0.21650864115353577,0.4741023306309638,0.20416417842958406,0.8119012059670156,0.003195753739979029,0.05105127373256417,0.0013426565604845633,0.3966879784227638,1.3879443884284304,0.14134304944801002,1.6844982165624693,124.1297079497017,,
TB16,1,1210,trough,0.043158,0.11921471251178228,0.39155759703747767,0.15331735179776373,0.27136476964480394,0.01965632352933641,0.19437557366347855,0.46600802564219845,0.19339427796459094,0.8193498099560074,0.003089045932727664,0.05379801644930615,0.0012538456197874884,0.3704487795361684,1.3238357978979907,0.12246646563862851,1.690275494102476,119.92336391354911,,
TB16,1,1212,trough,0.021454,0.10291198654451439,0.36348787912590064,0.13212343827144535,0.26167322847561564,0.01884522863989138,0.17495348641392025,0.4569946887347252,0.18909235160999802,0.8307849098460397,0.0029878460593033237,0.05661155645731299,0.0011817841858429963,0.3491582236375181,1.2781166857878359,0.10505193032008331,1.7369263024316512,116.85950906015933,,
TB16,1,1214,trough,0.007926,0.0879625472470198,0.33836458943459663,0.11449059538324315,0.2476345777359449,0.01829611311338586,0.15522285628994345,0.4437187950285049,0.18544774322983243,0.846633306338412,0.002878098052179968,0.058781502671214444,0.0011198089387390764,0.33084763237430437,1.2471082573442838,0.08876385165245138,1.8327737820022505,114.95356529764831,,
TB16,1,1216,trough,0.003045,0.0779136650269775,0.3233994638075047,0.10458721319098152,0.23140011568431587,0.018209668108912336,0.13964875506376187,0.43186929401509805,0.1778327084729016,0.8631753814785526,0.0027539139001411302,0.058903653264442274,0.0010628440850207659,0.314017362201186,1.2244744256847682,0.07689819811425924,1.9655186650945742,114.02584597328678,,
TB16,1,1218,trough,0.006411,0.08458300339286084,0.3392614523806346,0.11509833307141759,0.2261975498165495,0.01773188361553582,0.14358744355849204,0.4593774317967429,0.1841045754390929,0.8736330558966761,0.002622369291328429,0.058209931589129564,0.0010100214275832564,0.29841090422041877,1.20376224299782,0.07859756023363018,2.108602928325226,113.79438632354142,,
TB16,1,1220,trough,0.016793,0.11552502980842672,0.3858407711790506,0.14887310070404447,0.25661572525614673,0.016648958401841135,0.18293349740278067,0.5339656078401328,0.22426713795648706,0.8713760226252204,0.0025205720983615563,0.056401396747289397,0.000971739884667456,0.28710061958240785,1.1806665724410255,0.09991413801075621,2.203241738908137,113.90295868506655,,
TB16,1,1222,trough,0.032322,0.16337270677863902,0.44366600562363456,0.19683952454603093,0.30993474805948856,0.01558276851770396,0.24739524508118127,0.625402542761282,0.2695860920113305,0.8558521558031355,0.0024669490527031417,0.05568438953214978,0.000951449802943084,0.28110591346160435,1.154797846462076,0.13557499579265408,2.190638555711844,113.94881185470149,,
TB16,1,1224,trough,0.050802,0.20639056675032674,0.4914766961883164,0.24154934289618266,0.3515371895310943,0.015575710622389244,0.30333444009161475,0.6854402852030844,0.3011181496468975,0.8347423296179939,0.002468202108256607,0.055855687200154526,0.0009484389963215953,0.28021637042636294,1.1303859930625342,0.17053075584848731,2.0871750364748296,113.53056116797961,,
TB16,1,1226,trough,0.070062,0.23578572304555068,0.5235057365975206,0.27405825625051267,0.37515088886483455,0.016263372359173522,0.339487255503895,0.7188640305145858,0.31608050780311536,0.8160459045887463,0.002507441882289979,0.054743364395388495,0.0009536593353700305,0.28175871997780577,1.1111052365576748,0.19408500218630653,1.958032453441316,112.36899326276036,,
TB16,1,1228,trough,0.088271,0.25349727924661036,0.5398670236026982,0.2914564031736363,0.3898493348848506,0.0154538169987809,0.36056236440187306,0.7349553337100068,0.311708045546706,0.8022176547984191,0.0025565346809633825,0.052290817813173886,0.0009545800666117236,0.28203075009011247,1.091212700369508,0.20784676199569108,1.8521975523578367,110.31759208673611,,
TB16,1,1230,trough,0.104151,0.2642178595860486,0.5511463557230036,0.30376230542674765,0.3978269668951737,0.016037610850159756,0.37343124179408194,0.7436474439542876,0.3008158971049029,0.7917741410699463,0.002614656609350349,0.050342083702052905,0.000950408752473414,0.2807983350246432,1.0663367520135703,0.21613785977183686,1.769426002064492,107.3939629473607,,
TB16,1,1232,trough,0.117053,0.2706485444968113,0.5571400459720723,0.3104050308257629,0.40379241286457684,0.01624098974928051,0.381533052155708,0.7470963250437745,0.28905084061285435,0.78437361733837,0.0026726161959486953,0.048140892562949206,0.0009385184811350646,0.2772853534931593,1.0339468135504601,0.2215547418192948,1.713059967527333,103.75053249826306,,
TB16,1,1234,trough,0.126894,0.2769238768147234,0.5632057886531595,0.3172007603724274,0.409414104162811,0.016625001339325096,0.38942011313442243,0.7489228250116051,0.2865283381374229,0.7784837803080017,0.002736050618442036,0.046969069423627406,0.000922760345686316,0.2726296112290168,0.995614609103268,0.22632004390749183,1.6723900739941664,99.64348224824062,,
TB16,1,1236,decel,0.133992,0.2814822931045955,0.5653710832024136,0.3196444617214705,0.41793610713414014,0.016425096448622556,0.39675903851937955,0.7475797724762784,0.28673343738070456,0.77408594709031,0.0027914535576032172,0.04737041402142676,0.0009010509851365987,0.2662155790760661,0.9533136620190291,0.23001348689552237,1.6436731766432264,95.36808461346664,,
TB16,1,1238,decel,0.13886,0.2879434222982534,0.5689428807926171,0.32369600160460216,0.4304154241585576,0.016562723064847518,0.4075181951900113,0.7481914341143977,0.2900434723217255,0.7692082909274085,0.002847943963536268,0.046165608555521945,0.0008785962732787097,0.2595813328249198,0.9100324491439201,0.2346463648737812,1.6147668609166173,91.14692428940907,,
TB16,1,1240,decel,0.142008,0.29380010118043887,0.5703567393060495,0.3253068100718289,0.44592096606174103,0.016022447228481118,0.41870234061595035,0.7481491710070943,0.29780354529473146,0.765008499417073,0.002891314005063191,0.04517178367190442,0.0008521177716103253,0.2517582575816838,0.86751739363246,0.23851872864273405,1.5901555373324052,87.07399374153465,,
TB16,1,1242,decel,0.143829,0.30022221121122783,0.573178478980152,0.3285335687660005,0.46181744093298055,0.01591007675982914,0.43069794494301805,0.7487315435508453,0.3080125881280588,0.7607352789583226,0.002942518705858592,0.04512134275327079,0.0008280093955441545,0.244635436119959,0.8276465445769363,0.24256274390245602,1.5661069416977305,83.13810737477615,,
TB16,1,1244,decel,0.144562,0.30800325751985047,0.5777487774279967,0.33379364981954485,0.4778280278711308,0.0158062361076885,0.4437887961766805,0.7499253048084383,0.31828668362064627,0.7564700621876581,0.002990015039277298,0.045073358531465726,0.0008023991505017768,0.23706888736000958,0.7895998723385245,0.24719151835858966,1.5446190541632907,79.28685449599288,,
TB16,1,1246,decel,0.144347,0.31504940906319157,0.5818866216302981,0.3385920404323218,0.4922122546999807,0.015501139284776977,0.4554263583592561,0.751148820750852,0.3277478592288241,0.7529276063442556,0.003035616734475741,0.044852682031738256,0.0007753815012645362,0.22908652092835238,0.7535835061240354,0.25156447384332126,1.5287961502442264,75.46622020052746,,
TB16,1,1248,decel,0.143324,0.32189456351328793,0.5864224816454398,0.3438913269791961,0.5034176964325087,0.015106969097663403,0.4654426429883428,0.7517906625163893,0.33575104929580674,0.750048451029737,0.003077014432181089,0.0446098585012798,0.0007470070335544823,0.22070328238024514,0.7193432735685102,0.25561558159812503,1.5176687592837605,71.72643718274776,,
TB16,1,1250,decel,0.141737,0.32940731967226056,0.5923644638820512,0.35089565807026996,0.5107013988482788,0.014819482207299228,0.4743069376988243,0.7512333755489415,0.34367667665502155,0.7472788202407592,0.0031117167766180624,0.044418934090544274,0.0007196253701361692,0.21261336793232177,0.6873129320867187,0.26009018691789576,1.5088729844131679,68.3267094003968,,
TB16,1,1252,decel,0.139984,0.3379416708826779,0.5996125552463208,0.35953521640902214,0.5164291899863597,0.014674073270372179,0.48332122237687125,0.7497324711247416,0.35015180285269565,0.7437976202384372,0.0031446529457115078,0.044527296733996594,0.0006946801912423876,0.20524331301433354,0.6577735863193043,0.26579280487841106,1.4981595097063625,65.26739724783693,,
TB16,1,1254,decel,0.138593,0.3477652770221479,0.606747441106532,0.36814245728932454,0.5255701049908932,0.013787420368345182,0.494396138350202,0.7451317879508502,0.3558950292590102,0.7392746478684077,0.0031749416675409536,0.04465965004428319,0.0006735985091387755,0.1990147285039245,0.6313863228714691,0.27321419160696647,1.4844336492219647,62.68295589130139,,
TB16,1,1256,decel,0.138119,0.36040110767117384,0.6160376674638576,0.3795024077343104,0.5384127463981015,0.013075671692671653,0.5091200421884517,0.7458859472280441,0.3616311929790806,0.7322088766062671,0.0031837783728752844,0.04465846287956339,0.0006557669659363034,0.1937463977681822,0.6091915346542328,0.2829497233698045,1.4576926989824168,60.85423514991999,,
TB16,1,1258,decel,0.138984,0.37790829734740794,0.6288050410221563,0.39539577961487565,0.5576708995508484,0.012427416184607631,0.5299378083715967,0.7438349235222421,0.3658546979826368,0.7215528069972306,0.0032039645761188095,0.045375382811523216,0.0006481856397201005,0.19150649438634965,0.5923311575439337,0.2961195253756608,1.4141811454431956,59.77172650839202,,
TB16,1,1260,decel,0.141323,0.3965769204918431,0.6415988198945073,0.4116490456900244,0.580276195531465,0.01131166093941044,0.5523674334260119,0.7448264458351123,0.36701010426261116,0.7085972146339417,0.0032320539978610567,0.04614102581864731,0.000648741715870005,0.1916707871252725,0.5808667916875044,0.31143102372810316,1.361700301291962,59.303089382825426,,
TB16,1,1262,decel,0.144882,0.41723398973279446,0.6575222769234498,0.43233554465059776,0.5920008150576842,0.010808492952776305,0.57189644237152,0.7493490322483226,0.3695996878350552,0.6946709804892066,0.003265683227480993,0.04649638884034752,0.0006548658404026,0.19348016016372666,0.5751002920965992,0.3280377188708897,1.3084824792415264,59.24645677069202,,
TB16,1,1264,decel,0.149013,0.4325846395120557,0.6692835053204884,0.44794041049408023,0.5996655477059825,0.01050911095960938,0.5858608152367,0.7544144005971355,0.3719427418123464,0.6819183210283806,0.0032830333779304503,0.04555516211379963,0.0006587250403924168,0.1946203610813292,0.5725110883772708,0.3435974145135796,1.262867804755791,59.280652578687295,,
TB16,1,1266,decel,0.152788,0.4437515551658727,0.6770377630510928,0.4583801325972276,0.6081002159146284,0.009876192026162633,0.5968226864404672,0.7598556157584947,0.37411412545517225,0.6731929756642959,0.00327927539434015,0.044293042684552295,0.0006564657794940549,0.1939528622846322,0.5697525421650702,0.35535883738656093,1.2352879570725814,59.14503631484695,,
TB16,1,1268,decel,0.155218,0.45044705430552634,0.6820863943119841,0.46524184930552354,0.6119644711749062,0.009877710895554892,0.6030326569578033,0.7658849913490122,0.37552069981618497,0.6694594658944009,0.003269654741905975,0.04317302656765861,0.000649432127965682,0.19187476942914172,0.5659850666133309,0.3626645170150653,1.2288369155611734,58.68349552934524,,
TB16,1,1270,decel,0.155519,0.4486562831358195,0.6804927002948991,0.4630703151546433,0.6135683741321242,0.009935166586482358,0.602320258662912,0.7665944764553608,0.3772112637344208,0.6717100518574582,0.0032650948831797317,0.04220919717266724,0.0006389258114129768,0.18877067743970688,0.5595417309748534,0.36355806336201624,1.2450448997729153,57.81476011988707,,
TB16,1,1272,decel,0.153355,0.43982475787147624,0.6742053127881933,0.45455280379182555,0.6070472083682382,0.01021783493106776,0.5937002750746916,0.7643663874427027,0.37744742193199105,0.6802590310039861,0.0032584508806618763,0.04142586124851975,0.0006238306862064363,0.18431082159983375,0.5502663975225596,0.3575028027561101,1.286120644037273,56.56394045823254,,
TB16,1,1274,decel,0.148997,0.42755334445644244,0.6651976038432691,0.44248785215882674,0.595820088847017,0.010121268115329207,0.5806629000036257,0.760518879431357,0.37177581070479093,0.6922667727804974,0.0032399085561026363,0.04090788983641511,0.0006039535459711444,0.17843811907200488,0.5376396642141233,0.3472638410026373,1.3427309076183707,55.07504794723354,,
TB16,1,1276,decel,0.143318,0.4134137510134489,0.6545459941703932,0.42843045848450834,0.5818982144201252,0.009739007568416058,0.5649581899904517,0.75390711177916,0.3663441188318711,0.7041259946356679,0.0032148791185016776,0.04102726958341577,0.0005832852030577121,0.1723316556553893,0.5232978894941568,0.33618385650413873,1.3995559597353737,53.604396713897586,,
TB16,1,1278,decel,0.137643,0.40267974344036184,0.6466281981227274,0.41812802660744525,0.569942446428032,0.009567578654102904,0.5523685743964811,0.7466023062481568,0.36095171976363516,0.7117967430708058,0.0031918130017729762,0.041818306661907424,0.000566694930228121,0.16743005834157026,0.5104930761092333,0.3287307385936,1.437375125127384,52.45609885308659,,
TB16,1,1280,decel,0.138366,0.4274839405686781,0.6610427702213504,0.436977544061917,0.6089894997170977,0.006784060523050084,0.5844262943828641,0.7587305204740941,0.3734363324077136,0.6871373154211001,0.0031673045183178553,0.04147250341155959,0.0005750499617784617,0.1698985530206317,0.5115418561814776,0.35665139555380454,1.3320678907413026,53.64136982662603,,
TB16,2,1120,decel,0.138366,0.5335883332164044,0.738300094592729,0.5450870296756327,0.7278928886421583,0.011390386523530638,0.6973747176190956,0.72661298776878,0.4127164409469779,0.538425675151857,0.006497400667729702,0.0336240525943262,0.0006371208677465737,0.15351522587067917,0.3108511157146666,0.5418330778067102,0.888466588830534,23.62717550006346,,
TB16,2,1122,decel,0.14356,0.5681225326252992,0.7632677565264789,0.5825776681529643,0.7255250605966643,0.013030624431614624,0.7194539227455407,0.7421964810068157,0.43086305979327105,0.5137967166679742,0.005942450944268409,0.03220025232509554,0.0006428524932906579,0.15489626961692832,0.3166594733236017,0.5772826736072506,0.8384679854463536,26.066057771386113,,
TB16,2,1124,decel,0.145546,0.5683707738879247,0.7639499074018244,0.5836194610192561,0.7182857136537113,0.01316346854066619,0.7177229499394268,0.7420804730473118,0.4328614180387035,0.5138399785604256,0.005783404651863308,0.03152642228050742,0.0006362109972608211,0.1532959912164645,0.31719523248449655,0.5816549938023733,0.8460445828899704,26.50618458230747,,
TB16,2,1126,decel,0.142589,0.5448631520421254,0.7490038724024224,0.5610068008738243,0.7038887260344676,0.01410827239989687,0.698498533865059,0.7340414410130063,0.4211326303419875,0.5311737510966935,0.0060276162639908825,0.03129901406242418,0.0006185902498165951,0.14905024576870035,0.3111127655699556,0.5642291570930517,0.8946112046067752,24.7278922945261,,
TB16,2,1128,decel,0.134389,0.5027602419047361,0.7201839385751189,0.5186649053815706,0.6754148308723533,0.013900390472332713,0.6617613536057285,0.7226630334670587,0.3952559835662599,0.5608194927832472,0.006642647648776105,0.03203033744934263,0.0005855948371397795,0.14109995174098627,0.2956762207287199,0.5267095191959533,0.968277986479398,21.241522838710807,,
TB16,2,1130,trough,0.122509,0.46253781807050554,0.6945759548667665,0.48243575707908043,0.6236183245156126,0.014862953703523973,0.6171274847589868,0.6896931124175175,0.36311745425232816,0.5844698669011669,0.007557437211091802,0.03219188478904945,0.0005381314246530917,0.12966357152280547,0.2725699679182272,0.4834896821489493,1.0043848438449052,17.15708220936358,,
TB16,2,1132,trough,0.110418,0.4322133586695168,0.679091815327158,0.4611656936443349,0.5735360256833523,0.017810310247490635,0.578403560965463,0.6472500277146727,0.34085567847694975,0.5931759079991612,0.008665169264522831,0.03352443749503098,0.0005013711210866694,0.12080612140500653,0.250447807433651,0.45013284282865174,0.9884834017598678,13.9415766405873,,
TB16,2,1134,trough,0.103096,0.43088082294410746,0.6765497757071198,0.45771959900935416,0.5761315766726551,0.01675496136792126,0.5780184336611093,0.6469840018611426,0.3405040879139605,0.5902119486814084,0.008981498262614296,0.034052128767587404,0.00048661905187959625,0.1172515882684706,0.24165830867936905,0.4534443930163252,0.980093174233807,13.054791621631011,,
TB16,2,1136,trough,0.106265,0.4871701441133569,0.7124425646587272,0.5075744079375047,0.637843363303779,0.014839222981351763,0.639279840062443,0.707377774070162,0.38374847911723275,0.555464890073129,0.00783129134606322,0.034975885753196795,0.0005092266880198566,0.12269893200522401,0.2522353062825518,0.5190121762638131,0.927676087243999,15.667777711641977,,
TB16,2,1138,trough,0.125362,0.6097484801045419,0.7943643823223651,0.6310147719023925,0.6966993879300567,0.011727840668201095,0.7393314676956235,0.7863835892300552,0.44525505410423344,0.46517908377304823,0.005816412292648912,0.03129121504910444,0.0005674067064492884,0.13671749445153705,0.2891880191003851,0.6312139300526949,0.7236403927625752,23.50546824617777,,
TB16,2,1140,accel,0.164472,0.7078435633130665,0.8514839350012221,0.7250248915651655,0.7473140040912752,0.006329953746315731,0.8132956860426249,0.8775012784449008,0.5043117067794228,0.39443860548627474,0.0041712741926172355,0.025564383202523144,0.0006666127649521838,0.16062134260624802,0.36750449711684235,0.7143183737381825,0.584496928975221,38.50654145213775,,
TB16,2,1142,accel,0.225431,0.743075285843225,0.8713673957085495,0.7592811383038999,0.7633857810482877,0.004545823356037482,0.8381376428751218,0.9178001161469166,0.5450633852081217,0.3738335000487689,0.00343619371115673,0.021744621340563132,0.0008627633946187723,0.20788413015933116,0.5187314408277557,0.7401031496822593,0.5498259272019684,60.49837338458747,,
TB16,2,1144,accel,0.307278,0.7444127518864592,0.8729358126659622,0.7620169330347839,0.7571595632563738,0.004200041220973505,0.8379785966715644,0.9315045857461336,0.5579482911190495,0.3805983623736764,0.0032679957809727354,0.019709508809069756,0.0011797282497580633,0.28425728601259437,0.7531163424257413,0.7373944649411932,0.5683784687941618,86.98214595858008,,
TB16,2,1146,accel,0.406197,0.7321200593095547,0.8668732630567806,0.7514692542027103,0.7437612142705111,0.004192618336802734,0.827992472971441,0.9339171841471745,0.5551684105473625,0.3991637329668918,0.0034301163776498797,0.01878317919932114,0.001628617256627801,0.392417763512263,1.07279875460911,0.7235303051281856,0.6132335721760505,114.40362958796322,,
TB16,2,1148,accel,0.515946,0.7167624587562331,0.8589083406491881,0.7377235376367417,0.7304613418750536,0.004462447386426094,0.8158446870896412,0.9311269288145007,0.5483572183000727,0.42099617672022904,0.003796660445305666,0.018576577606659376,0.002207485993420929,0.5318970513161269,1.4710566170780597,0.7074083774165733,0.6704911718573876,140.09602885972708,,
TB16,2,1150,accel,0.628717,0.7020127079347371,0.8502992746165386,0.7230088564134118,0.7230761933747175,0.004810436078011571,0.8049374093044458,0.9259359858158025,0.5390425022470996,0.44185508913422034,0.004305390216467816,0.018806472172803797,0.0028937600980139615,0.697255823111534,1.9279565144832864,0.692669733480501,0.7316285974193066,161.9495070260018,,
TB16,2,1152,accel,0.736242,0.6878874679408117,0.8411499093139224,0.7075331699388199,0.7214197065155861,0.0053103805358775125,0.7954375576217785,0.9195959683394683,0.5251834081716953,0.4603776842869232,0.004937460644242003,0.01933315219244441,0.003655024941355366,0.8806837255538196,2.414755168214974,0.6796882378912363,0.791512710111835,178.36774589400738,,
TB16,2,1154,peak,0.830951,0.6732154281019547,0.8312917691331647,0.6910460054285468,0.7220541089772299,0.005897710930248712,0.7860321067874403,0.9128640660687348,0.5104424564379776,0.47664415347965006,0.005665247041017599,0.02000826665323791,0.0044388307102879165,1.0695428977262869,2.894826034538003,0.6676846372414671,0.8474517896158257,188.79016042593867,,
TB16,2,1156,peak,0.906964,0.6593406230667043,0.8219941510481052,0.6756743843572953,0.7236263845311411,0.006657543801055099,0.7773893977523524,0.9067064146410676,0.4965367664558283,0.4901919075628566,0.006085689190831456,0.020796611323297975,0.005177074947330272,1.2474239506544795,3.3232239160672306,0.6571018482291595,0.8960944124375744,204.9766117753461,,
TB16,2,1158,peak,0.960739,0.6467481733857281,0.8139309779563226,0.6624836368769358,0.7232560870658596,0.007513527653210339,0.7692089046564372,0.9011019712596962,0.48474232572981735,0.5013986463655499,0.006218569337213801,0.021568481090227964,0.005805478944800429,1.3988388335963478,3.663921440450114,0.6476573069385618,0.9367628184057936,224.94544287305325,,
TB16,2,1160,peak,0.991296,0.6347779222435808,0.8066400831059661,0.6506682236732,0.7201071256593368,0.00840234870515899,0.7608169919810687,0.8959511546178187,0.47406457073413116,0.5113926711078147,0.00639087363002841,0.022326840997814294,0.00627870055247585,1.5128622876485145,3.901379119534003,0.6382862725042171,0.9716773261950558,236.72229733038694,,
TB16,2,1162,peak,1.0,0.6229121902129982,0.7994397732402837,0.6391039510384762,0.7161528985851111,0.009255057335651684,0.7522630774070653,0.8907192813010366,0.4662453344388848,0.5206288768827405,0.006583256867392143,0.02318959897709606,0.006583256867392143,1.5862455871786028,4.031058110172979,0.6285992451007227,1.001610578234799,240.95149545744061,,
TB16,2,1164,peak,0.989996,0.610942963663611,0.7921614719423838,0.6275197976299242,0.711422259183317,0.010058013489359197,0.7433964782563993,0.8853287652374,0.4594079880701603,0.5294513727117923,0.006785407523936349,0.024084690793356237,0.006725955912246488,1.6206291354366056,4.06326034599087,0.6184139085076579,1.027750402487505,238.84035405679606,,
TB16,2,1166,peak,0.965439,0.5991246388088936,0.7850170365771724,0.6162517477164056,0.7055873364600233,0.010818031646811832,0.734285856393581,0.8799259446283823,0.4553042565530383,0.5379803121238708,0.0069822428988052685,0.02487340303690411,0.006719703268677026,1.6191225516179815,4.017893982793816,0.6078112549932804,1.050967702451818,231.89146741013974,,
TB16,2,1168,peak,0.930694,0.5902679693892199,0.779530127049362,0.6076672189775945,0.7022069113672181,0.011420369904947325,0.7276650259973972,0.8752724499941901,0.45383862262922126,0.5446391416262242,0.007155766635414228,0.025484073746465205,0.006586927117894143,1.587129939525763,3.9030508117228218,0.5991513504535708,1.0681446769308112,221.79733079485595,,
TB16,2,1170,peak,0.889659,0.5846051919610327,0.7760911356548168,0.6023174508419833,0.700349655740234,0.011975487101299476,0.7235244928721252,0.8709250026679694,0.4523555288308868,0.5494037082529191,0.0073045323739323,0.02604505940847157,0.0063618969497996085,1.5329085840003456,3.7372644156633235,0.5926730647564007,1.0796250253485329,209.8571825721301,,
TB16,2,1172,peak,0.845329,0.5813876743035165,0.7743946470034737,0.5996870693076347,0.6983593199049968,0.012518024037145858,0.7209667412185191,0.8663290451264115,0.45217259279099714,0.5529603575302954,0.007428968445282427,0.02650999825542457,0.006078019052036991,1.4645077800071284,3.544261636933835,0.5877217760519473,1.0878969282958337,197.13474229886197,,
TB16,2,1174,accel,0.799638,0.5788173872555507,0.7735211552582364,0.5983349776320367,0.693624282530995,0.01313408010489292,0.718130853599602,0.8609240278668014,0.45193012449391823,0.5563524074572598,0.007538298734441357,0.02668455874337888,0.005766594572981547,1.3894695860566648,3.3439450983404537,0.5829993645360124,1.0958961046384763,184.32137475640047,,
TB16,2,1176,accel,0.753564,0.576436020668686,0.7732312412983081,0.5978865525197223,0.6857567298634843,0.013798741700275285,0.7145912671008043,0.8548542608946818,0.4524784712548804,0.559882357771906,0.0076378242458890275,0.026865013029135645,0.00544087500214052,1.3109869683627637,3.142147721924387,0.5781335980000295,1.1045193337747767,171.64403449953534,,
TB16,2,1178,accel,0.707404,0.5729671647621335,0.7727552571764751,0.5971506874938801,0.6743793198340899,0.014505697683753871,0.7093617220195814,0.848752876773758,0.4524959696611507,0.5639549374745775,0.007725299069219979,0.027060460458977444,0.005107010592032318,1.230541839467176,2.9417920174608296,0.5724958922588931,1.1145227496541614,159.28727528103627,,
TB16,2,1180,accel,0.661118,0.5673830141218479,0.7709717632843929,0.5943974597818459,0.662409193212949,0.015228614039480837,0.7024672243489433,0.8427802082770713,0.4503754192053433,0.5688757832505477,0.007815862556974203,0.027250196795099966,0.004771465954694489,1.1496918573079018,2.7454087116325447,0.565476430001877,1.126031865465288,147.09724600799382,,
TB16,2,1182,accel,0.614643,0.559235314546723,0.766891699391898,0.5881228785961933,0.6517672129017502,0.015633916659850033,0.6940057246532989,0.8358652116236359,0.4473802037855259,0.575041324879881,0.007919286176520138,0.027542751476459272,0.004438762930788609,1.0695265661545674,2.554139656779653,0.5563179233951387,1.1394031695468565,135.0534053593874,,
TB16,2,1184,accel,0.568077,0.5462724744618398,0.7604968516115677,0.5783554613111067,0.6354350925271174,0.016442543263969878,0.6805231374928606,0.8278855923084788,0.4436877669428888,0.5837108745293376,0.008061613776647802,0.028016874020488268,0.004121190860008989,0.9930071007847016,2.3739156004958515,0.5428131183786784,1.156486133219093,123.17721095262095,,
TB16,2,1186,accel,0.521728,0.5295119865378429,0.7518128228823805,0.5652225206503736,0.6164761060245825,0.017394507182682983,0.663320841195077,0.8182995402249847,0.4375951729169529,0.5938485594703414,0.007826631760034064,0.028593811750914855,0.0038190187220324403,0.9201982722536802,2.2009430488778894,0.5262820803454998,1.1747137064486342,117.57270566280931,,
TB16,2,1188,accel,0.476028,0.5112067788769823,0.7409818935433042,0.5490541665590206,0.6000661311721847,0.01799013559740459,0.6453058266994127,0.8063013335980542,0.4285682135241068,0.6039320171442166,0.007538246676559883,0.02924665979337561,0.003529567303933094,0.8504545202003658,2.0312437247433635,0.5089920307214727,1.1908997508980723,112.81861110287718,,
TB16,2,1190,accel,0.431376,0.4915271934261274,0.7282337448266374,0.530324387104228,0.5851596966766185,0.018327010424066703,0.6263259515405903,0.7913349200362741,0.41655765419900614,0.6138493582581103,0.007259929052420517,0.029838687120045195,0.0032504494174066447,0.7832006480328977,1.8669347233158577,0.4909337524773193,1.2043218289420827,107.87993138469756,,
TB16,2,1192,accel,0.387986,0.4688507440360259,0.7130143059287954,0.508389400459122,0.5685943710728523,0.01868153883930118,0.604205113699366,0.772693286467836,0.4036808180294905,0.6242524220508855,0.006995408102160352,0.03071616356797717,0.002983249115401562,0.7188183356780932,1.711784010639902,0.470917101704622,1.216195707914686,102.75573993404396,,
TB16,2,1194,accel,0.345798,0.44239999036185707,0.6950791785762821,0.48313506449027904,0.5484336581350561,0.019230165462943982,0.5775788361370099,0.7490273468269494,0.38814126709566565,0.6355498795142329,0.006758556968200965,0.031865140247291875,0.002729929058344452,0.6577804891008183,1.5666084061973664,0.44794704024400356,1.2269292255631568,97.32558180624619,,
TB16,2,1196,accel,0.304512,0.4109015255956474,0.6735730651854245,0.4537006741432881,0.5226185567021734,0.0200118849162208,0.5444441091144457,0.7184153906441455,0.36895169342699563,0.6480446070781322,0.0065637340652299975,0.03320091669856135,0.002490970702012851,0.6002031157906671,1.4310703869385382,0.420864288518763,1.2361157694563074,91.44232685631141,,
TB16,2,1198,accel,0.263724,0.371114774914433,0.6456757326107835,0.416897151682472,0.48857871520532714,0.021102903890348745,0.5008102854099745,0.6813159326519046,0.3459063566078558,0.6620836542626772,0.0064195010772417245,0.03503926248966576,0.00226244927778609,0.5451405368791649,1.3046041904472467,0.3876091949172743,1.2419599763576306,84.91945562744513,,
TB16,2,1200,accel,0.223146,0.3221705817717979,0.6094203064204046,0.3713931098775398,0.4459154297733704,0.022488683418380062,0.44500681036829765,0.6390828199215876,0.3160264750042501,0.6764342120446153,0.006325841293569979,0.03707709367649173,0.0020426899572655193,0.4921891999590223,1.1852823927277265,0.34827379300278527,1.2392957519845456,77.80612524366006,,
TB16,2,1202,accel,0.182834,0.2665089524427984,0.5629728691511541,0.31693845140028243,0.4009837386851787,0.024189020568361252,0.38100818801028125,0.5917065892146028,0.2790870302947911,0.688543116279324,0.006311146715538337,0.03890278675345184,0.0018397957285526205,0.4433015321309654,1.0720519644403055,0.3052066494214216,1.2216761658324522,70.24104368221015,,
TB16,2,1204,decel,0.143355,0.21130246220695548,0.5089813061483642,0.2590619700084949,0.36104098118441014,0.02587316805109907,0.3178677291167914,0.5431013211941186,0.24291995586176196,0.6952204815751376,0.006403876165960481,0.041529556479655505,0.0016624805266044745,0.4005771690542215,0.9654813956491161,0.2636364922314669,1.185989848757017,62.552297807298594,,
TB16,2,1206,trough,0.105832,0.165761861705082,0.45671178799475637,0.20858565729336728,0.331825281645112,0.027227156120065488,0.2664975482899305,0.5010343430756135,0.21537230136685334,0.6942291573066303,0.006587562645081495,0.04481805565291864,0.0015095667857174752,0.3637323745115075,0.867995935339512,0.23024372345597177,1.1353570198461185,55.21501564513892,,
TB16,2,1208,trough,0.071839,0.1358573269161376,0.4166158450588179,0.17356876235407295,0.31882915049856647,0.028149197804915427,0.23513742598901757,0.4733041087585562,0.20282395784909993,0.6865562383325222,0.006612418268575132,0.048816461468718035,0.0013797175198413862,0.332444999714613,0.7821427116810127,0.20931533950459902,1.0803418085608598,50.27585766837001,,
TB16,2,1210,trough,0.043158,0.11874227617198585,0.3914066933583464,0.1531991996057146,0.316243391300214,0.028807401457446702,0.2193087966314487,0.4580070957610581,0.19867097961514607,0.6782135559572033,0.006428863972891515,0.051982377248617116,0.0012730912166387654,0.30675323250284303,0.7115581906208268,0.19806131960006435,1.0385948961501403,47.714998139068484,,
TB16,2,1212,trough,0.021454,0.10639372973240857,0.37377147250134946,0.13970511365582702,0.3134644546628153,0.02967444752284118,0.2077497938961829,0.44589887875274614,0.1928448498463293,0.6766032250767992,0.006196255117546925,0.055422922611381084,0.0011859509058030483,0.28575664429235076,0.6574220700502809,0.18882356022877678,1.0251040981715485,46.11763700353913,,
TB16,2,1214,trough,0.007926,0.09387388187962675,0.35760180873838776,0.12787905361296645,0.30541050178641643,0.031281239211984835,0.1942371368079976,0.4328577198376984,0.185062815448471,0.6855976573714708,0.00588796421543069,0.056482509197431356,0.001111244406725648,0.2677560016192612,0.6180805851170518,0.17620262719594826,1.0462351875414564,45.4751407825388,,
TB16,2,1216,trough,0.003045,0.08617829268836763,0.35035914679438357,0.12275153174248842,0.2896776415677207,0.03289099397754727,0.18175292984440117,0.42914393210750545,0.17846477611151837,0.7017494910972009,0.005521668287075405,0.058307467065332984,0.0010460786798428417,0.25205422227427793,0.5893421883851934,0.1657701616918752,1.0963601409360415,45.64820071938448,,
TB16,2,1218,trough,0.006411,0.09781660936507541,0.3730900670424108,0.1391961981257106,0.2780398754447643,0.032345049837885886,0.18696670394649456,0.4566897892113346,0.18619379944996622,0.7156198077235029,0.005142079345907456,0.056429681557136194,0.0009878495235530146,0.23802381998701908,0.5674895145565902,0.1732334917679611,1.1599963179021604,46.289410173427314,,
TB16,2,1220,trough,0.016793,0.1365590146092578,0.42868723437851014,0.18377274491909568,0.3002704787834645,0.030722867192280234,0.2296793961472453,0.5184709529768784,0.21565749915500676,0.7148048255854086,0.0048552444294847966,0.0543702332015672,0.0009464741234872106,0.22805435546601371,0.5499058505658393,0.2103586299974778,1.2031990981300338,46.97072593937628,,
TB16,2,1222,trough,0.032322,0.1928031428996867,0.4901722178811274,0.24026880318250346,0.34847640118951007,0.027387955814912324,0.29737102712348534,0.5915268714910591,0.24154629546958165,0.6976341878259213,0.004751575137870777,0.05290608467873501,0.0009329939185148225,0.22480627991884397,0.5378465575637412,0.26398350744478416,1.1986443095006614,47.311948858201504,,
TB16,2,1224,trough,0.050802,0.24971869041162154,0.5420438282759916,0.2938115117720927,0.4024541082933751,0.02460753143564587,0.3676926062921729,0.6495773531039442,0.25294155516414607,0.6704730443089242,0.0048095283342387005,0.05353747343255872,0.000937422867182815,0.225873441723701,0.5290454809480827,0.3151961978348239,1.1438824719033065,46.96374073019251,,
TB16,2,1226,trough,0.070062,0.30198378692353645,0.5825784214069714,0.3393976170890387,0.45744575558750433,0.02175564611041586,0.43297379507352113,0.6861724674558863,0.26590393486034053,0.6397989395601666,0.004937190316408078,0.052406466145977215,0.0009382070714196033,0.2260623969072992,0.5198777566552824,0.36080382969462144,1.0669278447525645,45.787661082460545,,
TB16,2,1228,trough,0.088271,0.3388594940342117,0.6077738156591633,0.36938901100089866,0.4993911564651049,0.018782716152711543,0.4786674548435226,0.7076085467013817,0.277554102609218,0.6144281355137401,0.005159820622256563,0.051514325196167075,0.000935302556891722,0.22536254978822834,0.5102652102941841,0.39429388455053815,1.0010581512017473,43.67643107904587,,
TB16,2,1230,trough,0.104151,0.36464717708276817,0.6257055246929564,0.39150740363128783,0.5279592701627237,0.017305896273830612,0.5097763598060829,0.7193669276576277,0.28571928782310163,0.5960930225468296,0.005482643971768694,0.05020854330080259,0.0009280642990879131,0.2236184807458941,0.4984627621282447,0.41614958226144383,0.952794798451868,40.78661352029303,,
TB16,2,1232,trough,0.117053,0.3816665406071085,0.6369942022490461,0.4057616136988987,0.5477242814999533,0.016125954341240922,0.530187388151391,0.7252317846311013,0.28706938236688234,0.5842407045335719,0.005908300436831338,0.049109487690700254,0.0009161847412437028,0.22075608351795847,0.4844808659223272,0.42943389634676155,0.9217435498549924,37.363720054214355,,
TB16,2,1234,trough,0.126894,0.39535827479736363,0.6464009722381673,0.4178342169104479,0.5644247238615601,0.015755836815181057,0.5468578056750397,0.7278080051116689,0.2902354055197899,0.5756538385041648,0.006436374921297758,0.047477611172963584,0.0008990519776489927,0.21662791850849425,0.46728442048761837,0.4390394270477058,0.8998238332912061,33.656820983451325,,
TB16,2,1236,decel,0.133992,0.4050993677328276,0.6517042969050112,0.424718490604455,0.5813520755069022,0.014669687815978827,0.560192907272396,0.7268304818833102,0.2978559803528443,0.5692955087108212,0.007069869177006862,0.045876362606308674,0.0008784413521672736,0.21166175747636082,0.44798800914716147,0.4466010609863533,0.8844095252503101,29.938567769364454,,
TB16,2,1238,decel,0.13886,0.4189298865465563,0.6609687789133936,0.4368797266982625,0.6006716676201844,0.014314098521400587,0.577440601033762,0.7262408256842418,0.30858029169938744,0.5618230758544066,0.007603006147290518,0.04525395634373954,0.0008570055402174674,0.20649676653071053,0.4271498904397963,0.45677236249085773,0.8680027465711309,27.159884199791122,,
TB16,2,1240,decel,0.142008,0.4299356822566577,0.6673800124193794,0.445396080976891,0.6216889364294282,0.01337272429511388,0.5927733463963304,0.7244831418919686,0.319677972461133,0.554955977764349,0.007949552257068044,0.04449360170612201,0.0008334215258966988,0.20081416301123164,0.4065187935276701,0.46657052732472726,0.8536281043323014,25.261065845901612,,
TB16,2,1242,decel,0.143829,0.44140485129105,0.6741958252603952,0.4545400107985454,0.6430215435180078,0.012163323665341563,0.6081793879875221,0.7223594444717079,0.3320598962010673,0.5476306049549914,0.008509220511665314,0.04375450861185836,0.0008097150674509563,0.1951020563967303,0.3866081372653983,0.47809550843822923,0.8396564782973015,22.928311251220293,,
TB16,2,1244,decel,0.144562,0.4500691028934607,0.6799166535200153,0.4622866557338565,0.6588166166989479,0.011772341286545474,0.6196386387385455,0.7213201850401169,0.3441171380243873,0.5412894037018977,0.009340231952903661,0.04280322878350076,0.0007861261848280657,0.18941827985257478,0.3690767719201318,0.48890533170621997,0.828613338610126,20.279826112207957,,
TB16,2,1246,decel,0.144347,0.45495304870852327,0.6833242246183779,0.46693199595030743,0.6694261452965514,0.011785790632948379,0.6266589857107007,0.7190328035284921,0.3549684329091152,0.5367539983019118,0.010269153286139704,0.042562439925865066,0.0007627296839152172,0.18378085796915256,0.3535363872003055,0.4974635898761708,0.8217026863460453,17.896398354205303,,
TB16,2,1248,decel,0.143324,0.46126021771919756,0.6880982149870863,0.4734791534684145,0.6790119849420859,0.012136376172786234,0.6343048440388233,0.7191302962009083,0.3655138471398507,0.5331620409251362,0.010033584573917531,0.04218391908161201,0.0007388264787097451,0.17802134492866797,0.3390582800619709,0.5044986194345373,0.81657103118803,17.742546905064955,,
TB16,2,1250,decel,0.141737,0.4633506052736036,0.6899077340920655,0.4759726815600482,0.6837199104660407,0.012583787125217849,0.6374129493789341,0.7210522738036923,0.37655814731687065,0.532408347558082,0.009785518471365854,0.041078273953906445,0.0007164158781181484,0.17262147720202337,0.32761817349959477,0.507442327948916,0.8171417451468801,17.640503945411183,,
TB16,2,1252,decel,0.139984,0.4663230947089494,0.6927104628244773,0.47984778530650163,0.6864714218704852,0.01348576496552667,0.6405559633550069,0.7234001354808864,0.3861075396080693,0.5322449791762774,0.0096195275578388,0.04091545201241803,0.0006974624844250603,0.16805462864768017,0.3184488264577077,0.5094885102080073,0.8188667458281151,17.470154083683155,,
TB16,2,1254,decel,0.138593,0.4711209471562239,0.6971230759067858,0.48598058296173824,0.6887148351243821,0.014788937292459503,0.6448371544799982,0.7232328349026713,0.39658106070695626,0.5329136350074347,0.009523129691644308,0.04016532932116585,0.0006838814751226868,0.16478226414645183,0.31266088930182534,0.5104562396199444,0.8224267221341133,17.303372891270556,,
TB16,2,1256,decel,0.138119,0.48030493562602417,0.7039461234266298,0.4955401446873799,0.6967319658703366,0.0151831649921087,0.6536794457141162,0.7208035247348432,0.4069685463196469,0.5317228322057203,0.009456595927813496,0.03980282814413735,0.0006754276561610515,0.16274530382531938,0.3091664859186625,0.5143730685894976,0.822617726100313,17.20971320627723,,
TB16,2,1258,decel,0.138984,0.49532691716160415,0.7140604425047858,0.5098823155501305,0.710190757900593,0.01454042392959054,0.6677402619240381,0.718401979886829,0.4175140792937333,0.5286012513097719,0.009433037611547089,0.03831726270959882,0.0006745653007042794,0.16253751798839425,0.30930431683614945,0.5215519105516216,0.8195729758566235,17.230665739043616,,
TB16,2,1260,decel,0.141323,0.5147736841085613,0.7266776776959669,0.5280604472616036,0.7264828478636761,0.01328672519437879,0.6851355303434417,0.717951329193654,0.4275295700740698,0.5229852331569356,0.009432223895725175,0.0375282431084607,0.0006799055095135719,0.16382424928704828,0.3122781205339356,0.532403221877948,0.8117666077863757,17.368570879800245,,
TB16,2,1262,decel,0.144882,0.5346782011391906,0.7394028784723792,0.5467166166932399,0.7358981044534142,0.012026132113125199,0.7004826597937406,0.7225357182763306,0.4318472324266919,0.5172278152809984,0.009411594895128338,0.03608943999096259,0.000686827752571803,0.16549217410384895,0.3181469369882983,0.5433437401227978,0.8037009424830579,17.583860753453337,,
TB16,2,1264,decel,0.149013,0.5539669707894119,0.7522694945209836,0.5659093923868561,0.737773950076219,0.011732300788694028,0.7133542488390352,0.7302180633274095,0.43629854330973805,0.5118229795292711,0.00876771904225097,0.03557034079440511,0.0006953756207257848,0.16755179571852388,0.32535007259702625,0.5543744901186431,0.7972495160934113,19.11007810709998,,
TB16,2,1266,decel,0.152788,0.565945751065452,0.7600244780900344,0.5776372072960292,0.7395703234171731,0.011273083787195826,0.72144535634981,0.7348678104533733,0.4335510751542271,0.5103707017958438,0.007500644097365664,0.034957495014265934,0.0007019176710769061,0.16912811253398444,0.33208388232794983,0.5604834257002205,0.7996507809195248,22.548478549113497,,
TB16,2,1268,decel,0.155218,0.5685619034455535,0.7616770537089147,0.580151934146693,0.7379096260820257,0.011025140085140106,0.7226434077176768,0.7366909777096297,0.4317521492753429,0.5139706793050159,0.006767203341141486,0.03424477003652988,0.0007034665634238372,0.16950132046128008,0.3369346969480884,0.5603752279165726,0.8135639669761198,25.04746967344545,,
TB16,2,1270,decel,0.155519,0.56604084836809,0.7604662955655546,0.5783089866911973,0.733820903762584,0.011558161418773638,0.7200356161307392,0.7341958352038342,0.43060027971977277,0.5209091026327876,0.006454378132631531,0.03414366081548003,0.0006993514113343468,0.16850976841128254,0.3379629695545023,0.5561571935563339,0.8355768109672752,26.107824014732614,,
TB16,2,1272,decel,0.153355,0.5546887186704235,0.7527311115470093,0.5666041262907963,0.7291878989317692,0.011361124760126406,0.7114132760479663,0.7271128826743577,0.42474307040466425,0.5326510926436705,0.006398338941208778,0.033652651176323115,0.0006863707514982321,0.16538205901174638,0.3343629231586984,0.545303857524962,0.8686246039712415,25.847655232297257,,
TB16,2,1274,decel,0.148997,0.5375225169270232,0.7415066064602742,0.549832047424232,0.7193483750894438,0.011818543279725535,0.697584946413213,0.7202062363239373,0.4128631619051783,0.5459041057671133,0.006510437810747467,0.03407201118103711,0.0006671922395362672,0.16076096787386251,0.3266604952875658,0.5311035091577293,0.9042793818750416,24.692804469843395,,
TB16,2,1276,decel,0.143318,0.5191056973659397,0.7298698546519771,0.5327100047296981,0.7041508569621167,0.01294284052158734,0.6812675902347688,0.7153450439336896,0.40195687646632655,0.5580308622393357,0.006706209819381437,0.03386595699954773,0.0006460207089898968,0.15565965592759168,0.3171739522054501,0.5164851810961821,0.9353023312106273,23.211271361913532,,
TB16,2,1278,decel,0.137643,0.5048706562958305,0.7211805711267752,0.5201014161707417,0.689657749802765,0.01423707161068588,0.6676682904628578,0.7116305889768643,0.393537078890894,0.5647617775474527,0.006885444868200367,0.03437887264371288,0.0006280261703886798,0.1513238449415618,0.3077072549133907,0.5076021854059776,0.9515821393841672,21.977351912355516,,
TB16,2,1280,decel,0.138366,0.5336253573464658,0.7387823463122669,0.5457993552226583,0.7199967523500574,0.011821099335679541,0.6952230836593696,0.7252744989931987,0.4113463586336797,0.5376447626559631,0.006499712154869103,0.03356995178123967,0.0006366807112961935,0.15340916951572484,0.3106276186111006,0.5441420030574081,0.888827032489842,23.602455902728252,,
X5D_v51_frozen,0,1120,decel,0.138366,-156.74110581585086,0.7625550494838192,0.5814902034932701,10.747235403839385,57.62875424069014,0.0941282125332369,0.6306276529104161,0.40160113339794895,9.979513902722971,0.18705356257011543,0.9635906401007314,0.013579216646731016,3.5901594654696742,6.266220597102407,-149.98690214700045,17.10462278604272,19.19321618974209,9.97951390272297,0.10172229634760066
Tnull_Bscale,0,1120,decel,0.138366,0.5455774063228551,0.7468479480847338,0.5577818575583772,0.6478523892722633,0.0024043305709288143,0.6804604838663093,0.630627652889945,0.40160113339794895,0.5284596789153996,0.00937164161010128,0.04480382553722998,0.0006803374926974845,0.1798719434754565,0.33182427090504424,0.5766064743526006,0.9057659073970318,19.19321618974209,0.5284596789153996,0.7031551411349263
X5D_v51_frozen,0,1122,decel,0.14356,-134.03474441923257,0.778979641032117,0.6068092811425259,10.023717038819397,49.17638414632836,0.10366020276886037,0.670948198015134,0.41373261307298764,9.297296188834515,0.17139317692465741,0.903463180755061,0.013469613593575205,3.5611819147781594,6.22407683444347,-131.6049822135596,15.757195283515399,20.777851129649207,9.297296188834515,0.11025745719975014
Tnull_Bscale,0,1122,decel,0.14356,0.5661129652526977,0.7641350775811937,0.5839024167900169,0.6432777521556797,0.0031829584283105117,0.6937965178992661,0.6709481980006902,0.41373261307298764,0.5125408551856905,0.008766223876616127,0.04323970324593498,0.000688928523360634,0.18214329467750626,0.3431205802928176,0.5970014472093638,0.8686618326347331,20.777851129649207,0.5125408551856904,0.718092006775095
X5D_v51_frozen,0,1124,decel,0.145546,-131.77325688169833,0.780611799161569,0.6093547809902617,9.943946157160587,48.415915106203315,0.10468600699360699,0.676169134682534,0.4199494024623887,9.254180051899109,0.16568833935763042,0.8897932168559997,0.013475342914206085,3.5626966689225834,6.221294137888894,-129.12873935638427,15.827005986852503,21.502398314420134,9.254180051899109,0.11143905391160264
Tnull_Bscale,0,1124,decel,0.145546,0.5653833184327188,0.7653265002636984,0.5857246520058808,0.6360690488694778,0.0036338448322326133,0.6913710942467725,0.6761691346698546,0.4199494024623887,0.5157339538059188,0.008371000940419857,0.042114103544893575,0.0006808089733087445,0.1799965965112933,0.3467117135747301,0.5958442317921786,0.8820364774331688,21.502398314420137,0.5157339538059188,0.7152592219331099
X5D_v51_frozen,0,1126,decel,0.142589,-141.1960006271121,0.7701869504812446,0.5931879386915991,10.23860941092699,52.13816467633025,0.09983894123731622,0.653829691469819,0.4169058380375413,9.743854846760033,0.15987715984111867,0.9316554782599359,0.013579293242111962,3.5901797162425333,6.252908797868142,-139.39634782649958,17.12475529505095,22.455863738199696,9.743854846760033,0.10608864700666354
Tnull_Bscale,0,1126,decel,0.142589,0.5462094806458455,0.753917561794762,0.5683916899825587,0.6188947182749752,0.003951041064544469,0.6728215556277852,0.6538296914447244,0.4169058380375413,0.5343795258930883,0.007795822167293757,0.042665728816869475,0.0006621443324252265,0.17506192031598525,0.34292654102586195,0.5777265079230761,0.939168199806194,22.455863738199696,0.5343795258930883,0.6985070569661485
X5D_v51_frozen,0,1128,decel,0.134389,-168.43643465381146,0.7473967431747848,0.5586018917082752,11.067442395985797,62.49169426941627,0.08895334437666569,0.6026914394983358,0.40268156019593926,10.78570805157626,0.16630566853801879,1.0263695607957277,0.013740567911067226,3.6328185366070067,6.311286190817094,-165.8730401118581,19.59825959344742,21.84422556695063,10.785708051576263,0.09492469083186343
Tnull_Bscale,0,1128,decel,0.134389,0.505289113185956,0.7276165389634064,0.5294258277730863,0.5851516149196371,0.003840460004333246,0.6325247866199004,0.6026914394870717,0.40268156019593926,0.5689513470249448,0.007714579078617126,0.04454790207603377,0.0006373967806804131,0.16851900554739063,0.3329234170398803,0.5356567713067351,1.0338177282118155,21.844225566950627,0.5689513470249449,0.6581704756107332
X5D_v51_frozen,0,1130,trough,0.122509,-211.9013840956482,0.7192103640919939,0.5172635478173384,12.288972284276102,78.55925675372328,0.07666258298467037,0.5358593224460223,0.38204705410365114,12.138805249537658,0.1851262449685291,1.1480850713731758,0.013869796018973294,3.6669846838063296,6.372737341337984,-209.44914539801977,22.168679707871668,19.80802173365373,12.138805249537658,0.08151512969020978
Tnull_Bscale,0,1130,trough,0.122509,0.45051946631844564,0.6907991663029242,0.47720348816481506,0.5416150306414377,0.004428115513304631,0.5765979835353073,0.5358593224339061,0.38204705410365114,0.6065129237210708,0.0080503626253787,0.04621155145822129,0.0006031391578852055,0.15946175784729502,0.3184125189872834,0.4746177482352867,1.107653551420914,19.80802173365373,0.6065129237210709,0.5985978718155558
X5D_v51_frozen,0,1132,trough,0.110418,-267.1802032698883,0.6857269531656872,0.4702214542978966,13.687064327447333,98.61565120429344,0.06541588252897514,0.46415741015573014,0.3574926629283163,13.416136024562777,0.21246123596368605,1.2898922956582088,0.013942921837194833,3.686318151655631,6.419446356295952,-261.0590739980899,23.97421781844218,17.35054460610263,13.416136024562777,0.070290732362225
Tnull_Bscale,0,1132,trough,0.110418,0.3983261927785263,0.6467392532991721,0.41827166175797076,0.5194208025787916,0.0037354810856064513,0.5275555529091409,0.4641574101428897,0.3574926629283163,0.6305527234313973,0.008709381595964393,0.048938111516925405,0.000571559448442587,0.15111251387234953,0.3017112658572711,0.4211219157483508,1.1267781058480213,17.35054460610263,0.6305527234313973,0.5480655048142574
X5D_v51_frozen,0,1134,trough,0.103096,-285.9291827032084,0.679207460153383,0.4613227739280093,14.12977335351053,105.47278262559388,0.0627005404211185,0.4716720020003999,0.3551209384986211,13.844513772641823,0.21802027909123545,1.353792342766782,0.013967032692578572,3.692692732600058,6.431657936204672,-279.1660175003447,24.633433553335514,16.937381916912273,13.844513772641823,0.06758165945751489
Tnull_Bscale,0,1134,trough,0.103096,0.3935375510267819,0.6419125525573354,0.41205172513067384,0.5212460986672908,0.003953781009493673,0.5245860211172553,0.47167200198607145,0.3551209384986211,0.6312718538465449,0.008671618523934745,0.04988879684016248,0.0005555298797259245,0.14687451477765384,0.2932659604642808,0.41750407209425633,1.1232170028642656,16.937381916912273,0.631271853846545,0.5459362805171099
X5D_v51_frozen,0,1136,trough,0.106265,-244.81877945882985,0.7181689718581741,0.5157666721398269,13.164595131874409,90.42102197423321,0.0714274160796205,0.5749206842134083,0.37666084903765,12.588012240126744,0.21812568259004128,1.3015404069591725,0.013872500936894405,3.667699827170666,6.382869748566875,-231.27782232526764,22.329278222245872,16.81461707589915,12.58801224012674,0.07847195502670899
Tnull_Bscale,0,1136,trough,0.106265,0.46630602083248984,0.6950864024322896,0.48314510684626283,0.5787345968451979,0.0033013433503965572,0.6011956431530262,0.5749206842029286,0.37666084903765,0.5862609783587119,0.008918588809155364,0.04968588843064796,0.0005672102896902634,0.14996265568334685,0.2972691313091196,0.49617999309737626,1.039940559867611,16.81461707589915,0.5862609783587119,0.6233500665388865
X5D_v51_frozen,0,1138,trough,0.125362,-144.90941773725496,0.7936348225302541,0.6298562315326279,10.43537706509904,52.576080496652224,0.10194764305844359,0.7403416252217035,0.405248167385581,9.25736826648437,0.16629822122016194,1.0300976118639102,0.013376126185824117,3.536465120682339,6.214258548081258,-138.57308913186253,14.9003984039023,21.265802452573553,9.257368266484367,0.10955178538347868
Tnull_Bscale,0,1138,trough,0.125362,0.5957016702233835,0.7826196099726493,0.6124934539137418,0.6660405268956785,0.0032011010792910577,0.7205590044927882,0.7403416252186936,0.405248167385581,0.4831404662635735,0.007694213283798908,0.04530540180324366,0.0006188807494728663,0.16362361972123482,0.3243210906140788,0.6198338562631501,0.7776492438393928,21.265802452573553,0.4831404662635732,0.73733548292555
X5D_v51_frozen,0,1140,accel,0.164472,-70.4333964523196,0.8356919288351092,0.6983809999201452,7.658018010620529,24.587644286030155,0.15195357271488524,0.8246929950131813,0.4187782412855336,6.059903260614508,0.1105141377069167,0.685213026651021,0.012480355266668847,3.2996355208635633,5.92710816614673,-65.49681291910201,9.056172867238486,29.85713492706418,6.059903260614509,0.16355206941116254
Tnull_Bscale,0,1140,accel,0.164472,0.6916165084311945,0.8340464632112206,0.6956335027951459,0.7782411441978402,0.0009027607337662724,0.8080475673932933,0.8246929950114853,0.4187782412855336,0.4006686285695896,0.006776015402369834,0.0409042713158232,0.0007652150328337841,0.20231240613642124,0.3918884837235515,0.7093032827859612,0.5987759551193924,29.85713492706418,0.4006686285695896,0.817329989705385
X5D_v51_frozen,0,1142,accel,0.225431,-29.54552570947476,0.8531336775109707,0.727837071703393,5.3772079562014055,9.806114702069777,0.23098800347517007,0.8593078049768834,0.42870161333506257,3.8510137840570864,0.06901860468989625,0.4147260696410752,0.011261761988836461,2.9774560973530875,5.520880050815275,-26.88105945991565,5.628749689665929,43.13990569254383,3.851013784057086,0.247813775780432
Tnull_Bscale,0,1142,accel,0.225431,0.7314831170554612,0.8554567515033157,0.7318062536926055,0.8482067449980366,0.00027057404281782826,0.8438605922891492,0.85930780497588,0.42870161333506257,0.36848990017650296,0.006330906303542296,0.037792946510010104,0.0010330136386335132,0.27311470088314593,0.5282735022226059,0.7447238130300107,0.5385951667714867,43.139905692543834,0.36848990017650296,0.8488116003663297
X5D_v51_frozen,0,1144,accel,0.307278,-11.526111362394175,0.8612647588529074,0.7417769848419568,3.7962771459863576,3.6535906346093396,0.34298939622154384,0.8746280080441764,0.4417255140182398,2.4662228998022586,0.041639773179515505,0.2434386857960677,0.009833207374201961,2.5997657632862032,5.005788713272654,-10.257259645649375,3.637418840839605,62.43467638688162,2.466222899802259,0.36506857937121184
Tnull_Bscale,0,1144,accel,0.307278,0.7432695164223942,0.8622359513723217,0.7434508358389327,0.8659862980033596,0.0001672543166854057,0.8533052090721018,0.8746280080432969,0.4417255140182398,0.36621309331528434,0.005940033665056538,0.034693795289182386,0.0014027353748165034,0.37086407960498735,0.7433169845747926,0.7517805743210656,0.5401257143034285,62.43467638688162,0.3662130933152844,0.854625922708418
X5D_v51_frozen,0,1146,accel,0.406197,-4.13815090730059,0.8669047458414172,0.7515238383623721,2.757186577421071,1.3165093428628323,0.4819674595254345,0.8847384614398498,0.4577452842940131,1.5993236744828092,0.02558787049187813,0.14371560276168446,0.00833316204018642,2.203174259177167,4.405863333328574,-3.5300950367879658,2.423862998903489,86.10229053162038,1.5993236744828094,0.5079357245219097
Tnull_Bscale,0,1146,accel,0.406197,0.7470231861922787,0.8644860877204588,0.7473361958622248,0.8549071722661747,0.00022125404866568665,0.8538624940525439,0.8847384614391843,0.4577452842940131,0.3759108394756534,0.005664253541605715,0.031512283969890635,0.0018446686532152957,0.487705204084095,1.0355701042080379,0.7497326017432433,0.5697135540661811,86.10229053162038,0.37591083947565346,0.8509809090806072
X5D_v51_frozen,0,1148,accel,0.515946,-1.1212668122631384,0.8720884073667116,0.7605381902634074,2.068411909435511,0.45061508092438896,0.6297280586800907,0.8933909675325797,0.47415883722703794,1.047319072974965,0.016554852949990272,0.08738054289770573,0.006912973605457439,1.827695828842215,3.7656065981909244,-0.8392989094330303,1.6484654521562883,110.40242002531885,1.0473190729749653,0.6550279895287867
Tnull_Bscale,0,1148,accel,0.515946,0.7497972110377993,0.866765644922833,0.7512826832184947,0.8337757402143501,0.00039713836802057756,0.8524381519456089,0.8933909675320486,0.47415883722703794,0.3888873166369627,0.005610264767125434,0.028872453407554757,0.0023427337211587096,0.6193868072734299,1.3982335309918625,0.74640432283243,0.6121031525156996,110.40242002531886,0.38888731663696263,0.8452722846273593
X5D_v51_frozen,0,1150,accel,0.628717,0.09023309167097293,0.8751790028504433,0.7659382870302962,1.6063567585923093,0.1410842848676116,0.7555353643110659,0.900559630364666,0.4892785260554086,0.7028557590843673,0.01102515118049557,0.05584102192592027,0.005733919752635596,1.5159700894177797,3.179649184874875,0.21552637624674886,1.1550656740333818,137.50107047054917,0.7028557590843675,0.7750503689921828
Tnull_Bscale,0,1150,accel,0.628717,0.7507908539069553,0.8686549007076041,0.7545613365233376,0.8124483910785723,0.0006113108917038534,0.8499358148487726,0.9005596303641356,0.4892785260554086,0.40213029905449094,0.005553027755439005,0.026755481817997192,0.002887998088422967,0.7635472607255341,1.8191972692488405,0.7432091622104045,0.6608566536208267,137.50107047054917,0.4021302990544911,0.8397810434657769
X5D_v51_frozen,0,1152,accel,0.736242,0.5534629932760333,0.8758271608562033,0.7670732156934378,1.2958203266673771,0.037215963089312076,0.8356123731664806,0.9066521769668902,0.5014868305546039,0.5102512652481784,0.008049767130057176,0.038668198164363225,0.004950640058613158,1.3088816335250153,2.8019355902613365,0.6059401051231543,0.8759791191176212,162.5986953880638,0.5102512652481789,0.846402381404384
Tnull_Bscale,0,1152,accel,0.736242,0.7500100433991885,0.8697953275603921,0.7565439118458899,0.7943453035428121,0.0008411623224480191,0.8468035107501787,0.9066521769664331,0.5014868305546039,0.4147350367106101,0.005631756026290511,0.025175779730300357,0.003463553234973125,0.9157161826187034,2.2774286690354244,0.7396632322067518,0.7120006492257717,162.5986953880638,0.41473503671061035,0.8346009065135593
X5D_v51_frozen,0,1154,peak,0.830951,0.7124565592816715,0.8741580224120988,0.7641522481474314,1.08669470186286,0.0065238487538042955,0.868547316828193,0.911815004164847,0.5085701594721327,0.43011662255160515,0.006414096240397926,0.029945512616211797,0.004651486231856618,1.2297894464937391,2.7643818222932537,0.7307342980912805,0.7688685926235255,191.7323034144938,0.4301166225516051,0.8707707270639793
Tnull_Bscale,0,1154,peak,0.830951,0.7475801660221517,0.8695797450735987,0.7561689330422648,0.7826412426345865,0.0010304638137749178,0.8435631885369276,0.9118150041644669,0.5085701594721327,0.4256060641901788,0.005559003463160622,0.024140516345054812,0.004031375131055205,1.0658405386809342,2.7353922299618767,0.7363521713459865,0.7608056011522297,191.73230341449383,0.4256060641901787,0.8307222818518459
X5D_v51_frozen,0,1156,peak,0.906964,0.7535124661486972,0.871739563056869,0.7599298657985808,0.9505072791571915,0.00021304655022258423,0.8705203054590479,0.9160071506176627,0.5128186642847593,0.41489553824095476,0.005570197896475269,0.02580088143598669,0.004728792664730715,1.2502282117734322,3.0044189919849864,0.7567486178560793,0.7673468155224937,224.44951418414712,0.41489553824095476,0.8667447302172457
Tnull_Bscale,0,1156,peak,0.906964,0.745823070301483,0.8688973385581756,0.7549825849534809,0.7793470099549267,0.0011402532990479886,0.8419810687744893,0.916007150617296,0.5128186642847593,0.4330122483624564,0.005348279005005177,0.023514962232924635,0.004540395691112777,1.2004186243946857,3.1356090939371444,0.7350413209432541,0.8008535624940768,224.44951418414712,0.43301224836245644,0.8294838728490864
X5D_v51_frozen,0,1158,peak,0.960739,0.7546249341457124,0.8689733327027342,0.7551146529484969,0.8650408947686333,0.0004742547346789916,0.8596870570498277,0.9185506086584209,0.5145116585588846,0.4234299210329421,0.005320725733820871,0.024072224401414967,0.0049848245231862,1.3179195391901013,3.3291709539700243,0.7519698190764571,0.8043362241440483,247.69544703513384,0.4234299210329422,0.8529123989827216
Tnull_Bscale,0,1158,peak,0.960739,0.7436630787783747,0.867538607162902,0.752623234918148,0.7798566044616265,0.0012720225420668196,0.8407299483401036,0.9185506086580919,0.5145116585588846,0.4379461103550917,0.0052956213745821564,0.023299544052753772,0.00496130502005215,1.3117013037059373,3.443302888094421,0.7346721792618222,0.8319107915715344,247.69544703513387,0.43794611035509184,0.8296125178385686
X5D_v51_frozen,0,1160,peak,0.991296,0.7454152837264496,0.8655572326292013,0.7491893229567212,0.8165753439377625,0.0013748138104909824,0.8473868370276646,0.9186220164806592,0.5136173320596397,0.4354681153106771,0.005342852482026647,0.023420453037608154,0.005261961316512371,1.3911907232115586,3.592447661589071,0.7415648611107283,0.8439748999585251,260.3835175856948,0.43546811531067714,0.8400056480285799
Tnull_Bscale,0,1160,peak,0.991296,0.7406104881919304,0.865072785919085,0.7483509249378071,0.785181553227362,0.0013578276848735804,0.8396720078727178,0.9186220164803044,0.5136173320596397,0.4413962005223918,0.005361163384075497,0.02331292765556494,0.005279994990205518,1.395958580297205,3.641352128087914,0.7344807449417536,0.8554640422116453,260.3835175856948,0.4413962005223918,0.8306889183160564
X5D_v51_frozen,0,1162,peak,1.0,0.7365829804532692,0.8615287329195375,0.7422317576459437,0.7959231284292377,0.0013446818521368753,0.8388727385319097,0.9157253687803373,0.5083150709496806,0.44410950910680946,0.005544498677719909,0.02380235520965093,0.005503696287061812,1.455102148681159,3.7297820920115328,0.7339810651554511,0.8733681172397387,262.44070623163134,0.4441095091068093,0.8324522454879687
Tnull_Bscale,0,1162,peak,1.0,0.7365829804549819,0.8615287329444531,0.7422317576888747,0.795923127369442,0.0013446817510289755,0.8388727383567208,0.9157253687798829,0.5083150709496806,0.444109509104197,0.005544498607780251,0.023802355090031962,0.005503696217636844,1.4551021303261458,3.7297820919895925,0.7339810651585809,0.8733681172346012,262.44070623163134,0.44410950910419683,0.8324522451574802
X5D_v51_frozen,0,1164,peak,0.989996,0.7288012973080945,0.8561200933444784,0.7329416142281583,0.7963797476769638,0.0005714080195896587,0.8341081407567799,0.9082718757171102,0.501203523762432,0.4498791205899747,0.005719327574750223,0.025264942175878713,0.005719327574750223,1.5121121168321812,3.750890154860505,0.729060357970968,0.8944032999138942,264.3863456095569,0.44987912058997465,0.8297080091735742
Tnull_Bscale,0,1164,peak,0.989996,0.7292940916732793,0.8561990041632244,0.733076734730097,0.8066136203897502,0.0013239327728551409,0.836129425263075,0.908271875716582,0.501203523762432,0.44880555358074015,0.005648828785142189,0.0247347190279168,0.005648828785142189,1.493473199477816,3.7419392350662277,0.7303519262501028,0.89226894463535,264.3863456095569,0.44880555358074015,0.8322938138139843
X5D_v51_frozen,0,1166,peak,0.965439,0.7203241518895673,0.8495428672792582,0.7217230833450633,0.8121589233045815,1.3721883942441337e-06,0.8314803204606354,0.8969864856495932,0.49181306146378867,0.4550740921738678,0.005961492890190834,0.02743299699856732,0.0059030801930963295,1.560693800092896,3.699095217274986,0.724507588849116,0.9132904962776378,261.7957999515347,0.4550740921738679,0.829616756589134
Tnull_Bscale,0,1166,peak,0.965439,0.7191313465385865,0.8495074155378385,0.7216628490537778,0.8144489737479744,0.0013024081744580362,0.8312725763428129,0.8969864856491528,0.49181306146378867,0.4559362620908776,0.0057713820220526655,0.025821487955697064,0.005714832094697131,1.5109235732891835,3.706103413679344,0.7234627204475363,0.9150207894429114,261.7957999515347,0.4559362620908777,0.829669389870025
X5D_v51_frozen,0,1168,peak,0.930694,0.7102430167903482,0.8432664999867875,0.7110983899999667,0.8412999214118052,0.0008515057783269331,0.8304163070135352,0.8831494222263266,0.4819407800396217,0.460256213849691,0.006466011269317167,0.03014106862688968,0.006060170029884445,1.6022262079737075,3.5929817912516335,0.7193939890317571,0.9297108762930549,247.792053128127,0.4602562138496909,0.8315618172057244
Tnull_Bscale,0,1168,peak,0.930694,0.7089649512088453,0.8430098035383544,0.7106655288617749,0.8223140807494146,0.0012722647111729213,0.826503855061171,0.8831494222259192,0.4819407800396217,0.4628447966706013,0.0060848591657332776,0.026932967575681543,0.005702941058458536,1.5077797456725508,3.613189516124882,0.7162287323087089,0.9349397760457733,247.79205312812698,0.4628447966706012,0.8269630038335849
X5D_v51_frozen,0,1170,peak,0.889659,0.6948906488750739,0.8373806575099142,0.7012063655717362,0.881671506354058,0.004354037405327471,0.828753675288658,0.8665515020327332,0.4715571511546052,0.46807021174485225,0.0070252972546091435,0.0335744392391225,0.006212334764999218,1.6424564862213487,3.4703108433036576,0.7105394961793794,0.9493131034712414,233.79174242680892,0.4680702117448522,0.8334754018184849
Tnull_Bscale,0,1170,peak,0.889659,0.6990365650359065,0.836894626567569,0.7003926159776707,0.8281931997041414,0.001280336112304603,0.8216179271007791,0.8665515020322117,0.4715571511546052,0.4691272240862639,0.006358979598006696,0.02816727228010103,0.005623122922051444,1.4866769202745145,3.4781476192784258,0.7092306805970798,0.9514568751556056,233.79174242680892,0.46912722408626384,0.8241915342203964
X5D_v51_frozen,0,1172,peak,0.845329,0.6687379513409553,0.8312645896269367,0.6910008179676396,0.9324903408000692,0.012016213926119401,0.8239423532348826,0.847865525592215,0.46262572843413924,0.4826672522278648,0.007662932159235646,0.03775797174896085,0.006383468156803355,1.6877018182922128,3.3694400066717964,0.6926946819996125,0.9813602943065334,220.24230193113908,0.48266725222786483,0.8326431444624076
Tnull_Bscale,0,1172,peak,0.845329,0.688660662699718,0.8306110760352193,0.6899147596323849,0.8334229904690671,0.0012461900698835793,0.8164099654184506,0.8478655255915047,0.46262572843413924,0.47538662484605354,0.006588056069016752,0.029417406458942627,0.005488061913887326,1.4509686338916608,3.3186148531924298,0.7018956420550493,0.9665573040535763,220.24230193113908,0.47538662484605343,0.8211597567657897
X5D_v51_frozen,0,1174,accel,0.799638,0.6268392587285867,0.8249039773288828,0.68046657181301,0.9926509402572731,0.025488269512724426,0.8144258272548197,0.8282267627047332,0.4537842003240983,0.507528171243081,0.008425136511189672,0.04253995535761091,0.006591606813666586,1.742730837160364,3.31661372070572,0.6606201925574413,1.0338079635796866,206.8489732891321,0.507528171243081,0.8270119141083658
Tnull_Bscale,0,1174,accel,0.799638,0.6778924239479958,0.8241794812225448,0.6792718172682631,0.8369169842817843,0.0012171493360831898,0.8107083663761102,0.8282267627044854,0.4537842003240983,0.4821183916635121,0.006790212276185915,0.030533565883984752,0.005312484782472619,1.4045484377443174,3.1505649605210504,0.6937521206598163,0.982049590408355,206.84897328913212,0.4821183916635121,0.8173366276444504
X5D_v51_frozen,0,1176,accel,0.753564,0.5628968722006755,0.8180902620048978,0.6692716767872423,1.0618806220214057,0.04694106494958805,0.7989897485026498,0.8076801582377707,0.44489406130909365,0.5453221364691916,0.009327773820456227,0.0480540343527009,0.006851106839689094,1.81133910072604,3.3217185538303897,0.6086930709132252,1.1130332162523378,194.18771676835604,0.5453221364691911,0.8153462064401117
Tnull_Bscale,0,1176,accel,0.753564,0.666621569713612,0.8174430710052129,0.6682131743344335,0.8374612217501423,0.0011908782615748237,0.8041867079240158,0.8076801582388494,0.44489406130909365,0.4895055754271204,0.006958105829927213,0.03155308122798251,0.005110622036969941,1.3511786841461526,2.9817233582842992,0.684698113869875,0.9991084692045689,194.18771676835604,0.48950557542712,0.8123854060999498
X5D_v51_frozen,0,1178,accel,0.707404,0.4691400896503074,0.8108381386165185,0.6574584870351006,1.1410709972990374,0.07926465643116465,0.77707210395014,0.7862785011892942,0.4357605335906715,0.5980208396311283,0.010431068485244758,0.054548389207634655,0.007162711882483145,1.8937232192638687,3.3822255045037966,0.530091259920761,1.2234105878634387,181.54642757284455,0.5980208396311283,0.7970729978382372
Tnull_Bscale,0,1178,accel,0.707404,0.6549922472022633,0.8104308420127899,0.6567981496855596,0.8364946740358066,0.0011265791435722816,0.7971556755376247,0.7862785011984669,0.4357605335906715,0.49739853165574976,0.007125679556193488,0.03257317808362975,0.004892997270616302,1.2936416674557802,2.813136078512753,0.6749202749774641,1.0175609104035932,181.54642757284455,0.4973985316557499,0.8066324095680615
X5D_v51_frozen,0,1180,accel,0.661118,0.33395589734270303,0.80238801109251,0.643826520344994,1.2311234047243234,0.1260565852496649,0.7478749663453557,0.763401738197842,0.4275140920441866,0.6684339150141823,0.011775633855975454,0.0623587648690527,0.007525227613612931,1.9895674286432494,3.495902937642936,0.41386212480072315,1.370976005772373,168.95629169326276,0.6684339150141824,0.771275742473583
Tnull_Bscale,0,1180,accel,0.661118,0.6416806173631646,0.8022971304771391,0.6436806855718517,0.8333155670286515,0.0010379248025867982,0.7886585864907375,0.7634017382077662,0.4275140920441866,0.5065923719178709,0.007302617481115034,0.03367034604206579,0.004666743157325111,1.2338231692635915,2.649473225992149,0.663333329737252,1.0390346315566277,168.95629169326276,0.506592371917871,0.7993575400201779
X5D_v51_frozen,0,1182,accel,0.614643,0.13899944202153758,0.7924717253610764,0.6280114354967612,1.3361055742719663,0.19347423179355527,0.710942916308355,0.7393964021638775,0.41839396395199513,0.7596742810763293,0.013395745214354953,0.07181960193296785,0.007933704822896064,2.097563225270407,3.6543011974405406,0.24391272324604651,1.5613792034085032,156.5842878993135,0.7596742810763296,0.7375059486210405
Tnull_Bscale,0,1182,accel,0.614643,0.6265917772373664,0.7928244875942875,0.6285706681291445,0.8249156605214579,0.0009490475119365849,0.7779228776640237,0.7393964021771489,0.41839396395199513,0.5170818557727269,0.007478821670836207,0.03484355220014527,0.00442937385043046,1.1710659656538414,2.487346079490607,0.6497035948652746,1.0627723962426605,156.5842878993135,0.5170818557727273,0.7897013910747871
X5D_v51_frozen,0,1184,accel,0.568077,-0.13777563899195222,0.7809561255331727,0.6098924700077847,1.4584626044793085,0.2886530799857461,0.6669047129786688,0.7137612841285573,0.40806748365154777,0.8741838058833992,0.014717680066626278,0.08317397874243684,0.008373479781683738,2.2138337195148736,3.8469046863839167,-0.00062115904983151,1.7984235108355175,150.42001928924583,0.8741838058833992,0.6960542449674715
Tnull_Bscale,0,1184,accel,0.568077,0.6097795696908537,0.7817872702466935,0.6111913359197766,0.8005019793399374,0.001061525892478099,0.762330981278114,0.7137612841430968,0.40806748365154777,0.5290898718941258,0.007343302098298732,0.03605052950220137,0.00417789973504943,1.1045796432728547,2.3282955987167533,0.6334585745378939,1.088475511162998,150.42001928924583,0.5290898718941258,0.7748671697206793
X5D_v51_frozen,0,1186,accel,0.521728,-0.5236042056940469,0.7676782785104573,0.5893299392967793,1.5997534509298537,0.42058505243405797,0.6171652652807381,0.6868392393524166,0.39661222148092745,1.01387699943637,0.0158848842528278,0.09716220709358689,0.008828971082331735,2.3342593999501418,4.062611173380111,-0.34626087393770044,2.0850755974646336,146.94846766255796,1.0138769994363703,0.6479683443093405
Tnull_Bscale,0,1186,accel,0.521728,0.5895052945244328,0.7686607479362731,0.5908393454179508,0.7636707138425372,0.0013091504532614096,0.7409314238335863,0.6868392393693274,0.39661222148092745,0.5437118861064734,0.007058655586754451,0.037504698347221165,0.003923268502538832,1.0372586222313205,2.1786567648972097,0.6128347797718215,1.1181636297127837,146.94846766255796,0.5437118861064734,0.7538643256473208
X5D_v51_frozen,0,1188,accel,0.476028,-1.0578937745303443,0.7530741128584628,0.5671206194575608,1.7643874218250934,0.6022597850948692,0.563573083002107,0.6576990161928459,0.3850367868172518,1.1803570024728451,0.01731139248043252,0.11406628005404713,0.009284621505588106,2.454727150230341,4.288765338512007,-0.8272846653452786,2.421868739903913,141.7983650364913,1.1803570024728447,0.5951430464303822
Tnull_Bscale,0,1188,accel,0.476028,0.5653762000539042,0.753420350226116,0.5676422241348432,0.7262425183450071,0.0015273895351811673,0.7157381128571423,0.6576990162139073,0.3850367868172518,0.5605964682615137,0.006846361668416353,0.03917717845450285,0.0036719100935099563,0.9708028910299437,2.036897902020569,0.5878264082834224,1.1502376478800367,141.7983650364913,0.5605964682615133,0.7285844432404011
X5D_v51_frozen,0,1190,accel,0.431376,-1.7977507565816646,0.7365819696743742,0.5425529980493806,1.9565602203152395,0.8519568225942993,0.5074455936262946,0.626023575323235,0.37298335348802103,1.3767744117258178,0.018912361392590088,0.13479853846241605,0.009732156342859085,2.573049250389383,4.517991488318649,-1.4931453820250353,2.812014986032461,136.05118879536167,1.3767744117258176,0.5391746450047943
Tnull_Bscale,0,1190,accel,0.431376,0.5370905123648694,0.7353146202119027,0.5406875906973748,0.691084711402809,0.0016407934992447304,0.6870623829258764,0.6260235753444315,0.37298335348802103,0.5792721214477463,0.0066583044050599885,0.04118890514877734,0.0034263124579345136,0.9058702296698047,1.9009261734030574,0.558645775184013,1.1831436382231915,136.05118879536167,0.5792721214477461,0.6996022061940116
X5D_v51_frozen,0,1192,accel,0.387986,-2.807529143933054,0.7180582544393525,0.5156076567684899,2.1783976931098956,1.1905455245649468,0.4510452731261796,0.5915173391393812,0.35923575864158513,1.60583993622824,0.020475796622596094,0.1598377629900318,0.010161760112931949,2.6866306212190363,4.7433112348090996,-2.4070075399669064,3.2568573421203917,131.21006575413048,1.6058399362282405,0.482035464758011
Tnull_Bscale,0,1192,accel,0.387986,0.5051174063508501,0.7140850448340692,0.5099174512556747,0.6581245822689207,0.0016684715343190382,0.6550851530038712,0.5915173391560565,0.35923575864158513,0.599067013633176,0.006421282193063216,0.04350746711447144,0.003186763888411627,0.8425368587776517,1.7695171430621994,0.5258460209347129,1.214987719358872,131.21006575413048,0.5990670136331762,0.6673241178087929
X5D_v51_frozen,0,1194,accel,0.345798,-4.210637317825416,0.6964297546890188,0.4850144032162069,2.4398058706776986,1.6562914392418482,0.3947414175696143,0.5547132645877471,0.34310057827028423,1.8740458244673852,0.02229291366798988,0.188856787422142,0.010570298626132972,2.7946426257650163,4.961609679444661,-3.672601086388802,3.760339070604237,125.36013315198943,1.8740458244673857,0.4248641925381223
Tnull_Bscale,0,1194,accel,0.345798,0.46924872873975865,0.68873314974116,0.47435335155237907,0.6294312438966814,0.0015879067758329812,0.620287554716906,0.5547132645962511,0.34310057827028423,0.6190116434528193,0.006226687162747953,0.04591566638919104,0.002952415451025663,0.7805783318178666,1.638857557134354,0.4902045799285558,1.242068703787497,125.36013315198943,0.6190116434528194,0.6327968401298456
X5D_v51_frozen,0,1196,accel,0.304512,-6.154372573131839,0.6714469368454538,0.45084098899914277,2.7474371778277744,2.295478081477148,0.34023923622284563,0.5158868459525046,0.3241731989863846,2.1876685097542317,0.024297233575630777,0.22141858445617826,0.010950900775990705,2.8952686372970433,5.169306149303263,-5.434299228687126,4.3221524980320325,119.16042327554896,2.1876685097542317,0.36905069504440513
Tnull_Bscale,0,1196,accel,0.304512,0.4299568544865562,0.659070727300873,0.43437422358490174,0.6045233422250469,0.0014419518797350594,0.5829635383723825,0.5158868459409317,0.3241731989863846,0.6382544332496887,0.006041747665603742,0.048207803830603836,0.002723049889348665,0.7199372091574018,1.5081501387924354,0.4523212340079159,1.2609922301985659,119.16042327554896,0.6382544332496887,0.5966820432085005
X5D_v51_frozen,0,1198,accel,0.263724,-8.922834571675788,0.6410754304454438,0.41097770752081103,3.118934605459087,3.194026187997304,0.2872437936591642,0.47204825480130863,0.3027454619011716,2.558350095965755,0.026652102454835184,0.25835637064096345,0.0113009601681368,2.987819560732852,5.366963307558278,-7.9385001426996755,4.944127408507224,112.10446026897989,2.558350095965755,0.31485561545266066
Tnull_Bscale,0,1198,accel,0.263724,0.38578317859406375,0.6232346402560058,0.388421416815033,0.5848658464162517,0.001166073880251639,0.5427328663789543,0.472048254744182,0.3027454619011716,0.6564497991763883,0.00589674338079808,0.05059909177969052,0.0025003228987675575,0.6610512340490485,1.3771148800116508,0.41149827383135107,1.2686189624848312,112.10446026897989,0.6564497991763882,0.5590130394540296
X5D_v51_frozen,0,1200,accel,0.223146,-12.890773834825607,0.6041630243905702,0.3650129600407608,3.5692722354979898,4.463914161072305,0.23692238049680722,0.42205597122513555,0.27698332606183196,2.9952038829584535,0.029375215361779783,0.3059120845788956,0.011614716255489519,3.0707723860807903,5.552305792007596,-11.540390871459213,5.614354830318152,104.5361658888869,2.995203882958451,0.26317417006012295
Tnull_Bscale,0,1200,accel,0.223146,0.3361081052206344,0.5804700933352476,0.336945529256631,0.5717360658636682,0.0007611408001222952,0.4999470792521834,0.42205597108609066,0.27698332606183196,0.6727419597171271,0.0057893723006609025,0.054203611621683676,0.002289069739282854,0.6051987832144149,1.2470834124902734,0.3673619265918169,1.261020023573448,104.5361658888869,0.6727419597171266,0.5204441991316933
X5D_v51_frozen,0,1202,accel,0.182834,-18.56713911426819,0.560906981257987,0.31461664162394776,4.114393436801095,6.254489766163818,0.19086287272046734,0.36857704933001517,0.24681654555504598,3.501510419179912,0.03264160000654243,0.3592211736505096,0.01188385472528644,3.141928922573346,5.720630685912398,-16.73439021100628,6.30258186533312,96.2553588654846,3.501510419179911,0.2154686806279794
Tnull_Bscale,0,1202,accel,0.182834,0.28188305195148156,0.5326627753895204,0.2837296322856667,0.5719937098620339,0.0002996579277039779,0.4590360216708874,0.36857704936218566,0.24681654555504598,0.6849294049010003,0.005754645774329971,0.058037035913286406,0.002095098719545421,0.5539154941518758,1.1190108559717113,0.3214262787667608,1.2328461519681817,96.2553588654846,0.684929404901,0.4856401263153564
X5D_v51_frozen,0,1204,decel,0.143355,-26.549232133647976,0.5152907772219593,0.26552458509001087,4.766076901847491,8.745574041429041,0.15131454353921434,0.31746262655183033,0.21669791636006777,4.068659061505845,0.03711506430856654,0.41671724873999094,0.012101103593877468,3.1993665570279393,5.864423312505792,-24.143038368124323,6.96125538666087,86.20129364263266,4.068659061505846,0.17401421075181076
Tnull_Bscale,0,1204,decel,0.143355,0.22468005788699508,0.48511846751329635,0.23533992752244917,0.5882681211105293,2.0018598224924578e-05,0.4240161898421055,0.3174626266424929,0.21669791636006777,0.6906164569452934,0.0058978146031323205,0.062114522970514036,0.0019229406393218775,0.5083992484544162,0.9954304818578648,0.27558237840835653,1.1816073694923337,86.20129364263266,0.6906164569452935,0.4587011673097063
X5D_v51_frozen,0,1206,trough,0.105832,-37.52608345295806,0.4744896988156322,0.22514047428214934,5.53337088618345,12.15894505933619,0.11994970798808688,0.2802731763300369,0.18822522972720562,4.675218538926931,0.043480760795638694,0.4920023237260614,0.012267409760671694,3.243335636718998,5.977539895142024,-34.450835380931395,7.550136911146749,74.59243070660159,4.675218538926929,0.14096819516346804
Tnull_Bscale,0,1206,trough,0.105832,0.16756023076636206,0.4453009249315184,0.1982929137448658,0.6203892931554364,7.674629118942233e-05,0.3989429320543275,0.2802731763767973,0.18822522972720562,0.6874908882940516,0.006283469360546162,0.0680767547659465,0.001772781615453637,0.4686992528735938,0.878997244322946,0.2334216775630955,1.1102476362479,74.59243070660159,0.6874908882940515,0.4436034670367113
X5D_v51_frozen,0,1208,trough,0.071839,-51.859113147277434,0.4415523043647543,0.19496843748982462,6.39284731593568,16.63616927001828,0.09649748142106684,0.25593363092056204,0.16794324665709698,5.300361325878163,0.0514681034431522,0.5759773358942062,0.012403797620124024,3.2793947244651096,6.066715721907619,-48.144284770836606,8.09862419228025,63.71703064767644,5.300361325878165,0.11539549647916146
Tnull_Bscale,0,1208,trough,0.071839,0.11132412481281018,0.41579215702651884,0.1728831178447653,0.6630005895976084,0.00044698389770014835,0.3828711607031624,0.2559336309490909,0.16794324665709698,0.6798275423064513,0.006822290240389066,0.07428008799241559,0.001644169918578809,0.434696076334214,0.7781206196188989,0.19153806481325752,1.0387344262401341,63.71703064767644,0.6798275423064515,0.43628549294764285
X5D_v51_frozen,0,1210,trough,0.043158,-69.40047856375443,0.41974894296479803,0.17618917512006527,7.3016003152519815,22.216789428623507,0.0800949364472192,0.2428374892535751,0.15664802453364438,5.937297871563944,0.06093018811467573,0.6608740172309266,0.012535867360816447,3.314312160572381,6.138480716025114,-65.26363245850794,8.678820068645948,54.39523925865069,5.937297871563944,0.09627426794086018
Tnull_Bscale,0,1210,trough,0.043158,0.06229774333167648,0.39743925953689835,0.15795796502123804,0.7052365107041002,0.0009210738634760074,0.37414735508885905,0.24283748923388881,0.15664802453364438,0.6720027468224421,0.007434797859504223,0.07928915602072384,0.001529646349455112,0.40441760840743624,0.6947732776288824,0.15113298096449845,0.9822971748209689,54.39523925865069,0.6720027468224422,0.43237264434062606
X5D_v51_frozen,0,1212,trough,0.021454,-89.54487221109912,0.4030977216314004,0.16248777318442598,8.206346055680383,28.816675421445325,0.06809247565150787,0.22702953161592673,0.1511794632186531,6.610875141122417,0.07021465176537847,0.7548847950196481,0.012688555249272595,3.3546807534201415,6.201724798690537,-85.42112498045411,9.402995492812215,47.777503257151686,6.610875141122421,0.08169819476610346
Tnull_Bscale,0,1212,trough,0.021454,0.021902744572655286,0.3829484479202595,0.1466495137645357,0.7343732413670391,0.0012473837427686707,0.3650992565675009,0.22702953155776875,0.1511794632186531,0.6697034951869882,0.007886890597065125,0.08370240597340126,0.0014252473603404469,0.37681594119007805,0.6282552136003146,0.1131153527774652,0.952554512426425,47.777503257151686,0.6697034951869887,0.4253024531358993
X5D_v51_frozen,0,1214,trough,0.007926,-111.72664932089675,0.3891757926048718,0.15145779754963018,9.079276402793244,36.360258503250066,0.058992082952960614,0.2060154633151835,0.14988571951751165,7.355971540544671,0.07996965924073053,0.8416950862751894,0.012870319733385325,3.4027368011363124,6.261061101031483,-107.9422853170302,10.368629689769342,42.55034763738513,7.355971540544671,0.07034878694612569
Tnull_Bscale,0,1214,trough,0.007926,-0.007741318583857071,0.3692339805061161,0.13633373236039092,0.7471023403226079,0.0012905535938423363,0.3537851623545478,0.20601546313144226,0.14988571951751165,0.6762716207394439,0.008257716683810607,0.08600806777750371,0.0013289972096595117,0.3513687155871764,0.5756109733439412,0.07921395947584098,0.9532405021551006,42.55034763738513,0.6762716207394439,0.4127674593140622
X5D_v51_frozen,0,1216,trough,0.003045,-134.9794547428867,0.3780346503681646,0.14291019687898043,9.893396944395196,44.58024535317432,0.052140786656179126,0.18628240801903265,0.14864893764314202,8.16889644133965,0.08919838630201579,0.9304130683444903,0.013066488857116606,3.454601238881055,6.315288101092766,-131.49537282782123,11.594925766909467,38.72941408585757,8.168896441339651,0.061750740935424056
Tnull_Bscale,0,1216,trough,0.003045,-0.023338454638257344,0.35667430783574655,0.1272165618701089,0.7431355708526395,0.0012027086957542288,0.3412492476240046,0.18628240773972354,0.14864893764314202,0.6895484417846574,0.008453903638089982,0.08717246034696025,0.0012383950233384878,0.3274147346415247,0.5330826630990514,0.055931529708300065,0.9787445651434922,38.72941408585757,0.6895484417846575,0.3970734082185887
X5D_v51_frozen,0,1218,trough,0.006411,-155.5287659360372,0.3818286612670956,0.1457931265650224,10.554955374396354,52.182051941218106,0.048972667398351995,0.19569975180916643,0.14875550978043725,8.932085485297486,0.09650318649890818,1.0016342092306871,0.01324177222668873,3.500943768408358,6.353665640712023,-151.86656765220926,12.918043301831053,36.27801210945472,8.932085485297488,0.057524454082842826
Tnull_Bscale,0,1218,trough,0.006411,-0.0096265939329363,0.3600425761345727,0.12963065662961956,0.7322432824742414,0.0007238847628076028,0.3430776925523297,0.19569975159801575,0.14875550978043725,0.6997288330360901,0.008426960044545557,0.08573053302507017,0.0011563129625211026,0.30571335854191484,0.4977385238413731,0.06186289747437401,1.0119839739082919,36.27801210945472,0.6997288330360902,0.3948681530199012
X5D_v51_frozen,0,1220,trough,0.016793,-164.23976281518418,0.40890178432727387,0.1672006692260284,10.82696025951858,55.871021091904794,0.050859433313585625,0.2487250893195412,0.15607052543312633,9.39344660512142,0.10062215933523304,1.047795839772675,0.01335681197277162,3.5313587064750647,6.368190113947152,-160.27828159646964,13.958162308893531,35.09523876057938,9.39344660512142,0.05837072846596989
Tnull_Bscale,0,1220,trough,0.016793,0.03657284369007818,0.39073848379886206,0.1526765627214336,0.7311626923652085,0.00021507725333202998,0.3722840803878374,0.2487250892591741,0.15607052543312633,0.7036875883210031,0.008316522890201303,0.08351663075578494,0.0011039539724206093,0.29187035648943843,0.4770577330806259,0.09492258609699888,1.0456423489098496,35.09523876057938,0.7036875883210032,0.41534043855127034
X5D_v51_frozen,0,1222,trough,0.032322,-158.19873376669497,0.460690192735909,0.21223545368304897,10.663499378374114,54.31365394183469,0.0581287068930016,0.32979323386227727,0.16945876965229362,9.371248628311907,0.10630212792742248,1.0350835032140937,0.01337808715712241,3.5369835747177394,6.351306976747163,-154.32438904652852,14.21517627711119,33.2729329476133,9.371248628311903,0.06496851408468034
Tnull_Bscale,0,1222,trough,0.032322,0.10409968616297904,0.4502617639572162,0.20273565608186386,0.7642831811691967,2.6519451064022093e-05,0.43446181471495454,0.32979323386913995,0.16945876965229362,0.6926239262261985,0.008671184589122019,0.08197368165634501,0.0010912656731384756,0.2885157434102347,0.46942166934001134,0.15152370527237202,1.0506360033288156,33.2729329476133,0.6926239262261983,0.46917081913628544
X5D_v51_frozen,0,1224,trough,0.050802,-144.86310486869812,0.5141263460578923,0.26432589971083964,10.269720059292897,49.955822070698616,0.06750841741437721,0.406747325886865,0.18661875319401922,9.000790283449087,0.1105415107078281,0.9883699384519605,0.013324928254678502,3.52292908676398,6.313740872058956,-140.30858152828586,13.779281787731252,31.869738926179707,9.000790283449085,0.0747669549808625
Tnull_Bscale,0,1224,trough,0.050802,0.15523245819770137,0.5107725112957378,0.26088855829535457,0.8354439105542514,0.0002445826011721053,0.5025544605809661,0.4067473258854935,0.18661875319401922,0.6755041490118212,0.009181066788103548,0.08086083264973377,0.001106706932712726,0.29259820160067934,0.47384263165245244,0.20409122494586784,1.0341271960453555,31.869738926179707,0.675504149011821,0.5347875089971859
X5D_v51_frozen,0,1226,trough,0.070062,-130.6519061098413,0.5663330787515072,0.32073315608816083,9.832631978760702,45.108343961617834,0.07799683326715419,0.4766661176591991,0.20402530684908585,8.516729359801658,0.11688043685005786,0.9074386321846855,0.01322905343446331,3.4975810934113123,6.265784503516497,-125.96172126517608,13.007740983329557,29.924435497261584,8.516729359801658,0.08587828462053733
Tnull_Bscale,0,1226,trough,0.070062,0.2042970975831644,0.5676874224660974,0.3222690096262013,0.9098263642626409,0.0009128565493784491,0.5648798247430757,0.4766661176412755,0.20402530684908585,0.6520304726973581,0.009904228628286176,0.07707277233313195,0.0011210051338088767,0.29637845073728125,0.4797008639174121,0.2558458736012179,0.995856876950554,29.924435497261584,0.6520304726973583,0.5957274059735398
X5D_v51_frozen,0,1228,trough,0.088271,-119.33910444927002,0.6071604929728869,0.368643864227079,9.468098143924244,41.19153225944973,0.0872089118728531,0.5277897998650247,0.22355920590330905,8.111306590155927,0.11441346949972105,0.8425980918632817,0.01313420759907003,3.4725051495953974,6.222371118673748,-115.23283040230417,12.313164550390852,30.350492514378857,8.111306590155928,0.0955649629484842
Tnull_Bscale,0,1228,trough,0.088271,0.2655545168582688,0.6105748513798526,0.37280164913752906,0.9365371798627968,0.0009956926892373819,0.608941787584131,0.5277897998359101,0.22355920590330905,0.6213056984258922,0.009669262357015772,0.07204983386452932,0.0011099925531689954,0.29346687478617245,0.4766179888261844,0.3180416474277886,0.9431574575294732,30.350492514378857,0.6213056984258923,0.6396398731539629
X5D_v51_frozen,0,1230,trough,0.104151,-115.02916492482164,0.6389919357590956,0.4083106939651562,9.337876636110286,39.76688058878278,0.093258773709621,0.5586606948865601,0.2415341908333893,7.894152396108215,0.12282910111336684,0.8007420800161917,0.013076764488515972,3.457317975515564,6.193723122501514,-109.87582719068172,11.928689091674507,28.14738481497625,7.894152396108215,0.10214339592805922
Tnull_Bscale,0,1230,trough,0.104151,0.3227693509042816,0.6419712131104871,0.41212703846255044,0.9389638986049684,0.0011530323210450222,0.6403078360200107,0.5586606948523203,0.2415341908333893,0.5924037387721973,0.010146364686596372,0.06737468553782502,0.0010802132411500394,0.28559363130671395,0.4647978086283968,0.37560208797268324,0.8951689379651336,28.14738481497625,0.5924037387721974,0.6692289890065607
X5D_v51_frozen,0,1232,trough,0.117053,-113.14629436900772,0.6633390728228359,0.44001872553345955,9.288539035002016,39.192238706965455,0.0974379700478841,0.5828823061566368,0.25841307439397343,7.815425865771102,0.12477341211689741,0.7763989541021618,0.013053103917211808,3.451062443533422,6.1780777280079375,-108.01937863714969,11.785887505208157,27.658636443316936,7.815425865771101,0.10604828970964707
Tnull_Bscale,0,1232,trough,0.117053,0.37700582978292796,0.6660065162647453,0.4435646797071024,0.9229602138896785,0.0005336472010487592,0.6636807378286701,0.5828823061240948,0.25841307439397343,0.5687309283798341,0.009946647021162654,0.0629639081583986,0.0010405631696071777,0.27511069378833924,0.4495806040770445,0.42268598652542355,0.8576626351193692,27.658636443316936,0.5687309283798341,0.688948073743112
X5D_v51_frozen,0,1234,trough,0.126894,-114.86635470089196,0.6811251693920619,0.46393149637936504,9.363913245390188,39.93947742457608,0.09917400918751954,0.5955490589305821,0.26891829567991204,7.875418420934309,0.13442669352187533,0.768968564520035,0.013066003939811935,3.45447303336695,6.175383797535537,-109.53844742028174,11.887397486468815,25.697820446686816,7.875418420934312,0.10739438187665246
Tnull_Bscale,0,1234,trough,0.126894,0.41557656723821357,0.6826910659928382,0.46606709158643783,0.9067889952751411,0.0002706424396081708,0.6793352030676447,0.5955490589019126,0.26891829567991204,0.5530030117872532,0.01030028873950763,0.0599226902593126,0.0010011673256674007,0.26469497057689717,0.4336284952049842,0.45496915726637266,0.8347196632569006,25.69782044668682,0.5530030117872534,0.7012925684824628
X5D_v51_frozen,0,1236,decel,0.133992,-118.92359989795202,0.6940814354708478,0.4817490390652726,9.518737566465925,41.53079310670829,0.09924771018008739,0.6012682077947958,0.27994180315773337,8.026149720007913,0.14018961433707844,0.7698123045379164,0.01310086303854705,3.46368930309277,6.181302844040439,-113.37932463290156,12.14419521266912,24.70717477519065,8.026149720007913,0.10696021371687049
Tnull_Bscale,0,1236,decel,0.133992,0.4427472858675626,0.6941759913609412,0.4818803069819455,0.8917754637324963,8.74696328658775e-05,0.6896134903565633,0.6012682077719841,0.27994180315773337,0.5429892685503032,0.010302274667171074,0.057192075229828776,0.0009627581189828809,0.25454010078381484,0.4181807251372975,0.47650142106225823,0.8215854308350476,24.707174775190655,0.5429892685503032,0.7086507346327137
X5D_v51_frozen,0,1238,decel,0.13886,-122.92843966826867,0.7032197586000447,0.49451802888550517,9.665108761946607,43.10750318885013,0.0988453312800226,0.6025601741845175,0.2930464492484137,8.213654504900637,0.1462687253740792,0.7731456059567855,0.013143302823893002,3.47490980284884,6.191042073757987,-118.17976346142179,12.468859334856246,23.757025255821645,8.213654504900635,0.10567965091383054
Tnull_Bscale,0,1238,decel,0.13886,0.4639257437514015,0.7025186116007205,0.49353239964540396,0.8745808339383239,1.2475382477061814e-06,0.696256774830662,0.602560174163844,0.2930464492484137,0.5366357882925031,0.010343089192417979,0.05497245326991493,0.0009294013675364619,0.24572103116748983,0.40448922481715244,0.4912681571379096,0.814647871331406,23.757025255821645,0.536635788292503,0.712895312108615
X5D_v51_frozen,0,1240,decel,0.142008,-128.8843122799444,0.7103578884132471,0.5046083296309272,9.875525007939107,45.38863228073738,0.09749053677191347,0.6005717181774917,0.3054420607660669,8.440655907426317,0.15366989057893043,0.7819139748900633,0.013191773549104816,3.4877248007566366,6.2036894543144525,-124.19109105972103,12.858242085653533,22.69621451292187,8.440655907426317,0.10375737979002735
Tnull_Bscale,0,1240,decel,0.142008,0.4783647362613812,0.708211235102882,0.5015631535259496,0.8604769513204571,1.356892931725362e-05,0.7002844014900178,0.6005717181543981,0.3054420607660669,0.532396358694726,0.01046458632212879,0.05326499736140609,0.0008983311729221083,0.23750649595602313,0.3912991729758791,0.5019290811734913,0.8110366469973268,22.69621451292187,0.532396358694726,0.7151747185959003
X5D_v51_frozen,0,1242,decel,0.143829,-133.92595783554734,0.7163412845766944,0.5131448359889887,10.048789366964463,47.34451546107317,0.09641351908739633,0.600824921027356,0.31683791127574595,8.664871000847118,0.15102463864854443,0.787051003948461,0.01323783635125584,3.4999031766858817,6.216046885323493,-130.15909949948232,13.251369323638752,23.174385371850803,8.664871000847118,0.10185823743694222
Tnull_Bscale,0,1242,decel,0.143829,0.4916458111382558,0.7134119292125767,0.5089565807428105,0.8445262650987948,0.00011980052967075494,0.7032971392014965,0.600824920999543,0.31683791127574595,0.5292237522692281,0.009940752006225894,0.05163781899333989,0.0008713415866736446,0.23037081787827787,0.3796570839439771,0.5107251656039604,0.8093530065797663,23.174385371850803,0.5292237522692281,0.7166645270946519
X5D_v51_frozen,0,1244,decel,0.144562,-139.3184091789659,0.7213205508339776,0.5203033370554329,10.229723405800941,49.42898766367743,0.09516493646355548,0.6001513964627341,0.3252794613462939,8.898270272160374,0.15322453186839122,0.7934279527687624,0.013283928403743987,3.512089286004867,6.2288067001958956,-136.417499393944,13.668546122813634,22.921194427413866,8.898270272160374,0.09986226026686729
Tnull_Bscale,0,1244,decel,0.144562,0.5019821335544548,0.7177690622501043,0.515192426723394,0.8314175304714813,0.0002943188398739638,0.705584798196304,0.6001513964312021,0.3252794613462939,0.5275061158990791,0.009774793605623696,0.05016684085522701,0.0008474338725995225,0.22404994472234255,0.36925531913617254,0.5170681436017899,0.8102969964613461,22.921194427413866,0.527506115899079,0.7174778723342062
X5D_v51_frozen,0,1246,decel,0.144347,-145.67707641772606,0.7251232583474978,0.5258037397964921,10.437132961476012,51.879747683860145,0.09354235868430748,0.5970214518080895,0.33321600879671154,9.156235721931662,0.15994704516844938,0.8027314227405096,0.013333269082417014,3.525134287729124,6.242680644232124,-143.3758775311491,14.139884272619595,22.039383622352034,9.156235721931665,0.09766949633248687
Tnull_Bscale,0,1246,decel,0.144347,0.5092200252630479,0.7207475759115427,0.519477068182365,0.8197242146662684,0.000460667900133771,0.7065429961363991,0.5970214517754704,0.33321600879671154,0.5271365225015577,0.009894687839043513,0.04895052244638932,0.0008248263374015132,0.21807282110810144,0.35939932804548497,0.5214724769451673,0.8140517184577996,22.039383622352034,0.527136522501558,0.7173516878452497
X5D_v51_frozen,0,1248,decel,0.143324,-152.46563344690108,0.7274382683004209,0.5291664341879152,10.653160508645191,54.474837888614175,0.09172943412558525,0.5927859379765137,0.33813018395775085,9.430791250478052,0.17347215769141525,0.81242996223635,0.013383019463630276,3.538287609210781,6.2570747030161185,-150.95478850580338,14.644801104855128,20.396861699875444,9.430791250478052,0.09534177351891844
Tnull_Bscale,0,1248,decel,0.143324,0.5141924282318171,0.7224765714662488,0.5219723963176257,0.806104181427716,0.0007863909379413059,0.7056764726340176,0.5927859379463094,0.33813018395775085,0.5275930030253638,0.010418285936925587,0.048032707248514835,0.0008037492893791378,0.21250033740522847,0.35004367555595844,0.5244281049171364,0.819283810701252,20.396861699875444,0.5275930030253638,0.7159297071689708
X5D_v51_frozen,0,1250,decel,0.141737,-159.41331669506627,0.7284706039027651,0.5306694207504593,10.867897567599835,57.136006963669544,0.0898390862598344,0.5876697146265732,0.34472182142101926,9.709802690138739,0.1934797819137989,0.8383178966831641,0.013431503105531569,3.551106022114906,6.271376015511558,-158.71238873287547,15.16995212260604,18.35388683504425,9.70980269013874,0.09300998063391701
Tnull_Bscale,0,1250,decel,0.141737,0.5163510576900685,0.7226367561805226,0.522203881383108,0.7912308282656639,0.0011476769678179233,0.7027711681184624,0.5876697146007451,0.34472182142101926,0.5293473449193191,0.011304314033764659,0.04806163808475199,0.0007847534638945413,0.20747810052351912,0.3418953349251125,0.5253218142710314,0.8270172046657682,18.35388683504425,0.5293473449193193,0.7128722949839992
X5D_v51_frozen,0,1252,decel,0.139984,-165.70264949436668,0.729218004977818,0.531758898783829,11.057785748262113,59.555096765537684,0.08820815736180851,0.582700282476732,0.35113077960662503,9.964743425326597,0.21606650080431128,0.8682259197096486,0.013474397500410714,3.5624467144241363,6.283904326744448,-165.78432968709112,15.664977009259587,16.487732717301697,9.964743425326597,0.09100357236359014
Tnull_Bscale,0,1252,decel,0.139984,0.5175254677699155,0.7224238828435349,0.5218962665027294,0.7757369874302205,0.0015285116121430686,0.6990733986180675,0.5827002824592433,0.35113077960662503,0.53147824070525,0.012322493503160326,0.04828296122214392,0.0007684586691584803,0.2031699792907941,0.3351574921487541,0.5255461450947967,0.8355051471178849,16.487732717301697,0.5314782407052502,0.7091125477715805
X5D_v51_frozen,0,1254,decel,0.138593,-169.5695799515187,0.7305527822477225,0.5337073676498882,11.171727147734172,61.08516518867722,0.08733929594848626,0.5781031394619673,0.3547673688001937,10.140927126792425,0.23997720869073813,0.8939906956666883,0.013504796945603206,3.5704839126471373,6.29182810982317,-170.31908762110004,16.03970924700767,14.87842921470292,10.140927126792425,0.08991129960493134
Tnull_Bscale,0,1254,decel,0.138593,0.519194813638074,0.7229220800585889,0.5226163338362368,0.7605689968901761,0.0020042298512383816,0.6957833048994113,0.5781031394501808,0.3547673688001937,0.5326563639498596,0.013428031365114687,0.04882279607800687,0.0007556669150142664,0.19978801415866948,0.3304808565995454,0.5273445505578389,0.842492318453964,14.87842921470292,0.5326563639498596,0.7062870682019994
X5D_v51_frozen,0,1256,decel,0.138119,-170.6054502129982,0.7331638985299634,0.5375293021076545,11.201306202888096,61.56097621081345,0.08735183725135513,0.5775924174025758,0.35980959105637883,10.210761023510763,0.2537260309466687,0.9041539157126011,0.01351880228872235,3.574186734133416,6.293860447806795,-171.5691369111273,16.229275555796644,14.08679559128359,10.210761023510765,0.0899546741834926
Tnull_Bscale,0,1256,decel,0.138119,0.5222340444493994,0.7245577987419016,0.52498400371771,0.7442269088888027,0.002363085374339713,0.6929991871911506,0.5775924173910115,0.35980959105637883,0.5317503016041564,0.014005509699886813,0.04898685637582053,0.0007462289772914561,0.1972927522940451,0.32776814418334294,0.5319821760846923,0.8451791352026574,14.08679559128359,0.5317503016041565,0.704590320586791
X5D_v51_frozen,0,1258,decel,0.138984,-166.30364119553724,0.7399870192535233,0.5475807886637143,11.073851984958603,60.0624568547741,0.08921975392085275,0.5857864637457392,0.3655347658906073,10.108285146589697,0.2500863659034673,0.8795261502996676,0.01350636541179952,3.5708985936929927,6.286162598169421,-167.6439204175755,16.101318872973753,14.278661616728641,10.108285146589703,0.09189233900610377
Tnull_Bscale,0,1258,decel,0.138984,0.5313223408809751,0.7307929949808104,0.5340584015130228,0.7313957144072714,0.0027356973613406055,0.6952037714525499,0.5857864637335066,0.3655347658906073,0.5261277041493828,0.013716338083525475,0.047714590383237006,0.0007407755860604813,0.19585095011530848,0.32718945377202896,0.5431242972044971,0.8380600477295447,14.278661616728641,0.5261277041493829,0.7082078823115644
X5D_v51_frozen,0,1260,decel,0.141323,-157.5343518512764,0.750746494611792,0.5636202991718934,10.810080976931777,56.9077619232564,0.09287445369592341,0.5998814152367167,0.3731581757526167,9.852516117354913,0.23551935579702607,0.8553657028991293,0.013469180450876209,3.5610673977628444,6.269294576342403,-159.3038563586838,15.687416479341222,15.120062577072531,9.852516117354915,0.09562310900594558
Tnull_Bscale,0,1260,decel,0.141323,0.5454384483544108,0.7410591027336619,0.5491685937444201,0.7198251489628023,0.0032792645972663514,0.7012269406498267,0.5998814152232316,0.3731581757526167,0.5164104503597167,0.012899278414245466,0.04684433560481762,0.0007377003391487637,0.19503789682247238,0.3285992326268717,0.5596077103850968,0.822241315069469,15.120062577072531,0.5164104503597168,0.7158252397222211
X5D_v51_frozen,0,1262,decel,0.144882,-147.07651370311393,0.7624743353290715,0.5813671120355094,10.48555541078987,53.119575215165526,0.09746010856957563,0.6215901717844154,0.3817428139315785,9.514465176281794,0.22035011859756498,0.8280455098542704,0.013416063629127454,3.547024035370297,6.246315979672677,-148.87374608138353,15.119643892853558,16.097218635259196,9.5144651762818,0.10057726702839871
Tnull_Bscale,0,1262,decel,0.144882,0.5609633113156889,0.7524594662788067,0.5661952483925866,0.7124077795270318,0.003627799465235393,0.709469000046552,0.621590171764577,0.3817428139315785,0.5041010596518019,0.012087511562424288,0.045864315247833715,0.000735950700963635,0.19457531637656725,0.3309460327967173,0.5792811007889405,0.8010779761899287,16.097218635259196,0.5041010596518021,0.7266455869525175
X5D_v51_frozen,0,1264,decel,0.149013,-136.4265268519971,0.7739276647692945,0.5989640302952536,10.140979493682174,49.28383091675222,0.10251065360566602,0.6410405948517742,0.38925584930809015,9.176825229124063,0.20447714267998052,0.8074843582878767,0.013362536396733078,3.5328721660069546,6.222337289039311,-138.4556668401295,14.580675131857605,17.27758965967223,9.176825229124063,0.10584478715761096
Tnull_Bscale,0,1264,decel,0.149013,0.5756151078636553,0.7634009597941163,0.5827810254145779,0.7052020649942067,0.003778806194991602,0.7172819463965716,0.6410405948281835,0.38925584930809015,0.4933501645815235,0.011275245077002371,0.045095601531025466,0.0007368347911596708,0.1948090577526864,0.3345155921556446,0.5969473322043573,0.7838635144954472,17.27758965967223,0.4933501645815235,0.7364833822985927
X5D_v51_frozen,0,1266,decel,0.152788,-129.52239476500756,0.7809016639237146,0.6098074087188261,9.907601395114266,46.835554190412694,0.10598723358410168,0.6507571869524983,0.39389559926981793,8.942532097961278,0.19215095521087236,0.7906468236235413,0.01332962982217857,3.52417211701396,6.204837188071262,-130.72934571002705,14.266015409072173,18.340643236180767,8.942532097961278,0.10998475543440403
Tnull_Bscale,0,1266,decel,0.152788,0.5834536683774716,0.7695731290514216,0.592242800957996,0.6983209908714644,0.0037122653853086662,0.7206944784234202,0.6507571869306219,0.39389559926981793,0.4880962034740788,0.010653058159475924,0.044219748283772245,0.0007390091898534484,0.19538393907723245,0.3386688961801784,0.6075608027753753,0.7786595433588999,18.340643236180767,0.4880962034740787,0.7412705916241399
X5D_v51_frozen,0,1268,decel,0.155218,-126.73608371435454,0.7839159370486417,0.61452419635885,9.806750235856363,45.93906912697237,0.1074361198752203,0.6520615551122809,0.39729583849351313,8.86773511538423,0.18416124688008387,0.7852179463463006,0.013330937905845958,3.524517956474532,6.198492256867275,-127.00032244787187,14.27956072133266,19.13821727526374,8.867735115384226,0.1120897631856974
Tnull_Bscale,0,1268,decel,0.155218,0.5847320408682227,0.7712569454394854,0.5948372758886454,0.69003538881758,0.0035082937603372333,0.7193485232027526,0.6520615550899077,0.39729583849351313,0.4891040566476063,0.010210431083400376,0.04347497855525317,0.0007391056754375723,0.19540944854822295,0.3418807247267669,0.6106069736375908,0.7875958161890816,19.13821727526374,0.48910405664760603,0.7406817761944318
X5D_v51_frozen,0,1270,decel,0.155519,-126.54423533079633,0.784204293259175,0.6149763735661221,9.791267589085237,46.03202248934541,0.10746400817605516,0.6492507524496299,0.3989481436873662,8.947496784169564,0.17718589427404158,0.7942190286090749,0.013364774800178596,3.5334639693139147,6.203376874230381,-127.11632379831642,14.608920112943165,19.94212904921733,8.947496784169568,0.1120585382827085
Tnull_Bscale,0,1270,decel,0.155519,0.5812044852114042,0.770665506599016,0.593925323061518,0.6768987777287061,0.003928638407075469,0.7135697858345152,0.649250752423019,0.3989481436873662,0.49517287078351907,0.009747130686753553,0.043132566040855226,0.0007352064175881533,0.19437853801482569,0.3433076322306659,0.6076126010368965,0.8084876793889293,19.94212904921733,0.4951728707835193,0.7356458594787313
X5D_v51_frozen,0,1272,decel,0.153355,-132.38770762616647,0.779275265426072,0.6072699393048749,9.978473402382896,48.36973120248143,0.10441782089633012,0.6391052407641339,0.3982458967348032,9.23583429049807,0.17470292967988907,0.8203844344095832,0.013436071970875407,3.5523139677267452,6.222389839309468,-132.66724770592222,15.353797154371929,20.3334539050702,9.235834290498072,0.10919867428980613
Tnull_Bscale,0,1272,decel,0.153355,0.5707089071847973,0.765002963637281,0.5852295343738232,0.6633003594738037,0.004177207495392965,0.702736761655981,0.6391052407412865,0.3982458967348032,0.5066567306954897,0.0094245137931379,0.04320675010795438,0.0007248215347454795,0.1916329167904678,0.34134606511301463,0.5977459974110186,0.8422741709429566,20.3334539050702,0.5066567306954897,0.7254194133531663
X5D_v51_frozen,0,1274,decel,0.148997,-143.45625350981027,0.7701547650089224,0.5931383620659485,10.330956980411422,52.64045286983088,0.0992265281177944,0.6220148165188253,0.3958792357807352,9.6877634052919,0.1807043831264825,0.8644524792130082,0.013527234244950207,3.5764160282268387,6.250570574260525,-142.96439310553976,16.420326572520647,19.791528939967975,9.687763405291902,0.10433942588515349
Tnull_Bscale,0,1274,decel,0.148997,0.5550250955070093,0.7549722684932012,0.5699831261937703,0.6505786234742272,0.004059997566413509,0.6882428402173041,0.6220148165025338,0.3958792357807352,0.5213205527261762,0.009472195966678056,0.04366545977012078,0.0007090730807876492,0.18746924059955666,0.33635739956732424,0.5831135908124974,0.8836150684743993,19.791528939967975,0.5213205527261763,0.7117075055938721
X5D_v51_frozen,0,1276,decel,0.143318,-156.6845156642126,0.760875351595691,0.5789313006658664,10.739349262085986,57.693505382542995,0.09390841809195297,0.6031827626880805,0.3932651836433847,10.19487923843082,0.1856926635388063,0.9242630902878445,0.013613703272517638,3.599277258433804,6.279493021831541,-155.6577636966355,17.573622004752874,19.382980403432157,10.194879238430818,0.09907419773834843
Tnull_Bscale,0,1276,decel,0.143318,0.5385638663257171,0.7446326678505587,0.5544778100302404,0.635277029239132,0.003955288008410385,0.672166550552879,0.6031827626713643,0.3932651836433847,0.5362858155899585,0.009434767907953315,0.044594283228509356,0.0006916920049299978,0.1828739214707897,0.33032299431363515,0.5665087140550911,0.9244331383702724,19.382980403432157,0.5362858155899585,0.6957756948610079
X5D_v51_frozen,0,1278,decel,0.137643,-168.23698374779025,0.7517285094842167,0.565095751971362,11.083097522900072,62.0648938083923,0.08963402763024532,0.5873893916695405,0.3917326791922004,10.621064214828023,0.1896663682917046,0.9796372017636173,0.013676633104831179,3.615915046829003,6.301913081123632,-167.07909062851746,18.521320773362103,19.06460844585672,10.621064214828026,0.09485144973216905
Tnull_Bscale,0,1278,decel,0.137643,0.5225716271039718,0.7343781490832451,0.5393112658509329,0.6207281730806561,0.003823321701572069,0.6563104408351826,0.5873893916527956,0.3917326791922004,0.548475952305032,0.009379591302944808,0.045551768015252174,0.0006763520073645664,0.17881823557280582,0.3254332813172611,0.5517783786083352,0.9564483222815389,19.06460844585672,0.5484759523050322,0.6812095912039641
X5D_v51_frozen,0,1280,decel,0.138366,-151.84004811052714,0.7664825827522295,0.5874955496625283,10.591316288219106,55.90018632011167,0.09602843032931391,0.6321866658941202,0.40254588909590827,9.949083886870094,0.1846067800876519,0.9575520830027122,0.01357510360479588,3.589072033343105,6.2635834792797125,-148.83890736996096,17.077728752205594,19.441712983883917,9.949083886870095,0.10245246900130321
Tnull_Bscale,0,1280,decel,0.138366,0.5464883532222038,0.7501519982462079,0.5627280204727787,0.635158753206844,0.003016220845891704,0.677547052332724,0.6321866658777872,0.40254588909590827,0.5277400241327878,0.009253001845182943,0.04459897198663184,0.0006804216976434216,0.17989420611339507,0.33224603733366503,0.5784020627891011,0.9058724487906071,19.441712983883917,0.527740024132788,0.7029682566329369
X5D_v51_frozen,1,1120,decel,0.138366,-134.6727372708091,0.6991073122494693,0.488751034040677,9.628472234457602,55.42793039088873,0.09027145782412994,0.6471217852850845,0.38592087298946626,8.27683684846202,0.06946972357348759,1.0521388019651225,0.012598365363301596,3.7221879626431367,6.174017482303727,-92.45607748798115,16.01889170011771,53.58000249858014,8.276836848462022,0.10692983216447044
Tnull_Bscale,1,1120,decel,0.138366,0.4456120091802238,0.6750691918837666,0.45571841383060163,0.582033571089275,0.001450777913761414,0.5863436358121166,0.6471214611316933,0.38592087298946626,0.6728272543201795,0.0035736210349747687,0.04674903364616208,0.0006480777690293593,0.19147462398292667,0.5018882583767612,0.38243039908730725,1.3021818742078068,53.58000249858014,0.6728272543201796,0.5082043998907936
X5D_v51_frozen,1,1122,decel,0.14356,-117.2566999016505,0.7299717888653093,0.5328588125392197,9.076150840100198,48.130853958917626,0.1007598914638611,0.6955333424832609,0.399753697125184,7.7916783410255235,0.06678757042291307,0.9865967267026986,0.012488206860381684,3.689641624945575,6.127420944524941,-83.55754226823856,14.671944195844976,55.24443547776901,7.791678341025523,0.11617441731967293
Tnull_Bscale,1,1122,decel,0.14356,0.4820951775902129,0.7083081103396098,0.5017003791728689,0.5838749613752828,0.004121593021477521,0.6149496885814638,0.695532966878471,0.399753697125184,0.6512503796696718,0.0034739229287820525,0.04403745268928228,0.0006495679941184036,0.19191491109384243,0.5121470679181743,0.4092737100940218,1.226322341584067,55.244435477769,0.6512503796696718,0.5334877241541341
X5D_v51_frozen,1,1124,decel,0.145546,-114.34235520825976,0.733234291059567,0.5376325255856257,8.97181811104779,47.00572437487364,0.10238884614498987,0.6997348230689474,0.4037593956552666,7.7290100069306416,0.06649386010998627,0.9656078326995762,0.012491765223070111,3.690692943460607,6.122981174612241,-81.51833217775726,14.710085945413192,55.50426666997373,7.729010006930642,0.1178807223831216
Tnull_Bscale,1,1124,decel,0.145546,0.48142432761066545,0.7109065752867303,0.5053881587859075,0.5733831678505027,0.005051143582371409,0.6112099793306672,0.6997344485511516,0.4037593956552666,0.6547671628286493,0.0034514412491155368,0.042671355621690575,0.000648399622068204,0.191569715486656,0.5187115824871599,0.40778898011814235,1.2461726962194393,55.50426666997373,0.6547671628286493,0.5289280893432136
X5D_v51_frozen,1,1126,decel,0.142589,-121.91225884959522,0.7230433038689495,0.5227916192697261,9.214058724091059,50.33770760241531,0.09780285411717088,0.6764764583177498,0.40203075917487974,8.052313585785992,0.06862145173848784,0.99389149702277,0.012589245424526779,3.7194934760689855,6.1545609513257435,-86.21141603955387,15.898575895073378,54.20307180681265,8.052313585785994,0.11283822735891111
Tnull_Bscale,1,1126,decel,0.142589,0.4629056576467778,0.6996572720369305,0.4895202983141594,0.5538387335243636,0.005351594493440637,0.590657060579419,0.676476120316701,0.40203075917487974,0.6735392498462437,0.00347299106537715,0.04256513327459288,0.0006371526071154078,0.18824678410105644,0.5148009105862829,0.38982024126543535,1.3298432516207142,54.20307180681266,0.6735392498462438,0.50728327213702
X5D_v51_frozen,1,1128,decel,0.134389,-144.5233937044774,0.6942671795885375,0.4820069166538225,9.917221626842956,59.94251188500117,0.08644657396187588,0.6240168466847791,0.3890896889207879,8.776824111450704,0.07302529670381143,1.0726246090900413,0.012745781231333493,3.7657419915721024,6.215993847811554,-99.20437981682637,18.251620899805538,51.567636990861494,8.776824111450708,0.10133355124189083
Tnull_Bscale,1,1128,decel,0.134389,0.41905181912458245,0.6661090728684087,0.443701296957611,0.5214895854208664,0.0037346816834387675,0.5445994160968658,0.6240164938005348,0.3890896889207879,0.707190043330434,0.003527830538367351,0.04366704245439217,0.0006157449307686393,0.18192188456780306,0.5008518916131014,0.34944474512076973,1.4706190315634222,51.5676369908615,0.7071900433304341,0.46053178902780495
X5D_v51_frozen,1,1130,trough,0.122509,-180.9161710306291,0.6512893938964573,0.4241778746020148,10.96647648168433,74.93726424916547,0.07280650484837012,0.5502306161919105,0.36739401990582915,9.714553993825431,0.07872212354254039,1.199347685025965,0.012869886626534629,3.802408939608262,6.28090570053041,-120.08041225435542,20.68427597862105,48.30165611009579,9.71455399382543,0.0871196608947584
Tnull_Bscale,1,1130,trough,0.122509,0.35590653071138667,0.6127606212017681,0.37547557889557676,0.48330518931855904,0.00281033934012187,0.47905494408068966,0.5502301736906204,0.36739401990582915,0.7420121913006232,0.0035526773306595164,0.04534086654989884,0.0005808094650996017,0.17160019869564905,0.47974498933922904,0.2936007333154984,1.5798959946198896,48.30165611009579,0.7420121913006232,0.3972610540948947
X5D_v51_frozen,1,1132,trough,0.110418,-223.32143343946598,0.6101220886238096,0.37224896302667976,12.080559538276932,92.12274711608785,0.061662628836611,0.48228480864743534,0.3440133189651262,10.586494942078103,0.08408130858049861,1.3456643840697373,0.012939070462243643,3.822849308899004,6.3283680591951565,-143.44392800469876,22.36300367705799,45.46610148483888,10.586494942078103,0.07559904092037545
Tnull_Bscale,1,1132,trough,0.110418,0.3009249709057621,0.5592579846350304,0.3127694933780359,0.45928815808641626,0.001850556252113833,0.4235840718309362,0.4822842732663158,0.3440133189651262,0.7636750908102067,0.003556118136849362,0.047418266170805,0.0005472424718592981,0.16168282810206924,0.456507756224139,0.24835607479572064,1.6131938811953805,45.46610148483887,0.7636750908102066,0.3468551986616924
X5D_v51_frozen,1,1134,trough,0.103096,-240.1165607220101,0.6077872263734211,0.3694053125426962,12.5025437111912,99.0007342014382,0.05929349531496058,0.48482803855114476,0.34133104317419755,10.967036236419283,0.08648844111392508,1.431190274335571,0.012965332449391067,3.8306084149112793,6.3409188992422445,-154.43414622144877,23.059441942984844,44.29040881735273,10.96703623641928,0.0728398933900615
Tnull_Bscale,1,1134,trough,0.103096,0.30056682774106547,0.5583165289001126,0.3117173464430703,0.46211676702131577,0.0018961245164676455,0.4245470357516778,0.48482751354318093,0.34133104317419755,0.7623185685346038,0.003547443023437537,0.04866324816211089,0.0005317910411121449,0.1571177017643143,0.44075720315506045,0.2489983831544127,1.6028615565988502,44.29040881735273,0.7623185685346037,0.34840643385457076
X5D_v51_frozen,1,1136,trough,0.106265,-211.47057388938612,0.6539376920549919,0.42763450509020934,11.813095881556539,87.37139689615688,0.06778700652095741,0.5766724548895723,0.3657144607116675,10.300615447403006,0.08282538453805144,1.3748681175260977,0.01289058799608576,3.8085251607473873,6.29495248113908,-137.85726284463922,21.208572023790257,45.98258350370452,10.300615447403004,0.08327748865889165
Tnull_Bscale,1,1136,trough,0.106265,0.37232918200716314,0.6180790501001526,0.382021712172707,0.5238681093949923,0.0008168288169925764,0.5078074560500491,0.5766720816951367,0.3657144607116675,0.7218386531750524,0.0035000698323601836,0.04798701248722469,0.000544735873164055,0.1609422533352992,0.44113286667079754,0.3180971268236964,1.4862380935964954,45.98258350370452,0.7218386531750522,0.43024288568898295
X5D_v51_frozen,1,1138,trough,0.125362,-123.35466336252206,0.7531749774090417,0.5672725465951105,9.336773281433626,50.24377606426346,0.10160770338077578,0.7415494856010096,0.40088189517987316,7.9103359929720485,0.07107994598718066,1.0258731267943606,0.01241178160946693,3.6670617790057576,6.114962097939606,-91.18044031004771,13.957798876096525,51.59066636976787,7.910335992972047,0.11583629479542056
Tnull_Bscale,1,1138,trough,0.125362,0.513420896635219,0.7311865456410631,0.5346337645265105,0.6006690394133278,0.00417804845938452,0.6435269201820867,0.7415490495863607,0.40088189517987316,0.6160508570043166,0.00343890791525965,0.04268554855798187,0.0006004924937192257,0.17741555093251452,0.47622852484793565,0.44090958201721675,1.0870225951404209,51.59066636976786,0.6160508570043165,0.5666738566169838
X5D_v51_frozen,1,1140,accel,0.164472,-58.33569826618207,0.8045551747316488,0.647309029187474,6.804678015911662,22.981533186119428,0.15578644644379255,0.828617677387614,0.4202158052445747,5.316668331772364,0.05512685932841791,0.6782530259263491,0.011539167139794566,3.409247770491283,5.80914347730152,-46.59319737493325,8.343309979359844,61.843678599223495,5.316668331772367,0.17229903094887306
Tnull_Bscale,1,1140,accel,0.164472,0.6138566293844484,0.7937071644166305,0.6299710628462881,0.6911288378815506,0.005592120387102106,0.73966420996352,0.8286173871821546,0.4202158052445747,0.5168298095202806,0.003556270087802371,0.039386872488980484,0.0007443992898802632,0.21993282432208217,0.5647029924563425,0.5502606846048301,0.8110476408002175,61.843678599223495,0.5168298095202808,0.6816498484692756
X5D_v51_frozen,1,1142,accel,0.225431,-24.15521564353369,0.8282789906708687,0.686046086386753,4.788109605409539,9.16100323249881,0.2397250262425751,0.8594614858862767,0.43078331653363494,3.4207494262544293,0.039768747682864564,0.4148351581693947,0.010373312485520354,3.0647959281140342,5.384401694463798,-19.916378089290518,5.153714251104467,77.06543722609058,3.4207494262544293,0.2603558358053254
Tnull_Bscale,1,1142,accel,0.225431,0.6658679587551591,0.8217761171170423,0.6753159866639629,0.7509067724780127,0.004425563899238094,0.7869445208584324,0.8594612474679189,0.43078331653363494,0.46558247704064,0.0038700598207775374,0.03705991036757527,0.0010094695507819572,0.2982478521793467,0.7328461591047319,0.6125307775873254,0.7014483518064019,77.06543722609058,0.46558247704064,0.7421078761405694
X5D_v51_frozen,1,1144,accel,0.307278,-9.182145531955447,0.8413101493477999,0.7078027673956174,3.3882578879659717,3.4030055160988457,0.3589400543359407,0.8746536122425045,0.44284951330518,2.193816318454422,0.02737503107510386,0.24486274655140447,0.009009632573890548,2.661896599066753,4.851776713786713,-7.59462043898154,3.307233710228214,97.23812154820189,2.1938163184544224,0.3829321075722427
Tnull_Bscale,1,1144,accel,0.307278,0.687821944765862,0.8344339171218571,0.6962799620433263,0.7670257960184065,0.003914162486766903,0.8039381505595156,0.8746534143348752,0.44284951330518,0.44932886325271143,0.004165336534427373,0.0344504646830849,0.0013708898309132184,0.40502950022381495,0.9937218978741276,0.6394588740983227,0.677374651208186,97.23812154820189,0.44932886325271143,0.7642891459514669
X5D_v51_frozen,1,1146,accel,0.406197,-3.106375069038947,0.8491774730133064,0.7211023806732647,2.465681412591825,1.2143924630393395,0.5048967552302136,0.8848474470039551,0.45920946815906083,1.421182830801526,0.018417567405199443,0.14338063818315006,0.007593987382992182,2.243644124481063,4.2508416851453,-2.4816204277015035,2.193248307763501,121.82087216619402,1.4211828308015255,0.5286963312136101
Tnull_Bscale,1,1146,accel,0.406197,0.6953600013776218,0.8401063816753396,0.7057787325316314,0.7585483304379603,0.0037670154323705685,0.8070876289067078,0.8848473210510067,0.45920946815906083,0.4519419608993964,0.00439009471403203,0.031041602103429794,0.0018101371986339635,0.5348051669555801,1.3517850659467723,0.6479155467118073,0.6974619447034028,121.82087216619404,0.45194196089939626,0.7677937834414728
X5D_v51_frozen,1,1148,accel,0.515946,-0.6825320823687091,0.8530176612009338,0.7276391303207111,1.853969417625397,0.4082667940002025,0.6527617976630715,0.8922134058278747,0.4769738013400469,0.9397785930166379,0.012436347904936489,0.0855653327013669,0.0063024147187583195,1.8620488869199945,3.6629306593860713,-0.44824250158677414,1.5045250058497424,149.7263425849378,0.9397785930166377,0.6688280102168451
Tnull_Bscale,1,1148,accel,0.515946,0.6960068698138532,0.842539159510929,0.7098722353093826,0.7417340799953441,0.0037037014393860312,0.8043642553452425,0.8922132948077003,0.4769738013400469,0.4643073697947647,0.00458440610926382,0.028016331403062634,0.0023232566956671525,0.6864063596641166,1.8097089174386423,0.6464902905165023,0.7433261977315327,149.7263425849378,0.46430736979476467,0.7626563948652139
X5D_v51_frozen,1,1150,accel,0.628717,0.25491160046272365,0.8528194599144696,0.7273010312088076,1.4442768562429689,0.12256757907439675,0.7677769510427234,0.897695475699661,0.4931856773098398,0.6599388470113312,0.008726981202880558,0.053424229075251004,0.005295978172161088,1.5646971360475617,3.2360799054475806,0.32155007911964817,1.1028626917205782,179.2942026196979,0.659938847011331,0.7686736325190766
Tnull_Bscale,1,1150,accel,0.628717,0.6925508386911041,0.8427111246299772,0.710162039575121,0.7249356086837858,0.0037401287276251916,0.7989571453211659,0.8976953705913061,0.4931856773098398,0.48081418692522654,0.004771478870931005,0.025789277333965476,0.0028955772175878595,0.855498499480311,2.357723197549737,0.639865310849131,0.8035169179860263,179.2942026196979,0.48081418692522643,0.7538296744046782
X5D_v51_frozen,1,1152,accel,0.736242,0.5898585527087759,0.8502020296095376,0.722843491152177,1.1718372088101243,0.029535749944007872,0.8293024815049859,0.902333267473751,0.5064069386552462,0.5277424403593296,0.006673300739192402,0.03639612185905311,0.004712688112846561,1.3923640456107431,3.137196157590715,0.5849667868057269,0.9201603393473827,208.64697996200994,0.5277424403593296,0.8131256082261237
Tnull_Bscale,1,1152,accel,0.736242,0.6884342073238479,0.8417690982405541,0.7085752147527157,0.7135552545171014,0.00370221770652579,0.7940555575825164,0.9023331651231338,0.5064069386552462,0.49621875622077194,0.004949657525363519,0.024327010654559385,0.0034954504665805157,1.032731094513334,2.9498017523098925,0.6330683596374771,0.8651963234257813,208.64697996200996,0.49621875622077194,0.7459327182893402
X5D_v51_frozen,1,1154,peak,0.830951,0.6926602515995874,0.8466743662492469,0.7168574824635638,0.9900413854536319,0.0036431286684259767,0.8450771933001703,0.9067725705459814,0.5158395578089298,0.48912786975882294,0.005724593758502562,0.027981824468863978,0.004569007789320434,1.349913683577627,3.395234458828247,0.6556959083643399,0.8854802884616263,235.80951601546258,0.489127869758823,0.8141518440567963
Tnull_Bscale,1,1154,peak,0.830951,0.6854676047522276,0.84071329886865,0.706798850894608,0.7084614721370485,0.0038407004685349078,0.791113631491592,0.9067724649091161,0.5158395578089298,0.5084106252612535,0.005111031755422971,0.023446346181070776,0.00407930149930851,1.2052299245859508,3.5290838671134335,0.6280139937581364,0.9203883379928179,235.80951601546255,0.5084106252612536,0.740854557582577
X5D_v51_frozen,1,1156,peak,0.906964,0.7089857883366564,0.8425175129622147,0.7098357596480356,0.870653271812224,5.8350385313321596e-05,0.8344718949498497,0.9096161642612534,0.5213395492436257,0.4935099495075484,0.005415823907679219,0.024497531814877016,0.004747637655929888,1.4026898906559726,3.852233493722824,0.6586486175411994,0.9219955937832305,258.9984302604571,0.49350994950754834,0.7937640711675044
Tnull_Bscale,1,1156,peak,0.906964,0.6830151081048046,0.8389385929800943,0.7038179627914204,0.7093443179191782,0.004008178558051467,0.7896831106496305,0.9096160473777314,0.5213395492436257,0.5175957954926604,0.005254969050781346,0.02306557621870659,0.00460662853363093,1.3610287352196528,4.040242474536855,0.6245160998895659,0.9669937622962954,258.9984302604571,0.5175957954926604,0.7384556312423789
X5D_v51_frozen,1,1158,peak,0.960739,0.6977356970421882,0.8375604309316387,0.7015074754623923,0.7963586960789438,0.0020741954653323846,0.8152713809564195,0.9099726658112534,0.5196963605437043,0.5097205294045765,0.005402385374791811,0.02345189990778322,0.005062483256232193,1.4957110461584253,4.313628877201829,0.64297088645296,0.9768307479312007,276.8612274751067,0.5097205294045765,0.7694037821546743
Tnull_Bscale,1,1158,peak,0.960739,0.6799711910977053,0.8358200982519128,0.6985952366418372,0.7152524159261274,0.004087479522720372,0.7888537278495076,0.909972548876146,0.5196963605437043,0.524707587094195,0.00538265557530347,0.023070675624969263,0.005043994797407207,1.4902486296542454,4.440460348772625,0.621667135514822,1.005552013659578,276.8612274751067,0.5247075870941948,0.737722628545857
X5D_v51_frozen,1,1160,peak,0.991296,0.6822382176177226,0.8319262034251095,0.6921012079453166,0.7543516515190278,0.0038451792241646077,0.7979760437903294,0.9066713066429852,0.5141260390242891,0.5251596488139852,0.005492943827828576,0.023551226645455885,0.0053690483100893175,1.586285713611552,4.660793767471835,0.6266120880467996,1.0272049988245742,288.78607962001115,0.5251596488139852,0.7498640252854658
Tnull_Bscale,1,1160,peak,0.991296,0.6758204435677975,0.8313545676101912,0.691150417086328,0.7250611085041008,0.004031674069792324,0.7880826569087309,0.906671193458007,0.5141260390242891,0.5306632646429845,0.005506207716985889,0.023510466701479743,0.005382013026987475,1.5901161401618067,4.709638377700915,0.6187449503893676,1.037969995152692,288.78607962001115,0.5306632646429846,0.7379192988196452
X5D_v51_frozen,1,1162,peak,1.0,0.6701460377624846,0.8259479410989624,0.682190001405615,0.7360447901061381,0.0039613870846919585,0.7866021959153746,0.8995042788703332,0.5048562440212079,0.5363299132776298,0.005643315699992036,0.024388240385572624,0.005630924622761751,1.6636570892322424,4.850704391397991,0.6149275641568461,1.066284864302789,294.8013504249975,0.5363299132776299,0.7379246116917247
Tnull_Bscale,1,1162,peak,1.0,0.6701460408520233,0.8259479507081221,0.6821900172789465,0.7360444220826539,0.003961331967612836,0.7866021155106273,0.8995041443162906,0.5048562440212079,0.536329912115717,0.005643309514329587,0.024388095820657315,0.005630918450681214,1.663655265690599,4.850704380889355,0.6149275658252991,1.066284861992774,294.8013504249975,0.5363299121157172,0.7379245621936398
X5D_v51_frozen,1,1164,peak,0.989996,0.6612900767587089,0.8188753185406522,0.6705567873150546,0.7371804039555766,0.0025926514872829376,0.7809159918239146,0.8897867209250324,0.49429594741794874,0.5437682462317799,0.005858815892567347,0.026019203723411648,0.005858815892567347,1.730987581466796,4.890677057869707,0.6075699509611048,1.0951614281310769,295.45007271226496,0.54376824623178,0.7329290505191688
Tnull_Bscale,1,1164,peak,0.989996,0.6619135443500426,0.8190062207821647,0.6707711896798839,0.7480149777980308,0.0038178887494090263,0.7837415234974277,0.8897865598404452,0.49429594741794874,0.5424379902593095,0.005796904956127113,0.0257017166224883,0.005796904956127113,1.7126959907938446,4.878712673390218,0.6094876571862535,1.0924822628052488,295.45007271226496,0.5424379902593097,0.7370353642344649
X5D_v51_frozen,1,1166,peak,0.965439,0.6530430127179064,0.8106204661229638,0.6571055400974111,0.7533880750855356,0.0007869807956435437,0.7787801039041239,0.8783239076844621,0.4812038846376377,0.549366022652617,0.006121997549070782,0.028487001119875146,0.006049684842391726,1.7873798265709226,4.82004467116153,0.6022147814057217,1.118383586378343,291.96023230068386,0.5493660226526169,0.7327253772894895
Tnull_Bscale,1,1166,peak,0.965439,0.6509572709742721,0.8106140278442369,0.6570951021378573,0.7597897859154646,0.0035547275959506575,0.7792036014976381,0.8783236786284986,0.4812038846376377,0.5492867901017378,0.005947531218824112,0.02745038627807481,0.005877279299079938,1.7364425962634573,4.8193494981459075,0.6023295146198506,1.118222287024622,291.96023230068386,0.5492867901017376,0.7349736564921328
X5D_v51_frozen,1,1168,peak,0.930694,0.6431093427087198,0.8022376384659993,0.6435852285715034,0.7806007073030966,7.72907263535405e-06,0.7782385912147283,0.8636111729879524,0.468783871196098,0.5550003612028961,0.0064281023403761324,0.03161702616579612,0.006212229413870702,1.83540363203337,4.685360457970561,0.5963612764244818,1.1403297967681498,285.52806642558426,0.5550003612028962,0.7350714152447533
Tnull_Bscale,1,1168,peak,0.930694,0.6387034426130749,0.8020117738933704,0.6432228854635907,0.7677306371121214,0.0033442465115012254,0.7731624429452378,0.8636108843061995,0.468783871196098,0.5566712018794593,0.0060821532823692815,0.02935057779188019,0.0058778982535915595,1.7366254664189216,4.699465837687018,0.593927291810316,1.1437627844602796,285.52806642558426,0.5566712018794593,0.731355346454096
X5D_v51_frozen,1,1170,peak,0.889659,0.6278012438189244,0.7937416564062084,0.6300258171144715,0.8171278656942612,0.001677658510682356,0.7770431324561484,0.845699465324241,0.45742913404108476,0.5629763047467846,0.00677747627841737,0.03532974531772705,0.006367119274022687,1.8811658524776667,4.528474405351049,0.5868219013180158,1.1665154077888127,277.56140710785985,0.5629763047467846,0.7376121848969168
Tnull_Bscale,1,1170,peak,0.889659,0.6258755463216257,0.7933992571324125,0.629482381218264,0.7717501602306179,0.003138151499975095,0.7659874139791475,0.8456991478457191,0.45742913404108476,0.5644623525770686,0.00618177807427335,0.031141615688126553,0.0058074889099616,1.7158230207238272,4.540427891684005,0.5846377497621955,1.1695945741340412,277.56140710785985,0.5644623525770687,0.7262342767745863
X5D_v51_frozen,1,1172,peak,0.845329,0.6032420870308645,0.7850522140381597,0.6163069787662165,0.8613142936566227,0.007248986947619329,0.7731659997256085,0.8260267589119725,0.4462764441889994,0.5755015920791,0.0071628005049363015,0.03964904629807993,0.006541591813262069,1.9327137768822353,4.382993903968274,0.5703333128870451,1.2021877557183347,269.8265539505519,0.5755015920790999,0.7382477655886488
Tnull_Bscale,1,1172,peak,0.845329,0.6125915997009022,0.7847338636516142,0.6158072367615903,0.7711494700179359,0.0030311013102933826,0.7575215820875727,0.8260264324052152,0.4462764441889994,0.5727772487640607,0.006221949409205352,0.032744874010404705,0.005682337975173085,1.6788471679405523,4.3622454294088975,0.5743916472197786,1.1964967685502865,269.8265539505519,0.5727772487640604,0.7192905332150725
X5D_v51_frozen,1,1174,accel,0.799638,0.5651108700659464,0.7759329674807638,0.602071970023504,0.912489870849414,0.01831331209992282,0.7650455836165271,0.8059702762340638,0.4370182936841622,0.5943044726908429,0.007581889006983826,0.04471563691375965,0.006749950763044995,1.994273443745852,4.266772446404618,0.5440427813505638,1.2518729070122852,263.03121054777876,0.5943044726908427,0.7357019687506127
Tnull_Bscale,1,1174,accel,0.799638,0.5988819666295571,0.7758240580532312,0.6019029690541834,0.7671480704492118,0.002945729663721197,0.7479562435814046,0.8059699404161629,0.4370182936841622,0.5814556696985794,0.0062016115432782125,0.03420140961230279,0.005521127060828881,1.6312173915755466,4.174525254778332,0.5635451563200795,1.2248075405331733,263.03121054777876,0.5814556696985793,0.710928499987435
X5D_v51_frozen,1,1176,accel,0.753564,0.5097784011082679,0.7667380185426166,0.5878871890786579,0.9704193247158024,0.03662271348597501,0.7522051335510722,0.7871222811937811,0.427629612316407,0.6207027930980937,0.00802396229511577,0.05071237415136658,0.0069883795534411595,2.0647172472050963,4.1865435928759736,0.5051212762434352,1.3189077137552596,257.31891193729825,0.6207027930980936,0.7293097746916485
Tnull_Bscale,1,1176,accel,0.753564,0.5853574419943801,0.7669874850959899,0.5882698022938714,0.7610336530469142,0.002876912183422564,0.7379079136733624,0.7871219382311354,0.427629612316407,0.590251983106105,0.00611844344082257,0.03551369988781839,0.005328789377133247,1.5743912089423628,3.981157625731314,0.55248634337222,1.2542039479028921,257.31891193729825,0.590251983106105,0.701714517144041
X5D_v51_frozen,1,1178,accel,0.707404,0.43177881477971236,0.7574274697444024,0.5736963719234077,1.035723566530874,0.06446883965711026,0.7341272349779873,0.7675780224900994,0.41840321558091714,0.656207600222408,0.008497208507565836,0.057762920140163786,0.007252126933416145,2.142641429796375,4.144250640820314,0.44964494237564046,1.4067958010898127,252.15827384823936,0.656207600222408,0.7185131168603077
Tnull_Bscale,1,1178,accel,0.707404,0.5719724830034456,0.7581654758444253,0.5748148887624038,0.7530658567780534,0.0028163996443362205,0.7273579117876235,0.7675776779913208,0.41840321558091714,0.5991762885403025,0.005985622063204208,0.03669416039590238,0.005108558997835893,1.50932412736551,3.7840718652235625,0.5411511086520784,1.284530515259783,252.15827384823933,0.5991762885403024,0.6916725291840223
X5D_v51_frozen,1,1180,accel,0.661118,0.3225648254289849,0.7477270936812174,0.5590958066249601,1.1100496977787253,0.10525331175597563,0.7101836529032889,0.7462984411862721,0.4086446518803431,0.7029215580978385,0.009003408603343525,0.06619701013345139,0.007544404078321082,2.228994733510672,4.141305979525652,0.3716972695251348,1.5209277516286916,247.57231752015647,0.7029215580978384,0.7026048017555353
Tnull_Bscale,1,1180,accel,0.661118,0.5583552535698356,0.7490844806757451,0.5611275591892507,0.7426359699649986,0.00273072232902849,0.7158450064117078,0.7462980995598506,0.4086446518803431,0.6085754001532443,0.005814471243676277,0.03783498863684944,0.00487223478314441,1.4395021209512424,3.5854597353180786,0.5290400164128986,1.3167887716466546,247.57231752015647,0.6085754001532443,0.6801804863267484
X5D_v51_frozen,1,1182,accel,0.614643,0.17134206868562973,0.7373814648256808,0.5437314246684667,1.1950383871942993,0.16293949739092128,0.6801852784359786,0.7241266892252137,0.3994331147131799,0.7633231489995241,0.009608234567884703,0.07648092920864923,0.007863749811645927,2.323345453641849,4.178255199116675,0.26274679867116224,1.6669581760197607,241.80773660622071,0.763323148999524,0.6808133231506268
Tnull_Bscale,1,1182,accel,0.614643,0.5436039667780179,0.7393147500242631,0.5465862996034385,0.72542710567231,0.0027894661597743786,0.7015134734689519,0.7241263486612162,0.3994331147131799,0.6193499534311104,0.005647904431009984,0.039057191428432426,0.00462246285639203,1.3657069870307692,3.3901790694910794,0.5146310177520415,1.3525470438603076,241.80773660622071,0.6193499534311102,0.6649180682983642
X5D_v51_frozen,1,1184,accel,0.568077,-0.043652851229153855,0.7247982732979247,0.5253325369756531,1.2940457084209742,0.24494274581063635,0.6425230659707053,0.7000350369370176,0.38833413053409693,0.8405334741401327,0.010464578064058072,0.08893219602969059,0.008211003063470957,2.4259414521431246,4.25455341092026,0.11026809038839291,1.8521660547729575,231.8241057874402,0.8405334741401326,0.6523752183402723
Tnull_Bscale,1,1184,accel,0.568077,0.5245205190799167,0.7269666946813232,0.5284805751758882,0.6966224097708156,0.003039280469241401,0.6805264848410897,0.7000346954284318,0.38833413053409693,0.63298550202509,0.005551866898407317,0.040241035190760145,0.0043562574460004055,1.2870565791741655,3.2040016365308186,0.49541229416181665,1.3948216175609809,231.8241057874402,0.63298550202509,0.6422839405230802
X5D_v51_frozen,1,1186,accel,0.521728,-0.3414970824650674,0.7107738814623583,0.5051995105690665,1.4095218698885161,0.35844784170453203,0.5989784809973185,0.6753153659973511,0.37731256396696206,0.9363850322645305,0.01160811656674728,0.10476296234186097,0.00857123494798826,2.532371988617038,4.3608957530235575,-0.1001520250208614,2.078271710957604,218.15528592048213,0.9363850322645305,0.6178858509161058
Tnull_Bscale,1,1186,accel,0.521728,0.5009893481859621,0.7122914526971793,0.507359113585458,0.6591281111327489,0.0035434245131996667,0.6529812379523072,0.6753150294046685,0.37731256396696206,0.6493177259616493,0.005522787295740336,0.041881242187011176,0.004077931782246008,1.2048252415802394,3.023977120459927,0.47099680580984427,1.441136514138762,218.15528592048213,0.6493177259616494,0.6124005331731289
X5D_v51_frozen,1,1188,accel,0.476028,-0.752532283907166,0.6950605697404245,0.4831091956078835,1.544031693312012,0.5148895108566458,0.5505086628443298,0.6500448921620329,0.3654174603532905,1.0535766430450695,0.012812002827574814,0.12286430620969974,0.008936893245309564,2.6404057591484604,4.491476216386167,-0.3892067506646384,2.3502014269615956,206.0884464890696,1.0535766430450697,0.5778650923045549
Tnull_Bscale,1,1188,accel,0.476028,0.4738313105878441,0.6949043776624775,0.48289209409447514,0.6229288405471176,0.003880305563586428,0.6219837022006147,0.6500445638251197,0.3654174603532905,0.6668773813235075,0.005441224437208984,0.04346340164151998,0.003795475428279393,1.1213734912627615,2.842948272660494,0.44342128728778607,1.4875957848354406,206.0884464890696,0.6668773813235076,0.5794556782939291
X5D_v51_frozen,1,1190,accel,0.431376,-1.3163759689361698,0.6772613466661705,0.45868293168807484,1.7002109561610836,0.7286329970584497,0.4985494014834253,0.6233182311861736,0.35235652035622067,1.1944259127551142,0.014155144809785672,0.14371116718007096,0.00929892046319972,2.747366726997926,4.64086107274821,-0.7828016080354994,2.6723618227602595,194.08962351968512,1.1944259127551144,0.5332376621105867
Tnull_Bscale,1,1190,accel,0.431376,0.4435005830776316,0.6743270467997554,0.4547169660456795,0.5893482422685952,0.003994985748502711,0.5881828083071958,0.6233179090401034,0.35235652035622067,0.6851701908174719,0.005349111385680166,0.044983169451659914,0.0035139846319233135,1.0382070150115246,2.662182419868681,0.4133467188087635,1.5329729876761116,194.08962351968512,0.685170190817472,0.5442629226220894
X5D_v51_frozen,1,1192,accel,0.387986,-2.0782348486843167,0.656761166032609,0.43133522920851225,1.8787907102911574,1.0162138708520736,0.4449699094039442,0.5940550293593362,0.33747566105315824,1.3606292836944973,0.015601815254671443,0.16707710781191512,0.009651827414245058,2.8516331113449347,4.8029270588430375,-1.3117475672042413,3.048776643823047,182.77572608040646,1.3606292836944973,0.48541606399039233
Tnull_Bscale,1,1192,accel,0.387986,0.41008334628217724,0.6498986395470575,0.42236824168511616,0.558148002750237,0.0038667160503167985,0.5515292014589335,0.594054703302618,0.33747566105315824,0.7039483736932383,0.005236625159555266,0.04623684107163657,0.0032395590800235567,0.957127965748638,2.484888964655669,0.381211260778887,1.577344678592884,182.77572608040646,0.7039483736932383,0.507196896472111
X5D_v51_frozen,1,1194,accel,0.345798,-3.1069237725246213,0.6327532540756768,0.40037668054335807,2.0837594590697748,1.401881446136605,0.39101966203425453,0.5613451282875092,0.3212015082163823,1.5546371959707592,0.017120217252699882,0.1959337467922721,0.009990858792924783,2.9517999568275988,4.973638857048635,-2.0172369667170726,3.4852590822746663,172.41603381885216,1.5546371959707594,0.43547786566976276
Tnull_Bscale,1,1194,accel,0.345798,0.373405739889643,0.6207610531470745,0.3853442851042651,0.5290813584504664,0.003533378794958797,0.5117930950406608,0.5613447893955927,0.3212015082163823,0.7235053866993182,0.005099178519386658,0.04794739156210587,0.002975731662463176,0.8791801360469345,2.3146586958668203,0.34651616491691273,1.6219885427955962,172.41603381885216,0.7235053866993183,0.46760502289311373
X5D_v51_frozen,1,1196,accel,0.304512,-4.484228344092273,0.6033537143378467,0.3640357046052759,2.316556236571764,1.9132011665088933,0.3376242998022704,0.5225588006782071,0.303505298245091,1.7778713619964774,0.018695097394697976,0.23027574312647922,0.010313379675727612,3.0470887751029188,5.149348125417031,-2.945905029547085,3.9858148460416505,162.9886547671631,1.7778713619964777,0.3845195524937109
Tnull_Bscale,1,1196,accel,0.304512,0.3324096203425696,0.5851044051272032,0.3423471648992583,0.5017005371020675,0.0029813393551345047,0.46792182663485316,0.5225584403684452,0.303505298245091,0.7441520734077414,0.004945417131944774,0.04999449622199239,0.002728199990606059,0.8060468855981607,2.1553292134276147,0.30869555081603806,1.6683166427578286,162.9886547671631,0.7441520734077414,0.42484584173149675
X5D_v51_frozen,1,1198,accel,0.263724,-6.319198821442189,0.5679921728935364,0.322615108468321,2.581761476834534,2.5865471204155006,0.2860738722623101,0.4784870456837693,0.28419569248097426,2.0307756399733528,0.02031222815332194,0.27029757664998616,0.010611082300041659,3.135045037103136,5.324200396756897,-4.152682158101064,4.545153030791636,154.34274435276166,2.030775639973353,0.3338625854383649
Tnull_Bscale,1,1198,accel,0.263724,0.28783070218571316,0.5426267944305248,0.29444383803394697,0.4768539607662406,0.0022870702000042376,0.42084837647435913,0.4784866518908828,0.28419569248097426,0.7652790342728991,0.0047785709153780635,0.0520339496318103,0.0024963194031162664,0.7375377491637387,2.006375720539453,0.2682729762310062,1.7127989195657305,154.34274435276166,0.7652790342728992,0.37957363954158757
X5D_v51_frozen,1,1200,accel,0.223146,-8.740922274329215,0.5261164602174709,0.27679852971176166,2.883104179317715,3.462329696051607,0.23747847465183078,0.4296608321074661,0.26284749292016096,2.3110676957517127,0.021780882999180108,0.31719998467130656,0.010873895369119901,3.212693177472036,5.491197289867394,-5.69230892443354,5.143145152089741,147.5005938736722,2.3110676957517122,0.2850788472302765
Tnull_Bscale,1,1200,accel,0.223146,0.2405424227486408,0.49346662345292264,0.24350930846202853,0.45588315122109174,0.0015543683283869292,0.37202931999804284,0.4296604038148274,0.26284749292016096,0.7855681905560059,0.0045681123996670235,0.05420606181877272,0.002280585973958369,0.6737992918325717,1.8665441635122968,0.2267526765852106,1.748235777913836,147.5005938736722,0.7855681905560058,0.333679236117267
X5D_v51_frozen,1,1202,accel,0.182834,-11.864978415525506,0.4803177809509706,0.23070517069766458,3.2222320748128452,4.577589591339108,0.19394230130440543,0.3785065900254592,0.23702943109362304,2.610344417890764,0.023236386657218267,0.37082380913429547,0.01109129621553441,3.2769242733529107,5.639179350888,-7.590386229556746,5.740146664497662,141.0255527975969,2.6103444178907647,0.24099850793544
Tnull_Bscale,1,1202,accel,0.182834,0.19399007038306604,0.4414525302660521,0.19488033647829964,0.44177312363995763,0.0008901633151222055,0.32610888690836215,0.3785060911847051,0.23702943109362304,0.8024987759514552,0.004371184270061047,0.056574117420032495,0.00208647326570764,0.6164486780655192,1.733654185800902,0.18809386912841008,1.764694589905251,141.0255527975969,0.8024987759514555,0.29196846072226246
X5D_v51_frozen,1,1204,decel,0.143355,-15.69232006481764,0.4351191238067376,0.18932865190234305,3.5897150969318874,5.930172963062573,0.15764389992051867,0.3345071965005224,0.2098875646823003,2.9143158880725064,0.024638037237624633,0.4399340975690988,0.011258896170453486,3.3264416922203237,5.761371389801237,-9.814404694259645,6.290492993603137,135.01244681701064,2.9143158880725064,0.20369651175290956
Tnull_Bscale,1,1204,decel,0.143355,0.15167590390451602,0.392371719817941,0.1539555665128888,0.43534053014070734,0.0004333439478189094,0.28709548268426455,0.33450666039378807,0.2098875646823003,0.8146641749935283,0.0042065723294993675,0.06066936557692541,0.001922286285817066,0.5679396229184419,1.610526466713264,0.15494182624023123,1.7584364501837322,135.01244681701064,0.8146641749935283,0.25760926423889086
X5D_v51_frozen,1,1206,trough,0.105832,-20.0466225811718,0.3944271897882636,0.1555728080442669,3.9639417232271197,7.460761384784853,0.12935489077657455,0.3016587169924172,0.18298949490434382,3.205186213085905,0.026016950792532186,0.5295799308403418,0.011384291439558592,3.3634897335952014,5.857492441295735,-12.240194463234626,6.770853944813355,129.28070473810658,3.2051862130859052,0.17389152325813184
Tnull_Bscale,1,1206,trough,0.105832,0.11569195035350488,0.3507736175312773,0.12304213075597879,0.4354817424195984,0.00017471398037852137,0.25677098483454847,0.3016582024505397,0.18298949490434382,0.8224723027510599,0.004091519201128633,0.06685917649196071,0.001790334593305538,0.5289544857714045,1.5030718891995651,0.12817283830076942,1.73744658355439,129.28070473810658,0.82247230275106,0.23135785187225927
X5D_v51_frozen,1,1208,trough,0.071839,-24.582872804381648,0.3636981965962115,0.1322763782073365,4.318984698792668,9.070857868131508,0.10937058424559536,0.2796989037220701,0.159809032498425,3.466683662565284,0.027337689954676038,0.630742965803379,0.011485593619732287,3.3934194700934306,5.926292633329922,-14.65459167819735,7.192528356971934,124.1297079497017,3.4666836625652833,0.15274074581378835
Tnull_Bscale,1,1208,trough,0.071839,0.08906737775911988,0.3206887451578275,0.10284127127090205,0.4377228995793632,7.690021061829144e-05,0.23558843827370626,0.27969841204028845,0.159809032498425,0.8268452844155332,0.0040058829139377646,0.07356933597927856,0.001683022351705627,0.4972490761877947,1.4134912772252637,0.109442788910317,1.7155035572488584,124.12970794970168,0.826845284415533,0.21321046528030338
X5D_v51_frozen,1,1210,trough,0.043158,-28.987179259698532,0.34071724708457063,0.11608824246088835,4.63349012337345,10.675368534757922,0.0952619753784359,0.2630420490705264,0.14428081451286162,3.702058453741866,0.02855558020981757,0.7218709480103271,0.011590727346341024,3.4244812372644935,5.981471463620045,-16.91478294563294,7.637151563421684,119.92336391354911,3.702058453741866,0.1373531507566987
Tnull_Bscale,1,1210,trough,0.043158,0.07051636610725387,0.29887458988766635,0.08932602048052075,0.4358334438734206,5.1926688175746305e-05,0.21892309972552496,0.2630415788572749,0.14428081451286162,0.8316365267045908,0.0039210117878823204,0.0782628410047253,0.001591541065571067,0.47022092354752737,1.3436876307449168,0.0959506901829491,1.7156223434832354,119.92336391354911,0.8316365267045908,0.1983012110707717
X5D_v51_frozen,1,1212,trough,0.021454,-33.07991028582425,0.32361645277244916,0.10472760850502282,4.899592560608512,12.245080554842787,0.0851297966049674,0.24653713717644674,0.13387294631593885,3.9208066078188146,0.02963107396584079,0.81711907810882,0.011719992907044148,3.462672756573423,6.0319443550426435,-18.93294550583912,8.197250627879567,116.85950906015933,3.920806607818814,0.12578172672361024
Tnull_Bscale,1,1212,trough,0.021454,0.05864673824491062,0.28190984836131233,0.07947316260309811,0.42603038674498517,5.569477418776447e-05,0.20329463959867278,0.24653666024685214,0.13387294631593885,0.8396266086429186,0.003808166950817849,0.08220807525663419,0.001506246101774013,0.44502052029169775,1.2917191509133703,0.08590144305207192,1.75541168777805,116.85950906015933,0.8396266086429184,0.18352394411828588
X5D_v51_frozen,1,1214,trough,0.007926,-36.70051958326832,0.311127209796874,0.09680014067598806,5.113386989122723,13.735620735813558,0.07782888870544691,0.22508471658094392,0.12836011336461103,4.127308107798058,0.030525891186395707,0.9172635808867833,0.01187699834882652,3.509060025764246,6.079609653085814,-20.6557895290102,8.934708844532494,114.95356529764831,4.127308107798057,0.11736700155480309
Tnull_Bscale,1,1214,trough,0.007926,0.05232383955900066,0.2676135208398129,0.07161699653628097,0.4061568848856574,9.889325614090283e-05,0.18658757251740374,0.22508421719413263,0.12836011336461103,0.8512105436776193,0.0036479187020647123,0.08488304104437573,0.0014193303689814946,0.4193412607183084,1.2538506220006398,0.07888420485493064,1.8426824880813706,114.95356529764831,0.8512105436776192,0.1680083937105431
X5D_v51_frozen,1,1216,trough,0.003045,-39.797666786150316,0.30514277840001647,0.09311211520968156,5.282752100986458,15.11418433306055,0.07323639635477404,0.20291557957014275,0.12582448808685387,4.313447263217634,0.031203696093422054,0.9954508497359865,0.01204273809067873,3.5580278445457934,6.118925508861009,-22.051569125402153,9.822060833376568,114.02584597328678,4.313447263217634,0.11256492099424388
Tnull_Bscale,1,1216,trough,0.003045,0.05185182894701257,0.25854812668778504,0.06684713381376295,0.38010080011972885,0.0002202524482975976,0.17170371010692395,0.20291502441639872,0.12582448808685387,0.8635642294819358,0.0034426622180963417,0.08451938607399746,0.0013286592493108272,0.3925524718187073,1.2250260336729453,0.07606632280748227,1.9664041027761092,114.02584597328678,0.8635642294819359,0.1547550003384956
X5D_v51_frozen,1,1218,trough,0.006411,-41.9815139516729,0.30939800275336093,0.09572712410776874,5.396139874386029,16.20229820715965,0.07208689195050896,0.20429785186130908,0.12896549967113682,4.460257217531458,0.03165883438893347,1.058107705940016,0.012193591959328563,3.6025976310073133,6.145702931320723,-23.016573783527022,10.765287973584721,113.7943863235414,4.460257217531457,0.11138208833691479
Tnull_Bscale,1,1218,trough,0.006411,0.05824671976393503,0.26039341213535977,0.06780472908349533,0.3560659778534868,0.0004047694884709574,0.164510721328473,0.20429730216250183,0.12896549967113682,0.874021722085791,0.003252767011215661,0.08337396474958185,0.0012528229304422176,0.37014662589474606,1.2042977786903266,0.07777754173013107,2.109541014011175,113.7943863235414,0.8740217220857909,0.1474007969942724
X5D_v51_frozen,1,1220,trough,0.016793,-42.778705455046804,0.3258356112607332,0.10616884556565563,5.439840315694778,16.731830183638916,0.0749093567263218,0.2360746655075258,0.14379816462659156,4.541359241426983,0.031880870041933934,1.0655639685198206,0.01229082595883088,3.631325423230377,6.153291932046999,-23.448062378554077,11.48265728260874,113.90295868506655,4.541359241426982,0.11386379853775169
Tnull_Bscale,1,1220,trough,0.016793,0.07197170915968765,0.2788413455746239,0.07775249600186684,0.3501474512327554,0.0006962261380505791,0.17383714601971545,0.23607419581691869,0.14379816462659156,0.8779964351064894,0.003155819739807477,0.08069299615823336,0.0012166428058079351,0.3594572054408085,1.1896368671352227,0.08618510141351254,2.2199812046827123,113.90295868506655,0.8779964351064893,0.15331120324363104
X5D_v51_frozen,1,1222,trough,0.032322,-42.19022612357696,0.3614267084404311,0.1306292655740844,5.427404577816458,16.656723616143378,0.08327172894117187,0.31984481943428483,0.15870339687582644,4.545146647971545,0.03189964779751179,1.0485864574593513,0.012303015977423443,3.634926965109914,6.13274795809381,-23.37954652406776,11.633754055415606,113.9488118547015,4.545146647971545,0.12092882449419616
Tnull_Bscale,1,1222,trough,0.032322,0.09971742251278459,0.32133040136315366,0.10325322684020542,0.3707703318585585,0.0010914976000303833,0.2092811199691693,0.3198443335981754,0.15870339687582644,0.8704868670265994,0.0031443984924446225,0.07898668857569129,0.0012127276494554244,0.3583004722117793,1.1745444030254484,0.10575963509701758,2.2280975519186654,113.94881185470149,0.8704868670265995,0.17896592793110044
X5D_v51_frozen,1,1224,trough,0.050802,-41.13027138834543,0.4038602743205696,0.16310312117428571,5.403160798562701,16.300368777832063,0.09386578110829126,0.4140993207745903,0.17409696374811962,4.499006686908417,0.03185372842040069,1.0104612331158378,0.012240212465212183,3.6163716628605114,6.092435906423122,-23.095097650132914,11.249237174956555,113.53056116797961,4.499006686908418,0.13030937224608818
Tnull_Bscale,1,1224,trough,0.050802,0.13593187727804346,0.37308887609297303,0.1391953094643178,0.41742644981698823,0.0012976117425418376,0.26496221323094227,0.41409879967758306,0.17409696374811962,0.8525952309189466,0.003167545167899622,0.07776666142811313,0.0012171707291701668,0.3596131804365663,1.1545619199924169,0.13467109386756226,2.131814116825588,113.53056116797961,0.8525952309189468,0.2223994603339434
X5D_v51_frozen,1,1226,trough,0.070062,-40.01205832596244,0.44633203208898403,0.19921228286868187,5.381032961532084,15.859997345784524,0.10484341285552921,0.49142383093236236,0.1916889947153935,4.4411394149708485,0.03192268962415976,0.9358914243922635,0.012141207014695336,3.587120495306398,6.046930978403256,-22.869805050361794,10.656134729519506,112.36899326276036,4.4411394149708485,0.13937922755781249
Tnull_Bscale,1,1226,trough,0.070062,0.17548313392476367,0.4232350758930633,0.17912792946620706,0.4714390979882686,0.001321167795288375,0.32614167636302044,0.49142336122896824,0.1916889947153935,0.8305317594673863,0.0032012465150104462,0.0743827657957472,0.0012175351482413457,0.3597208480776439,1.1308287706397222,0.16521901538426997,1.992790025054291,112.36899326276034,0.8305317594673864,0.27051903921125714
X5D_v51_frozen,1,1228,trough,0.088271,-39.78994080343593,0.47865162460179994,0.2291073777339424,5.403516058568036,15.764758488224295,0.11254339923859157,0.5431331928739109,0.20824506007422883,4.419911139583995,0.03229153267163233,0.8720199059759541,0.012057279581697547,3.5623241291246477,6.012162835322613,-23.04649855472122,10.20489706927944,110.31759208673611,4.419911139583997,0.1455988851749514
Tnull_Bscale,1,1228,trough,0.088271,0.2067187879468969,0.4585998511282401,0.21031382345484398,0.508843790127119,0.0010705821018239803,0.3704080312934484,0.5431327724703364,0.20824506007422883,0.8120595165501803,0.0032156177117556913,0.0695176086725554,0.0012006739405267437,0.3547392030323481,1.1046000454055647,0.18829075715166455,1.8749209019852353,110.31759208673611,0.8120595165501805,0.30560146580312636
X5D_v51_frozen,1,1230,trough,0.104151,-40.381670370234474,0.5058897200209064,0.255924408822831,5.470185456455017,15.993362620279417,0.11796800206086376,0.578402092328042,0.22265496207776297,4.4468940724601715,0.03301497924449647,0.828762259059306,0.012000705991175574,3.545609457691337,5.988938430557653,-23.725815835875906,9.937745617209266,107.39396294736072,4.4468940724601715,0.14922706678139125
Tnull_Bscale,1,1230,trough,0.104151,0.23412991506735237,0.4868606992323275,0.23703334045699087,0.5256038863631667,0.0014023908405832453,0.40056902129119154,0.5784017066818626,0.22265496207776297,0.7971189522890815,0.003214044562158808,0.06478237012386065,0.0011682819349169862,0.3451689826196492,1.0735349772900824,0.2055193368489372,1.7813703779372432,107.3939629473607,0.7971189522890816,0.3278864917443641
X5D_v51_frozen,1,1232,trough,0.117053,-42.192056121925795,0.5259409475872793,0.27661388034900525,5.599992970475418,16.722666071299592,0.12001264680410464,0.5991217690184971,0.23650573368689845,4.537316334450554,0.03413262233516173,0.7932622481552499,0.011986044580479565,3.5412777428351365,5.981006579485466,-25.048351255086672,9.909429385106476,103.75053249826304,4.537316334450554,0.14979032254442384
Tnull_Bscale,1,1232,trough,0.117053,0.254605496322735,0.5069543219208998,0.2570026845142793,0.5338917528703286,0.0016715630053891206,0.42069824256178745,0.5991213880247122,0.23650573368689845,0.7859988002846776,0.003217123594597519,0.060207965992563124,0.0011297282244275538,0.33377828605221876,1.0360890996901617,0.21832560060708572,1.716609342192273,103.75053249826306,0.7859988002846777,0.3427084107315686
X5D_v51_frozen,1,1234,trough,0.126894,-44.769981948650155,0.5442952331075647,0.29625730078361817,5.767073364710109,17.788827837488007,0.12061915043619965,0.608764884278571,0.24967083464396664,4.6783860962017165,0.03558617266829758,0.7796931926789574,0.01200179147699744,3.5459301645563355,5.983258305730123,-26.941796745468285,10.05041680702008,99.64348224824062,4.6783860962017165,0.14845410598947612
Tnull_Bscale,1,1234,trough,0.126894,0.2733994289761861,0.5249608266242657,0.27558386949003233,0.5368911634044591,0.0020421075781574816,0.43687218408159556,0.6087645048305415,0.24967083464396664,0.776925867336489,0.0032307948942970613,0.05735869469829881,0.001089617784630288,0.32192765369759563,0.9936221707848539,0.22941354440660433,1.6690432628522902,99.64348224824062,0.776925867336489,0.35432865476578096
X5D_v51_frozen,1,1236,decel,0.133992,-48.51982442291534,0.556571560710687,0.30977190219192996,5.988130147705141,19.327767641154075,0.11863647038409464,0.6099180489232551,0.2607588590450232,4.868249775008263,0.037304693904797466,0.7984146090297016,0.012041551292007886,3.557677204792198,5.99541825824542,-29.454428680265462,10.337109984308965,95.36808461346664,4.868249775008264,0.14512766055770615
Tnull_Bscale,1,1236,decel,0.133992,0.28589551489757825,0.5367866715458441,0.28813993074926597,0.5391947738633698,0.0022386168949160012,0.44770203918718027,0.6099176747306907,0.2607588590450232,0.7701331290018867,0.0032529289897585676,0.057006008764644754,0.0010500102582104232,0.3102256071368936,0.948445629597908,0.2378571781961134,1.6352798695582529,95.36808461346664,0.7701331290018868,0.36302753828427703
X5D_v51_frozen,1,1238,decel,0.13886,-52.64119158707544,0.5699461585274437,0.32483862362018995,6.221516494609402,21.025782947014093,0.11677099703192949,0.610544410130467,0.2708323730895243,5.079713451694786,0.03917406558184872,0.7981864423584161,0.012085275718224204,3.570595589697111,6.009690909365634,-32.37741238321916,10.66363043858974,91.14692428940907,5.0797134516947855,0.14141298706538494
Tnull_Bscale,1,1238,decel,0.13886,0.2998140225118764,0.5500112196728452,0.3025123417660107,0.5419101212360086,0.002632691458251013,0.4598577711367543,0.6105440384581425,0.2708323730895243,0.7631354979007626,0.0032894995362258215,0.05497730378964185,0.0010148170295778522,0.2998277651784212,0.9028478688730555,0.24668338337419038,1.6020184999742122,91.14692428940907,0.7631354979007626,0.3725844916832788
X5D_v51_frozen,1,1240,decel,0.142008,-57.75288930987649,0.5779681858394098,0.3340472238424985,6.491747213482363,23.114154145929355,0.1132567723392283,0.6083395425299135,0.28117341200122103,5.316031640612228,0.04117577040216662,0.8089332260721455,0.012135176483076514,3.585338774301124,6.02836428202524,-35.77069343903968,11.049965008748435,87.07399374153465,5.316031640612229,0.1367667588499151
Tnull_Bscale,1,1240,decel,0.142008,0.3083374097902689,0.5579053516558666,0.3112583814062562,0.5457337866405959,0.0027728246210663166,0.4681965611972087,0.6083391739783528,0.28117341200122103,0.7575898217254678,0.0033278649034195586,0.05345821462367595,0.000980776498421211,0.28977048777302744,0.859104634898244,0.2532160623703724,1.5747349878614134,87.07399374153465,0.7575898217254681,0.38011941808952454
X5D_v51_frozen,1,1242,decel,0.143829,-63.0216648609333,0.5866569681535493,0.3441663982831145,6.758595419241209,25.27300701520207,0.11021231070650629,0.6063381401138954,0.2905025662487654,5.557812954219262,0.043294518087063444,0.8322823414459734,0.012182851269652257,3.599424293461469,6.046656194600534,-39.42847896717392,11.44173234634123,83.13810737477615,5.557812954219262,0.1322986550335856
Tnull_Bscale,1,1242,decel,0.143829,0.31780069209498374,0.566675886031273,0.32112155980932827,0.5497900013965947,0.003035734614448782,0.47736397029489436,0.6063377750992022,0.2905025662487654,0.7519844326965677,0.0033771667116266743,0.052967747612687965,0.0009503170742732485,0.28077124869373815,0.8181260084969181,0.25988833534362044,1.5480917904942397,83.13810737477615,0.7519844326965677,0.38812567221421174
X5D_v51_frozen,1,1244,decel,0.144562,-68.8181478590167,0.5946692294000292,0.35363149239522457,7.038525449593552,27.648496364885176,0.10706305163350414,0.6039902542552626,0.2966400027127132,5.811200506242651,0.045581518192823356,0.8577484685127486,0.012232236626255567,3.614015200660838,6.0657035978305345,-43.42554187571253,11.865758445942378,79.28685449599288,5.811200506242649,0.12780785948826187
Tnull_Bscale,1,1244,decel,0.144562,0.3269065467366722,0.5749417872427413,0.3305580587178775,0.5546112786328682,0.0032381824008692606,0.48651426814819376,0.6039898922255135,0.2966400027127132,0.7468392952190382,0.00343424905204997,0.05257792679990793,0.0009216135991886115,0.2722908048928875,0.7795473233361848,0.26623780203298697,1.5249542096314177,79.28685449599288,0.7468392952190379,0.3959495049138533
X5D_v51_frozen,1,1246,decel,0.144347,-75.2017036734905,0.6012915681423244,0.3615515499190556,7.330710424560337,30.278177078295244,0.10369382210608465,0.6003574946755456,0.3009347238691103,6.08082131459011,0.04809967103868955,0.8848584768276294,0.012286002615791509,3.6299003661786786,6.08611851624338,-47.81715163238437,12.346919063315498,75.46622020052746,6.08082131459011,0.12321641843874455
Tnull_Bscale,1,1246,decel,0.144347,0.3347239687804717,0.5817760639574435,0.3384633885938154,0.5591544356036412,0.0032276817439661487,0.49442552412605506,0.6003571311157611,0.3009347238691103,0.7426564823547417,0.0034990549776396794,0.05216852298499008,0.0008937566033144044,0.26406045343630774,0.7433034346236239,0.2718448852175389,1.5079409515750062,75.46622020052746,0.7426564823547416,0.40293118624399626
X5D_v51_frozen,1,1248,decel,0.143324,-82.25226861949699,0.606382160089794,0.3676993240751645,7.6370793712155045,33.18926466904131,0.10011406646131071,0.5944926282553887,0.3048447145772828,6.3683595389705,0.05084287564150833,0.9169457394896001,0.012343128882701119,3.6467783258909034,6.107654234516464,-52.66285637490936,12.88591464579809,71.72643718274776,6.368359538970498,0.11853252662132464
Tnull_Bscale,1,1248,decel,0.143324,0.3409041401555014,0.5869638221500715,0.34452652851302074,0.5629385641274308,0.0030451753344648558,0.5006641498790648,0.5944922635795883,0.3048447145772828,0.7394743230811279,0.003571569696480259,0.0520675843361512,0.0008670702536190718,0.25617596947839677,0.7092020249555148,0.2764561877200977,1.496272776634585,71.72643718274776,0.7394743230811278,0.40868608760385233
X5D_v51_frozen,1,1250,decel,0.141737,-89.45370155864806,0.6113081022229012,0.37369759584336504,7.935892278961828,36.17786579235717,0.09687413713928392,0.5866217297267619,0.3084138395249093,6.663264139277571,0.053616776065887134,0.9498185365178543,0.012399583603446309,3.6634578772400204,6.12856605699014,-57.82846267405286,13.454173964847243,68.3267094003968,6.663264139277571,0.11410983069349236
Tnull_Bscale,1,1250,decel,0.141737,0.3466636306427525,0.5918511089636995,0.3502877351815609,0.5643962318208096,0.0028703342598772608,0.5055776267988112,0.5866213693291638,0.3084138395249093,0.7368567843269405,0.0036413442733165343,0.0521382449027725,0.0008421086842378341,0.24880107198969786,0.6777272194073041,0.28058479367769595,1.4878292614987696,68.3267094003968,0.7368567843269405,0.4134193621540417
X5D_v51_frozen,1,1252,decel,0.139984,-96.46246494201498,0.6162480452144474,0.37976165323062766,8.215893531237509,39.08761508201491,0.09411837346743301,0.5785202787301632,0.311022983917594,6.951151848754258,0.056358903004624365,0.9805542996915521,0.012450154021242953,3.6783989108551287,6.147215258821918,-63.124297281493526,14.00103195044613,65.26739724783693,6.951151848754257,0.11020211897057831
Tnull_Bscale,1,1252,decel,0.139984,0.3524001902709134,0.5968148206604713,0.35618793015999056,0.5650827596573593,0.0027808161935719555,0.5101731092187675,0.578519922336272,0.311022983917594,0.7340186214693608,0.003708586904910845,0.052501490777389276,0.0008192579291956085,0.24204981475094214,0.6491255792325306,0.2849717136763611,1.478462619581059,65.26739724783693,0.7340186214693608,0.4183172041121703
X5D_v51_frozen,1,1254,decel,0.138593,-103.26320416372182,0.6211325085892795,0.38580559322641134,8.478464860851235,41.91133806304585,0.09174995132076112,0.5730081390928431,0.3149231297090138,7.215290466268589,0.058880725875752306,1.0091055427791324,0.01249218830456011,3.6908179429175902,6.162304806586312,-68.23129425548788,14.488011982991798,62.68295589130139,7.2152904662685895,0.1070864037368884
Tnull_Bscale,1,1254,decel,0.138593,0.3583776197772781,0.6016031829671358,0.36192638975618907,0.5682877010267937,0.002438848641993674,0.5158990964823261,0.5730077895637473,0.3149231297090138,0.7304034487871169,0.003766839055255089,0.05295026655445466,0.0007991759967516985,0.23611660635018614,0.6238097695789315,0.29055220601409515,1.466620639587203,62.68295589130139,0.7304034487871169,0.4248685341176628
X5D_v51_frozen,1,1256,decel,0.138119,-108.53173457477172,0.6289903800110026,0.39562889814638547,8.681049212444593,44.0917120319463,0.09066319527624443,0.5829884413929124,0.3201358880259889,7.415645152792833,0.060753913432002496,1.030631402571281,0.012513562445014366,3.6971329342689625,6.169753461634586,-72.54912474379717,14.763180484198376,60.85423514991999,7.415645152792834,0.10542419419860352
Tnull_Bscale,1,1256,decel,0.138119,0.36776323217814855,0.609494728595111,0.371483824185228,0.5725125507195273,0.0023529105266581474,0.5246781573558971,0.5829881009297181,0.3201358880259889,0.7238563179560233,0.003778541480484919,0.05291174568442103,0.000778271095573877,0.22994025177715607,0.6022422771609128,0.29921569397617653,1.4410642966900065,60.85423514991999,0.7238563179560236,0.4345882626470649
X5D_v51_frozen,1,1258,decel,0.138984,-110.56309668931124,0.6415996471028818,0.4116501071625424,8.768700740159147,44.92497461971743,0.09161733178829892,0.5991429455151359,0.3262175193794674,7.512243312261157,0.06182250821044745,1.0458253977689658,0.012507148903010865,3.695238052817685,6.166888596028155,-75.29603496320176,14.723347687319361,59.77172650839202,7.512243312261156,0.1057085649072939
Tnull_Bscale,1,1258,decel,0.138984,0.38278666842930886,0.6224361792653738,0.3874267972584765,0.5778414697244494,0.0026514407101281834,0.5382048457710712,0.5991426158479161,0.3262175193794674,0.7131102697169835,0.0037582559916920924,0.053087018183297016,0.0007603228769644505,0.22463744928394538,0.5854005797243734,0.3124946866305136,1.3976345019742136,59.77172650839202,0.7131102697169837,0.4491859908980852
X5D_v51_frozen,1,1260,decel,0.141323,-110.10077590169472,0.6545009643735099,0.42837151236585447,8.767873150225922,44.702339187897024,0.0936315537703076,0.6169185964489452,0.3346995492760168,7.510060447318033,0.062166633021181514,1.0496026303777801,0.012478160390486137,3.6866733946844334,6.156310845317701,-76.34556832618907,14.431966937827651,59.30308938282542,7.510060447318033,0.10740412185734344
Tnull_Bscale,1,1260,decel,0.141323,0.3988130502353393,0.6357094794742256,0.4041265422933909,0.5864284416339856,0.0028848713674404225,0.5536126713734721,0.6169182703201364,0.3346995492760168,0.7000751600244001,0.0037365761268635888,0.0531925750257673,0.0007500099966227701,0.22159050803712302,0.5738809068753726,0.3278937925779831,1.345323600833953,59.30308938282542,0.7000751600244002,0.4665652465749546
X5D_v51_frozen,1,1262,decel,0.144882,-106.25033965820973,0.6699525881182867,0.44883647032639074,8.64439617869861,43.10742554918851,0.09747014826152312,0.6346187109567855,0.34518569983286307,7.41410686848044,0.06199468486589115,1.0260538417323406,0.012431763455671067,3.672965416919695,6.137948964984514,-75.54278599459705,13.965214049677217,59.24645677069202,7.414106868480439,0.11077869808389243
Tnull_Bscale,1,1262,decel,0.144882,0.41754297525109474,0.6515675666756637,0.4245402939436455,0.5912858200362869,0.003363429714656807,0.5695013874707344,0.6346183929288873,0.34518569983286307,0.6853220494881729,0.0037287015086342377,0.052738704456250174,0.0007477146670302438,0.2209123527421125,0.5673605518447478,0.3460026447407225,1.2908728298419276,59.24645677069202,0.6853220494881729,0.4853076174489609
X5D_v51_frozen,1,1264,decel,0.149013,-101.82471881466795,0.6854064460304012,0.4697819962600253,8.495760406300777,41.29287182621684,0.1017385760649975,0.6506309939411032,0.35353427924437636,7.285850714115217,0.061713767715795995,0.9841747059080764,0.012382574117166697,3.6584324232819108,6.116906077258506,-73.93178912925585,13.492915519907491,59.280652578687295,7.285850714115216,0.11490400105565866
Tnull_Bscale,1,1264,decel,0.149013,0.43615566310917164,0.6672234047297956,0.44518707181922057,0.5952360245678288,0.0038492258074654395,0.5848454157986742,0.6506306800426206,0.35353427924437636,0.6706515847418203,0.0037171912794591406,0.051102333499455685,0.0007458367594336212,0.22035752480614343,0.5630519915104338,0.3651085539296278,1.2420025514223516,59.280652578687295,0.6706515847418203,0.5039614229674645
X5D_v51_frozen,1,1266,decel,0.152788,-99.60513596538425,0.6972353070258924,0.4861370733634905,8.422515184746258,40.41132384963655,0.10453886019593324,0.664485011308711,0.36134438776189987,7.2101466938529555,0.061710678705969114,0.9519109677086997,0.012353628142894273,3.6498803330783955,6.102261248570056,-72.94811080145436,13.230392623830259,59.14503631484695,7.210146693852957,0.11802605791547971
Tnull_Bscale,1,1266,decel,0.152788,0.4503952205968439,0.6787553067249208,0.4607087664072413,0.5990188968170418,0.003955650745400052,0.5967030144630994,0.6644846964420986,0.36134438776189987,0.6599974919654972,0.003691351214074471,0.04950736688501705,0.0007389576844677679,0.21832510160728896,0.558584629465046,0.38038281806780716,1.2110746591177282,59.14503631484695,0.6599974919654973,0.5182001593948881
X5D_v51_frozen,1,1268,decel,0.155218,-99.30736331863855,0.7064422525630154,0.49906065620630724,8.41624268854679,40.36540121214926,0.10598336353013177,0.6742988178336805,0.3680813831495831,7.211373925538296,0.06219618985653985,0.9375931405355579,0.012353660284738346,3.649889829388564,6.09675441091342,-72.95295892326878,13.236951515470187,58.68349552934524,7.211373925538294,0.1196953593789749
Tnull_Bscale,1,1268,decel,0.155218,0.4600822067335856,0.6873592181359953,0.4724626947565268,0.5973149939212724,0.004272525708509944,0.6033101445373406,0.6742985120556623,0.3680813831495831,0.6548036397747979,0.0036629439745043536,0.04815798740612625,0.000727548835506328,0.2149543563520683,0.5535945050555903,0.3902642009139673,1.201935182026414,58.68349552934524,0.6548036397747978,0.5257200555035118
X5D_v51_frozen,1,1270,decel,0.155519,-102.05636692915478,0.7097743895253796,0.5037796840261254,8.51791468225183,41.59309178228262,0.10500919985039596,0.6732691067926898,0.37234072545601327,7.32823793112696,0.0633134212842904,0.9325991853796297,0.012389403835027882,3.6604502639206022,6.104501377699353,-74.7520197377637,13.583219776511873,57.81476011988707,7.328237931126959,0.11893309628939444
Tnull_Bscale,1,1270,decel,0.155519,0.46275271376268756,0.6902860349863789,0.4764948100972163,0.593512439855249,0.004376967619924899,0.6039850891102965,0.6732688214355715,0.37234072545601327,0.6557844158814434,0.0036469801388910746,0.046969365008185146,0.0007136545269945604,0.2108492818919799,0.5462755041315104,0.3933792278478624,1.2155260146635631,57.81476011988707,0.6557844158814434,0.5265930683550646
X5D_v51_frozen,1,1272,decel,0.153355,-108.03356130354337,0.7074485772305624,0.5004834894255471,8.728268975732409,44.200484927945595,0.10174065748235328,0.6624320091565907,0.37492809080730777,7.572749643660041,0.06508457665344133,0.9452890417384958,0.01246044749550573,3.6814401185745274,6.125651370782963,-78.62139891722377,14.317295625554161,56.563940458232544,7.572749643660043,0.11568726424519998
Tnull_Bscale,1,1272,decel,0.153355,0.4571593531746547,0.6870866529697197,0.47208806868913206,0.5838757323091994,0.004276221370885125,0.5964571396849112,0.6624317354741448,0.37492809080730777,0.6636187311826562,0.003638339711287433,0.0461443601935673,0.0006965604337370063,0.20579883079608532,0.5368059399335374,0.3885515098138739,1.2546599325321337,56.56394045823254,0.6636187311826565,0.518903184520226
X5D_v51_frozen,1,1274,decel,0.148997,-117.83209930101675,0.7003693457029375,0.4905172204003608,9.061906344398505,48.40731554086224,0.09650878718386292,0.6434145233900119,0.3746865622614081,7.926557560302216,0.06733286562186439,0.9779640724608754,0.01255156503603348,3.7083608025488144,6.156054158107159,-84.57756656856725,15.37446869576765,55.07504794723355,7.926557560302217,0.11053204035221946
Tnull_Bscale,1,1274,decel,0.148997,0.44600974916383906,0.6786698316030088,0.46059274032805625,0.5736213183203628,0.0035478010213229605,0.584275301485061,0.6434142816736996,0.3746865622614081,0.6757469518066617,0.003634201711556812,0.046010879829397215,0.0006774539998466572,0.2001538335139096,0.5248097677775561,0.3780451077603698,1.3106888176581688,55.07504794723354,0.6757469518066619,0.5056986371292246
X5D_v51_frozen,1,1276,decel,0.143318,-130.40432280663566,0.6895877612635511,0.4755312804844764,9.472958424072145,53.732253886833476,0.09043362058687611,0.6205413067067967,0.37377886789290377,8.326566446400765,0.06966579028272082,1.030655420110576,0.012639674194086375,3.734392659702159,6.18820307917895,-91.82799253360372,16.550298927995957,53.60439671389759,8.326566446400763,0.10471647368904137
Tnull_Bscale,1,1276,decel,0.143318,0.430727229968367,0.6661876585690911,0.4438059964297679,0.5636194210284745,0.0025585231092125627,0.568806371345632,0.6205410716276102,0.37377886789290377,0.6890993907040959,0.0036327597361418998,0.046780919568145576,0.0006591025423509413,0.1947318940624243,0.512130299909959,0.36421425506068916,1.3696883319993798,53.604396713897586,0.6890993907040958,0.4892588625477051
X5D_v51_frozen,1,1278,decel,0.137643,-141.78296916406313,0.6812433496319144,0.4640925014177107,9.83156876057211,58.518606539383,0.08576977281236756,0.6039597731946883,0.37365117336471343,8.66193457645322,0.07154006435828904,1.0892334684220955,0.01270168138218502,3.7527126879345865,6.2122476255144505,-98.40645030835776,17.491579466859342,52.45609885308659,8.66193457645322,0.10018083625649246
Tnull_Bscale,1,1278,decel,0.137643,0.418128628497472,0.6560836219375056,0.43044571897463574,0.5544179049034782,0.001981172457120872,0.5556064030637069,0.6039595429478911,0.37365117336471343,0.6988670890638925,0.003623704512100526,0.048113958647855865,0.0006433757160934695,0.1900854021011211,0.5012200653638601,0.3528962061682025,1.4112654762325842,52.45609885308659,0.6988670890638925,0.47547183770062734
X5D_v51_frozen,1,1280,decel,0.138366,-134.94461732423952,0.6999354548940372,0.4899096410177228,9.63902753653305,55.52715972123595,0.09029425716497036,0.6487036181243252,0.3869058214856742,8.295117395599863,0.06941457981596959,1.0594957720606346,0.012602782978139722,3.7234931472682757,6.175330104417318,-92.7571438835677,16.080715287360874,53.64136982662604,8.295117395599863,0.1067439997320821
Tnull_Bscale,1,1280,decel,0.138366,0.44664967635634667,0.6761295012013716,0.45715110239481554,0.5818599222813885,0.0016146725287179975,0.5871061177119251,0.648703395853631,0.3869058214856742,0.6733594032460646,0.0035336696916167,0.04667387783640824,0.0006415665463645093,0.18955088277315096,0.5012848397014399,0.3821925313626955,1.3053583612223427,53.64136982662603,0.6733594032460646,0.5079490560224895
X5D_v51_frozen,2,1120,decel,0.138366,-176.6340723645628,0.7693420147836698,0.5918871357113964,11.476955275319781,62.57297776306541,0.09042497361509137,0.6163417167879718,0.4172456832960135,10.768765943993847,0.1469863343753927,0.7970918658405425,0.014413157767729352,3.472871918398414,6.217168056884494,-182.27536144317517,17.769748334301067,23.62717550006346,10.768765943993849,0.09157091227375606
Tnull_Bscale,2,1120,decel,0.138366,0.5572708599183531,0.7490302211590751,0.561046272209613,0.7075881289109321,0.0020579652813562666,0.7053851919441035,0.6163417047344976,0.4172456832960135,0.5279827419210525,0.007108872724512275,0.03699177332059424,0.000697080477341686,0.1679625834696658,0.3048220617598867,0.55943330502561,0.8712345033391778,23.62717550006346,0.5279827419210527,0.71692409709037
X5D_v51_frozen,2,1122,decel,0.14356,-151.53088809809947,0.7936577995844541,0.6298927028412376,10.724012511886428,53.54883608880267,0.10039553526321854,0.6640197351807339,0.4276362593040401,10.020030477914053,0.1321580111077549,0.7411162992322097,0.014296812501396949,3.444838352486227,6.175472654631846,-159.77017513385306,16.351748651513592,26.066057771386113,10.020030477914053,0.10021652659049876
Tnull_Bscale,2,1122,decel,0.14356,0.5901257745388422,0.7735784494264965,0.5984236174171025,0.7027068814927091,0.0032750637368669233,0.7262160947454559,0.6640197255450105,0.4276362593040401,0.5060236873616966,0.006468436108056527,0.03514130644172783,0.0006997534045722595,0.1686066292831214,0.3118688561662612,0.589976174028634,0.8257831316669905,26.066057771386113,0.5060236873616967,0.7369926291585579
X5D_v51_frozen,2,1124,decel,0.145546,-148.6966170271196,0.7977035641862177,0.6363309763153951,10.62982210215472,52.66239305877113,0.10176017495705242,0.6676143128904035,0.43071370672352083,9.999442813735554,0.1300541683177096,0.7302054078522527,0.014306778982978266,3.4472397911276946,6.172691344305917,-157.42744177933088,16.464219946802267,26.506184582307466,9.999442813735554,0.10149718622960689
Tnull_Bscale,2,1124,decel,0.145546,0.5920949652392612,0.7760765767534678,0.6022948529853811,0.6937054734230789,0.003414889082254291,0.7252502709436432,0.6676143029335281,0.43071370672352083,0.5060106552158316,0.006302834970057558,0.034282890273492746,0.0006933516091734597,0.167064107108168,0.3123621635484391,0.5943064235125393,0.8331534944582266,26.50618458230747,0.5060106552158316,0.7377138806156389
X5D_v51_frozen,2,1126,decel,0.142589,-159.42705262616275,0.7910925977036118,0.6258274981414487,10.952856959631024,56.79142517696617,0.09748981362327813,0.6411742672779726,0.42682721501908744,10.589974958116127,0.14048802734685323,0.7417794865991134,0.01441772669768316,3.473972808903424,6.202634052856893,-172.21074272791145,17.83580275658472,24.7278922945261,10.589974958116127,0.0963619783757729
Tnull_Bscale,2,1126,decel,0.142589,0.5776430190392483,0.768333023776729,0.5903356354258915,0.6737983076276467,0.003755803829255555,0.7102698718407773,0.6411742559564068,0.42682721501908744,0.5201426986036901,0.006613490169395018,0.03399765013968628,0.0006787161552545454,0.16353767259970717,0.3046517888346408,0.582140797784857,0.8760325321131303,24.7278922945261,0.5201426986036902,0.7261550437769906
X5D_v51_frozen,2,1128,decel,0.134389,-192.6261773323859,0.7685979772952735,0.5907428507023857,11.914116887449687,68.99432840647866,0.08641260849677379,0.580683660340433,0.41093452937424285,11.873733579494559,0.16552371602138652,0.8183974654943522,0.014592048028345158,3.5159757942165637,6.260090306956465,-211.15641556352278,20.500490782315488,21.241522838710807,11.873733579494559,0.085093703695359
Tnull_Bscale,2,1128,decel,0.134389,0.5367639420292674,0.7414440482171704,0.5497392766366657,0.6420096265077159,0.003088130386704746,0.6726858753651425,0.5806836503873939,0.41093452937424285,0.5495734637907507,0.007434782013931973,0.03565580402570054,0.0006554269009617619,0.15792609194977233,0.2897470699172802,0.5455008468948379,0.9488612535575413,21.241522838710807,0.5495734637907507,0.6940531492389356
X5D_v51_frozen,2,1130,trough,0.122509,-245.7865002445609,0.7350819907582378,0.540345533137094,13.318041273299727,87.99598147160097,0.07350671455086016,0.4986865977570233,0.3853113859711259,13.553702091595746,0.20689415322401258,0.9035043641717675,0.014732010642897354,3.5496999955010486,6.320825680657661,-276.76058736601175,23.291419677397535,17.15708220936358,13.553702091595742,0.0715618285599836
Tnull_Bscale,2,1130,trough,0.122509,0.4735199475537786,0.6968001272519798,0.48553041733837526,0.6009282774781499,0.0028190582055408475,0.6139988377477715,0.49868658680024736,0.3853113859711259,0.5841033408188772,0.00872366872438818,0.037219719548574386,0.0006211735734921748,0.1496727014715819,0.2723990369461643,0.48413729515213333,1.003754985467642,17.15708220936358,0.584103340818877,0.6414666771100537
X5D_v51_frozen,2,1132,trough,0.110418,-308.229551187872,0.7070622253989669,0.4999369905861395,14.809422515747096,109.85292241967036,0.0634286726428171,0.44562606976979974,0.3621296752669484,15.072699606662969,0.2558871206763277,1.026645064077148,0.01480575954706352,3.5674699042482336,6.363920917368297,-354.0363834369721,25.117529521984398,13.9415766405873,15.072699606662967,0.061000730822500564
Tnull_Bscale,2,1132,trough,0.110418,0.4208527122241089,0.6566603997049336,0.4312028805406432,0.5731138480729855,0.0033701420269445226,0.5651491174570572,0.4456260604776295,0.3621296752669484,0.6047311709722244,0.010157052314229583,0.039555709513777,0.0005876922366157224,0.14160532328128633,0.2553266135970446,0.428500989077923,1.0077393855208594,13.9415766405873,0.6047311709722243,0.5943853964190848
X5D_v51_frozen,2,1134,trough,0.103096,-326.3272272126003,0.7055894268172618,0.497856439236312,15.21237328773166,116.37830566455014,0.06154733784373011,0.4456146192751938,0.3592554706705266,15.566874539356633,0.2737711338985905,1.0719544458371175,0.014832965025921671,3.574025105063741,6.373751973353356,-379.207964072722,25.850014582495472,13.054791621631013,15.56687453935663,0.05899695946864239
Tnull_Bscale,2,1134,trough,0.103096,0.41952768488077175,0.6553186243210047,0.42944249938197415,0.5727734071196545,0.0031011016183842832,0.5639384099023456,0.4456146099437701,0.3592554706705266,0.602738662445458,0.010529885367037875,0.04018316909274858,0.0005705109196577767,0.13746545926634104,0.24678728729170285,0.4299978954529181,1.0008947637020558,13.054791621631011,0.6027386624454578,0.5966596395028857
X5D_v51_frozen,2,1136,trough,0.106265,-269.405576808964,0.7508500815522716,0.5637758449670529,13.930366180259227,96.26970805785521,0.07180724898394605,0.5608016928175756,0.3951477149223827,13.922953564719704,0.22647713558448643,1.0388830283459216,0.014726588064417673,3.548393417107134,6.322380621199067,-301.19244697082974,23.252578725720404,15.667777711641975,13.9229535647197,0.07077569594221847
Tnull_Bscale,2,1136,trough,0.106265,0.5025297537758271,0.7175462499590519,0.5148726208302982,0.6226631836123548,0.0033400707751194414,0.6423777570173956,0.5608016795461489,0.3951477149223827,0.5532132856034546,0.008862784668127083,0.039325011756060166,0.0005762991419610868,0.13886014008636374,0.25121285796370185,0.5229036890038162,0.9239157062338265,15.667777711641977,0.5532132856034546,0.6751904110508621
X5D_v51_frozen,2,1138,trough,0.125362,-152.6917325905255,0.8182945293470384,0.669605936759291,10.806287707690265,53.60133079665397,0.10319607155575927,0.7416161429786817,0.44084713079819937,9.903071825930258,0.14551957101950408,0.7928053050537492,0.014195826630179724,3.4205056557963642,6.156445601812186,-166.13754094185248,15.4053847983596,23.50546824617777,9.903071825930262,0.10234501125566013
Tnull_Bscale,2,1138,trough,0.125362,0.6199263651819887,0.7946890770471152,0.6315307291779958,0.7031363021543171,0.003222453405435588,0.7462154319292017,0.7416161355952693,0.44084713079819937,0.4632014818645761,0.006457433767698885,0.03431468439053308,0.0006299400802235406,0.15178500437844222,0.2879586027348823,0.6343428832233069,0.7205640020311446,23.50546824617777,0.46320148186457627,0.7682675665804254
X5D_v51_frozen,2,1140,accel,0.164472,-70.69913175602649,0.852541288970477,0.7268266493994423,7.747075937639074,23.89135038373412,0.15557215844993744,0.8297544251622366,0.4664814346447999,6.303585348810693,0.08290360994120752,0.526917768914196,0.013248854449616104,3.1923312927329666,5.87314712968272,-71.962340159086,9.340937288252466,38.50654145213775,6.303585348810697,0.15780862343182517
Tnull_Bscale,2,1140,accel,0.164472,0.6922733991518333,0.8346004162028301,0.6965578547259372,0.7800665045787621,0.0013105080570823269,0.8088434122081457,0.8297544192284608,0.4664814346447999,0.4095297371467845,0.005000380066308539,0.03100499574322805,0.0007991124600999326,0.1925473422997531,0.38156513589478946,0.6920399614801818,0.6068596490225,38.50654145213775,0.4095297371467847,0.8149198873996647
X5D_v51_frozen,2,1142,accel,0.225431,-28.638256278626244,0.8642668482987793,0.7469571850683052,5.355042689951054,9.218145803726856,0.2379858661393258,0.8616779870671537,0.4765515889972614,3.9440805689450142,0.0476761408011306,0.31910410057747757,0.011970579233165309,2.884328967722964,5.472807000984928,-27.929180996435896,5.800865239462376,60.49837338458747,3.9440805689450156,0.24392248012528572
Tnull_Bscale,2,1142,accel,0.225431,0.7200143565171677,0.8493997706995143,0.7214799704643875,0.8219148413348203,0.000710192605037463,0.8329694603312879,0.8616779811226913,0.4765515889972614,0.394819081364202,0.004378402212381071,0.02872856822886969,0.0010993341683547295,0.26488621187253386,0.5478510377363862,0.7101049165047817,0.5806910495174513,60.49837338458747,0.3948190813642021,0.8298945565628015
X5D_v51_frozen,2,1144,accel,0.307278,-10.915824609616699,0.8704046786273615,0.7576043045764004,3.7517946353739933,3.3710208313527428,0.3540502486702413,0.8772058934266855,0.48479562970938744,2.5102522127025892,0.02905723116478167,0.18810661297525758,0.010489498384431764,2.527460322327241,4.967209930190317,-10.42364667509135,3.7487636574280097,86.98214595858008,2.51025221270259,0.3623564759592498
Tnull_Bscale,2,1144,accel,0.307278,0.7298676357310752,0.8550969608145846,0.7311908123943393,0.8286797015922243,0.0006253050784427172,0.8399059417541723,0.8772058868832829,0.48479562970938744,0.3959348041899819,0.0041705961564064455,0.026394901713216446,0.0015055619510563043,0.36276740361083853,0.7834636221525552,0.715804364335475,0.5912816238732793,86.98214595858009,0.395934804189982,0.8326639183664317
X5D_v51_frozen,2,1146,accel,0.406197,-3.870967155221087,0.8747826014547052,0.7652445998078616,2.7252547301077863,1.2119646561070834,0.4946593762139849,0.8876438917799736,0.4959800314296659,1.6324996067765236,0.01886612453612175,0.11235878435882371,0.008957624932326215,2.158353123190857,4.387531732986825,-3.624359115953582,2.5080023127316555,114.40362958796322,1.6324996067765238,0.5034107544950868
Tnull_Bscale,2,1146,accel,0.406197,0.7345416493139565,0.8583500150348702,0.7367647483103619,0.818479822373085,0.0006334667335174959,0.8410945419996407,0.8876438853730331,0.4959800314296659,0.40299448228270535,0.004200731814097372,0.024181318107091107,0.0019945050166466118,0.48057896645836856,1.0830943369874957,0.7181983172845849,0.6191187363155546,114.40362958796322,0.4029944822827053,0.831139184108886
X5D_v51_frozen,2,1148,accel,0.515946,-1.0341675679237765,0.8774678317767454,0.7699497958029827,2.0542562566453033,0.41928636682213716,0.6392843524005475,0.894736771379849,0.507394133223523,1.0834053571250926,0.0129381465706062,0.06932996832026163,0.007522605128081401,1.8125829553470252,3.7856653045944526,-0.937704470232916,1.7254639535078475,140.09602885972708,1.0834053571250926,0.6449217339283624
Tnull_Bscale,2,1148,accel,0.515946,0.7377117250113387,0.8612701187083889,0.7417862173799623,0.8032125899347982,0.0007038157213271612,0.8406370004198003,0.8947367646649781,0.507394133223523,0.41202031831352287,0.004392125357282025,0.022442300430334954,0.002553706170784094,0.6153193208093217,1.439692921554726,0.7197517880745617,0.6561959498237258,140.09602885972708,0.41202031831352287,0.8287816095097861
X5D_v51_frozen,2,1150,accel,0.628717,0.1004221217269704,0.878651103256307,0.7720277612535255,1.6110715284377368,0.13516596030360872,0.7588726846402135,0.8999523231807379,0.5198989386138773,0.7448094075464204,0.009453185246818487,0.04522563688210023,0.006353721472619528,1.5309386905477271,3.2498440883440027,0.12675538383038,1.2332637454863924,161.9495070260018,0.7448094075464201,0.7590085054492359
Tnull_Bscale,2,1150,accel,0.628717,0.7415361380217474,0.86456463134714,0.7474720017764162,0.7924773984842176,0.000739294612835395,0.8413124670684221,0.8999523162567208,0.5198989386138773,0.4201567917231098,0.004695968678169553,0.02114741534812678,0.0031562776192581615,0.7605098124391044,1.8332798322956592,0.7221129002595507,0.6957003139352719,161.9495070260018,0.42015679172310966,0.8279226886579001
X5D_v51_frozen,2,1152,accel,0.736242,0.5421315812275145,0.877860820675891,0.7706396204777488,1.3149684572050488,0.03744495333812781,0.8345006250282374,0.9046870567235363,0.5314328985073365,0.5525514818566569,0.007522800787812259,0.03192253314409239,0.005568859478478493,1.3418250193317356,2.8982215951341326,0.5385869701912922,0.9499841886517254,178.36774589400738,0.5525514818566568,0.8290248745142227
Tnull_Bscale,2,1152,accel,0.736242,0.7453086953354493,0.8673536057695435,0.7523022774414286,0.7885125015193529,0.000777662386589828,0.8430282563982691,0.9046870495546817,0.5314328985073365,0.42644477528886915,0.005085291629114044,0.020218767709349297,0.003764458914756766,0.9070520050987367,2.2367715904433116,0.7251663192570097,0.7331729389202127,178.36774589400738,0.4264447752888691,0.8288350253726661
X5D_v51_frozen,2,1154,peak,0.830951,0.7003072474510461,0.875233875148528,0.7660343362075092,1.1168579870090738,0.007344877324065413,0.8670818553561219,0.9095763796172587,0.5389981467633297,0.4636268073742401,0.006647388558069745,0.024888726807058205,0.005208357598731736,1.2549615522915363,2.815767155641796,0.6855881130577501,0.824307535831227,188.79016042593867,0.4636268073742401,0.857700587172786
Tnull_Bscale,2,1154,peak,0.830951,0.7476503301284138,0.8686095553764194,0.7544825596912209,0.7909271363083621,0.0007976713305419825,0.8448380793018038,0.9095763721952781,0.5389981467633297,0.43132384914566024,0.005531397315757049,0.019552252296462846,0.004333956859818827,1.0442733866213798,2.619580034096249,0.7278747614889497,0.7668743342261137,188.79016042593867,0.43132384914566024,0.8308129850967172
X5D_v51_frozen,2,1156,peak,0.906964,0.7460933910468208,0.871608521846155,0.7597014153548393,0.9865053830001963,0.0004067356049674009,0.8713484700019535,0.9142502440716792,0.541454557017782,0.43623565006199017,0.006107109924354249,0.021479455005904584,0.005195297491958637,1.251814700033724,2.9574310039813274,0.7284341360710007,0.7974597754380448,204.9766117753461,0.43623565006199017,0.8601930283550733
Tnull_Bscale,2,1156,peak,0.906964,0.7483533907248243,0.8683127413760908,0.753967016836062,0.799269905032317,0.0008467128608445895,0.8465269148069878,0.9142502363014183,0.541454557017782,0.43520511830495895,0.0056823734942310225,0.019189271310634012,0.004833975665842009,1.1647536656895092,2.9504445814631346,0.7297156759430321,0.7955759137604695,204.9766117753461,0.43520511830495895,0.8333857727109074
X5D_v51_frozen,2,1158,peak,0.960739,0.750900146196129,0.8674977740233258,0.7525523879354253,0.9046447535042959,0.0002723436547366065,0.863030687023569,0.9168620734095906,0.5402278476452571,0.4359399579277185,0.005766047287708723,0.01999889393145213,0.005383017267845528,1.2970460607606062,3.185588493662978,0.7336502392282498,0.8144663863857832,224.94544287305325,0.43593995792771856,0.8517505033709771
Tnull_Bscale,2,1158,peak,0.960739,0.7465452145217327,0.866372353599429,0.7506010550814141,0.8104568381543666,0.000929295692194243,0.8471109687382509,0.9168620650152483,0.5402278476452571,0.43940317932300127,0.0056268575498287276,0.019100091382853058,0.005253073699031572,1.2657359635298064,3.2108956444005794,0.7294015247937811,0.8209367210357158,224.94544287305325,0.4394031793230014,0.8351973314750575
X5D_v51_frozen,2,1160,peak,0.991296,0.7429297810102165,0.8625587850646397,0.7440076576921872,0.8581560413574262,0.001058492529819377,0.8520450897599019,0.9162954826582371,0.5338575673226454,0.4439697694197978,0.005719352824719163,0.019591168313088367,0.005618966329053965,1.3538983399105582,3.3870144919490937,0.7273768131039653,0.843569692789585,236.72229733038694,0.44396976941979777,0.8416854292075853
Tnull_Bscale,2,1160,peak,0.991296,0.7412939485256883,0.8624577962970199,0.7438334503935119,0.8234954116279425,0.0010214344487224913,0.8459318305380219,0.9162954747336343,0.5338575673226454,0.44515955358425285,0.005690371875680666,0.019358117102090913,0.0055904940557352885,1.34703790307535,3.3960912725879364,0.7259136622362037,0.8458303554094904,236.72229733038694,0.4451595535842529,0.8354686820992183
X5D_v51_frozen,2,1162,peak,1.0,0.7323029396897263,0.8565761033940835,0.7337226209057917,0.838800473365193,0.0011037081931413173,0.8429643692580284,0.9115087992787309,0.5250625373024669,0.45296810171800744,0.005852338861565245,0.020066906102446627,0.005852338861565245,1.4101298006178413,3.5071829880294616,0.7188607277701397,0.8714415631345732,240.95149545744061,0.4529681017180074,0.834089958055024
Tnull_Bscale,2,1162,peak,1.0,0.7323029408442494,0.8565761014118541,0.7337226175099311,0.8388003888069404,0.0011037007070691107,0.8429643561780263,0.9115087918842891,0.5250625373024669,0.4529681013718006,0.005852337705894959,0.020066897933403608,0.005852337705894959,1.4101295221573575,3.5071829853488965,0.7188607281998933,0.8714415624685242,240.95149545744061,0.45296810137180055,0.8340899533440345
X5D_v51_frozen,2,1164,peak,0.989996,0.721242773909713,0.849585026540837,0.7217947173223948,0.8404457990081465,0.0004684179327872906,0.8366801275157496,0.9022505746965579,0.5144000778239576,0.46175930467791454,0.006148815254142873,0.021391421812605935,0.006094941264179492,1.4685852123293122,3.54375938715608,0.7097503596657309,0.89634919408059,238.84035405679606,0.46175930467791465,0.8294387824899605
Tnull_Bscale,2,1164,peak,0.989996,0.7196322947354055,0.8490387817094107,0.7208668528466003,0.8525130068572311,0.001222487870817135,0.8377502564527597,0.9022505677164351,0.5144000778239576,0.46312882446331316,0.006099880786063084,0.021154181605301844,0.006046435544555012,1.4568976866475545,3.554269729982388,0.7080261189524246,0.8990076525967119,238.8403540567961,0.46312882446331327,0.830433231133054
X5D_v51_frozen,2,1166,peak,0.965439,0.7080241784240024,0.8416149654457982,0.708315750062332,0.8586903016348031,4.532362041231863e-09,0.8319417600724615,0.8888927418695506,0.5022971413268332,0.4718913408762225,0.00658176799578274,0.0233532029996233,0.006334286640543956,1.526255838695154,3.5243099725227878,0.6982506262533553,0.9218600516618899,231.89146741013974,0.4718913408762226,0.8262948430383181
Tnull_Bscale,2,1166,peak,0.965439,0.7040794880822101,0.840228802647202,0.7059844407979508,0.8632389412478533,0.0013754862373194232,0.8305692173884875,0.8888927359596831,0.5022971413268332,0.47507684536342276,0.006401931314012074,0.02241375689088208,0.0061612120059549545,1.4845532466651838,3.5481008418591693,0.6941629549027066,0.9280830718293863,231.89146741013974,0.4750768453634228,0.8247117171231657
X5D_v51_frozen,2,1168,peak,0.930694,0.6914638014144664,0.8340318675651514,0.6956091561142141,0.8910038165003832,0.0008995517342691439,0.8280931732038579,0.8727890941081181,0.490066931655915,0.48455171568449945,0.0071256331857108305,0.02579618707174691,0.006559189092449785,1.5804464208139084,3.472445923693799,0.6827197808121577,0.9503013945356311,221.79733079485595,0.48455171568449945,0.8236418150679425
Tnull_Bscale,2,1168,peak,0.930694,0.6886029303653344,0.8317586209627448,0.6918224035458469,0.8728736176602193,0.0015290302270792866,0.8234147281320054,0.8727890887134091,0.490066931655915,0.486831165314558,0.0067217745027761166,0.02368453072450556,0.006187434695477938,1.4908716429206628,3.48878115751911,0.679727632124538,0.9547718444217869,221.79733079485595,0.48683116531455806,0.818609004610777
X5D_v51_frozen,2,1170,peak,0.889659,0.6677050877589927,0.8270600697551235,0.6840283589833497,0.9356882409024833,0.004523191657536896,0.8232507411882248,0.8550155829406972,0.4781386945076029,0.5025646485451353,0.007788649685508852,0.02878732023557218,0.00678353988191328,1.634504079042195,3.418646342141975,0.6591652798701562,0.9875822883507728,209.8571825721301,0.5025646485451353,0.8195197145726525
Tnull_Bscale,2,1170,peak,0.889659,0.6739917607407512,0.8240148761141375,0.6790005160573973,0.8817706407994338,0.0016730269622629024,0.8167661784191829,0.8550155775708557,0.4781386945076029,0.4979821040306866,0.007043786026274112,0.024975591943573818,0.00613479940146675,1.4781890901148251,3.3874740360767266,0.6653526206434838,0.9785771985356619,209.8571825721301,0.49798210403068655,0.8125162561065384
X5D_v51_frozen,2,1172,peak,0.845329,0.632066391103596,0.8206156105886334,0.6734099803417556,0.9907315582600466,0.012404153586016653,0.8154753011895168,0.8361346209843934,0.46755852526408054,0.5287537716024362,0.00858424395302859,0.03227606799765619,0.007023209033412115,1.6922527195108552,3.3891068004308353,0.6230277702635441,1.0402727720307,197.13474229886197,0.5287537716024364,0.8120741267398516
Tnull_Bscale,2,1172,peak,0.845329,0.6606559227715305,0.8170501903663253,0.6675710135776485,0.8885117903821582,0.0018083305292949658,0.8105558171530802,0.8361346151713923,0.46755852526408054,0.5083627876693575,0.007351967028792957,0.02617038367062213,0.006015020254841394,1.4493281256108295,3.258408494288002,0.6515424273336602,1.0001554499051069,197.13474229886197,0.5083627876693576,0.8063955904637217
X5D_v51_frozen,2,1174,accel,0.799638,0.579922805846974,0.8147343177725109,0.6637920085562388,1.0547481105705405,0.026262581975969312,0.8035880843925456,0.8162124839772168,0.45933073186791823,0.5646860594152189,0.009523405434135103,0.03599861083097538,0.007285147488501098,1.755367181982357,3.3940343479645483,0.5704132219531968,1.1123116293953126,184.32137475640047,0.564686059415219,0.8004882266221723
Tnull_Bscale,2,1174,accel,0.799638,0.6492615968032629,0.8110055114201378,0.6577299395538392,0.8916912981835781,0.001958146564940977,0.8048277991618455,0.8162124778333358,0.45933073186791823,0.5172919376925347,0.007632257747052321,0.027010637415978297,0.005838470675440789,1.4067882404318717,3.109172920386569,0.6394975729755685,1.0189552734553207,184.32137475640047,0.5172919376925348,0.8005577630466189
X5D_v51_frozen,2,1176,accel,0.753564,0.5045911233648186,0.8090480502639605,0.654558747635916,1.127905832394112,0.04829733904613831,0.786504841586965,0.7951622337333323,0.4522214532734021,0.6122678832585988,0.010639437560695495,0.040411702810847855,0.007579102110392304,1.8261959877236698,3.4361435181571425,0.49549632841505964,1.2078639469900692,171.64403449953534,0.6122678832585987,0.7840847085836709
Tnull_Bscale,2,1176,accel,0.753564,0.639357163965919,0.80550869179,0.6488442525492372,0.8914323306930738,0.0021042168609722856,0.7992811084240602,0.7951622279429379,0.4522214532734021,0.5247461696122372,0.007889005418747142,0.02778792321565833,0.005619806242296724,1.3541007182624556,2.9449579157973154,0.6294217487416307,1.0352037023768803,171.64403449953534,0.5247461696122372,0.7951147050341268
X5D_v51_frozen,2,1178,accel,0.707404,0.39682701366730855,0.8031161917789896,0.6449956174975868,1.2112775411762775,0.08157291668846345,0.7633470709473749,0.773085598425384,0.4454613972415809,0.6741450435132926,0.011972724140065222,0.045734176443968516,0.007914881799516906,1.9071026059624774,3.5165832867765046,0.3891168064181113,1.3322872762259117,159.28727528103627,0.6741450435132925,0.7620196736599075
Tnull_Bscale,2,1178,accel,0.707404,0.6299260903203452,0.8000673635666998,0.6401077862445699,0.8895749139072838,0.0021700943562524833,0.793659827737298,0.773085593156382,0.4454613972415809,0.5315080504810517,0.008127489048289183,0.028558474100027296,0.005372888775480181,1.2946055853784466,2.772537371732489,0.6202732612704506,1.050399197741164,159.28727528103627,0.5315080504810515,0.7898960145856758
X5D_v51_frozen,2,1180,accel,0.661118,0.2458446621572934,0.796656046339689,0.6346608561695847,1.3056868720463226,0.1297038124927139,0.7339391500808479,0.7503936614318547,0.43859884715834735,0.7529155576924877,0.013586171271165647,0.052017490424211776,0.008294152206805395,1.998488377781391,3.6335892510689707,0.23884870886287035,1.490319916804955,147.09724600799382,0.7529155576924879,0.7337026177989977
Tnull_Bscale,2,1180,accel,0.661118,0.6201547497630127,0.794296843285188,0.6309074752528145,0.8869417388233657,0.002169648820521952,0.7876577844266073,0.7503936566240289,0.43859884715834735,0.5383634720305251,0.008367453699542336,0.029299958079134894,0.005108204009962159,1.230829395302077,2.5981555370346743,0.6108387257854697,1.0656358427581532,147.09724600799382,0.5383634720305253,0.7845237667670745
X5D_v51_frozen,2,1182,accel,0.614643,0.032655292562231986,0.788909695449964,0.622378507574955,1.4143442247536422,0.19855486456740967,0.6976031405687728,0.7267534384948128,0.43153461917901287,0.8521527533352784,0.015551543296664022,0.05975020803792442,0.008716645965699786,2.10028888080843,3.784975177883523,0.025664164473185425,1.6884796032548013,135.0534053593874,0.8521527533352785,0.6985019369844857
Tnull_Bscale,2,1182,accel,0.614643,0.6103495808407016,0.7876270145800489,0.6203563140962806,0.8758896562765696,0.0022164393363305335,0.7797837623490003,0.7267534337897447,0.43153461917901287,0.544748531802445,0.0086094826439126,0.030132600897125997,0.004825618314738014,1.1627399494429387,2.4195892848914036,0.6018324070706688,1.0793801712796143,135.0534053593874,0.544748531802445,0.7776366953992262
X5D_v51_frozen,2,1184,accel,0.568077,-0.26386065718392704,0.7796951010828881,0.6079244506526551,1.5393123064391068,0.2947668091633906,0.6550833218327646,0.7026064975930167,0.42390208069757307,0.9746659241068092,0.01793697064201112,0.06917969742822078,0.009169588312483518,2.209426016621973,3.9639053227756316,-0.27470519923566195,1.9310718284280393,123.17721095262095,0.9746659241068094,0.6566981701769523
Tnull_Bscale,2,1184,accel,0.568077,0.601208023601337,0.7797493433777692,0.6080090384980623,0.8442176665209736,0.002644850207828675,0.7675154532422022,0.7026064928893188,0.42390208069757307,0.5499608629089281,0.008842661674955628,0.0310018972920598,0.004520471642854171,1.0892144025186659,2.2366564151719373,0.5941535408725729,1.089618404454473,123.17721095262095,0.5499608629089282,0.7668475988766021
X5D_v51_frozen,2,1186,accel,0.521728,-0.6719136162185269,0.7683999470847642,0.5904384786798684,1.6824225694172332,0.42691474076287195,0.607297909478552,0.677180702754227,0.41505884595080433,1.1228727678928578,0.019749395763788605,0.08033357712522168,0.009636752371036372,2.3219898951542506,4.1616317390283895,-0.6936727399337035,2.2211959766613414,117.5727056628093,1.122872767892858,0.6093217860168789
Tnull_Bscale,2,1186,accel,0.521728,0.5876406009214992,0.7692782463776626,0.5917890203498918,0.7975262662107587,0.003350468803901663,0.7484691059685415,0.6771806975735964,0.41505884595080433,0.5569654378882435,0.008631479929053306,0.03190878335226044,0.0042117458005662385,1.0148264491330306,2.0642454872311293,0.5832986657121562,1.1017538452716604,117.57270566280931,0.5569654378882436,0.7502977489935471
X5D_v51_frozen,2,1188,accel,0.476028,-1.226834383910738,0.7549040239601287,0.5698800853911945,1.8459673972351778,0.6062951847996034,0.5558669972224746,0.649283936164388,0.4040655359615874,1.2990582525358747,0.021583922018392935,0.09339672893041287,0.010106051010992823,2.4350681042679003,4.369206878643532,-1.2717978549136526,2.5616263179132446,112.81861110287717,1.299058252535875,0.5579810144281365
Tnull_Bscale,2,1188,accel,0.476028,0.5666842894601425,0.755413677170376,0.5706498236560691,0.750461510856186,0.003941010244723153,0.7234978938059535,0.6492839300506493,0.4040655359615874,0.5679687333950268,0.008366272457005807,0.03293472136067383,0.003917266572327074,0.9438712387076509,1.910286079904238,0.56572853901806,1.119983382097311,112.81861110287717,0.567968733395027,0.7286682545136783
X5D_v51_frozen,2,1190,accel,0.431376,-1.9755836887050964,0.7388479585175114,0.5458963058054942,2.0327398535843786,0.8473237583908615,0.5023570847522371,0.6192075693906359,0.3909023109543768,1.5054574092106259,0.02359488262619624,0.10830542436803343,0.010564011291615497,2.545414318744043,4.578632646458931,-2.0618762749655284,2.9535833117098416,107.87993138469756,1.5054574092106257,0.5045322498244682
Tnull_Bscale,2,1190,accel,0.431376,0.538493579942821,0.7374562444463604,0.54384171247293,0.7058911872612934,0.0043517796950124366,0.6928684066661467,0.6192075628170225,0.3909023109543768,0.5824158457326237,0.008123671682935738,0.03401322818392382,0.003637168310921372,0.8763811437469179,1.7713342063158233,0.5417346137213985,1.1426518690643204,107.87993138469754,0.5824158457326236,0.7023615050609958
X5D_v51_frozen,2,1192,accel,0.387986,-2.9707270773186636,0.7201071592865971,0.5185543208558125,2.244179599905364,1.1664845939208317,0.4487265543189542,0.5866502194751941,0.3776643806326377,1.7448443479030709,0.02579990270585553,0.12666268611283965,0.011002579949684482,2.651088092766528,4.784597624760864,-3.133487548919896,3.3993816154163587,102.75573993404396,1.7448443479030713,0.4506155373045712
Tnull_Bscale,2,1192,accel,0.387986,0.5041498616983525,0.7150859284527186,0.5113478850710865,0.6640632802165775,0.00459471273970502,0.6569875495427568,0.5866502125013053,0.3776643806326377,0.5996318764264654,0.007904554591514998,0.03553664247847509,0.00337096208661479,0.8122383559001681,1.6442711667254946,0.5118282140862459,1.1682288905548703,102.75573993404394,0.5996318764264656,0.6715488337921911
X5D_v51_frozen,2,1194,accel,0.345798,-4.293802862646704,0.6978544799717628,0.4870008752166594,2.484706975426819,1.5879618973494019,0.39580397144578966,0.5502995214256982,0.3633936225287661,2.0225532124788566,0.028268469384013478,0.14908627343522982,0.01141825338891546,2.7512452295711696,4.985523507726362,-4.590895491654514,3.904539559575804,97.32558180624619,2.0225532124788566,0.39703804933216646
Tnull_Bscale,2,1194,accel,0.345798,0.46403911999087477,0.6874119827262026,0.4725352339955691,0.6254922372927619,0.0046620591301522185,0.6160470789578951,0.550299514439958,0.3633936225287661,0.6193118575105205,0.007716903630801666,0.03746805654201857,0.003117026247065416,0.7510521356105058,1.5265822452444653,0.4757960953059598,1.1955817194053082,97.32558180624619,0.6193118575105205,0.6360064738722194
X5D_v51_frozen,2,1196,accel,0.304512,-6.059418261281271,0.6709733771822269,0.450205272887323,2.7601435572789037,2.1449914927634133,0.34412650386077426,0.5075971803984352,0.34620323292940197,2.3459594870432934,0.03111526070983706,0.17614766117276215,0.011808400834560593,2.8452518400482645,5.180558736538351,-6.589471945987367,4.474811586681745,91.44232685631141,2.3459594870432943,0.34431269336286974
Tnull_Bscale,2,1196,accel,0.304512,0.4184852702548171,0.6534044264380322,0.4269373444888138,0.5906686467528566,0.004516296181289847,0.5703323033202726,0.507597173307608,0.34620323292940197,0.6409850588691083,0.007581816651527512,0.039749533245984764,0.0028773382588781695,0.6932989564136033,1.415480857642631,0.4334133245100229,1.2226500006325272,91.44232685631141,0.6409850588691084,0.5956755245725786
X5D_v51_frozen,2,1198,accel,0.263724,-8.4540557250656,0.6387885824480171,0.4080508530659471,3.08239618190266,2.8908884780190647,0.2940548753205707,0.46054465095443275,0.32570442374001307,2.7240529079858664,0.034523192724030836,0.210552693087047,0.012167140639987849,2.9316907326460733,5.367616034436064,-9.366544255282166,5.109874958273496,84.91945562744513,2.7240529079858677,0.29307308829210754
Tnull_Bscale,2,1198,accel,0.263724,0.3684530265305884,0.6126308742445149,0.37531658807759866,0.5606279959749578,0.004159262198691838,0.5209975799942439,0.4605446442133243,0.32570442374001307,0.6634648122112232,0.007518672028982981,0.04276948536495578,0.0026498342935385865,0.6384815357425331,1.3073256961599187,0.38505154035608247,1.2445508013720807,84.91945562744513,0.6634648122112236,0.551126184811995
X5D_v51_frozen,2,1200,accel,0.223146,-11.717841838980464,0.6016139731819683,0.3619393727277941,3.462734802021977,3.8937688144861182,0.24676527942345008,0.4113202106042483,0.30113454333546713,3.162952476719546,0.03866520603143667,0.2538836563805145,0.0124854583589221,3.0083898630538823,5.542286024177265,-13.24949222889287,5.794848188235919,77.80612524366006,3.1629524767195463,0.24455118798868056
Tnull_Bscale,2,1200,accel,0.223146,0.31617059235112943,0.5662129433493254,0.32059709721630636,0.5374655414216777,0.0036000917475871863,0.47091245597222586,0.4113202042521804,0.30113454333546713,0.6846806756741485,0.007543332005459789,0.04635344867510694,0.0024358322975213957,0.5869174347713138,1.1997322652627227,0.3322864391442383,1.254404105706166,77.80612524366006,0.6846806756741486,0.5047168249658126
X5D_v51_frozen,2,1202,accel,0.182834,-16.131781775066457,0.561499921560175,0.3152821619120827,3.910438448080265,5.23167468256799,0.20403197673668963,0.36262447844630236,0.27204707107420056,3.6599569762079143,0.043748141438669834,0.3023317510040236,0.012753251885717746,3.0729151138091155,5.698501623708002,-18.631131500958347,6.493830379086294,70.24104368221015,3.659956976207916,0.20048989261214198
Tnull_Bscale,2,1202,accel,0.182834,0.2655185649036427,0.5181715872542817,0.2685017938376217,0.5261195398743802,0.002920058983127638,0.42606165001999324,0.36262447244840584,0.27204707107420056,0.702036196462454,0.007689920478502626,0.04988303227096995,0.0022417293539422414,0.5401480402432253,1.0930605008335543,0.27770870452889196,1.2456168226681077,70.24104368221015,0.7020361964624543,0.46144659642948227
X5D_v51_frozen,2,1204,decel,0.143355,-21.958971268682493,0.5201674264489303,0.27057415153850334,4.425605343032296,6.977100099933978,0.16703906181025183,0.31911207154440624,0.24039038124192294,4.19956812376291,0.04995158794910519,0.36116123654705046,0.01296769957541846,3.124586605339896,5.832113697323434,-25.86930311871767,7.164123175229078,62.5522978072986,4.199568123762911,0.16231801003932425
Tnull_Bscale,2,1204,decel,0.143355,0.21736565049161405,0.4719364827586988,0.22272404375865162,0.528346871669443,0.002176261289976167,0.38919998866076433,0.3191120660265251,0.24039038124192294,0.7148228119917504,0.007991045396254018,0.05452945354273857,0.0020745181534115604,0.49985825141812373,0.9927039614828023,0.22152629318865924,1.2194298372242884,62.552297807298594,0.7148228119917505,0.42375912943703875
X5D_v51_frozen,2,1206,trough,0.105832,-29.276854694818816,0.48071200906208955,0.23108403565651048,4.992119448883462,9.155141642399698,0.13683113948698775,0.28510250701585277,0.21078887188505818,4.750223560374388,0.05730746334840372,0.43147834045293654,0.013132238417354983,3.1642324853653365,5.9392128650364535,-35.03924114525511,7.7686158933935285,55.21501564513892,4.75022356037439,0.13153977806481057
Tnull_Bscale,2,1206,trough,0.105832,0.17235088624454742,0.43122898581662406,0.18595843820843416,0.5412329420472851,0.0015066815774895104,0.36061211413886923,0.2851025017297929,0.21078887188505818,0.72271422556412,0.008447461469628456,0.06025138286638299,0.0019357701695179085,0.4664267172072434,0.903610866238257,0.16577971590891327,1.1819421018274163,55.21501564513892,0.7227142255641201,0.39298767699769666
X5D_v51_frozen,2,1208,trough,0.071839,-38.00931711439728,0.4460830634780188,0.19899009952193414,5.588165355472938,11.767296916271487,0.11332161440219449,0.26021862383923255,0.18461846012278074,5.285010950195632,0.06356342898493661,0.5166663136332847,0.013262859823688777,3.195705908560218,6.020821842489472,-45.853588723662696,8.316315502522516,50.275857668370016,5.285010950195632,0.10846957573940406
Tnull_Bscale,2,1208,trough,0.071839,0.13149933718769136,0.39854465513224746,0.15883784213448207,0.5608328664014719,0.0010010414298263215,0.33981158776433706,0.2602186184902165,0.18461846012278074,0.7264458398898399,0.008723038118143315,0.06708791230480728,0.0018201099853352113,0.43855822286353946,0.8275859825857986,0.11476707162194433,1.1431107441310477,50.27585766837001,0.7264458398898398,0.3703522212746549
X5D_v51_frozen,2,1210,trough,0.043158,-47.789923108757364,0.4177515923515891,0.17451639291228827,6.180351381672228,14.75688316979138,0.09570632428839362,0.24098700569754739,0.16795914142720106,5.798783332079324,0.06760191858643672,0.5954207373670184,0.013387032163570992,3.2256254195492873,6.0838827819551025,-57.62488356923198,8.88007430650373,47.714998139068484,5.798783332079324,0.09191402017960353
Tnull_Bscale,2,1210,trough,0.043158,0.0967475095548912,0.37326422770114126,0.13932618368132943,0.5779033544674607,0.0007015019227565311,0.3232410062512302,0.24098700020021768,0.16795914142720106,0.729115662825772,0.008675093062869418,0.07273636803635496,0.0017179061228286639,0.4139320493510602,0.7649629194765744,0.07316786103034545,1.1165447807147015,47.714998139068484,0.7291156628257722,0.3528084907621777
X5D_v51_frozen,2,1212,trough,0.021454,-58.164207222019385,0.3957423516426323,0.15661200888364082,6.740792771021229,18.06115440644652,0.08271752801108136,0.22222565592881913,0.15617253923749638,6.315967925456916,0.07068928859631753,0.6926056199313784,0.013529789243824012,3.26002295152339,6.136915335355893,-69.68496265770722,9.569160128627875,46.11763700353914,6.315967925456918,0.08001698381995839
Tnull_Bscale,2,1212,trough,0.021454,0.0704656938617445,0.3529300594077836,0.12455962683358167,0.584253935173667,0.0005831974724873068,0.30731837857102834,0.22222565010026726,0.15617253923749638,0.7345462234433148,0.008454500357070393,0.07863430020791035,0.0016181745532371382,0.3899015785136643,0.7137224312061281,0.04393931042985122,1.1128920407713203,46.11763700353913,0.7345462234433151,0.3361322990034487
X5D_v51_frozen,2,1214,trough,0.007926,-68.63556043771034,0.3808408178517824,0.14503972854201452,7.250655013831701,21.586253078965136,0.0734808312068337,0.20101279128604305,0.147861731176809,6.859979278127284,0.0725879968534475,0.7645500876766232,0.013699642617972699,3.3009493760330084,6.184414372668185,-81.4759563938872,10.468460079193758,45.4751407825388,6.859979278127282,0.07148674286021915
Tnull_Bscale,2,1214,trough,0.007926,0.05452033706141113,0.3370390066815614,0.11359529202489359,0.5788061047535489,0.0006236252533324271,0.2921149640702291,0.20101278482964186,0.147861731176809,0.7449633163264315,0.008036519764083906,0.08023136007145469,0.0015167445505144118,0.36546186767337113,0.67159996463684,0.027361339517168126,1.1368283228336513,45.4751407825388,0.7449633163264314,0.31934110537619464
X5D_v51_frozen,2,1216,trough,0.003045,-78.56889475720517,0.37493921555817616,0.14057941536338048,7.693753704087261,25.14442865506531,0.06760600652329692,0.17997618883646643,0.14404573931299647,7.412001315154355,0.07327607338656404,0.8637553418432976,0.01388213382750736,3.3449209058782223,6.224735651118483,-92.06630726919421,11.579948271562296,45.64820071938448,7.412001315154355,0.0661067661548143
Tnull_Bscale,2,1216,trough,0.003045,0.051628096729436135,0.32702610788504877,0.10694607523844356,0.5605863368595191,0.0007675979504003783,0.2788181490086332,0.1799761818234612,0.14404573931299647,0.7576791598193614,0.007450685512714206,0.0828062016063275,0.0014115305121294088,0.3401103877813881,0.6363129575536051,0.027494221035676558,1.183740410192611,45.64820071938448,0.7576791598193614,0.3043890968518784
X5D_v51_frozen,2,1218,trough,0.006411,-86.29082902645136,0.3810840671816319,0.14522506625969453,8.01522028496707,28.156018301007705,0.06540642654287897,0.17083219515117476,0.14578881024512888,7.883697838282539,0.07312777139776033,0.9010949776345264,0.014048642440974,3.385041405299554,6.251805513027952,-99.34092736410705,12.779216512959328,46.289410173427314,7.883697838282544,0.06455345459877732
Tnull_Bscale,2,1218,trough,0.006411,0.06340341673078498,0.3288107655141774,0.10811651951801937,0.538240648629107,0.0008522268457012983,0.27426849559949473,0.17083218732864464,0.14578881024512888,0.7684982400441402,0.006858505125033145,0.07996540258941504,0.0013175936356256757,0.31747615690921266,0.6094223335818377,0.04653682565806738,1.2457105283339625,46.289410173427314,0.7684982400441407,0.2996430965100524
X5D_v51_frozen,2,1220,trough,0.016793,-90.07394844462495,0.40328222430674976,0.16263655244179961,8.173190707969557,29.865107152571483,0.06749733475160541,0.20757391590474736,0.15381262081641173,8.135381023571398,0.07260998572049773,0.9228716751285553,0.014154482557847126,3.410543739739524,6.258622579639646,-101.2847146803891,13.693924215590956,46.97072593937628,8.135381023571398,0.06716539697206636
Tnull_Bscale,2,1220,trough,0.016793,0.0896044355283564,0.35299907454664825,0.12460834663079012,0.5371302127712079,0.0010996350385618081,0.2940527577854319,0.20757390751081609,0.15381262081641173,0.7723990464881341,0.006493809575578768,0.07750814319650347,0.0012658935745467634,0.30501894987700773,0.594213608291526,0.07798412254743348,1.300144882723623,46.97072593937628,0.7723990464881341,0.3178209154464718
X5D_v51_frozen,2,1222,trough,0.032322,-89.24310680099867,0.44220113743614947,0.19554184594982435,8.159305615345021,29.884947123987345,0.07404234098523585,0.290578141606276,0.16753023048920987,8.09315511937684,0.07215466464594053,0.8968341463403164,0.01416790461137601,3.4137778036094186,6.239481517314003,-98.05302990693954,13.905302376276046,47.311948858201504,8.093155119376839,0.07431808645423825
Tnull_Bscale,2,1222,trough,0.032322,0.13079698324611055,0.40128232739173686,0.16102750627692908,0.5715543331770232,0.0012379670766739514,0.34543644049607564,0.2905781320033665,0.16753023048920987,0.761585190135164,0.006407314915382501,0.07434174914363069,0.0012581061388287286,0.30314255559496855,0.5871500851789327,0.12285979924905932,1.308522102680093,47.311948858201504,0.761585190135164,0.36785529719105264
X5D_v51_frozen,2,1224,trough,0.050802,-86.99148721675462,0.49239135354937547,0.24244924505018606,8.108234212962905,29.232874002524753,0.08319601650009087,0.382233994667852,0.18652167575745227,7.85518358565261,0.07231233441296957,0.8820858694126386,0.014094362512747,3.3960577249656803,6.198234833274348,-92.99747718484774,13.40159294020851,46.963740730192505,7.855183585652609,0.0848426598197001
Tnull_Bscale,2,1224,trough,0.050802,0.18079507464053257,0.46404483450969025,0.2153376084351258,0.6469716192576094,0.0010803252163816834,0.4229539504343976,0.38223398377862217,0.18652167575745227,0.7343664144736695,0.006506213387640658,0.0741977997454044,0.0012681229394006144,0.30555611867246335,0.579461376165828,0.17845920892445544,1.2528898463572846,46.96374073019251,0.7343664144736693,0.4452119072819451
X5D_v51_frozen,2,1226,trough,0.070062,-84.57825104582223,0.5431051778567614,0.2949632342148244,8.057850784359355,28.401812749587023,0.09278542706718768,0.46117538113561596,0.2072147057701369,7.568812868975128,0.07355993297068257,0.8318991035833986,0.01397848672288089,3.368137280110129,6.150146884537603,-88.45459796468126,12.621742085384778,45.787661082460545,7.5688128689751295,0.0957297634573492
Tnull_Bscale,2,1226,trough,0.070062,0.2301308780560919,0.5244615826105136,0.27505995163432456,0.7347686539650723,0.00070000931650116,0.5002748112850092,0.4611753692991659,0.2072147057701369,0.7009128852974543,0.006696453966245408,0.07207144818386847,0.0012725173756595381,0.30661496466074345,0.5695367652058364,0.23285895406475232,1.1688413778613165,45.787661082460545,0.7009128852974544,0.521835435298116
X5D_v51_frozen,2,1228,trough,0.088271,-82.96519043356115,0.5813161048943984,0.33792841380959526,8.030739877159705,27.809204308579275,0.1000707179074647,0.5163598921018289,0.22580757758994538,7.358402805117398,0.07653750648009859,0.7993992371988231,0.013873684910706471,3.3428851267400526,6.110945670876717,-85.87341324576204,11.98869108057609,43.67643107904587,7.3584028051174,0.10418224979062714
Tnull_Bscale,2,1228,trough,0.088271,0.2731798815448716,0.5671018469391943,0.3216045048018454,0.7860780675983919,0.00047403804278811634,0.5509000450669429,0.5163598807768379,0.22580757758994538,0.6678396677342884,0.0069128352336284195,0.06987233060280468,0.0012530653568643291,0.3019279716423716,0.5546219790444706,0.28441011636338,1.088078986686191,43.67643107904587,0.6678396677342886,0.5751054909384071
X5D_v51_frozen,2,1230,trough,0.104151,-83.73915595915688,0.6096699447303009,0.37169744150744816,8.098305702093263,28.031187894209175,0.10436736622000016,0.5515621474404937,0.2447206871889804,7.278699622721003,0.08156569508644353,0.7682033513936074,0.013806880408395094,3.3267884820048366,6.086568004339109,-86.05247302208646,11.634269950672536,40.78661352029303,7.278699622721004,0.1093307951201699
Tnull_Bscale,2,1230,trough,0.104151,0.31318608033759365,0.5975312841181181,0.35704363549984713,0.8056217310966836,0.0005559210385143176,0.5836437370306661,0.551562136559279,0.2447206871889804,0.6374528744282925,0.007161810578162038,0.06624531970637265,0.001212302084294954,0.2921060001570414,0.5330485486250652,0.332317972341573,1.0189043656617436,40.78661352029303,0.6374528744282925,0.6104804334965777
X5D_v51_frozen,2,1232,trough,0.117053,-86.55158901629162,0.6287565476135194,0.3953347961668719,8.24208240268244,28.984193236997577,0.10585107970245947,0.5712062995565763,0.262180352181554,7.329057558817164,0.08890213719341127,0.7553870358952768,0.013785822578149105,3.3217145663159764,6.0776117188292895,-88.78806444205152,11.562890909405148,37.363720054214355,7.329057558817164,0.11130208528139263
Tnull_Bscale,2,1232,trough,0.117053,0.34382374907985447,0.6181208904670644,0.38207343523179665,0.8120289462238739,0.0006493520645562967,0.6047227127058793,0.5712062891448271,0.262180352181554,0.6140998524720506,0.007516188061647389,0.06314414109471501,0.0011655156822208837,0.28083274661022106,0.5092415266169396,0.3696230410065451,0.9688516626634475,37.363720054214355,0.6140998524720506,0.6345715566663024
X5D_v51_frozen,2,1234,trough,0.126894,-91.33938847515768,0.6409539765771016,0.41082200008999975,8.459143682404454,30.626120198942886,0.10509307907026677,0.5803834173362202,0.27654538732927536,7.491601099505247,0.09880649944497776,0.7459337565024995,0.013801585491335895,3.3255126638210992,6.08127357823809,-94.00770284874946,11.710373088733698,33.656820983451325,7.491601099505248,0.110645530957934
Tnull_Bscale,2,1234,trough,0.126894,0.36565751940836166,0.6320898692155331,0.39953760276490974,0.8137286429268641,0.0008874392411920562,0.618564907917808,0.5803834072711068,0.27654538732927536,0.5971025633594729,0.008010642434556766,0.05995033183774088,0.0011189503425594533,0.26961275838231574,0.4846953266500003,0.3964581366178096,0.9333510549087373,33.656820983451325,0.597102563359473,0.6513084153006604
X5D_v51_frozen,2,1236,decel,0.133992,-98.02341836330451,0.6480979934517338,0.4200310091161636,8.740311976793853,32.95952222022295,0.10266327939900018,0.5813451533128203,0.28936672321315393,7.744236383104517,0.11142619338402693,0.741757855344863,0.013844863820317016,3.3359406419099993,6.094067117248736,-101.40472805233979,12.030793003298916,29.938567769364454,7.744236383104519,0.10813678953401261
Tnull_Bscale,2,1236,decel,0.133992,0.3791197624677587,0.6407078357123472,0.41050653074320015,0.8152756459335604,0.0009128479100120046,0.6272304280700318,0.581345143034519,0.28936672321315393,0.5857272047694394,0.00866072337528365,0.057395069105126977,0.0010761072605521423,0.2592896537026484,0.46091838132044827,0.4141942926328849,0.9099364234743423,29.93856776936445,0.5857272047694394,0.6629060012177087
X5D_v51_frozen,2,1238,decel,0.13886,-105.12159100450293,0.6536834526041836,0.42730205620852596,9.027568412685923,35.42694373602829,0.1000843820133663,0.5802438163903408,0.3003460491003195,8.036860609488077,0.12328079623074066,0.75397467604956,0.013896125206977071,3.348292149684962,6.11036512446914,-110.16180322094606,12.416750722166457,27.159884199791122,8.036860609488079,0.10484078526099598
Tnull_Bscale,2,1238,decel,0.13886,0.3915001424330201,0.6484595886055456,0.4204998380544735,0.8151877133974982,0.0012014280248124898,0.634695318179663,0.5802438053856114,0.3003460491003195,0.5771476274262614,0.009212785732436323,0.056311599005241235,0.001038458770199476,0.2502181936504584,0.43880103259874365,0.4267335306753942,0.8916787994532804,27.159884199791126,0.5771476274262616,0.6718016978559188
X5D_v51_frozen,2,1240,decel,0.142008,-113.83263330537918,0.6561141123343215,0.43048572840425464,9.362758584161945,38.45746107497692,0.09665041546435292,0.5768025035116433,0.30825936936220477,8.36755243961231,0.13310415400558753,0.7634755229662588,0.013954479893618544,3.362352798698175,6.129436313550472,-120.27096272569761,12.870891049236374,25.26106584590161,8.36755243961231,0.1009616823797951
Tnull_Bscale,2,1240,decel,0.142008,0.3980637407252705,0.6527155052447987,0.4260375307869729,0.8159545307578737,0.001326810611243956,0.6389339861889,0.5768024912829329,0.30825936936220477,0.5715479039771656,0.009577806923607489,0.05517669552054472,0.001004125792609227,0.24194561135658113,0.41867278428835425,0.4341970433431741,0.8791496503427171,25.261065845901612,0.5715479039771657,0.6774464157752781
X5D_v51_frozen,2,1242,decel,0.143829,-123.2259570732233,0.6573987732741525,0.4321731471023606,9.708341665336247,41.7385629849563,0.09317804846429342,0.5709922908616998,0.3150127122771141,8.709579845985916,0.14726269817120427,0.7741832001706165,0.01401313145184555,3.376484979363881,6.148660082461263,-131.01096993754297,13.353992773159074,22.928311251220293,8.709579845985916,0.09708984873193241
Tnull_Bscale,2,1242,decel,0.143829,0.40236303714499144,0.6557915489276487,0.4300625556449246,0.8183529808537018,0.001273299350084356,0.6423423459966601,0.5709922773094707,0.3150127122771141,0.5680924190997813,0.010247070579417289,0.054210542691141866,0.0009750843140112441,0.23494802365810188,0.40105346552136406,0.4383657300107965,0.8710296240801239,22.928311251220293,0.5680924190997814,0.6814694337065842
X5D_v51_frozen,2,1244,decel,0.144562,-132.0663391570607,0.6576979189369941,0.4325665525740529,10.019939835711684,44.847332001421734,0.09012307839340478,0.5651898929916267,0.32148073182190845,9.044395555195301,0.16716130603619414,0.7808113249432769,0.014069230874320816,3.3900022191035952,6.166897583161698,-141.69258163235943,13.845286357809941,20.279826112207957,9.044395555195297,0.09348135739381977
Tnull_Bscale,2,1244,decel,0.144562,0.4054267284389076,0.6576889111837422,0.4325547038940563,0.8182579543643,0.0013455578272288937,0.6441580901219921,0.5651898779537272,0.32148073182190845,0.5665384384329778,0.011277994616865596,0.05296890526228335,0.0009492191334618625,0.22871576972445168,0.3862927605741023,0.440112125670593,0.8672649117281643,20.279826112207957,0.5665384384329776,0.6836153453499617
X5D_v51_frozen,2,1246,decel,0.144347,-141.60640504312823,0.6563499491720802,0.4307952557781923,10.342369638703152,48.21822287292282,0.08692650367470543,0.5565934166876892,0.32729273242491985,9.390776198603636,0.19019558558240007,0.8064659286342434,0.014126560859611666,3.4038159647939787,6.185293636869258,-152.82252560520973,14.376094176622784,17.896398354205303,9.390776198603634,0.08989989242288965
Tnull_Bscale,2,1246,decel,0.144347,0.4055057539363166,0.6574805314037471,0.4322806491749536,0.8167119594249717,0.0014202475689586436,0.6436822905413149,0.5565934001117815,0.32729273242491985,0.5670367329750313,0.012452339117305184,0.05269520442104219,0.0009248833291607824,0.22285202128494683,0.3734823003090108,0.4391595308034505,0.8680617344565923,17.896398354205303,0.5670367329750313,0.6833494930669535
X5D_v51_frozen,2,1248,decel,0.143324,-153.6962305846927,0.655664774966387,0.4298962971317229,10.738060971928881,52.47141380930066,0.08343024240289727,0.5500070366098705,0.33336160906408013,9.755165430452458,0.1926220391269206,0.8292090057448674,0.014183790632510514,3.417605564158646,6.20368548149068,-164.88064014599945,14.940646339210975,17.742546905064955,9.755165430452458,0.08633122750052798
Tnull_Bscale,2,1248,decel,0.143324,0.4058050617983804,0.6580226809739638,0.4329938486761629,0.8183860485334271,0.0014723772227710485,0.6444561112797774,0.5500070187731262,0.33336160906408013,0.5684065067402365,0.012231579626972168,0.05221374529030765,0.0009006766064787627,0.2170193752545906,0.3614715935458707,0.4368235227037096,0.8705501361977749,17.742546905064955,0.5684065067402365,0.6818294403508993
X5D_v51_frozen,2,1250,decel,0.141737,-165.4507689135136,0.6548046322389823,0.4287691064016289,11.10635077839915,56.644721174599766,0.08036089229374395,0.5469094799083389,0.3388388235127786,10.109235429988644,0.19448232913544433,0.8349234964483809,0.014238410464783939,3.430766294426562,6.2207312530706655,-176.5840667751955,15.515681373610336,17.640503945411183,10.109235429988647,0.08311504704606353
Tnull_Bscale,2,1250,decel,0.141737,0.40602898292005496,0.6576566833949133,0.4325123132139973,0.815533297598562,0.0015583049815346417,0.6436144384106194,0.5469094610344957,0.3388388235127786,0.5706987477605774,0.011976396606157519,0.0506744033539305,0.0008768141122413057,0.2112696715827308,0.3511802213796602,0.4340458940626697,0.8759099530221823,17.640503945411183,0.5706987477605776,0.6786486766298065
X5D_v51_frozen,2,1252,decel,0.139984,-176.14480845582406,0.6567907871130686,0.4313741380366042,11.432194321526756,60.466861264405665,0.07814825730029638,0.5471075359466055,0.3448873084328529,10.419824503055125,0.19700749519490499,0.860517326487366,0.014284000562691577,3.441751296695459,6.23431129407461,-186.99523730992203,16.0310535876204,17.470154083683155,10.419824503055121,0.0806576629659085
Tnull_Bscale,2,1252,decel,0.139984,0.4108076345025501,0.6596533219541029,0.4351425051650833,0.8095895250556295,0.0018540056620309775,0.6444842796226183,0.5471075164196346,0.3448873084328529,0.5714186272531702,0.011791316589473936,0.050256574067533526,0.0008549277408572226,0.20599611766759904,0.3418869099459921,0.43462731140924604,0.8791359808194648,17.470154083683155,0.5714186272531699,0.6762824278894125
X5D_v51_frozen,2,1254,decel,0.138593,-184.45985711214632,0.6629903642716325,0.43955622311703196,11.682195072665237,63.47654092977956,0.07708558532307572,0.5501991851428163,0.3542795943544783,10.640579505527208,0.19935592949719042,0.8662853060661491,0.014316283779965255,3.4495299861757287,6.2428371734915356,-194.16791268731112,16.42122916261296,17.303372891270556,10.64057950552721,0.07929029840781024
Tnull_Bscale,2,1254,decel,0.138593,0.4213887900922233,0.6655191290054953,0.44291571107223304,0.8042235859883092,0.0022879945931124634,0.6491274077393635,0.550199165222078,0.3542795943544783,0.5707052780061641,0.011645114498165916,0.04888902436383231,0.000836266893221656,0.20149975852330584,0.3348332788448231,0.43856222045800664,0.8807492251323221,17.303372891270556,0.5707052780061642,0.675603505319664
X5D_v51_frozen,2,1256,decel,0.138119,-189.26911703513875,0.6744480402278624,0.45488015896720435,11.830706908573267,65.26188525657047,0.07738246989511566,0.5592560097805207,0.3652822359085388,10.739689206807508,0.20064244548508917,0.8775201443273839,0.014330680692597748,3.452998943804498,6.244516448830323,-197.11418488099784,16.61515770853713,17.20971320627723,10.739689206807506,0.07938059399081228
Tnull_Bscale,2,1256,decel,0.138119,0.43981548540136495,0.6761827872073043,0.45722316171543853,0.7972870318705753,0.0027414382386121705,0.6580921860129155,0.5592559896074095,0.3652822359085388,0.5655575716084302,0.01147362312241051,0.04798706497581531,0.0008194917528888007,0.1974577633735959,0.32883945621357447,0.4506036284925272,0.8749627726261421,17.20971320627723,0.5655575716084301,0.6788895728781025
X5D_v51_frozen,2,1258,decel,0.138984,-187.58009595594828,0.6907338234322903,0.47711321483339036,11.794350475178828,64.7669064218387,0.07952958720635654,0.5721974401137448,0.37692041798982207,10.660045412088564,0.20026371302620402,0.8482631617584443,0.014321044541613027,3.450677098814276,6.237590348979617,-193.5792658950127,16.527931251589642,17.230665739043616,10.660045412088563,0.08125634673739843
Tnull_Bscale,2,1258,decel,0.138984,0.46467472798036946,0.6912685935045932,0.47785226836581857,0.7923398337270171,0.0029621447853502847,0.671733562177363,0.5721974198199278,0.37692041798982207,0.5573393021777998,0.01129737495657887,0.04535710989561486,0.0008078857997369683,0.1946612916054529,0.32612002275609037,0.4681149421213885,0.86413005893554,17.230665739043616,0.5573393021777998,0.6863218078771433
X5D_v51_frozen,2,1260,decel,0.141323,-180.16574492169687,0.7108813653746521,0.5053523156369296,11.592771166505953,62.25557159336837,0.08339157029788748,0.5896311549392657,0.3909706130443887,10.420531140212791,0.1982126355301444,0.8295959392134087,0.014287814246354847,3.4426702094773254,6.222171627653813,-184.64034579575366,16.174527842709605,17.368570879800245,10.420531140212788,0.08489672994508707
Tnull_Bscale,2,1260,decel,0.141323,0.4945464177821103,0.7098072104010695,0.5038262759373482,0.7886400691894809,0.0030652385304842378,0.6889551631725326,0.5896311349704368,0.3909706130443887,0.5452615255901082,0.011104452430618505,0.04356705147865569,0.0008004452047762205,0.1928684691225676,0.32557944969671915,0.4917207669979866,0.8463433973323771,17.368570879800245,0.5452615255901082,0.6981834780657935
X5D_v51_frozen,2,1262,decel,0.144882,-169.81016365424486,0.7304132677969377,0.5335035417738011,11.296264103404848,58.70646331570228,0.08809835089029351,0.6105061072386732,0.40413515951722007,10.081547884262061,0.19511485094914768,0.7888200675107147,0.014238850701080675,3.4308723700206154,6.201162204968265,-172.492260437065,15.665339908039481,17.583860753453337,10.081547884262063,0.08970351425890594
Tnull_Bscale,2,1262,decel,0.144882,0.5225230276237562,0.7272163896728626,0.5288436774088328,0.7866745918155462,0.002785371983036189,0.7055596189876975,0.6105060881821954,0.40413515951722007,0.5324405226558966,0.010917779298355157,0.04118288487417846,0.0007967442183944507,0.19197671091921256,0.3275042764654758,0.5160863493843555,0.8273393990658352,17.583860753453337,0.5324405226558967,0.7110168798719985
X5D_v51_frozen,2,1264,decel,0.149013,-157.4263675372003,0.7491368609534955,0.5612060364392569,10.923944539914167,54.46086226980249,0.09363658212939371,0.6320765834799672,0.41636708099489733,9.718644129862309,0.17885918796160988,0.7673000997877683,0.014185481794291525,3.418013052118841,6.177842143983948,-159.6726076709699,15.138406518485908,19.11007810709998,9.718644129862309,0.09508880896005352
Tnull_Bscale,2,1264,decel,0.149013,0.5490183743030678,0.7437753006664536,0.5532016978814734,0.7803531225321046,0.002845386525970328,0.7201993808713208,0.6320765658258577,0.41636708099489733,0.5203388249679528,0.010016848486995814,0.03999311002312547,0.0007944451915937054,0.19142275697347624,0.3307633327328809,0.5394222577730738,0.8105143633680675,19.11007810709998,0.5203388249679529,0.7229413505073224
X5D_v51_frozen,2,1266,decel,0.152788,-149.23510475465562,0.7627305120404809,0.5817578339975342,10.667400600473153,51.71437302796029,0.09772937366244155,0.6464152843423195,0.42562783819549,9.467768251047145,0.15123902198125663,0.7516784504930651,0.014153096815021084,3.41020984293327,6.160410906672159,-150.2512679136223,14.834135754413692,22.548478549113497,9.467768251047142,0.09942841652544386
Tnull_Bscale,2,1266,decel,0.152788,0.5666516890202244,0.7548007855724829,0.5697242259008373,0.7737174910936737,0.002714695132837286,0.729386219721423,0.6464152675508262,0.42562783819549,0.5130267329821458,0.008438809102037365,0.03893526169142935,0.0007897120773461352,0.19028230601735327,0.33381208722848144,0.5558969269411044,0.8038122608101215,22.548478549113497,0.5130267329821456,0.7302776943551564
X5D_v51_frozen,2,1268,decel,0.155218,-145.4037950101935,0.770700472200822,0.5939792178505701,10.540629344384545,50.54626406051497,0.09989070424849628,0.6525986055380565,0.4317135363170585,9.3867955348519,0.1361715703815075,0.7369819623579599,0.014155352192527459,3.410753279516252,6.153536059927786,-145.63585765839287,14.858354610527902,25.04746967344545,9.3867955348519,0.10175846960615718
Tnull_Bscale,2,1268,decel,0.155218,0.5751230160789542,0.7600794712989793,0.5777208026901359,0.7636535326247242,0.0025850126968215426,0.7320658866544277,0.6525985886798392,0.4317135363170585,0.5119651801749662,0.007519177418887392,0.037724016447906086,0.0007816360218528037,0.18833636836883777,0.33561998724027664,0.5637993414440065,0.8103894632666542,25.04746967344545,0.5119651801749663,0.7318557063945439
X5D_v51_frozen,2,1270,decel,0.155519,-145.5871385604644,0.7741109726653153,0.5992477980008405,10.539556922996853,50.82245174961861,0.10016636801760323,0.6493497013847447,0.4349612094966391,9.49221334719507,0.13098887258786265,0.7420294074919503,0.014193040914395149,3.4198344334121513,6.158495972231846,-146.38058432014145,15.226213781987829,26.107824014732614,9.492213347195074,0.1016952418527454
Tnull_Bscale,2,1270,decel,0.155519,0.5768989652034315,0.7614719839860062,0.5798395823955845,0.749988931688163,0.00280875670207803,0.7296983610255056,0.6493496835279283,0.4349612094966391,0.5159263389809793,0.007118326722465776,0.037438225015060105,0.0007712922511507326,0.1858440213495049,0.3347301798185539,0.5646077520854996,0.827584088741961,26.107824014732614,0.5159263389809796,0.7290049061411487
X5D_v51_frozen,2,1272,decel,0.153355,-153.34556433526058,0.7711939512674832,0.5947401104715533,10.776887260598626,53.826405845338144,0.09722386195731418,0.6330923035087054,0.4342512900216804,9.841302919745862,0.133040839003459,0.7425555284794553,0.014271726066063656,3.4387937383769738,6.17771531379879,-154.2175502727223,16.048775585529356,25.847655232297253,9.841302919745864,0.09868600721954629
Tnull_Bscale,2,1272,decel,0.153355,0.5690768112102416,0.7562780915460928,0.5719565517526004,0.7374085248999773,0.0025236799969465817,0.72131890403799,0.6330922834414348,0.4342512900216804,0.5255333594475132,0.007043950237079664,0.036716795181620084,0.0007556275874355498,0.18206959720149368,0.3298948837411525,0.5573747312340565,0.8570173093198795,25.847655232297257,0.5255333594475132,0.7210745791937707
X5D_v51_frozen,2,1274,decel,0.148997,-166.3210078210259,0.763764085683405,0.5833355785798077,11.16682188846294,58.680731751633544,0.0925141586709597,0.608944804600229,0.42677862087812346,10.369564219741855,0.14019921983071085,0.7782919870011861,0.014367671449940483,3.4619119221043335,6.2049853594289575,-168.1863310085439,17.176978564330497,24.692804469843395,10.369564219741854,0.09380871032558787
Tnull_Bscale,2,1274,decel,0.148997,0.5549669468063172,0.7469761092639783,0.5579733078111508,0.7225857792508257,0.0024114728066831903,0.7080873165444833,0.6089447832898646,0.42677862087812346,0.5372918999327966,0.007192956431772972,0.03738517152144511,0.0007371370175257722,0.17761426672987243,0.32150708575348086,0.5457814695736085,0.8900134328078645,24.692804469843395,0.5372918999327966,0.7101528591025495
X5D_v51_frozen,2,1276,decel,0.143318,-181.61754049196153,0.7549068801474865,0.5698843976940116,11.611370914742684,64.32461355519652,0.08758998129931132,0.5844843173903219,0.4163779816264653,10.966050116140368,0.1500798908887397,0.7948345036944282,0.014457453633028857,3.483545073384911,6.232890850268998,-185.7212751658361,18.379937261247175,23.211271361913532,10.966050116140364,0.0885086424631432
Tnull_Bscale,2,1276,decel,0.143318,0.5386241304976542,0.7362879018447127,0.5421198744028893,0.7048142839938024,0.002505155284610039,0.6922659805407493,0.5844842974418392,0.4163779816264653,0.5487892461004231,0.007456149585448952,0.037318069125419545,0.0007182636945843051,0.1730667113428747,0.3119211962847795,0.5323676611376367,0.9198126769571113,23.211271361913532,0.548789246100423,0.6975484959930439
X5D_v51_frozen,2,1278,decel,0.137643,-194.7024761820753,0.7483562634626905,0.5600370970638398,11.97993452972827,69.1141629278898,0.0839314083675355,0.5666365617746603,0.4070572147074128,11.478225424061526,0.15920208470744013,0.8347833719127014,0.014520931833826474,3.4988402407960444,6.25384609392816,-202.39254157238275,19.339967291686047,21.977351912355516,11.478225424061526,0.08438707995484557
Tnull_Bscale,2,1278,decel,0.137643,0.5254705550305345,0.7279499676949476,0.5299111554670752,0.687229662864198,0.0027824572110315415,0.6782997494337989,0.566636540983496,0.4070572147074128,0.5556902638602274,0.007684074003543786,0.03824528100766788,0.0007008696840659074,0.16887559849646433,0.30276469207436985,0.5232934720549802,0.9362973047067401,21.977351912355516,0.5556902638602274,0.6880789765982758
X5D_v51_frozen,2,1280,decel,0.138366,-174.49209604461248,0.7701173926547955,0.5930807984694205,11.412005529875955,61.835393717953465,0.09104073599960844,0.6160070683022295,0.41724260554732595,10.759425565985033,0.14712348510664994,0.7880555195598892,0.014411512835365434,3.4724755694854017,6.216325301254669,-181.56474277742655,17.787336474491646,23.602455902728252,10.759425565985035,0.0918916262805979
Tnull_Bscale,2,1280,decel,0.138366,0.5572571029927749,0.7496627819278857,0.5619942866078568,0.7006608922552772,0.0023359984235953313,0.7035061559239614,0.6160070467240787,0.41724260554732595,0.5274828524553726,0.007097384192047728,0.036760250709670365,0.0006952258050920272,0.1675156974175271,0.3047565115430138,0.5612113040292893,0.8720275003165904,23.602455902728252,0.5274828524553727,0.7168851972103623
