bifurcation_mae,bifurcation_n,bifurcation_nmae,bifurcation_nrmse,bifurcation_r2,bifurcation_rmse,cal_calibration_slope,cal_max_pred_true_ratio,cal_p95_pred_true_ratio,cal_p99_pred_true_ratio,cal_top10_pred_true_ratio,case,dist_n,dist_pred_above_one_fraction,dist_pred_below_zero_fraction,dist_pred_dynamic_range,dist_pred_p50,dist_pred_p90,dist_pred_p95,dist_pred_p99,dist_pred_true_dynamic_range_ratio,dist_true_dynamic_range,dist_true_p50,dist_true_p90,dist_true_p95,dist_true_p99,high_wss_mae,high_wss_n,high_wss_nmae,high_wss_nrmse,high_wss_r2,high_wss_rmse,hot_high_wss_mae,hot_hotspot_centroid_dist,hot_hotspot_centroid_dist_over_bbox,hot_peak_point_dist,hot_peak_point_dist_over_bbox,hot_spearman_all,hot_spearman_high_wss,hot_top10_iou,hot_top10_precision,hot_top10_recall,legacy_vertex_bbox_diag,legacy_vertex_high_wss_mae,legacy_vertex_high_wss_nrmse_mean,legacy_vertex_hotspot_centroid_dist,legacy_vertex_hotspot_centroid_dist_over_bbox,legacy_vertex_n_high_pred,legacy_vertex_n_high_true,legacy_vertex_peak_point_dist,legacy_vertex_peak_point_dist_over_bbox,legacy_vertex_spearman_all,legacy_vertex_spearman_high_wss,legacy_vertex_top10_iou,legacy_vertex_top10_precision,legacy_vertex_top10_recall,normalized_calibration_calibration_slope,normalized_calibration_max_pred_true_ratio,normalized_calibration_n,normalized_calibration_p90_pred_true_ratio,normalized_calibration_p95_pred_true_ratio,normalized_calibration_p99_pred_true_ratio,normalized_calibration_top10_mean_pred,normalized_calibration_top10_mean_true,normalized_calibration_top10_pred_true_ratio,normalized_distribution_n,normalized_distribution_pred_above_one_fraction,normalized_distribution_pred_below_zero_fraction,normalized_distribution_pred_dynamic_range,normalized_distribution_pred_p50,normalized_distribution_pred_p90,normalized_distribution_pred_p95,normalized_distribution_pred_p99,normalized_distribution_pred_true_dynamic_range_ratio,normalized_distribution_true_dynamic_range,normalized_distribution_true_p50,normalized_distribution_true_p90,normalized_distribution_true_p95,normalized_distribution_true_p99,normalized_hotspot_bbox_diag,normalized_hotspot_high_wss_mae,normalized_hotspot_high_wss_nrmse_mean,normalized_hotspot_hotspot_centroid_dist,normalized_hotspot_hotspot_centroid_dist_over_bbox,normalized_hotspot_n_high_pred,normalized_hotspot_n_high_true,normalized_hotspot_peak_point_dist,normalized_hotspot_peak_point_dist_over_bbox,normalized_hotspot_spearman_all,normalized_hotspot_spearman_high_wss,normalized_hotspot_top10_iou,normalized_hotspot_top10_precision,normalized_hotspot_top10_recall,normalized_overall_mae,normalized_overall_nmae_range,normalized_overall_nrmse_range,normalized_overall_r2,normalized_overall_rmse,overall_mae,overall_n,overall_nmae,overall_nrmse,overall_r2,overall_rmse,partition,physical_calibration_calibration_slope,physical_calibration_max_pred_true_ratio,physical_calibration_n,physical_calibration_p90_pred_true_ratio,physical_calibration_p95_pred_true_ratio,physical_calibration_p99_pred_true_ratio,physical_calibration_top10_mean_pred,physical_calibration_top10_mean_true,physical_calibration_top10_pred_true_ratio,physical_distribution_n,physical_distribution_pred_above_one_fraction,physical_distribution_pred_below_zero_fraction,physical_distribution_pred_dynamic_range,physical_distribution_pred_p50,physical_distribution_pred_p90,physical_distribution_pred_p95,physical_distribution_pred_p99,physical_distribution_pred_true_dynamic_range_ratio,physical_distribution_true_dynamic_range,physical_distribution_true_p50,physical_distribution_true_p90,physical_distribution_true_p95,physical_distribution_true_p99,physical_hotspot_bbox_diag,physical_hotspot_high_wss_mae,physical_hotspot_high_wss_nrmse_mean,physical_hotspot_hotspot_centroid_dist,physical_hotspot_hotspot_centroid_dist_over_bbox,physical_hotspot_n_high_pred,physical_hotspot_n_high_true,physical_hotspot_peak_point_dist,physical_hotspot_peak_point_dist_over_bbox,physical_hotspot_spearman_all,physical_hotspot_spearman_high_wss,physical_hotspot_top10_iou,physical_hotspot_top10_precision,physical_hotspot_top10_recall,physical_overall_mae,physical_overall_nmae_range,physical_overall_nrmse_range,physical_overall_r2,physical_overall_rmse,stenosis_mae,stenosis_n,stenosis_nmae,stenosis_nrmse,stenosis_r2,stenosis_rmse
0.216776,14626,0.0393,0.0564,0.8838,0.310792,0.9154,0.9726,0.9924,0.9953,0.9249,AAA/ruputer/CHEN_FU,54242,0.161572,0.549482,5.292488,-0.152939,1.197623,1.402201,1.734739,0.897576,5.89642,-0.174673,1.192862,1.412881,1.742894,0.213142,5425,0.151,0.2157,-0.992,0.304458,0.2131,0.0632,0.0327,0.005,0.0026,0.9465,0.5301,0.5564,0.715,0.715,1.934607,0.213142,0.208823,0.063246,0.032692,5425,5425,0.005046,0.002608,0.946465,0.530052,0.556448,0.715023,0.715023,0.9154082517836994,0.9725697444468918,54242,1.0039913157609868,0.9924410949452466,0.9953208380780975,1.3484782369503503,1.457969274828511,0.9249016836167284,54242,0.16157221341395966,0.5494819512554847,5.292487621307373,-0.1529386341571808,1.197622835636139,1.402201396226883,1.7347386097907995,0.8975764310423786,5.896420001983643,-0.17467322945594788,1.1928617477416992,1.412881231307983,1.7428938925266266,1.9346072067288704,0.2131420871800816,0.20882330055855616,0.06324595879315928,0.03269188627705914,5425,5425,0.005046314964630022,0.0026084442087665853,0.9464649029605137,0.5300516147401162,0.5564481423038301,0.7150230414746543,0.7150230414746543,0.2184683235018932,0.03705101119465663,0.05367770846145954,0.894033729467191,0.31650631383279665,0.218468,54242,0.0371,0.0537,0.894,0.316506,test,0.9178613066150125,0.9166067878476166,54242,1.0058202731220098,0.9870667657915136,0.9901088202740506,10.164706945154647,11.096629821320283,0.9160174853832552,54242,0.6441318535452233,0.0,39.51624247600382,1.49851036419675,7.773165277354848,9.974573450680564,14.959856989387772,0.9158521632608495,43.146966356784105,1.4593324661254883,7.72818512916565,10.10526723861694,15.109305849075316,1.9346072067288704,2.4387532790055553,0.2903046847059243,0.06324595879315928,0.03269188627705914,5425,5425,0.005046314964630022,0.0026084442087665853,0.9464649022813004,0.53005197460227,0.5564481423038301,0.7150230414746543,0.7150230414746543,0.7408470855800555,0.017170316899082994,0.03261647134729993,0.8358487398694299,1.407301791898963,0.223642,10871,0.0566,0.0796,0.6402,0.31449
0.272218,20716,0.0398,0.0543,0.914,0.371553,0.9102,0.8052,0.9634,0.9421,0.9169,AAA/ruputer/LIU_JI_XIN,55752,0.247345,0.489973,5.430917,0.032567,1.483439,1.712028,2.154916,0.745126,7.288593,0.029001,1.525404,1.777148,2.287253,0.210556,5576,0.106,0.138,0.1953,0.274179,0.2106,0.0291,0.0186,0.2444,0.1557,0.9481,0.6704,0.6252,0.7694,0.7694,1.569576,0.210556,0.147259,0.029127,0.018557,5576,5576,0.24444,0.155737,0.948132,0.670443,0.625182,0.769369,0.769369,0.9101677386459277,0.8052090243042991,55752,0.9724892893587804,0.9633569745899441,0.9421413439996877,1.7071986373519281,1.8618746895230827,0.9169245636983364,55752,0.2473453867125843,0.4899734538671258,5.430917024612427,0.03256702423095703,1.4834386348724364,1.7120275497436523,2.154916076660155,0.7451255903798208,7.28859281539917,0.029001105576753616,1.5254035711288452,1.7771476149559018,2.287253489494321,1.569575707676949,0.2105561868104565,0.14725947282092758,0.029127365699179508,0.018557477384948493,5576,5576,0.2444402525186429,0.15573651613175563,0.948131812218026,0.6704432052650183,0.6251821626348003,0.7693687230989957,0.7693687230989957,0.268150284727074,0.036790405434713305,0.05169187338535278,0.894333170986535,0.37676101697100584,0.26815,55752,0.0368,0.0517,0.8943,0.376761,test,0.7866155281832616,0.4344118090345642,55752,0.9501349609013289,0.9236932982553967,0.8510309876755057,15.840551969216897,19.002842126138926,0.8335885687029829,55752,0.6691239776151529,0.0,56.604248540168975,1.8787099277307329,11.012815514732926,14.551407293026363,24.96629230151523,0.4338925480347732,130.45683498494327,1.8705617785453796,11.590790748596191,15.753505325317377,29.336525535583398,1.569575707676949,4.40531017255224,0.34378446324201123,0.029127365699179508,0.018557477384948493,5576,5576,0.2444402525186429,0.15573651613175563,0.9481318128246282,0.6704432133634111,0.6251821626348003,0.7693687230989957,0.7693687230989957,1.2044710686088083,0.009232717233618482,0.02005789353093329,0.8334401574207249,2.6166893065105254,0.259727,11162,0.0506,0.0718,0.636,0.368202
0.267494,3691,0.046,0.0629,0.9203,0.365989,0.9879,1.0737,1.0438,1.037,1.0081,AAA/ruputer/LV_GUO_YOU,11669,0.371926,0.37981,5.574643,0.644494,1.562319,1.772123,2.188249,0.958531,5.815818,0.491171,1.513671,1.697693,2.110145,0.152069,1167,0.1306,0.167,0.2752,0.194401,0.1521,0.0209,0.014,0.1939,0.1295,0.954,0.6989,0.6483,0.7866,0.7866,1.497364,0.152069,0.109785,0.020925,0.013975,1167,1167,0.193918,0.129506,0.953964,0.698901,0.648305,0.786632,0.786632,0.9879386776925253,1.0737308216079502,11669,1.032139107782908,1.0438423867251914,1.037013523726789,1.7851420566886536,1.7707428471492515,1.008131733844123,11669,0.3719256148770246,0.3798097523352472,5.574642896652222,0.6444944143295288,1.5623194217681886,1.7721234798431402,2.1882489776611322,0.9585312086413208,5.815817832946777,0.4911712110042572,1.513671374320984,1.697692584991455,2.1101450729370113,1.4973638252185748,0.15206942547052052,0.10978517992524042,0.02092535226951821,0.013974794847513879,1167,1167,0.19391773954611033,0.12950609349588338,0.9539636981895346,0.6989012108459021,0.6483050847457628,0.7866323907455013,0.7866323907455013,0.2279525781596785,0.03919527480182074,0.05684170395526506,0.9206896762481162,0.33058099551811193,0.227953,11669,0.0392,0.0568,0.9207,0.330581,test,1.029979497608916,1.272140669332882,11669,1.061090638564022,1.0949676073992787,1.0998806104184053,17.114845940369698,16.33331495855441,1.047848889450697,11669,0.737338246636387,0.0,60.043126095959884,3.9608816250379757,12.124252584060711,15.657334846011622,26.00157219500591,1.2717776563386258,47.21196806430817,3.2857019901275635,11.42621765136719,14.299358940124511,23.640358734130842,1.4973638252185748,3.1525347879152967,0.2649856951555709,0.02092535226951821,0.013974794847513879,1167,1167,0.19391773954611033,0.12950609349588338,0.9539637022753393,0.6989012108459021,0.6483050847457628,0.7866323907455013,0.7866323907455013,1.2238187515691832,0.02592179063372661,0.046433140333723665,0.823660906501126,2.192199938561301,0.229253,2347,0.0574,0.082,0.4638,0.327105
0.20517,17486,0.0384,0.0501,0.8573,0.267618,0.9652,1.0313,1.0227,1.003,1.0071,AAA/ruputer/SU_KAI_LI,69525,0.106595,0.8042,5.794956,-1.324264,1.075825,1.537542,2.018119,0.863351,6.71217,-1.478534,0.919976,1.503364,2.012138,0.211258,6953,0.1216,0.1525,0.4498,0.26499,0.2113,0.0035,0.0023,0.1037,0.0665,0.9636,0.7278,0.8079,0.8937,0.8937,1.560636,0.211258,0.17456,0.003549,0.002274,6953,6953,0.103725,0.066464,0.963593,0.727771,0.807852,0.893715,0.893715,0.9652499619702274,1.031252122228521,69525,1.1694050792985378,1.0227344208126965,1.0029726909112806,1.5288206770122437,1.518049166911663,1.0070956266340796,69525,0.10659475008989572,0.8041999280834232,5.794955730438232,-1.3242638111114502,1.0758245468139649,1.5375422954559328,2.0181194782257044,0.8633505136933933,6.712170362472534,-1.4785336256027222,0.9199759483337401,1.5033641815185548,2.0121380138397207,1.5606355806792398,0.2112583260467271,0.1745597096322777,0.003548724893869932,0.0022738972107283436,6953,6953,0.10372543025419952,0.0664635815935036,0.9635925806882011,0.7277709551779594,0.8078523140925638,0.8937149431899899,0.8937149431899899,0.20298694523077812,0.03024162592261807,0.042347670745484386,0.9424088330772407,0.28424478049758545,0.202987,69525,0.0302,0.0423,0.9424,0.284245,test,0.962948875080342,1.1065397788000841,69525,1.2092068828939981,1.0425398757819124,1.007317639010327,12.88618178814376,12.675109284122643,1.0166525194607605,69525,0.27168644372527867,0.0,50.940769020282325,0.35941985342043803,6.700733217090363,11.763562622219451,21.131918238947375,1.1059022352550991,46.062633202411234,0.297808438539505,5.541428279876707,11.283561325073244,20.978405838012666,1.5606355806792398,3.1841301059038285,0.3305519704885732,0.003548724893869932,0.0022738972107283436,6953,6953,0.10372543025419952,0.0664635815935036,0.9635925803809389,0.7277711369965317,0.8078523140925638,0.8937149431899899,0.8937149431899899,0.5415164281233494,0.01175608927400622,0.03316853223040201,0.8658339776613125,1.5278299339913628,0.307801,13925,0.0587,0.0803,0.7809,0.4208
0.187362,17496,0.0413,0.0541,0.7982,0.245524,0.8312,0.9405,0.9573,0.9657,0.888,AAA/ruputer/TONG_XUE_LIAN,84820,0.048173,0.712367,4.791126,-0.545552,0.725475,0.98855,1.362549,0.787159,6.086605,-0.638409,0.756275,1.032696,1.410963,0.20627,8482,0.1409,0.184,-0.2132,0.269459,0.2063,0.0338,0.0158,0.4897,0.2285,0.9488,0.6145,0.6293,0.7725,0.7725,2.142872,0.20627,0.248903,0.033799,0.015773,8482,8482,0.489714,0.228532,0.948822,0.614527,0.629274,0.772459,0.772459,0.83118222245556,0.9405166398257846,84820,0.9592743325969473,0.9572515182838093,0.9656873202217479,0.9612835802926654,1.0825853340329497,0.8879517854833674,84820,0.04817260080169771,0.71236736618722,4.791126012802124,-0.5455522835254669,0.7254751026630403,0.9885497480630875,1.3625486421585082,0.7871589775312249,6.0866053104400635,-0.6384094953536987,0.7562749028205875,1.0326959311962134,1.4109625482559203,2.142872212064555,0.20627005273013765,0.24890283662333057,0.03379851030790537,0.015772527226596552,8482,8482,0.4897139109449047,0.2285315513392601,0.9488223610252051,0.6145274235567333,0.6292739147137918,0.7724593256307475,0.7724593256307475,0.24444719053425565,0.040161498580328026,0.05553696268726436,0.8777528246482018,0.3380315720180149,0.244447,84820,0.0402,0.0555,0.8778,0.338032,test,0.8501962644440801,0.8512941216270522,84820,0.9631539071676943,0.9476122492062542,0.9426956255063819,6.268927407986389,7.101103144528533,0.8828103578268197,84820,0.4760315963216223,0.0,22.9559815001696,0.9285905219301009,4.371798054025085,6.024516927403249,9.503938356587984,0.8493270478859383,27.02843569777906,0.8292184174060822,4.539044094085695,6.357576036453252,10.081661672592162,2.142872212064555,1.5769785745853475,0.29218448305572164,0.03379851030790537,0.015772527226596552,8482,8482,0.4897139109449047,0.2285315513392601,0.9488223613548439,0.6145274142356842,0.6292739147137918,0.7724593256307475,0.7724593256307475,0.42703992837314214,0.015799653858925778,0.030804079363806924,0.8586459673473508,0.8325860783139383,0.235877,16997,0.0516,0.0704,0.7227,0.321653
0.41555,15491,0.073,0.0918,0.6887,0.522663,0.8812,0.8603,0.9477,0.9176,0.8815,AAA/ruputer/YU_TIAN_HAI,54654,0.342884,0.35346,4.753081,0.537999,1.581198,1.785993,2.109932,0.752662,6.315025,0.597522,1.64066,1.88462,2.29935,0.285207,5466,0.1769,0.2341,-1.1176,0.377401,0.2852,0.0395,0.0221,0.0027,0.0015,0.9135,0.564,0.5524,0.7117,0.7117,1.786048,0.285207,0.193875,0.039541,0.022139,5466,5466,0.00271,0.001518,0.913456,0.564038,0.5524,0.711672,0.711672,0.881222249944563,0.860327076799748,54654,0.9637575437407758,0.9476676279465904,0.9176210172895295,1.7159358425031117,1.9466240772649652,0.8814931771079428,54654,0.3428843268562228,0.35345994803674025,4.7530810832977295,0.5379989147186279,1.581198072433472,1.7859934091567988,2.1099319052696237,0.7526622925681578,6.3150248527526855,0.5975224375724792,1.640659606456757,1.8846200466156005,2.2993500208854676,1.7860477064870595,0.2852074738811365,0.19387466854102187,0.03954069903892121,0.02213865782829116,5466,5466,0.0027104955750270406,0.0015175941634606495,0.9134555046048293,0.5640379817043804,0.5523998863959102,0.7116721551408708,0.7116721551408708,0.2727599071075668,0.04319221435663428,0.06184785927998345,0.8347125520433871,0.3905707684426463,0.27276,54654,0.0432,0.0618,0.8347,0.390571,test,0.7280352501055385,0.5747405937749708,54654,0.9300862728061523,0.8867285838361184,0.7938327076583834,15.924430246755744,20.518401755372377,0.7761048076069675,54654,0.8155670216269624,0.0,54.556705292955655,3.478700343612682,12.406481850451307,15.924281111932382,23.63420959008634,0.573249538592951,95.170953694731,3.740473985671997,13.339065647125247,17.958461475372314,29.77227993011475,1.7860477064870595,5.9178808710599915,0.3879567638647525,0.03954069903892121,0.02213865782829116,5466,5466,0.0027104955750270406,0.0015175941634606495,0.9134555023681533,0.5640376943219624,0.5523998863959102,0.7116721551408708,0.7116721551408708,1.7451206659345238,0.018336694108710395,0.033786823274812604,0.7555002175229963,3.2155241933792498,0.326452,10938,0.0695,0.0945,0.5916,0.444414
0.235517,1432,0.1064,0.1298,0.4423,0.287358,0.9565,0.9608,0.9089,1.0036,0.8859,AAA/unruputer/GAO_WEI_LI,13879,0.089848,0.493479,5.113588,0.01573,0.968468,1.20978,1.781037,0.933777,5.476242,0.000141,1.037995,1.331056,1.774652,0.252197,1388,0.1606,0.2159,-0.4401,0.339051,0.2522,0.0783,0.0387,0.0206,0.0102,0.952,0.6232,0.5963,0.7471,0.7471,2.021648,0.252197,0.243974,0.078316,0.038739,1388,1388,0.020558,0.010169,0.951968,0.623166,0.59632,0.747118,0.747118,0.9564575405450338,0.9608341132575108,13879,0.9330179272516395,0.9088873654748604,1.0035977712110054,1.2311187692480403,1.3896986254697574,0.8858890313947655,13879,0.0898479717558902,0.49347935730239934,5.113587856292725,0.015729710459709167,0.9684682369232178,1.2097803592681844,1.7810369181632981,0.9337767711080466,5.476242303848267,0.00014073470083530992,1.037995314598084,1.3310564160346958,1.7746521258354182,2.021647548296699,0.2521967502895968,0.2439744587297825,0.07831624604870632,0.03873882275606853,1388,1388,0.020557738972124293,0.01016880464126639,0.9519678820389517,0.6231664636982525,0.5963197239792984,0.7471181556195965,0.7471181556195965,0.2112342324105069,0.03857284259720727,0.05379694400483714,0.9067362713335241,0.29460510057704553,0.211234,13879,0.0386,0.0538,0.9067,0.294605,test,0.8691595493709504,0.8828985314755058,13879,0.9187447529512831,0.8625832744698994,1.0078132780374778,9.204032573976939,10.523804926391295,0.8745917126319332,13879,0.6910440233446213,0.0,38.25659820055241,1.840545958955393,5.878842275747388,7.889216492825748,15.82837278430087,0.8822783544064916,43.361143350601196,1.8059030771255493,6.398776435852055,9.146034622192353,15.705660095214835,2.021647548296699,2.6640126260357277,0.32883784414175676,0.07831624604870632,0.03873882275606853,1388,1388,0.020557738972124293,0.01016880464126639,0.951967888080549,0.6231664636982525,0.5963197239792984,0.7471181556195965,0.7471181556195965,0.6660571042935534,0.015360690535950053,0.030127489212090287,0.8466165635690494,1.306362378519138,0.230259,2785,0.0501,0.0716,0.6619,0.32872
0.282854,22356,0.0425,0.055,0.9315,0.366548,0.921,0.9505,0.9403,0.9254,0.8866,AAA/unruputer/LIN_JIAN_RONG,68653,0.334173,0.454066,5.860478,0.176656,2.030203,2.241818,2.596901,0.801827,7.308903,0.242891,2.122512,2.384207,2.806132,0.330884,6866,0.2251,0.2861,-1.7798,0.420644,0.3309,0.0264,0.0174,0.41,0.2697,0.9498,0.4441,0.5173,0.6819,0.6819,1.520529,0.330884,0.172123,0.026407,0.017367,6866,6866,0.410029,0.269662,0.949776,0.44407,0.517348,0.681911,0.681911,0.9209838204305744,0.9504794836171011,68653,0.9565096164430956,0.9402784007723455,0.9254377917981697,2.1667345304670396,2.4438508859432164,0.8866066841188543,68653,0.3341733063376692,0.4540661005345724,5.860478401184082,0.17665627598762512,2.0302030086517338,2.241817951202392,2.596900568008419,0.801827310577786,7.308903455734253,0.24289143085479736,2.122511863708496,2.3842065811157216,2.8061319637298556,1.5205293830359423,0.3308836027498048,0.17212343943078404,0.02640666135177712,0.017366755056750467,6866,6866,0.41002931402091786,0.269662210145679,0.9497764063016042,0.4440696113351795,0.5173480662983425,0.6819108651325372,0.6819108651325372,0.31799061480877294,0.04350729445732261,0.05889614123242413,0.8973692193068136,0.43046621018307735,0.317991,68653,0.0435,0.0589,0.8974,0.430466,test,0.714890153521547,0.805041103712615,68653,0.8935832556038779,0.8406682450357598,0.7748907396670789,27.58357040060567,37.421042418431306,0.7371138968330743,68653,0.6398846372336242,0.0,115.8699969429838,2.2394189807432396,21.445465346930316,27.755988609843662,42.78825138455537,0.8045138092227413,144.02487019449472,2.42771577835083,23.999403762817387,33.01657791137691,55.21843170165997,1.5205293830359423,12.435892279840827,0.4403210473050183,0.02640666135177712,0.017366755056750467,6866,6866,0.41002931402091786,0.269662210145679,0.9497764065974343,0.44406953340555755,0.5173480662983425,0.6819108651325372,0.6819108651325372,2.877998835080119,0.019982651823907904,0.04345765125246585,0.7333046130581284,6.258982580594014,0.363049,13736,0.0755,0.0962,0.5486,0.462271
0.215208,7521,0.0595,0.0836,0.819,0.302297,0.8896,1.0667,1.0079,1.1163,0.9706,AAA/unruputer/LI_YOU_YU,53826,0.06991,0.642273,5.274391,-0.316665,0.841566,1.146635,1.901705,0.80512,6.551064,-0.341119,0.808767,1.137611,1.703527,0.238134,5383,0.1303,0.1764,0.1203,0.322374,0.2381,0.0261,0.012,0.0043,0.002,0.8972,0.6553,0.6467,0.7854,0.7854,2.168372,0.238134,0.262885,0.026122,0.012047,5383,5383,0.004336,0.002,0.897205,0.655291,0.646681,0.785436,0.785436,0.8895616256471556,1.0667215147923514,53826,1.0405547687663235,1.0079323581599091,1.1163339402053867,1.1902419038000323,1.226291489849165,0.9706027593377763,53826,0.06991045219782262,0.6422732508453164,5.274391174316406,-0.3166646361351013,0.8415664732456207,1.1466345191001892,1.901704579591751,0.8051197147186557,6.551064491271973,-0.34111858904361725,0.8087671101093292,1.1376105844974518,1.7035266160964966,2.168371575880901,0.23813431026971482,0.26288496157717367,0.026121648818342294,0.012046666313512424,5383,5383,0.004336240866191675,0.0019997683581653098,0.8972045235919774,0.6552913708197965,0.6466809421841542,0.7854356306892067,0.7854356306892067,0.2518661318533682,0.03844659630338415,0.05529528367160164,0.8093138686519716,0.36224296939584044,0.251866,53826,0.0384,0.0553,0.8093,0.362243,test,1.0473048588685412,1.2390863084022048,53826,1.0407891723024618,1.011060048242324,1.2732341000534513,9.283845067552898,8.903182922365406,1.04275573674121,53826,0.5817077248913165,0.0,55.51329079757219,1.227408485983962,5.036335365767347,7.30477002468829,18.336360360542265,1.2375076563490925,44.858947346918285,1.1913629174232483,4.838958263397217,7.224862694740295,14.401405334472656,2.168371575880901,2.6808619742108086,0.4924883937356238,0.026121648818342294,0.012046666313512424,5383,5383,0.004336240866191675,0.0019997683581653098,0.8972045235858985,0.6552913509712904,0.6466809421841542,0.7854356306892067,0.7854356306892067,0.6802104216029791,0.015163316614243024,0.03683042189505982,0.6764352111035974,1.6521739565552749,0.298174,10804,0.0642,0.0901,0.6646,0.418667
0.237221,13502,0.0565,0.0828,0.77,0.347915,0.9049,0.9701,1.0438,1.0295,0.9368,AAA/unruputer/SHEN_CHUN_WANG,50896,0.24607,0.397124,4.584345,0.386856,1.301631,1.467337,1.813889,0.831628,5.512497,0.386739,1.242338,1.405806,1.761932,0.238086,5090,0.1553,0.1976,-0.7362,0.302954,0.2381,0.0582,0.0377,0.0024,0.0016,0.9256,0.4596,0.4497,0.6204,0.6204,1.5443,0.238086,0.205522,0.058186,0.037678,5090,5090,0.002398,0.001553,0.925564,0.459598,0.449729,0.620432,0.620432,0.9048537377915706,0.9700874173514457,50896,1.0477275643015491,1.0437690482386774,1.0294883220359687,1.3809822041182716,1.4740713691664584,0.9368489430055033,50896,0.24607041810751337,0.3971235460546998,4.584345102310181,0.38685619831085205,1.3016313314437866,1.4673369824886322,1.8138885200023667,0.831627725807182,5.512496709823608,0.386738583445549,1.2423375844955444,1.4058061838150024,1.7619320988655103,1.5443000238382245,0.23808647001890396,0.2055217411721732,0.058186496752760504,0.037678233409686145,5090,5090,0.002398117443257028,0.001552883122605097,0.9255643949464802,0.45959826420584105,0.4497294218171461,0.6204322200392928,0.6204322200392928,0.2066495932409029,0.0374874769308507,0.05448750913502102,0.8636485582649334,0.3003622148332872,0.20665,50896,0.0375,0.0545,0.8636,0.300362,test,0.8868983913835193,0.9037635839743636,50896,1.0749493970935322,1.077884319787261,1.065378395393853,10.583343405589861,11.4271253647645,0.9261597355204978,50896,0.8041889342973908,0.0,47.881055290661116,2.8933938975689886,8.823811215819639,10.798781070564253,16.4750401440234,0.9014693552719545,53.11445698142052,2.8929792642593384,8.208582878112793,10.018497228622437,15.464026880264308,1.5443000238382245,3.0163267100403317,0.34196068039208327,0.058186496752760504,0.037678233409686145,5090,5090,0.002398117443257028,0.001552883122605097,0.9255643937073528,0.45959873302329296,0.4497294218171461,0.6204322200392928,0.6204322200392928,1.0985692493217956,0.020683055268852245,0.03525747853135928,0.7332518134767907,1.8726818267272398,0.272482,10182,0.0664,0.0915,0.3865,0.375734
0.231561,18477,0.0485,0.0641,0.8459,0.306076,0.857,0.8645,0.9653,0.942,0.8579,AAA/unruputer/ZHANG_XUN_LIAN,101435,0.031202,0.702962,4.889203,-0.495263,0.672767,0.877544,1.235904,0.7653,6.388609,-0.550848,0.671876,0.90913,1.311982,0.226915,10144,0.1132,0.152,-0.1924,0.304696,0.2269,0.0359,0.0175,0.0588,0.0287,0.9221,0.5701,0.5743,0.7296,0.7296,2.051278,0.226915,0.31159,0.035929,0.017516,10144,10144,0.058798,0.028664,0.922091,0.570079,0.5743,0.729594,0.729594,0.8569821085113436,0.8645398881888366,101435,1.0013252411744833,0.9652566543364107,0.9420128267213953,0.8388948048360657,0.9778750994909637,0.8578752084726928,101435,0.03120224774486124,0.7029624882929956,4.889203310012817,-0.4952634572982788,0.6727666139602663,0.8775437831878659,1.235904202461244,0.765300168493031,6.388608694076538,-0.5508478879928589,0.6718762159347536,0.9091300010681147,1.3119823503494275,2.051278039603351,0.22691536065240975,0.3115899917197494,0.03592929444695495,0.0175155652979654,10144,10144,0.058798229830692425,0.028664193100834855,0.9220913995545454,0.5700789119084076,0.5742996818499263,0.7295938485804416,0.7295938485804416,0.26683056104417296,0.041766615208656606,0.05830199648644237,0.8347864900732879,0.37246864163530546,0.266831,101435,0.0418,0.0583,0.8348,0.372469,test,0.7228090559622871,0.6428518785435327,101435,1.001085872821094,0.9622311985618345,0.9114377943839725,5.403879649305809,6.409516492946667,0.8431025421734217,101435,0.4959037807462907,0.0,30.2121104086944,0.987291372339502,4.099757197233912,5.262107486299714,8.144467095296086,0.6414587478847418,47.099069906398654,0.9226158857345581,4.095310211181641,5.468651914596554,8.93584526062013,2.051278039603351,1.7101649622215513,0.46802974906477623,0.03592929444695495,0.0175155652979654,10144,10144,0.058798229830692425,0.028664193100834855,0.922091399456296,0.5700788908129186,0.5742996818499263,0.7295938485804416,0.7295938485804416,0.48879527960844715,0.010378024036989354,0.023863024992591055,0.7229444775934721,1.1239262823041842,0.378249,20294,0.0697,0.0934,0.6091,0.506733
0.232913,3096,0.0555,0.073,0.8924,0.306696,0.9196,1.0028,0.9417,0.9507,0.9008,AAA/unruputer/ZHU_ZI_HAI,14749,0.175334,0.488643,4.939563,0.035242,1.104228,1.207654,1.448433,0.943704,5.234227,-0.038764,1.166385,1.282438,1.523487,0.156228,1475,0.1596,0.206,-0.7081,0.201703,0.1562,0.0585,0.0342,0.0053,0.0031,0.9702,0.6071,0.5082,0.6739,0.6739,1.711409,0.156228,0.151788,0.058482,0.034172,1475,1475,0.005306,0.0031,0.970243,0.607086,0.50818,0.673898,0.673898,0.9195871946631479,1.0028333128882347,14749,0.946709309455857,0.941686615479813,0.9507354884226998,1.197014257624998,1.3288453046346116,0.9007927811086613,14749,0.1753339209437928,0.48864329785070176,4.939562559127808,0.035241931676864624,1.1042279958724976,1.207654333114624,1.448433094024659,0.943704316569341,5.234226942062378,-0.038763511925935745,1.1663854837417604,1.2824376106262205,1.5234869337081918,1.7114088797928182,0.15622820538989568,0.15178840638711458,0.05848231537294796,0.03417202987752861,1475,1475,0.0053059826390949765,0.003100359418339184,0.9702425957065612,0.6070860063244975,0.5081799591002045,0.6738983050847458,0.6738983050847458,0.1832950179127918,0.0350185461848871,0.04895997783611102,0.9455349775760397,0.2562676350725492,0.183295,14749,0.035,0.049,0.9455,0.256268,test,0.8716928185230584,1.007438008816803,14749,0.9270349900800113,0.9128774189218667,0.9125764683834936,8.056751291016926,9.306116433547714,0.8657479571148563,14749,0.6440436639772188,0.0,24.81060033849298,1.8848453791187116,6.936782508602467,7.86879465381143,10.552806832510225,1.0066987980093178,24.64550507813692,1.7222647666931152,7.482762336730959,8.61977138519287,11.563750762939463,1.7114088797928182,1.564567354821392,0.21175781035273986,0.05848231537294796,0.03417202987752861,1475,1475,0.0053059826390949765,0.003100359418339184,0.9702425935858742,0.6070860063244975,0.5081799591002045,0.6738983050847458,0.6738983050847458,0.5616321627737528,0.02278842170177222,0.03804779420638387,0.9078785611324209,0.9377071053253422,0.160164,2950,0.0403,0.0656,0.3896,0.260576
0.162124,3111,0.0459,0.0601,0.8783,0.212028,0.8723,0.9278,0.9624,0.9543,0.8934,AG/fast/HAN_JIAN_JUN,11325,0.100751,0.399382,4.608474,0.229727,1.002347,1.233268,1.70861,0.851529,5.411997,0.168039,0.988739,1.281509,1.790521,0.245232,1133,0.1296,0.1785,0.0036,0.337627,0.2452,0.0143,0.0086,0.0122,0.0074,0.9123,0.5971,0.5671,0.7237,0.7237,1.653272,0.245232,0.246449,0.01426,0.008625,1133,1133,0.012195,0.007376,0.912304,0.597054,0.567082,0.723742,0.723742,0.8722997101688109,0.9278406032124489,11325,1.0137632652783672,0.9623562545313623,0.9542528517323768,1.2239369626328782,1.3699677437149311,0.8934056792563142,11325,0.10075055187637968,0.39938189845474614,4.608474493026733,0.22972699999809265,1.002347254753113,1.2332683563232414,1.7086101770401008,0.8515294129049198,5.411996841430664,0.1680392026901245,0.9887389779090885,1.2815091609954827,1.790521426200868,1.6532723027778347,0.24523178935182482,0.24644906582525405,0.014259933221106375,0.008625277999968171,1133,1133,0.012194744015634702,0.007376125514922766,0.9123044068338387,0.5970541199880113,0.5670816044260027,0.7237422771403353,0.7237422771403353,0.18527104068585104,0.034233397785367985,0.053211246187701594,0.8416465760508016,0.2879790962964305,0.185271,11325,0.0342,0.0532,0.8416,0.287979,test,0.8022755249028934,0.7761655770082939,11325,1.0167253047689426,0.9428946046408653,0.904977714972067,9.164542907294129,10.636303768258966,0.8616285419229103,11325,0.8452980132450331,0.0,46.77655624897014,2.3890710740527217,6.126693141014481,8.118342904171126,14.490933221586149,0.7744015705796305,60.40348835289478,2.2160205841064453,6.025907993316653,8.610021591186518,16.012475204467798,1.6532723027778347,2.7115914605909275,0.35893926929619707,0.014259933221106375,0.008625277999968171,1133,1133,0.012194744015634702,0.007376125514922766,0.9123044068338387,0.5970541199880113,0.5670816044260027,0.7237422771403353,0.7237422771403353,0.7603384375768261,0.012587657738154248,0.02467819375197439,0.8156955411610207,1.4906489888678658,0.29622,2269,0.0623,0.0868,0.6329,0.412746
0.1365,3643,0.0371,0.0535,0.923,0.197118,0.9086,0.5953,0.9998,1.0235,0.8863,AG/fast/LIU_JUN_FENG,14100,0.052057,0.506525,4.250886,-0.013956,0.849952,1.006823,1.283431,0.67698,6.279194,-0.057641,0.885936,1.007031,1.25398,0.185174,1410,0.0794,0.1188,-1.2287,0.277024,0.1852,0.0127,0.008,0.1248,0.0787,0.9433,0.6023,0.4976,0.6645,0.6645,1.58689,0.185174,0.261956,0.012715,0.008012,1410,1410,0.124839,0.078669,0.943274,0.602325,0.49761,0.664539,0.664539,0.9086195162761254,0.5953164178971766,14100,0.959382452902475,0.9997935800757838,1.023486073821339,0.9373118914399586,1.0575211671649987,0.8863292012893729,14100,0.05205673758865248,0.5065248226950355,4.25088632106781,-0.013956494629383087,0.8499518454074859,1.0068228185176844,1.2834308850765228,0.6769795742467304,6.279194355010986,-0.05764149874448776,0.8859364092350007,1.007030689716339,1.253979822397232,1.5868902466609927,0.18517396879111622,0.26195620796830094,0.012714520000195156,0.008012223924715671,1410,1410,0.12483869286914225,0.07866876309298505,0.9432744721747482,0.6023250008751544,0.49761019649495486,0.6645390070921986,0.6645390070921986,0.1655854119983945,0.02637048682308302,0.0403029224085473,0.8892692506425017,0.253069882878196,0.165585,14100,0.0264,0.0403,0.8893,0.25307,test,0.6645534027977659,0.20450403210141282,14100,0.9570862015921202,0.9997467269429671,1.0365500749060321,5.993379500100163,6.821587922725271,0.8785900831291736,14100,0.7208510638297873,0.0,18.54281377608993,1.7751369542761464,5.088075510203917,6.16020742129433,8.63021381235043,0.20345121924501328,91.1413253992796,1.6830872297286987,5.316214466094971,6.1617680311203,8.325901489257813,1.5868902466609927,1.4216130236092623,0.5665570786256904,0.012714520000195156,0.008012223924715671,1410,1410,0.12483869286914225,0.07866876309298505,0.9432744721747482,0.6023250008751544,0.49761019649495486,0.6645390070921986,0.6645390070921986,0.5113462183922499,0.005610475995955746,0.015389462322506145,0.6377230621514801,1.4026159932554856,0.280499,2826,0.0538,0.0749,0.5554,0.390696
0.173369,1923,0.0429,0.0611,0.861,0.247083,0.8672,1.03,0.9579,0.9947,0.9316,AG/fast/LIU_LI_QUN,10887,0.177184,0.247359,4.225598,0.378561,1.155326,1.299867,1.600008,0.873605,4.836964,0.382179,1.193941,1.356956,1.608463,0.160591,1089,0.1246,0.16,-0.2798,0.206165,0.1606,0.0342,0.0164,0.0,0.0,0.9265,0.5967,0.6109,0.7585,0.7585,2.085724,0.160591,0.146855,0.034172,0.016384,1089,1089,0.0,0.0,0.926474,0.596682,0.610947,0.758494,0.758494,0.8672293988744982,1.0300328788449278,10887,0.9676577782059141,0.9579288648235492,0.9947433482808968,1.307775154668766,1.403865115154326,0.9315532814026817,10887,0.17718379718930835,0.24735923578579957,4.225598335266113,0.3785611391067505,1.1553262233734132,1.2998674511909478,1.6000081086158753,0.8736054726366688,4.836964130401611,0.3821793794631958,1.1939409255981446,1.3569561362266538,1.6084632396697998,2.085724394118729,0.16059050472971492,0.14685516771782672,0.03417190425774878,0.016383710309044577,1089,1089,0.0,0.0,0.9264735700532986,0.5966818661272987,0.6109467455621301,0.758494031221304,0.758494031221304,0.17264441167573702,0.03569272109971227,0.05258404398480285,0.8443892621368955,0.254347134585952,0.172644,10887,0.0357,0.0526,0.8444,0.254347,test,0.899416014942976,1.0951474520416755,10887,0.9540229566864588,0.932780228673225,0.9897469169100096,9.412319911650096,10.291948945069116,0.9145323166570457,10887,0.9264260126756683,0.0,40.53971091914231,2.8642865111215707,7.38257074397167,8.80486087655716,12.694219154119507,1.091803591392778,37.13095582276583,2.8769469261169434,7.7383575439453125,9.439373397827145,12.825722351074218,2.085724394118729,1.8812175261421387,0.24043228790200516,0.03417190425774878,0.016383710309044577,1089,1089,0.0,0.0,0.9264735700532986,0.5966818661272987,0.6109467455621301,0.758494031221304,0.758494031221304,0.7354112636213965,0.019805880223813126,0.03284571896477443,0.8279867401449248,1.219592939848021,0.213317,2184,0.0522,0.0725,0.542,0.296543
0.133259,1461,0.0446,0.0556,0.8825,0.166153,0.9155,0.9975,0.9557,0.9951,0.9453,AG/fast/LOU_YANG,10806,0.345271,0.287433,4.140475,0.689358,1.521447,1.648939,1.915295,0.842429,4.914924,0.602478,1.591697,1.725348,1.924725,0.138989,1081,0.1606,0.2048,-0.9735,0.177188,0.139,0.0232,0.0113,0.0076,0.0037,0.9559,0.6527,0.6516,0.7891,0.7891,2.057052,0.138989,0.101061,0.023179,0.011268,1081,1081,0.007585,0.003688,0.955931,0.652673,0.651642,0.789084,0.789084,0.9154979140159835,0.997523348684852,10806,0.9558647174927604,0.9557139514279975,0.9951005845474812,1.657360752405225,1.7532695789892954,0.9452971592426996,10806,0.34527114565981865,0.28743290764390156,4.140474557876587,0.689357727766037,1.5214465260505676,1.6489388942718506,1.9152948915958417,0.8424290257163765,4.914923906326294,0.6024775207042694,1.5916965007781982,1.7253477275371552,1.9247249186038977,2.0570524540420023,0.13898861391692113,0.10106148089910584,0.023178840007740373,0.011267986852836516,1081,1081,0.007585404666247315,0.0036875115417413806,0.9559311889173214,0.6526732776163798,0.6516424751718869,0.7890841813135985,0.7890841813135985,0.16592939415535396,0.03376031802685211,0.05091653825610529,0.9129883893864734,0.2502509111023092,0.165929,10806,0.0338,0.0509,0.913,0.250251,test,0.8705435244954979,0.9926096008801646,10806,0.9179355524487077,0.9110704463016641,0.9885715179597797,14.02756266897027,15.496026641676318,0.9052360965386678,10806,0.863964464186563,0.0,35.591857470436345,4.183510591116777,11.53502018936035,13.474360643695785,18.642637236062328,0.9887008566416392,35.99861093610525,3.7631337642669678,12.566263675689697,14.789592504501343,18.858157348632826,2.0570524540420023,2.4227238814782175,0.19930447002459706,0.023178840007740373,0.011267986852836516,1081,1081,0.007585404666247315,0.0036875115417413806,0.9559311922934168,0.6526732776163798,0.6516424751718869,0.7890841813135985,0.7890841813135985,0.9861354484956951,0.027393708336302454,0.044807453872498855,0.8838354151259008,1.6130060989935688,0.220433,2164,0.0618,0.0878,0.5773,0.313155
0.184826,2500,0.0484,0.0719,0.8823,0.274667,0.846,0.9199,0.964,0.9645,0.9261,AG/fast/WANG_CHUN_MING,10030,0.297408,0.234197,4.088327,0.59335,1.395922,1.555671,1.828295,0.922895,4.429892,0.575156,1.436658,1.613816,1.895589,0.171453,1003,0.1514,0.2101,-0.5726,0.237905,0.1715,0.013,0.0069,0.009,0.0047,0.9108,0.6173,0.6087,0.7567,0.7567,1.900485,0.171453,0.14339,0.013025,0.006854,1003,1003,0.008996,0.004734,0.910801,0.61732,0.608661,0.75673,0.75673,0.8460297411273877,0.9199079057978499,10030,0.971645130006993,0.9639704119380049,0.964499919750845,1.5364606711170372,1.6591498907636906,0.926052962225022,10030,0.29740777666999,0.23419740777667,4.088326573371887,0.5933497548103333,1.3959215879440308,1.5556708216667172,1.8282952785491897,0.9228953019846704,4.429892063140869,0.5751557648181915,1.4366578340530396,1.6138159453868859,1.8955888342857354,1.9004851020218079,0.17145279216267176,0.14338999287669707,0.013025098674972584,0.006853565261372474,1003,1003,0.008996486489926557,0.004733784274528517,0.9108006409359841,0.6173203199762071,0.6086607858861267,0.7567298105682951,0.7567298105682951,0.22112012154057148,0.04991546484403359,0.07753349816374037,0.7844062982147976,0.34346502814310065,0.22112,10030,0.0499,0.0775,0.7844,0.343465,test,0.8350319071364434,0.778158270866439,10030,0.9515589326322557,0.9315797308863112,0.921253273279956,12.346262953421224,14.060379111992635,0.8780889089178701,10030,0.9190428713858425,0.0,31.973284311529294,3.7214976352363904,9.898514715583937,12.026395140189505,16.76697541362273,0.7763344080538165,41.18493780493736,3.639875292778015,10.402418994903565,12.909678840637197,18.20018001556395,1.9004851020218079,2.5823307146637506,0.24971705376251568,0.013025098674972584,0.006853565261372474,1003,1003,0.008996486489926557,0.004733784274528517,0.9108006135353303,0.6173229244680016,0.6086607858861267,0.7567298105682951,0.7567298105682951,1.0342666396646691,0.025112740112980782,0.04141206218188962,0.8310165569904557,1.7055532053353226,0.286821,2007,0.0652,0.0968,0.5899,0.425894
0.227146,3683,0.0537,0.075,0.8114,0.317158,0.8772,0.9261,0.9777,0.9061,0.8972,AG/slow/A_MIN_SE_HA_CHI,12309,0.155252,0.457226,4.267793,0.101954,1.240482,1.478863,1.885853,0.804936,5.302027,0.022754,1.23437,1.512617,2.08133,0.247063,1231,0.16,0.2408,-0.4394,0.371748,0.2471,0.0401,0.0242,0.0105,0.0064,0.9433,0.4289,0.6081,0.7563,0.7563,1.654458,0.247063,0.231241,0.040053,0.024209,1231,1231,0.010506,0.00635,0.943251,0.4289,0.608099,0.756296,0.756296,0.8772218161221101,0.9260913659583035,12309,1.00495107115276,0.9776850625568456,0.9060806405300273,1.4424128045065436,1.6076163269464414,0.8972369714895277,12309,0.1552522544479649,0.4572264196929076,4.267792701721191,0.1019536480307579,1.24048171043396,1.478862595558166,1.8858527278900148,0.8049359854827131,5.302027463912964,0.022754376754164696,1.234370255470276,1.5126165390014643,2.0813298988342286,1.6544575095915757,0.24706319163331744,0.23124148537525707,0.04005340043215108,0.024209385976941035,1231,1231,0.010505975386432043,0.006350102873917614,0.9432513499433876,0.42890041394479583,0.6080992815153494,0.7562956945572705,0.7562956945572705,0.19778830329089359,0.03730427739899395,0.05831573375488559,0.8665943557211223,0.3091916219466397,0.197788,12309,0.0373,0.0583,0.8666,0.309192,test,0.7282033090290659,0.7785772816946371,12309,1.0074771576752215,0.959692058725974,0.7879916226168371,11.381130688560317,13.908602837718279,0.8182799394987544,12309,0.7747176862458364,0.0,41.32707622878681,2.0445159048882147,8.190036328166903,10.951559952878286,17.98547238248262,0.7755012016574632,53.29079586267471,1.8563730716705322,8.12925262451172,11.411535453796377,22.824446182250977,1.6544575095915757,3.7997627728310586,0.4478836659466931,0.04005340043215108,0.024209385976941035,1231,1231,0.010505975386432043,0.006350102873917614,0.9432513499433876,0.42890041394479583,0.6080992815153494,0.7562956945572705,0.7562956945572705,0.925759264868578,0.01737184160758588,0.042451344631533466,0.7398053464799359,2.262265940855102,0.307011,2468,0.0722,0.1015,0.4972,0.431754
0.216027,2281,0.0573,0.0774,0.7886,0.29161,0.8343,1.0911,0.9942,1.018,0.9502,AG/slow/CAO_FENG_CHI,11987,0.377325,0.153166,4.170388,0.785992,1.592604,1.757271,2.122548,0.879655,4.740934,0.832116,1.599473,1.767456,2.084936,0.183635,1199,0.1945,0.2687,-0.8005,0.253775,0.1836,0.0894,0.0419,0.0465,0.0218,0.9066,0.6144,0.5082,0.6739,0.6739,2.131316,0.183635,0.139679,0.089379,0.041936,1199,1199,0.046484,0.02181,0.906621,0.614364,0.508176,0.673895,0.673895,0.8343129245768353,1.0911318034645234,11987,0.9957055750519548,0.9942376861633891,1.018039911314612,1.7263058898745227,1.8168399746563157,0.9501694777500044,11987,0.3773254358888796,0.153165929757237,4.170388221740723,0.785991907119751,1.592603874206543,1.7572709441184995,2.1225478458404488,0.8796554695199381,4.740933656692505,0.8321164846420288,1.599472689628601,1.7674555778503416,2.084935789108275,2.1313159661585805,0.1836350533343833,0.13967914680826324,0.08937876287005035,0.04193595144465789,1199,1199,0.0464835363816083,0.021809781899860124,0.9066213821279278,0.6143637296522839,0.5081761006289308,0.6738949124270225,0.6738949124270225,0.23291080599422043,0.049127623978756495,0.07079768520395205,0.7908486627498441,0.33564712859933726,0.232911,11987,0.0491,0.0708,0.7908,0.335647,test,0.9055166730931405,1.3265676512317037,11987,0.9916624336074209,0.9876626247451358,1.0469200060253911,15.890697570244015,17.026351973252858,0.9333001922670886,11987,0.9445232335029615,0.0,52.89002446730134,4.706472067917288,12.580168599564633,15.376418927238417,24.000633909566034,1.3224334841651857,39.99446860700846,4.97865629196167,12.685938453674314,15.568493270874018,22.924993095397912,2.1313159661585805,3.43587008663035,0.27942409852365785,0.08937876287005035,0.04193595144465789,1199,1199,0.0464835363816083,0.021809781899860124,0.9066214005836774,0.6143637296522839,0.5081761006289308,0.6738949124270225,0.6738949124270225,1.4607263759929103,0.036523210005519086,0.05848059980822742,0.7755381045814478,2.3389005131491762,0.25026,2398,0.0748,0.1034,0.5827,0.345949
0.205831,2660,0.0502,0.0681,0.8524,0.279447,0.8707,1.0259,0.991,1.0146,0.9679,AG/slow/GONG_HUI_XIA,12801,0.081478,0.359816,3.840813,0.206764,0.948935,1.098987,1.360021,0.844926,4.545737,0.205718,0.963272,1.108975,1.340387,0.104807,1281,0.1262,0.1586,0.225,0.131708,0.1048,0.0707,0.0362,0.0071,0.0036,0.9455,0.6773,0.6583,0.7939,0.7939,1.955248,0.104807,0.11549,0.070726,0.036172,1281,1281,0.007118,0.003641,0.945464,0.677303,0.658252,0.793911,0.793911,0.8706808628271755,1.025912368496255,12801,0.985116285976999,0.9909935311657038,1.014647657742604,1.1037771306774935,1.1404259922818967,0.9678638843270558,12801,0.08147800953050544,0.3598156394031716,3.8408126831054688,0.20676353573799133,0.94893479347229,1.0989872217178345,1.360020637512207,0.8449263699674623,4.54573655128479,0.2057180106639862,0.9632718563079834,1.1089751720428467,1.3403871059417725,1.9552476486131163,0.10480709768290822,0.1154900187736477,0.07072583974767113,0.03617231801702354,1281,1281,0.007118131813637911,0.003640526978097582,0.9454640677116194,0.6773030672397857,0.658252427184466,0.7939110070257611,0.7939110070257611,0.17071434318495407,0.03755482555114286,0.05555981586652449,0.8525964107908989,0.252560285767113,0.170714,12801,0.0376,0.0556,0.8526,0.25256,test,0.9280993596709743,1.0582909463224872,12801,0.9826762311694438,0.9878993302604233,1.0242200839403388,7.131055830834451,7.381472335952413,0.9660749923970755,12801,0.8777439262557613,0.0,16.85508365653939,2.3231274988466795,5.740523712748126,6.892611546244998,9.47469802812747,1.0526163299484543,16.012561440467834,2.3201687335968018,5.841724395751953,6.977038383483887,9.250646591186523,1.9552476486131163,0.9056869561484793,0.15581636921371347,0.07072583974767113,0.03617231801702354,1281,1281,0.007118131813637911,0.003640526978097582,0.945464079067219,0.6773030672397857,0.658252427184466,0.7939110070257611,0.7939110070257611,0.465328886502961,0.02906024050137013,0.041311007924408324,0.8989643408814378,0.6614950525572418,0.115208,2565,0.038,0.0499,0.7287,0.151266
0.15403,2698,0.0522,0.0723,0.9292,0.213287,0.9223,0.9242,0.9722,0.9574,0.9223,AG/slow/GUO_XI_JIANG,10236,0.355315,0.321122,4.856501,0.5635,1.528477,1.694321,2.021616,0.895825,5.42126,0.498137,1.600313,1.742848,2.111503,0.184909,1024,0.1189,0.1584,0.0046,0.246469,0.1849,0.0118,0.0068,0.0,0.0,0.9599,0.6,0.5515,0.7109,0.7109,1.73667,0.184909,0.135342,0.0118,0.006794,1024,1024,0.0,0.0,0.959864,0.599987,0.551515,0.710938,0.710938,0.9223135987213361,0.9242020073088925,10236,0.9551116506429171,0.9721566968034384,0.9574299374528371,1.6795397203823086,1.8210855630459264,0.9222739197235358,10236,0.35531457600625244,0.32112153184837827,4.856501340866089,0.5634995400905609,1.5284773707389832,1.69432133436203,2.021616041660309,0.8958252229751137,5.421259880065918,0.4981371909379959,1.6003127694129944,1.742847979068756,2.1115028500556923,1.736669602568822,0.18490925108199008,0.13534182934068392,0.011799754199635658,0.006794472697732411,1024,1024,0.0,0.0,0.959863953691344,0.599986857163293,0.5515151515151515,0.7109375,0.7109375,0.16676069653671638,0.030760505901939662,0.04733571148912542,0.919991076187993,0.256619193590371,0.166761,10236,0.0308,0.0473,0.92,0.256619,test,0.8336953240805152,0.7470820722631257,10236,0.9161634944018844,0.9425659784092925,0.8962196847283567,15.035046066929965,17.6105645429343,0.8537515097982659,10236,0.8459359124658069,0.0,63.018283163737934,3.5885262706700765,11.634299383417252,14.240721907628553,21.222172920388143,0.7460820909749276,84.4656156823039,3.313719153404236,12.698933601379395,15.108461618423462,23.679654979705745,1.736669602568822,3.4860481817438833,0.26617964099640584,0.011799754199635658,0.006794472697732411,1024,1024,0.0,0.0,0.959863953691344,0.599986857163293,0.5515151515151515,0.7109375,0.7109375,1.0999163655001605,0.0130220605937121,0.025286578368442107,0.8626499448193069,2.1358464103892905,0.174918,2051,0.0538,0.0761,0.5122,0.247327
0.234927,1644,0.054,0.0721,0.906,0.313638,0.7867,0.9275,0.8789,0.9099,0.8557,AG/slow/KANG_XI_MING,11379,0.404517,0.14184,4.507082,0.724114,1.631025,1.768485,2.009178,0.864232,5.215127,0.754136,1.843675,2.012179,2.208061,0.296586,1138,0.375,0.4437,-5.703,0.350944,0.2966,0.0367,0.0179,0.0,0.0,0.9429,0.4888,0.542,0.703,0.703,2.046936,0.296586,0.172703,0.036662,0.017911,1138,1138,0.0,0.0,0.942949,0.488815,0.542005,0.702988,0.702988,0.7866569797448312,0.9275305189453696,11379,0.8846593688157772,0.8788903509354494,0.9099288547602057,1.738854418896623,2.0320718242330167,0.8557051961256018,11379,0.40451709289041216,0.14184023200632745,4.507081985473633,0.724113941192627,1.6310245037078859,1.7684849739074708,2.0091780471801752,0.8642324911868416,5.2151267528533936,0.7541360259056091,1.8436751604080202,2.0121793031692508,2.2080605936050413,2.0469357534197647,0.2965864203412001,0.17270262687921667,0.03666228686559222,0.017910814642981072,1138,1138,0.0,0.0,0.9429492410522804,0.48881536958336774,0.5420054200542005,0.70298769771529,0.70298769771529,0.23420963785007992,0.04490967313918783,0.06187781581862681,0.8777926619779942,0.32270065268385556,0.23421,11379,0.0449,0.0619,0.8778,0.322701,test,0.6796371653764829,0.7923709388027357,11379,0.7716680822859451,0.743014242541794,0.7847274739472057,15.597789819646282,21.80622216142544,0.715290787380783,11379,0.9317163195359873,0.0,35.353697828867844,4.364550703189247,13.183324419185967,15.588039813642645,20.902858591253924,0.7904837448218869,44.7241300791502,4.527225494384766,17.084190368652344,20.97946300506592,26.637092857360837,2.0469357534197647,6.291669815827154,0.3325399037323326,0.03666228686559222,0.017910814642981072,1138,1138,0.0,0.0,0.942949253342459,0.48881536958336774,0.5420054200542005,0.70298769771529,0.70298769771529,1.879946613513414,0.042034280156738484,0.06947088201327418,0.7862110207250192,3.107024763874971,0.330732,2288,0.098,0.1224,0.5555,0.413113
0.200985,2663,0.0396,0.0542,0.9246,0.27493,0.8118,0.9419,0.946,0.9785,0.9103,AG/slow/LIN_SHU_TIAN,15088,0.458775,0.197375,4.517885,0.92388,1.627711,1.80546,2.237182,0.784206,5.761097,0.872476,1.720331,1.908619,2.286376,0.215993,1509,0.1777,0.2388,-0.664,0.290278,0.216,0.0049,0.0027,0.3475,0.1907,0.901,0.6246,0.576,0.7309,0.7309,1.822411,0.215993,0.146826,0.004864,0.002669,1509,1509,0.347485,0.190673,0.901041,0.624558,0.575979,0.730948,0.730948,0.8118344274741497,0.9419359495958483,15088,0.946161422641997,0.945951209417697,0.9784836427084813,1.7997112652574492,1.977013953084421,0.910317938044719,15088,0.4587751855779427,0.19737539766702014,4.517884612083435,0.9238802790641785,1.6277109742164613,1.8054600834846497,2.2371818804740897,0.7842055880879297,5.761097192764282,0.8724763691425323,1.720331156253815,1.9086186110973358,2.2863763713836667,1.8224109196038425,0.21599343338101173,0.1468263729330396,0.004863845109445591,0.0026689069172735743,1509,1509,0.3474851102785538,0.19067330344689246,0.9010411208254216,0.6245576761644548,0.5759791122715404,0.7309476474486415,0.7309476474486415,0.24015907556437277,0.04168634333508613,0.06371174718154755,0.8302521179715067,0.3670495678337213,0.240159,15088,0.0417,0.0637,0.8303,0.36705,test,0.7889232173786938,0.8123649316741203,15088,0.8932443416185835,0.8818437524304861,0.9417989820327582,17.536212046612242,20.981764374386007,0.8357834800594747,15088,0.9194061505832449,0.0,52.348518872053056,5.567863361174437,13.130185984839017,16.30665083244,27.59958586872925,0.8097899143791817,64.6445676125586,5.229705572128296,14.699433708190925,18.491542053222652,29.305177001953123,1.8224109196038425,4.536425090833035,0.278873413438902,0.004863845109445591,0.0026689069172735743,1509,1509,0.3474851102785538,0.19067330344689246,0.9010411372982405,0.6245570580242612,0.5759791122715404,0.7309476474486415,0.7309476474486415,1.7043455571999964,0.02636486900824889,0.042712388998265516,0.8158227705897265,2.7611239184922796,0.295645,3018,0.0653,0.0891,0.6494,0.403052
0.252598,1880,0.075,0.1011,0.7107,0.340557,0.8007,0.9842,0.9399,0.9635,0.9029,AG/slow/LI_GUI_YING,14932,0.48895,0.131329,4.929396,0.971162,1.865944,2.111478,2.661231,0.87064,5.661808,0.906279,1.976015,2.246481,2.762159,0.274243,1494,0.1765,0.2219,-0.4234,0.344852,0.2742,0.0347,0.0175,0.0083,0.0042,0.874,0.7189,0.5677,0.7242,0.7242,1.985773,0.274243,0.14869,0.034677,0.017463,1494,1494,0.008266,0.004163,0.874012,0.71886,0.567681,0.72423,0.72423,0.8007065024092942,0.9841731757654916,14932,0.9442964501910863,0.9399050269755984,0.9634606131853348,2.094111292676594,2.3192658292720596,0.9029199095016486,14932,0.4889499062416287,0.13132869006161266,4.92939567565918,0.9711616039276123,1.8659443736076353,2.1114784836769096,2.661231465339662,0.8706397759143274,5.661808490753174,0.9062793850898743,1.9760154485702512,2.246480679512024,2.7621590638160707,1.98577275045743,0.2742428882932727,0.1486900051364159,0.03467712419411404,0.017462785802718886,1494,1494,0.008266072004404962,0.004162647514677015,0.8740124336682689,0.7188600677522088,0.5676810073452256,0.7242302543507363,0.7242302543507363,0.2832621021165335,0.050030322039177975,0.07437061485023792,0.7628018397917311,0.42107217862161117,0.283262,14932,0.05,0.0744,0.7628,0.421072,test,0.7737194844913178,0.9341683540203704,14932,0.8744448437831603,0.8482713477146555,0.8842458356280125,26.22972566444452,32.726045683844184,0.8014938901522498,14932,0.9604875435306723,0.0,124.34252985942642,5.89817399463805,17.55427709223755,23.678804421968902,46.27850114992828,0.9328112374370012,133.29870489239693,5.449683904647827,20.07476768493652,27.91418628692627,52.33669109344483,1.98577275045743,8.82590495683455,0.33660620456238105,0.03467712419411404,0.017462785802718886,1494,1494,0.008266072004404962,0.004162647514677015,0.8740124336682689,0.7188600677522088,0.5676810073452256,0.7242302543507363,0.7242302543507363,2.7009846967438005,0.020262647704822966,0.03569703966409161,0.7844518882240233,4.758369155715935,0.382774,2995,0.0833,0.1142,0.5591,0.524927
0.159371,1821,0.0602,0.0818,0.8844,0.216583,0.9043,0.9988,1.0603,1.01,0.9879,AG/slow/LI_HUAN_GE,12691,0.450949,0.19762,4.98117,0.895936,1.879691,2.058189,2.410481,0.935688,5.323538,0.866322,1.782989,1.941182,2.386688,0.187852,1270,0.1457,0.1826,0.1362,0.235308,0.1879,0.0945,0.0505,0.0189,0.0101,0.9057,0.6164,0.4976,0.6646,0.6646,1.87125,0.187852,0.11605,0.094509,0.050506,1270,1270,0.018868,0.010083,0.905696,0.616356,0.497642,0.664567,0.664567,0.9043373798269494,0.9988038663707945,12691,1.0542354684314472,1.060276213587955,1.0099687161377313,2.0030422456621184,2.027650308609009,0.9878637540001797,12691,0.4509494917658183,0.197620360885667,4.981170177459717,0.8959362506866455,1.8796906471252441,2.0581886768341064,2.410480618476868,0.9356879465810028,5.323537826538086,0.86632239818573,1.7829893827438354,1.9411816000938416,2.3866883993148815,1.8712500072051081,0.1878519955582506,0.11604951374681356,0.09450894821715462,0.05050578375591449,1270,1270,0.01886759078112723,0.010082880806134393,0.9056960608061619,0.6163562150107635,0.49764150943396224,0.6645669291338583,0.6645669291338583,0.2570097977510506,0.04827800724357488,0.06751642067869953,0.833070967362575,0.3594262193955152,0.25701,12691,0.0483,0.0675,0.8331,0.359426,test,0.960821432207038,0.9955310277734357,12691,1.1250973483841193,1.1532921748545968,1.029424374446593,22.669196098205795,22.634308470328023,1.0015413604494923,12691,0.907966275313214,0.0,75.834968237879,5.381409204868631,17.850883783935007,22.189630444763072,34.09106904820092,0.994746050762346,76.23550571501255,5.190623760223389,15.866079330444336,19.24025058746338,33.11663284301763,1.8712500072051081,4.76053284716743,0.2611052593313706,0.09450894821715462,0.05050578375591449,1270,1270,0.01886759078112723,0.010082880806134393,0.905696015020169,0.6163562150107635,0.49764150943396224,0.6645669291338583,0.6645669291338583,2.2802872093682174,0.029911091793533885,0.04704537354759288,0.7500361211229769,3.5865278439524175,0.311582,2540,0.0708,0.0955,0.3402,0.420531
0.153906,2909,0.0403,0.0582,0.8954,0.221995,0.857,0.9474,0.9942,1.0091,0.9316,AG/slow/TE_JIN_WANG,10517,0.300751,0.258344,4.331145,0.550119,1.549681,1.749408,2.203238,0.778213,5.565501,0.523805,1.565517,1.759567,2.183287,0.217008,1052,0.1506,0.2103,-0.5048,0.303036,0.217,0.0307,0.0188,0.0127,0.0078,0.9287,0.574,0.4954,0.6625,0.6625,1.632984,0.217008,0.165796,0.030724,0.018814,1052,1052,0.012735,0.007799,0.928681,0.573998,0.49538,0.662548,0.662548,0.8570041353119606,0.9474338583111173,10517,0.9898843376920036,0.9942263176648432,1.0091376570430446,1.702781728578611,1.8277657962343992,0.9316192107800229,10517,0.300751164780831,0.2583436341161928,4.3311448097229,0.5501185655593872,1.5496805191040037,1.7494081020355225,2.2032376289367677,0.778212861405609,5.56550145149231,0.5238045454025269,1.565516757965088,1.7595672845840453,2.183287496566773,1.6329835628258706,0.21700797312159956,0.1657961066687267,0.030723514224081122,0.018814343832655744,1052,1052,0.01273503998009445,0.007798633293072786,0.9286813627084558,0.5739981987191778,0.4953802416488984,0.6625475285171103,0.6625475285171103,0.22009671786314586,0.03954661045037192,0.059267864286559196,0.8454904478278605,0.3298553847136944,0.220097,10517,0.0395,0.0593,0.8455,0.329855,test,0.8786243448522771,0.8247957191365434,10517,0.9808822268461791,0.987693347494467,1.024614774109051,15.962256311991663,17.67854415055917,0.9029169017566856,10517,0.8806693924122849,0.0,57.8287670938382,3.5304716005754924,11.938902518686247,15.22975430804137,26.480957616365064,0.8215222830973432,70.39220759272575,3.4190311431884766,12.171596336364745,15.41951694488525,25.84479385375978,1.6329835628258706,4.047576528533212,0.3192089298348172,0.030723514224081122,0.018814343832655744,1052,1052,0.01273503998009445,0.007798633293072786,0.9286813627084558,0.5739981987191778,0.4953802416488984,0.6625475285171103,0.6625475285171103,1.3165821538413356,0.018703521296828736,0.03534366693412928,0.7974018896005594,2.487918739915385,0.317488,2109,0.087,0.1195,0.5101,0.435714
0.121322,2971,0.0372,0.053,0.9079,0.172779,0.9731,1.0159,1.038,1.0856,0.9757,AG/slow/WEI_JUN_WEN,11465,0.065504,0.409769,4.051085,0.168631,0.885838,1.070552,1.482188,0.904238,4.480109,0.146856,0.8547,1.031387,1.365274,0.169166,1147,0.1283,0.1767,-0.2785,0.232968,0.1692,0.0227,0.0128,0.2467,0.1385,0.9443,0.6142,0.5821,0.7358,0.7358,1.781099,0.169166,0.214745,0.022722,0.012757,1147,1147,0.246674,0.138496,0.944252,0.614198,0.582069,0.735833,0.735833,0.9731254126579741,1.015929087828929,11465,1.036430837438756,1.037973312951522,1.0856340511621954,1.0585423950122146,1.0848580908027023,0.9757427298431112,11465,0.06550370693414741,0.4097688617531618,4.051085114479065,0.1686307191848755,0.8858376026153565,1.0705516815185543,1.482188181877137,0.9042381226525253,4.480108737945557,0.1468563675880432,0.8547001600265504,1.0313865184783935,1.3652742195129397,1.7810988248898532,0.1691656446810276,0.2147453905870305,0.02272153255459508,0.012757030793055645,1147,1147,0.24667432133801187,0.13849558367614256,0.9442521758553812,0.614198309254352,0.5820689655172414,0.7358326068003488,0.7358326068003488,0.15367552638340745,0.034301740286303506,0.049365214582756146,0.8884602102802673,0.22116152920276322,0.153676,11465,0.0343,0.0494,0.8885,0.221162,test,1.014917583928313,1.0431042285983907,11465,1.038682947373043,1.0488964349318721,1.1531614953550473,7.108274848221793,7.02835392848034,1.0113712144486062,11465,0.7900566942869603,0.0,26.44874385779232,2.217618910203508,5.31557391799658,6.657805140878895,10.996046432462286,1.0400456851420206,25.43036737293005,2.1595356464385986,5.117609691619873,6.3474380493164055,9.535565032958987,1.7810988248898532,1.4080600336111297,0.28373643481103716,0.02272153255459508,0.012757030793055645,1147,1147,0.24667432133801187,0.13849558367614256,0.9442521758553812,0.614198309254352,0.5820689655172414,0.7358326068003488,0.7358326068003488,0.49424946114374174,0.019435403897069027,0.03519375691162296,0.8057524220034549,0.8949901674961679,0.225997,2296,0.067,0.0922,0.5224,0.311309
0.202379,4552,0.0475,0.068,0.8959,0.28956,0.8992,0.8308,0.9622,0.9656,0.9141,AG/slow/WU_YI_FA,21452,0.376049,0.212847,4.510076,0.738074,1.546273,1.692349,1.918974,0.840829,5.363842,0.758111,1.6087,1.758821,1.987344,0.192275,2146,0.1734,0.2401,-1.9562,0.266218,0.1923,0.0228,0.0114,0.4613,0.2312,0.934,0.4497,0.5467,0.7069,0.7069,1.995313,0.192275,0.148307,0.022824,0.011439,2146,2146,0.461317,0.2312,0.933956,0.449704,0.546667,0.706897,0.706897,0.8991888766784804,0.8308476715415448,21452,0.9611940604651862,0.9622060694065944,0.9655974382391651,1.6408571865607509,1.7950425443533748,0.9141049005898821,21452,0.37604885325377585,0.21284728696625024,4.510076284408569,0.7380739748477936,1.546272897720337,1.6923486471176148,1.9189738082885743,0.8408294793267348,5.363841772079468,0.7581108510494232,1.6087000131607057,1.758821421861649,1.9873435163497928,1.9953126066398503,0.1922748751264805,0.1483071510885064,0.022824248143298496,0.0114389334620278,2146,2146,0.46131672455585715,0.23120022547881583,0.933955763916174,0.4497042036094121,0.5466666666666666,0.7068965517241379,0.7068965517241379,0.20237761662953285,0.03772997512398182,0.0571860123695469,0.8699792682911168,0.3067367219264288,0.202378,21452,0.0377,0.0572,0.87,0.306737,test,0.8101573810894414,0.5710265555004991,21452,0.9267303899532725,0.9221715570813678,0.9200417806887914,13.869148386919905,16.423560244283827,0.8444666187251952,21452,0.9007085586425508,0.0,28.190310984032713,4.439453145403109,11.889416222398934,14.206519887055931,18.726421530329553,0.5695110116482234,49.49914998561144,4.549213171005249,12.829423046112064,15.405506467819219,20.35388166427613,1.9953126066398503,3.3248597043009807,0.2798874739120875,0.022824248143298496,0.0114389334620278,2146,2146,0.46131672455585715,0.23120022547881583,0.9339557568719797,0.4497042036094121,0.5466666666666666,0.7068965517241379,0.7068965517241379,1.245135936243906,0.025154693294851444,0.041920562370708195,0.8221936697874548,2.075032204268864,0.264518,4292,0.0663,0.0916,0.6789,0.36573
0.168867,3152,0.0463,0.0667,0.8383,0.24306,0.7712,0.9424,0.8909,0.9562,0.8633,AG/slow/ZHANG_LING_GUANG,18124,0.142132,0.38209,4.323411,0.276531,1.09431,1.298256,1.769448,0.739522,5.846228,0.258587,1.204356,1.457258,1.850534,0.23767,1813,0.1596,0.2165,-0.6474,0.322273,0.2377,0.0352,0.0152,0.007,0.003,0.916,0.6029,0.5974,0.7479,0.7479,2.309784,0.23767,0.212534,0.035169,0.015226,1813,1813,0.007004,0.003032,0.915989,0.602924,0.597357,0.747932,0.747932,0.771160046941216,0.942394866126857,18124,0.9086263283215537,0.8908895919299175,0.9561823419347029,1.30908347943246,1.5163339459955265,0.8633213566771406,18124,0.14213197969543148,0.3820900463473847,4.323411464691162,0.2765311151742935,1.0943097352981568,1.2982563495635986,1.769447823762895,0.7395215729826071,5.846227645874023,0.25858747959136963,1.2043561816215518,1.4572584092617022,1.8505338847637176,2.3097843228974346,0.23767038946380553,0.2125343729658751,0.03516869620626496,0.015225965410549122,1813,1813,0.007004000593980688,0.0030323180067283275,0.9159887411969321,0.6029235562201593,0.5973568281938326,0.7479316050744622,0.7479316050744622,0.20929117455283391,0.035799354255481516,0.05747677582523995,0.8108597701270793,0.3360223158252215,0.209291,18124,0.0358,0.0575,0.8109,0.336022,test,0.779869325614734,0.8277028697519526,18124,0.8744709649245282,0.8238156724820954,0.9058922611043765,9.756986445852878,12.089822259188619,0.8070413473975833,18124,0.8908629441624365,0.0,39.62033215496793,2.5293298518097327,6.853425756783931,8.787586553326777,15.606362651153159,0.8241072771545884,48.07666823640466,2.4746099710464478,7.837225055694582,10.666932964324934,17.22761449813843,2.3097843228974346,2.7962528632058934,0.30559845091316507,0.03516869620626496,0.015225965410549122,1813,1813,0.007004000593980688,0.0030323180067283275,0.9159887411969321,0.6029235562201593,0.5973568281938326,0.7479316050744622,0.7479316050744622,0.8105875587549053,0.01686031059326011,0.030831330027492467,0.8346865612986732,1.4822676250188562,0.288492,3633,0.0493,0.0741,0.7611,0.43323
0.294087,24028,0.0507,0.0692,0.6675,0.401226,0.7715,0.9031,0.8936,0.9116,0.8105,ILO/DONG_KE_QIN-0/after,115706,0.061708,0.633156,4.480604,-0.295701,0.838375,1.063381,1.533607,0.726169,6.170193,-0.261586,0.882456,1.190045,1.682289,0.303572,11571,0.1667,0.2264,-0.8398,0.412214,0.3036,0.0491,0.0215,0.3547,0.1554,0.8688,0.4789,0.5214,0.6854,0.6854,2.282811,0.303572,0.327652,0.049067,0.021494,11571,11571,0.354678,0.155369,0.868761,0.478886,0.521399,0.68542,0.68542,0.7714782038906756,0.9030880732860624,115706,0.9500474277419684,0.893563786211048,0.9116193110815904,1.0197110772660873,1.25808564178493,0.8105259637327672,115706,0.06170812230999257,0.6331564482395036,4.4806036949157715,-0.2957006245851517,0.8383749723434448,1.0633811950683594,1.5336071431636809,0.726169137042539,6.1701929569244385,-0.2615860402584076,0.8824559152126312,1.1900450885295868,1.6822890043258663,2.2828105680405977,0.3035719226329434,0.3276521415528318,0.0490671355689136,0.02149417750901221,11571,11571,0.35467784790636336,0.15536893550076458,0.8687611123493526,0.47888643434665346,0.5213989875747814,0.6854204476709014,0.6854204476709014,0.30302605844281705,0.049111277484887896,0.0669143687368007,0.7504717631520454,0.4128745666968526,0.303026,115706,0.0491,0.0669,0.7505,0.412875,test,0.7247187685611437,0.7266548548267008,115706,0.9476874833472911,0.8569367106500008,0.8342443965821115,7.031689781525235,9.055537665212755,0.7765071541293213,115706,0.6035469206437004,0.0,35.2375230662882,1.2591767963877818,5.016781345502224,6.599868316846765,11.707272912904035,0.7239605424601078,48.67326463200152,1.312640368938446,5.293708562850952,7.701698660850525,14.033385133743279,2.2828105680405977,2.7386631219474404,0.4267370029115331,0.0490671355689136,0.02149417750901221,11571,11571,0.35467784790636336,0.15536893550076458,0.868761113116588,0.47888648928790256,0.5213989875747814,0.6854204476709014,0.6854204476709014,0.7377450140145339,0.01515708920682267,0.03014242297780851,0.7387122333788622,1.4671301302485968,0.306087,23150,0.0613,0.0852,0.5291,0.425433
0.212902,23809,0.0476,0.0686,0.7797,0.306961,0.8674,1.1053,1.0387,1.0526,0.9675,ILO/DONG_KE_QIN-0/before,89025,0.085998,0.640359,5.558449,-0.336827,0.939891,1.201868,1.666813,0.839523,6.620964,-0.403717,0.895246,1.157132,1.583587,0.233002,8903,0.1313,0.1685,-0.2402,0.299088,0.233,0.0403,0.0234,0.0204,0.0118,0.9343,0.5352,0.5705,0.7265,0.7265,1.721754,0.233002,0.245439,0.040276,0.023392,8903,8903,0.020365,0.011828,0.934283,0.535208,0.570471,0.726497,0.726497,0.8674482616315409,1.1053366165185337,89025,1.0498683206216395,1.0386609568402256,1.052555366539498,1.178981231649605,1.218583051199379,0.9675017476151534,89025,0.0859983150800337,0.640359449592811,5.558448553085327,-0.33682724833488464,0.9398906826972964,1.201868009567261,1.6668131637573222,0.839522599908233,6.6209635734558105,-0.40371719002723694,0.8952462553977969,1.1571321725845338,1.5835871601104736,1.721754123029965,0.2330017135101236,0.24543922209751992,0.04027552152412636,0.023392144665377066,8903,8903,0.020365414300232372,0.011828294195917508,0.9342833866360882,0.5352081004090959,0.5704709825366026,0.7264966865101651,0.7264966865101651,0.2681755328198374,0.04050400366118662,0.05768598155122672,0.8439184412614288,0.381936782549716,0.268176,89025,0.0405,0.0577,0.8439,0.381937,test,0.9997764599847621,1.408929890986142,89025,1.0559251131182927,1.0560428839091491,1.106768594499048,8.55593377548981,8.49472997339337,1.0072049143749287,89025,0.5695928110081437,0.0,65.8379731452662,1.1976109597913849,5.677588238431627,7.813491473276438,13.771148389245287,1.4077614584644533,46.76784745696932,1.1038413047790527,5.376885318756105,7.3988391876220705,12.442662773132323,1.721754123029965,2.3849544960275697,0.39775482543956503,0.04027552152412636,0.023392144665377066,8903,8903,0.020365414300232372,0.011828294195917508,0.9342833875124092,0.535208135405023,0.5704709825366026,0.7264966865101651,0.7264966865101651,0.6408393020254679,0.013702561414978495,0.028937094585403812,0.7522670796446396,1.3533256254180583,0.335437,17830,0.0686,0.0928,0.5127,0.453556
0.304564,32852,0.0624,0.0831,0.6466,0.405466,0.7737,0.8247,0.9666,0.9974,0.9119,ILO/HOU_SHI_GUO-0/after,106271,0.113728,0.581222,4.109263,-0.125443,1.072383,1.373991,1.801237,0.673259,6.103538,-0.130194,1.122245,1.4214,1.806002,0.220818,10628,0.1218,0.174,-0.6119,0.315554,0.2208,0.0176,0.0093,0.2034,0.1075,0.8694,0.6496,0.6521,0.7894,0.7894,1.892829,0.220818,0.215507,0.017588,0.009292,10628,10628,0.203438,0.107479,0.869351,0.64963,0.652106,0.789424,0.789424,0.7737236749520657,0.8247124105177671,106271,0.9555692844106902,0.966646633506559,0.9973614312629605,1.3353080722753283,1.464243563138142,0.9119439592505488,106271,0.11372811020880579,0.5812215938496862,4.109263181686401,-0.12544319033622742,1.0723828077316284,1.3739911317825317,1.8012366652488714,0.6732592338629395,6.1035377979278564,-0.13019390404224396,1.122244954109192,1.4213995933532715,1.8060019254684456,1.8928287122689131,0.22081787506308398,0.21550657988459807,0.017587570757714575,0.00929168637590696,10628,10628,0.20343842329575318,0.10747851719339874,0.8693512485130415,0.6496296496973273,0.6521063267526814,0.7894241625893865,0.7894241625893865,0.2561961802994468,0.04197502969284881,0.06032617554717649,0.777605687019907,0.3682030926566229,0.256196,106271,0.042,0.0603,0.7776,0.368203,test,0.8437173418904128,0.5340956362290993,106271,0.9410329302149218,0.9438515357802637,0.994208534968181,10.12410888805236,11.327345016265571,0.8937759795887371,106271,0.7734847700689746,0.0,34.295545707892224,1.5495830037724714,6.672681505995848,9.637421364658422,16.222920893248475,0.530840332273795,64.60614166408777,1.5406358242034912,7.090805530548096,10.21073865890503,16.31742267608644,1.8928287122689131,2.6198609360764245,0.34354399646851763,0.017587570757714575,0.00929168637590696,10628,10628,0.20343842329575318,0.10747851719339874,0.8693512482506096,0.6496296285457736,0.6521063267526814,0.7894241625893865,0.7894241625893865,0.7513271420786164,0.011629345488313724,0.02325580978158592,0.8083823181209893,1.502468141262218,0.261747,21334,0.0516,0.0719,0.7231,0.364244
0.434964,36982,0.0755,0.099,0.5599,0.57027,0.87,0.9526,0.9393,0.979,0.8885,ILO/HOU_SHI_GUO-0/before,78645,0.317592,0.342832,5.447231,0.366224,1.838697,2.120815,2.593078,0.945275,5.762587,0.34764,1.986029,2.25784,2.648649,0.312425,7865,0.1934,0.263,-1.5299,0.424799,0.3124,0.0204,0.0147,0.0072,0.0052,0.8673,0.5272,0.5413,0.7024,0.7024,1.385228,0.312425,0.1836,0.020374,0.014708,7865,7865,0.007236,0.005224,0.867342,0.527194,0.54125,0.702352,0.702352,0.8700322349325799,0.9525857157715723,78645,0.9258156579312015,0.939311565661408,0.9790190802929031,2.0556335618673276,2.313723690390056,0.8884524847998514,78645,0.31759170958102867,0.34283171212410196,5.447230815887451,0.3662242889404297,1.8386965513229374,2.1208153724670415,2.593078203201294,0.9452752686683485,5.762586832046509,0.3476402163505554,1.9860287904739382,2.2578401565551767,2.6486493015289305,1.3852276449744167,0.3124252892722768,0.18359989031714877,0.020373790303621887,0.014707900450541588,7865,7865,0.007236234227095554,0.005223859235951934,0.8673422771519839,0.5271938046220677,0.5412502449539487,0.7023521932612842,0.7023521932612842,0.3298887159303674,0.057246636891580105,0.08101415787995289,0.7645030892459236,0.46685111940835344,0.329889,78645,0.0572,0.081,0.7645,0.466851,test,0.7852365483578467,0.8121071979534256,78645,0.835617862931298,0.8461824840874869,0.9345073425092428,25.382927590753336,32.24982170691857,0.787071873495286,78645,0.8665522283679827,0.0,118.02704145712944,2.8215371807498952,16.980831182126664,23.949825536835228,42.58935421278284,0.811768037140346,145.3950341194868,2.7583415508270264,20.321287918090828,28.303381347656273,45.57412475585937,1.3852276449744167,9.229101191161789,0.38542316180752517,0.020373790303621887,0.014707900450541588,7865,7865,0.007236234227095554,0.005223859235951934,0.8673422760325366,0.5271937912781812,0.5412502449539487,0.7023521932612842,0.7023521932612842,2.3272495817037333,0.016006389735368685,0.03275473763330296,0.7913038700704019,4.762376195768922,0.337352,15769,0.071,0.0969,0.4184,0.460433
0.260378,21693,0.0527,0.0774,0.6893,0.382544,0.7596,0.939,0.8312,0.8223,0.721,ILO/LIU_BAO_JUN-0/after,87158,0.083308,0.675589,5.781806,-0.406995,0.90636,1.233596,1.933215,0.763303,7.574721,-0.417395,1.082048,1.484164,2.350897,0.551555,8716,0.2245,0.2709,-0.9381,0.665642,0.5516,0.011,0.0067,0.0055,0.0033,0.8854,0.4877,0.4897,0.6574,0.6574,1.653075,0.551555,0.40864,0.011033,0.006674,8716,8716,0.005494,0.003323,0.885435,0.487657,0.48966,0.657412,0.657412,0.7596250016417982,0.9390422178753983,87158,0.8376338464032711,0.8311722256097529,0.8223305100680549,1.1745079932080436,1.628918818948246,0.7210353146797059,87158,0.0833084742651277,0.6755891599164735,5.781805753707886,-0.4069945812225342,0.9063601970672608,1.233596241474151,1.9332146191596948,0.7633028148404243,7.574720859527588,-0.4173951745033264,1.0820482015609743,1.484164416790007,2.3508973526954566,1.6530753162629714,0.5515549803420238,0.40864047273596327,0.01103314820043865,0.006674316706501166,8716,8716,0.005493919410213301,0.0033234537810613147,0.8854346692603345,0.48765748697822525,0.48965988719876946,0.6574116567232675,0.6574116567232675,0.3281826420774623,0.0433260377726883,0.0600710555811379,0.7770461244182616,0.45502147776428636,0.328183,87158,0.0433,0.0601,0.777,0.455021,test,0.5669870865047961,0.7687718922465911,87158,0.8072298500687333,0.7368148655512438,0.6010268826479472,10.168093756889617,16.352890074608688,0.6217918490553378,87158,0.5490947474701118,0.0,103.63536503009009,1.0994404369844053,5.450220523668213,8.12158720659698,19.054316783898738,0.7681784714360299,134.91053040884435,1.085590422153473,6.751757907867433,11.022561550140361,31.70293598175016,1.6530753162629714,8.284851478589633,0.7564964903181172,0.01103314820043865,0.006674316706501166,8716,8716,0.005493919410213301,0.0033234537810613147,0.885434669461894,0.4876574577821061,0.48965988719876946,0.6574116567232675,0.6574116567232675,1.3609711657476302,0.010087953561691792,0.030459943708948597,0.6169848022349878,4.109367161997797,0.497699,17465,0.0785,0.0976,0.4496,0.619092
0.20911,24622,0.0377,0.0529,0.777,0.294043,0.8303,0.9902,1.0645,1.0475,0.9035,ILO/LIU_BAO_JUN-0/before,96848,0.058886,0.694356,4.630938,-0.399115,0.748086,1.069113,1.69394,0.796188,5.816385,-0.449737,0.708744,1.004363,1.617069,0.286324,9685,0.1641,0.2193,-0.2179,0.382644,0.2863,0.0274,0.0158,0.0426,0.0246,0.8874,0.6231,0.5221,0.686,0.686,1.731546,0.286324,0.347163,0.027445,0.01585,9685,9685,0.042593,0.024598,0.887425,0.623132,0.522081,0.686009,0.686009,0.8303341429294027,0.9902499350468528,96848,1.0555095417457088,1.064467929802499,1.0475372315895457,0.9958230651491002,1.1022033950380277,0.9034839392004802,96848,0.05888608954237568,0.6943561044110359,4.630937576293945,-0.3991151452064514,0.7480862259864809,1.0691127240657805,1.6939399111270905,0.7961883423236528,5.816384553909302,-0.4497366100549698,0.7087441623210908,1.0043634891510007,1.6170689308643338,1.7315458797880448,0.2863237202418492,0.347162617476961,0.027444895233979263,0.015849938228225717,9685,9685,0.04259311876661697,0.02459831949230864,0.8874250369546488,0.623132364937621,0.5220807795065221,0.6860092927207021,0.6860092927207021,0.2631393762625656,0.04524105547417849,0.06576491405004413,0.7634930078714296,0.3825140302698495,0.263139,96848,0.0452,0.0658,0.7635,0.382514,test,0.9250843499524409,0.9712587666714104,96848,1.0491226369414393,1.082121044038402,1.098228561736145,7.384092667730172,7.695309170755949,0.95955763490199,96848,0.5528663472658186,0.0,34.783656570494,1.1100506501779925,4.493964093972809,6.646137667306879,14.234101577972641,0.9686316557080329,35.910096852108836,1.0436277389526367,4.283545064926148,6.141769170761107,12.960964660644528,1.7315458797880448,2.3505140978697674,0.4273270000054826,0.027444895233979263,0.015849938228225717,9685,9685,0.04259311876661697,0.02459831949230864,0.8874250361086546,0.6231322896441651,0.5220807795065221,0.6860092927207021,0.6860092927207021,0.6517852438461234,0.01815047301405,0.039175039356366605,0.6929355850402483,1.4067794574723003,0.339641,19409,0.0706,0.1009,0.4874,0.485172
0.259472,22225,0.0569,0.0769,0.7534,0.350502,0.8136,0.8403,0.9693,0.9735,0.9001,ILO/LIU_LIAN_YOU-0/after,88663,0.124268,0.521514,4.58126,-0.042081,1.086867,1.299047,1.722055,0.757471,6.048099,-0.070276,1.105638,1.340174,1.768859,0.243593,8867,0.1248,0.1752,-0.6809,0.341757,0.2436,0.0334,0.0161,0.305,0.1475,0.9013,0.5319,0.5765,0.7314,0.7314,2.067934,0.243593,0.242224,0.033352,0.016128,8867,8867,0.304977,0.147479,0.901345,0.531883,0.576496,0.731363,0.731363,0.8136339046630773,0.8402506856464887,88663,0.983022661623418,0.9693119823559018,0.9735400598645862,1.2699502524362611,1.410913179366285,0.9000909985167637,88663,0.12426829680926654,0.5215140475733959,4.581259727478027,-0.042080529034137726,1.0868671894073487,1.299046874046325,1.7220547580719003,0.757470986476551,6.0480992794036865,-0.07027625292539597,1.1056379795074471,1.3401741623878478,1.7688586521148684,2.06793402789593,0.24359290354032404,0.24222418438664228,0.03335247884202315,0.016128405641624093,8867,8867,0.3049769783711061,0.14747906570376054,0.9013449328636098,0.5318832194405987,0.5764956885056449,0.731363482575843,0.731363482575843,0.25076994730090457,0.041462604318497444,0.05929338677331001,0.800151775994893,0.35861228981706034,0.25077,88663,0.0415,0.0593,0.8002,0.358612,test,0.7824420362036478,0.5514342494484822,88663,0.9773798634579033,0.951105542872042,0.9445473195099434,9.328219165943704,10.729865335189356,0.8693696402089173,88663,0.7585012914067875,0.0,41.17928126431284,1.7153155303146483,6.791534323119484,8.796058125238515,14.730349034991576,0.5497080151537183,74.91118944808841,1.6573652029037476,6.948715209960945,9.248246097564698,15.595141429901128,2.06793402789593,2.935870616008771,0.4195652370540956,0.03335247884202315,0.016128405641624093,8867,8867,0.3049769783711061,0.14747906570376054,0.9013449331113089,0.5318832314551222,0.5764956885056449,0.731363482575843,0.731363482575843,0.826634539712725,0.011034860690412108,0.0232250908293695,0.7375025054070731,1.7398191790679594,0.302971,17760,0.0614,0.0864,0.5687,0.426488
0.310417,43943,0.0459,0.0649,0.7809,0.439068,0.737,0.8032,0.9705,0.9584,0.8653,ILO/LIU_LIAN_YOU-0/before,108454,0.148588,0.535859,4.800333,-0.066455,1.22219,1.528769,2.018222,0.677997,7.080171,-0.140069,1.287054,1.575267,2.105848,0.352299,10846,0.1628,0.2128,-1.2173,0.46034,0.3523,0.0322,0.0223,0.0008,0.0005,0.8792,0.4521,0.5125,0.6777,0.6777,1.443121,0.352299,0.277765,0.03222,0.022327,10846,10846,0.000771,0.000534,0.879215,0.452142,0.512481,0.677669,0.677669,0.7369738582866676,0.8031843451288009,108454,0.9496031496761376,0.9704821807294689,0.9583890593533193,1.4339806333467777,1.6573018416275997,0.8652501296556195,108454,0.14858834160104745,0.5358585206631383,4.800333261489868,-0.06645515561103821,1.2221902966499327,1.528768783807754,2.018221528530121,0.6779967868148283,7.08017110824585,-0.1400694027543068,1.2870537519454954,1.5752672374248495,2.1058478379249572,1.4431213474207685,0.35229929430869145,0.2777648891066184,0.03222037383686595,0.02232686384582426,10846,10846,0.0007713137520698329,0.0005344760185609965,0.8792151113337704,0.4521424946611022,0.5124808255473434,0.6776691867969759,0.6776691867969759,0.3268179353448196,0.04615960975352621,0.06792265537289421,0.7381451345618917,0.48090402216650535,0.326818,108454,0.0462,0.0679,0.7381,0.480904,test,0.7415643445084563,0.4369872485097299,108454,0.923982360475497,0.9448990684020706,0.8986981749195361,12.097818778328637,14.8018653425765,0.8173171757974403,108454,0.7321629446585649,0.0,52.79326465093482,1.6651025081482116,8.009456008735123,11.638432490986798,21.134545679034403,0.435808076724071,121.13879358954728,1.5222018957138062,8.668407917022703,12.317117118835434,23.51684499740601,1.4431213474207685,5.160304383259746,0.48151785952482967,0.03222037383686595,0.02232686384582426,10846,10846,0.0007713137520698329,0.0005344760185609965,0.8792151112453271,0.4521424877011835,0.5124808255473434,0.6776691867969759,0.6776691867969759,1.218944371378326,0.010062378328683515,0.022236112894122917,0.6925130053931416,2.6936558901150267,0.489851,21708,0.0708,0.0964,0.5851,0.666981
0.286408,23336,0.0563,0.0776,0.7109,0.394913,0.7407,0.9656,0.9991,0.9751,0.9051,ILO/LIU_YUE_DONG-0/after,92274,0.103735,0.519269,4.576639,-0.03153,1.014747,1.258663,1.702725,0.780615,5.862866,-0.055492,1.012526,1.259764,1.746293,0.234301,9228,0.1319,0.1844,-0.2885,0.327681,0.2343,0.0362,0.0175,0.0189,0.0091,0.8627,0.6309,0.5654,0.7224,0.7224,2.069792,0.234301,0.244867,0.036227,0.017503,9228,9228,0.018933,0.009147,0.862656,0.630912,0.565394,0.722367,0.722367,0.7406604522160514,0.9655822354388468,92274,1.002193524035036,0.9991259851362206,0.9750508574623317,1.2111420531579147,1.338200353315293,0.9050528571132112,92274,0.10373452977003272,0.5192686997420726,4.576639413833618,-0.03153029829263687,1.0147470355033874,1.2586632907390585,1.7027249228954322,0.7806147468868339,5.862865686416626,-0.05549218878149986,1.012526035308838,1.2597643435001369,1.7462934470176723,2.0697916350173724,0.234300951689795,0.24486675416778175,0.03622731851030769,0.017502881883085603,9228,9228,0.018932524868460667,0.009147068017936869,0.8626556530205427,0.63091226005585,0.5653944020356234,0.7223667100130039,0.7223667100130039,0.28372597052680987,0.04839373536804025,0.06891495499632355,0.7332188546999159,0.4040391249288914,0.283726,92274,0.0484,0.0689,0.7332,0.404039,test,0.840862901030517,0.8895653899928602,92274,1.0027107856891528,0.998658841989047,0.9482795601525835,8.91175427861632,9.932437433067937,0.8972373940103091,92274,0.778301580076728,0.0,47.94900712444217,1.7375164691719394,6.219996188034175,8.373566901541668,14.38734065848872,0.8869030616897071,54.06341368705034,1.6875022649765015,6.203180694580078,8.384812259674067,15.172045526504563,2.0697916350173724,2.432571802620918,0.345429948298607,0.03622731851030769,0.017502881883085603,9228,9228,0.018932524868460667,0.009147068017936869,0.8626556528171739,0.6309122744561051,0.5653944020356234,0.7223667100130039,0.7223667100130039,0.8159779902900239,0.015092979422523458,0.027385971816105727,0.7784000586299771,1.4805791235160253,0.294876,18547,0.0638,0.092,0.6297,0.425237
0.229106,21934,0.0429,0.0596,0.8249,0.318219,0.8384,0.8709,1.0255,0.9754,0.9346,ILO/LIU_YUE_DONG-0/before,62998,0.145274,0.37898,4.205214,0.248227,1.116996,1.295073,1.650006,0.731962,5.745128,0.196719,1.103706,1.262832,1.691693,0.205401,6300,0.1351,0.1834,-0.2453,0.278767,0.2054,0.0033,0.0022,0.2812,0.1826,0.9153,0.5215,0.536,0.6979,0.6979,1.539595,0.205401,0.206698,0.003328,0.002162,6300,6300,0.281187,0.182637,0.915253,0.521464,0.536023,0.697937,0.697937,0.8383984480914672,0.8709499821995212,62998,1.0120405867849604,1.0255308636973357,0.9753578480549749,1.2604925746577127,1.3486718170037346,0.9346177170500051,62998,0.14527445315724308,0.3789802850884155,4.2052143812179565,0.2482272908091545,1.1169956803321839,1.2950731039047239,1.650005750656127,0.731961866988878,5.7451276779174805,0.19671885669231415,1.1037064075469973,1.2628319144248963,1.691692699193954,1.539595469953995,0.2054009441723899,0.20669755068391849,0.0033283500359896465,0.0021618341317210434,6300,6300,0.281186711756374,0.18263674922658493,0.915252671758328,0.5214639370247306,0.5360234060709497,0.697936507936508,0.697936507936508,0.20717393094020783,0.03606080535625366,0.0545793828294115,0.8184727525087874,0.3135655229369061,0.207174,62998,0.0361,0.0546,0.8185,0.313566,test,0.807222899815389,0.6618379636996851,62998,1.0163302781476737,1.0400812915042583,0.9504569765120221,8.977379036733208,9.88068899941823,0.9085782415843462,62998,0.8660274929362837,0.0,29.091521383075545,2.443556877891517,7.045581208502758,8.753556138562212,13.491894128148196,0.6585043291769004,44.17817787081003,2.294857621192932,6.932373619079592,8.416223049163818,14.195165548324576,1.539595469953995,2.473796371286734,0.3910260877239834,0.0033283500359896465,0.0021618341317210434,6300,6300,0.281186711756374,0.18263674922658493,0.9152526737285931,0.5214640252321497,0.5360234060709497,0.697936507936508,0.697936507936508,0.810693636054501,0.018350544887233856,0.0360076775912626,0.7264419335226803,1.5907535853415797,0.328539,12654,0.0602,0.0836,0.5865,0.455812
0.287221,19987,0.0544,0.0744,0.7081,0.392734,0.7775,0.9189,0.9425,0.942,0.8531,ILO/LI_BO_JUN-1/after,99660,0.098796,0.620379,4.60923,-0.242373,0.994445,1.267389,1.714919,0.78006,5.908814,-0.263101,1.032373,1.344722,1.820455,0.280551,9966,0.1614,0.2245,-0.7935,0.390225,0.2806,0.0414,0.0181,0.152,0.0665,0.8716,0.619,0.5794,0.7337,0.7337,2.28439,0.280551,0.276962,0.041449,0.018144,9966,9966,0.151984,0.066532,0.87159,0.619032,0.579398,0.733695,0.733695,0.7775147938598252,0.9189116099532987,99660,0.9632613926395722,0.9424919680298186,0.9420276338284865,1.2019466012515376,1.408951684542504,0.8530786502035502,99660,0.09879590608067429,0.6203792895845875,4.609230279922485,-0.24237275123596191,0.9944448232650759,1.267389327287674,1.7149185144901282,0.7800600838530234,5.908814430236816,-0.2631007879972458,1.0323727607727051,1.3447216212749478,1.8204545736312876,2.2843895993766563,0.2805514317023628,0.2769615868343726,0.04144865202074773,0.01814430079355022,9966,9966,0.15198420808179947,0.06653164947138245,0.8715903265427405,0.6190320129556456,0.5793977812995246,0.733694561509131,0.733694561509131,0.2775245154233913,0.046967884793137515,0.06722093248167267,0.7668730737589028,0.3971960158616822,0.277525,99660,0.047,0.0672,0.7669,0.397196,test,0.7609752634483472,0.760425898491436,99660,0.9548217549789538,0.910045485772072,0.8792918821676843,8.821586502313277,10.79751574450077,0.8170014947008674,99660,0.655819787276741,0.0,40.08026787487366,1.343744074931061,6.067962204337039,8.463105197458471,14.602774223688321,0.7582294915785363,52.860338881611824,1.3102189898490906,6.355073261260987,9.29965076446533,16.607425270080586,2.2843895993766563,2.9675007737434456,0.39362462716201607,0.04144865202074773,0.01814430079355022,9966,9966,0.15198420808179947,0.06653164947138245,0.871590326195143,0.6190319180306985,0.5793977812995246,0.733694561509131,0.733694561509131,0.806834450921199,0.015263512644673323,0.03148671942683816,0.7575750800226251,1.6643986591728956,0.395898,19933,0.0796,0.1092,0.4929,0.542874
0.31751,28870,0.0492,0.0722,0.8228,0.466098,0.9133,0.9746,1.0318,0.9938,0.9402,ILO/LI_BO_JUN-1/before,85356,0.22562,0.590925,5.509251,-0.213235,1.739639,2.047239,2.469253,0.850795,6.475416,-0.226626,1.674979,1.984173,2.484553,0.291765,8536,0.1925,0.2672,-0.9533,0.404961,0.2918,0.0139,0.0099,0.1277,0.0905,0.9396,0.5228,0.5551,0.7139,0.7139,1.411321,0.291765,0.197242,0.013938,0.009876,8536,8536,0.127671,0.090462,0.939636,0.522848,0.55511,0.713918,0.713918,0.9132695486877527,0.9746297966445616,85356,1.0386033609391045,1.0317845974502424,0.9938419746694511,1.9303850110257157,2.053111615603844,0.9402240951512844,85356,0.22561975725197994,0.5909250667791368,5.509251356124878,-0.21323509514331818,1.7396392226219177,2.0472386479377747,2.469253027439117,0.850794913744969,6.475416421890259,-0.22662599384784698,1.6749793887138367,1.984172523021698,2.48455296754837,1.4113210792486712,0.2917651745779641,0.19724240602782714,0.013937787825076379,0.009875703006219023,8536,8536,0.1276714732471511,0.09046238671296407,0.9396360391975035,0.5228476793373827,0.5551102204408818,0.7139175257731959,0.7139175257731959,0.26709487610168453,0.041247521193967636,0.06110615793234304,0.8633249252100121,0.3956878185537138,0.267095,85356,0.0412,0.0611,0.8633,0.395688,test,0.8825937680643869,0.9060474480019716,85356,1.0820033182673023,1.0799034611014138,0.9815236793995207,21.701553726743732,23.64607641623192,0.9177655245944581,85356,0.6370846806317072,0.0,79.83484320969572,1.3923261648137024,15.049483974860925,21.89543207002051,36.62288325097639,0.9052870803646661,88.1873219460249,1.3697847127914429,13.908907413482666,20.275360584259033,37.312276840209954,1.4113210792486712,7.259303206682756,0.42254750712462114,0.013937787825076379,0.009875703006219023,8536,8536,0.1276714732471511,0.09046238671296407,0.9396360396365381,0.5228476853184643,0.5551102204408818,0.7139175257731959,0.7139175257731959,1.7191394142157572,0.019494178712762787,0.04767143846632634,0.6984410570815321,4.204016491660036,0.36882,17080,0.0743,0.0999,0.6052,0.495769
0.273487,30287,0.0509,0.0676,0.7357,0.363161,0.8215,0.8897,1.041,1.0154,0.934,ILO/SHEN_CHUN_WANG-0/after,109046,0.084496,0.574336,4.301206,-0.175099,0.931349,1.183897,1.563971,0.758391,5.671486,-0.21468,0.908294,1.137232,1.540319,0.238097,10905,0.143,0.1863,-0.5978,0.310341,0.2381,0.0303,0.0163,0.2673,0.1435,0.8923,0.5536,0.543,0.7038,0.7038,1.862124,0.238097,0.258566,0.030291,0.016267,10905,10905,0.267303,0.143547,0.892308,0.553569,0.542978,0.703806,0.703806,0.8215040595565951,0.8897223257418047,109046,1.0253821713460294,1.0410340194271013,1.0153548906775522,1.1210509404659625,1.2002414035174016,0.9340212203816955,109046,0.08449645103901106,0.5743356014892798,4.301206350326538,-0.17509926110506058,0.9313487410545349,1.1838969886302948,1.5639706373214726,0.7583914065351695,5.671486139297485,-0.21468032896518707,0.9082942605018616,1.1372317969799042,1.5403192043304443,1.8621236662956133,0.23809713991798703,0.25856568420541015,0.030291376944972668,0.016267113453980395,10905,10905,0.2673027162064938,0.1435472418103403,0.892308113703788,0.5535691552965836,0.5429784223558543,0.7038055937643283,0.7038055937643283,0.2750288746723639,0.048493264008299446,0.06683443992046659,0.7791183589404334,0.3790505996366368,0.275029,109046,0.0485,0.0668,0.7791,0.379051,test,0.9190322921632402,0.7075426800414473,109046,1.0284996921229226,1.0585292994885172,1.0292484140821534,7.854258294451604,8.204843218618443,0.9572709782715542,109046,0.6426553931368413,0.0,29.27632745731232,1.4585748354132453,5.6187809296499545,7.644198274359907,12.148679359215507,0.7045036821582138,41.55596088245511,1.389875590801239,5.463084697723389,7.221527338027954,11.803447246551515,1.8621236662956133,2.188079149331001,0.3628618645546381,0.030291376944972668,0.016267113453980395,10905,10905,0.2673027162064938,0.1435472418103403,0.8923081148246538,0.5535691498092807,0.5429784223558543,0.7038055937643283,0.7038055937643283,0.712777018946025,0.017152220856165037,0.030962400777089595,0.7376282584305325,1.286672315519633,0.290583,21865,0.0594,0.0819,0.6043,0.400908
0.294184,20503,0.0558,0.0784,0.7694,0.413029,0.8944,1.0695,1.0277,0.9926,0.9229,ILO/SHEN_CHUN_WANG-0/before,63955,0.217012,0.447659,4.80732,0.169976,1.345644,1.54977,1.888017,0.79732,6.029346,0.043316,1.316609,1.508051,1.902114,0.264832,6396,0.2198,0.3083,-1.7927,0.3714,0.2648,0.0438,0.0286,0.2867,0.1873,0.9283,0.4414,0.5,0.6667,0.6667,1.530687,0.264832,0.236353,0.043829,0.028633,6396,6396,0.286742,0.187329,0.9283,0.441393,0.5,0.666667,0.666667,0.8943961920056757,1.069458507623241,63955,1.0220532490286671,1.0276642741245232,0.9925887117847347,1.450231609091377,1.5713772743548953,0.9229047872585195,63955,0.21701196153545463,0.44765850988976624,4.8073201179504395,0.1699761599302292,1.3456440687179565,1.549770224094391,1.8880170083045955,0.797320264311885,6.029346466064453,0.04331563040614128,1.3166085720062255,1.5080510854721059,1.9021141242980957,1.5306870630516476,0.2648324688257017,0.23635300549138336,0.04382880386508707,0.028633418889493955,6396,6396,0.28674217899488175,0.1873290667415843,0.9283003998023379,0.4413933678723724,0.5,0.6666666666666666,0.6666666666666666,0.25225069521661686,0.04183715376722561,0.060324704153035306,0.8528443312283247,0.36371854180148705,0.252251,63955,0.0418,0.0603,0.8528,0.363719,test,0.8869519659452019,1.2379605628792558,63955,1.036025233248305,1.0521667497824474,0.9829638603817638,11.706078354572496,12.774421037622659,0.9163686025453734,63955,0.7068563833945744,0.0,48.1720471394496,2.2212587101474335,9.310112883706259,11.940207877969264,18.032976354637984,1.2352240255462312,38.998631943017244,1.903485894203186,8.986376571655272,11.348208713531479,18.345513076782225,1.5306870630516476,3.56223471910386,0.3724888371800926,0.04382880386508707,0.028633418889493955,6396,6396,0.28674217899488175,0.1873290667415843,0.9283004010803613,0.44139313227770444,0.5,0.6666666666666666,0.6666666666666666,1.1573787717659718,0.02967741979916303,0.05496726901870889,0.714519761694918,2.1436482933734426,0.334842,12797,0.0788,0.1091,0.4804,0.463809
0.250981,15935,0.0593,0.0791,0.7362,0.334477,0.8394,1.0308,1.0158,1.0016,0.9608,ILO/SUN_DONG_XIN-0/after,65025,0.084275,0.53361,3.899394,-0.060542,0.935142,1.158257,1.609996,0.801736,4.863686,-0.068106,0.90379,1.140219,1.607378,0.172563,6503,0.1306,0.175,0.2054,0.231112,0.1726,0.0383,0.0196,0.4113,0.2106,0.91,0.6523,0.6389,0.7796,0.7796,1.95313,0.172563,0.19068,0.038288,0.019603,6503,6503,0.411291,0.21058,0.909967,0.652295,0.638861,0.77964,0.77964,0.8394365295026129,1.030849831616346,65025,1.0346902618122191,1.0158192738011438,1.0016285871424866,1.1645233555001313,1.2120443766215718,0.9607926722502523,65025,0.08427527873894657,0.5336101499423299,3.899393677711487,-0.06054165959358215,0.9351423263549804,1.158256554603576,1.6099956274032594,0.8017362983067757,4.8636860847473145,-0.06810586899518967,0.9037896275520324,1.140219116210937,1.6073778724670422,1.9531300022796254,0.17256291727483153,0.19067951430720886,0.03828773977112504,0.019603272555557962,6503,6503,0.41129066063278075,0.21058027891268713,0.9099674526175291,0.6522951929916148,0.6388608870967742,0.7796401660771951,0.7796401660771951,0.219899052363968,0.04521242706300042,0.06406451116298957,0.8086045383937179,0.31158967146957134,0.219899,65025,0.0452,0.0641,0.8086,0.31159,test,0.9446254422256569,1.0872542076071157,65025,1.0389554923878548,1.0222293189071485,1.0031959267646713,8.105461290989505,8.363846182731525,0.9691069292647327,65025,0.7451903114186851,0.0,29.299772952568013,1.677147911249496,5.644822440839344,7.408986936112652,12.849700943157599,1.0807535349250628,27.110503926873207,1.6617555618286133,5.43317060470581,7.247871685028071,12.808765068054218,1.9531300022796254,1.6696670006348513,0.2718820074848498,0.03828773977112504,0.019603272555557962,6503,6503,0.41129066063278075,0.21058027891268713,0.9099674515140382,0.6522951266220136,0.6388608870967742,0.7796401660771951,0.7796401660771951,0.5792663830819255,0.0213668615177503,0.036743908818910764,0.8400611341759445,0.9961458843237514,0.213365,13023,0.0546,0.0782,0.6877,0.305969
0.199446,9905,0.0497,0.0696,0.7981,0.279448,0.8629,0.8496,1.0198,0.9798,0.9488,ILO/SUN_DONG_XIN-0/before,41619,0.067349,0.475672,4.406246,0.041986,0.835527,1.123084,1.600994,0.770705,5.717163,-0.025614,0.790182,1.101304,1.634071,0.1925,4162,0.0969,0.1265,0.4676,0.251172,0.1925,0.0407,0.0229,0.0056,0.0032,0.9222,0.7287,0.6302,0.7732,0.7732,1.771923,0.1925,0.212017,0.040652,0.022942,4162,4162,0.005607,0.003164,0.922153,0.728687,0.630239,0.773186,0.773186,0.8629005620601155,0.8495623283323733,41619,1.0573855356034019,1.019776088080963,0.9797580120583411,1.1239799397573742,1.1846763473156265,0.9487654094759425,41619,0.06734904731012278,0.4756721689612917,4.406245708465576,0.0419856458902359,0.8355266332626348,1.1230837225914,1.6009940934181213,0.770704982477129,5.717162609100342,-0.025614352896809578,0.7901816368103027,1.1013042330741876,1.634070937633514,1.7719234457844972,0.1925003451833583,0.21201741502496274,0.04065201796943994,0.02294231055306216,4162,4162,0.005606512175621486,0.0031640826182190236,0.9221527850630867,0.7286874444968112,0.6302389345867607,0.7731859682844786,0.7731859682844786,0.20023303092624123,0.03502314777745146,0.05175628787689004,0.8219472572979705,0.29589911383558903,0.200233,41619,0.035,0.0518,0.8219,0.295899,test,0.8285990588714514,0.6010546064392388,41619,1.0568272749818233,1.026902686036977,0.9604843295126706,7.9211948272602255,8.505524462888243,0.9312999876518379,41619,0.7938441577164276,0.0,31.851441606662735,1.9004025614438416,4.999394023123414,7.09805912948103,12.709484920293157,0.5988228745673222,53.19008835405111,1.7500909566879272,4.730568695068359,6.912104940414423,13.23237092971801,1.7719234457844972,1.9626258756680368,0.35981185690553064,0.04065201796943994,0.02294231055306216,4162,4162,0.005606512175621486,0.0031640826182190236,0.922152785285975,0.7286874444968112,0.6302389345867607,0.7731859682844786,0.7731859682844786,0.5722320904576889,0.010758246661459173,0.021980964077600123,0.8200899549898883,1.169169421394774,0.260334,8353,0.0518,0.0726,0.7335,0.364954
0.287518,19426,0.0549,0.0725,0.7513,0.37983,0.7571,0.9074,0.8875,0.9524,0.7957,ILO/WAGN_LI_JUN-1/after,86677,0.060789,0.679811,4.931644,-0.344339,0.743291,1.085961,1.645354,0.788324,6.25586,-0.339332,0.874789,1.223576,1.727654,0.360048,8668,0.1672,0.2145,-1.1733,0.461894,0.36,0.0551,0.0264,0.0047,0.0022,0.8634,0.5694,0.5717,0.7275,0.7275,2.084713,0.360048,0.359052,0.055109,0.026435,8668,8668,0.004687,0.002248,0.863381,0.5694,0.571714,0.727503,0.727503,0.7570701480956966,0.9073755586736139,86677,0.8496812193334089,0.8875307567247419,0.9523632541671258,1.023665384225286,1.2864277453110633,0.7957426197907134,86677,0.06078890593813815,0.6798112532736481,4.9316442012786865,-0.34433868527412415,0.743291449546814,1.085961055755615,1.6453540849685673,0.7883239583492924,6.255859851837158,-0.3393319547176361,0.8747886061668402,1.2235756874084467,1.7276538944244397,2.0847125542706926,0.3600477467363689,0.35905163901224646,0.05510918197016702,0.02643490674878494,8668,8668,0.004686896495053052,0.002248221936137712,0.8633810829345242,0.5694001325078186,0.571713508612874,0.727503461005999,0.727503461005999,0.3035808746779371,0.048527441769461076,0.06649240291596456,0.7543871617172752,0.4159671538541627,0.303581,86677,0.0485,0.0665,0.7544,0.415967,test,0.7565276100273216,0.7104623701947538,86677,0.8519031286633177,0.8455744458653737,0.9045519095077742,7.4917842326294135,9.41876760643641,0.7954102432158776,86677,0.588126031127058,0.0,51.274369456095556,1.1866959987354126,4.467776278284866,6.784037289249508,13.415612250899168,0.7090669231497203,72.31245427206159,1.193960189819336,5.244465160369876,8.022992324829096,14.831224288940453,2.0847125542706926,3.2750817947228996,0.4621789189659682,0.05510918197016702,0.02643490674878494,8668,8668,0.004686896495053052,0.002248221936137712,0.8633810838859612,0.569400069436568,0.571713508612874,0.727503461005999,0.727503461005999,0.7747058437692632,0.01071331144223902,0.022343590494528026,0.7158942504088472,1.6157198659092278,0.418789,17376,0.0772,0.0973,0.5118,0.527629
0.178853,17711,0.0507,0.0698,0.6754,0.246322,0.8846,0.893,0.9498,0.9698,0.8862,ILO/WAGN_LI_JUN-1/before,74330,0.175555,0.595762,4.99254,-0.181392,1.472408,1.805244,2.321992,0.774727,6.444257,-0.184829,1.552452,1.900686,2.394212,0.293944,7433,0.1618,0.2245,-0.7509,0.407845,0.2939,0.0197,0.0104,0.013,0.0069,0.9174,0.6459,0.6078,0.7561,0.7561,1.887251,0.293944,0.207963,0.019705,0.010441,7433,7433,0.012993,0.006885,0.917381,0.645866,0.60783,0.756088,0.756088,0.8845975889212809,0.8929504243502938,74330,0.9484399802440501,0.9497855234393556,0.969835463364672,1.7379655907426486,1.9611409659438928,0.8862012578000326,74330,0.175554957621418,0.5957621418000807,4.992539644241333,-0.18139198422431946,1.4724076271057132,1.8052438735961918,2.32199197530747,0.7747270162299835,6.444256544113159,-0.18482935428619385,1.5524520874023438,1.9006858170032508,2.3942122793197633,1.887250582092499,0.29394436447401157,0.2079631117811068,0.01970534238725337,0.010441296229674475,7433,7433,0.012993061554335536,0.006884650971960179,0.917381237770591,0.6458662782022241,0.6078304131516331,0.7560877169379793,0.7560877169379793,0.23712367255317537,0.036796125500277964,0.05215867978663925,0.8719675320619835,0.33612391354735277,0.237124,74330,0.0368,0.0522,0.872,0.336124,test,0.8185941957339845,0.6442989443334675,74330,0.9070420311115248,0.8901773750365001,0.9157338526831426,17.516503884216792,21.358100919211584,0.8201339599655473,74330,0.6964213641867348,0.0,70.48884897598907,1.447430022224943,10.865731045426346,16.30235395992877,30.605392357600024,0.6430820686493942,109.6109694428742,1.4413782358169556,11.97930269241333,18.31360177993776,33.421711196899416,1.887250582092499,5.71455817674313,0.34927033704526095,0.01970534238725337,0.010441296229674475,7433,7433,0.012993061554335536,0.006884650971960179,0.9173812386561498,0.6458662894813685,0.6078304131516331,0.7560877169379793,0.7560877169379793,1.2143759344076293,0.011078963543338826,0.02556400189849901,0.8381103243666568,2.8020950309339527,0.30584,14877,0.0636,0.0842,0.6431,0.404969
0.205399,24383,0.0328,0.0445,0.806,0.278257,0.7958,0.8177,0.9348,0.9013,0.8798,ILO/WANG_TIAN_QING-1/after,93065,0.080417,0.594993,4.243883,-0.161924,0.902925,1.165478,1.513981,0.618934,6.856763,-0.134624,0.97288,1.246759,1.679702,0.20544,9307,0.122,0.1722,-0.1889,0.290021,0.2054,0.0148,0.0073,0.04,0.0198,0.8887,0.65,0.7033,0.8258,0.8258,2.024461,0.20544,0.221745,0.014755,0.007289,9307,9307,0.04003,0.019773,0.888715,0.649967,0.703331,0.82583,0.82583,0.795788270799227,0.8176596236881121,93065,0.9280947251630939,0.9348067050164622,0.901339275090254,1.1507320186531325,1.3079049389933852,0.8798284832067236,93065,0.08041691291033148,0.5949927470047816,4.243882656097412,-0.16192400455474854,0.9029248237609864,1.1654783248901368,1.5139811944961548,0.6189338506561415,6.856762886047363,-0.13462433218955994,0.9728800296783452,1.2467586278915408,1.6797017908096314,2.024461333066011,0.20543982701295427,0.22174460437732868,0.014755339529268299,0.007288526230788315,9307,9307,0.0400300875011741,0.019773204282716155,0.888714531652202,0.6499668480167893,0.7033308931185944,0.8258300204147416,0.8258300204147416,0.23646196023297822,0.03448594681816227,0.04844252433943799,0.8096682016359023,0.3321589029971045,0.236462,93065,0.0345,0.0484,0.8097,0.332159,test,0.7446037969991162,0.5540382097887261,93065,0.9182654999429625,0.9056767798798407,0.817096872111388,7.817877945651225,9.441765618501037,0.8280101690230668,93065,0.716542201686993,0.0,25.36198596909078,1.482187754281226,5.427446026750855,7.474493520971078,11.430532982188655,0.5510270886189764,46.0267498511821,1.5323383808135986,5.910541152954105,8.25293712615967,13.989201736450198,2.024461333066011,2.142789437558898,0.3505897011727093,0.014755339529268299,0.007288526230788315,9307,9307,0.0400300875011741,0.019773204282716155,0.8887145314424667,0.6499669064557393,0.7033308931185944,0.8258300204147416,0.8258300204147416,0.6232326609480516,0.01354066196207954,0.026979383467252413,0.8134433322732744,1.2417733339863448,0.274655,18634,0.0567,0.0774,0.8024,0.375112
0.208547,23620,0.0545,0.0736,0.8247,0.281602,0.9038,0.976,0.8767,0.8886,0.8411,ILO/WANG_TIAN_QING-1/before,82168,0.154622,0.662265,6.129493,-0.452813,1.345828,1.657023,2.109428,0.8652,7.084477,-0.507072,1.490675,1.89009,2.373795,0.34837,8217,0.1783,0.2326,-0.9186,0.454432,0.3484,0.0239,0.0136,0.0041,0.0023,0.958,0.5495,0.6338,0.7758,0.7758,1.749428,0.34837,0.234056,0.023852,0.013634,8217,8217,0.004101,0.002344,0.957968,0.549498,0.633761,0.775831,0.775831,0.9038022235642743,0.9760231866306286,82168,0.902831267844663,0.8766903340664115,0.8886311584003941,1.6330916666122803,1.941553277169699,0.8411263733091687,82168,0.15462223736734496,0.6622651153733814,6.129492521286011,-0.4528125822544098,1.3458275556564332,1.6570232212543485,2.1094280219078065,0.8652004036689085,7.084477186203003,-0.5070721507072449,1.4906745076179506,1.8900895297527311,2.3737947988510135,1.74942780160106,0.348369668823271,0.23405589099497845,0.02385224784277982,0.013634313928788869,8217,8217,0.0041009336841345235,0.0023441571469147724,0.9579682348852242,0.5494977949275982,0.6337608112138383,0.7758305951077036,0.7758305951077036,0.23654421862761138,0.033389086083625265,0.04745382786358644,0.9156662235714981,0.33618556089758256,0.236544,82168,0.0334,0.0475,0.9157,0.336186,test,0.7298528462069416,0.9042335671907475,82168,0.8381529694855117,0.7527021850010768,0.7245257615248395,15.314094911188391,21.109422514034446,0.7254625227671163,82168,0.5116590400155778,0.0,108.65446860772305,1.0397221756664319,9.312195336248816,13.607793557417992,23.619696065949107,0.9038795089850357,120.20901848934591,0.9731823205947876,11.110376834869387,18.07858915328979,32.60021564483644,1.74942780160106,6.881167142045178,0.4439914820659846,0.02385224784277982,0.013634313928788869,8217,8217,0.0041009336841345235,0.0023441571469147724,0.9579682337662834,0.5494978618268579,0.6337608112138383,0.7758305951077036,0.7758305951077036,1.1135493641947845,0.009263442778159594,0.026295979854807073,0.8025473950605709,3.161013928561971,0.334698,16436,0.0671,0.0906,0.6276,0.451427
0.216869,16998,0.0435,0.0588,0.8423,0.293073,0.8227,0.9024,0.9078,0.856,0.8526,ILO/XIONG_DONG_SUO-0/after,76746,0.11198,0.656725,5.352311,-0.370728,1.116536,1.601154,2.065711,0.790613,6.769823,-0.29228,1.232764,1.763737,2.413257,0.31662,7675,0.1384,0.1854,-0.0089,0.424084,0.3166,0.0116,0.0053,0.0413,0.0188,0.9004,0.7713,0.7571,0.8618,0.8618,2.199145,0.31662,0.232374,0.011583,0.005267,7675,7675,0.041309,0.018784,0.900429,0.771316,0.757097,0.861759,0.861759,0.8227202243273434,0.9024039046348846,76746,0.9057175229814333,0.9078191707471152,0.8559846754945293,1.5559703712678645,1.8250052835265667,0.8525840365027164,76746,0.11197977744768457,0.6567247804445834,5.352311134338379,-0.3707284927368164,1.1165359616279602,1.6011544167995453,2.0657106757164003,0.7906131761584339,6.769822835922241,-0.29227976500988007,1.2327640056610107,1.7637371718883514,2.413256609439853,2.1991448900843387,0.3166204566274336,0.23237434183221817,0.011583481163764061,0.005267266025077514,7675,7675,0.04130894730623181,0.018784095351101485,0.9004292751801076,0.7713160996059427,0.7570970695970696,0.8617589576547231,0.8617589576547231,0.25762349976195414,0.03805468857987604,0.05488412766895534,0.846605107364206,0.37155582082296557,0.257623,76746,0.0381,0.0549,0.8466,0.371556,test,0.6336622367391541,0.6578586183858952,76746,0.8679069333614208,0.8202280943206995,0.6546690074516152,14.061402219321025,19.513424492752126,0.7206014620623793,76746,0.5761082010788836,0.0,86.61302834802127,1.1491313312531681,7.041634299027017,12.711968458787528,22.39401360585232,0.6570643430217804,131.8181838169694,1.2644381523132324,8.113351821899414,15.49808955192566,34.20661945343029,2.1991448900843387,6.390515852509079,0.518639758575884,0.011583481163764061,0.005267266025077514,7675,7675,0.04130894730623181,0.018784095351101485,0.9004292757924915,0.7713160996059427,0.7570970695970696,0.8617589576547231,0.8617589576547231,1.0723143290625385,0.008134798235055762,0.02527522560964883,0.7761920511245033,3.3317343354280617,0.374897,15380,0.0641,0.0825,0.7313,0.482494
0.19694,15933,0.0397,0.0616,0.7501,0.305673,0.83,0.9598,0.9451,0.9293,0.8737,ILO/XIONG_DONG_SUO-0/before,54893,0.082652,0.688521,5.019067,-0.361127,0.892993,1.229939,1.771429,0.754289,6.654039,-0.412718,0.955018,1.301381,1.906262,0.2716,5490,0.1325,0.1943,-0.2194,0.39843,0.2716,0.0238,0.0144,0.0122,0.0074,0.935,0.5559,0.6576,0.7934,0.7934,1.653318,0.2716,0.285385,0.023845,0.014422,5490,5490,0.012243,0.007405,0.934996,0.555938,0.657609,0.793443,0.793443,0.829999267084215,0.9597843002355904,54893,0.9350528663611853,0.9451027269462741,0.9292680093935396,1.2197226911484653,1.3961134620160136,0.8736558484202016,54893,0.08265170422458237,0.688521305084437,5.019067287445068,-0.3611270487308502,0.8929927825927737,1.229938769340514,1.7714286327362063,0.7542888669740626,6.654038667678833,-0.41271835565567017,0.9550184965133672,1.3013810396194443,1.906262364387513,1.653317613271227,0.27159992527277743,0.2853848657456713,0.023844605435399974,0.014422277512801325,5490,5490,0.01224284349364861,0.007405016069129706,0.9349962121747547,0.5559380521990833,0.657608695652174,0.7934426229508197,0.7934426229508197,0.21155137829539827,0.03179292890541542,0.04934941353213278,0.8506937158713685,0.32837290587008455,0.211551,54893,0.0318,0.0493,0.8507,0.328373,test,0.810915863496892,0.8630222961614419,54893,0.9271837799649028,0.9166025230163776,0.8484456067995317,9.384990177952425,11.104690380131178,0.845137492058699,54893,0.5890004189969578,0.0,60.61126664029486,1.1626589095433433,5.362136345310218,8.085460913285837,15.644070457496888,0.8613794292579013,70.3653518781066,1.091796636581421,5.783250808715824,8.821120071411116,18.438507232666034,1.653317613271227,3.0358271417482148,0.40590352564967186,0.023844605435399974,0.014422277512801325,5490,5490,0.01224284349364861,0.007405016069129706,0.9349962141062946,0.5559378079481061,0.657608695652174,0.7934426229508197,0.7934426229508197,0.6110734557996341,0.00868429474861708,0.02230703631002387,0.8262133646737947,1.56964245931253,0.289027,11001,0.0583,0.0798,0.6853,0.395831
0.237499,37530,0.0436,0.0606,0.7541,0.329974,0.8758,1.0306,0.9878,0.9898,0.9475,ILO/YAO_GUO_CHEN-0/after,98680,0.168413,0.533208,4.591238,-0.056457,1.301658,1.56407,1.919059,0.840985,5.45936,-0.054512,1.327243,1.583458,1.93874,0.178061,9868,0.139,0.1876,-0.1532,0.240258,0.1781,0.0082,0.0048,0.0059,0.0035,0.926,0.6934,0.6645,0.7984,0.7984,1.707468,0.178061,0.147732,0.008222,0.004815,9868,9868,0.005918,0.003466,0.926037,0.693373,0.664502,0.798439,0.798439,0.8757540809138256,1.0306369498543189,98680,0.9807231806261566,0.9877556431341059,0.9898485740746035,1.5409639289336114,1.6263144104090306,0.9475190769207088,98680,0.16841305229023104,0.5332083502229429,4.591238021850586,-0.05645659379661083,1.3016583800315862,1.5640696167945847,1.9190588092803942,0.8409847161005658,5.459359645843506,-0.05451156944036484,1.3272434115409855,1.5834580421447753,1.9387397825717911,1.7074677515321612,0.17806053732419527,0.14773150873098426,0.00822178532056882,0.004815192154107256,9868,9868,0.005918199127243978,0.0034660678785490406,0.9260371658852374,0.6933733214869344,0.6645019819515898,0.7984394000810702,0.7984394000810702,0.2000294717986724,0.03663973153902129,0.05397835077807283,0.8676887635767442,0.2946872299869962,0.200029,98680,0.0366,0.054,0.8677,0.294687,test,0.916482669896329,1.1022975536606805,98680,0.9692955438207834,0.9766443887728778,0.9762963140360092,12.705602743990388,13.65121017026186,0.9307308718803987,98680,0.7825800567490879,0.0,47.638168650196896,1.6855197727733997,8.824102139376699,12.150145116154048,18.72836188450856,1.0996228504590744,43.322279661893845,1.689520537853241,9.103623962402347,12.440705394744871,19.1830713844299,1.7074677515321612,2.6498210985901847,0.26144311297466644,0.00822178532056882,0.004815192154107256,9868,9868,0.005918199127243978,0.0034660678785490406,0.9260371670379948,0.6933733274811873,0.6645019819515898,0.7984394000810702,0.7984394000810702,0.7550635095847058,0.017428988397599435,0.034064933165110216,0.8729912477510543,1.4757705612426273,0.209847,19749,0.0544,0.0767,0.6235,0.296255
0.303892,29707,0.0465,0.0628,0.8482,0.410434,0.8776,1.0121,0.9661,0.8913,0.8843,ILO/YAO_GUO_CHEN-0/before,48898,0.295902,0.450018,5.775421,0.201967,1.536609,1.751935,2.147371,0.884344,6.530738,0.193464,1.582684,1.813448,2.409337,0.307264,4890,0.1501,0.1944,-0.1974,0.397819,0.3073,0.0106,0.0082,0.009,0.007,0.9365,0.4768,0.5144,0.6793,0.6793,1.290136,0.307264,0.206264,0.010622,0.008233,4890,4890,0.009024,0.006994,0.936504,0.47678,0.514401,0.679346,0.679346,0.877636097686293,1.0121268343609646,48898,0.9708881004625007,0.9660798432889484,0.8912703300799167,1.7055987267101713,1.928684132255172,0.8843328454804306,48898,0.29590167287005603,0.45001840566076323,5.775420904159546,0.2019672840833664,1.5366091012954717,1.7519353926181802,2.1473707795143127,0.8843442488951662,6.530738353729248,0.19346439838409424,1.5826840400695807,1.813447827100754,2.4093372201919547,1.2901358896443194,0.3072641735976459,0.20626427986168233,0.01062211050743795,0.008233326886492852,4890,4890,0.009023824620193169,0.006994476080098019,0.9365038655332141,0.47677995513248583,0.5144007432641685,0.6793456032719837,0.6793456032719837,0.23888593598849203,0.03657870259831815,0.053402492892213556,0.8765217341388395,0.34875770851593263,0.238886,48898,0.0366,0.0534,0.8765,0.348758,test,0.7030712101220385,1.055117809984413,48898,0.9453870320627487,0.9277642438543292,0.7266487315335876,16.853201438892984,21.670438597782503,0.7777046764811462,48898,0.7979058448198291,0.0,158.84896286343366,2.309585712644699,11.750189542230332,15.276742716699557,24.73772831103955,1.054561178569095,150.63039119169116,2.2857723236083984,12.428972625732433,16.4661904335022,34.0435856246948,1.2901358896443194,7.669250836800871,0.6170103570472245,0.01062211050743795,0.008233326886492852,4890,4890,0.009023824620193169,0.006994476080098019,0.9365038630166342,0.47677974413474894,0.5144007432641685,0.6793456032719837,0.6793456032719837,1.748973116255052,0.011611024192517173,0.03090175366292408,0.6715391816263501,4.654743242755529,0.369905,9791,0.0771,0.0986,0.4675,0.473038
0.329972,20837,0.0712,0.0942,0.6015,0.4363,0.721,0.9291,0.9815,0.9468,0.9145,ILO/YU_XIANG_SHENG-1/after,78139,0.168226,0.415478,4.978331,0.149304,1.223809,1.411696,1.748215,0.840305,5.924431,0.158873,1.227123,1.438351,1.84649,0.197937,7814,0.0928,0.1278,0.1849,0.272632,0.1979,0.0306,0.0166,0.0225,0.0122,0.8126,0.5876,0.5743,0.7296,0.7296,1.844702,0.197937,0.17945,0.030572,0.016573,7814,7814,0.022492,0.012193,0.812619,0.587588,0.574292,0.729588,0.729588,0.7209780341198222,0.9290839776942466,78139,0.9972994364908077,0.9814683595609135,0.9467774803283212,1.3892991335860887,1.5192607164016794,0.9144573532294046,78139,0.16822585392697628,0.4154775464236809,4.9783313274383545,0.14930382370948792,1.2238088130950926,1.4116955161094646,1.7482152009010312,0.8403053821572937,5.924431085586548,0.15887261927127838,1.2271227359771728,1.438350510597229,1.8464900541305538,1.8447017448731868,0.19793680287460888,0.17945014410179416,0.030571784576099596,0.016572752024041286,7814,7814,0.022491686335800145,0.012192586903714522,0.8126186987229844,0.587588209382403,0.5742923340384809,0.729587919119529,0.729587919119529,0.3092505890872956,0.05219920438262272,0.07332795834831705,0.670869495799443,0.4344264358813652,0.309251,78139,0.0522,0.0733,0.6709,0.434426,test,0.8046091343675761,0.7479550713194281,78139,0.9959689110199506,0.9680322500280227,0.8871088572536545,10.93519399750984,12.619284332637626,0.8665462881462958,78139,0.8865355328325164,0.0,80.90818343484317,2.165987565049399,8.025272801199753,10.09067398701119,15.207625848208682,0.7467689188072882,108.34433704614639,2.1913983821868896,8.0577543258667,10.423902702331542,17.142908363342276,1.8447017448731868,2.70105560280654,0.3243093843148543,0.030571784576099596,0.016572752024041286,7814,7814,0.022491686335800145,0.012192586903714522,0.8126186974465052,0.5875877766033909,0.5742923340384809,0.729587919119529,0.729587919119529,1.0918984963762475,0.010078039389462343,0.01735462480930681,0.8097788967179375,1.8802753196489514,0.353751,15640,0.0597,0.0859,0.5803,0.508958
0.332248,18427,0.0647,0.0903,0.687,0.463791,0.8247,0.8827,1.0002,0.9759,0.954,ILO/YU_XIANG_SHENG-1/before,57231,0.238297,0.355262,4.784783,0.31246,1.428511,1.60724,1.988926,0.795121,6.017677,0.24345,1.415674,1.606891,2.038137,0.152684,5724,0.0811,0.1092,0.4272,0.205649,0.1527,0.0202,0.0128,0.0063,0.004,0.8911,0.6713,0.6029,0.7523,0.7523,1.581901,0.152684,0.121788,0.020222,0.012784,5724,5724,0.006278,0.003969,0.891103,0.671263,0.602912,0.752271,0.752271,0.8246752044828946,0.8826829169569881,57231,1.0090679719386069,1.0002172174665098,0.9758549930464371,1.610927011117412,1.6885842609705415,0.9540104384198781,57231,0.23829742622005556,0.35526200835211685,4.784783124923706,0.3124604821205139,1.428511142730713,1.607240080833435,1.9889262676239006,0.7951212537194976,6.017677307128906,0.24344977736473083,1.415673851966858,1.6068910360336304,2.0381371021270733,1.5819013932523402,0.1526840187864317,0.12178754944801329,0.020222268955492072,0.012783520541641167,5724,5724,0.006278013608054163,0.003968650406930081,0.8911025101742589,0.6712634942733727,0.6029123494819378,0.7522711390635919,0.7522711390635919,0.2584277280320095,0.04294476337670355,0.06433997988631475,0.7828508559661793,0.38717723690300654,0.258428,57231,0.0429,0.0643,0.7829,0.387177,test,0.8521186665690199,0.6239459903630792,57231,1.0157705768075564,1.000425540244507,0.9417801721056218,13.898328260018095,15.164036562857637,0.9165322308744802,57231,0.8737747025213608,0.0,62.60933756960422,2.642561913586786,10.29963307041574,12.806614423000934,20.39318596401554,0.6225228940553167,100.57355025410652,2.429368495941162,10.139723777770996,12.801167011260986,21.653870582580517,1.5819013932523402,2.6377030433782447,0.2873080916667653,0.020222268955492072,0.012783520541641167,5724,5724,0.006278013608054163,0.003968650406930081,0.8911025081881043,0.671263632866226,0.6029123494819378,0.7522711390635919,0.7522711390635919,1.0873057922081975,0.010811051110963458,0.01957593489162992,0.84267016539861,1.9688212715944589,0.29267,11478,0.0529,0.0751,0.7005,0.415831
