support_order,source_point_index,x_true_mm,y_true_mm,z_true_mm,distance_to_wall_true_mm,current_true_near_wall_1p5,legacy_near_wall_tag,legacy_distance_to_wall_true_mm,pnpp_fps_center,pnpp_knn_membership_count
0,93268,-3.7283403873443604,3.6505072116851807,276.9915466308594,4.093542575836182,0,0,104.10188293457031,0,1
1,592269,15.557915687561035,-18.331539154052734,-69.6323471069336,7.875059604644775,0,0,7.875059604644775,0,1
2,241996,11.391153335571289,-3.3281161785125732,182.94375610351562,0.8844484090805054,1,0,9.69973087310791,0,0
3,121903,8.542947769165039,2.822460412979126,249.03399658203125,1.823588490486145,0,0,76.07080841064453,0,1
4,797566,-5.706759452819824,1.3264676332473755,119.51768493652344,1.0693449974060059,1,0,1.0693448781967163,0,1
5,219759,9.898394584655762,8.895256996154785,229.2453155517578,2.130082845687866,0,0,57.15467834472656,0,0
6,694812,-34.45008850097656,-31.942312240600586,-63.98301696777344,1.3571217060089111,1,0,1.3571217060089111,0,0
7,918748,24.271944046020508,-47.59487533569336,-122.35256958007812,0.6384751796722412,1,0,0.6384751796722412,0,1
8,515416,7.715146064758301,4.980162143707275,167.094482421875,3.638681650161743,0,0,3.638681650161743,0,1
9,804103,11.792057991027832,-7.40290641784668,116.55708312988281,1.6741132736206055,0,0,1.6741132736206055,0,1
10,335283,-3.8547821044921875,24.46776008605957,271.7675476074219,0.8550717234611511,1,0,101.32462310791016,0,1
11,974462,1.6286633014678955,-106.39247131347656,-122.08478546142578,0.7099640369415283,1,0,43.61054611206055,0,2
12,724862,-37.723018646240234,-54.61412048339844,-80.42176055908203,0.7071414589881897,1,0,0.7071414589881897,0,1
13,189176,11.670732498168945,1.0413848161697388,201.38925170898438,0.962135374546051,1,0,28.514596939086914,0,1
14,152820,-12.650571823120117,3.8061792850494385,197.66921997070312,0.8818002939224243,1,0,25.38150405883789,0,2
15,715033,-37.581871032714844,-49.00408172607422,-76.98546600341797,1.090223789215088,1,0,1.090223789215088,0,1
16,651140,-15.633460998535156,-9.476832389831543,-12.841821670532227,0.7866098284721375,1,0,0.7866098880767822,0,0
17,314408,6.093724727630615,29.44901466369629,339.08111572265625,1.003753662109375,1,0,168.65277099609375,0,0
18,549364,-2.858275890350342,-7.261265754699707,-52.71455383300781,4.976719856262207,0,0,4.976719856262207,0,1
19,463748,18.59004783630371,-47.22249984741211,-89.39733123779297,0.5931633114814758,1,1,0.5931633114814758,0,0
20,546445,5.898722171783447,-24.660154342651367,-34.01255416870117,1.8769153356552124,0,0,1.8769153356552124,0,1
21,899329,16.773393630981445,-49.69074630737305,-95.75395965576172,0.7298585772514343,1,0,0.7298586368560791,0,0
22,274271,8.217033386230469,10.78797721862793,234.88572692871094,3.4234251976013184,0,0,63.05111312866211,0,0
23,491306,-4.076205253601074,12.602605819702148,3.5912442207336426,2.5122296810150146,0,0,2.5122296810150146,0,2
24,431446,-38.52703857421875,-11.017748832702637,-45.5721321105957,0.9308770298957825,1,0,0.9308770298957825,0,1
25,352023,-7.994235992431641,23.497854232788086,296.3675537109375,2.295022964477539,0,0,125.68962860107422,0,0
26,953161,32.827693939208984,-70.42317962646484,-113.71846008300781,1.4026597738265991,1,0,1.4026596546173096,0,1
27,82765,-4.057365894317627,-1.176103115081787,266.8006286621094,0.8097347617149353,1,0,93.33370971679688,0,1
28,438465,-50.62646484375,-33.25646209716797,-102.70280456542969,0.954288899898529,1,0,0.954288899898529,0,0
29,821751,-6.990604400634766,3.5306992530822754,139.4290008544922,1.5509088039398193,0,0,1.5509088039398193,0,1
30,374043,-11.04775333404541,15.302094459533691,264.8214416503906,2.102034330368042,0,0,93.42312622070312,0,1
31,419377,-25.686880111694336,-27.218862533569336,-46.06540298461914,0.755005955696106,1,0,0.755005955696106,0,1
32,747237,-54.954654693603516,-24.37074851989746,-103.4139633178711,0.6218799948692322,1,1,0.6218799948692322,1,1
33,493186,-12.281586647033691,4.508383274078369,7.373472213745117,1.6421564817428589,0,0,1.6421564817428589,0,1
34,90109,9.95700740814209,7.582139015197754,270.90777587890625,1.4212191104888916,1,0,98.33106231689453,0,1
35,425171,-24.020477294921875,-15.980289459228516,-44.986175537109375,0.796946108341217,1,0,0.7969460487365723,0,0
36,833996,5.504158973693848,-15.030481338500977,108.93701934814453,3.594987154006958,0,0,3.594987154006958,0,0
37,764456,-79.21157836914062,-5.186726093292236,-123.28526306152344,0.714616060256958,1,0,22.551006317138672,0,0
38,780504,-7.1145830154418945,13.4885892868042,39.754425048828125,2.896515130996704,0,0,2.896515130996704,0,2
39,805231,-0.6519972085952759,6.420509338378906,127.56613159179688,1.2293269634246826,1,0,1.2293269634246826,0,0
40,887189,14.468835830688477,-22.93506622314453,-85.58045959472656,0.8457236886024475,1,0,0.8457236886024475,0,1
41,781261,-1.8100749254226685,4.789233207702637,42.08930969238281,12.003414154052734,0,0,12.003414154052734,0,2
42,864402,-5.4136738777160645,-8.068218231201172,37.376197814941406,5.0804338455200195,0,0,5.0804338455200195,0,1
43,671481,11.585597038269043,-3.9812862873077393,-57.07633590698242,8.982218742370605,0,0,8.982218742370605,0,1
44,790814,-10.192917823791504,-5.655488014221191,107.87437438964844,1.024194598197937,1,0,1.0241947174072266,0,1
45,89418,-11.222234725952148,5.155512809753418,267.58056640625,1.2508970499038696,1,0,94.9365463256836,0,1
46,611371,-23.02869987487793,-11.93437671661377,-33.63285446166992,3.360424041748047,0,0,3.360424041748047,0,2
47,985202,-58.252620697021484,-107.80229949951172,-102.94029998779297,0.972084641456604,1,0,25.877544403076172,0,2
48,512117,7.8133463859558105,6.2327728271484375,162.0191192626953,2.9864261150360107,0,0,2.9864261150360107,0,1
49,950077,-104.45457458496094,21.363798141479492,-144.12193298339844,2.1396689414978027,0,0,64.69140625,0,1
50,858590,-15.089635848999023,0.0092256348580122,37.35385513305664,0.7094608545303345,1,0,0.7094608545303345,0,1
51,283939,-3.5411014556884766,19.72635269165039,234.92408752441406,1.0097700357437134,1,0,64.18167877197266,0,1
52,25522,38.70706558227539,-7.968316078186035,-126.94974517822266,2.94216251373291,0,0,20.845638275146484,0,0
53,743348,-36.40935134887695,-54.545318603515625,-83.75204467773438,0.8762105107307434,1,0,0.8762105107307434,0,1
54,427010,-39.44343948364258,-23.43254852294922,-37.14216613769531,1.118070125579834,1,0,1.118070125579834,0,1
55,151538,-7.148396968841553,-0.3500294089317322,194.5508575439453,5.331376075744629,0,0,22.366458892822266,0,1
56,318747,10.80677318572998,22.103267669677734,345.87811279296875,0.9000189304351807,1,0,174.4781494140625,0,1
57,168782,-12.123556137084961,5.355633735656738,177.28231811523438,0.7306845784187317,1,0,5.315379619598389,0,1
58,394167,-5.208617210388184,4.831065654754639,302.26983642578125,1.9526911973953247,0,0,129.28895568847656,0,1
59,628423,7.136016368865967,-9.085753440856934,-16.94219970703125,2.7105414867401123,0,0,2.7105414867401123,0,1
60,979270,-52.59077835083008,-87.39881134033203,-98.842041015625,1.5222984552383423,0,0,4.563790798187256,0,1
61,304359,-3.28739333152771,8.1253023147583,321.350341796875,3.3665637969970703,0,0,148.63075256347656,0,1
62,531323,2.0671987533569336,-17.46396255493164,63.07930374145508,1.2889974117279053,1,0,1.2889974117279053,0,2
63,851037,-13.12022876739502,-2.0700035095214844,18.17422103881836,1.0019131898880005,1,0,1.0019131898880005,0,1
64,609477,-22.360532760620117,-14.3445463180542,-39.47491455078125,0.9165909886360168,1,0,0.9165909886360168,0,1
65,495139,-12.362017631530762,2.3823928833007812,-2.11629581451416,1.0397993326187134,1,0,1.0397993326187134,0,1
66,777189,6.871646404266357,14.175947189331055,54.892513275146484,2.4520816802978516,0,0,2.4520816802978516,0,1
67,195661,4.178874969482422,14.145724296569824,202.92999267578125,1.4402207136154175,1,0,31.694425582885742,0,1
68,544223,10.117080688476562,-24.831729888916016,-35.93712615966797,2.18806791305542,0,0,2.18806791305542,0,0
69,781055,-6.5862579345703125,14.887394905090332,39.49139404296875,2.521643877029419,0,0,2.521643877029419,0,2
70,801317,-5.101286888122559,-1.0325788259506226,120.30050659179688,2.9053821563720703,0,0,2.9053821563720703,0,1
71,404673,-5.522227764129639,-4.13992166519165,-28.10436248779297,0.8309736251831055,1,0,0.8309736251831055,0,0
72,204771,0.07191457599401474,18.124055862426758,217.63963317871094,0.8752726912498474,1,0,46.79441833496094,0,1
73,283255,-0.7167136073112488,21.650903701782227,241.68380737304688,0.6343669891357422,1,0,71.0911865234375,0,1
74,661949,-4.857534408569336,-12.370088577270508,-6.411160469055176,3.249195098876953,0,0,3.249195098876953,0,1
75,880208,23.316843032836914,-29.515777587890625,-82.9507827758789,0.623424768447876,1,1,0.623424768447876,0,0
76,866022,8.106386184692383,2.12762188911438,34.1749267578125,4.300602436065674,0,0,4.300602436065674,0,2
77,551858,16.578859329223633,-20.377426147460938,-34.36952590942383,0.7983555793762207,1,0,0.7983555793762207,0,0
78,804981,11.195731163024902,-4.600638389587402,116.72010803222656,2.459688425064087,0,0,2.459688425064087,0,1
79,374435,-11.859546661376953,16.60910415649414,269.1513366699219,1.2347739934921265,1,0,97.87055969238281,1,1
80,637763,-5.633678913116455,-13.465733528137207,-0.38914886116981506,0.7802703380584717,1,0,0.7802703380584717,0,0
81,894267,13.109013557434082,-60.2542839050293,-99.09529876708984,0.7589394450187683,1,0,0.7589394450187683,0,1
82,961611,8.051255226135254,-99.97810363769531,-122.86125183105469,0.9444178342819214,1,0,34.92965316772461,0,2
83,669408,-1.3523818254470825,-5.370860576629639,-63.7166862487793,1.3082523345947266,1,0,1.3082523345947266,0,1
84,948248,-102.57172393798828,20.115358352661133,-140.30821228027344,0.86934894323349,1,0,60.84305191040039,0,1
85,32319,31.921794891357422,-21.138954162597656,-123.77669525146484,1.1051914691925049,1,0,5.829390525817871,0,1
86,357479,-5.3881072998046875,10.757711410522461,353.72442626953125,1.8681334257125854,0,0,181.07650756835938,0,2
87,747672,-57.2038459777832,-22.914379119873047,-104.61465454101562,0.6781306862831116,1,0,0.6781307458877563,0,1
88,637659,4.570734024047852,12.705754280090332,-5.366674900054932,3.772773265838623,0,0,3.772773265838623,0,1
89,282162,1.1384984254837036,20.59242057800293,245.50987243652344,1.3199125528335571,1,0,74.75460052490234,0,0
90,246458,-1.0562756061553955,-0.2104112058877945,172.18321228027344,11.623835563659668,0,0,11.623835563659668,0,0
91,501291,-2.20298171043396,8.221596717834473,144.4890899658203,1.0366311073303223,1,0,1.0366311073303223,0,2
92,664306,17.928821563720703,-6.063515663146973,-77.13362121582031,1.15010404586792,1,0,1.15010404586792,0,1
93,147818,-11.925028800964355,-2.140090227127075,195.76513671875,0.6115787029266357,1,0,22.774805068969727,0,1
94,798134,9.096946716308594,-3.0919291973114014,111.17639923095703,1.3191062211990356,1,0,1.319105863571167,0,1
95,14418,47.86042404174805,13.736695289611816,-129.1112823486328,1.6393753290176392,0,0,44.26049041748047,0,1
96,596983,20.074262619018555,-15.91422176361084,-57.87990951538086,5.83983850479126,0,0,5.83983850479126,0,1
97,829293,11.440166473388672,-12.116227149963379,113.00191497802734,0.7125123143196106,1,0,0.7125122547149658,0,1
98,883850,26.618309020996094,-27.94922637939453,-83.30892181396484,1.6763057708740234,0,0,1.6763056516647339,0,0
99,397450,11.289061546325684,-1.3157482147216797,-29.992807388305664,1.0862609148025513,1,0,1.0862609148025513,0,1
100,300873,-5.722908020019531,10.78757381439209,342.97943115234375,2.8194825649261475,0,0,170.4300079345703,0,1
101,54203,10.583465576171875,17.633745193481445,310.86492919921875,1.034786343574524,1,0,139.1878662109375,0,1
102,322309,7.402166366577148,23.831317901611328,339.1078796386719,3.0503785610198975,0,0,168.02272033691406,0,0
103,854530,-14.503493309020996,-1.5408098697662354,29.90696907043457,1.0296326875686646,1,0,1.0296326875686646,0,1
104,34465,32.60416030883789,-25.464988708496094,-126.27125549316406,1.1110150814056396,1,0,2.4295501708984375,0,0
105,157489,-8.3522367477417,8.994306564331055,201.16477966308594,3.2831218242645264,0,0,29.60706329345703,0,1
106,202971,-1.3182225227355957,15.344062805175781,203.95623779296875,1.9184589385986328,0,0,32.940277099609375,0,1
107,234831,3.9583444595336914,-11.843267440795898,175.82200622558594,0.6439902186393738,1,0,1.7459709644317627,0,1
108,306186,-10.173590660095215,10.623435020446777,329.1910400390625,1.4070765972137451,1,0,156.7461395263672,0,0
109,888876,22.282663345336914,-25.265188217163086,-82.39903259277344,3.8875856399536133,0,0,3.8875856399536133,0,0
110,641389,9.243515014648438,16.184478759765625,-1.2105982303619385,1.1014841794967651,1,0,1.1014841794967651,0,1
111,103679,8.333080291748047,16.28095245361328,268.29827880859375,2.4706313610076904,0,0,96.81465148925781,0,0
112,177069,-10.415584564208984,6.7481536865234375,186.6339569091797,1.7826218605041504,0,0,14.835992813110352,0,1
113,795936,4.310830116271973,-0.05256703495979309,112.9284896850586,1.0650806427001953,1,0,1.0650806427001953,0,0
114,987478,-60.8027458190918,-117.3773422241211,-103.26184844970703,0.6642313599586487,1,0,35.65436553955078,0,2
115,610794,-22.094959259033203,-14.134049415588379,-38.61458206176758,1.02915620803833,1,0,1.02915620803833,0,1
116,854389,-1.7099523544311523,-4.02857780456543,15.537232398986816,8.067682266235352,0,0,8.067682266235352,0,2
117,432046,-34.86160659790039,-11.21383285522461,-47.62600326538086,0.8165475130081177,1,0,0.8165475130081177,0,1
118,775134,-0.5830156803131104,13.998892784118652,55.8565559387207,4.316493034362793,0,0,4.316493034362793,0,1
119,873796,27.216411590576172,-34.20390319824219,-91.24114227294922,2.351860284805298,0,0,2.351860284805298,0,0
120,391371,-10.293402671813965,13.727107048034668,298.2591552734375,3.5269219875335693,0,0,126.45207214355469,0,0
121,701810,-27.89048957824707,-25.832124710083008,-55.52537155151367,0.7586064338684082,1,0,0.7586064338684082,0,1
122,749267,-57.71478271484375,-24.11289405822754,-110.17860412597656,0.9819599390029907,1,0,0.9819599390029907,0,1
123,653001,-14.726544380187988,-4.362082004547119,-15.320928573608398,0.9562724828720093,1,0,0.9562724828720093,0,1
124,537403,-3.7432327270507812,-14.894787788391113,49.81625747680664,0.8414713740348816,1,0,0.8414714336395264,0,2
125,589301,17.480396270751953,-21.32047462463379,-69.72807312011719,4.411430835723877,0,0,4.411430835723877,0,1
126,207396,-12.906778335571289,5.169744491577148,225.5337371826172,0.9374392628669739,1,0,53.20537567138672,1,1
127,148983,-7.501351356506348,-6.056828022003174,201.72439575195312,1.5167012214660645,0,0,28.201522827148438,0,0
128,709061,-45.67878341674805,-38.87350845336914,-75.47791290283203,1.7759257555007935,0,0,1.7759257555007935,0,1
129,57443,8.733564376831055,14.435335159301758,320.25250244140625,2.2788732051849365,0,0,148.15853881835938,0,0
130,321189,10.376825332641602,24.03571319580078,352.4814147949219,0.7995920777320862,1,0,181.26895141601562,0,1
131,2311,56.73832702636719,28.726539611816406,-130.47592163085938,0.9370637536048889,1,0,61.615360260009766,0,1
132,519945,4.093136310577393,-3.439288854598999,90.48133850097656,2.690101146697998,0,0,2.690101146697998,0,1
133,712131,-47.06366729736328,-41.16377258300781,-76.1098403930664,1.1311423778533936,1,0,1.1311423778533936,0,0
134,319219,10.684283256530762,22.674692153930664,342.7730407714844,0.7281959056854248,1,0,171.4652557373047,0,1
135,387975,-7.15347957611084,3.8414549827575684,294.1578674316406,1.1631454229354858,1,0,121.12528991699219,0,1
136,700317,-39.30986404418945,-37.39247131347656,-53.557437896728516,2.022092342376709,0,0,2.022092342376709,0,1
137,168743,-6.117265701293945,13.153931617736816,185.35763549804688,0.7858187556266785,1,0,14.208208084106445,0,0
138,905719,15.250364303588867,-52.22169494628906,-103.6844711303711,1.295579195022583,1,0,1.295579195022583,0,0
139,674669,12.354215621948242,3.133028030395508,-55.97307205200195,2.82619571685791,0,0,2.82619571685791,0,1
140,473260,19.304658889770508,-44.61028289794922,-97.1700668334961,3.962313175201416,0,0,3.962313175201416,0,1
141,727277,-49.24646759033203,-75.53900909423828,-96.23788452148438,0.5801472067832947,1,1,0.5801472067832947,0,1
142,70891,8.012674331665039,21.36181640625,364.6394348144531,2.729029655456543,0,0,193.06167602539062,0,2
143,974010,-0.8945428729057312,-109.35783386230469,-123.41197204589844,0.8452256917953491,1,0,47.69941329956055,0,2
144,126274,1.1317329406738281,4.16642951965332,311.6258850097656,0.9036253690719604,1,0,138.42355346679688,0,0
145,596421,10.537679672241211,-23.49231719970703,-64.77774810791016,4.604926586151123,0,0,4.604926586151123,0,1
146,608675,-24.78179931640625,-10.716227531433105,-37.73436737060547,1.1088459491729736,1,0,1.1088459491729736,0,0
147,71047,7.785006999969482,23.856718063354492,366.5760192871094,2.9690792560577393,0,0,195.28724670410156,0,1
148,81784,0.9628217220306396,-1.691676378250122,264.7617492675781,0.7003181576728821,1,0,91.20033264160156,0,1
149,357444,2.16180419921875,9.937580108642578,356.33404541015625,0.6944283246994019,1,0,183.48959350585938,0,0
150,346765,-5.786088943481445,26.387102127075195,291.35137939453125,0.8599655628204346,1,0,121.01460266113281,0,1
151,389210,-4.942338466644287,3.2723050117492676,291.7134704589844,1.8083255290985107,0,0,118.6174087524414,0,1
152,656380,-5.486788272857666,-14.936022758483887,-17.028085708618164,0.9185783267021179,1,0,0.9185783267021179,0,0
153,285951,-2.7737553119659424,18.069171905517578,225.38356018066406,1.6084060668945312,0,0,54.52000427246094,0,1
154,631555,-1.5751392841339111,-12.651573181152344,-5.8383708000183105,4.067007541656494,0,0,4.067007541656494,0,1
155,21898,39.779476165771484,0.43541204929351807,-129.15634155273438,0.6218332648277283,1,0,28.76052474975586,0,0
156,192884,7.259354114532471,11.956339836120605,201.1667022705078,1.4704076051712036,1,0,29.65691375732422,0,1
157,824788,4.661803245544434,-12.696049690246582,164.59373474121094,1.3911572694778442,1,0,1.3911571502685547,0,1
158,674691,18.524709701538086,1.910025715827942,-54.926788330078125,1.5002176761627197,0,0,1.5002176761627197,0,1
159,658347,-6.17370080947876,-15.0475435256958,-12.053879737854004,1.777562141418457,0,0,1.7775620222091675,0,1
160,693960,-48.35885238647461,-31.402847290039062,-62.016109466552734,0.8911291360855103,1,0,0.8911291360855103,0,1
161,421561,-35.714439392089844,-30.511993408203125,-43.31001281738281,1.475217342376709,1,0,1.4752171039581299,0,0
162,953737,34.47151184082031,-69.65455627441406,-111.51931762695312,0.9594077467918396,1,0,0.9594077467918396,0,1
163,698875,-40.252296447753906,-29.083541870117188,-64.96300506591797,3.751136541366577,0,0,3.751136541366577,0,1
164,828277,-1.7638689279556274,-11.267162322998047,159.3357696533203,2.8905277252197266,0,0,2.8905277252197266,0,1
165,988797,-62.58892822265625,-117.07750701904297,-105.05693054199219,1.4194482564926147,1,0,36.25706100463867,0,2
166,270725,10.232166290283203,2.7982208728790283,238.40603637695312,1.1552441120147705,1,0,65.48973083496094,0,1
167,951403,31.659334182739258,-73.07453155517578,-115.51313018798828,0.6094310283660889,1,1,0.6094310283660889,0,1
168,914256,26.886838912963867,-32.013553619384766,-123.20714569091797,0.7752092480659485,1,0,0.7752092480659485,0,1
169,527372,5.260543346405029,-17.45211410522461,67.7242202758789,1.3026899099349976,1,0,1.3026899099349976,0,2
170,120620,-5.912357807159424,20.24757957458496,254.6495819091797,1.8707842826843262,0,0,83.86239624023438,0,1
171,665196,21.220657348632812,-10.069726943969727,-77.17477416992188,4.213288307189941,0,0,4.213288307189941,0,0
172,301017,-6.675008296966553,11.454793930053711,330.7943420410156,4.036132335662842,0,0,158.4502410888672,0,0
173,644812,-22.660465240478516,-22.978076934814453,-17.13116455078125,0.9126462340354919,1,0,0.9126461744308472,0,1
174,937826,-88.758056640625,9.51356029510498,-130.9117431640625,0.9499447345733643,1,0,41.15651321411133,0,1
175,870,58.522769927978516,32.810482025146484,-129.75564575195312,1.6215139627456665,0,0,66.05933380126953,0,1
176,594961,0.33407431840896606,-23.147220611572266,-66.75951385498047,1.0070536136627197,1,0,1.0070536136627197,0,2
177,397197,3.006028413772583,2.777919054031372,-29.907939910888672,0.7053661346435547,1,0,0.7053660750389099,0,1
178,401211,-5.680715084075928,-3.5687026977539062,-40.49827194213867,3.323765516281128,0,0,3.323765516281128,0,1
179,188300,8.492703437805176,-1.1735979318618774,193.4894561767578,3.6128978729248047,0,0,20.73821449279785,0,1
180,187182,11.471295356750488,3.3327841758728027,192.5652618408203,1.234651803970337,1,0,20.047975540161133,0,1
181,208427,-11.784942626953125,1.3521487712860107,224.36932373046875,1.01383638381958,1,0,51.588340759277344,0,1
182,545667,-0.2945812940597534,-25.04351043701172,-44.82914733886719,2.349024772644043,0,0,2.349024772644043,0,2
183,251781,-8.952880859375,-0.76222163438797,250.49404907226562,0.8617844581604004,1,0,77.23963165283203,0,0
184,671661,-1.1661884784698486,1.8595079183578491,-54.292945861816406,1.5176594257354736,0,0,1.5176594257354736,0,2
185,454908,-43.32974624633789,-49.2567024230957,-88.4920425415039,0.7804300785064697,1,0,0.7804300785064697,0,1
186,792689,7.23782205581665,-2.3724963665008545,108.58517456054688,0.900183379650116,1,0,0.9001836180686951,0,1
187,712222,-39.45328903198242,-44.83610153198242,-73.79479217529297,4.6919941902160645,0,0,4.6919941902160645,0,1
188,943704,-95.26298522949219,14.700223922729492,-137.21090698242188,2.3740670680999756,0,0,51.51821517944336,0,0
189,663065,-5.983609676361084,-6.057573318481445,-3.231213331222534,4.759827136993408,0,0,4.759827136993408,0,1
190,123834,4.946428298950195,5.184237480163574,301.8711242675781,1.2089958190917969,1,0,128.82598876953125,0,0
191,44508,0.8107742071151733,22.89501190185547,304.9154052734375,5.372610569000244,0,0,134.1078643798828,0,1
192,415733,-23.96442413330078,-23.293460845947266,-43.602996826171875,1.5642995834350586,0,0,1.5642995834350586,0,2
193,829971,-0.8685115575790405,-18.938034057617188,116.86221313476562,1.0760207176208496,1,0,1.0760204792022705,0,1
194,827224,4.287398338317871,-9.660611152648926,158.53147888183594,4.132043361663818,0,0,4.132043361663818,0,1
195,716140,-36.5130729675293,-48.935325622558594,-79.2237777709961,1.0663386583328247,1,0,1.0663386583328247,0,0
196,114102,10.541340827941895,13.174616813659668,250.9131317138672,1.0445832014083862,1,0,79.1382827758789,0,1
197,498951,6.1979193687438965,8.69689655303955,174.66043090820312,2.0614218711853027,0,0,3.6203272342681885,0,1
198,236223,3.185502529144287,-10.578307151794434,185.1048583984375,0.7046260833740234,1,0,11.043639183044434,0,1
199,411362,6.247220993041992,4.94109582901001,-19.44025421142578,3.339130163192749,0,0,3.339130163192749,0,1
200,644759,-25.681682586669922,-20.391979217529297,-17.84848976135254,1.4794857501983643,1,0,1.4794857501983643,0,0
201,46258,-5.185326099395752,30.53784942626953,321.3985290527344,0.814507246017456,1,0,151.3345184326172,1,1
202,693683,-36.19939422607422,-36.97200012207031,-63.4654541015625,3.857436418533325,0,0,3.857436418533325,0,0
203,577339,-9.102468490600586,-13.961995124816895,81.36579132080078,5.111380577087402,0,0,5.111380100250244,0,2
204,883704,17.22488021850586,-23.113208770751953,-90.73312377929688,0.8072072267532349,1,0,0.8072072267532349,0,1
205,635211,-3.2816414833068848,-15.824518203735352,-3.5848944187164307,0.762587308883667,1,0,0.762587308883667,0,1
206,567367,-11.00519847869873,-11.527493476867676,63.53964614868164,3.1842949390411377,0,0,3.1842949390411377,0,2
207,701720,-34.10737609863281,-33.545772552490234,-54.581050872802734,4.1390228271484375,0,0,4.1390228271484375,0,1
208,94676,11.213592529296875,9.632290840148926,284.21466064453125,0.5705522298812866,1,0,111.7656021118164,1,1
209,198962,0.620259165763855,13.43232536315918,198.4622344970703,2.912708282470703,0,0,27.33694839477539,0,1
210,157285,-4.618546962738037,-6.452775001525879,213.89112854003906,1.4237635135650635,1,0,40.19902801513672,0,1
211,687540,-33.833133697509766,-35.22819900512695,-66.93035125732422,0.6910942196846008,1,0,0.6910942196846008,0,0
212,459999,12.073973655700684,-36.67290496826172,-82.85515594482422,1.7787235975265503,0,0,1.7787235975265503,0,1
213,444040,-44.715457916259766,-39.604698181152344,-104.36697387695312,0.6161302328109741,1,1,0.6161302924156189,0,1
214,489665,-10.735177040100098,9.306679725646973,20.834802627563477,1.9170854091644287,0,0,1.9170854091644287,0,2
215,704774,-44.360084533691406,-23.010448455810547,-61.09540939331055,1.1303905248641968,1,0,1.1303905248641968,0,1
216,989117,-66.16254425048828,-122.50727081298828,-104.91268920898438,0.6355623602867126,1,0,42.347835540771484,0,1
217,319791,10.631099700927734,22.760265350341797,334.3375244140625,0.6984167695045471,1,0,163.10113525390625,0,1
218,725774,-38.14176559448242,-54.980995178222656,-80.80328369140625,0.6173778176307678,1,1,0.6173778176307678,0,1
219,304676,-11.863719940185547,12.846351623535156,339.01531982421875,0.9248835444450378,1,0,166.77699279785156,0,0
220,292747,8.61264419555664,12.339500427246094,329.86016845703125,1.1605544090270996,1,0,157.43374633789062,0,2
221,6752,53.79500961303711,21.79145050048828,-130.38931274414062,0.7638246417045593,1,0,54.08652114868164,0,0
222,501338,4.974232196807861,7.927545070648193,140.73936462402344,0.6309197545051575,1,1,0.6309198141098022,0,0
223,294776,-0.8256149291992188,5.604494571685791,326.4733581542969,0.8114714026451111,1,0,153.35498046875,0,1
224,846299,2.721008777618408,-10.245675086975098,96.28138732910156,3.865993022918701,0,0,3.865993022918701,0,1
225,127598,2.9787468910217285,13.674981117248535,298.9586181640625,8.392829895019531,0,0,127.24234008789062,0,0
226,68767,5.8020219802856445,20.75775718688965,361.72802734375,4.955102920532227,0,0,190.16595458984375,0,1
227,202749,10.743718147277832,10.293789863586426,220.78175354003906,1.010820746421814,1,0,48.878318786621094,0,1
228,316282,5.5845232009887695,29.809528350830078,347.5732421875,1.446173071861267,1,0,177.13543701171875,0,1
229,874154,27.347991943359375,-33.74607467651367,-87.67510223388672,0.7706785798072815,1,0,0.7706785798072815,0,1
230,194976,10.282486915588379,-2.4166390895843506,212.75527954101562,0.5708279013633728,1,0,39.391265869140625,0,0
231,939881,-90.97771453857422,5.925491809844971,-133.2466278076172,0.7128117084503174,1,0,41.54212951660156,0,1
232,905158,21.681303024291992,-47.64274597167969,-103.68364715576172,0.8144496083259583,1,0,0.814449667930603,0,1
233,483874,0.8776945471763611,16.510303497314453,20.804983139038086,3.6636624336242676,0,0,3.6636624336242676,0,1
234,787022,-10.439112663269043,4.0888566970825195,89.15971374511719,1.1129003763198853,1,0,1.1129003763198853,1,1
235,179450,-2.2365362644195557,11.067224502563477,189.848876953125,4.228933334350586,0,0,18.846630096435547,0,0
236,502395,2.759338140487671,7.317002773284912,142.22323608398438,1.6205885410308838,0,0,1.6205885410308838,0,1
237,370786,-10.280875205993652,29.47188949584961,344.9833068847656,1.139890432357788,1,0,174.67300415039062,0,0
238,334795,-0.5563271045684814,24.519243240356445,274.75213623046875,1.344910740852356,1,0,104.26686096191406,0,1
239,697638,-42.1674690246582,-36.68645477294922,-55.7031364440918,2.7763688564300537,0,0,2.7763688564300537,0,1
240,250504,-7.87736177444458,-1.286795735359192,236.8556365966797,1.7494292259216309,0,0,63.64617919921875,0,1
241,609658,-25.1436824798584,-17.49397850036621,-25.83614158630371,7.510282039642334,0,0,7.510282039642334,0,1
242,126621,6.551463603973389,6.985697269439697,313.1084289550781,0.8374863862991333,1,0,140.18040466308594,0,1
243,60447,9.383816719055176,12.129173278808594,323.95355224609375,0.9342021346092224,1,0,151.53517150878906,0,0
244,520906,-1.8948463201522827,-3.4292232990264893,95.96095275878906,3.957977056503296,0,0,3.957977056503296,0,0
245,202596,1.8992841243743896,16.915700912475586,215.1665802001953,1.1740293502807617,1,0,44.184051513671875,0,1
246,61297,-13.153225898742676,19.498056411743164,367.93603515625,1.0473780632019043,1,0,196.29701232910156,0,1
247,816310,3.404118299484253,-12.957080841064453,125.3267822265625,5.322296142578125,0,0,5.322296142578125,0,2
248,489731,-6.034111499786377,10.476855278015137,15.699712753295898,3.7694284915924072,0,0,3.7694284915924072,0,1
249,417535,-27.27930450439453,-28.25548553466797,-42.27873992919922,0.9154974818229675,1,0,0.9154974222183228,0,0
250,605994,-28.59455108642578,-27.194442749023438,-32.61520767211914,0.965937077999115,1,0,0.965937077999115,0,1
251,326170,9.393767356872559,18.94752311706543,339.0259094238281,1.7285499572753906,0,0,167.32008361816406,0,1
252,699636,-40.03451919555664,-35.65780258178711,-56.094791412353516,4.881890773773193,0,0,4.881890773773193,0,1
253,280561,3.9398820400238037,19.163679122924805,242.25424194335938,1.1811063289642334,1,0,71.31990051269531,0,0
254,259283,-9.053736686706543,14.029460906982422,248.36631774902344,3.4379143714904785,0,0,76.96965026855469,0,1
255,149596,-8.69036865234375,-4.676535129547119,200.04266357421875,1.7639399766921997,0,0,26.728918075561523,0,0
256,913163,24.25928497314453,-32.63661575317383,-126.17754364013672,1.287635326385498,1,0,1.2876352071762085,0,1
257,339101,2.1739747524261475,23.97077751159668,284.5850524902344,1.840335488319397,0,0,113.94474029541016,0,1
258,904689,18.4113712310791,-54.390716552734375,-104.66143035888672,0.6144134402275085,1,1,0.6144134402275085,0,0
259,316450,-6.979725360870361,29.39377212524414,333.19219970703125,1.889804720878601,0,0,162.93431091308594,0,1
260,32430,34.035396575927734,-19.97262954711914,-128.73365783691406,0.8745168447494507,1,0,7.880222797393799,0,1
261,242810,-8.975794792175293,-9.468165397644043,166.76712036132812,1.1489568948745728,1,0,1.1489568948745728,0,1
262,465693,7.625838279724121,-37.71360397338867,-91.88452911376953,0.736996054649353,1,0,0.736996054649353,0,1
263,695778,-41.57392883300781,-39.3708610534668,-56.17569351196289,2.1946144104003906,0,0,2.1946144104003906,0,1
264,209944,-10.20751667022705,0.03320305421948433,228.51458740234375,1.4350597858428955,1,0,55.54114532470703,0,1
265,519447,7.442290306091309,-5.2396697998046875,88.74684143066406,1.1474136114120483,1,0,1.147413730621338,0,1
266,504525,0.11705009639263153,8.546908378601074,152.8705291748047,1.446009635925293,1,0,1.446009635925293,0,2
267,675758,9.37415599822998,2.304933547973633,-56.554813385009766,3.8760812282562256,0,0,3.8760812282562256,0,1
268,708519,-36.261051177978516,-35.464759826660156,-75.67549133300781,0.7933765649795532,1,0,0.7933765649795532,0,1
269,424480,-30.418262481689453,-23.42828369140625,-52.160552978515625,2.7940783500671387,0,0,2.7940783500671387,0,1
270,285690,-0.8658351302146912,21.21944808959961,239.29244995117188,0.6268776655197144,1,0,68.6663818359375,0,1
271,492303,9.179445266723633,4.404748916625977,6.118347644805908,4.797175407409668,0,0,4.797175407409668,0,1
272,859599,-0.12387529015541077,-8.718950271606445,23.942480087280273,3.465886116027832,0,0,3.465886116027832,0,1
273,253785,-13.168567657470703,7.323654651641846,255.0889892578125,0.9085549116134644,1,0,82.80767059326172,0,1
274,837664,-0.7435830235481262,-19.892805099487305,104.33135223388672,1.9342056512832642,0,0,1.9342056512832642,0,1
275,228633,-10.230802536010742,-6.485978126525879,183.34498596191406,0.8242030739784241,1,0,9.92048168182373,0,1
276,759579,-71.19607543945312,-7.132285118103027,-116.69220733642578,0.632953405380249,1,0,13.093045234680176,0,1
277,73685,7.8324456214904785,26.062549591064453,361.95062255859375,2.594560146331787,0,0,190.9534912109375,0,1
278,793290,-7.568084239959717,-3.0483691692352295,115.64257049560547,0.7569950819015503,1,0,0.7569946646690369,0,1
279,260041,-8.076558113098145,5.718526363372803,253.4356689453125,4.661361217498779,0,0,81.0595474243164,0,1
280,385534,-11.273882865905762,14.54357624053955,291.677001953125,2.6477553844451904,0,0,120.00325775146484,0,1
281,815615,-0.16963230073451996,-10.697422981262207,135.97019958496094,6.790651321411133,0,0,6.790651321411133,0,1
282,225720,11.879886627197266,5.885049819946289,221.5000762939453,0.8563563227653503,1,0,49.05162811279297,1,1
283,240073,9.436373710632324,-7.354664325714111,182.60421752929688,0.740685224533081,1,0,8.886676788330078,0,0
284,856254,-1.0540438890457153,-10.08077335357666,13.72101879119873,2.472792863845825,0,0,2.472792863845825,0,1
285,258436,-8.956048011779785,3.649235486984253,251.21739196777344,3.0712153911590576,0,0,78.54302978515625,0,0
286,721937,-41.194175720214844,-43.42023849487305,-83.38274383544922,0.6189309358596802,1,1,0.6189309358596802,0,0
287,56638,9.83035659790039,15.466265678405762,315.18597412109375,1.4815679788589478,1,0,143.2303924560547,0,1
288,839853,7.070940971374512,-13.639189720153809,103.1268539428711,2.549884557723999,0,0,2.54988431930542,0,0
289,530592,-3.843980550765991,-8.707731246948242,69.04725646972656,10.565167427062988,0,0,10.565167427062988,0,0
290,626975,0.29149651527404785,-4.974051475524902,-17.233179092407227,8.324952125549316,0,0,8.324952125549316,0,0
291,65096,-9.22803020477295,32.93143844604492,359.0945129394531,0.7219079732894897,1,0,189.08389282226562,0,1
292,8973,50.79238510131836,22.127294540405273,-129.182373046875,1.2936334609985352,1,0,53.07856369018555,0,0
293,361278,-2.1177852153778076,11.247737884521484,359.9029541015625,2.008648633956909,0,0,187.2393798828125,0,0
294,68992,-1.920336127281189,35.88158416748047,359.5657958984375,0.6705390214920044,1,0,189.83389282226562,0,0
295,236078,4.8454060554504395,-7.884120941162109,174.1398468017578,3.4138641357421875,0,0,3.416020154953003,0,1
296,817511,3.516873359680176,-15.47814655303955,122.27752685546875,2.8046181201934814,0,0,2.8046183586120605,0,1
297,962048,9.088627815246582,-96.75895690917969,-119.97419738769531,0.8125693798065186,1,0,31.27585220336914,0,2
298,157172,-11.778372764587402,3.4072487354278564,211.0819091796875,1.5325918197631836,0,0,38.655662536621094,0,1
299,949366,-102.83527374267578,17.002107620239258,-141.69651794433594,0.6585511565208435,1,0,59.82157516479492,0,1
300,389724,-4.917778968811035,4.572005271911621,291.6061706542969,2.9435722827911377,0,0,118.6894302368164,0,1
301,325700,8.734288215637207,24.345705032348633,355.7568054199219,2.0222907066345215,0,0,184.5835418701172,0,1
302,112967,11.754069328308105,6.574777126312256,248.76702880859375,0.6272793412208557,1,0,76.2031478881836,0,1
303,879486,24.232961654663086,-31.564241409301758,-86.26116943359375,0.646047055721283,1,0,0.646047055721283,0,1
304,150365,-8.520182609558105,-5.32511568069458,205.1439971923828,1.2793502807617188,1,0,31.681594848632812,0,1
305,822437,-7.584592819213867,-5.335988521575928,146.78082275390625,3.6204519271850586,0,0,3.6204519271850586,0,2
306,913536,26.313955307006836,-32.73489761352539,-124.88655090332031,2.3459603786468506,0,0,2.3459603786468506,0,1
307,4664,54.36410140991211,23.857959747314453,-124.60557556152344,0.5125787258148193,1,0,56.01343536376953,0,1
308,217893,-4.274860382080078,-5.279415607452393,220.08380126953125,1.877282977104187,0,0,46.49652862548828,0,1
309,248283,-12.327775955200195,2.1333227157592773,234.5186309814453,0.7386888265609741,1,0,61.757408142089844,0,0
310,647830,-24.43744659423828,-8.510382652282715,-21.15801429748535,1.7960385084152222,0,0,1.7960385084152222,0,0
311,805038,1.8320719003677368,0.23379801213741302,121.84666442871094,5.54629373550415,0,0,5.546294212341309,0,0
312,670212,26.335861206054688,-10.165159225463867,-67.87355041503906,1.4606494903564453,1,0,1.4606494903564453,0,1
313,927976,13.976119041442871,-57.287899017333984,-115.91398620605469,0.6014276146888733,1,1,0.6014276742935181,1,1
314,457357,15.191191673278809,-40.58742904663086,-80.34364318847656,1.3176257610321045,1,0,1.317625641822815,0,1
315,119336,8.209307670593262,10.70620346069336,250.77662658691406,3.589620351791382,0,0,78.80777740478516,0,1
316,884467,17.0864315032959,-21.861434936523438,-89.88385772705078,0.9248258471488953,1,0,0.9248257875442505,0,1
317,164669,-11.20151138305664,10.931011199951172,227.63275146484375,1.676622748374939,0,0,55.980003356933594,0,1
318,898070,13.139643669128418,-55.67544174194336,-93.90583038330078,1.2417982816696167,1,0,1.2417982816696167,0,1
319,270750,11.187995910644531,2.1604576110839844,233.47042846679688,0.6075124144554138,1,0,60.49520492553711,0,0
320,820616,1.0063369274139404,-15.28773307800293,144.0700225830078,1.3321925401687622,1,0,1.332192301750183,0,2
321,658317,-6.64346981048584,-15.119277000427246,-10.846007347106934,1.5740469694137573,0,0,1.5740469694137573,0,1
322,172308,-1.1078453063964844,9.576492309570312,183.38650512695312,5.124587059020996,0,0,12.818230628967285,0,0
323,161031,-10.768625259399414,7.792665481567383,215.18563842773438,2.2568233013153076,0,0,43.283294677734375,0,1
324,818,57.61566162109375,33.06511306762695,-130.64735412597656,1.0423961877822876,1,0,65.91764068603516,0,1
325,779460,-8.146836280822754,17.009618759155273,37.85683059692383,0.8590261340141296,1,0,0.8590261340141296,0,1
326,18480,44.78343200683594,2.114147663116455,-129.83645629882812,0.6401398777961731,1,0,32.43906784057617,0,0
327,874279,27.234378814697266,-28.90569496154785,-93.02836608886719,2.419266939163208,0,0,2.419266939163208,0,0
328,893313,18.0148868560791,-61.820213317871094,-96.9621810913086,0.7733427286148071,1,0,0.7733427286148071,0,1
329,303427,-10.593121528625488,9.784483909606934,327.7524719238281,0.8526352643966675,1,0,155.21743774414062,0,0
330,10357,50.05670928955078,19.583105087280273,-129.5130157470703,1.2847000360488892,1,0,50.47636032104492,0,0
331,102389,8.514068603515625,10.809277534484863,297.2738037109375,2.423757314682007,0,0,124.92070770263672,0,0
332,54983,5.980504512786865,12.602316856384277,319.52850341796875,4.036781311035156,0,0,147.28506469726562,0,0
333,96149,8.882817268371582,7.28082275390625,284.0131530761719,1.4518600702285767,1,0,111.316650390625,0,1
334,68525,-1.1797497272491455,12.163633346557617,370.8848876953125,1.5075551271438599,0,0,198.23817443847656,0,1
335,17251,46.700496673583984,3.107532262802124,-128.5797119140625,0.6349229216575623,1,0,34.11619567871094,0,0
336,732146,-43.108314514160156,-68.61233520507812,-99.74368286132812,1.741205096244812,0,0,1.741205096244812,0,1
337,436704,-53.53950119018555,-25.912151336669922,-103.71532440185547,1.2368457317352295,1,0,1.2368457317352295,0,1
338,137036,-11.357325553894043,12.959822654724121,309.4677734375,2.2226719856262207,0,0,137.46754455566406,0,1
339,229206,-9.798318862915039,-3.0528714656829834,179.76393127441406,2.43538236618042,0,0,7.152788162231445,0,0
340,696256,-35.64165115356445,-28.472169876098633,-63.135765075683594,1.5592678785324097,0,0,1.5592677593231201,0,1
341,251339,-11.497934341430664,4.201587200164795,244.30911254882812,1.329715371131897,1,0,71.72615051269531,0,0
342,119269,-7.836952209472656,18.20343780517578,257.9230041503906,2.598360776901245,0,0,86.90482330322266,0,1
343,374527,-13.295422554016113,9.359151840209961,274.7369384765625,0.9112158417701721,1,0,102.55866241455078,0,1
344,429124,-40.13311767578125,-15.129081726074219,-47.21749496459961,2.8705859184265137,0,0,2.8705859184265137,0,1
345,567418,-15.307421684265137,-7.410421371459961,70.01737213134766,2.8881778717041016,0,0,2.8881778717041016,0,1
346,203027,0.35229334235191345,17.11517333984375,210.92503356933594,0.9983932375907898,1,0,40.009403228759766,0,2
347,747414,-55.15396499633789,-24.447978973388672,-108.76930236816406,1.745803713798523,0,0,1.745803713798523,0,1
348,837597,-6.24907112121582,-18.151683807373047,106.2854232788086,2.1749637126922607,0,0,2.1749637126922607,0,1
349,333359,8.084226608276367,19.298580169677734,275.3065185546875,1.4742813110351562,1,0,104.11353302001953,0,0
350,591530,15.616827011108398,-28.31197166442871,-59.19974899291992,0.8382974863052368,1,0,0.8382974863052368,0,1
351,267431,-13.098271369934082,11.000006675720215,267.9117431640625,1.0460535287857056,1,0,95.9784164428711,0,1
352,757529,-63.40272903442383,-14.03913402557373,-113.37129211425781,1.5847303867340088,0,0,2.8207778930664062,0,0
353,760599,-74.85646057128906,-9.270277976989746,-121.51213836669922,0.6151079535484314,1,0,16.488094329833984,0,1
354,970638,29.006023406982422,-75.70279693603516,-116.13906860351562,0.7735503315925598,1,0,2.299511194229126,0,0
355,550762,13.929128646850586,-14.28581714630127,-35.190433502197266,4.24025297164917,0,0,4.24025297164917,0,0
356,193013,9.098531723022461,-0.6834433078765869,202.078369140625,2.768334150314331,0,0,29.137632369995117,0,1
357,170184,-5.6919121742248535,5.494843482971191,172.6787872314453,5.2020487785339355,0,0,5.2020487785339355,0,1
358,648326,-17.871736526489258,-19.40675163269043,-14.938522338867188,1.5046746730804443,0,0,1.5046746730804443,0,1
359,755953,-62.91751480102539,-17.178607940673828,-113.73442077636719,1.5954269170761108,0,0,1.6085848808288574,0,0
360,777246,11.245199203491211,0.9590224027633667,52.662357330322266,2.498563528060913,0,0,2.498563528060913,0,2
361,830149,9.873419761657715,-15.711630821228027,109.35120391845703,0.5594792366027832,1,1,0.5594792366027832,0,0
362,228349,-7.130514144897461,-10.689327239990234,175.43418884277344,0.7316203117370605,1,0,1.5207656621932983,0,2
363,33069,34.611698150634766,-20.984655380249023,-124.2618637084961,0.6562792658805847,1,0,7.047513484954834,0,1
364,298440,-6.231487274169922,17.868520736694336,338.01690673828125,7.76665735244751,0,0,166.5112762451172,0,0
365,163895,-10.292167663574219,14.966156959533691,226.5077667236328,0.8129602670669556,1,0,55.31916809082031,0,0
366,92369,9.275871276855469,7.931158065795898,271.66253662109375,2.036803960800171,0,0,99.1406021118164,0,1
367,446331,-44.06064987182617,-38.40921401977539,-96.92249298095703,0.9035913348197937,1,0,0.9035913348197937,0,0
368,788491,-11.893518447875977,-3.800954580307007,98.45104217529297,1.0809065103530884,1,0,1.0809063911437988,0,2
369,672739,25.12529182434082,-10.353315353393555,-57.885009765625,1.5340441465377808,0,0,1.5340440273284912,0,1
370,763171,-74.15214538574219,-5.918851375579834,-123.80839538574219,0.8046960234642029,1,0,19.199329376220703,0,1
371,748375,-56.189937591552734,-25.33853530883789,-109.56163024902344,0.9725176692008972,1,0,0.9725176692008972,0,1
372,351893,-9.954639434814453,22.980894088745117,296.5218505859375,1.4356327056884766,1,0,125.78533935546875,0,0
373,8759,52.682315826416016,22.164396286010742,-125.29859161376953,1.104623556137085,1,0,53.79359436035156,0,0
374,845165,5.28529167175293,-11.073965072631836,98.45938873291016,1.5704584121704102,0,0,1.5704584121704102,0,1
375,290907,7.27426290512085,12.064820289611816,337.82623291015625,1.374763011932373,1,0,165.32359313964844,0,1
376,597264,10.117690086364746,-8.8967866897583,-73.98770141601562,2.7820329666137695,0,0,2.7820329666137695,0,1
377,165481,1.8678492307662964,13.727274894714355,178.53738403320312,0.670772910118103,1,0,7.43010139465332,0,1
378,14263,43.8364372253418,10.54564380645752,-125.73684692382812,0.6241369843482971,1,0,39.521427154541016,1,1
379,249814,-12.815162658691406,5.636378288269043,245.56820678710938,0.7872360944747925,1,0,73.15039825439453,0,0
380,878153,28.479711532592773,-28.13899040222168,-84.56010437011719,0.7954882979393005,1,0,0.7954882979393005,0,0
381,87161,-3.2107081413269043,1.0709363222122192,273.3410339355469,2.0843610763549805,0,0,100.10799407958984,0,1
382,157381,-12.135113716125488,7.875099182128906,206.6834259033203,0.8601669669151306,1,0,34.81119155883789,1,1
383,438287,-52.64984130859375,-28.364898681640625,-106.32135009765625,2.6426851749420166,0,0,2.6426854133605957,0,1
384,316598,9.937989234924316,25.871259689331055,343.9080505371094,0.6302424669265747,1,0,172.98074340820312,0,1
385,59439,9.44906997680664,10.214173316955566,316.68170166015625,0.5669624209403992,1,0,144.08558654785156,0,1
386,289842,-0.5460808873176575,18.881668090820312,219.51229858398438,0.7228935956954956,1,0,48.747642517089844,0,1
387,76943,9.440974235534668,18.715023040771484,361.00872802734375,1.1965842247009277,1,0,189.11134338378906,0,1
388,56744,7.392267227172852,27.471799850463867,329.46038818359375,0.9680286645889282,1,0,158.85220336914062,1,1
389,553434,11.387336730957031,-17.986061096191406,-29.273799896240234,1.1233105659484863,1,0,1.1233105659484863,0,1
390,194569,10.320704460144043,10.502432823181152,210.3759765625,0.9271857738494873,1,0,38.577030181884766,0,0
391,198984,10.77175235748291,3.7732152938842773,215.90553283691406,1.6206766366958618,0,0,43.276493072509766,0,1
392,374998,-7.550076961517334,19.459129333496094,268.2977600097656,2.8684680461883545,0,0,97.3555908203125,0,2
393,305242,-12.161275863647461,16.389667510986328,330.8348083496094,1.9666147232055664,0,0,159.09036254882812,0,1
394,121247,10.884966850280762,4.446556568145752,245.40968322753906,0.869620680809021,1,0,72.62890625,0,1
395,251667,-12.110198974609375,6.48792028427124,245.90966796875,1.3230270147323608,1,0,73.59175109863281,0,0
396,40663,-5.288207054138184,28.0605525970459,303.0860900878906,0.757312536239624,1,0,132.85939025878906,0,1
397,942835,-91.73152160644531,14.353041648864746,-136.91787719726562,0.7645361423492432,1,0,48.89751434326172,0,0
398,438239,-50.6541633605957,-33.846797943115234,-104.03978729248047,0.8549401164054871,1,0,0.8549401164054871,0,0
399,827519,-5.220919609069824,-10.985451698303223,154.03302001953125,1.8983532190322876,0,0,1.898353099822998,0,1
400,106434,2.268059253692627,22.43606948852539,260.70654296875,0.9176154136657715,1,0,90.04391479492188,0,1
401,570443,-17.87892723083496,-4.603023529052734,84.10652923583984,0.7831425666809082,1,0,0.7831425666809082,0,2
402,425443,-25.096696853637695,-13.05182933807373,-42.48471450805664,0.942361056804657,1,0,0.9423609972000122,0,0
403,968346,24.364675521850586,-79.84478759765625,-114.50927734375,0.5054428577423096,1,0,7.8565802574157715,0,0
404,631148,-0.9876340627670288,-17.198650360107422,-12.413573265075684,0.7201356887817383,1,0,0.7201356887817383,0,1
405,236948,6.897229194641113,-6.084583759307861,175.88067626953125,3.424476385116577,0,0,4.173791885375977,0,1
406,188574,8.622000694274902,11.210065841674805,192.26449584960938,0.9181672930717468,1,0,20.696950912475586,0,0
407,502126,-3.488888740539551,8.239747047424316,148.90692138671875,1.0482701063156128,1,0,1.0482702255249023,0,1
408,818751,10.55016040802002,-4.986643314361572,147.82347106933594,3.156160831451416,0,0,3.156160831451416,0,1
409,490437,3.552342414855957,9.747312545776367,9.61263656616211,9.27246379852295,0,0,9.27246379852295,0,2
410,241979,10.602031707763672,-4.428858280181885,185.72720336914062,0.9841033816337585,1,0,12.335967063903809,0,1
411,671331,10.41695499420166,1.7500665187835693,-61.495025634765625,2.728590965270996,0,0,2.728590965270996,0,2
412,130301,-4.183976173400879,4.323202610015869,306.4411315917969,1.3699666261672974,1,0,133.35113525390625,0,0
413,226232,10.899730682373047,0.848049521446228,230.39193725585938,0.6211581230163574,1,0,57.28479766845703,0,0
414,451751,-42.99139404296875,-41.66652297973633,-92.05355834960938,1.328252911567688,1,0,1.328252911567688,0,1
415,330691,4.950888156890869,9.74036693572998,342.46044921875,0.8936454653739929,1,0,169.66529846191406,0,2
416,562303,-17.475139617919922,5.457498550415039,65.9840087890625,0.9118099808692932,1,0,0.9118099808692932,0,1
417,409791,1.684749722480774,-4.38419771194458,-21.682926177978516,7.0782060623168945,0,0,7.0782060623168945,0,0
418,313753,4.851917743682861,30.382749557495117,338.6949768066406,0.9937697649002075,1,0,168.39199829101562,0,0
419,172746,-11.970126152038574,5.21907377243042,182.4879150390625,0.9120862483978271,1,0,10.48653507232666,0,2
420,264468,-8.836926460266113,1.9881511926651,262.4833068847656,1.4443233013153076,1,0,89.47933959960938,0,0
421,626394,3.1029653549194336,-12.83495044708252,-18.38840675354004,0.9365627765655518,1,0,0.9365627765655518,0,1
422,729902,-49.23745346069336,-69.32781982421875,-98.60541534423828,0.6320188641548157,1,1,0.6320188641548157,0,0
423,481675,6.7595133781433105,19.96981430053711,9.779645919799805,1.1123600006103516,1,0,1.1123600006103516,0,1
424,39458,29.009668350219727,-26.95146369934082,-128.74436950683594,0.8834981918334961,1,0,0.8834981918334961,0,1
425,265027,-7.223927974700928,0.18709199130535126,267.7919921875,0.9760302305221558,1,0,94.51087188720703,0,1
426,86540,2.98016619682312,0.6127849817276001,278.6621398925781,0.5820460915565491,1,0,105.25614166259766,0,0
427,91901,8.763436317443848,5.298926830291748,281.9950866699219,0.7962570190429688,1,0,109.06918334960938,0,1
428,667568,25.43168830871582,-10.02392578125,-73.9842758178711,2.568124294281006,0,0,2.568124294281006,0,1
429,85498,-6.845338821411133,1.261513590812683,268.5940856933594,1.6322556734085083,0,0,95.44190216064453,0,1
430,328452,9.998693466186523,17.0424861907959,355.0550537109375,0.6086070537567139,1,0,182.9925079345703,0,0
431,257445,-1.8958154916763306,-3.342750072479248,240.90748596191406,1.781709909439087,0,0,67.36674499511719,0,1
432,463172,15.421160697937012,-43.991695404052734,-85.08818817138672,2.1841135025024414,0,0,2.1841135025024414,0,2
433,641983,7.281717777252197,16.44461441040039,3.539496660232544,1.905060052871704,0,0,1.905060052871704,0,1
434,585354,25.17494773864746,-21.46998405456543,-75.05071258544922,4.388818740844727,0,0,4.388818740844727,0,1
435,708092,-47.9564208984375,-32.74998092651367,-67.41031646728516,0.824915885925293,1,0,0.824915885925293,0,1
436,840864,5.76801872253418,-14.8516845703125,99.76515197753906,0.9150726199150085,1,0,0.9150723218917847,0,0
437,635505,9.775540351867676,8.575604438781738,-12.90700626373291,1.8907016515731812,0,0,1.8907016515731812,0,1
438,50307,-2.2194769382476807,31.37563133239746,325.0718994140625,0.7093551754951477,1,0,155.0534210205078,0,1
439,352625,-2.1170811653137207,7.890954971313477,343.3561706542969,0.7964280247688293,1,0,170.40223693847656,0,1
440,173409,1.3619885444641113,6.349137783050537,182.200927734375,7.217765808105469,0,0,12.498160362243652,0,1
441,203391,1.968682050704956,17.97210693359375,218.8994598388672,0.7606927156448364,1,0,48.00656509399414,0,1
442,352716,-3.6946702003479004,8.019460678100586,346.0467529296875,0.7870109677314758,1,0,173.10284423828125,1,1
443,710757,-44.79555130004883,-39.59666061401367,-76.95621490478516,2.03627347946167,0,0,2.03627347946167,0,1
444,284739,-5.583924770355225,19.25364112854004,235.89767456054688,1.0112452507019043,1,0,65.1092529296875,0,1
445,437862,-50.655155181884766,-28.251136779785156,-108.96150970458984,0.6040298342704773,1,1,0.6040298938751221,0,0
446,300183,-6.598560333251953,23.903425216674805,332.00347900390625,6.149005889892578,0,0,161.20050048828125,0,1
447,869138,11.500937461853027,1.666746973991394,41.063011169433594,1.9515355825424194,0,0,1.951535701751709,0,2
448,807279,5.421628475189209,3.2606935501098633,126.94418334960938,4.042441368103027,0,0,4.042441368103027,0,1
449,375555,-11.874578475952148,9.253552436828613,270.4319152832031,1.7539446353912354,0,0,98.27002716064453,0,1
450,65667,-7.329257011413574,34.41032409667969,358.4494934082031,0.6454502940177917,1,0,188.60198974609375,0,1
451,283650,-1.978798747062683,19.445117950439453,233.01023864746094,1.2906005382537842,1,0,62.2385139465332,0,1
452,704943,-39.490543365478516,-21.706947326660156,-57.618221282958984,2.166548728942871,0,0,2.166548728942871,0,1
453,73827,-3.497195243835449,34.50666809082031,354.8779296875,1.046879768371582,1,0,185.03176879882812,0,1
454,587706,23.24213981628418,-21.08677864074707,-64.59856414794922,1.2627654075622559,1,0,1.2627654075622559,0,1
455,331088,0.9491143226623535,7.949242115020752,342.06365966796875,0.6355181932449341,1,0,169.09584045410156,0,1
456,431991,-42.89085388183594,-18.153060913085938,-50.208534240722656,2.150998592376709,0,0,2.150998830795288,0,1
457,675263,16.763805389404297,2.155287265777588,-54.82628631591797,2.1051595211029053,0,0,2.1051595211029053,0,1
458,255718,-3.1437411308288574,-3.6353578567504883,241.04905700683594,1.4082964658737183,1,0,67.47652435302734,0,1
459,838877,-7.168025493621826,-20.94033432006836,98.98988342285156,0.730205237865448,1,0,0.7302052974700928,0,1
460,173774,-2.0937516689300537,15.35344123840332,190.93942260742188,0.6847582459449768,1,0,19.973569869995117,0,0
461,657667,-11.416460037231445,-4.29320764541626,-4.282431125640869,0.7758861780166626,1,0,0.7758861780166626,1,1
462,462878,22.983882904052734,-40.967411041259766,-82.26213073730469,1.4968922138214111,1,0,1.4968922138214111,0,1
463,343614,6.906275749206543,24.490671157836914,296.7919921875,0.6819559335708618,1,0,126.06793212890625,0,1
464,842440,-7.748600482940674,-11.285886764526367,104.36317443847656,4.846307277679443,0,0,4.846307277679443,0,1
465,634977,13.577714920043945,-5.178930282592773,-8.631406784057617,1.0013866424560547,1,0,1.0013866424560547,1,1
466,553090,-4.421327590942383,-9.512173652648926,-61.76130294799805,1.0288574695587158,1,0,1.0288574695587158,0,2
467,438555,-51.60518264770508,-30.92764663696289,-105.41094970703125,1.7950944900512695,0,0,1.7950944900512695,0,1
468,24801,41.55083084106445,-7.438597202301025,-127.66287994384766,0.7659493088722229,1,0,22.366437911987305,0,0
469,450191,-43.92485046386719,-47.250732421875,-93.71915435791016,0.5561847686767578,1,1,0.5561847686767578,0,1
470,851505,-12.908831596374512,-1.0253976583480835,18.464393615722656,1.2183890342712402,1,0,1.2183892726898193,0,1
471,80183,9.810330390930176,28.32134246826172,368.04241943359375,0.6992020010948181,1,0,197.2344970703125,0,1
472,910133,14.644140243530273,-55.2780647277832,-107.5665054321289,1.7788950204849243,0,0,1.7788950204849243,0,0
473,852632,-11.150018692016602,3.862194776535034,16.871145248413086,3.142094612121582,0,0,3.142094612121582,0,1
474,594951,9.711958885192871,-23.064388275146484,-66.23938751220703,4.044994831085205,0,0,4.044994831085205,0,1
475,962655,8.008430480957031,-98.61318969726562,-121.9303207397461,1.4974007606506348,1,0,33.77982711791992,0,3
476,493416,-3.3227124214172363,6.355910778045654,6.645691871643066,7.559767723083496,0,0,7.559767723083496,0,1
477,679919,25.37472152709961,-13.471312522888184,-48.130126953125,1.0607905387878418,1,0,1.0607905387878418,0,1
478,862842,-6.060917854309082,-11.187178611755371,37.771060943603516,2.408850908279419,0,0,2.408850908279419,0,1
479,153052,-0.47008225321769714,-7.702261447906494,207.4090576171875,1.485136866569519,1,0,33.58048629760742,0,1
480,354595,-1.7446268796920776,11.2034330368042,349.6608581542969,3.0917277336120605,0,0,177.07833862304688,0,1
481,259542,-10.061875343322754,17.732280731201172,254.00054931640625,1.183451533317566,1,0,82.94503784179688,0,1
482,381761,-5.573992729187012,1.1257061958312988,285.8765869140625,0.7036648988723755,1,0,112.56084442138672,0,0
483,812256,8.907912254333496,-13.953182220458984,126.56957244873047,1.587751030921936,0,0,1.5877511501312256,0,0
484,367353,-12.309059143066406,23.931812286376953,352.4383544921875,2.1610474586486816,0,0,181.4417724609375,0,1
485,148522,-10.018474578857422,-4.75588846206665,204.08441162109375,0.9900389909744263,1,0,30.698509216308594,0,0
486,820918,-8.527459144592285,-2.5692930221557617,141.82691955566406,3.1832358837127686,0,0,3.1832358837127686,0,1
487,417764,-31.299633026123047,-29.72972297668457,-41.59714126586914,1.1319599151611328,1,0,1.1319600343704224,0,0
488,516544,9.316251754760742,-5.803994178771973,159.869384765625,3.4735629558563232,0,0,3.473562717437744,0,2
489,80050,9.416585922241211,17.336299896240234,367.7391052246094,0.6400616765022278,1,0,195.6257781982422,0,2
490,103698,11.358577728271484,7.27114200592041,267.47454833984375,0.5045003294944763,1,0,94.86297607421875,0,1
491,334775,9.1085786819458,19.69516944885254,279.576416015625,0.8865620493888855,1,0,108.3839111328125,0,0
492,979857,-53.14643096923828,-93.28355407714844,-100.08972930908203,0.5813003778457642,1,0,10.226608276367188,0,2
493,30985,32.959938049316406,-17.463790893554688,-125.97109985351562,2.5594794750213623,0,0,9.894892692565918,0,1
494,232015,0.784694492816925,-12.597784042358398,176.52951049804688,0.6490796208381653,1,0,2.3660354614257812,0,0
495,287116,1.6014012098312378,21.61412239074707,250.19923400878906,0.8507835865020752,1,0,79.51930236816406,0,0
496,38895,29.474166870117188,-29.88775634765625,-129.01222229003906,0.5731643438339233,1,1,0.5731644034385681,0,1
497,227545,-11.096720695495605,-6.3893585205078125,176.39852905273438,0.8199187517166138,1,0,3.043254852294922,0,1
498,951770,30.00718116760254,-72.48247528076172,-115.3144760131836,0.7804256081581116,1,0,0.7804256081581116,0,0
499,37657,25.27809715270996,-28.284523010253906,-127.33802032470703,0.6044076681137085,1,1,0.6044076085090637,0,1
500,170182,-4.51460599899292,4.204946041107178,174.52247619628906,7.067930698394775,0,0,7.440524101257324,0,1
501,326018,5.89592981338501,14.591085433959961,347.3698425292969,3.03777813911438,0,0,175.1351318359375,0,0
502,321764,10.622878074645996,20.47357177734375,338.8876647949219,0.8950018286705017,1,0,167.3453369140625,0,1
503,523997,7.524199485778809,-14.217509269714355,78.32667541503906,0.9261025786399841,1,0,0.9261025786399841,0,1
504,79022,7.649949073791504,14.35677719116211,364.172119140625,0.8585370182991028,1,0,191.74632263183594,1,1
505,524269,6.1437602043151855,-0.9702156186103821,83.71784973144531,2.8685991764068604,0,0,2.8685991764068604,0,1
506,676060,7.657711029052734,4.987644195556641,-51.264068603515625,1.0923489332199097,1,0,1.0923489332199097,0,1
507,136204,-12.146048545837402,10.769638061523438,311.8288879394531,0.9628925323486328,1,0,139.54217529296875,0,1
508,285047,-12.280200004577637,11.938166618347168,238.72010803222656,0.9046826362609863,1,0,67.10346984863281,0,0
509,882418,23.730302810668945,-29.360532760620117,-86.04359436035156,0.5767428874969482,1,1,0.576742947101593,0,0
510,546659,-0.9679092168807983,-10.29698657989502,-50.157291412353516,7.750721454620361,0,0,7.750721454620361,0,1
511,229516,-7.119691848754883,-8.142107009887695,174.10560607910156,2.305237293243408,0,0,2.3103389739990234,0,1
512,530833,4.305388927459717,-14.814455032348633,69.14070129394531,3.3060524463653564,0,0,3.3060524463653564,0,2
513,646093,-25.95721435546875,-7.813514709472656,-22.129995346069336,1.0878465175628662,1,0,1.0878465175628662,0,0
514,520362,5.958939075469971,-8.32870101928711,88.69650268554688,2.495671272277832,0,0,2.495671272277832,0,1
515,973123,-3.0604262351989746,-110.75273895263672,-124.06599426269531,0.801832914352417,1,0,50.25334167480469,0,1
516,962872,8.785063743591309,-98.01386260986328,-121.79133605957031,1.5212913751602173,0,0,32.812713623046875,0,2
517,128855,-1.010305404663086,5.433808326721191,308.8326721191406,2.279545307159424,0,0,135.8394775390625,0,0
518,241969,9.954727172851562,-4.181460857391357,189.656005859375,1.295037865638733,1,0,16.301698684692383,0,1
519,84932,0.5756022930145264,0.0126069700345397,272.9361267089844,1.1589168310165405,1,0,99.52633666992188,0,1
520,451681,-39.78880310058594,-39.721683502197266,-98.44622802734375,1.3793636560440063,1,0,1.3793636560440063,0,0
521,526489,0.09911061823368073,-12.557357788085938,79.69147491455078,6.646690368652344,0,0,6.646690368652344,0,1
522,201091,-4.519381999969482,12.149012565612793,204.4739990234375,4.089583396911621,0,0,33.288143157958984,0,2
523,144081,-9.320605278015137,29.04086685180664,329.644287109375,1.0104488134384155,1,0,159.38192749023438,0,2
524,259659,-3.8375449180603027,-2.9093213081359863,254.6853485107422,0.5375024080276489,1,0,81.095703125,0,1
525,58505,9.225278854370117,20.723331451416016,321.2152404785156,1.7367069721221924,0,0,149.85350036621094,0,0
526,541737,1.8190193176269531,-25.504928588867188,-52.34624481201172,3.0429704189300537,0,0,3.0429704189300537,0,1
527,723386,-44.239356994628906,-42.169158935546875,-84.46263122558594,0.5877442955970764,1,1,0.5877442955970764,0,0
528,577398,-17.0501651763916,-9.680644989013672,86.71863555908203,1.7078040838241577,0,0,1.7078040838241577,0,1
529,228587,-11.545194625854492,-4.478688716888428,182.99136352539062,0.5959325432777405,1,0,9.808469772338867,0,0
530,443059,-44.514652252197266,-35.46889114379883,-97.84088897705078,0.6012172698974609,1,1,0.6012173295021057,0,0
531,683428,18.015830993652344,-4.101450443267822,-35.86677169799805,1.4183905124664307,1,0,1.4183905124664307,0,1
532,939283,-89.20457458496094,10.66881275177002,-134.3022918701172,1.4603486061096191,1,0,43.82276153564453,0,1
533,461601,12.770776748657227,-36.832435607910156,-84.3670425415039,3.189488410949707,0,0,3.189488410949707,0,1
534,99605,6.796139240264893,7.40900182723999,291.673583984375,2.4250848293304443,0,0,118.97273254394531,0,1
535,833582,9.957868576049805,-10.42081356048584,108.29586791992188,1.6757346391677856,0,0,1.6757346391677856,0,1
536,93669,-2.491011619567871,0.7141013145446777,286.43988037109375,0.7604394555091858,1,0,113.0424575805664,0,0
537,890226,15.686491012573242,-19.384611129760742,-83.86720275878906,2.550938367843628,0,0,2.550938367843628,0,1
538,298810,-4.404271602630615,10.84260082244873,338.31976318359375,3.9100453853607178,0,0,165.81964111328125,0,1
539,582800,16.048994064331055,-26.83640480041504,-72.88549041748047,0.6080776453018188,1,1,0.6080776453018188,0,1
540,8305,52.378944396972656,21.112825393676758,-130.3236846923828,0.9705573320388794,1,0,52.86966323852539,0,0
541,506243,-11.146784782409668,1.0301461219787598,157.70130920410156,1.1846821308135986,1,0,1.1846818923950195,0,2
542,649135,-16.539052963256836,-7.6691999435424805,-13.796948432922363,0.9059585928916931,1,0,0.9059585332870483,0,0
543,797125,11.728904724121094,-0.980772852897644,115.40489959716797,0.8057220578193665,1,0,0.8057220578193665,0,1
544,116741,-2.2668755054473877,20.137121200561523,255.0242156982422,3.1401028633117676,0,0,84.22491455078125,0,0
545,802970,-5.045987606048584,0.6858516335487366,122.4836196899414,2.87459659576416,0,0,2.874596357345581,0,1
546,934802,-83.86145782470703,5.302245140075684,-126.60298919677734,0.6223408579826355,1,0,33.414363861083984,0,0
547,69603,-2.147529125213623,36.673152923583984,368.2206115722656,0.7631308436393738,1,0,198.52305603027344,0,0
548,468069,8.981706619262695,-34.53557205200195,-96.82134246826172,0.8937135338783264,1,0,0.8937135934829712,0,1
549,860128,5.283315181732178,-9.0294828414917,21.377511978149414,1.6472538709640503,0,0,1.6472538709640503,0,0
550,598391,22.203575134277344,-19.49879264831543,-45.574729919433594,1.1310474872589111,1,0,1.1310476064682007,0,1
551,634234,-1.8999342918395996,-9.252307891845703,-1.023392915725708,5.596519470214844,0,0,5.596519470214844,0,1
552,236862,3.51310396194458,-9.22111701965332,179.64341735839844,2.272939443588257,0,0,6.188695907592773,0,1
553,693892,-40.97948455810547,-40.613468170166016,-54.71956253051758,0.9710433483123779,1,0,0.9710432887077332,0,1
554,741597,-33.77507019042969,-51.42348098754883,-86.23289489746094,0.5847076773643494,1,1,0.5847076773643494,0,1
555,443404,-42.6612434387207,-33.87340545654297,-99.56983184814453,0.6567897796630859,1,0,0.6567898392677307,0,1
556,882873,18.960430145263672,-15.77053165435791,-88.23223876953125,0.9684756994247437,1,0,0.9684756994247437,0,0
557,39614,26.296070098876953,-29.709800720214844,-127.0582275390625,1.5710794925689697,0,0,1.5710794925689697,0,1
558,937704,-83.7586898803711,5.145962238311768,-132.33079528808594,0.5784932374954224,1,0,36.08631134033203,0,1
559,943836,-92.83125305175781,13.90294361114502,-139.1811981201172,0.5706374049186707,1,0,50.43460464477539,0,0
560,329034,8.648122787475586,13.708622932434082,347.58154296875,0.8225395083427429,1,0,175.18788146972656,0,0
561,794866,-4.300751209259033,-8.342072486877441,108.19230651855469,6.267663478851318,0,0,6.267663478851318,0,1
562,857115,-11.789109230041504,-5.599061489105225,32.277435302734375,1.7398589849472046,0,0,1.7398589849472046,0,1
563,452534,-40.92146301269531,-43.457069396972656,-99.01183319091797,1.2653900384902954,1,0,1.2653900384902954,0,0
564,904329,16.78167152404785,-45.30290985107422,-99.93690490722656,2.8538224697113037,0,0,2.8538224697113037,0,1
565,25336,40.368499755859375,-8.691697120666504,-125.61015319824219,1.0142332315444946,1,0,20.668426513671875,0,0
566,541695,-0.5187288522720337,-24.450756072998047,-59.220123291015625,1.876563549041748,0,0,1.876563549041748,0,1
567,757626,-68.46546936035156,-10.886818885803223,-119.92622375488281,0.6340148448944092,1,0,10.717000961303711,0,1
568,394934,8.800155639648438,3.8594062328338623,-43.27900314331055,1.2156850099563599,1,0,1.2156850099563599,0,2
569,334469,-4.2217698097229,24.542484283447266,271.04425048828125,0.6892473697662354,1,0,100.61883544921875,0,1
570,609767,-23.31809425354004,-26.40985679626465,-32.06609344482422,1.2959189414978027,1,0,1.2959189414978027,0,2
571,542409,-2.471024751663208,-22.191940307617188,-54.48078918457031,2.479389190673828,0,0,2.479389190673828,0,1
572,530919,-1.8389006853103638,-18.840442657470703,77.08219146728516,1.0553730726242065,1,0,1.0553730726242065,0,1
573,306079,-12.868512153625488,20.789472579956055,339.2882385253906,1.7027181386947632,0,0,168.01182556152344,0,1
574,787121,-6.992791175842285,2.9958460330963135,93.476806640625,0.9551335573196411,1,0,0.9551335573196411,0,1
575,671018,24.239566802978516,-6.81373929977417,-59.0494499206543,1.6459161043167114,0,0,1.6459159851074219,0,0
576,99368,9.485639572143555,7.612013339996338,294.9641418457031,0.6690124273300171,1,0,122.21334838867188,0,0
577,216517,8.792616844177246,7.755029678344727,229.17416381835938,3.206768751144409,0,0,57.0150260925293,0,0
578,691162,-47.90189743041992,-38.0308723449707,-65.1213607788086,1.1224734783172607,1,0,1.1224734783172607,0,0
579,814592,-2.89829683303833,-4.551232814788818,129.17271423339844,8.476911544799805,0,0,8.476911544799805,0,2
580,303940,-9.800921440124512,20.963762283325195,342.6781311035156,4.6230034828186035,0,0,171.4226531982422,0,0
581,392971,-0.06719645857810974,2.5908172130584717,300.673828125,0.9067695736885071,1,0,127.37377166748047,0,1
582,955688,34.653133392333984,-66.07965850830078,-106.84306335449219,0.7184073328971863,1,0,0.7184073328971863,0,1
583,264813,-12.646398544311523,8.376194953918457,264.5050048828125,1.0441112518310547,1,0,92.27958679199219,0,1
584,77499,0.7984001040458679,29.318124771118164,350.0202331542969,4.302670478820801,0,0,179.5988006591797,0,0
585,488676,-8.888607025146484,12.337227821350098,17.05278205871582,1.1268044710159302,1,0,1.1268044710159302,0,1
586,468884,23.606409072875977,-44.1345329284668,-88.52642059326172,0.9934049248695374,1,0,0.9934049248695374,0,1
587,606123,-31.46146583557129,-9.638753890991211,-39.38762664794922,1.4168812036514282,1,0,1.4168810844421387,0,0
588,644258,-27.621152877807617,-10.553730964660645,-19.44921875,1.1157817840576172,1,0,1.1157817840576172,0,0
589,678965,14.342646598815918,-1.4533401727676392,-44.31410217285156,5.336075782775879,0,0,5.336075782775879,0,1
590,52938,10.935012817382812,17.002111434936523,300.7365417480469,0.9023205041885376,1,0,129.05154418945312,0,1
591,615625,-19.239843368530273,-17.332965850830078,-36.217403411865234,1.2881884574890137,1,0,1.2881884574890137,0,1
592,957574,29.129777908325195,-65.10638427734375,-100.71027374267578,0.6152050495147705,1,1,0.6152050495147705,0,0
593,661347,-9.170463562011719,-9.56269645690918,-2.2502870559692383,0.8300650715827942,1,0,0.8300650715827942,0,1
594,782530,-10.62215805053711,12.866540908813477,34.7845573425293,1.647763729095459,0,0,1.647763729095459,0,2
595,451394,-38.06577682495117,-42.36132049560547,-94.59654235839844,0.627113401889801,1,1,0.6271134614944458,0,0
596,414269,7.289481163024902,9.495370864868164,-15.708930969238281,2.149143934249878,0,0,2.149143934249878,0,1
597,604202,-34.25044250488281,-15.129382133483887,-32.80569076538086,2.5109078884124756,0,0,2.5109078884124756,0,1
598,606600,-32.10614776611328,-15.598858833312988,-27.478382110595703,2.408695936203003,0,0,2.408695936203003,0,1
599,401751,10.162256240844727,0.7636679410934448,-22.8695011138916,0.7184794545173645,1,0,0.7184795141220093,0,0
600,431799,-35.453304290771484,-20.60810661315918,-56.224464416503906,1.0447313785552979,1,0,1.0447314977645874,0,0
601,537165,2.8474791049957275,-11.165562629699707,52.36970520019531,3.509463310241699,0,0,3.509463310241699,0,2
602,70109,-2.0561249256134033,29.10362434387207,355.2140808105469,6.254764080047607,0,0,184.81039428710938,0,1
603,911968,29.189722061157227,-32.94167709350586,-124.31289672851562,0.640433669090271,1,0,0.640433669090271,0,1
604,570178,-10.255653381347656,-10.399969100952148,67.3609390258789,5.398772716522217,0,0,5.398772716522217,0,1
605,857389,-10.68053913116455,-9.484153747558594,36.5201416015625,0.9725959897041321,1,0,0.9725960493087769,0,1
606,245628,-1.5011645555496216,-12.113983154296875,171.46766662597656,1.284522533416748,1,0,1.2845224142074585,0,1
607,766214,-79.99853515625,-2.839860677719116,-124.6776123046875,1.5906422138214111,0,0,25.184228897094727,0,0
608,692059,-37.38682174682617,-34.7899055480957,-68.43574523925781,2.7892141342163086,0,0,2.7892141342163086,0,0
609,750941,-59.91544723510742,-22.212486267089844,-109.88150787353516,1.6390368938446045,0,0,1.639036774635315,0,0
610,512793,2.6738505363464355,7.179187774658203,162.2763214111328,4.53712272644043,0,0,4.53712272644043,0,2
611,393465,-11.16632080078125,11.038143157958984,303.6426086425781,2.004469871520996,0,0,131.4502410888672,0,0
612,350180,0.48800384998321533,23.752023696899414,297.70556640625,4.016761302947998,0,0,127.01173400878906,0,1
613,208,59.60824966430664,30.76583480834961,-129.82968139648438,0.6398273706436157,1,0,64.66104125976562,0,1
614,378478,-10.911299705505371,4.643846035003662,280.3046569824219,0.7594489455223083,1,0,107.49974822998047,0,0
615,36878,27.46834945678711,-26.05647850036621,-123.41707611083984,0.580030620098114,1,1,0.580030620098114,0,0
616,622424,-3.8111109733581543,-12.090681076049805,-28.31683349609375,2.4961211681365967,0,0,2.4961211681365967,0,0
617,715102,-38.676795959472656,-46.97458267211914,-71.6566162109375,2.813528060913086,0,0,2.813528060913086,0,1
618,52147,3.105633497238159,29.544931411743164,323.8784484863281,0.9529953002929688,1,0,153.5989532470703,0,2
619,52524,8.79043197631836,18.58859634399414,311.025634765625,2.3614821434020996,0,0,139.49722290039062,0,1
620,972535,-2.127126932144165,-112.54450225830078,-124.29802703857422,0.7010987997055054,1,0,51.02704620361328,0,1
621,395975,16.27500343322754,-0.043159857392311096,-36.46041488647461,1.072985053062439,1,0,1.072985291481018,0,1
622,986477,-60.67257308959961,-115.05628967285156,-105.61478424072266,0.37951910495758057,1,0,33.87637710571289,0,2
623,206191,-4.263180255889893,17.232046127319336,215.0146484375,0.9433205127716064,1,0,44.123626708984375,0,1
624,166889,-1.075950026512146,9.201478004455566,175.76841735839844,4.6080145835876465,0,0,6.154099464416504,0,2
625,25604,40.56842803955078,-7.332808971405029,-124.41340637207031,0.7259981632232666,1,0,21.93328285217285,0,0
626,622034,-9.88000774383545,-11.516840934753418,-19.28143882751465,4.579981327056885,0,0,4.579981327056885,0,0
627,698934,-41.4615478515625,-34.106468200683594,-48.66290283203125,0.8946252465248108,1,0,0.8946252465248108,0,1
628,414419,-3.7799713611602783,2.25640869140625,-13.351893424987793,5.225834369659424,0,0,5.225834369659424,0,1
629,112357,6.85208797454834,5.397007465362549,263.9930419921875,3.459184408187866,0,0,91.2913818359375,0,1
630,829553,-1.8205463886260986,-20.107378005981445,114.25720977783203,0.9857741594314575,1,0,0.9857738018035889,0,1
631,712707,-42.16522979736328,-44.380672454833984,-75.14289855957031,5.527035236358643,0,0,5.527035236358643,0,0
632,937338,-89.633544921875,5.942218780517578,-132.25442504882812,1.309529423713684,1,0,40.23224639892578,0,1
633,402193,8.818988800048828,-5.55912971496582,-29.588478088378906,4.477741718292236,0,0,4.477741718292236,0,2
634,938539,-89.91532135009766,4.985173225402832,-130.4520721435547,0.5348353981971741,1,0,38.92915344238281,0,1
635,19837,43.282169342041016,0.8588661551475525,-126.35025787353516,2.302556276321411,0,0,30.632369995117188,0,0
636,603058,-36.42863082885742,-18.66779899597168,-32.968997955322266,1.603986382484436,0,0,1.603986382484436,0,1
637,85321,2.7217750549316406,2.898574113845825,269.6641845703125,3.391629934310913,0,0,96.65603637695312,0,0
638,424021,-34.82180404663086,-31.78545379638672,-49.84566879272461,4.322049617767334,0,0,4.322049617767334,0,0
639,707044,-40.26074981689453,-34.372745513916016,-74.0481948852539,3.022920846939087,0,0,3.022920846939087,0,1
640,189189,11.604329109191895,6.429418563842773,201.94113159179688,0.9714553356170654,1,0,29.70371437072754,0,0
641,408679,-7.261905670166016,-10.04654312133789,-31.030376434326172,1.329910397529602,1,0,1.329910397529602,0,1
642,509289,1.6364856958389282,8.259610176086426,158.0270538330078,2.7141263484954834,0,0,2.7141263484954834,0,2
643,951636,32.83304214477539,-72.29296875,-114.67646789550781,0.6876173615455627,1,0,0.6876173615455627,0,1
644,56181,8.832696914672852,25.43648338317871,326.1679992675781,0.7425477504730225,1,0,155.3270263671875,0,1
645,32338,31.583209991455078,-20.94711685180664,-124.33955383300781,1.542955756187439,0,0,5.973034381866455,0,1
646,975116,4.985928058624268,-105.35493469238281,-123.3448715209961,0.6362051963806152,1,0,40.95750427246094,0,2
647,567422,-13.27337646484375,-6.751886367797852,67.92153930664062,4.543191432952881,0,0,4.543191909790039,0,1
648,965992,17.686861038208008,-88.95310974121094,-117.9558334350586,1.0584226846694946,1,0,19.59749984741211,0,1
649,607703,-28.343597412109375,-18.665088653564453,-30.665855407714844,7.119229793548584,0,0,7.119229793548584,0,1
650,537638,9.153514862060547,-7.163704872131348,47.104740142822266,2.329566240310669,0,0,2.329566240310669,0,1
651,519299,5.019970417022705,-3.871366262435913,91.21959686279297,1.7972429990768433,0,0,1.7972429990768433,0,1
652,981681,-56.38401412963867,-98.6202163696289,-102.47542572021484,0.6172280311584473,1,0,16.62296485900879,0,1
653,89233,-5.551304340362549,0.4282940626144409,280.70361328125,0.7198503017425537,1,0,107.34162902832031,0,0
654,68995,-3.6386027336120605,35.605072021484375,360.2876281738281,0.7669467329978943,1,0,190.53379821777344,0,1
655,417268,-27.76731300354004,-27.5904541015625,-47.676361083984375,1.732171893119812,0,0,1.732171893119812,0,1
656,383669,-9.424660682678223,17.244382858276367,285.4598693847656,3.961282968521118,0,0,114.17471313476562,0,1
657,9398,52.144020080566406,23.62019920349121,-127.70103454589844,2.3819854259490967,0,0,54.99807357788086,0,0
658,543012,2.7920100688934326,-15.576825141906738,-50.319908142089844,10.603057861328125,0,0,10.603057861328125,0,1
659,246167,8.037540435791016,-10.488923072814941,167.612060546875,1.107789158821106,1,0,1.107789158821106,1,1
660,272732,10.666604995727539,13.905413627624512,238.14553833007812,0.5751926302909851,1,0,66.54345703125,0,0
661,512250,-0.05160841718316078,12.702088356018066,169.37744140625,0.6572605967521667,1,0,0.6572604179382324,0,0
662,402083,-6.137041091918945,-4.40759801864624,-27.511642456054688,0.5427417159080505,1,1,0.5427417159080505,0,1
663,141474,-9.00425910949707,25.25397300720215,321.4849853515625,2.5379278659820557,0,0,150.84677124023438,0,1
664,656471,-11.547525405883789,-7.664923191070557,-13.723368644714355,3.1775686740875244,0,0,3.1775686740875244,0,1
665,659696,-12.078652381896973,-2.230949878692627,-2.595734119415283,1.0240586996078491,1,0,1.0240586996078491,0,1
666,928719,12.369181632995605,-53.86988067626953,-111.697509765625,0.6589168906211853,1,0,0.6589167714118958,0,1
667,114608,-1.5177582502365112,19.07891273498535,256.5061950683594,4.433394432067871,0,0,85.61955261230469,0,0
668,225022,10.265997886657715,3.026857852935791,217.6957244873047,1.9087377786636353,0,0,44.984867095947266,0,1
669,794898,9.758849143981934,-0.7110133171081543,112.99571990966797,0.6348828077316284,1,1,0.634882926940918,0,1
670,558683,-8.101140975952148,-15.350137710571289,-34.41012191772461,0.6301692128181458,1,1,0.630169153213501,0,1
671,485950,-11.584794044494629,10.879110336303711,17.518943786621094,0.9316664338111877,1,0,0.9316664934158325,0,1
672,537233,-11.464001655578613,-13.695165634155273,58.523704528808594,1.0101473331451416,1,0,1.0101473331451416,0,1
673,555540,9.000947952270508,-14.688247680664062,-27.00307273864746,1.7456669807434082,0,0,1.7456669807434082,0,1
674,749626,-59.060791015625,-20.85393524169922,-111.38639831542969,1.3128811120986938,1,0,1.3128811120986938,0,0
675,237042,3.1659462451934814,-10.652400016784668,181.4111328125,1.0000016689300537,1,0,7.405874252319336,0,1
676,693015,-29.779117584228516,-32.6953239440918,-59.67221450805664,0.6635250449180603,1,0,0.6635250449180603,0,0
677,99953,8.966706275939941,7.85666561126709,293.09521484375,1.0462092161178589,1,0,120.39544677734375,0,1
678,875617,24.85984992980957,-28.45686912536621,-92.8837890625,4.4440741539001465,0,0,4.4440741539001465,0,0
679,193802,5.303840160369873,2.2934305667877197,203.1766815185547,6.986367225646973,0,0,31.28505516052246,0,0
680,213707,2.8394370079040527,1.7890137434005737,237.55996704101562,5.85856819152832,0,0,64.85385131835938,0,1
681,438250,-52.10625457763672,-29.3021297454834,-105.65885162353516,2.4987568855285645,0,0,2.4987568855285645,0,1
682,735551,-33.01782989501953,-63.30290222167969,-96.4078598022461,0.6113879084587097,1,1,0.6113879084587097,0,0
683,533600,8.128195762634277,-6.266501426696777,67.0997085571289,5.69921350479126,0,0,5.69921350479126,0,2
684,359151,1.7868688106536865,16.570905685424805,353.90826416015625,6.454211711883545,0,0,181.9913330078125,0,0
685,912362,21.388160705566406,-36.34274673461914,-125.41893768310547,0.501164972782135,1,1,0.501164972782135,0,0
686,756480,-65.62689971923828,-10.79879379272461,-113.78174591064453,0.6535853743553162,1,0,5.967655181884766,0,0
687,717532,-45.94007110595703,-45.325050354003906,-81.73002624511719,1.719110131263733,0,0,1.719110131263733,0,0
688,20866,39.948883056640625,0.6034123301506042,-126.06608581542969,1.0951616764068604,1,0,28.904775619506836,0,0
689,800937,-1.4790078401565552,-0.7462217211723328,118.23226165771484,3.2003159523010254,0,0,3.2003159523010254,0,1
690,654001,-16.14505958557129,-4.998056411743164,-18.170637130737305,1.844335675239563,0,0,1.844335675239563,0,1
691,519105,7.746052265167236,-3.604099988937378,88.7153549194336,0.7812063694000244,1,0,0.7812064290046692,0,1
692,707571,-42.88178634643555,-29.465091705322266,-71.74852752685547,0.6872867941856384,1,0,0.6872867941856384,0,1
693,958254,29.617267608642578,-65.89991760253906,-103.26960754394531,1.5888538360595703,0,0,1.5888538360595703,0,1
694,32282,32.1196403503418,-16.97174835205078,-123.57025146484375,0.6021211743354797,1,0,9.589679718017578,0,1
695,246102,0.18326376378536224,-10.776664733886719,168.76451110839844,2.574978828430176,0,0,2.574978828430176,0,1
696,986951,-62.702816009521484,-113.56067657470703,-104.61762237548828,0.7644510865211487,1,0,32.8908576965332,0,2
697,264442,-9.14587116241455,1.5483678579330444,266.62518310546875,1.0852587223052979,1,0,93.53373718261719,0,1
698,148488,-1.5966670513153076,-9.025836944580078,205.36911010742188,0.8184008002281189,1,0,31.38581657409668,0,1
699,740487,-32.10877227783203,-59.56125259399414,-90.54049682617188,2.176807403564453,0,0,2.176807403564453,0,1
700,979344,-52.702171325683594,-89.1772232055664,-99.3292465209961,1.1271777153015137,1,0,6.192032337188721,0,1
701,653051,-9.864442825317383,-14.465607643127441,-11.21990966796875,0.7389283776283264,1,0,0.7389283180236816,0,0
702,769894,6.024553298950195,7.632426738739014,71.75190734863281,4.164726734161377,0,0,4.164726734161377,0,1
703,164756,-10.937726020812988,13.948984146118164,229.10902404785156,0.887889564037323,1,0,57.7869873046875,0,0
704,733376,-39.39238739013672,-67.33096313476562,-99.0721664428711,1.0894923210144043,1,0,1.0894923210144043,1,1
705,672028,26.04606056213379,-9.331136703491211,-64.78914642333984,1.1910947561264038,1,0,1.1910946369171143,0,1
706,444634,-41.40773010253906,-34.70773696899414,-100.265380859375,0.6892608404159546,1,0,0.6892608404159546,0,1
707,477022,8.793763160705566,18.222240447998047,28.38240623474121,0.5392502546310425,1,1,0.5392503142356873,0,1
708,121479,5.627883434295654,-0.27675604820251465,252.38531494140625,1.270516037940979,1,0,79.04415893554688,0,0
709,401847,-0.14970895648002625,0.6100103259086609,-29.772140502929688,1.6393146514892578,0,0,1.6393146514892578,0,1
710,828609,8.521210670471191,-16.059940338134766,118.36312866210938,0.6881639957427979,1,0,0.6881638765335083,0,1
711,822255,-6.953600883483887,-15.460591316223145,122.96803283691406,1.1682451963424683,1,0,1.1682451963424683,0,1
712,394362,11.988526344299316,5.4353437423706055,-48.931026458740234,0.6350053548812866,1,1,0.6350053548812866,0,2
713,526962,6.590701580047607,-16.30853843688965,70.52934265136719,1.3546510934829712,1,0,1.3546510934829712,0,2
714,740480,-32.49321746826172,-59.204402923583984,-89.65113830566406,1.7576780319213867,0,0,1.7576780319213867,0,1
715,384966,-11.864880561828613,19.794912338256836,290.9768371582031,1.2211593389511108,1,0,119.91679382324219,0,1
716,272907,8.330670356750488,8.453950881958008,236.40223693847656,3.63964581489563,0,0,64.288818359375,0,1
717,594204,9.494028091430664,-15.47669792175293,-77.51892852783203,1.3247994184494019,1,0,1.3247994184494019,0,1
718,449338,-43.721553802490234,-46.993370056152344,-94.60780334472656,0.5213478207588196,1,1,0.5213478207588196,0,1
719,679878,12.091045379638672,3.0968010425567627,-48.53675842285156,2.3935818672180176,0,0,2.3935818672180176,0,2
720,191453,4.098939895629883,7.946279525756836,194.65843200683594,5.714560031890869,0,0,23.44037628173828,0,0
721,480034,3.921441078186035,20.268238067626953,19.0863094329834,1.362727403640747,1,0,1.362727403640747,0,0
722,951250,31.289987564086914,-74.0313720703125,-115.76553344726562,0.6412298679351807,1,0,0.6412298083305359,0,0
723,907504,18.484052658081055,-53.58175277709961,-106.47771453857422,1.064183235168457,1,0,1.064183235168457,0,0
724,835380,-3.684398889541626,-16.283105850219727,111.62828063964844,4.082012176513672,0,0,4.082012176513672,0,1
725,838769,-8.584640502929688,-19.87773323059082,100.03028106689453,0.7373486161231995,1,0,0.7373485565185547,0,1
726,201401,3.5474295616149902,12.066596031188965,211.5608367919922,4.175540447235107,0,0,40.21547317504883,0,1
727,761070,-69.4830093383789,-9.71556282043457,-118.23889923095703,2.271540403366089,0,0,11.448461532592773,0,1
728,628901,10.007247924804688,-6.963922500610352,-21.152904510498047,0.859367311000824,1,0,0.859367311000824,0,1
729,140726,-8.938344955444336,26.48131561279297,314.2908630371094,1.2994951009750366,1,0,143.83396911621094,0,1
730,614452,-19.328889846801758,-21.29374885559082,-36.7015266418457,0.9394740462303162,1,0,0.9394739866256714,1,1
731,227032,11.808260917663574,2.141357660293579,223.6139678955078,0.5955633521080017,1,0,50.701175689697266,0,1
732,289802,-0.7399620413780212,18.967227935791016,220.2062530517578,0.7501930594444275,1,0,49.44736862182617,0,1
733,624659,8.4773530960083,-10.735306739807129,-26.303373336791992,2.4637885093688965,0,0,2.4637885093688965,0,1
734,601218,2.2854745388031006,-4.500277042388916,-64.32331848144531,3.1107475757598877,0,0,3.1107475757598877,0,1
735,927051,15.56231689453125,-53.162208557128906,-115.833740234375,0.9087743759155273,1,0,0.9087743759155273,0,1
736,204249,4.822659015655518,17.480918884277344,224.04443359375,0.8701887130737305,1,0,53.02850341796875,0,0
737,122931,7.675085544586182,3.3235702514648438,246.218994140625,2.952638626098633,0,0,73.38410186767578,0,1
738,550042,-3.908146858215332,-16.26883888244629,-40.28982925415039,3.9694101810455322,0,0,3.969409942626953,0,1
739,946983,-96.40061950683594,18.735759735107422,-141.38241577148438,0.5875564813613892,1,0,56.66997146606445,0,1
740,337068,-2.6400363445281982,22.429828643798828,271.0812683105469,2.7688703536987305,0,0,100.42382049560547,0,1
741,419090,-26.384750366210938,-26.493627548217773,-49.80452346801758,1.3311773538589478,1,0,1.3311773538589478,0,1
742,344006,-6.528874397277832,22.2045841217041,279.3344421386719,2.44657564163208,0,0,108.61784362792969,0,1
743,477793,0.7638543248176575,20.80610466003418,23.87312889099121,0.7164747714996338,1,0,0.7164747714996338,0,1
744,88901,11.05117130279541,7.804279327392578,274.53485107421875,0.5878322720527649,1,0,101.94052124023438,0,0
745,46699,0.7180873155593872,28.850889205932617,312.828369140625,1.0906987190246582,1,0,142.57131958007812,0,1
746,460194,20.787626266479492,-45.94374084472656,-83.47129821777344,0.577991247177124,1,1,0.5779911875724792,0,1
747,166200,-9.39266300201416,9.422518730163574,175.3809051513672,0.8064371943473816,1,0,3.8904762268066406,1,1
748,391455,-5.767477035522461,3.366318702697754,297.3197937011719,1.1007767915725708,1,0,124.19397735595703,0,1
749,930128,15.172175407409668,-58.36714172363281,-113.40679168701172,0.5713759660720825,1,1,0.5713759660720825,0,1
750,857511,2.702045202255249,0.8566421866416931,23.694372177124023,8.374083518981934,0,0,8.374083518981934,0,1
751,147891,-5.357938289642334,-6.15963888168335,195.2724151611328,2.982468366622925,0,0,21.942550659179688,0,0
752,793484,-0.5617876052856445,-1.3480385541915894,110.84933471679688,1.4332777261734009,1,0,1.43327796459198,0,1
753,164661,-11.018736839294434,12.135115623474121,227.05271911621094,1.3631994724273682,1,0,55.53916549682617,0,1
754,377247,-11.464676856994629,5.833278179168701,275.8219909667969,0.9566376805305481,1,0,103.19956970214844,0,1
755,889396,18.998666763305664,-19.503190994262695,-85.0603256225586,4.573587417602539,0,0,4.573587417602539,0,0
756,673911,3.0544497966766357,4.4203667640686035,-52.72060775756836,0.9172783493995667,1,0,0.9172783493995667,0,2
757,362918,-13.482088088989258,26.202007293701172,344.9111328125,0.7181845307350159,1,0,174.23971557617188,0,0
758,120984,4.583179473876953,3.4016971588134766,250.7788543701172,4.790825843811035,0,0,78.03856658935547,0,1
759,486773,7.856997489929199,10.438241004943848,19.401437759399414,5.05425500869751,0,0,5.05425500869751,0,1
760,732967,-38.83687210083008,-64.52423095703125,-100.00225067138672,0.5584684014320374,1,1,0.5584684610366821,0,1
761,265040,-6.560492038726807,-0.26609188318252563,267.69342041015625,0.8373439311981201,1,0,94.35303497314453,0,1
762,467518,11.991109848022461,-34.236358642578125,-90.74854278564453,3.683076858520508,0,0,3.683076858520508,0,1
763,479704,8.848796844482422,20.699703216552734,19.718626022338867,0.6075435876846313,1,1,0.6075435280799866,0,1
764,931702,-81.46095275878906,1.156245231628418,-123.68914031982422,0.6688858866691589,1,0,27.97408103942871,0,0
765,605196,-31.147098541259766,-10.238442420959473,-34.745296478271484,1.6017380952835083,0,0,1.6017380952835083,0,0
766,857586,-13.261653900146484,6.078797340393066,34.569278717041016,2.0732839107513428,0,0,2.0732839107513428,0,1
767,12702,47.79447937011719,11.569144248962402,-130.70606994628906,0.6255208849906921,1,0,42.2950553894043,0,1
768,317768,-0.5298322439193726,29.916162490844727,335.8182678222656,2.9314866065979004,0,0,165.55616760253906,0,0
769,753256,-62.58755111694336,-16.281780242919922,-109.19483184814453,0.7145754098892212,1,0,0.7145754098892212,0,0
770,738489,-29.118915557861328,-59.47563934326172,-90.26687622070312,0.5545914173126221,1,1,0.5545912981033325,0,1
771,794480,3.956556558609009,-4.442347526550293,106.63548278808594,2.6838431358337402,0,0,2.6838431358337402,0,0
772,893429,17.05904769897461,-61.03618621826172,-100.91062927246094,0.9946176409721375,1,0,0.9946175813674927,0,1
773,827073,-11.382487297058105,-6.478507995605469,141.90731811523438,1.1560877561569214,1,0,1.1560876369476318,0,1
774,721928,-41.904212951660156,-50.42612838745117,-76.9034194946289,1.5824615955352783,0,0,1.5824615955352783,0,0
775,964705,15.629188537597656,-88.08938598632812,-117.68205261230469,0.5849478244781494,1,0,20.19740867614746,0,1
776,135752,-6.830416202545166,21.087236404418945,304.4649353027344,5.44586706161499,0,0,133.52008056640625,0,1
777,497777,2.7172718048095703,12.32702922821045,171.92605590820312,0.6883359551429749,1,0,0.7405953407287598,0,1
778,63515,-12.016215324401855,28.1225643157959,369.1181335449219,2.0644569396972656,0,0,198.4972381591797,0,0
779,42927,-5.711859226226807,28.97959327697754,312.5008239746094,0.9285231828689575,1,0,142.32118225097656,0,2
780,773947,11.967748641967773,3.0914196968078613,59.679927825927734,2.0389962196350098,0,0,2.0389962196350098,1,1
781,928045,17.830150604248047,-56.597599029541016,-119.30553436279297,0.991011381149292,1,0,0.991011381149292,0,1
782,139392,-13.452293395996094,17.004804611206055,306.0169372558594,0.8652909994125366,1,0,134.5281524658203,0,1
783,828237,-2.710672616958618,-9.475255012512207,160.79824829101562,4.0891265869140625,0,0,4.0891265869140625,0,0
784,264710,1.161450743675232,-1.8185192346572876,250.7896728515625,1.7348315715789795,0,0,77.32849884033203,0,1
785,667355,26.57207679748535,-8.605450630187988,-75.48518371582031,1.0306158065795898,1,0,1.0306158065795898,0,1
786,170981,1.629960536956787,12.970351219177246,183.8457794189453,1.4733973741531372,1,0,12.69333553314209,0,1
787,828303,-1.9510825872421265,-12.764370918273926,158.9768829345703,1.6861450672149658,0,0,1.6861448287963867,0,1
788,495791,-5.569621562957764,6.675474166870117,-2.8522844314575195,4.251720905303955,0,0,4.251720905303955,0,1
789,514533,3.5201187133789062,5.836973190307617,163.78416442871094,5.854983806610107,0,0,5.854983806610107,0,2
790,643938,-25.035076141357422,-20.329639434814453,-16.10831642150879,0.9235389828681946,1,0,0.9235389828681946,0,0
791,8037,54.08435821533203,18.271188735961914,-127.8621826171875,0.6693992018699646,1,0,50.95083236694336,0,0
792,442761,-45.538169860839844,-35.82250213623047,-106.12317657470703,0.7775154113769531,1,0,0.7775154113769531,0,1
793,460315,13.968939781188965,-40.88887023925781,-83.89543151855469,3.2802276611328125,0,0,3.2802276611328125,0,2
794,915085,26.166414260864258,-41.24156188964844,-123.57261657714844,0.6129343509674072,1,1,0.6129343509674072,0,0
795,672760,21.15061378479004,-8.044940948486328,-55.60211181640625,4.912878036499023,0,0,4.912878036499023,0,1
796,364834,-13.800020217895508,26.074064254760742,353.3887634277344,0.7644295692443848,1,0,182.64407348632812,0,1
797,588839,25.32102394104004,-13.561396598815918,-70.22333526611328,3.3931760787963867,0,0,3.3931760787963867,0,1
798,570625,-13.061695098876953,-14.129619598388672,69.64002227783203,1.470261573791504,1,0,1.4702616930007935,0,1
799,546667,-2.527292490005493,-13.03003215789795,-55.72139358520508,4.640434265136719,0,0,4.640434265136719,0,2
800,579454,-14.74728775024414,-15.987388610839844,95.7472152709961,0.9080291390419006,1,0,0.9080291390419006,0,1
801,357285,-12.767210960388184,15.667503356933594,348.2837219238281,0.9567674398422241,1,0,176.3242645263672,0,1
802,1437,57.31599807739258,27.67807960510254,-130.47885131835938,0.6253595948219299,1,0,60.911739349365234,0,1
803,322946,9.161110877990723,21.915571212768555,345.8841552734375,1.9268815517425537,0,0,174.48651123046875,0,1
804,821189,-3.861456871032715,-13.553812026977539,137.71742248535156,2.7432265281677246,0,0,2.7432265281677246,0,2
805,296067,-2.446948289871216,8.0012845993042,342.7520446777344,0.9993661046028137,1,0,169.81898498535156,0,1
806,114821,7.099712371826172,12.380378723144531,254.01556396484375,4.489902496337891,0,0,82.2739486694336,0,0
807,901532,16.762605667114258,-49.97854995727539,-92.15424346923828,1.5434871912002563,0,0,1.5434874296188354,0,0
808,826543,-8.640814781188965,-10.836299896240234,147.09518432617188,1.157959222793579,1,0,1.1579591035842896,0,1
809,791911,-8.023697853088379,-4.062016487121582,112.2021484375,0.6573880910873413,1,0,0.6573880910873413,0,2
810,781561,-6.128350734710693,10.699356079101562,38.65548324584961,5.615902900695801,0,0,5.615902900695801,0,2
811,750289,-59.4481201171875,-20.694503784179688,-111.0147705078125,1.778140664100647,0,0,1.778140664100647,0,0
812,127747,11.201848030090332,14.156160354614258,308.7536926269531,0.6727696061134338,1,0,136.6691131591797,1,1
813,334979,7.981919765472412,21.01787567138672,280.1539611816406,0.9106910824775696,1,0,109.12577056884766,0,0
814,691543,-40.39064025878906,-37.81612777709961,-68.80005645751953,6.568917751312256,0,0,6.568917751312256,0,0
815,18052,41.8581657409668,6.162770748138428,-126.44295501708984,0.7648372650146484,1,0,34.740623474121094,0,1
816,323298,10.653714179992676,17.524410247802734,344.1448669433594,0.6270704865455627,1,0,172.21238708496094,0,1
817,19815,43.502227783203125,1.184240460395813,-126.45752716064453,2.3401927947998047,0,0,31.024141311645508,0,0
818,6673,54.524559020996094,25.519498825073242,-125.45453643798828,1.0976601839065552,1,0,57.6168098449707,0,1
819,722417,-44.45372009277344,-47.848106384277344,-85.08827209472656,1.6724430322647095,0,0,1.6724430322647095,0,0
820,153547,-12.118062019348145,1.0677865743637085,206.6494140625,1.0982102155685425,1,0,33.964393615722656,0,1
821,937580,-87.90575408935547,3.6465091705322266,-132.1432647705078,0.6336442232131958,1,0,37.6986083984375,0,1
822,556867,1.6490370035171509,-13.754036903381348,-28.554603576660156,5.091269016265869,0,0,5.091269016265869,0,1
823,942729,-94.77019500732422,9.3469877243042,-134.7056121826172,0.5994532704353333,1,0,46.6992073059082,0,0
824,919364,18.384288787841797,-45.342857360839844,-122.89376068115234,0.6433687210083008,1,0,0.6433687210083008,0,1
825,178139,-12.24127197265625,6.128359794616699,190.9003143310547,0.7961721420288086,1,0,18.93392562866211,0,1
826,210822,-9.301919937133789,-1.5590977668762207,225.1293487548828,1.5091665983200073,0,0,51.98259353637695,0,1
827,578607,-15.248903274536133,-9.051530838012695,96.10569763183594,1.1440389156341553,1,0,1.1440389156341553,0,0
828,712414,-36.325435638427734,-41.55949401855469,-78.22185516357422,0.7682669162750244,1,0,0.7682669758796692,0,0
829,444675,-43.35663604736328,-34.76182174682617,-98.43597412109375,0.6907427310943604,1,0,0.6907427906990051,0,0
830,580025,-3.711169481277466,-5.3359150886535645,93.6973876953125,7.016258239746094,0,0,7.016258716583252,0,1
831,675079,2.582584857940674,2.244425058364868,-53.36164855957031,2.437939167022705,0,0,2.437939167022705,0,2
832,867862,9.98322582244873,-0.45303767919540405,35.76247024536133,3.450453281402588,0,0,3.450453281402588,0,2
833,672484,27.592985153198242,-12.703346252441406,-66.63995361328125,0.9917340874671936,1,0,0.9917340874671936,0,1
834,194736,4.738136291503906,10.599000930786133,199.52012634277344,3.5976877212524414,0,0,28.0976619720459,0,1
835,656541,-12.101034164428711,-4.204256057739258,-15.349721908569336,2.39741587638855,0,0,2.39741587638855,0,1
836,835574,7.784872531890869,-16.861614227294922,102.71644592285156,0.856336772441864,1,0,0.8563371896743774,0,0
837,430996,-35.634979248046875,-9.99953556060791,-44.3174934387207,0.9228625893592834,1,0,0.9228626489639282,0,1
838,535397,7.332988262176514,-11.597816467285156,47.30251693725586,1.3815529346466064,1,0,1.381552815437317,0,1
839,281543,3.2801849842071533,20.005046844482422,244.12542724609375,0.9620511531829834,1,0,73.28299713134766,0,0
840,4363,54.161399841308594,31.520755767822266,-126.46308898925781,0.6922548413276672,1,0,62.90763473510742,0,1
841,434319,-46.298404693603516,-28.204214096069336,-51.598079681396484,1.2964651584625244,1,0,1.2964650392532349,0,0
842,939415,-87.87358093261719,10.708656311035156,-133.8367462158203,0.6909382343292236,1,0,42.76198196411133,0,1
843,676018,9.600982666015625,6.175142288208008,-54.935821533203125,0.7745780348777771,1,0,0.7745780348777771,0,1
844,185352,-11.049147605895996,2.7549517154693604,168.32516479492188,1.3516499996185303,1,0,1.3516499996185303,0,1
845,519288,6.756849765777588,-0.7520648837089539,89.0201644897461,0.5650510191917419,1,1,0.5650510787963867,0,1
846,249731,-8.137080192565918,-2.245351552963257,235.60525512695312,1.10599946975708,1,0,62.278358459472656,0,1
847,63823,-3.582522392272949,19.32542610168457,369.6558532714844,8.600773811340332,0,0,198.0770721435547,0,1
848,443155,-42.559200286865234,-35.81736373901367,-105.10769653320312,0.7140206098556519,1,0,0.7140206098556519,1,1
849,967694,22.124141693115234,-81.00052642822266,-118.11322021484375,0.5684317946434021,1,0,10.892559051513672,0,0
850,809493,12.597574234008789,-1.0998599529266357,134.56881713867188,1.2845250368118286,1,0,1.2845253944396973,0,1
851,656609,-7.921570301055908,-14.923873901367188,-7.877315044403076,0.8266916275024414,1,0,0.8266915678977966,0,1
852,896728,12.432032585144043,-55.91456604003906,-93.45511627197266,0.6546539068222046,1,0,0.6546539068222046,0,1
853,381821,-4.988204479217529,14.120771408081055,282.8724365234375,8.825745582580566,0,0,111.47098541259766,0,1
854,709857,-43.41419982910156,-37.52650833129883,-76.62220764160156,1.9635175466537476,0,0,1.9635175466537476,0,1
855,305214,-12.346426963806152,17.542165756225586,332.2156066894531,1.940246343612671,0,0,160.6002960205078,0,1
856,42370,-0.8462998270988464,29.25756072998047,306.8541259765625,0.6985008120536804,1,0,136.70045471191406,1,1
857,748212,-55.48057556152344,-20.64344596862793,-108.82938385009766,0.861274242401123,1,0,0.861274242401123,0,1
858,435780,-57.18368148803711,-26.61395835876465,-105.08573150634766,0.6392226219177246,1,0,0.6392226219177246,0,1
859,158419,-11.828369140625,3.715507745742798,213.9896240234375,1.5014703273773193,0,0,41.57780075073242,0,1
860,348543,5.61162805557251,22.61211395263672,296.6288146972656,2.3425164222717285,0,0,125.71515655517578,0,1
861,442632,-48.22160720825195,-33.99190902709961,-101.46847534179688,1.5996266603469849,0,0,1.5996266603469849,0,0
862,446197,-44.657264709472656,-34.430931091308594,-102.84367370605469,2.6688945293426514,0,0,2.6688945293426514,0,1
863,222823,8.700003623962402,-0.36636674404144287,223.25726318359375,1.7827949523925781,0,0,50.108802795410156,0,1
864,675933,15.697726249694824,-3.4058682918548584,-49.59538269042969,7.201080799102783,0,0,7.201080799102783,0,1
865,156452,-4.0137529373168945,-5.254446506500244,209.61500549316406,3.008633852005005,0,0,36.194915771484375,0,1
866,906377,16.01786231994629,-48.32976531982422,-104.69477844238281,1.3767622709274292,1,0,1.3767622709274292,0,0
867,969436,26.222885131835938,-75.12470245361328,-115.35678100585938,0.5970314145088196,1,0,3.347438097000122,0,0
868,968890,23.864105224609375,-81.80375671386719,-116.69449615478516,1.3174852132797241,1,0,10.148478507995605,0,0
869,386965,-10.721821784973145,7.24381160736084,295.3663330078125,1.2157480716705322,1,0,122.76590728759766,0,1
870,25464,39.81064224243164,-8.551254272460938,-129.2984619140625,0.6858258843421936,1,0,20.664316177368164,0,0
871,956765,32.937801361083984,-66.73558807373047,-106.42484283447266,1.6447911262512207,0,0,1.6447911262512207,0,1
872,241618,11.835638046264648,-1.9041234254837036,177.0195770263672,0.914150059223175,1,0,4.027472972869873,0,0
873,313304,-5.881158828735352,31.819929122924805,332.25,0.7233468890190125,1,0,162.26760864257812,0,0
874,443125,-47.040042877197266,-31.38148307800293,-106.60787200927734,1.0736936330795288,1,0,1.0736936330795288,0,1
875,393290,-6.54974889755249,15.13685417175293,303.4251403808594,7.389904975891113,0,0,131.87088012695312,0,0
876,636416,8.880197525024414,10.413372039794922,-10.67831802368164,2.2997825145721436,0,0,2.2997825145721436,0,1
877,308791,-11.073872566223145,11.692489624023438,325.2427062988281,1.4922351837158203,1,0,152.96360778808594,0,0
878,551849,19.115497589111328,-19.703716278076172,-37.51760482788086,0.9161070585250854,1,0,0.9161070585250854,0,1
879,603968,-28.434511184692383,-8.41545295715332,-34.25404357910156,0.8691815733909607,1,0,0.8691815733909607,0,0
880,94152,-5.576735973358154,1.3865227699279785,282.52911376953125,0.9134613871574402,1,0,109.2713851928711,0,0
881,364223,-12.65031623840332,21.228458404541016,347.3632507324219,1.9570794105529785,0,0,176.08070373535156,0,0
882,234676,0.22513073682785034,-6.309016704559326,184.27963256835938,5.396391868591309,0,0,12.024197578430176,0,1
883,656159,-9.773260116577148,-12.699509620666504,-8.410895347595215,0.7577120065689087,1,0,0.7577120065689087,0,1
884,192687,11.41382122039795,0.5137420892715454,208.47496032714844,0.9458648562431335,1,0,35.48561096191406,0,0
885,401652,-1.6087486743927002,-0.29456260800361633,-33.24441909790039,3.2851064205169678,0,0,3.2851064205169678,0,1
886,627764,6.488005638122559,-11.390118598937988,-20.424184799194336,0.6812015175819397,1,0,0.6812015175819397,0,1
887,434323,-46.58597183227539,-25.846498489379883,-52.078128814697266,1.194931149482727,1,0,1.1949312686920166,0,0
888,291356,9.117974281311035,15.596010208129883,334.1029052734375,1.708066463470459,0,0,162.0354461669922,0,1
889,580028,-4.828579902648926,-5.495627403259277,94.8127212524414,6.808812141418457,0,0,6.808812618255615,0,1
890,415681,-26.494970321655273,-26.334707260131836,-42.61790466308594,1.336909532546997,1,0,1.336909532546997,0,1
891,669046,12.354076385498047,2.4692587852478027,-65.74815368652344,0.797553539276123,1,0,0.797553539276123,0,2
892,128311,-4.062861919403076,3.8085622787475586,303.8542175292969,1.2031660079956055,1,0,130.71890258789062,0,1
893,161144,-8.03502368927002,12.520194053649902,209.24093627929688,2.158783197402954,0,0,37.91157531738281,0,1
894,657569,-1.5515679121017456,-15.509294509887695,-16.46534538269043,0.8278383016586304,1,0,0.8278383016586304,0,1
895,115513,7.590785503387451,10.947308540344238,254.42724609375,4.1529693603515625,0,0,82.4916000366211,0,0
896,718188,-41.51526641845703,-48.881675720214844,-75.8546142578125,2.530235528945923,0,0,2.5302352905273438,0,0
897,606529,-23.552095413208008,-8.830787658691406,-34.90266418457031,0.7108473181724548,1,0,0.7108473181724548,0,1
898,857986,3.861544370651245,5.192739963531494,22.55833625793457,7.6246232986450195,0,0,7.6246232986450195,0,0
899,418717,-31.834531784057617,-28.90605926513672,-39.218727111816406,0.8106516003608704,1,0,0.8106516599655151,0,0
900,785550,7.820826530456543,14.857274055480957,40.80756759643555,2.5376086235046387,0,0,2.5376086235046387,0,3
901,788578,4.933666706085205,-4.154253959655762,97.47834014892578,0.6657927632331848,1,0,0.6657929420471191,0,1
902,859260,-0.3207131624221802,-11.8890380859375,30.9837703704834,1.7191044092178345,0,0,1.7191044092178345,0,1
903,623602,-0.4051203429698944,-11.264464378356934,-21.989273071289062,1.5255430936813354,0,0,1.5255430936813354,0,0
904,607449,-22.910438537597656,-6.622033596038818,-29.363981246948242,1.0320985317230225,1,0,1.0320985317230225,0,1
905,493045,-2.2152180671691895,4.3444342613220215,7.547985076904297,9.739935874938965,0,0,9.739935874938965,0,1
906,350677,-2.7339446544647217,27.05157470703125,297.6327209472656,1.5136027336120605,0,0,127.30667114257812,0,2
907,561931,-16.167613983154297,-2.522211790084839,59.5538330078125,0.8914311528205872,1,0,0.8914311528205872,0,2
908,424307,-40.6972770690918,-19.902624130249023,-42.96552658081055,3.507209062576294,0,0,3.507209062576294,0,1
909,889046,23.929180145263672,-17.473709106445312,-83.44683837890625,5.64599609375,0,0,5.64599609375,0,0
910,878961,28.491262435913086,-25.63358497619629,-88.01361083984375,1.764663815498352,0,0,1.764663815498352,0,1
911,405309,-1.9085441827774048,-7.830934524536133,-29.493379592895508,5.008191108703613,0,0,5.008191108703613,0,0
912,741025,-34.843482971191406,-55.52790069580078,-86.43458557128906,0.8057367205619812,1,0,0.8057367205619812,0,1
913,565862,-1.2367881536483765,1.6885203123092651,63.030094146728516,13.668950080871582,0,0,13.668950080871582,0,1
914,16431,47.793907165527344,7.034387588500977,-128.65032958984375,0.9898243546485901,1,0,38.14067459106445,0,1
915,848462,5.351656913757324,-9.342556953430176,92.66436004638672,1.9750292301177979,0,0,1.9750292301177979,0,1
916,679970,23.398468017578125,-5.065643787384033,-43.8740119934082,0.7497337460517883,1,0,0.7497337460517883,0,1
917,105770,10.582768440246582,15.841170310974121,255.9234619140625,0.6373288631439209,1,0,84.4251708984375,0,0
918,807398,5.411988735198975,4.3408379554748535,128.60362243652344,3.005082130432129,0,0,3.005082130432129,0,1
919,2746,59.20382308959961,32.70476150512695,-126.69625854492188,1.3116819858551025,1,0,66.1506576538086,0,1
920,535624,8.737663269042969,-2.7665843963623047,61.19532012939453,5.166012287139893,0,0,5.166012287139893,0,3
921,362305,-13.560179710388184,24.622243881225586,341.72052001953125,0.8471989631652832,1,0,170.88442993164062,0,1
922,218015,9.134686470031738,4.756601333618164,223.9912567138672,2.9903829097747803,0,0,51.499549865722656,0,1
923,522007,5.54083776473999,-11.626167297363281,88.73604583740234,2.5508944988250732,0,0,2.5508944988250732,0,1
924,956449,29.402685165405273,-65.68817138671875,-105.42007446289062,1.0593280792236328,1,0,1.0593280792236328,0,1
925,936762,-89.5267562866211,6.285719871520996,-130.50274658203125,1.1154508590698242,1,0,39.50381851196289,0,1
926,366744,-5.835025310516357,29.763877868652344,351.7296447753906,4.158828258514404,0,0,181.40728759765625,0,1
927,197122,1.747056245803833,5.785822868347168,207.2471466064453,9.939793586730957,0,0,36.383609771728516,0,0
928,656685,-4.8720502853393555,-17.122535705566406,-10.787428855895996,0.844837486743927,1,0,0.844837486743927,0,1
929,484280,13.64052963256836,12.764364242553711,13.490607261657715,1.0315824747085571,1,0,1.0315824747085571,0,1
930,959271,23.221435546875,-65.18429565429688,-98.61327362060547,0.6207208633422852,1,1,0.6207209229469299,0,1
931,308053,-13.050161361694336,23.112573623657227,333.1145324707031,1.0774191617965698,1,0,162.15719604492188,1,1
932,670140,-2.3441426753997803,-4.376913070678711,-60.26728439331055,1.8682302236557007,0,0,1.8682302236557007,0,2
933,787087,-5.549107551574707,4.873202800750732,89.40296936035156,1.0774402618408203,1,0,1.0774402618408203,0,1
934,329938,6.718780994415283,11.636101722717285,348.379638671875,0.907640278339386,1,0,175.751220703125,0,0
935,73449,8.556612014770508,19.41543197631836,366.592041015625,1.8719664812088013,0,0,194.75289916992188,0,2
936,87492,2.679077625274658,0.9575020670890808,276.5509338378906,1.0094223022460938,1,0,103.20765686035156,0,0
937,22693,41.29964828491211,-4.006936550140381,-126.87222290039062,2.2918968200683594,0,0,25.42865562438965,0,0
938,195434,9.529794692993164,4.801184177398682,209.1503143310547,2.686396837234497,0,0,36.78163528442383,0,0
939,735389,-34.44270324707031,-60.48347854614258,-97.2303237915039,0.4766903519630432,1,1,0.4766903221607208,0,0
940,637164,2.2853894233703613,12.37663459777832,-8.780177116394043,2.1337921619415283,0,0,2.1337921619415283,0,2
941,278054,-7.310420513153076,15.147516250610352,241.65040588378906,3.5428123474121094,0,0,70.43297576904297,0,0
942,3525,55.45521545410156,24.94867706298828,-124.87767028808594,0.5759482383728027,1,0,57.474246978759766,0,1
943,905240,15.725655555725098,-45.28623580932617,-103.08912658691406,0.9620282053947449,1,0,0.9620282053947449,0,0
944,640302,-1.1847033500671387,11.956426620483398,-3.740877866744995,3.049328327178955,0,0,3.049328327178955,0,1
945,368980,-12.34995174407959,17.495946884155273,362.1402893066406,1.3746633529663086,1,0,190.29803466796875,0,2
946,583250,28.63285255432129,-21.375539779663086,-79.3663330078125,2.6946887969970703,0,0,2.6946887969970703,0,1
947,125062,10.08667278289795,10.000813484191895,307.3017578125,0.6177650690078735,1,0,134.74124145507812,0,1
948,881996,17.699277877807617,-30.615703582763672,-87.41229248046875,2.0393238067626953,0,0,2.0393238067626953,0,0
949,262809,-2.7482311725616455,-0.22362685203552246,252.92942810058594,3.2441773414611816,0,0,79.7282485961914,0,1
950,984241,-58.391021728515625,-102.92606353759766,-101.18268585205078,1.635607361793518,0,0,21.068517684936523,0,2
951,672005,21.623544692993164,0.031164808198809624,-56.2756233215332,0.9430608153343201,1,0,0.9430607557296753,0,0
952,950661,-105.37195587158203,19.7747802734375,-144.7065887451172,0.6214491724967957,1,0,64.56977844238281,0,1
953,790508,-8.8063383102417,-4.211642265319824,100.5746841430664,2.237375497817993,0,0,2.237375259399414,0,1
954,937479,-88.65583038330078,7.126955032348633,-128.99058532714844,0.6514550447463989,1,0,38.70223617553711,0,1
955,270676,11.855859756469727,8.368075370788574,239.46604919433594,0.9462181329727173,1,0,67.18219757080078,0,1
956,315208,-0.22644254565238953,27.711698532104492,344.53619384765625,5.643646717071533,0,0,174.01162719726562,0,0
957,325707,9.455713272094727,21.573352813720703,354.52001953125,1.6221119165420532,0,0,183.01283264160156,0,1
958,64634,-7.195439338684082,25.4158992767334,360.7723083496094,7.019667148590088,0,0,189.9606475830078,0,0
959,841378,3.227574348449707,-18.13092803955078,94.56135559082031,0.8403422236442566,1,0,0.8403421640396118,0,0
960,87568,-0.8234929442405701,0.042743705213069916,277.5631408691406,0.9118548631668091,1,0,104.13365936279297,0,0
961,924414,21.18767547607422,-55.11611557006836,-117.69084930419922,0.6536897420883179,1,0,0.6536897420883179,0,1
962,567867,-15.194945335388184,-2.994136095046997,69.03082275390625,3.4300522804260254,0,0,3.4300522804260254,0,1
963,622638,-2.7250144481658936,-14.174546241760254,-26.42476463317871,1.4159865379333496,1,0,1.4159865379333496,0,0
964,104034,8.577963829040527,18.647361755371094,258.8451232910156,0.9077116847038269,1,0,87.68069458007812,0,0
965,164061,-4.7946085929870605,15.570289611816406,219.32159423828125,2.564180374145508,0,0,48.2657356262207,0,1
966,405271,-1.5458463430404663,-1.3297780752182007,-27.782800674438477,1.8459545373916626,0,0,1.8459546566009521,0,1
967,111855,3.9378418922424316,15.856813430786133,253.4801483154297,4.767752170562744,0,0,82.20816040039062,0,0
968,474136,14.970381736755371,-45.44472885131836,-98.50755310058594,1.5712193250656128,0,0,1.5712193250656128,0,0
969,598554,-1.6539016962051392,-13.786480903625488,-67.96595001220703,1.0268406867980957,1,0,1.0268406867980957,1,1
970,659625,-2.6281752586364746,-14.975520133972168,-15.30698013305664,1.5804691314697266,0,0,1.5804692506790161,0,1
971,705716,-37.95463943481445,-33.92942810058594,-70.60379028320312,2.4835522174835205,0,0,2.4835522174835205,0,0
972,692354,-31.919710159301758,-37.3903694152832,-56.966434478759766,0.9381378889083862,1,0,0.9381378889083862,0,0
973,676633,25.464818954467773,-7.0123772621154785,-50.14862823486328,1.1661076545715332,1,0,1.1661076545715332,0,1
974,974570,2.879934072494507,-105.89270782470703,-125.29000091552734,0.6327835917472839,1,0,43.1152458190918,0,2
975,859811,-7.763623237609863,-13.14881706237793,39.63665008544922,1.054623007774353,1,0,1.054623007774353,0,1
976,858494,-11.89761734008789,4.626163482666016,32.846431732177734,3.522505760192871,0,0,3.522505760192871,0,1
977,557449,-9.53476619720459,-7.233868598937988,-39.55706024169922,1.2905150651931763,1,0,1.2905150651931763,0,1
978,822979,-9.388242721557617,-11.494606971740723,124.69184875488281,1.2456132173538208,1,0,1.2456132173538208,0,1
979,68776,6.0089826583862305,21.702747344970703,361.5220947265625,4.773046970367432,0,0,190.0677947998047,0,2
980,734431,-35.626548767089844,-65.34087371826172,-97.56627655029297,0.6980013847351074,1,0,0.6980013847351074,0,1
981,268788,-1.3498200178146362,0.049334313720464706,263.1815185546875,2.385850667953491,0,0,89.89080810546875,0,1
982,628397,4.626058101654053,-5.80420446395874,-13.70930290222168,7.674837112426758,0,0,7.674837112426758,0,1
983,915702,23.257898330688477,-35.845333099365234,-125.34546661376953,1.6227920055389404,0,0,1.6227920055389404,0,0
984,655048,-9.716470718383789,-14.131678581237793,-19.01836395263672,3.1413071155548096,0,0,3.1413071155548096,0,1
985,498566,5.716220378875732,9.923863410949707,171.8728790283203,1.1735538244247437,1,0,1.1735539436340332,0,1
986,694923,-41.48664474487305,-28.45653533935547,-71.56250762939453,0.6392973065376282,1,0,0.6392973065376282,0,1
987,437137,-51.27259063720703,-30.170555114746094,-108.6526870727539,0.5703996419906616,1,1,0.5703996419906616,0,0
988,744402,-33.73504638671875,-53.14049530029297,-85.41989135742188,1.9605584144592285,0,0,1.9605584144592285,0,1
989,651882,-7.71156120300293,-16.248184204101562,-18.282939910888672,0.6369488835334778,1,1,0.6369488835334778,0,1
990,429318,-26.94623565673828,-18.816003799438477,-50.00895690917969,0.7860787510871887,1,0,0.7860787510871887,0,1
991,289653,-0.7309293746948242,19.118667602539062,220.18809509277344,0.7222427129745483,1,0,49.44706344604492,0,1
992,725810,-42.74061584472656,-49.74858856201172,-87.05732727050781,0.6250309944152832,1,1,0.625031054019928,0,1
993,152386,-11.536515235900879,0.32265403866767883,197.51641845703125,1.3866630792617798,1,0,24.826570510864258,0,1
994,436108,-54.64714050292969,-30.062589645385742,-105.95679473876953,0.5964580774307251,1,1,0.5964581370353699,0,1
995,669323,14.448400497436523,1.860667109489441,-66.44804382324219,0.899014413356781,1,0,0.8990144729614258,0,1
996,218829,8.91280460357666,9.444024085998535,227.07582092285156,2.918142557144165,0,0,55.114749908447266,0,1
997,327175,7.366814613342285,22.1430721282959,328.3046875,3.347299098968506,0,0,157.10365295410156,0,1
998,872578,27.47651481628418,-24.981342315673828,-94.14308166503906,0.8126239776611328,1,0,0.8126239776611328,0,1
999,644951,-28.090856552124023,-11.152587890625,-20.44745635986328,1.2881160974502563,1,0,1.2881160974502563,0,0
1000,352195,-8.033390998840332,25.6785888671875,299.88153076171875,1.0824663639068604,1,0,129.42234802246094,0,0
1001,454002,-39.72671127319336,-48.17055892944336,-90.96080017089844,0.6192923188209534,1,1,0.6192923188209534,0,1
1002,219274,-0.14947395026683807,-5.6953125,228.60882568359375,0.9776552319526672,1,0,54.84341049194336,0,0
1003,416127,-29.929040908813477,-24.669431686401367,-39.39250946044922,4.3359880447387695,0,0,4.3359880447387695,0,0
1004,598437,21.64943504333496,-16.999876022338867,-54.02330780029297,3.6144633293151855,0,0,3.6144633293151855,0,1
1005,474360,15.672301292419434,-42.44548797607422,-99.74683380126953,2.947202205657959,0,0,2.947202205657959,0,1
1006,433751,-40.43755340576172,-12.38079833984375,-47.48992919921875,0.6504507660865784,1,0,0.6504507660865784,0,1
1007,521296,6.785274028778076,-13.718374252319336,88.25201416015625,1.196022629737854,1,0,1.196022629737854,0,1
1008,163274,-3.5749480724334717,18.181745529174805,215.53236389160156,0.5841218829154968,1,0,44.74030303955078,0,1
1009,250428,-7.5837507247924805,-2.233884811401367,244.25062561035156,0.9710684418678284,1,0,70.8531494140625,0,1
1010,294505,5.578397750854492,12.181638717651367,329.44525146484375,3.149906635284424,0,0,157.06085205078125,0,1
1011,541538,12.949257850646973,-23.14501190185547,-46.94472885131836,5.2475738525390625,0,0,5.2475738525390625,0,1
1012,237833,7.6675920486450195,-1.0845425128936768,179.96380615234375,4.842702388763428,0,0,8.53842544555664,0,0
1013,908626,15.911008834838867,-54.70055389404297,-105.24142456054688,1.235681414604187,1,0,1.2356812953948975,0,0
1014,138321,-6.5802083015441895,21.020286560058594,320.88275146484375,7.014464855194092,0,0,149.86260986328125,0,0
1015,784106,-6.00391149520874,10.906637191772461,34.96163558959961,6.4210734367370605,0,0,6.4210734367370605,0,2
1016,17909,44.55744552612305,3.044403553009033,-124.09687042236328,0.5050107836723328,1,0,33.00083923339844,0,0
1017,445008,-45.299930572509766,-31.76806640625,-103.82672882080078,1.5685970783233643,0,0,1.5685970783233643,0,1
1018,603506,-36.17938995361328,-20.764671325683594,-32.74820327758789,1.4053608179092407,1,0,1.4053608179092407,0,1
1019,817278,7.785943031311035,-11.841007232666016,152.21861267089844,1.5086891651153564,0,0,1.508689284324646,0,1
1020,252158,-10.546004295349121,1.326332688331604,247.62127685546875,0.9812062382698059,1,0,74.65611267089844,0,0
1021,581163,25.073516845703125,-28.263206481933594,-78.95751953125,0.8688178658485413,1,0,0.8688178658485413,0,0
1022,456234,14.605414390563965,-37.93421173095703,-79.18472290039062,0.671468198299408,1,0,0.6714682579040527,0,0
1023,906924,14.850950241088867,-52.67509078979492,-104.70849609375,1.498088002204895,1,0,1.498088002204895,0,0
1024,807459,4.112774848937988,-0.5850021839141846,128.9674530029297,7.986184120178223,0,0,7.986184597015381,0,1
1025,62306,-13.51504898071289,21.749258041381836,362.7594299316406,1.3993985652923584,1,0,191.4302520751953,0,2
1026,40363,-7.710220813751221,26.608999252319336,303.2077331542969,0.8926199674606323,1,0,132.83116149902344,0,1
1027,91710,-9.45551586151123,5.143393516540527,272.02587890625,2.263688802719116,0,0,99.35105895996094,0,1
1028,322307,9.049016952514648,23.40778923034668,337.3464050292969,1.6836605072021484,0,0,166.18765258789062,0,1
1029,836196,8.539779663085938,-7.579033851623535,105.04134368896484,1.208265781402588,1,0,1.2082656621932983,0,1
1030,268609,-3.1586754322052,0.4441182017326355,264.1143493652344,2.583462953567505,0,0,90.88664245605469,0,1
1031,392213,-5.273987293243408,3.4882123470306396,297.8258361816406,1.2905948162078857,1,0,124.70785522460938,1,1
1032,879740,16.154619216918945,-28.41825294494629,-92.45658874511719,2.7773985862731934,0,0,2.7773985862731934,0,1
1033,97001,8.923630714416504,7.426280975341797,285.195556640625,1.407787561416626,1,0,112.5067367553711,0,1
1034,952852,33.60174560546875,-71.11617279052734,-112.27413177490234,0.7344456911087036,1,0,0.7344456911087036,0,1
1035,418955,-22.86309051513672,-23.301137924194336,-45.608036041259766,0.5283092260360718,1,1,0.5283092260360718,0,2
1036,392237,-7.969832420349121,5.345839500427246,301.5986328125,1.2762739658355713,1,0,128.7000732421875,0,1
1037,396183,4.814000606536865,3.560502767562866,-34.173580169677734,0.960222601890564,1,0,0.960222601890564,1,1
1038,906945,16.094545364379883,-55.592430114746094,-105.09130859375,0.7150267362594604,1,0,0.7150267362594604,0,1
1039,885836,21.276046752929688,-12.234291076660156,-85.65982055664062,1.051396369934082,1,0,1.051396369934082,0,0
1040,274182,9.10071849822998,15.549135208129883,237.0304412841797,0.9745439887046814,1,0,65.6482925415039,0,0
1041,473849,14.012892723083496,-34.69261932373047,-99.48715209960938,2.1268398761749268,0,0,2.1268398761749268,0,2
1042,200438,0.9437952041625977,17.606090545654297,211.17503356933594,0.6106204986572266,1,0,40.30384826660156,0,2
1043,312167,-3.0048975944519043,32.05961990356445,343.0581970214844,1.9047155380249023,0,0,173.00808715820312,0,0
1044,921512,21.49347686767578,-48.5671501159668,-125.66886138916016,1.1846293210983276,1,0,1.1846293210983276,0,1
1045,73907,4.060359954833984,33.66194152832031,368.1894836425781,1.0460047721862793,1,0,198.0750274658203,0,1
1046,813791,10.105646133422852,-10.721179008483887,136.54812622070312,1.917873501777649,0,0,1.917873501777649,0,1
1047,674722,16.640865325927734,0.13364914059638977,-56.4056510925293,3.6012237071990967,0,0,3.6012237071990967,0,0
1048,552834,3.256350040435791,-20.720272064208984,-31.747480392456055,2.8451530933380127,0,0,2.8451530933380127,0,1
1049,879839,14.88638687133789,-29.908796310424805,-91.87958526611328,3.0419044494628906,0,0,3.0419044494628906,0,2
1050,958534,26.276235580444336,-64.47005462646484,-102.6761703491211,1.6449779272079468,0,0,1.6449779272079468,0,0
1051,707026,-42.02487564086914,-36.72451400756836,-73.26622772216797,4.08633279800415,0,0,4.08633279800415,0,1
1052,210476,-1.2884137630462646,5.244455337524414,226.83633422851562,11.653885841369629,0,0,55.628623962402344,0,0
1053,611190,-16.44650650024414,-6.547844409942627,-28.282968521118164,0.6274069547653198,1,1,0.6274069547653198,1,1
1054,849195,-14.305450439453125,-0.7526420950889587,6.265199184417725,0.990817129611969,1,0,0.9908170700073242,0,0
1055,6429,52.117286682128906,20.501197814941406,-131.0407257080078,0.6209709644317627,1,0,52.22257614135742,0,0
1056,917456,20.996335983276367,-42.76063537597656,-121.72412872314453,0.563815176486969,1,1,0.5638152360916138,0,1
1057,617661,-15.632097244262695,-16.499113082885742,-30.22260856628418,2.7830212116241455,0,0,2.7830212116241455,0,2
1058,35180,28.58360481262207,-25.652694702148438,-124.08196258544922,1.1132748126983643,1,0,1.1132748126983643,0,0
1059,598657,2.8127458095550537,-19.630144119262695,-67.88362884521484,3.469653606414795,0,0,3.469653606414795,0,1
1060,70427,-2.2983853816986084,35.301265716552734,354.76080322265625,0.7281520366668701,1,0,184.99742126464844,0,1
1061,649517,-16.24934959411621,-8.972393035888672,-13.044061660766602,0.761971116065979,1,0,0.7619711756706238,0,0
1062,818869,-6.072875022888184,-2.3008673191070557,144.97621154785156,5.543030738830566,0,0,5.543030738830566,0,1
1063,792906,-6.677505970001221,-3.4001529216766357,111.08455657958984,0.8768692016601562,1,0,0.8768693804740906,0,2
1064,192980,6.846678733825684,-5.143739223480225,202.6329803466797,1.6473995447158813,0,0,29.091060638427734,0,1
1065,127303,11.216970443725586,14.339959144592285,308.0451354980469,0.6903054714202881,1,0,135.98672485351562,0,1
1066,40210,-8.440170288085938,26.039697647094727,302.7806701660156,0.8090689182281494,1,0,132.34658813476562,0,1
1067,967817,20.916706085205078,-82.89179229736328,-116.311767578125,0.8425158858299255,1,0,12.704594612121582,0,1
1068,797213,4.440465927124023,-7.513852119445801,109.0816879272461,5.466793537139893,0,0,5.466792583465576,0,1
1069,9178,52.791351318359375,15.131744384765625,-128.14280700683594,0.5514865517616272,1,0,47.56878662109375,0,0
1070,626877,10.262995719909668,-6.18309211730957,-25.134531021118164,1.0795025825500488,1,0,1.0795024633407593,0,1
1071,821933,-4.050370216369629,-13.822610855102539,138.1655731201172,2.4260993003845215,0,0,2.4260993003845215,0,2
1072,426153,-31.022424697875977,-19.484188079833984,-51.40156173706055,1.522499680519104,0,0,1.522499680519104,0,1
1073,459913,15.905203819274902,-41.29994201660156,-82.62615203857422,3.1604151725769043,0,0,3.1604151725769043,0,2
1074,168182,-8.30460262298584,9.42294979095459,178.6005859375,1.385661244392395,1,0,7.173118591308594,0,1
1075,841504,5.295109748840332,-14.348737716674805,101.7634048461914,2.5044381618499756,0,0,2.5044384002685547,0,0
1076,884377,21.614015579223633,-18.929197311401367,-89.47335052490234,2.355648994445801,0,0,2.355648994445801,0,1
1077,840068,-4.382755279541016,-20.1573543548584,100.92320251464844,1.3466991186141968,1,0,1.3466991186141968,0,1
1078,327436,9.777925491333008,16.405672073364258,347.73516845703125,0.7990140914916992,1,0,175.65240478515625,0,0
1079,986848,-63.21626281738281,-115.7429428100586,-102.39523315429688,0.6005770564079285,1,0,34.67076110839844,0,2
1080,775973,-7.461515426635742,13.552656173706055,45.68235778808594,2.20224666595459,0,0,2.20224666595459,0,2
1081,585100,12.603970527648926,-24.250171661376953,-76.43930053710938,1.0877708196640015,1,0,1.0877708196640015,1,1
1082,176883,12.118260383605957,2.4391424655914307,180.1680450439453,0.7901318669319153,1,0,7.609683036804199,0,0
1083,454286,-39.00743103027344,-42.628570556640625,-95.19635009765625,1.299404263496399,1,0,1.299404263496399,0,0
1084,45709,8.015022277832031,24.176511764526367,305.2428894042969,1.018615961074829,1,0,134.40977478027344,0,1
1085,619947,-11.18209457397461,-17.357749938964844,-28.262510299682617,0.9094962477684021,1,0,0.9094961881637573,0,0
1086,864849,10.755348205566406,-2.632467031478882,28.939964294433594,0.9641887545585632,1,0,0.9641886949539185,0,1
1087,168768,-11.529150009155273,7.001230239868164,180.5491943359375,0.8712591528892517,1,0,8.753437995910645,0,1
1088,232882,1.1274161338806152,-11.529206275939941,183.80551147460938,0.6897657513618469,1,0,9.651437759399414,0,1
1089,709150,-43.2577018737793,-41.52434539794922,-72.57096099853516,5.173521518707275,0,0,5.173521518707275,0,0
1090,176577,-10.634963035583496,10.136284828186035,194.3718719482422,0.8442510962486267,1,0,22.84605598449707,0,1
1091,123979,10.715251922607422,10.560752868652344,301.7396545410156,0.6989982724189758,1,0,129.28001403808594,0,1
1092,819068,-3.6515908241271973,-12.114028930664062,136.89199829101562,4.098487377166748,0,0,4.098487377166748,0,1
1093,566942,-18.104843139648438,-10.374469757080078,75.79660034179688,0.5577276349067688,1,1,0.5577276349067688,0,2
1094,947683,-100.752685546875,15.130555152893066,-140.5921173095703,0.6429924964904785,1,0,56.84298324584961,0,1
1095,461239,21.081138610839844,-44.769691467285156,-82.22870635986328,0.7457523941993713,1,0,0.7457523941993713,0,1
1096,599984,11.071895599365234,-6.384552001953125,-61.75115203857422,9.631830215454102,0,0,9.631830215454102,0,1
1097,514158,-5.672114849090576,2.3071706295013428,165.8677978515625,5.81024169921875,0,0,5.81024169921875,0,1
1098,778584,2.584172487258911,12.210572242736816,51.35095977783203,7.186875820159912,0,0,7.186875820159912,0,2
1099,309307,-10.39822006225586,11.069157600402832,317.87091064453125,2.1725351810455322,0,0,145.57192993164062,0,1
1100,893917,14.869040489196777,-61.648773193359375,-96.80915069580078,0.7818253040313721,1,0,0.7818253040313721,0,1
1101,877358,17.165332794189453,-22.890424728393555,-92.28353881835938,0.7135574817657471,1,0,0.7135574221611023,0,1
1102,738069,-33.7310791015625,-60.72698974609375,-90.02719116210938,0.8540897965431213,1,0,0.8540897965431213,0,1
1103,918608,21.31726837158203,-47.29043960571289,-127.0562973022461,0.6517474055290222,1,0,0.6517474055290222,0,1
1104,202516,-0.16083045303821564,15.674394607543945,206.83148193359375,1.9548133611679077,0,0,35.816612243652344,0,1
1105,371198,-10.218143463134766,30.428905487060547,352.6038818359375,1.2445200681686401,1,0,182.35293579101562,0,1
1106,554430,-5.276614189147949,-4.291412353515625,-48.75142288208008,3.224776029586792,0,0,3.224776029586792,1,1
1107,370034,-3.7840142250061035,15.922887802124023,366.22760009765625,5.743373394012451,0,0,194.16690063476562,0,1
1108,476889,7.0077595710754395,19.503082275390625,28.430614471435547,0.7541483044624329,1,0,0.7541483640670776,0,1
1109,686998,-40.32758712768555,-46.18296432495117,-64.43557739257812,1.1388989686965942,1,0,1.1388989686965942,0,1
1110,372504,-8.446014404296875,14.897403717041016,369.3052978515625,2.2937989234924316,0,0,197.0730438232422,0,1
1111,265523,-11.566584587097168,14.288424491882324,260.0013122558594,1.6894781589508057,0,0,88.51594543457031,0,2
1112,967174,23.189123153686523,-83.2203598022461,-118.4446029663086,0.6660314798355103,1,0,11.919716835021973,0,1
1113,551942,17.209320068359375,-17.16574478149414,-34.14308547973633,0.92132967710495,1,0,0.9213297367095947,0,0
1114,643222,-28.108150482177734,-24.047306060791016,-23.57928466796875,1.259230375289917,1,0,1.2592302560806274,0,1
1115,152216,-0.5597127079963684,-2.560163736343384,200.794189453125,7.172305107116699,0,0,28.51671600341797,0,0
1116,974667,2.1033825874328613,-105.25523376464844,-125.37025451660156,0.486941397190094,1,0,43.15459060668945,0,2
1117,486937,9.186806678771973,7.564924716949463,18.761112213134766,3.472623348236084,0,0,3.472623348236084,0,0
1118,192387,11.260616302490234,10.038426399230957,211.71893310546875,0.7560097575187683,1,0,39.842933654785156,0,0
1119,276117,-1.5034630298614502,14.141216278076172,228.91787719726562,5.996445178985596,0,0,57.83534240722656,0,1
1120,714152,-46.03551483154297,-42.12630844116211,-80.37149047851562,1.103821039199829,1,0,1.103821039199829,0,0
1121,715035,-36.8353271484375,-48.31175994873047,-78.26769256591797,0.9832161068916321,1,0,0.9832161664962769,0,1
1122,811287,11.053470611572266,-2.177396535873413,135.80076599121094,2.7934889793395996,0,0,2.7934889793395996,0,1
1123,61389,-13.620768547058105,19.48012351989746,365.4904479980469,0.8375508189201355,1,0,193.8702850341797,0,2
1124,151496,-11.895596504211426,-0.15617956221103668,203.34669494628906,1.1038012504577637,1,0,30.5411434173584,0,1
1125,123568,1.5263142585754395,2.697855234146118,299.0516052246094,0.8778714537620544,1,0,125.76116943359375,0,1
1126,601423,-3.084024429321289,-8.464137077331543,-62.440582275390625,1.4871536493301392,1,0,1.4871536493301392,0,1
1127,668140,11.766295433044434,-5.863816261291504,-66.07610321044922,7.884561061859131,0,0,7.884561061859131,0,1
1128,7202,48.71129608154297,21.496784210205078,-128.4785614013672,0.6064642667770386,1,0,51.5836296081543,0,0
1129,524742,3.7528717517852783,-17.6224308013916,77.53985595703125,1.0093214511871338,1,0,1.0093214511871338,0,1
1130,241833,11.90859603881836,-2.9783520698547363,176.97181701660156,0.7504695653915405,1,0,3.823564052581787,0,0
1131,8338,53.27540969848633,16.468833923339844,-126.69029998779297,0.6654983162879944,1,0,48.93867874145508,0,0
1132,879453,28.81753158569336,-27.417638778686523,-83.51473999023438,0.8807357549667358,1,0,0.8807357549667358,0,0
1133,758110,-66.38748931884766,-11.251044273376465,-114.01582336425781,0.994747519493103,1,0,6.320460319519043,0,1
1134,414557,-8.897000312805176,-0.26827120780944824,-17.339942932128906,2.5372304916381836,0,0,2.5372304916381836,0,1
1135,159513,-11.966631889343262,1.4231034517288208,217.74221801757812,0.9550349116325378,1,0,45.01813888549805,0,1
1136,549632,-0.9280259609222412,-21.653759002685547,-37.25101852416992,2.5545780658721924,0,0,2.5545780658721924,0,1
1137,238789,5.6363444328308105,-10.391810417175293,175.6840057373047,0.910608172416687,1,0,1.8820505142211914,0,1
1138,493256,-4.64998722076416,8.9728364944458,5.032933235168457,4.766786575317383,0,0,4.766786575317383,0,2
1139,527613,13.737374305725098,-3.522963762283325,67.15362548828125,0.9932227730751038,1,0,0.9932228326797485,0,3
1140,288543,-12.131362915039062,13.233344078063965,234.65110778808594,0.6740044951438904,1,0,63.211849212646484,0,0
1141,10370,52.7496337890625,17.813720703125,-127.44480895996094,1.3708635568618774,1,0,49.96815872192383,0,0
1142,511171,-3.3694908618927,-1.6966774463653564,159.61338806152344,8.641450881958008,0,0,8.641450881958008,0,2
1143,724,60.21949768066406,32.86857986450195,-126.10520935058594,0.5467620491981506,1,0,66.70459747314453,0,1
1144,49955,10.812361717224121,19.44440460205078,306.21087646484375,0.6518205404281616,1,0,134.77931213378906,0,1
1145,142019,-10.765402793884277,24.489412307739258,321.9499816894531,1.8012863397598267,0,0,151.22317504882812,0,1
1146,708227,-35.26755142211914,-39.65726089477539,-73.86991882324219,1.4286936521530151,1,0,1.4286936521530151,0,0
1147,735175,-34.70150375366211,-64.30693817138672,-93.50237274169922,0.6588619351387024,1,0,0.6588619351387024,0,0
1148,146476,-10.35800552368164,-5.081511974334717,197.8585662841797,0.7897952795028687,1,0,24.483491897583008,0,0
1149,583071,16.479835510253906,-26.583633422851562,-74.22595977783203,0.9580058455467224,1,0,0.9580058455467224,0,1
1150,36190,27.785432815551758,-25.21736717224121,-124.0558090209961,0.6758882999420166,1,0,0.6758883595466614,0,0
1151,954877,30.411874771118164,-67.3833999633789,-105.96200561523438,0.6088133454322815,1,1,0.6088133454322815,0,1
1152,621255,-11.22663688659668,-11.709789276123047,-21.971118927001953,3.9621620178222656,0,0,3.9621617794036865,0,1
1153,805911,4.811648845672607,6.963160991668701,129.18728637695312,1.1529231071472168,1,0,1.1529231071472168,0,0
1154,938456,-87.80732727050781,9.98524284362793,-133.57603454589844,1.020958662033081,1,0,42.163089752197266,0,1
1155,575642,-13.29930591583252,-11.031103134155273,77.96812438964844,3.9125640392303467,0,0,3.9125640392303467,0,1
1156,176277,-11.506011009216309,6.444848537445068,187.75645446777344,1.0839732885360718,1,0,15.855937004089355,0,1
1157,967363,22.11929702758789,-83.5715560913086,-115.59439849853516,0.5976887345314026,1,0,12.272192001342773,0,1
1158,538587,1.9265046119689941,-9.884039878845215,46.422515869140625,4.439004898071289,0,0,4.439004898071289,0,2
1159,87733,-7.496033191680908,2.0245676040649414,272.3769836425781,1.4985276460647583,1,0,99.29196166992188,1,1
1160,892961,17.149538040161133,-57.82918930053711,-100.15815734863281,0.645311176776886,1,0,0.6453112363815308,0,1
1161,834344,-2.0088448524475098,-21.46996307373047,103.27777099609375,0.6351713538169861,1,1,0.6351712942123413,0,1
1162,326192,8.655397415161133,21.367380142211914,332.3411865234375,2.282392978668213,0,0,160.9876708984375,0,2
1163,507914,0.2822082042694092,2.886240243911743,154.85879516601562,7.100622177124023,0,0,7.100622177124023,0,2
1164,955763,31.039878845214844,-67.3653564453125,-105.11290740966797,0.6983830332756042,1,0,0.6983829736709595,0,1
1165,631886,-0.6588740348815918,-15.475285530090332,-4.845024108886719,1.2380304336547852,1,0,1.2380304336547852,0,1
1166,888594,17.16681480407715,-23.88953971862793,-87.09184265136719,1.6376991271972656,0,0,1.6376991271972656,0,0
1167,101859,10.408307075500488,14.678318977355957,292.99359130859375,1.2666821479797363,1,0,121.09613800048828,0,0
1168,874298,27.956012725830078,-22.691450119018555,-91.6808090209961,0.807692289352417,1,0,0.8076922297477722,0,1
1169,320216,10.89157772064209,20.601959228515625,341.2694091796875,0.8875994682312012,1,0,169.7223663330078,0,1
1170,828768,2.9228224754333496,-18.4158935546875,118.58860778808594,1.2175521850585938,1,0,1.2175519466400146,1,1
1171,302557,-9.883591651916504,21.382442474365234,330.70147705078125,4.264838218688965,0,0,159.5784912109375,0,1
1172,116168,7.329074859619141,13.391469955444336,250.79806518554688,3.8663644790649414,0,0,79.16671752929688,0,0
1173,625553,4.358601093292236,-11.044022560119629,-20.846736907958984,1.5634615421295166,0,0,1.5634615421295166,0,1
1174,738300,-33.38572692871094,-55.72468948364258,-91.5554428100586,0.624599277973175,1,1,0.624599277973175,0,1
1175,189372,9.922441482543945,10.69101619720459,199.4604949951172,0.8242751955986023,1,0,27.762310028076172,0,0
1176,414815,-9.2086763381958,-5.5540995597839355,-16.808734893798828,5.82799768447876,0,0,5.82799768447876,0,1
1177,260722,-8.616227149963379,12.933239936828613,251.9675750732422,4.5229010581970215,0,0,80.45764923095703,1,1
1178,887710,15.932476997375488,-14.4463472366333,-84.56253814697266,1.2956453561782837,1,0,1.2956453561782837,0,0
1179,250819,-7.4723968505859375,-1.660663366317749,236.30047607421875,1.7648406028747559,0,0,63.04841232299805,0,1
1180,641116,10.815256118774414,15.339433670043945,-0.6726881265640259,1.124908685684204,1,0,1.124908685684204,0,1
1181,578278,-5.848977088928223,-0.7104448080062866,92.13529968261719,3.9239885807037354,0,0,3.9239885807037354,0,1
1182,277021,3.4271340370178223,19.722139358520508,237.91944885253906,0.9867990612983704,1,0,67.08351135253906,0,1
1183,594314,3.1535451412200928,-21.116806030273438,-70.4983901977539,1.203665018081665,1,0,1.203665018081665,0,1
1184,769681,-7.505370616912842,12.831178665161133,63.53246307373047,1.9148329496383667,0,0,1.9148329496383667,1,1
1185,492618,5.352607250213623,8.863430976867676,5.6410298347473145,8.612334251403809,0,0,8.612334251403809,0,1
1186,44551,-1.0394331216812134,27.385345458984375,307.3948974609375,2.239621877670288,0,0,137.0329132080078,0,1
1187,336671,-3.712254524230957,25.82297706604004,279.1924133300781,0.6570714116096497,1,0,108.85523223876953,0,0
1188,523316,8.071305274963379,-11.851126670837402,81.0399169921875,1.441165566444397,1,0,1.441165566444397,0,1
1189,877765,29.12693214416504,-18.887149810791016,-88.2940902709961,1.044754147529602,1,0,1.044754147529602,0,1
1190,389976,-8.76804256439209,10.747106552124023,296.24969482421875,4.379093170166016,0,0,124.1146469116211,0,0
1191,885198,16.44760513305664,-21.079498291015625,-88.86058044433594,0.9089650511741638,1,0,0.9089650511741638,0,1
1192,296291,-1.6797306537628174,5.013670444488525,322.9002380371094,0.6520211696624756,1,0,149.745361328125,0,1
1193,208668,-6.448483943939209,10.108538627624512,227.202880859375,6.18193244934082,0,0,55.73134231567383,0,1
1194,942923,-96.74974822998047,13.604217529296875,-136.11167907714844,1.088881492614746,1,0,51.205570220947266,0,0
1195,289199,-5.343076705932617,17.766918182373047,222.50335693359375,1.074780821800232,1,0,51.631431579589844,0,1
1196,809584,12.519909858703613,-9.791905403137207,134.94764709472656,0.8669888973236084,1,0,0.8669888973236084,0,1
1197,710038,-34.84219741821289,-36.781288146972656,-73.91032409667969,0.7891968488693237,1,0,0.7891968488693237,0,0
1198,75518,3.116703748703003,34.66379165649414,365.3047180175781,0.7029513120651245,1,0,195.3376922607422,0,1
1199,383382,-9.576828956604004,10.59727668762207,288.6138000488281,3.739595890045166,0,0,116.50665283203125,0,1
1200,698517,-32.13018035888672,-35.257171630859375,-53.85111999511719,1.593503713607788,0,0,1.593503713607788,0,1
1201,813553,12.485161781311035,-7.896180152893066,146.8363037109375,1.073723554611206,1,0,1.0737236738204956,0,0
1202,902793,17.357715606689453,-49.593387603759766,-100.12355041503906,1.0021264553070068,1,0,1.0021264553070068,0,0
1203,2169,58.32023620605469,28.80344009399414,-128.39230346679688,1.0664771795272827,1,0,62.29897689819336,0,1
1204,832755,5.442415714263916,-13.420964241027832,111.48929595947266,4.562339782714844,0,0,4.562339782714844,0,1
1205,803086,12.152823448181152,-10.620426177978516,117.94438171386719,1.0806589126586914,1,0,1.0806589126586914,0,0
1206,101873,11.035296440124512,15.621284484863281,295.31268310546875,0.9057151675224304,1,0,123.50149536132812,0,0
1207,120016,11.037384033203125,5.170097827911377,246.54544067382812,0.8202230930328369,1,0,73.839111328125,0,1
1208,199774,7.429296016693115,14.721856117248535,216.64190673828125,0.7935419678688049,1,0,45.32714080810547,0,0
1209,107571,8.702991485595703,7.706115245819092,266.37750244140625,2.7916758060455322,0,0,93.89161682128906,0,1
1210,211920,-5.7503156661987305,-4.0265703201293945,231.63751220703125,1.2984445095062256,1,0,58.1092529296875,0,1
1211,972585,-4.170955657958984,-110.61067962646484,-125.91111755371094,0.5675598382949829,1,0,51.24288558959961,0,1
1212,136904,-12.112081527709961,11.647427558898926,306.1272277832031,1.318729043006897,1,0,133.98919677734375,0,1
1213,147063,-4.219198226928711,-7.439167022705078,196.92184448242188,2.301771402359009,0,0,23.320592880249023,0,0
1214,949127,-98.23394775390625,20.357635498046875,-143.4092559814453,0.48881322145462036,1,0,59.79598617553711,0,1
1215,157484,-6.273880958557129,10.105999946594238,199.9365692138672,4.052252292633057,0,0,28.60148811340332,0,1
1216,12640,47.616703033447266,16.723247528076172,-126.98710632324219,1.3079766035079956,1,0,46.771968841552734,0,1
1217,555291,-7.0413079261779785,-14.944111824035645,-34.545536041259766,1.413234829902649,1,0,1.413234829902649,0,1
1218,509191,10.446762084960938,4.425232887268066,158.34521484375,1.8425922393798828,0,0,1.8425922393798828,0,1
1219,505877,9.530936241149902,6.17285680770874,150.03648376464844,1.2303707599639893,1,0,1.2303707599639893,0,1
1220,923001,22.543731689453125,-49.90998840332031,-123.10448455810547,1.5128405094146729,0,0,1.5128405094146729,0,1
1221,216457,7.661007881164551,8.527164459228516,224.1801300048828,4.308150768280029,0,0,52.24229431152344,0,1
1222,5076,53.14134979248047,28.509937286376953,-125.51155853271484,0.5981128215789795,1,0,59.72071838378906,0,1
1223,729370,-49.56980895996094,-73.76599884033203,-97.47017669677734,1.4750651121139526,1,0,1.475064992904663,0,0
1224,32314,31.067859649658203,-20.03771209716797,-124.01345825195312,0.9433806538581848,1,0,6.427545547485352,0,1
1225,700721,-43.906185150146484,-22.543333053588867,-62.60329818725586,0.7217176556587219,1,0,0.7217177152633667,0,1
1226,688607,-34.554264068603516,-39.485015869140625,-66.66358947753906,1.819128155708313,0,0,1.8191282749176025,0,1
1227,113739,1.7912064790725708,4.648591995239258,259.8998107910156,6.399566173553467,0,0,87.3561782836914,0,0
1228,495270,-10.108004570007324,5.726809024810791,-3.374457597732544,1.1067402362823486,1,0,1.1067402362823486,0,2
1229,480773,-3.5373034477233887,18.594953536987305,27.114822387695312,1.5726715326309204,0,0,1.5726715326309204,0,1
1230,766297,-78.87112426757812,-0.6185516715049744,-127.24864196777344,1.1031774282455444,1,0,27.06011390686035,0,0
1231,419037,-28.88335609436035,-29.810941696166992,-50.34852981567383,1.861863136291504,0,0,1.8618630170822144,0,1
1232,847172,6.162838459014893,-7.760685920715332,93.2751693725586,1.1964161396026611,1,0,1.1964162588119507,1,1
1233,460142,22.748048782348633,-42.37006759643555,-81.38028717041016,0.6767192482948303,1,0,0.6767192482948303,0,1
1234,491262,-2.0550708770751953,12.896390914916992,2.6076650619506836,3.101177215576172,0,0,3.101177215576172,0,2
1235,203705,7.994542121887207,9.454937934875488,217.14459228515625,3.514150619506836,0,0,45.31952667236328,0,1
1236,370444,-11.2741060256958,15.043831825256348,371.834228515625,0.7806088924407959,1,0,199.61605834960938,1,1
1237,570280,-16.3953914642334,-6.308781147003174,75.33287048339844,2.343757152557373,0,0,2.343757152557373,0,1
1238,924007,18.859683990478516,-50.149810791015625,-119.34932708740234,1.1630297899246216,1,0,1.1630297899246216,0,0
1239,542937,6.8572516441345215,-23.50448989868164,-44.23296356201172,6.210845947265625,0,0,6.210845947265625,0,1
1240,289048,-6.491780757904053,18.67770767211914,229.2724609375,0.6556157469749451,1,0,58.467987060546875,0,1
1241,104669,10.487146377563477,13.770862579345703,263.07537841796875,1.2060024738311768,1,0,91.28594207763672,0,1
1242,466560,23.72905921936035,-44.388267517089844,-87.1705551147461,0.8269846439361572,1,0,0.8269846439361572,0,1
1243,383766,-8.522967338562012,9.132645606994629,286.9299621582031,4.357176303863525,0,0,114.67172241210938,0,0
1244,149333,4.073366641998291,-7.775792598724365,207.00930786132812,0.7241480350494385,1,0,33.10665512084961,0,1
1245,906467,11.781978607177734,-54.426246643066406,-108.7631607055664,0.6470685601234436,1,0,0.6470685601234436,0,1
1246,262947,-13.394926071166992,11.08534049987793,263.84918212890625,0.8772644996643066,1,0,91.95548248291016,0,1
1247,408969,-3.1796486377716064,-0.018116634339094162,-22.66440200805664,1.222616195678711,1,0,1.222616195678711,0,1
1248,107543,10.181402206420898,3.6734719276428223,259.85302734375,0.7070133090019226,1,0,86.8802490234375,0,1
1249,687861,-36.380027770996094,-45.98088836669922,-65.89933013916016,2.3563573360443115,0,0,2.3563573360443115,0,1
1250,624382,7.967691898345947,-7.8272318840026855,-26.293548583984375,3.359060525894165,0,0,3.359060525894165,0,1
1251,355224,-10.235517501831055,12.115776062011719,353.1329345703125,0.9111414551734924,1,0,180.6905059814453,0,1
1252,108114,11.64245319366455,10.553998947143555,254.16705322265625,0.8054596781730652,1,0,82.04068756103516,0,0
1253,670040,-1.6564102172851562,-1.9690003395080566,-61.244808197021484,1.4178416728973389,1,0,1.4178416728973389,0,1
1254,942679,-94.27666473388672,14.611100196838379,-136.4294891357422,1.795746088027954,0,0,50.43474578857422,0,0
1255,856173,-13.98915958404541,5.986800670623779,33.159278869628906,1.5641252994537354,0,0,1.5641252994537354,0,1
1256,216506,8.654909133911133,6.40546178817749,231.9347381591797,3.3994009494781494,0,0,59.59720230102539,0,0
1257,629667,7.742892742156982,-9.670601844787598,-10.191349029541016,3.619464159011841,0,0,3.619464159011841,0,2
1258,30262,33.668880462646484,-15.28882884979248,-129.17506408691406,0.7624074816703796,1,0,11.952709197998047,0,1
1259,864157,9.955970764160156,7.3778581619262695,26.69063377380371,1.895819902420044,0,0,1.895819902420044,0,2
1260,564213,-15.900711059570312,4.147669315338135,64.28740692138672,2.164069414138794,0,0,2.164069414138794,0,1
1261,727804,-49.1927375793457,-76.07875061035156,-98.24314880371094,0.8062714338302612,1,0,0.8062714338302612,0,1
1262,230301,-4.075392723083496,-1.3288697004318237,175.4521484375,8.421345710754395,0,0,8.803491592407227,0,1
1263,123950,5.1390485763549805,6.743852615356445,298.75927734375,2.355058431625366,0,0,125.939453125,0,0
1264,703015,-43.05977249145508,-28.720260620117188,-68.34281158447266,1.6060636043548584,0,0,1.6060636043548584,0,1
1265,342058,8.812666893005371,18.38102912902832,284.91741943359375,1.8548860549926758,0,0,113.5447769165039,0,2
1266,148043,2.812074899673462,-6.966598987579346,198.205322265625,2.516045093536377,0,0,24.601531982421875,0,1
1267,331861,1.2644308805465698,24.32205581665039,268.1782531738281,0.61091548204422,1,0,97.69468688964844,1,1
1268,581507,27.114505767822266,-25.85091209411621,-79.43086242675781,2.2107136249542236,0,0,2.2107136249542236,0,0
1269,191633,7.700563907623291,12.446920394897461,201.1159210205078,1.0589624643325806,1,0,29.640470504760742,0,1
1270,950897,-104.97993469238281,22.108684539794922,-145.1111602783203,2.238420248031616,0,0,65.9617691040039,0,1
1271,328924,8.087281227111816,16.890363693237305,355.3882141113281,2.030695915222168,0,0,183.3336181640625,0,1
1272,523632,8.434557914733887,-11.035392761230469,80.81808471679688,1.4733387231826782,1,0,1.4733387231826782,0,1
1273,548586,12.343929290771484,-16.767845153808594,-36.548858642578125,5.7028045654296875,0,0,5.7028045654296875,0,0
1274,952391,30.802431106567383,-70.66080474853516,-113.51561737060547,0.7112913727760315,1,0,0.7112913727760315,0,1
1275,874684,28.81927490234375,-25.000707626342773,-91.26580047607422,0.7664044499397278,1,0,0.7664044499397278,0,1
1276,959164,28.050783157348633,-64.38153076171875,-102.03131103515625,1.6984254121780396,0,0,1.6984254121780396,0,0
1277,848913,-7.4208784103393555,-17.113080978393555,90.72537231445312,4.630263805389404,0,0,4.630263805389404,0,0
1278,352740,-6.240304946899414,8.19643497467041,343.33880615234375,0.8318272829055786,1,0,170.46029663085938,0,1
1279,320139,-0.08915825933218002,29.92331314086914,331.2421875,2.280472755432129,0,0,161.0005340576172,0,1
1280,445588,-45.400054931640625,-33.519615173339844,-105.17202758789062,1.6122514009475708,0,0,1.6122514009475708,0,1
1281,293286,9.451952934265137,14.711851119995117,328.67095947265625,1.426763653755188,1,0,156.5314483642578,0,1
1282,414712,-11.465807914733887,-0.6660262942314148,-15.564350128173828,1.2053916454315186,1,0,1.2053916454315186,0,1
1283,422144,-28.54530143737793,-20.791894912719727,-48.62864303588867,2.848865270614624,0,0,2.848865270614624,0,1
1284,155731,-9.099335670471191,1.6383774280548096,201.5596923828125,3.715261936187744,0,0,29.179302215576172,0,1
1285,318150,-7.957068920135498,26.970623016357422,328.5507507324219,2.815782070159912,0,0,158.05947875976562,0,2
1286,715690,-46.574851989746094,-41.0362434387207,-79.60462951660156,0.706500232219696,1,0,0.706500232219696,0,1
1287,300755,-8.40096664428711,20.95394515991211,340.7119445800781,6.012638092041016,0,0,169.4996795654297,0,1
1288,406540,-2.0953128337860107,-3.480023145675659,-28.00136375427246,3.102635383605957,0,0,3.102635383605957,0,1
1289,256794,-1.1684784889221191,-3.596900463104248,245.6208953857422,1.111796498298645,1,0,71.99421691894531,0,1
1290,102043,6.139130592346191,9.086459159851074,297.1409606933594,3.587970733642578,0,0,124.63296508789062,0,0
1291,907804,16.074758529663086,-53.681976318359375,-104.42947387695312,1.454439401626587,1,0,1.4544392824172974,0,0
1292,631760,10.56071662902832,-8.862945556640625,-18.20146369934082,0.8033971190452576,1,0,0.8033971190452576,0,2
1293,145796,2.2093966007232666,-9.368693351745605,200.78977966308594,0.8775917887687683,1,0,26.75886344909668,0,0
1294,737141,-35.385189056396484,-63.0027961730957,-95.09664916992188,2.3423147201538086,0,0,2.3423147201538086,0,1
1295,960276,23.616369247436523,-63.720916748046875,-99.14759063720703,1.117745280265808,1,0,1.1177453994750977,0,1
1296,561206,-11.199164390563965,-7.747915267944336,49.69780349731445,2.03902268409729,0,0,2.03902268409729,0,2
1297,655442,-5.412504196166992,-15.747895240783691,-16.55564308166504,0.6003820300102234,1,1,0.6003820300102234,0,0
1298,573475,-12.358465194702148,-11.048128128051758,74.84236145019531,4.592819690704346,0,0,4.592819690704346,0,1
1299,9744,53.047813415527344,18.47408103942871,-128.94766235351562,1.1316032409667969,1,0,50.73241424560547,0,0
1300,803736,2.5122365951538086,-4.6744866371154785,120.5696792602539,8.754999160766602,0,0,8.754999160766602,0,0
1301,573192,-17.62788200378418,-7.613678932189941,80.96886444091797,1.3183233737945557,1,0,1.3183233737945557,0,1
1302,99131,6.120136737823486,11.303605079650879,285.49072265625,5.360564231872559,0,0,113.40686798095703,0,1
1303,120585,5.57822322845459,4.859598636627197,250.4449005126953,5.219239234924316,0,0,77.89887237548828,0,1
1304,395857,4.898348331451416,3.5301735401153564,-35.88090133666992,1.0268625020980835,1,0,1.0268625020980835,0,1
1305,295529,2.8271117210388184,5.858144760131836,321.7874755859375,0.7775567173957825,1,0,148.69766235351562,0,1
1306,776239,7.146022319793701,8.187739372253418,57.41816329956055,5.540707111358643,0,0,5.540707111358643,0,1
1307,549875,5.399200439453125,-21.331497192382812,-33.915679931640625,4.160253524780273,0,0,4.160253524780273,0,1
1308,55826,5.529216766357422,15.403329849243164,324.3456115722656,5.448538303375244,0,0,152.44873046875,0,1
1309,411986,-2.422872543334961,-7.292657852172852,-21.906824111938477,2.5862655639648438,0,0,2.5862655639648438,0,0
1310,538730,-11.208139419555664,-12.383094787597656,58.314517974853516,1.4751070737838745,1,0,1.4751070737838745,0,2
1311,599329,-3.1535305976867676,-11.942477226257324,-65.17559051513672,1.2569810152053833,1,0,1.2569810152053833,0,1
1312,501826,-3.228869676589966,6.458925724029541,142.9442901611328,1.7913626432418823,0,0,1.7913626432418823,0,2
1313,758119,-67.58794403076172,-9.833715438842773,-114.81555938720703,0.8074157238006592,1,0,8.284756660461426,0,1
1314,543871,-0.9394374489784241,-15.712156295776367,-58.42531967163086,5.115848064422607,0,0,5.115848064422607,0,1
1315,406774,5.050720691680908,8.275917053222656,-20.89098358154297,0.9483937621116638,1,0,0.9483937621116638,0,1
1316,969399,23.5497989654541,-81.0799560546875,-116.35536193847656,1.6707934141159058,0,0,9.795767784118652,0,0
1317,171833,-10.637446403503418,5.952307224273682,177.12701416015625,1.326320767402649,1,0,5.346203804016113,0,1
1318,458833,20.319690704345703,-42.215858459472656,-80.50338745117188,0.7978581786155701,1,0,0.7978581786155701,0,1
1319,970757,28.429006576538086,-75.24382781982422,-116.06307220458984,0.9027488231658936,1,0,2.3542962074279785,0,0
1320,662383,-11.39311408996582,-6.44920539855957,0.301896870136261,1.2820203304290771,1,0,1.2820202112197876,0,1
1321,205169,-8.024949073791504,13.1901216506958,206.53866577148438,1.505607008934021,0,0,35.278987884521484,0,1
1322,97520,3.379629611968994,3.0112645626068115,293.22137451171875,1.0575215816497803,1,0,119.99337005615234,0,0
1323,215891,3.156611204147339,-1.837741494178772,225.3625946044922,3.878544569015503,0,0,52.18898391723633,0,0
1324,9916,48.277862548828125,19.70909309387207,-127.20601654052734,0.7987344861030579,1,0,49.748939514160156,0,0
1325,937620,-88.22220611572266,5.688812255859375,-132.51983642578125,1.6767964363098145,0,0,39.34547805786133,1,1
1326,167936,-10.75977897644043,8.278762817382812,180.73471069335938,0.9338553547859192,1,0,9.08877182006836,0,1
1327,939138,-88.05235290527344,6.8028645515441895,-134.63551330566406,0.7438297867774963,1,0,40.92417907714844,0,1
1328,814277,8.5348539352417,-12.563183784484863,136.43402099609375,1.7526569366455078,0,0,1.7526569366455078,0,2
1329,533789,6.377408981323242,-10.348058700561523,62.99642562866211,4.402225971221924,0,0,4.402225971221924,0,2
1330,443987,-43.55863571166992,-35.004737854003906,-105.43125915527344,0.7143248915672302,1,0,0.7143248915672302,0,1
1331,651963,-10.864896774291992,-17.384096145629883,-15.805542945861816,0.6008264422416687,1,1,0.6008263826370239,0,1
1332,421272,-26.094806671142578,-25.239290237426758,-51.664310455322266,1.1563774347305298,1,0,1.1563774347305298,0,1
1333,849129,0.809160590171814,-16.165630340576172,87.6908950805664,4.087508678436279,0,0,4.087508678436279,0,1
1334,929145,18.447494506835938,-55.843204498291016,-115.31411743164062,1.915534257888794,0,0,1.915534257888794,0,1
1335,819182,3.0592923164367676,-14.436843872070312,148.64041137695312,1.0752227306365967,1,0,1.075222373008728,0,1
1336,402558,-6.523388385772705,-6.253086090087891,-27.43490219116211,0.6479072570800781,1,0,0.6479072570800781,0,1
1337,502823,-8.097947120666504,4.9181952476501465,148.19741821289062,1.2675691843032837,1,0,1.2675694227218628,0,2
1338,177170,-10.873209953308105,8.520023345947266,190.46556091308594,1.0097615718841553,1,0,18.78372573852539,0,1
1339,173308,-6.863620758056641,12.134026527404785,187.6577606201172,1.1970187425613403,1,0,16.40424919128418,0,0
1340,83565,-6.225134372711182,-0.30289673805236816,269.1539001464844,0.80556720495224,1,0,95.79434967041016,0,1
1341,889107,20.461727142333984,-14.75326156616211,-84.94034576416016,2.6536381244659424,0,0,2.6536381244659424,0,0
1342,541858,8.087138175964355,-24.86357879638672,-44.86425018310547,4.928524017333984,0,0,4.928524017333984,0,0
1343,567684,-9.32522964477539,-17.006155014038086,67.01654052734375,1.2845664024353027,1,0,1.2845664024353027,0,2
1344,148774,4.68346643447876,-4.466272830963135,192.51336669921875,4.361771106719971,0,0,19.600055694580078,0,1
1345,675142,-0.9870213866233826,0.37325239181518555,-51.333858489990234,2.7918784618377686,0,0,2.7918784618377686,0,1
1346,935504,-83.86474609375,6.132551193237305,-131.02574157714844,0.9274876713752747,1,0,36.111385345458984,0,1
1347,795799,11.266948699951172,-5.741237163543701,110.32987976074219,0.7323333621025085,1,0,0.732333779335022,0,1
1348,447951,-40.04218673706055,-38.907283782958984,-95.36016845703125,0.7279686331748962,1,0,0.7279686331748962,0,0
1349,277014,5.237240314483643,18.648155212402344,241.09417724609375,1.0774195194244385,1,0,70.09268188476562,0,0
1350,260824,-9.940838813781738,2.4864110946655273,257.2287292480469,1.3272839784622192,1,0,84.33094787597656,0,0
1351,39638,28.43682098388672,-29.318254470825195,-128.0391082763672,1.4538887739181519,1,0,1.4538887739181519,0,1
1352,211819,-4.412453651428223,-6.725862979888916,223.1100616455078,0.47678831219673157,1,0,49.29821014404297,0,0
1353,533450,-3.151172399520874,-17.715877532958984,71.95149993896484,2.2238574028015137,0,0,2.2238574028015137,0,1
1354,511762,-8.03888988494873,6.512490749359131,166.20175170898438,1.904052972793579,0,0,1.904052972793579,0,1
1355,147793,-2.831845760345459,-8.538922309875488,200.9917449951172,1.2876231670379639,1,0,27.132707595825195,0,0
1356,664429,14.842048645019531,-8.0662260055542,-75.59368133544922,2.7888550758361816,0,0,2.7888550758361816,0,1
1357,910076,16.73776626586914,-54.217994689941406,-108.17047882080078,2.3519294261932373,0,0,2.3519294261932373,0,0
1358,827254,2.8962912559509277,-11.312276840209961,157.96446228027344,2.989579916000366,0,0,2.989579916000366,0,2
1359,194209,5.808022499084473,12.60051441192627,201.33340454101562,1.7415598630905151,0,0,29.92921257019043,0,1
1360,966961,18.010461807250977,-87.09026336669922,-118.46742248535156,1.702816128730774,0,0,18.176359176635742,0,1
1361,325235,6.896742343902588,19.660737991333008,352.7131652832031,3.9502689838409424,0,0,181.0531463623047,0,1
1362,884080,29.111982345581055,-14.734580039978027,-82.86272430419922,0.8131263256072998,1,0,0.8131263852119446,0,1
1363,351213,6.660385608673096,18.243061065673828,296.6152648925781,4.330607891082764,0,0,125.2218246459961,0,1
1364,690106,-41.778202056884766,-42.60514831542969,-56.79303741455078,0.9267846941947937,1,0,0.9267847537994385,0,1
1365,534975,10.484756469726562,-2.7172257900238037,63.59517288208008,3.6400020122528076,0,0,3.6400020122528076,0,2
1366,766107,-77.55192565917969,-0.7539169788360596,-126.453857421875,0.9484720230102539,1,0,25.753435134887695,0,0
1367,548709,-7.340043067932129,-18.316362380981445,-50.1278190612793,1.5116908550262451,0,0,1.5116908550262451,0,1
1368,967479,21.013029098510742,-84.88114929199219,-118.36846160888672,1.1019331216812134,1,0,14.559611320495605,0,1
1369,37084,28.195213317871094,-26.974279403686523,-123.4302749633789,0.8706074357032776,1,0,0.8706074357032776,0,0
1370,225197,10.097094535827637,1.6089465618133545,219.2140350341797,1.8027727603912354,0,0,46.320152282714844,0,1
1371,35240,31.403892517089844,-22.743122100830078,-129.34353637695312,0.6832123398780823,1,0,4.265538692474365,0,0
1372,626446,4.629846096038818,-15.015223503112793,-23.63973045349121,0.7025129199028015,1,0,0.7025129795074463,0,1
1373,899014,14.457009315490723,-52.029823303222656,-95.41468811035156,1.512385368347168,0,0,1.512385368347168,0,0
1374,273869,10.495503425598145,13.482101440429688,235.6873016357422,0.6078442931175232,1,0,64.05445098876953,0,0
1375,289246,0.9686950445175171,18.70907211303711,222.703125,0.738183856010437,1,0,51.88045120239258,0,1
1376,410590,9.492225646972656,1.1944812536239624,-16.195932388305664,3.5422027111053467,0,0,3.5422027111053467,0,2
1377,122464,8.731404304504395,8.3154878616333,244.61231994628906,3.1505658626556396,0,0,72.38523864746094,0,1
1378,973566,-5.090459823608398,-113.44898986816406,-126.7127914428711,1.0929771661758423,1,0,54.106201171875,1,1
1379,56492,-1.9415744543075562,24.726835250854492,329.75299072265625,7.532679080963135,0,0,159.08163452148438,0,0
1380,732,60.41571044921875,32.46709442138672,-127.04449462890625,0.7188977599143982,1,0,66.45640563964844,1,1
1381,691776,-32.154747009277344,-38.416290283203125,-60.56657409667969,0.8005423545837402,1,0,0.8005423545837402,0,0
1382,705539,-40.952205657958984,-33.45237350463867,-71.04307556152344,3.8353271484375,0,0,3.8353271484375,0,0
1383,668884,16.81103515625,-3.285125732421875,-66.81393432617188,3.4133429527282715,0,0,3.4133429527282715,0,1
1384,794069,-6.030753135681152,-8.581816673278809,106.12883758544922,5.64207124710083,0,0,5.64207124710083,0,1
1385,275095,-2.6478028297424316,12.103833198547363,229.35952758789062,7.673391819000244,0,0,58.23429870605469,0,0
1386,836087,4.238419055938721,-18.658859252929688,105.15934753417969,2.1222407817840576,0,0,2.1222407817840576,0,1
1387,589695,17.673084259033203,-19.057294845581055,-72.24957275390625,7.026790142059326,0,0,7.026790142059326,0,1
1388,377711,-10.164023399353027,12.280673027038574,274.81610107421875,3.606518507003784,0,0,103.01554107666016,0,1
1389,291326,10.329370498657227,16.90802001953125,331.3014831542969,1.0009748935699463,1,0,159.39291381835938,0,1
1390,811642,11.669108390808105,-3.2936575412750244,135.75099182128906,2.5195133686065674,0,0,2.5195133686065674,0,1
1391,646149,-14.678544998168945,-22.770221710205078,-16.957700729370117,0.8626043796539307,1,0,0.8626043796539307,1,1
1392,527034,1.4952472448349,-18.35695457458496,77.8892593383789,1.0313297510147095,1,0,1.0313297510147095,1,1
1393,100230,8.779082298278809,7.988978862762451,293.0780944824219,1.2473047971725464,1,0,120.39798736572266,0,1
1394,496068,-3.311807870864868,6.309379577636719,-4.54533052444458,5.690573215484619,0,0,5.690573215484619,0,1
1395,844764,-12.381937026977539,-17.261240005493164,97.38508605957031,1.2118494510650635,1,0,1.2118494510650635,0,0
1396,224966,8.922904014587402,-1.8201807737350464,219.876708984375,1.1752454042434692,1,0,46.556148529052734,0,0
1397,507455,-7.66856050491333,8.33459758758545,163.7835693359375,1.0135447978973389,1,0,1.0135445594787598,0,1
1398,839419,-1.3374556303024292,-20.125551223754883,102.50527954101562,1.4083608388900757,1,0,1.4083609580993652,0,1
1399,360858,-8.256994247436523,21.769563674926758,346.28289794921875,6.168514728546143,0,0,175.12962341308594,0,0
1400,140441,-13.279850959777832,20.399269104003906,302.5981140136719,0.6544603109359741,1,0,131.53607177734375,0,0
1401,199045,7.617419242858887,-0.7958466410636902,209.74623107910156,3.4653444290161133,0,0,36.784976959228516,0,0
1402,474763,19.57245445251465,-39.43075942993164,-102.1275863647461,2.622514009475708,0,0,2.622514009475708,0,1
1403,877853,22.12517738342285,-27.358386993408203,-92.18370819091797,5.821059226989746,0,0,5.821059226989746,0,1
1404,266024,-11.326471328735352,13.233278274536133,261.289306640625,2.2064411640167236,0,0,89.6766357421875,0,1
1405,7204,49.36906433105469,22.180814743041992,-128.98992919921875,0.6135174632072449,1,0,52.500091552734375,0,0
1406,749379,-59.6826057434082,-20.559232711791992,-106.48082733154297,0.7790998816490173,1,0,0.7790998220443726,0,1
1407,491143,-7.6158766746521,9.367785453796387,17.142343521118164,4.010924816131592,0,0,4.010924816131592,0,1
1408,933806,-79.71971893310547,-3.9228203296661377,-126.11737060546875,0.7075114846229553,1,0,25.032508850097656,0,0
1409,539524,9.6489839553833,-28.800230026245117,-57.336544036865234,2.191948175430298,0,0,2.191948175430298,0,1
1410,342850,-2.31209397315979,17.97515869140625,284.06573486328125,8.623119354248047,0,0,113.07061004638672,0,0
1411,421259,-25.52569580078125,-24.29189682006836,-50.9854621887207,0.9585602283477783,1,0,0.9585601687431335,1,1
1412,760287,-68.4127197265625,-10.706377029418945,-117.10879516601562,2.4914793968200684,0,0,9.719527244567871,0,1
1413,393325,-3.532186269760132,7.380279541015625,301.39093017578125,4.963312149047852,0,0,128.7844696044922,0,1
1414,329906,9.599013328552246,16.52379608154297,357.9179992675781,0.5999943017959595,1,0,185.77725219726562,0,1
1415,511015,4.221805572509766,3.4372739791870117,159.5890655517578,7.3496856689453125,0,0,7.3496856689453125,0,2
1416,202420,5.025447368621826,16.11956787109375,218.33566284179688,0.8565226197242737,1,0,47.19812774658203,0,1
1417,335124,-0.43896758556365967,17.93137550354004,267.02020263671875,6.477431297302246,0,0,96.01600646972656,0,1
1418,200185,6.553860664367676,11.594188690185547,211.77337646484375,2.880551815032959,0,0,40.228858947753906,0,0
1419,938916,-91.0897216796875,9.718640327453613,-131.56724548339844,0.9448722004890442,1,0,43.06901931762695,0,1
1420,449228,-43.426395416259766,-41.25811004638672,-95.8316421508789,1.978616714477539,0,0,1.9786168336868286,0,1
1421,326286,9.431585311889648,22.911710739135742,356.8588562011719,1.5785118341445923,0,0,185.49462890625,0,1
1422,141880,-12.157129287719727,24.311351776123047,315.15240478515625,0.7836005687713623,1,0,144.45652770996094,0,1
1423,159840,-11.99010944366455,2.791494369506836,217.99850463867188,1.1927306652069092,1,0,45.44230651855469,0,1
1424,617722,-14.958059310913086,-19.195796966552734,-23.42180061340332,5.157995700836182,0,0,5.157995700836182,0,1
1425,301145,-2.825450897216797,6.298438549041748,322.5872802734375,1.5943204164505005,0,0,149.60589599609375,0,1
1426,632515,11.23028564453125,0.005201611667871475,-10.156597137451172,3.409005641937256,0,0,3.409005641937256,0,1
1427,718176,-40.47982406616211,-48.57852554321289,-76.45915222167969,2.6335718631744385,0,0,2.6335718631744385,0,1
1428,758397,-63.85170364379883,-13.006839752197266,-113.51036071777344,1.121756911277771,1,0,3.5425517559051514,0,0
1429,186714,11.124642372131348,-3.590282440185547,195.28912353515625,0.5801142454147339,1,0,21.9024715423584,1,1
1430,981896,-55.25204086303711,-100.38682556152344,-100.65629577636719,0.6546439528465271,1,0,17.609214782714844,0,1
1431,432563,-41.041481018066406,-20.632570266723633,-54.55413818359375,2.608152389526367,0,0,2.608152389526367,0,0
1432,940577,-91.22406768798828,12.80921745300293,-134.29013061523438,1.1309540271759033,1,0,46.359737396240234,0,0
1433,182515,-11.087878227233887,0.7904535531997681,190.6973876953125,1.992483377456665,0,0,18.16357421875,0,1
1434,707509,-39.43928909301758,-32.20292663574219,-75.19721221923828,1.0389093160629272,1,0,1.0389093160629272,0,1
1435,426210,-32.74653244018555,-17.352319717407227,-51.002010345458984,1.3613234758377075,1,0,1.3613234758377075,0,0
1436,149341,1.111672043800354,-8.48560619354248,203.34136962890625,1.0648918151855469,1,0,29.420166015625,0,1
1437,283812,0.7681611776351929,20.166059494018555,248.60293579101562,2.0814688205718994,0,0,77.79468536376953,0,0
1438,766478,5.465034008026123,3.5449302196502686,85.79730987548828,0.9271432161331177,1,0,0.9271432161331177,0,1
1439,280975,-1.525701642036438,16.869531631469727,227.24684143066406,3.0978119373321533,0,0,56.27873611450195,0,1
1440,189924,8.47164249420166,-1.0127201080322266,197.16561889648438,3.4374473094940186,0,0,24.344816207885742,0,1
1441,15299,48.629337310791016,7.329623222351074,-127.33773803710938,0.8010318279266357,1,0,38.72136306762695,0,1
1442,431183,-33.637046813964844,-23.45874786376953,-57.25129318237305,1.330310344696045,1,0,1.330310344696045,0,0
1443,883905,20.862926483154297,-32.61231231689453,-84.3298568725586,0.639677882194519,1,0,0.6396778225898743,0,1
1444,821057,-7.808228492736816,-8.931626319885254,124.8199462890625,2.53763484954834,0,0,2.53763484954834,0,1
1445,125070,9.416340827941895,9.203685760498047,305.22857666015625,0.6698819398880005,1,0,132.5958251953125,0,1
1446,466165,8.7393798828125,-39.990684509277344,-92.6343002319336,1.1923670768737793,1,0,1.1923670768737793,0,1
1447,829442,10.040915489196777,-13.550511360168457,115.80804443359375,1.3321024179458618,1,0,1.3321025371551514,0,1
1448,53182,8.228861808776855,21.326202392578125,314.1571044921875,2.4456357955932617,0,0,142.9361114501953,0,1
1449,703667,-42.83422088623047,-26.83854103088379,-63.40496063232422,3.1300604343414307,0,0,3.1300604343414307,0,1
1450,889141,16.120882034301758,-24.599050521850586,-86.25714111328125,0.8132149577140808,1,0,0.8132149577140808,0,0
1451,235370,4.827773571014404,-10.40318775177002,184.76223754882812,0.6952064633369446,1,0,10.709206581115723,0,1
1452,560659,-15.30621337890625,4.73886775970459,55.63641357421875,1.3115586042404175,1,0,1.311558723449707,0,2
1453,126979,-3.70196533203125,3.4772684574127197,309.7672119140625,0.553507924079895,1,0,136.5424346923828,0,0
1454,700910,-41.50331115722656,-35.06462478637695,-51.7967643737793,1.7330023050308228,0,0,1.7330023050308228,0,1
1455,606468,-31.479936599731445,-9.989636421203613,-39.335906982421875,1.7468445301055908,0,0,1.7468445301055908,0,0
1456,507896,-2.241262674331665,6.409245014190674,157.1116943359375,3.4579100608825684,0,0,3.4579100608825684,0,1
1457,118905,9.583134651184082,8.44084358215332,249.44607543945312,2.3104546070098877,0,0,77.15457916259766,0,1
1458,879765,24.5618953704834,-30.312149047851562,-88.30004119873047,2.278524398803711,0,0,2.27852463722229,0,0
1459,455606,-41.249778747558594,-48.35564041137695,-89.72281646728516,1.1388438940048218,1,0,1.1388438940048218,0,1
1460,577724,-6.215020656585693,-9.17377758026123,87.95843505859375,11.89885425567627,0,0,11.89885425567627,0,0
1461,491519,9.145881652832031,-6.144752025604248,7.5081562995910645,1.7170214653015137,0,0,1.7170214653015137,1,1
1462,929659,15.750577926635742,-55.45707702636719,-115.84677124023438,2.5093417167663574,0,0,2.5093417167663574,0,1
1463,887442,28.348421096801758,-21.82612419128418,-84.20653533935547,2.9777634143829346,0,0,2.9777634143829346,0,1
1464,15165,44.916786193847656,11.441140174865723,-125.88756561279297,0.8364884257316589,1,0,40.79986572265625,0,1
1465,118923,11.561494827270508,5.1753010749816895,244.93923950195312,0.5997490286827087,1,0,72.23838806152344,1,1
1466,429083,-41.816078186035156,-16.13358497619629,-45.85063552856445,2.243420362472534,0,0,2.243420362472534,0,1
1467,798154,12.137113571166992,-5.532785415649414,112.30064392089844,0.6174588799476624,1,1,0.6174588799476624,0,1
1468,797831,2.8773703575134277,-2.1494946479797363,113.39160919189453,3.1343774795532227,0,0,3.1343777179718018,0,0
1469,696074,-32.7442512512207,-26.712873458862305,-60.97395706176758,1.031067132949829,1,0,1.031067132949829,0,0
1470,783599,-8.985729217529297,16.154653549194336,33.862998962402344,1.18827486038208,1,0,1.18827486038208,0,1
1471,947929,-101.12672424316406,18.6489200592041,-138.62033081054688,0.6530598998069763,1,0,58.2168083190918,0,1
1472,213068,-5.559509754180908,-5.142549991607666,226.7937469482422,0.8523262143135071,1,0,53.1580696105957,0,0
1473,425621,-39.3359375,-30.34549903869629,-47.92850875854492,3.40869140625,0,0,3.40869140625,0,0
1474,530150,-1.8079241514205933,-15.131752014160156,76.32281494140625,4.358122825622559,0,0,4.358122825622559,0,1
1475,173977,-11.288054466247559,5.877371311187744,184.2178192138672,1.2049731016159058,1,0,12.292940139770508,0,1
1476,235690,5.460289001464844,-11.237406730651855,175.44044494628906,0.6389774084091187,1,0,1.3385165929794312,0,1
1477,597029,24.032142639160156,-14.25274658203125,-55.051700592041016,2.4631896018981934,0,0,2.4631896018981934,0,1
1478,878297,27.05158042907715,-27.45182991027832,-89.06986999511719,2.54119610786438,0,0,2.54119610786438,0,1
1479,268659,2.689300775527954,1.7020210027694702,260.5665283203125,3.329418420791626,0,0,87.48686981201172,0,1
1480,922862,18.53281593322754,-49.637664794921875,-124.62614440917969,0.9696621894836426,1,0,0.9696621894836426,0,1
1481,873426,27.528602600097656,-34.46504592895508,-87.67171478271484,0.6923176050186157,1,0,0.6923176050186157,0,1
1482,628695,6.290528297424316,-12.901139259338379,-14.765073776245117,1.335011601448059,1,0,1.335011601448059,0,2
1483,928904,18.30318260192871,-56.87489700317383,-117.09868621826172,1.0882716178894043,1,0,1.0882716178894043,0,1
1484,43452,-5.583407402038574,28.65302848815918,312.53851318359375,1.1443442106246948,1,0,142.3199462890625,0,2
1485,422158,-32.81560134887695,-21.877696990966797,-49.300838470458984,4.710477352142334,0,0,4.710477352142334,0,0
1486,694870,-32.57311248779297,-31.76472282409668,-62.119712829589844,1.3193902969360352,1,0,1.3193901777267456,0,0
1487,280606,-0.1637573391199112,19.745054244995117,238.8933868408203,1.6823375225067139,0,0,68.10464477539062,0,1
1488,779425,-10.848225593566895,13.267298698425293,37.31351089477539,1.0859814882278442,1,0,1.0859813690185547,0,1
1489,106837,-1.173524260520935,24.150522232055664,262.9933166503906,0.554058313369751,1,0,92.54884338378906,0,1
1490,639780,12.642219543457031,11.847809791564941,-5.330461502075195,1.044622778892517,1,0,1.0446228981018066,0,1
1491,573347,-6.2638444900512695,4.374133110046387,86.08031463623047,2.455216407775879,0,0,2.455216407775879,0,1
1492,510044,-4.54671573638916,0.4260269105434418,157.62538146972656,6.708639144897461,0,0,6.708639144897461,0,1
1493,441618,-46.04774856567383,-29.603343963623047,-105.71358489990234,0.6777685880661011,1,0,0.6777685880661011,0,0
1494,782257,2.471466302871704,19.400066375732422,40.2687873840332,1.5845173597335815,0,0,1.5845173597335815,0,1
1495,553423,1.4355318546295166,-23.57676887512207,-31.889070510864258,0.8093077540397644,1,0,0.8093078136444092,0,1
1496,535805,-0.586470365524292,-14.982402801513672,49.86204528808594,0.9938905835151672,1,0,0.9938905835151672,0,2
1497,562645,-12.58818244934082,-11.901214599609375,57.08332824707031,0.7040653228759766,1,0,0.7040653228759766,0,1
1498,413122,-10.473798751831055,1.71061372756958,-14.830611228942871,0.8493298292160034,1,0,0.8493298292160034,0,1
1499,985724,-59.18423843383789,-107.36190795898438,-102.2972640991211,1.985755443572998,0,0,25.683717727661133,0,2
1500,262983,-13.235377311706543,13.005036354064941,262.84075927734375,0.8096632361412048,1,0,91.18262481689453,0,1
1501,297690,1.4605820178985596,17.563385009765625,325.1665344238281,9.667511940002441,0,0,153.76763916015625,0,0
1502,175626,-5.490669250488281,4.070241928100586,182.7631378173828,7.005475997924805,0,0,12.624129295349121,0,0
1503,427639,-26.521032333374023,-17.98682403564453,-49.04134750366211,0.7517209053039551,1,0,0.7517209053039551,0,1
1504,238576,6.419126033782959,-3.5712172985076904,187.57789611816406,4.464252948760986,0,0,14.979057312011719,0,1
1505,823237,-10.58915901184082,-2.7985286712646484,133.6171875,1.2650967836380005,1,0,1.2650965452194214,0,1
1506,117366,-5.183002948760986,20.948291778564453,260.61224365234375,2.16890025138855,0,0,89.86527252197266,0,0
1507,223577,11.2494535446167,7.600645065307617,225.243408203125,1.1202027797698975,1,0,52.982967376708984,0,1
1508,596950,12.180439949035645,-24.484384536743164,-58.11231231689453,5.510060787200928,0,0,5.510060787200928,0,1
1509,438244,-51.569190979003906,-31.1430721282959,-104.5523910522461,1.76944899559021,0,0,1.76944899559021,0,0
1510,546734,-5.214229583740234,-18.2734432220459,-59.94671630859375,1.0602412223815918,1,0,1.0602412223815918,0,1
1511,403040,-3.5738985538482666,-1.016049861907959,-25.002939224243164,0.5832298398017883,1,1,0.5832298398017883,0,1
1512,258072,1.1369928121566772,-3.0331218242645264,238.44984436035156,2.092860460281372,0,0,64.94466400146484,0,1
1513,308385,-12.77688980102539,18.12982177734375,324.245361328125,1.6026982069015503,0,0,152.7582550048828,0,0
1514,526348,8.41441822052002,-9.393980979919434,76.71007537841797,2.742967367172241,0,0,2.742967367172241,0,3
1515,411340,7.981957912445068,10.199501037597656,-17.614093780517578,0.8228762149810791,1,0,0.8228762745857239,0,1
1516,410227,4.2425947189331055,4.683434009552002,-20.52123260498047,2.754218101501465,0,0,2.754218101501465,0,1
1517,47748,5.332808494567871,18.187744140625,306.516845703125,5.813974857330322,0,0,135.1112518310547,0,1
1518,52280,8.995396614074707,20.747709274291992,301.1966247558594,1.4375609159469604,1,0,129.9798583984375,0,1
1519,343272,4.3084516525268555,21.277318954467773,288.7890930175781,3.4437990188598633,0,0,117.81503295898438,0,1
1520,587102,16.916484832763672,-27.656505584716797,-61.15270233154297,0.834172785282135,1,0,0.8341727256774902,0,0
1521,204838,-3.437669038772583,15.064488410949707,208.8097381591797,2.3446686267852783,0,0,37.759056091308594,0,1
1522,352397,-8.56628131866455,22.720170974731445,299.08746337890625,2.6092751026153564,0,0,128.30908203125,0,0
1523,259961,-12.186736106872559,7.954493522644043,257.7720947265625,1.391843557357788,1,0,85.54393005371094,0,1
1524,933415,-83.5806884765625,0.003708505304530263,-128.18502807617188,1.0942883491516113,1,0,30.847900390625,0,0
1525,527084,-3.146695375442505,-20.821317672729492,81.05107879638672,0.7533135414123535,1,0,0.7533135414123535,0,1
1526,848421,1.480604887008667,-15.658456802368164,92.12042999267578,3.1247751712799072,0,0,3.1247751712799072,0,0
1527,393950,-4.784705638885498,4.293656349182129,300.7482604980469,1.8474663496017456,0,0,127.70701599121094,0,1
1528,58710,10.291054725646973,21.3968563079834,324.50299072265625,0.9226006865501404,1,0,153.17921447753906,0,1
1529,924971,20.462522506713867,-51.17849349975586,-122.83369445800781,2.6179468631744385,0,0,2.6179468631744385,0,1
1530,36313,30.45635414123535,-26.21941375732422,-127.11820220947266,2.1586124897003174,0,0,2.230860471725464,0,1
1531,262980,-11.185026168823242,9.004091262817383,259.1524963378906,2.3627631664276123,0,0,87.05308532714844,0,1
1532,899036,13.304704666137695,-53.40060043334961,-95.62486267089844,1.9353752136230469,0,0,1.9353750944137573,0,1
1533,575278,-17.80828857421875,-8.277812957763672,84.95440673828125,0.8715314269065857,1,0,0.8715313673019409,0,1
1534,757182,-64.47947692871094,-14.036850929260254,-112.81676483154297,1.744814157485962,0,0,3.2913358211517334,0,0
1535,810027,12.748580932617188,-2.7261197566986084,134.20321655273438,1.451112985610962,1,0,1.4511131048202515,1,1
1536,419476,-23.036691665649414,-23.80143165588379,-45.816104888916016,0.5250167846679688,1,1,0.5250167846679688,0,2
1537,507876,-0.3310655653476715,11.581571578979492,162.7095184326172,0.9736348986625671,1,0,0.9736349582672119,0,1
1538,220754,7.869095325469971,4.776119232177734,216.8003692626953,4.304187297821045,0,0,44.49816131591797,0,1
1539,218067,9.139290809631348,4.346820831298828,229.37301635742188,2.8633980751037598,0,0,56.779666900634766,0,0
1540,67779,-3.96476149559021,35.7374382019043,360.9870910644531,0.749369740486145,1,0,191.24754333496094,0,1
1541,721642,-44.047664642333984,-41.3707275390625,-82.96598815917969,0.49054399132728577,1,1,0.49054399132728577,0,0
1542,899205,11.931635856628418,-52.79572296142578,-94.24234008789062,0.8070575594902039,1,0,0.8070574998855591,0,0
1543,40165,-10.310500144958496,25.423410415649414,306.370849609375,0.7506389617919922,1,0,135.85411071777344,0,1
1544,633300,11.02546215057373,-4.4727325439453125,-2.525688886642456,2.238612413406372,0,0,2.238612413406372,0,2
1545,324149,5.708949565887451,23.10450553894043,355.8973083496094,5.0894575119018555,0,0,184.6639862060547,0,0
1546,962291,10.618880271911621,-93.62998962402344,-121.40742492675781,0.6098364591598511,1,0,28.280561447143555,0,2
1547,349330,-10.731163024902344,23.18961524963379,292.99212646484375,0.9377166032791138,1,0,122.3083267211914,0,1
1548,847490,3.258864402770996,-19.317251205444336,86.08519744873047,1.0992414951324463,1,0,1.0992414951324463,0,1
1549,259937,-13.111248970031738,11.664336204528809,259.39984130859375,0.9241484999656677,1,0,87.60546875,0,1
1550,431693,-38.861202239990234,-19.54475975036621,-53.81348419189453,2.207120656967163,0,0,2.207120418548584,0,0
1551,469674,18.030771255493164,-45.26457214355469,-90.53550720214844,2.413175582885742,0,0,2.413175582885742,0,1
1552,59158,9.075812339782715,22.81009864807129,324.7582092285156,1.4932931661605835,1,0,153.61691284179688,0,1
1553,442601,-45.90229415893555,-34.51100158691406,-98.84373474121094,0.686037003993988,1,0,0.686037003993988,0,0
1554,25449,38.788490295410156,-8.30927562713623,-125.25322723388672,1.8528767824172974,0,0,20.387710571289062,0,0
1555,166800,5.732569217681885,11.34085464477539,177.564208984375,0.7252141237258911,1,0,6.1519975662231445,1,1
1556,590558,23.405181884765625,-17.44882583618164,-68.69439697265625,4.096409320831299,0,0,4.096409320831299,0,1
1557,822449,-7.081229209899902,-3.7706713676452637,147.82208251953125,4.421605110168457,0,0,4.421605110168457,0,3
1558,103968,9.439850807189941,14.853048324584961,266.3624572753906,1.9502779245376587,0,0,94.70069885253906,0,1
1559,293563,9.637640953063965,12.509033203125,325.8880615234375,0.8256608843803406,1,0,153.49815368652344,0,0
1560,545339,7.335412979125977,-23.78476333618164,-36.387081146240234,3.838029384613037,0,0,3.838029384613037,0,1
1561,316430,-7.909327030181885,27.226757049560547,332.22601318359375,2.9354331493377686,0,0,161.74119567871094,0,1
1562,806750,10.321127891540527,-6.6152663230896,121.98735046386719,3.288051128387451,0,0,3.288051128387451,0,0
1563,378486,-8.692933082580566,8.630450248718262,274.95703125,4.376290798187256,0,0,102.73877716064453,0,1
1564,868189,11.460704803466797,-2.922616720199585,36.60782241821289,1.7271766662597656,0,0,1.7271766662597656,0,1
1565,882238,18.559011459350586,-16.904075622558594,-89.01158905029297,0.7428529262542725,1,0,0.7428529262542725,0,0
1566,654193,-10.357269287109375,-16.544694900512695,-17.945903778076172,1.8553218841552734,0,0,1.8553218841552734,0,1
1567,913767,26.557493209838867,-37.441097259521484,-126.55024719238281,1.6108590364456177,0,0,1.6108590364456177,0,0
1568,503204,11.222285270690918,4.8632707595825195,147.0231170654297,0.8537863492965698,1,0,0.8537864685058594,0,1
1569,725151,-39.617862701416016,-52.66495132446289,-82.22049713134766,0.7134678959846497,1,0,0.7134678959846497,0,0
1570,312734,-6.329836845397949,31.56606674194336,336.9983825683594,0.8755605816841125,1,0,166.95669555664062,0,0
1571,402092,-5.485540866851807,-2.1557271480560303,-30.45461082458496,1.3364109992980957,1,0,1.3364109992980957,0,0
1572,323914,7.521692276000977,22.15146827697754,336.635498046875,3.3174171447753906,0,0,165.37281799316406,0,2
1573,324532,9.889785766601562,19.78343391418457,348.2038269042969,1.2627546787261963,1,0,176.52195739746094,0,1
1574,792158,-3.2426581382751465,-3.132864236831665,106.72955322265625,2.386795997619629,0,0,2.386795997619629,0,1
1575,105628,9.475907325744629,14.620551109313965,262.3978271484375,1.8458178043365479,0,0,90.73648071289062,0,1
1576,5929,50.50522994995117,24.806304931640625,-128.78729248046875,0.6162270307540894,1,0,55.3502311706543,0,0
1577,977816,-51.41735076904297,-87.78923797607422,-99.11714935302734,0.6288542151451111,1,0,4.388550758361816,0,1
1578,597348,12.289594650268555,-19.692594528198242,-59.0902214050293,9.512519836425781,0,0,9.512519836425781,0,0
1579,375326,-10.969310760498047,11.654265403747559,269.72772216796875,2.78747296333313,0,0,97.87281799316406,0,1
1580,728700,-50.04774475097656,-75.0173568725586,-98.00367736816406,1.8497549295425415,0,0,1.8497549295425415,0,1
1581,680270,14.374650955200195,1.1077780723571777,-45.577491760253906,3.562185049057007,0,0,3.562185049057007,0,1
1582,223212,4.2920241355896,-4.711706161499023,223.92276000976562,1.145808219909668,1,0,50.27174377441406,0,0
1583,673338,24.046083450317383,-2.65744686126709,-57.01121139526367,1.2105169296264648,1,0,1.2105170488357544,0,0
1584,113870,-0.8738698363304138,21.6811466217041,254.92381286621094,1.7204738855361938,0,0,84.25637817382812,0,0
1585,709183,-47.7486457824707,-34.75421142578125,-70.75886535644531,0.8159599900245667,1,0,0.8159599900245667,0,0
1586,35121,32.54047775268555,-26.080053329467773,-125.37435150146484,0.8294113278388977,1,0,1.7247648239135742,0,0
1587,392648,-12.009294509887695,9.320430755615234,304.5296936035156,0.717668890953064,1,0,132.1201171875,0,0
1588,823704,-5.351076602935791,-16.045461654663086,122.12317657470703,1.6016067266464233,0,0,1.601606845855713,0,2
1589,63970,-12.011868476867676,29.528301239013672,360.1932373046875,1.1827112436294556,1,0,189.7960968017578,0,1
1590,33564,29.816829681396484,-20.14863395690918,-127.45014190673828,0.8314127326011658,1,0,5.885554313659668,0,1
1591,948278,-103.08992004394531,18.48952865600586,-143.5044708251953,1.0172557830810547,1,0,61.774314880371094,0,1
1592,657168,-8.960566520690918,-11.916584968566895,-17.026212692260742,4.191486835479736,0,0,4.191486835479736,0,0
1593,792469,-1.4390909671783447,-5.757381916046143,102.92539978027344,4.533975601196289,0,0,4.533975601196289,0,1
1594,61613,-13.714200973510742,18.325807571411133,362.3363952636719,0.7942488789558411,1,0,190.6011199951172,0,2
1595,554072,13.961772918701172,-18.274072647094727,-31.053661346435547,1.069460153579712,1,0,1.069460153579712,0,1
1596,638584,-2.136828660964966,11.115545272827148,-9.219703674316406,1.0828746557235718,1,0,1.0828745365142822,0,2
1597,753868,-65.16230773925781,-19.073118209838867,-111.7632064819336,0.5089150071144104,1,1,0.5089150071144104,0,0
1598,615713,-20.199121475219727,-21.204469680786133,-38.221961975097656,0.7887219190597534,1,0,0.7887219190597534,0,1
1599,69518,2.4646010398864746,32.2301025390625,365.7465515136719,2.5392966270446777,0,0,195.5088348388672,0,1
1600,281235,-6.62969970703125,17.62411117553711,248.1015167236328,2.8543283939361572,0,0,77.0893325805664,0,1
1601,194908,10.781564712524414,5.053194999694824,210.0946044921875,1.6306952238082886,0,0,37.66472625732422,0,0
1602,968335,25.0626163482666,-79.87583923339844,-117.79936981201172,0.6327695250511169,1,0,8.126652717590332,0,0
1603,267705,-1.982255458831787,-0.6938103437423706,261.1785888671875,1.9355496168136597,0,0,87.80799865722656,0,1
1604,483247,12.693276405334473,16.504863739013672,16.6335506439209,0.9281557202339172,1,0,0.9281557202339172,0,1
1605,943921,-97.90325164794922,13.74931812286377,-137.05931091308594,0.9502795934677124,1,0,52.483154296875,0,0
1606,552333,-3.493619441986084,-24.618446350097656,-42.433815002441406,0.6014105677604675,1,1,0.6014105677604675,0,1
1607,346396,-8.202683448791504,23.850753784179688,285.1727294921875,0.9799982905387878,1,0,114.60273742675781,0,1
1608,474529,14.98338794708252,-43.179588317871094,-101.8936767578125,1.0569226741790771,1,0,1.0569226741790771,0,0
1609,44974,-1.8208703994750977,28.924518585205078,311.15814208984375,1.359789252281189,1,0,140.947509765625,0,1
1610,577511,-5.308387756347656,0.21398907899856567,93.26312255859375,2.62382173538208,0,0,2.62382173538208,0,1
1611,838993,2.175212860107422,-14.4971284866333,104.10459899902344,6.057037353515625,0,0,6.057036876678467,0,1
1612,35741,28.9516658782959,-25.93852424621582,-124.32454681396484,1.524593472480774,0,0,1.524593472480774,0,0
1613,346132,-5.294461250305176,22.03778648376465,286.5340881347656,4.032971382141113,0,0,115.77495574951172,0,1
1614,890870,20.315841674804688,-65.36366271972656,-99.24542236328125,0.7065806984901428,1,0,0.7065807580947876,0,1
1615,879166,22.5648193359375,-31.58612632751465,-88.33521270751953,2.7096307277679443,0,0,2.7096307277679443,0,0
1616,31919,34.40960693359375,-20.754854202270508,-127.166748046875,1.3314087390899658,1,0,7.365983963012695,0,1
1617,317432,9.163578987121582,27.557743072509766,350.4308776855469,0.826274573802948,1,0,179.6655731201172,0,1
1618,802634,5.602546215057373,-9.186939239501953,116.664306640625,7.026044845581055,0,0,7.026044845581055,0,2
1619,293401,2.727396011352539,10.39346694946289,335.13031005859375,2.709911346435547,0,0,162.5096435546875,0,1
1620,962563,10.680697441101074,-97.17292022705078,-120.18325805664062,0.906729519367218,1,0,30.61331558227539,0,2
1621,86933,6.470312595367432,6.1673665046691895,267.43853759765625,3.97021484375,0,0,94.82417297363281,0,1
1622,223098,4.847833156585693,-4.086005687713623,218.15908813476562,2.017193078994751,0,0,44.64909744262695,0,1
1623,639461,12.067728996276855,12.854244232177734,-1.1984020471572876,1.259761929512024,1,0,1.259761929512024,0,1
1624,33486,31.968624114990234,-22.051898956298828,-126.07997131347656,2.9467785358428955,0,0,5.772167205810547,0,1
1625,718985,-39.536590576171875,-46.25721740722656,-80.43174743652344,0.6149926781654358,1,1,0.6149926781654358,0,0
1626,703396,-36.37533187866211,-34.77019119262695,-53.199859619140625,3.5958192348480225,0,0,3.5958192348480225,0,1
1627,317666,3.6769938468933105,26.63138771057129,343.88592529296875,4.523734092712402,0,0,173.1686553955078,0,1
1628,18401,44.17313766479492,7.8586955070495605,-126.37854766845703,1.6916148662567139,0,0,37.29353332519531,0,1
1629,876099,29.674705505371094,-20.549602508544922,-88.70603942871094,1.022217035293579,1,0,1.022217035293579,1,1
1630,911913,22.768308639526367,-33.31013870239258,-125.28846740722656,0.6128360629081726,1,1,0.6128360033035278,0,1
1631,934850,-83.5694580078125,6.439822673797607,-128.88124084472656,0.7074005603790283,1,0,35.04332733154297,0,0
1632,637269,7.31752872467041,11.545424461364746,-4.600334644317627,5.066035747528076,0,0,5.066035747528076,0,1
1633,307277,-12.423286437988281,15.270068168640137,335.5745544433594,1.317113995552063,1,0,163.6588897705078,0,1
1634,809996,13.741840362548828,-3.1888883113861084,137.3028106689453,0.9599711298942566,1,0,0.9599712491035461,0,1
1635,934264,-84.17900085449219,-0.5539277791976929,-125.77123260498047,0.5113189816474915,1,0,29.686386108398438,0,0
1636,743634,-36.798248291015625,-53.644588470458984,-84.17192840576172,1.0328809022903442,1,0,1.0328809022903442,0,1
1637,737845,-31.288299560546875,-61.08677291870117,-94.98143768310547,0.7328489422798157,1,0,0.7328489422798157,0,0
1638,708712,-43.18224334716797,-37.2703742980957,-75.31950378417969,2.642333984375,0,0,2.642333984375,0,1
1639,67249,-6.91039514541626,34.4828987121582,363.8826904296875,0.9840280413627625,1,0,194.00192260742188,0,0
1640,726767,-51.61714553833008,-76.80133056640625,-98.31349182128906,0.9365571141242981,1,0,0.9365571141242981,0,1
1641,652377,-12.33996868133545,-16.62139320373535,-15.112054824829102,1.0895299911499023,1,0,1.0895299911499023,0,1
1642,373280,-9.548112869262695,17.822965621948242,371.2521667480469,3.378993272781372,0,0,199.381103515625,0,1
1643,925084,20.695974349975586,-56.04454040527344,-117.46790313720703,0.6426740884780884,1,0,0.6426740884780884,0,1
1644,982049,-55.443153381347656,-101.03923034667969,-101.51668548583984,0.6810168623924255,1,0,18.436418533325195,0,1
1645,726803,-51.6875114440918,-73.53294372558594,-96.35653686523438,0.45730382204055786,1,1,0.45730382204055786,0,0
1646,956522,33.15104675292969,-66.39242553710938,-104.72786712646484,0.74090176820755,1,0,0.74090176820755,0,1
1647,149262,6.349480628967285,-6.595788955688477,202.44004821777344,1.0142608880996704,1,0,28.69977378845215,0,1
1648,287390,-11.93431282043457,13.060774803161621,233.49691772460938,0.7067145109176636,1,0,62.044193267822266,0,0
1649,768313,-2.6065680980682373,10.76902961730957,71.1104736328125,2.635004758834839,0,0,2.635004758834839,0,1
1650,512260,-5.990812301635742,11.423373222351074,170.62937927246094,0.637130856513977,1,1,0.6371307969093323,0,1
1651,238733,9.244085311889648,-3.5374109745025635,176.22879028320312,2.9484825134277344,0,0,4.186469554901123,0,0
1652,492778,-9.242358207702637,8.473976135253906,14.899694442749023,2.9255850315093994,0,0,2.9255850315093994,0,1
1653,548158,-1.5972216129302979,-24.573230743408203,-41.587379455566406,1.3131263256072998,1,0,1.3131263256072998,0,1
1654,716529,-45.21886444091797,-45.583465576171875,-78.37196350097656,2.5812361240386963,0,0,2.5812361240386963,0,0
1655,8290,53.369384765625,17.599714279174805,-129.35459899902344,0.64384925365448,1,0,50.083927154541016,0,0
1656,30614,32.380619049072266,-13.604990005493164,-127.6148452758789,0.6608880162239075,1,0,12.864446640014648,0,1
1657,459636,23.958850860595703,-40.600826263427734,-81.42478942871094,0.6940748691558838,1,0,0.6940749287605286,0,1
1658,430477,-33.97999954223633,-9.60161304473877,-43.69613265991211,0.7936339378356934,1,0,0.7936338782310486,0,1
1659,162774,-9.489063262939453,10.610264778137207,215.7276611328125,2.534095287322998,0,0,44.157875061035156,0,1
1660,139988,-10.899465560913086,23.92161750793457,307.6059265136719,1.0478129386901855,1,0,136.90774536132812,0,0
1661,455096,-41.10806655883789,-43.15696334838867,-89.85514068603516,1.7429348230361938,0,0,1.7429348230361938,0,1
1662,656537,-12.192927360534668,-1.6803162097930908,-15.285576820373535,1.1420172452926636,1,0,1.1420172452926636,0,1
1663,24279,38.28462219238281,-6.021885871887207,-124.49126434326172,1.171563744544983,1,0,22.161815643310547,0,0
1664,73254,-0.6337965726852417,32.09007263183594,357.16552734375,3.2367117404937744,0,0,187.0131378173828,0,1
1665,51996,7.450860023498535,26.879688262939453,323.54168701171875,0.9853212833404541,1,0,152.9049072265625,0,1
1666,263261,-5.373790264129639,-1.3286588191986084,264.01617431640625,0.6790809631347656,1,0,90.56353759765625,0,1
1667,325062,9.818771362304688,21.402070999145508,352.166259765625,1.23540461063385,1,0,180.6500701904297,0,1
1668,46461,9.335816383361816,23.539640426635742,310.6773681640625,0.7550937533378601,1,0,139.71597290039062,0,0
1669,712412,-39.73413848876953,-39.119773864746094,-79.3318862915039,1.2564963102340698,1,0,1.2564963102340698,0,1
1670,518337,10.72008228302002,-0.9702225923538208,171.6683349609375,2.1103789806365967,0,0,2.1103789806365967,0,1
1671,272865,4.177560329437256,7.751943588256836,232.4600067138672,7.840290546417236,0,0,60.735294342041016,0,0
1672,788086,-13.437071800231934,-6.110381603240967,100.11132049560547,0.769236147403717,1,0,0.7692360877990723,0,1
1673,304556,-11.368403434753418,20.183395385742188,329.4438171386719,2.9670937061309814,0,0,158.1702880859375,0,1
1674,98398,9.603462219238281,9.489005088806152,284.9480285644531,1.6628450155258179,0,0,112.50419616699219,0,1
1675,853177,-9.497620582580566,-8.09074592590332,25.903287887573242,1.3436275720596313,1,0,1.3436275720596313,1,1
1676,623541,-3.061744451522827,-10.706269264221191,-23.41779899597168,0.5711544752120972,1,1,0.5711544752120972,0,0
1677,558470,8.086462020874023,-19.334440231323242,-26.604270935058594,0.6388508081436157,1,0,0.6388508081436157,0,1
1678,841728,-11.295927047729492,-10.588404655456543,105.18302917480469,1.607238531112671,0,0,1.607238531112671,0,1
1679,263766,-9.17409610748291,6.055904388427734,258.7973327636719,3.607240676879883,0,0,86.3731460571289,0,0
1680,308940,-12.71016788482666,14.88076400756836,325.0745544433594,1.2567112445831299,1,0,153.1900634765625,0,0
1681,406911,-7.603814601898193,-10.742981910705566,-33.5623893737793,1.503685712814331,0,0,1.5036855936050415,0,0
1682,785498,5.9878387451171875,14.54242992401123,38.85973358154297,3.889230489730835,0,0,3.889230728149414,0,3
1683,836826,9.557027816772461,-9.631631851196289,103.67738342285156,1.02791428565979,1,0,1.027914047241211,0,0
1684,954163,32.422767639160156,-67.05899810791016,-110.48641204833984,0.9767743945121765,1,0,0.9767743349075317,0,1
1685,709118,-47.45876693725586,-38.21745681762695,-66.78329467773438,1.4419455528259277,1,0,1.4419455528259277,0,0
1686,872980,20.596193313598633,-26.72234344482422,-98.44225311279297,1.1563386917114258,1,0,1.1563386917114258,0,1
1687,195262,8.098448753356934,-2.2455127239227295,204.59552001953125,2.656423807144165,0,0,31.44183349609375,0,1
1688,636689,12.396220207214355,3.671274185180664,-15.892278671264648,1.2154977321624756,1,0,1.2154977321624756,0,2
1689,204289,-8.243650436401367,14.274694442749023,204.97994995117188,0.8124287128448486,1,0,33.841697692871094,0,1
1690,383922,-11.462346076965332,6.807793617248535,292.58599853515625,0.6358160376548767,1,0,119.9566879272461,0,0
1691,665118,16.9241943359375,-8.097752571105957,-73.95478820800781,4.265988826751709,0,0,4.265988826751709,0,1
1692,689233,-41.250213623046875,-43.3141975402832,-65.32335662841797,3.1177914142608643,0,0,3.1177914142608643,0,1
1693,544156,-3.111823797225952,-18.590511322021484,-54.255924224853516,3.6401419639587402,0,0,3.6401419639587402,0,1
1694,696343,-43.67729187011719,-35.60111618041992,-54.72191619873047,1.7028841972351074,0,0,1.7028841972351074,0,1
1695,586766,25.29619598388672,-7.766235828399658,-79.26102447509766,0.7003999948501587,1,0,0.7004001140594482,0,0
1696,672672,18.11979103088379,1.090582013130188,-57.97786331176758,1.7173224687576294,0,0,1.717322587966919,0,0
1697,98410,9.404576301574707,8.126529693603516,287.4417419433594,1.2345391511917114,1,0,114.81195831298828,0,1
1698,355786,-4.990675926208496,10.487232208251953,351.9749755859375,1.9210288524627686,0,0,179.30470275878906,0,2
1699,397566,17.084758758544922,-3.6786365509033203,-34.33604431152344,1.1020680665969849,1,0,1.1020681858062744,0,0
1700,332335,5.3574652671813965,21.515897750854492,272.6220703125,1.4057016372680664,1,0,101.73790740966797,0,1
1701,532780,12.619606971740723,-0.33895859122276306,64.81639862060547,1.5131903886795044,0,0,1.5131903886795044,0,3
1702,732715,-40.0652961730957,-68.11795806884766,-98.2361068725586,0.9415843486785889,1,0,0.9415843486785889,0,1
1703,957538,31.83738899230957,-64.62528228759766,-105.28316497802734,1.6587634086608887,0,0,1.6587634086608887,0,1
1704,440851,-45.29106140136719,-31.462818145751953,-100.70574188232422,0.6498731970787048,1,0,0.6498731970787048,0,1
1705,951016,-104.70343017578125,22.47083282470703,-145.0221710205078,2.693931818008423,0,0,65.97879028320312,1,1
1706,610197,-26.57398796081543,-25.66434669494629,-33.84416198730469,2.2458865642547607,0,0,2.2458865642547607,0,2
1707,615516,-11.571781158447266,-21.545692443847656,-27.980133056640625,0.5953319072723389,1,1,0.5953319072723389,0,0
1708,962444,7.326394081115723,-98.7886962890625,-122.61346435546875,0.9988517761230469,1,0,34.464603424072266,0,2
1709,718663,-46.21782684326172,-46.85421371459961,-80.40763092041016,1.1127939224243164,1,0,1.1127939224243164,0,0
1710,219738,10.497496604919434,6.916319847106934,229.48280334472656,1.6555883884429932,0,0,57.132911682128906,0,1
1711,806572,3.9925429821014404,6.9199090003967285,129.77305603027344,1.2126660346984863,1,0,1.2126660346984863,0,0
1712,545680,-3.27512264251709,-21.116270065307617,-45.75265884399414,3.0469162464141846,0,0,3.0469162464141846,0,1
1713,705930,-39.29769515991211,-33.168701171875,-71.8581314086914,2.997823715209961,0,0,2.99782395362854,0,1
1714,771970,11.957185745239258,10.509224891662598,55.23643493652344,1.1103867292404175,1,0,1.1103867292404175,0,2
1715,292969,9.570826530456543,12.240447998046875,326.56060791015625,0.777819037437439,1,0,154.1341552734375,0,1
1716,293201,6.919153690338135,9.80325984954834,328.09747314453125,0.9040483832359314,1,0,155.3956756591797,0,1
1717,806912,1.4716798067092896,6.829951763153076,131.00430297851562,1.1937050819396973,1,0,1.1937049627304077,0,1
1718,531577,13.46956729888916,-5.282227039337158,63.135921478271484,0.917746901512146,1,0,0.917746901512146,0,2
1719,931371,-76.0896987915039,-0.8296416997909546,-123.22907257080078,0.804803729057312,1,0,23.192672729492188,0,0
1720,682376,18.554214477539062,-2.127056121826172,-37.2900505065918,1.2038969993591309,1,0,1.2038971185684204,0,1
1721,457068,17.12183952331543,-40.705711364746094,-79.8147964477539,0.8582563996315002,1,0,0.8582563996315002,0,1
1722,104083,9.709684371948242,16.375892639160156,264.1907043457031,1.2018284797668457,1,0,92.70991516113281,0,0
1723,968774,26.263404846191406,-77.21652221679688,-117.38736724853516,0.5732735991477966,1,0,5.294747352600098,0,0
1724,815099,-1.0077050924301147,-8.74211311340332,136.14810180664062,8.384708404541016,0,0,8.384708404541016,0,2
1725,868023,11.739782333374023,-5.581240653991699,43.30926513671875,1.253267526626587,1,0,1.253267526626587,0,2
1726,328362,6.31870698928833,14.308210372924805,353.3951416015625,2.050424814224243,0,0,181.0640869140625,0,0
1727,634342,-0.3174930214881897,-15.913591384887695,-3.7643752098083496,0.9833015203475952,1,0,0.9833015203475952,0,1
1728,677539,21.207258224487305,-4.6552414894104,-49.301727294921875,3.5485622882843018,0,0,3.5485622882843018,0,1
1729,299541,2.2491517066955566,6.735459327697754,320.2625732421875,1.5218340158462524,0,0,147.30023193359375,0,1
1730,585286,17.956342697143555,-25.2702693939209,-67.50215911865234,0.956179141998291,1,0,0.956179141998291,0,0
1731,373153,-3.3220860958099365,34.251529693603516,348.8686828613281,0.8018873929977417,1,0,179.0324249267578,0,1
1732,224580,4.218925952911377,-7.013217926025391,213.39381408691406,0.6821862459182739,1,0,39.534610748291016,0,1
1733,221104,-2.312145233154297,-7.882118225097656,214.10049438476562,0.6331563591957092,1,0,40.19553756713867,0,1
1734,706049,-37.73027420043945,-33.98355484008789,-72.91536712646484,1.8110430240631104,0,0,1.8110430240631104,0,1
1735,917429,25.168161392211914,-42.0334587097168,-124.9341049194336,1.67891526222229,0,0,1.67891526222229,0,1
1736,447447,-39.82358169555664,-37.2679328918457,-100.12506103515625,0.6782783269882202,1,0,0.6782783269882202,0,1
1737,850538,-10.965599060058594,-3.6381351947784424,6.686389446258545,3.256605625152588,0,0,3.256605625152588,0,0
1738,2494,57.839149475097656,31.346054077148438,-127.93170928955078,2.427624225616455,0,0,64.41326904296875,0,1
1739,667784,17.019474029541016,-3.4078638553619385,-68.81922149658203,2.9850504398345947,0,0,2.9850504398345947,1,1
1740,945918,-98.78398895263672,13.274670600891113,-138.37942504882812,0.5986711978912354,1,0,53.39837646484375,0,0
1741,24503,40.228111267089844,-7.0565643310546875,-126.4280776977539,1.9104182720184326,0,0,22.1765193939209,0,0
1742,508612,9.49138069152832,1.591804027557373,149.81076049804688,3.808887481689453,0,0,3.8088877201080322,0,1
1743,107694,9.057476043701172,13.172323226928711,260.3680419921875,2.4906368255615234,0,0,88.57009887695312,0,1
1744,621212,-9.488637924194336,-16.86086082458496,-23.58918571472168,1.4513822793960571,1,0,1.4513822793960571,0,1
1745,341002,-3.5393595695495605,25.394241333007812,281.2076110839844,0.9441453814506531,1,0,110.80625915527344,0,0
1746,53398,4.93919038772583,28.633697509765625,325.33453369140625,1.0488247871398926,1,0,154.91844177246094,0,1
1747,510208,12.386004447937012,-7.143532752990723,155.20098876953125,1.1439671516418457,1,0,1.1439671516418457,0,1
1748,223456,-0.18997631967067719,-6.47588586807251,220.09173583984375,1.191792368888855,1,0,46.299869537353516,0,1
1749,934366,-83.28174591064453,4.580738067626953,-129.9278564453125,1.5384830236434937,0,0,34.29259490966797,0,1
1750,534825,11.768278121948242,-2.7435812950134277,62.681644439697266,2.335350513458252,0,0,2.335350513458252,0,2
1751,95832,8.480874061584473,5.759035110473633,291.0856628417969,0.7147096395492554,1,0,118.15126037597656,0,1
1752,940194,-89.13115692138672,8.218172073364258,-135.67137145996094,0.7141221761703491,1,0,42.961631774902344,0,1
1753,163681,-11.894326210021973,11.974419593811035,226.51336669921875,0.8398954272270203,1,0,54.981990814208984,0,1
1754,957126,26.509740829467773,-66.56175231933594,-103.02119445800781,0.6961360573768616,1,0,0.6961360573768616,0,0
1755,776758,11.630803108215332,2.202080249786377,52.11629104614258,2.1925089359283447,0,0,2.1925089359283447,0,2
1756,706692,-40.122493743896484,-29.986854553222656,-73.0040283203125,0.7541959881782532,1,0,0.7541959881782532,0,0
1757,417101,-31.111499786376953,-24.827938079833984,-41.72552490234375,5.133191108703613,0,0,5.133191108703613,0,0
1758,329239,8.477654457092285,17.928794860839844,356.36773681640625,1.992618203163147,0,0,184.4262237548828,0,1
1759,186696,12.127202033996582,2.345153570175171,193.72337341308594,0.941910982131958,1,0,21.05280876159668,0,1
1760,898799,18.214153289794922,-51.93629455566406,-93.36653900146484,0.6427227854728699,1,0,0.6427227854728699,0,0
1761,100650,6.88292932510376,11.708985328674316,289.24725341796875,4.55858850479126,0,0,117.1396255493164,0,1
1762,816479,3.93870210647583,-0.6131717562675476,144.97354125976562,8.93990707397461,0,0,8.93990707397461,0,0
1763,188632,10.085591316223145,4.825042247772217,194.2959442138672,2.239086389541626,0,0,22.041112899780273,0,1
1764,88180,-4.374142169952393,0.05255503952503204,277.1194152832031,0.6537563800811768,1,0,103.72796630859375,0,1
1765,29530,38.93978500366211,-13.38116455078125,-125.47344207763672,0.6288750171661377,1,0,15.806446075439453,0,1
1766,776923,-9.043923377990723,13.90256118774414,41.397438049316406,1.208508849143982,1,0,1.208508849143982,0,2
1767,466284,8.0077486038208,-35.22365188598633,-95.0421142578125,0.7028363943099976,1,0,0.7028363943099976,0,1
1768,886010,25.496166229248047,-27.680118560791016,-82.96063232421875,2.226539134979248,0,0,2.226539134979248,0,0
1769,240968,10.547857284545898,-1.9744259119033813,184.41954040527344,1.8425856828689575,0,0,11.446274757385254,0,0
1770,261674,0.7317249178886414,1.315965175628662,251.18260192871094,4.760133266448975,0,0,78.22344207763672,0,0
1771,590410,14.052728652954102,-27.991615295410156,-61.78164291381836,1.2105199098587036,1,0,1.2105199098587036,0,1
1772,222476,4.913555145263672,-4.338572025299072,225.36212158203125,1.1890318393707275,1,0,51.73736572265625,0,0
1773,756184,-66.04471588134766,-11.60624885559082,-112.92103576660156,0.684632420539856,1,0,5.324389934539795,0,0
1774,591416,14.262331008911133,-15.265201568603516,-77.41680145263672,4.230175495147705,0,0,4.230175495147705,0,1
1775,504794,14.062944412231445,-0.6446360945701599,147.02401733398438,1.083864688873291,1,0,1.0838645696640015,0,1
1776,524315,-0.6390045285224915,-1.7264363765716553,83.66930389404297,8.093902587890625,0,0,8.093901634216309,0,0
1777,214437,-3.7015135288238525,-2.186920404434204,225.93394470214844,4.223063945770264,0,0,52.80113983154297,0,0
1778,257433,-2.414581537246704,-1.0949212312698364,244.5765838623047,3.429314136505127,0,0,71.34288787841797,0,1
1779,759510,-73.79713439941406,-9.461690902709961,-117.40504455566406,0.688877522945404,1,0,13.680062294006348,0,1
1780,711276,-42.23740768432617,-42.10535430908203,-75.98397064208984,5.542935848236084,0,0,5.542935848236084,0,1
1781,386381,-10.368560791015625,8.721563339233398,292.2179870605469,2.2611443996429443,0,0,119.82996368408203,0,0
1782,142379,-13.47406005859375,17.527284622192383,322.58978271484375,1.1002366542816162,1,0,151.0453643798828,0,1
1783,278822,-1.171036958694458,17.8922176361084,247.31192016601562,4.517431735992432,0,0,76.3647689819336,0,0
1784,876030,30.247982025146484,-25.83359146118164,-87.01786041259766,0.687129557132721,1,0,0.687129557132721,0,1
1785,143234,-10.721969604492188,25.97173500061035,325.254638671875,1.3348848819732666,1,0,154.67430114746094,0,2
1786,747869,-56.65660858154297,-22.68932342529297,-110.09535217285156,1.3213008642196655,1,0,1.3213008642196655,0,1
1787,588030,18.11516761779785,-18.19403839111328,-80.15962219238281,6.333093643188477,0,0,6.333093643188477,0,1
1788,476226,21.263896942138672,-42.58718490600586,-104.7594985961914,0.5559757351875305,1,1,0.5559757351875305,0,1
1789,240014,8.402545928955078,-7.996465682983398,176.6347198486328,1.1416854858398438,1,0,3.0323896408081055,0,1
1790,619323,-13.632044792175293,-14.283975601196289,-26.272842407226562,3.685659170150757,0,0,3.685659170150757,0,1
1791,445202,-43.27450942993164,-35.20106887817383,-104.81169128417969,1.0146371126174927,1,0,1.0146372318267822,0,1
1792,53495,-0.8518947958946228,25.039112091064453,324.2554626464844,6.204174995422363,0,0,153.59878540039062,0,1
1793,35157,30.0997257232666,-25.973403930664062,-124.10568237304688,1.4155162572860718,1,0,1.5163699388504028,0,0
1794,366752,-7.46871280670166,29.261877059936523,349.74615478515625,3.371124267578125,0,0,179.37884521484375,0,1
1795,95222,11.08267879486084,12.406022071838379,281.20843505859375,0.9127694368362427,1,0,109.1143798828125,0,1
1796,278532,-7.08672571182251,15.344196319580078,233.7205810546875,2.8918492794036865,0,0,62.55717086791992,0,1
1797,215740,7.346965312957764,3.4150710105895996,226.90505981445312,4.556577205657959,0,0,54.353790283203125,0,1
1798,230065,-3.598275661468506,-12.093178749084473,178.26271057128906,0.5515279173851013,1,0,4.147463798522949,0,1
1799,935817,-83.20767211914062,0.7712791562080383,-130.04608154296875,0.7777976989746094,1,0,31.988357543945312,0,0
1800,534113,12.807109832763672,1.8354439735412598,62.893890380859375,1.2935832738876343,1,0,1.2935832738876343,0,1
1801,810119,12.073860168457031,-7.996694087982178,133.6907196044922,1.4394549131393433,1,0,1.4394547939300537,0,1
1802,113906,-1.7160553932189941,16.952817916870117,255.6034393310547,6.4131669998168945,0,0,84.59751892089844,0,1
1803,772961,6.339751720428467,17.577083587646484,54.67546844482422,1.217366337776184,1,0,1.2173662185668945,0,1
1804,658465,-10.509541511535645,-5.920894145965576,-6.401371002197266,0.8046360015869141,1,0,0.8046359419822693,0,1
1805,780599,-2.8052926063537598,17.87864112854004,40.01539993286133,2.0685746669769287,0,0,2.0685746669769287,0,1
1806,559525,-5.664774417877197,-13.286778450012207,-28.600309371948242,1.1074668169021606,1,0,1.1074668169021606,0,0
1807,912533,22.058931350708008,-36.86346435546875,-127.26246643066406,0.6716574430465698,1,0,0.6716574430465698,0,0
1808,125003,5.685774803161621,6.127772808074951,308.89337158203125,0.970119833946228,1,0,135.90174865722656,0,0
1809,782380,9.128352165222168,16.29595947265625,43.374351501464844,1.0306329727172852,1,0,1.0306329727172852,0,1
1810,446537,-45.19827651977539,-41.95048522949219,-99.87982940673828,0.8708904385566711,1,0,0.8708904385566711,0,0
1811,254027,-6.379845142364502,-1.3896499872207642,246.60719299316406,1.6299396753311157,0,0,73.29703521728516,0,1
1812,473660,20.653282165527344,-39.78196716308594,-100.04352569580078,4.405919551849365,0,0,4.405919551849365,0,1
1813,187568,11.291470527648926,-1.9190782308578491,195.9398651123047,0.85507732629776,1,0,22.75371551513672,0,1
1814,531451,-5.033550262451172,-19.21235466003418,74.73709869384766,0.9733526110649109,1,0,0.9733526706695557,0,1
1815,532952,-4.613734722137451,-18.655881881713867,69.20934295654297,1.5003267526626587,0,0,1.5003267526626587,0,1
1816,729082,-49.818302154541016,-69.42322540283203,-98.5175552368164,0.5497688055038452,1,1,0.5497688055038452,0,0
1817,612304,-20.39655113220215,-13.43230152130127,-36.6540641784668,0.9625170826911926,1,0,0.9625171422958374,0,1
1818,369442,-10.29089069366455,28.292984008789062,354.5544128417969,2.501162528991699,0,0,184.0477294921875,0,1
1819,709326,-34.65826416015625,-39.569969177246094,-74.11372375488281,1.0680413246154785,1,0,1.0680413246154785,0,0
1820,881745,30.986515045166016,-22.87990379333496,-82.63443756103516,0.7220012545585632,1,0,0.7220012545585632,0,1
1821,582824,17.440879821777344,-26.656230926513672,-71.48863983154297,0.5932701826095581,1,1,0.5932701826095581,0,1
1822,756801,-65.47933197021484,-11.697945594787598,-113.10645294189453,0.7193728685379028,1,0,4.993332862854004,0,0
1823,519404,6.602863788604736,-8.911993980407715,91.0274658203125,1.325244426727295,1,0,1.3252445459365845,0,1
1824,923829,17.18225860595703,-52.490577697753906,-123.49439239501953,0.6029371023178101,1,1,0.6029371023178101,0,0
1825,675040,6.049074649810791,4.1738505363464355,-50.34754180908203,1.2813067436218262,1,0,1.2813067436218262,0,2
1826,115088,9.733750343322754,7.217589855194092,254.10935974121094,2.045639991760254,0,0,81.62791442871094,0,1
1827,343709,-8.605278968811035,20.126569747924805,277.2868347167969,2.5116398334503174,0,0,106.3564682006836,0,1
1828,117458,11.127203941345215,12.609724998474121,243.67758178710938,0.8202284574508667,1,0,71.87799835205078,0,1
1829,9352,48.07731246948242,19.805444717407227,-127.17684936523438,0.6964952349662781,1,0,49.747440338134766,0,0
1830,321337,7.4914655685424805,24.659378051757812,334.5301818847656,2.4217872619628906,0,0,163.5660858154297,0,1
1831,298053,-5.80181884765625,5.802358627319336,325.4476318359375,0.5570613741874695,1,0,152.40719604492188,0,1
1832,27614,36.47478485107422,-9.705645561218262,-123.49987030029297,0.6417661905288696,1,0,18.011077880859375,0,0
1833,386812,-9.850780487060547,17.625364303588867,290.7408752441406,3.6791794300079346,0,0,119.45560455322266,0,1
1834,215201,4.141598224639893,7.028785705566406,219.98202514648438,7.929603576660156,0,0,48.41122817993164,0,1
1835,360040,-5.743344783782959,12.636709213256836,354.19769287109375,3.328305721282959,0,0,181.79522705078125,0,1
1836,66042,-8.861598014831543,32.8966064453125,357.53314208984375,0.7106742262840271,1,0,187.52638244628906,0,1
1837,219413,0.08115660399198532,-4.375181198120117,237.1116485595703,1.2184040546417236,1,0,63.44518280029297,0,1
1838,326323,7.5188517570495605,22.646373748779297,329.43572998046875,3.05322003364563,0,0,158.27902221679688,0,1
1839,280537,-3.413748025894165,18.86785125732422,236.0491180419922,1.9553039073944092,0,0,65.21558380126953,0,1
1840,146455,-3.088136911392212,-7.297202110290527,195.6473388671875,2.9482595920562744,0,0,22.143905639648438,0,0
1841,263312,-0.8010091781616211,-2.4425556659698486,260.017333984375,0.7090647220611572,1,0,86.4161605834961,0,1
1842,947529,-99.8360595703125,17.53662109375,-143.48289489746094,0.8675826191902161,1,0,59.146663665771484,0,1
1843,32264,34.145877838134766,-20.886253356933594,-126.0912094116211,1.5816872119903564,0,0,7.1545586585998535,0,1
1844,670726,10.334436416625977,3.6925535202026367,-63.77530288696289,0.7921116948127747,1,0,0.7921116948127747,0,2
1845,577906,-8.653870582580566,0.4075247347354889,94.91564178466797,1.4662328958511353,1,0,1.4662328958511353,0,1
1846,571225,-14.596101760864258,-10.226136207580566,73.13631439208984,3.202531099319458,0,0,3.202531099319458,0,1
1847,544517,1.846593976020813,-27.90205192565918,-45.565032958984375,1.0995229482650757,1,0,1.0995229482650757,0,2
1848,732451,-42.787899017333984,-65.53981018066406,-99.67576599121094,0.6960760951042175,1,0,0.6960760951042175,0,1
1849,568890,-12.30595874786377,5.6584248542785645,70.39910125732422,3.8373661041259766,0,0,3.8373661041259766,0,1
1850,500493,10.843371391296387,2.0599589347839355,172.79666137695312,1.7496329545974731,0,0,1.7496329545974731,0,0
1851,891535,16.18063735961914,-62.94895553588867,-100.95480346679688,0.6541839838027954,1,0,0.6541839838027954,0,1
1852,918425,24.58418083190918,-42.738792419433594,-124.42859649658203,1.8736655712127686,0,0,1.8736655712127686,0,1
1853,856501,4.592185020446777,-2.000664234161377,18.651796340942383,6.261634349822998,0,0,6.261634349822998,0,1
1854,40351,-5.763065338134766,28.356128692626953,304.3945617675781,0.6428629755973816,1,0,134.1986846923828,0,1
1855,629921,1.0509092807769775,-14.152695655822754,-6.495020389556885,2.3752405643463135,0,0,2.3752403259277344,0,1
1856,198449,10.795029640197754,2.8590517044067383,214.66957092285156,1.5812206268310547,0,0,41.941593170166016,0,1
1857,673881,7.811204433441162,5.792945861816406,-56.48793411254883,0.7674165368080139,1,0,0.7674165368080139,0,1
1858,930420,16.916671752929688,-58.08646774291992,-111.50556945800781,0.8810182213783264,1,0,0.8810182809829712,0,1
1859,312553,2.9703562259674072,31.750965118408203,342.51123046875,0.9664070010185242,1,0,172.3622283935547,0,0
1860,94506,1.824091911315918,1.4706966876983643,288.7557678222656,0.6231338977813721,1,0,115.39071655273438,0,0
1861,348970,-1.4654070138931274,23.109445571899414,294.22705078125,4.958647727966309,0,0,123.53363800048828,0,1
1862,699952,-34.88269805908203,-29.432266235351562,-60.553916931152344,3.1446943283081055,0,0,3.1446943283081055,0,0
1863,435012,-36.15138626098633,-23.966079711914062,-61.33219528198242,1.0733187198638916,1,0,1.0733187198638916,0,1
1864,622256,-9.049921989440918,-11.755147933959961,-18.732460021972656,4.166615009307861,0,0,4.166615009307861,0,0
1865,214466,6.635516166687012,3.531053066253662,230.78518676757812,5.038006782531738,0,0,58.254974365234375,0,0
1866,295794,-1.5014656782150269,10.657888412475586,335.35845947265625,4.216627597808838,0,0,162.83946228027344,0,0
1867,67859,-8.295519828796387,31.23408317565918,358.4971008300781,2.253030300140381,0,0,188.29132080078125,0,1
1868,448484,-44.40948486328125,-47.020450592041016,-93.98001098632812,0.4786084294319153,1,1,0.4786084294319153,0,1
1869,211240,-8.168116569519043,-0.40295881032943726,232.20884704589844,2.457247018814087,0,0,59.169883728027344,0,1
1870,295591,7.068093776702881,10.026349067687988,324.0580749511719,1.2840596437454224,1,0,151.41293334960938,0,1
1871,82077,1.9175328016281128,-0.7658040523529053,264.7547302246094,1.0736620426177979,1,0,91.29833221435547,0,0
1872,201486,0.6410465836524963,15.282329559326172,205.87757873535156,2.026831865310669,0,0,34.82246398925781,0,1
1873,94388,7.127508640289307,6.841127395629883,280.3874206542969,2.775407314300537,0,0,107.7088623046875,0,1
1874,282880,4.804951190948486,17.62627601623535,248.7755126953125,2.445115804672241,0,0,77.6353530883789,0,0
1875,953894,35.4252815246582,-68.6484375,-109.17677307128906,0.642367422580719,1,0,0.6423673629760742,1,1
1876,390981,-11.872735023498535,18.484529495239258,297.75042724609375,1.8035943508148193,0,0,126.49345397949219,0,0
1877,612245,-16.512453079223633,-6.788736820220947,-28.11583709716797,0.7355189919471741,1,0,0.7355189919471741,0,1
1878,107888,1.8174635171890259,21.824966430664062,257.1835021972656,1.1680388450622559,1,0,86.48030090332031,0,0
1879,989892,-63.99664306640625,-122.39443969726562,-103.85984802246094,0.9653938412666321,1,0,41.41497039794922,0,1
1880,592032,13.373665809631348,-15.3689546585083,-79.84749603271484,2.2598519325256348,0,0,2.2598519325256348,0,1
1881,959565,24.9919490814209,-63.104095458984375,-101.6104507446289,1.5827076435089111,0,0,1.5827076435089111,0,0
1882,895994,13.725117683410645,-55.712852478027344,-92.5499496459961,0.5926064252853394,1,1,0.5926064252853394,0,1
1883,187675,10.549707412719727,2.3213112354278564,193.71144104003906,2.0291333198547363,0,0,21.132389068603516,0,1
1884,473052,14.230673789978027,-42.70050048828125,-101.81533813476562,0.7960179448127747,1,0,0.7960179448127747,0,0
1885,255416,-12.934324264526367,12.470799446105957,253.3536834716797,0.8432900905609131,1,0,81.69821166992188,0,1
1886,569945,-16.17429542541504,-4.622839450836182,75.60853576660156,2.5943973064422607,0,0,2.5943973064422607,0,1
1887,358739,-14.412489891052246,21.966554641723633,351.12664794921875,0.8613865971565247,1,0,179.91383361816406,0,1
1888,134709,-11.906839370727539,9.534412384033203,311.8152770996094,0.799106776714325,1,0,139.37722778320312,0,1
1889,667324,9.271336555480957,1.8796788454055786,-66.59002685546875,1.0639212131500244,1,0,1.063921332359314,0,2
1890,673533,5.155101299285889,2.0910754203796387,-56.605289459228516,3.027256965637207,0,0,3.027256965637207,0,1
1891,341713,4.4349493980407715,20.09728240966797,285.81744384765625,4.113741397857666,0,0,114.74420928955078,0,1
1892,353104,-5.830404281616211,8.843549728393555,348.3086853027344,0.8598213791847229,1,0,175.4674530029297,0,1
1893,583184,24.898788452148438,-24.1016788482666,-72.42829895019531,1.226343035697937,1,0,1.2263431549072266,0,1
1894,506486,1.6689397096633911,7.206315517425537,154.8303985595703,3.031334161758423,0,0,3.031334161758423,0,2
1895,238407,4.554917335510254,-9.720419883728027,183.3872833251953,1.1295017004013062,1,0,9.473913192749023,0,1
1896,832750,6.613152980804443,-15.613319396972656,109.74933624267578,2.2970526218414307,0,0,2.2970523834228516,0,1
1897,977924,-53.99173355102539,-91.4579086303711,-97.00830841064453,0.5204058885574341,1,0,8.191542625427246,0,1
1898,534394,12.80538272857666,-3.38494873046875,58.45895004272461,1.4756288528442383,1,0,1.4756288528442383,0,3
1899,105594,9.952738761901855,12.140260696411133,262.92938232421875,1.8870346546173096,0,0,90.96204376220703,0,1
1900,305433,-10.64673900604248,11.235246658325195,332.6561279296875,1.2182395458221436,1,0,160.26168823242188,0,0
1901,106984,7.768716335296631,17.962236404418945,255.6925506591797,1.2878108024597168,1,0,84.48163604736328,0,0
1902,765739,-77.88775634765625,-0.5520745515823364,-122.95368194580078,1.1231358051300049,1,0,24.357324600219727,0,0
1903,290056,9.662287712097168,13.984383583068848,337.9562072753906,0.8084489703178406,1,0,165.65513610839844,1,1
1904,320264,7.923843860626221,25.69988441467285,339.934814453125,1.8649539947509766,0,0,169.04364013671875,0,0
1905,652171,-15.2379732131958,-2.360109329223633,-18.158769607543945,0.7218449711799622,1,0,0.7218449711799622,0,1
1906,162144,-9.099799156188965,15.11307430267334,217.69381713867188,0.8782227039337158,1,0,46.57201385498047,0,1
1907,704057,-39.02030944824219,-24.338890075683594,-58.23933029174805,3.6728363037109375,0,0,3.6728363037109375,0,1
1908,905403,19.70041847229004,-51.1222038269043,-106.59390258789062,0.6417849659919739,1,0,0.6417849659919739,0,0
1909,79967,4.326541900634766,30.617691040039062,349.6190185546875,1.5858209133148193,0,0,179.27601623535156,0,1
1910,740923,-31.095840454101562,-54.61577606201172,-90.13751220703125,0.8218963742256165,1,0,0.8218964338302612,0,1
1911,731974,-45.18878173828125,-67.47966766357422,-98.83918762207031,0.9451831579208374,1,0,0.9451831579208374,0,1
1912,283574,-6.397532939910889,16.719242095947266,228.63169860839844,1.8426146507263184,0,0,57.6229248046875,0,1
1913,972728,-4.42604398727417,-112.2668685913086,-124.94194793701172,1.054988980293274,1,0,52.435848236083984,0,1
1914,95084,7.077878475189209,8.647130012512207,278.8063659667969,3.9421465396881104,0,0,106.39105987548828,0,1
1915,916964,21.695201873779297,-45.0863037109375,-127.6688232421875,0.6546227335929871,1,0,0.6546227931976318,0,1
1916,244540,-5.292248725891113,-8.705763816833496,167.9810028076172,3.222931385040283,0,0,3.222931385040283,0,1
1917,474,59.64126968383789,29.656892776489258,-128.4410400390625,0.5972055196762085,1,0,63.62976837158203,0,1
1918,119350,5.687189102172852,-0.43549779057502747,254.31224060058594,1.066377878189087,1,0,80.93325805664062,0,0
1919,956496,28.248126983642578,-63.79011154174805,-105.060546875,0.7105094790458679,1,0,0.7105094790458679,0,0
1920,49611,7.614710330963135,20.794069290161133,306.6398010253906,2.785959243774414,0,0,135.4241485595703,0,1
1921,262171,-1.2763183116912842,-2.6555585861206055,252.4383087158203,1.153062343597412,1,0,78.87660217285156,0,1
1922,953412,33.83784484863281,-70.07344818115234,-112.67670440673828,1.1882102489471436,1,0,1.1882102489471436,0,1
1923,791056,-7.8760600090026855,-3.487163782119751,108.89532470703125,0.9447727203369141,1,0,0.9447728991508484,0,1
1924,752408,-61.90671157836914,-20.741546630859375,-112.20880889892578,0.842949390411377,1,0,0.842949390411377,0,0
1925,548454,8.826128005981445,-20.191143035888672,-34.387386322021484,4.9317240715026855,0,0,4.9317240715026855,0,0
1926,104003,6.268547534942627,20.50615882873535,259.2215881347656,1.101190447807312,1,0,88.29927825927734,0,0
1927,446271,-43.525970458984375,-34.06027603149414,-101.8467788696289,1.7247394323349,0,0,1.7247394323349,0,1
1928,479675,3.2185471057891846,18.218528747558594,24.879390716552734,3.2168142795562744,0,0,3.2168142795562744,0,2
1929,715732,-42.34203338623047,-39.49760818481445,-80.466796875,0.7379651069641113,1,0,0.7379650473594666,0,1
1930,988751,-64.13394165039062,-118.046630859375,-104.67686462402344,0.9458816647529602,1,0,37.5308952331543,0,1
1931,119246,-7.339313983917236,20.414203643798828,261.2164001464844,1.704046368598938,0,0,90.4111328125,0,0
1932,178878,7.326190948486328,2.1648664474487305,180.7508544921875,5.1381516456604,0,0,9.687857627868652,0,0
1933,961366,5.959782600402832,-99.60780334472656,-123.25006866455078,0.5382375717163086,1,0,36.06841278076172,0,2
1934,936064,-83.6183090209961,2.3096837997436523,-130.93411254882812,0.7616575956344604,1,0,33.60956954956055,0,1
1935,63195,-12.687808990478516,28.318580627441406,365.957763671875,1.3853018283843994,1,0,195.38284301757812,0,0
1936,423407,-36.29996109008789,-30.304607391357422,-45.25965881347656,2.651923179626465,0,0,2.651923179626465,0,0
1937,710809,-42.019100189208984,-41.83301544189453,-75.29376983642578,5.887289524078369,0,0,5.887289524078369,0,1
1938,520535,1.9219471216201782,0.37261801958084106,91.27437591552734,1.7696011066436768,0,0,1.7696012258529663,0,0
1939,12930,47.068458557128906,11.793837547302246,-124.07100677490234,0.6122545003890991,1,0,41.97747802734375,0,1
1940,189572,11.430985450744629,-1.6812264919281006,203.6199493408203,0.668311595916748,1,0,30.40118980407715,0,1
1941,142222,-8.550887107849121,23.107887268066406,328.0894775390625,4.798297882080078,0,0,157.1936798095703,0,1
1942,515412,10.145843505859375,4.951730251312256,169.2074432373047,1.655055284500122,0,0,1.6550554037094116,0,1
1943,924008,19.010669708251953,-49.805477142333984,-119.87721252441406,1.3163032531738281,1,0,1.3163034915924072,0,1
1944,548770,-6.385425090789795,-15.838802337646484,-57.1069450378418,0.7078033089637756,1,0,0.7078032493591309,0,2
1945,293350,-2.189790725708008,6.5312395095825195,336.1435241699219,0.7375629544258118,1,0,163.0787811279297,0,0
1946,766731,5.164984226226807,3.629926919937134,84.68199157714844,1.2871792316436768,1,0,1.2871792316436768,0,1
1947,607488,-29.690078735351562,-11.94184684753418,-26.58650016784668,2.6694753170013428,0,0,2.6694753170013428,0,1
1948,978745,-51.508644104003906,-85.31996154785156,-98.57349395751953,1.0615270137786865,1,0,2.265594482421875,0,1
1949,234474,-1.6432238817214966,-10.643075942993164,179.51023864746094,1.7862238883972168,0,0,5.780272960662842,0,1
1950,401172,-3.77868390083313,-0.48580998182296753,-34.081424713134766,2.7961575984954834,0,0,2.7961575984954834,0,1
1951,434610,-46.53692626953125,-23.723155975341797,-53.59325408935547,0.9610919952392578,1,0,0.9610919952392578,0,1
1952,634244,3.556633710861206,-5.73141622543335,1.9671043157577515,6.364559173583984,0,0,6.364559173583984,0,1
1953,459057,12.291882514953613,-33.82731628417969,-84.08901977539062,1.0134555101394653,1,0,1.0134555101394653,0,1
1954,81371,2.7457168102264404,32.53733825683594,349.4212951660156,0.9470193982124329,1,0,179.3188934326172,0,0
1955,485972,-6.046037673950195,13.106404304504395,22.282718658447266,2.8410840034484863,0,0,2.8410840034484863,0,1
1956,311222,-9.521923065185547,30.204376220703125,340.8620300292969,0.8905210494995117,1,0,170.6602325439453,0,0
1957,409062,0.7138250470161438,3.841885566711426,-21.091297149658203,1.8956372737884521,0,0,1.8956372737884521,0,2
1958,783651,-7.6522932052612305,17.870649337768555,29.495927810668945,0.9901846647262573,1,0,0.9901847243309021,0,1
1959,782017,-11.638032913208008,12.233895301818848,27.477052688598633,1.2201144695281982,1,0,1.2201144695281982,0,1
1960,407501,-7.747930526733398,-11.104917526245117,-31.51178550720215,1.006650686264038,1,0,1.006650686264038,0,1
1961,739448,-33.488887786865234,-58.4078369140625,-91.42630004882812,1.7695767879486084,0,0,1.7695767879486084,0,1
1962,622062,-6.235684394836426,-10.232365608215332,-22.34477424621582,0.6145488619804382,1,1,0.6145488619804382,0,0
1963,481800,10.860942840576172,19.121644973754883,19.318323135375977,0.6631759405136108,1,0,0.6631759405136108,0,1
1964,134217,-5.639488220214844,5.5877461433410645,315.14697265625,1.2323468923568726,1,0,142.15789794921875,0,0
1965,604253,-30.082212448120117,-8.920247077941895,-33.45013427734375,0.9364124536514282,1,0,0.9364124536514282,0,0
1966,330416,7.678240776062012,12.003329277038574,340.31219482421875,0.8876148462295532,1,0,167.77743530273438,0,1
1967,846034,0.20898005366325378,-20.2777156829834,91.53714752197266,1.146039605140686,1,0,1.146039605140686,0,0
1968,681947,21.420663833618164,-2.8651986122131348,-40.6790885925293,1.0027754306793213,1,0,1.0027754306793213,0,1
1969,296513,-4.8072991371154785,7.020327568054199,336.16064453125,0.6190916895866394,1,0,163.17930603027344,0,0
1970,762197,-77.37596130371094,-7.2457451820373535,-122.27971649169922,0.6360946893692017,1,0,19.66278648376465,0,0
1971,865072,9.564128875732422,-2.4723005294799805,27.650455474853516,1.6212712526321411,0,0,1.6212712526321411,0,1
1972,857928,6.457357883453369,-5.003425598144531,17.780092239379883,3.3243072032928467,0,0,3.3243072032928467,0,1
1973,768453,11.702890396118164,4.0980353355407715,72.11456298828125,1.5219488143920898,0,0,1.5219488143920898,0,2
1974,130577,-1.243548035621643,9.009759902954102,308.8041076660156,5.7423295974731445,0,0,136.34349060058594,0,0
1975,137223,-11.525227546691895,20.08924102783203,309.93157958984375,2.2076358795166016,0,0,138.78060913085938,0,1
1976,289787,-2.6283202171325684,18.322002410888672,218.32046508789062,0.6646981239318848,1,0,47.520198822021484,1,1
1977,385307,-7.49456262588501,3.4901628494262695,290.61077880859375,1.1269705295562744,1,0,117.56468200683594,0,1
1978,1137,58.34019470214844,26.922067642211914,-127.35783386230469,0.6331536769866943,1,0,60.568389892578125,0,1
1979,762600,-71.88031768798828,-7.526488304138184,-119.02873229980469,2.4182353019714355,0,0,14.63060474395752,0,1
1980,499612,8.715712547302246,5.948907852172852,173.14730834960938,2.2619547843933105,0,0,2.5249412059783936,0,1
1981,562216,-9.923476219177246,-3.146027088165283,54.69795227050781,5.491490364074707,0,0,5.491490364074707,0,2
1982,94667,10.324886322021484,7.700245380401611,285.72882080078125,0.6427438855171204,1,0,113.0472412109375,0,1
1983,2526,54.78996276855469,33.325843811035156,-126.38748931884766,0.6311715245246887,1,0,64.80388641357422,0,1
1984,814882,5.416416168212891,-16.257383346557617,122.7611083984375,1.6984105110168457,0,0,1.6984108686447144,0,1
1985,412080,-5.395437240600586,5.22920560836792,-16.122766494750977,1.336113452911377,1,0,1.336113452911377,0,2
1986,564507,-3.297727108001709,0.9467151165008545,59.664833068847656,13.451566696166992,0,0,13.451566696166992,0,1
1987,218409,-2.7336769104003906,-5.6685686111450195,225.17581176757812,1.2952920198440552,1,0,51.47146987915039,0,0
1988,88249,-7.948394775390625,2.2535574436187744,273.7666931152344,1.3577873706817627,1,0,100.70204162597656,0,1
1989,76172,9.240530967712402,24.738561630249023,361.51373291015625,1.5461502075195312,0,0,190.33673095703125,0,1
1990,74639,-0.34397709369659424,35.84282302856445,365.07647705078125,0.7606498599052429,1,0,195.28529357910156,0,0
1991,427504,-27.810264587402344,-21.001766204833984,-51.66065979003906,0.8704864978790283,1,0,0.8704864382743835,0,1
1992,90569,-8.030542373657227,5.557049751281738,269.4021301269531,3.7714648246765137,0,0,96.82941436767578,0,1
1993,631245,5.653298854827881,-10.099808692932129,-0.19924882054328918,2.3543190956115723,0,0,2.3543190956115723,0,1
1994,170662,-2.4941489696502686,11.628013610839844,182.87619018554688,2.7563741207122803,0,0,11.848686218261719,0,0
1995,394008,-9.3613920211792,13.218950271606445,305.0797119140625,4.253040790557861,0,0,133.1728515625,0,1
1996,103539,10.79427433013916,11.867507934570312,267.9814453125,1.111723780632019,1,0,95.92416381835938,0,1
1997,23667,40.1523551940918,-5.435062885284424,-125.06056213378906,1.6034454107284546,0,0,23.53241729736328,0,0
1998,39518,30.23778533935547,-28.54897117614746,-128.33871459960938,0.8010469079017639,1,0,0.8010469079017639,0,1
1999,256129,-7.558051109313965,0.1655891090631485,251.01385498046875,1.8744869232177734,0,0,77.8722915649414,0,0
2000,443199,-47.30274200439453,-34.61265563964844,-105.37152862548828,1.7207027673721313,0,0,1.7207026481628418,0,1
2001,818191,3.3387911319732666,-7.509448528289795,145.62892150878906,6.922065734863281,0,0,6.922065734863281,0,1
2002,785214,9.002713203430176,8.628052711486816,34.417335510253906,2.3020873069763184,0,0,2.3020873069763184,0,3
2003,365486,-12.958351135253906,19.27176284790039,359.67437744140625,1.4282212257385254,1,0,188.06729125976562,0,1
2004,661804,-8.052732467651367,-2.750185251235962,-4.544562816619873,3.5883941650390625,0,0,3.5883941650390625,0,1
2005,422830,-32.83514404296875,-15.891127586364746,-47.139747619628906,2.9632632732391357,0,0,2.9632632732391357,0,1
2006,106820,-0.09777218103408813,23.8682918548584,264.6504821777344,0.9304205179214478,1,0,94.15147399902344,0,1
2007,421772,-23.129169464111328,-18.33756446838379,-45.40595626831055,0.6532602906227112,1,0,0.6532602906227112,0,1
2008,546726,0.5727380514144897,-28.005714416503906,-46.320213317871094,0.8544781804084778,1,0,0.8544782400131226,0,2
2009,635501,11.558643341064453,6.032792568206787,-13.294594764709473,1.4451372623443604,1,0,1.44513738155365,0,2
2010,306899,-12.701769828796387,12.479331016540527,327.0430908203125,0.6842083930969238,1,0,154.85496520996094,0,0
2011,720574,-44.82488250732422,-45.32030487060547,-85.66655731201172,1.7248203754425049,0,0,1.7248204946517944,0,1
2012,873366,12.445699691772461,-28.94704246520996,-97.82434844970703,0.7645967602729797,1,0,0.7645967602729797,0,1
2013,625598,10.505295753479004,-7.2596540451049805,-29.170995712280273,3.1838250160217285,0,0,3.1838250160217285,0,1
2014,655995,-11.410330772399902,-7.845337867736816,-8.765314102172852,0.7878413796424866,1,0,0.7878413796424866,0,1
2015,787667,-9.98034381866455,-0.5359331369400024,97.27124786376953,0.8468199372291565,1,0,0.8468199968338013,0,2
2016,517147,11.099302291870117,3.913630723953247,172.05201721191406,1.1621146202087402,1,0,1.1621146202087402,0,0
2017,318981,2.4166910648345947,26.163423538208008,337.58465576171875,5.016634941101074,0,0,166.88548278808594,0,0
2018,530705,11.770304679870605,1.6384962797164917,68.59931182861328,1.94380521774292,0,0,1.94380521774292,0,2
2019,735099,-34.66640853881836,-64.60942077636719,-97.04976654052734,0.7480308413505554,1,0,0.7480308413505554,0,1
2020,106219,9.22902774810791,3.229187250137329,266.3087158203125,0.6954639554023743,1,0,93.24373626708984,0,1
2021,10970,50.17570114135742,14.272783279418945,-124.56614685058594,0.5317189693450928,1,0,45.56167984008789,0,1
2022,733656,-40.32223892211914,-64.19501495361328,-96.05085754394531,0.7503077387809753,1,0,0.7503077983856201,0,1
2023,117626,6.543796062469482,5.10652494430542,255.16502380371094,4.2367753982543945,0,0,82.5374755859375,0,0
2024,861048,-10.958312034606934,-4.228384971618652,35.75618362426758,2.9283249378204346,0,0,2.9283249378204346,0,2
2025,12160,48.864681243896484,14.46867847442627,-130.44273376464844,0.7257695198059082,1,0,45.36513137817383,0,0
2026,790104,4.123562335968018,-3.573535919189453,101.90978240966797,0.7119537591934204,1,0,0.7119539380073547,0,0
2027,623472,3.2616348266601562,-10.337173461914062,-23.665279388427734,3.291883945465088,0,0,3.291883945465088,0,1
2028,70124,6.503191947937012,19.455549240112305,363.73992919921875,3.9538393020629883,0,0,191.9767608642578,0,2
2029,798657,8.011367797851562,-3.6640965938568115,111.43231964111328,2.348522901535034,0,0,2.348522901535034,0,1
2030,266889,-0.6516302824020386,-0.8544328808784485,255.3287353515625,2.3732404708862305,0,0,81.98206329345703,0,1
2031,515789,10.619701385498047,-5.064931392669678,156.71286010742188,2.786083459854126,0,0,2.786083459854126,0,1
2032,16945,41.15388488769531,5.163597106933594,-128.2332763671875,0.5418418645858765,1,0,33.58875274658203,0,1
2033,140430,-11.044783592224121,24.993253707885742,313.39208984375,0.8910645246505737,1,0,142.7805633544922,0,0
2034,318097,1.54807448387146,23.97313117980957,341.9456481933594,7.746471405029297,0,0,171.06256103515625,0,0
2035,358238,-11.267391204833984,15.07217025756836,350.72265625,1.778369665145874,0,0,178.66676330566406,0,1
2036,50649,6.691600322723389,25.552291870117188,317.0261535644531,1.3420360088348389,1,0,146.28965759277344,0,0
2037,51593,4.7588067054748535,24.196575164794922,315.4661560058594,3.306581735610962,0,0,144.6299591064453,0,0
2038,277708,9.471198081970215,13.593335151672363,230.45745849609375,0.9915663003921509,1,0,58.88993835449219,0,0
2039,387891,-7.1041035652160645,12.62359619140625,294.2025146484375,6.488372802734375,0,0,122.38592529296875,0,0
2040,523234,4.714521884918213,2.7551002502441406,85.21408081054688,1.7163830995559692,0,0,1.7163830995559692,0,1
2041,926150,17.8273868560791,-54.409542083740234,-122.43693542480469,0.8872682452201843,1,0,0.8872682452201843,0,0
2042,589330,22.78815460205078,-17.997167587280273,-70.8371810913086,4.994194507598877,0,0,4.994194507598877,0,1
2043,79156,3.1793532371520996,33.06625747680664,351.8019104003906,0.9564886689186096,1,0,181.74069213867188,0,0
2044,270486,11.777435302734375,7.3759942054748535,241.69805908203125,0.8591980934143066,1,0,69.28109741210938,0,1
2045,987572,-61.766510009765625,-115.79463195800781,-105.60810852050781,0.8119940161705017,1,0,34.89130401611328,0,2
2046,904767,19.374658584594727,-53.02940368652344,-105.06724548339844,0.6821491718292236,1,0,0.6821491718292236,0,0
2047,207689,-12.017965316772461,1.7578591108322144,230.2727508544922,0.784507155418396,1,0,57.49555587768555,0,1
2048,323745,5.261469841003418,17.129486083984375,349.53729248046875,4.893894195556641,0,0,177.6381072998047,0,0
2049,144102,-6.248660087585449,30.707408905029297,325.3081359863281,0.8655414581298828,1,0,155.2463836669922,0,1
2050,447671,-43.198516845703125,-35.33176803588867,-102.75016784667969,1.929384469985962,0,0,1.929384469985962,0,1
2051,551855,15.42632007598877,-21.39812469482422,-33.87507629394531,0.9397487640380859,1,0,0.9397487640380859,0,0
2052,26194,38.73860168457031,-10.754053115844727,-125.18931579589844,1.1972215175628662,1,0,18.112464904785156,0,1
2053,694930,-39.44519805908203,-25.18832015991211,-65.69622802734375,0.6424077153205872,1,0,0.6424076557159424,0,1
2054,966221,19.209850311279297,-84.42507934570312,-119.2138900756836,0.5583592057228088,1,0,15.51861572265625,0,1
2055,105148,8.123682975769043,15.898097038269043,264.63275146484375,2.604970693588257,0,0,93.13822937011719,0,0
2056,765969,-78.06211853027344,-3.32658314704895,-123.12635803222656,2.3734893798828125,0,0,22.987308502197266,0,0
2057,973994,0.3591783344745636,-107.93328094482422,-122.59284973144531,0.6898876428604126,1,0,45.668617248535156,0,2
2058,300638,0.7065189480781555,9.366955757141113,321.794921875,4.163259506225586,0,0,149.2018280029297,0,1
2059,864045,8.640963554382324,3.1808955669403076,30.176279067993164,3.2268950939178467,0,0,3.2268950939178467,0,2
2060,911728,23.636947631835938,-31.647052764892578,-125.3382339477539,0.6288912296295166,1,1,0.6288912296295166,0,1
2061,137852,-11.579708099365234,12.437088966369629,311.14300537109375,1.8583334684371948,0,0,139.0642547607422,0,1
2062,568751,-17.244123458862305,-11.93031120300293,74.72118377685547,0.697376012802124,1,0,0.6973759531974792,0,1
2063,896167,14.371979713439941,-56.48878479003906,-98.16226959228516,1.0927824974060059,1,0,1.0927824974060059,0,1
2064,580769,-12.358528137207031,-9.769742012023926,98.10086059570312,2.397329807281494,0,0,2.3973300457000732,0,0
2065,481358,9.955558776855469,19.475923538208008,20.70598030090332,0.9108394980430603,1,0,0.9108394980430603,0,1
2066,857933,3.73714280128479,-4.515402317047119,20.691898345947266,5.627630233764648,0,0,5.627630233764648,0,1
2067,966557,19.742225646972656,-86.41783905029297,-119.25127410888672,0.7374464273452759,1,0,16.674104690551758,0,1
2068,650731,-15.069014549255371,-5.308097839355469,-14.207959175109863,0.9291228652000427,1,0,0.9291229248046875,0,0
2069,460121,24.436250686645508,-41.46031951904297,-82.3516845703125,0.7339444160461426,1,0,0.7339444160461426,1,1
2070,279405,-0.11928116530179977,16.19518280029297,227.99827575683594,3.823535919189453,0,0,56.9701042175293,0,1
2071,245037,-10.373888969421387,-3.9338862895965576,171.60540771484375,1.8571056127548218,0,0,1.8571056127548218,0,1
2072,599530,13.453959465026855,-24.080848693847656,-55.23768615722656,5.264660835266113,0,0,5.264660835266113,0,2
2073,551399,-0.7910847067832947,-21.87648582458496,-33.87248992919922,1.75100839138031,0,0,1.75100839138031,0,1
2074,816360,-3.482938528060913,-17.859634399414062,124.83329010009766,1.0258435010910034,1,0,1.0258431434631348,0,2
2075,284182,0.00594080425798893,16.702898025512695,224.2051239013672,2.899817705154419,0,0,53.21480178833008,0,1
2076,723790,-38.45060729980469,-52.81035614013672,-81.3177719116211,1.8002010583877563,0,0,1.8002010583877563,0,0
2077,308562,-12.314065933227539,25.244300842285156,332.8424377441406,1.0227283239364624,1,0,162.1343231201172,0,1
2078,767603,2.183666706085205,3.366194486618042,80.00769805908203,5.275301933288574,0,0,5.275301933288574,0,1
2079,822527,-8.193068504333496,2.03059983253479,136.24586486816406,1.2319201231002808,1,0,1.2319198846817017,0,1
2080,160586,-6.651198863983154,8.610105514526367,214.17579650878906,5.871090888977051,0,0,42.682762145996094,0,1
2081,254723,-11.824233055114746,14.233664512634277,248.6568145751953,1.1028976440429688,1,0,77.23907470703125,0,1
2082,961358,5.095216274261475,-102.99132537841797,-123.05337524414062,1.5063241720199585,0,0,39.1085205078125,0,2
2083,157641,-9.466667175292969,-1.0124844312667847,212.4206085205078,2.38126277923584,0,0,39.48356628417969,0,1
2084,537696,-9.04485034942627,-14.457525253295898,53.121498107910156,0.9444196820259094,1,0,0.9444196224212646,1,1
2085,98929,1.2757790088653564,3.697770118713379,291.37274169921875,2.3261654376983643,0,0,118.27926635742188,0,0
2086,820648,-1.4918237924575806,-16.10655403137207,141.2393035888672,0.8928703665733337,1,0,0.892870306968689,0,2
2087,293268,7.098050594329834,13.965055465698242,331.8368225097656,2.969292163848877,0,0,159.62937927246094,0,1
2088,975194,0.802701473236084,-105.14324951171875,-123.91277313232422,0.6870324015617371,1,0,43.60150909423828,0,2
2089,301040,-4.603307247161865,9.9991455078125,326.60992431640625,4.283037185668945,0,0,154.10995483398438,0,1
2090,20246,41.364532470703125,1.5491982698440552,-125.7145767211914,1.624305248260498,0,0,30.373294830322266,0,0
2091,136992,-9.709722518920898,9.903092384338379,312.8777770996094,2.2733304500579834,0,0,140.47210693359375,0,1
2092,443177,-42.58120346069336,-36.974029541015625,-105.09326171875,0.6073426604270935,1,1,0.6073426604270935,0,1
2093,319526,3.078942060470581,22.617246627807617,340.8106384277344,7.549343585968018,0,0,169.74937438964844,0,0
2094,128832,-5.0162739753723145,3.9178707599639893,310.7447814941406,0.7151446342468262,1,0,137.57864379882812,0,0
2095,34591,29.662599563598633,-24.670156478881836,-124.19933319091797,1.5514837503433228,0,0,2.1268370151519775,0,0
2096,491437,11.542717933654785,8.230111122131348,8.185683250427246,2.710347890853882,0,0,2.710347890853882,0,1
2097,304259,-10.871813774108887,14.919662475585938,342.1081237792969,2.358015775680542,0,0,170.1004180908203,0,0
2098,52358,11.095983505249023,18.663572311401367,316.02117919921875,0.7923837304115295,1,0,144.42254638671875,0,1
2099,816853,-1.1109188795089722,-17.48064613342285,133.9009246826172,0.8014017939567566,1,0,0.8014014959335327,1,1
2100,673813,16.210195541381836,-1.215733528137207,-56.74169921875,4.803108215332031,0,0,4.803108215332031,0,0
2101,780339,10.79157543182373,12.649993896484375,39.697017669677734,1.0993266105651855,1,0,1.0993266105651855,0,2
2102,881815,30.942047119140625,-19.133405685424805,-82.60333251953125,0.5997457504272461,1,1,0.5997456908226013,0,2
2103,301076,-6.519014358520508,10.512364387512207,332.0765075683594,3.284101963043213,0,0,159.59083557128906,0,0
2104,272517,9.796853065490723,2.9620916843414307,233.60765075683594,1.783080816268921,0,0,60.7650146484375,0,0
2105,782357,7.894192218780518,18.03728485107422,38.777984619140625,0.8611520528793335,1,0,0.8611521124839783,0,2
2106,734520,-39.103336334228516,-65.9052505493164,-98.8812026977539,1.6368101835250854,0,0,1.6368101835250854,0,1
2107,544490,0.09204620867967606,-27.179759979248047,-48.905860900878906,1.109872579574585,1,0,1.1098724603652954,0,2
2108,572359,-17.58663558959961,-4.261515140533447,86.60247802734375,1.0021065473556519,1,0,1.0021065473556519,0,2
2109,652300,-15.498842239379883,-15.4667387008667,-15.959770202636719,3.2745120525360107,0,0,3.2745120525360107,0,1
2110,298442,-4.541549205780029,11.603166580200195,332.8450622558594,5.128350257873535,0,0,160.51226806640625,0,0
2111,872092,19.250715255737305,-25.781604766845703,-98.31098937988281,0.7663816809654236,1,0,0.7663816809654236,0,1
2112,692870,-32.02522277832031,-37.87343978881836,-60.81260299682617,0.8516840934753418,1,0,0.8516840934753418,0,0
2113,830814,4.644352436065674,-18.370777130126953,110.4568862915039,1.2027602195739746,1,0,1.202760100364685,0,1
2114,851134,-5.420109272003174,-11.277374267578125,13.974465370178223,1.249196171760559,1,0,1.249196171760559,0,1
2115,549335,-2.6871211528778076,-18.059490203857422,-40.10854721069336,4.135913372039795,0,0,4.135913372039795,0,1
2116,121401,-6.516702651977539,18.608911514282227,251.3022918701172,2.5230495929718018,0,0,80.36859130859375,0,1
2117,78932,10.424508094787598,23.304065704345703,363.4485778808594,0.8083622455596924,1,0,192.06919860839844,0,1
2118,6214,55.63414764404297,25.022043228149414,-128.27679443359375,1.8019884824752808,0,0,57.7495231628418,0,1
2119,173359,-3.802690029144287,3.1833202838897705,180.95657348632812,8.760164260864258,0,0,12.280317306518555,0,0
2120,855562,-2.0154988765716553,-11.024391174316406,8.838258743286133,1.8937395811080933,0,0,1.8937395811080933,0,1
2121,496586,-1.1650927066802979,9.579307556152344,-11.55289077758789,1.8557844161987305,0,0,1.8557844161987305,0,2
2122,54652,5.642744541168213,19.67257308959961,322.78985595703125,5.431077003479004,0,0,151.4134521484375,0,0
2123,431948,-43.33725357055664,-15.788878440856934,-47.05352020263672,1.0430794954299927,1,0,1.0430794954299927,0,1
2124,693429,-33.07416915893555,-37.288639068603516,-62.39304733276367,1.5774527788162231,0,0,1.5774527788162231,0,0
2125,22471,38.504791259765625,-3.341066598892212,-128.35345458984375,1.1224530935287476,1,0,24.795509338378906,0,0
2126,981678,-56.13261795043945,-95.61991119384766,-99.99967193603516,1.681658148765564,0,0,13.378972053527832,0,2
2127,119784,-7.847339153289795,18.869346618652344,259.3848571777344,2.27439546585083,0,0,88.4264144897461,0,0
2128,91146,-11.065327644348145,5.768529415130615,271.0642395019531,1.4794458150863647,1,0,98.46953582763672,0,1
2129,835810,-10.456581115722656,-13.228933334350586,110.88720703125,1.1094732284545898,1,0,1.1094732284545898,0,0
2130,838435,5.650129318237305,-16.899290084838867,100.2254409790039,0.6258286833763123,1,1,0.6258288621902466,0,1
2131,382043,-10.170580863952637,4.68634557723999,290.50531005859375,0.7478466629981995,1,0,117.62487030029297,0,0
2132,967307,20.05660629272461,-83.92729949951172,-118.61167907714844,0.8008466958999634,1,0,14.497167587280273,0,1
2133,852294,-6.868475914001465,-1.8222790956497192,12.856985092163086,6.576572418212891,0,0,6.576572418212891,0,0
2134,160641,-0.07577323168516159,-0.21017944812774658,216.310791015625,7.574619770050049,0,0,43.942726135253906,0,1
2135,101922,9.167708396911621,10.970659255981445,292.1819763183594,2.096421957015991,0,0,119.87308502197266,0,1
2136,858228,5.799932479858398,-9.596405982971191,18.646820068359375,1.0485032796859741,1,0,1.0485032796859741,0,1
2137,655149,-12.752026557922363,-8.195128440856934,-11.448488235473633,1.127608299255371,1,0,1.127608299255371,0,1
2138,718416,-38.778106689453125,-47.01834487915039,-80.22100067138672,0.6044767498970032,1,1,0.6044767498970032,0,0
2139,719262,-46.67073440551758,-46.37089920043945,-81.82325744628906,0.9443516731262207,1,0,0.9443516135215759,0,0
2140,867417,10.653777122497559,-6.633111953735352,41.57728576660156,1.4893839359283447,1,0,1.4893839359283447,0,2
2141,173296,-5.933716297149658,12.839282035827637,187.56570434570312,1.1216331720352173,1,0,16.38143539428711,0,0
2142,827074,-11.6476411819458,-4.637866020202637,141.45285034179688,1.0835968255996704,1,0,1.0835965871810913,0,1
2143,294975,-5.018893241882324,6.627793788909912,335.0652160644531,0.6317973136901855,1,0,162.04684448242188,0,0
2144,685504,-38.510581970214844,-48.52483367919922,-69.94290924072266,1.2211127281188965,1,0,1.2211127281188965,0,1
2145,162426,-9.82129955291748,12.670958518981934,214.99832153320312,1.237199068069458,1,0,43.622291564941406,0,1
2146,392611,-11.771111488342285,9.41170883178711,303.1528625488281,0.9567955136299133,1,0,130.7632598876953,0,0
2147,533895,-5.016075134277344,-18.198728561401367,72.82176971435547,1.6251325607299805,0,0,1.6251325607299805,0,1
2148,907576,19.32630729675293,-45.077518463134766,-105.49433898925781,0.6534103751182556,1,0,0.6534103751182556,0,1
2149,764371,-76.25408172607422,-1.997639775276184,-126.40531158447266,0.6369556784629822,1,0,24.150806427001953,0,0
2150,110098,-2.9570796489715576,23.33782958984375,265.3062744140625,1.2704836130142212,1,0,94.772216796875,0,1
2151,458794,21.580005645751953,-39.0020637512207,-80.68548583984375,0.894928514957428,1,0,0.894928514957428,0,1
2152,470304,14.484879493713379,-41.50818634033203,-94.67221069335938,4.998210430145264,0,0,4.998210430145264,0,1
2153,456127,-39.93569564819336,-46.27136993408203,-89.5378189086914,1.6968510150909424,0,0,1.6968510150909424,0,1
2154,417622,-24.42194366455078,-23.529741287231445,-47.45732498168945,1.181281328201294,1,0,1.181281328201294,0,1
2155,480759,-0.5225704908370972,18.901540756225586,20.719730377197266,1.2236039638519287,1,0,1.2236039638519287,0,1
2156,438098,-49.39008712768555,-34.085140228271484,-100.41311645507812,0.5390110611915588,1,1,0.5390110611915588,0,0
2157,855359,-7.616016864776611,5.035971164703369,20.81059455871582,6.012362003326416,0,0,6.012362003326416,0,1
2158,311621,0.48886001110076904,33.3955192565918,345.04095458984375,0.7276793718338013,1,0,175.09437561035156,0,0
2159,953945,31.390819549560547,-67.09503936767578,-108.91231536865234,0.7248920202255249,1,0,0.7248920202255249,0,1
2160,950391,-100.79283142089844,23.396013259887695,-142.29022216796875,0.6171472668647766,1,0,62.67495346069336,0,1
2161,865283,-6.801672458648682,-12.929226875305176,45.408294677734375,1.180112361907959,1,0,1.180112361907959,0,2
2162,252397,-11.371095657348633,15.265335083007812,242.4672393798828,1.0025171041488647,1,0,71.20777130126953,0,0
2163,952303,33.246612548828125,-71.0578842163086,-111.27397918701172,0.5176224708557129,1,1,0.5176224708557129,0,1
2164,494681,5.331434726715088,8.648981094360352,-0.2782898545265198,8.703937530517578,0,0,8.703937530517578,0,2
2165,910142,14.533119201660156,-54.45805358886719,-108.322021484375,2.53255558013916,0,0,2.53255558013916,0,0
2166,984150,-57.701271057128906,-108.64714050292969,-101.7392349243164,0.6471145153045654,1,0,26.274288177490234,0,2
2167,442472,-47.844207763671875,-33.707576751708984,-102.52286529541016,2.648810863494873,0,0,2.648810863494873,0,1
2168,370427,-12.036779403686523,17.378097534179688,364.1883850097656,1.4834518432617188,1,0,192.31582641601562,0,2
2169,184492,4.238687992095947,10.436003684997559,197.06906127929688,3.7849762439727783,0,0,25.6966552734375,0,1
2170,671566,23.472858428955078,-2.861943244934082,-58.22792434692383,1.376672625541687,1,0,1.376672625541687,0,0
2171,596959,10.59798526763916,-20.977222442626953,-61.63527297973633,8.057723045349121,0,0,8.057723045349121,0,1
2172,717192,-38.16583251953125,-43.60015869140625,-79.87366485595703,0.6647919416427612,1,0,0.6647918820381165,0,0
2173,19012,45.72922134399414,2.4413082599639893,-127.61257934570312,1.1987125873565674,1,0,33.08308029174805,0,0
2174,170192,-0.4702984392642975,5.100235462188721,178.0885772705078,8.763509750366211,0,0,10.610262870788574,0,0
2175,270006,9.111955642700195,1.471126914024353,240.40406799316406,1.3497238159179688,1,0,67.32633972167969,0,1
2176,601211,1.5444377660751343,-13.38015365600586,-65.22450256347656,4.414850234985352,0,0,4.414850234985352,0,1
2177,988764,-61.93094253540039,-117.81687927246094,-104.98652648925781,1.265737771987915,1,0,36.73835372924805,0,2
2178,683036,22.24483871459961,-16.588747024536133,-41.38644790649414,0.7457273006439209,1,0,0.7457273006439209,0,1
2179,903331,14.48625373840332,-48.55694580078125,-104.8243637084961,0.5103734731674194,1,1,0.5103735327720642,0,0
2180,912428,28.821054458618164,-32.73251724243164,-126.1050033569336,1.2894006967544556,1,0,1.2894006967544556,0,1
2181,363537,-13.873364448547363,24.838050842285156,349.2921447753906,0.7236553430557251,1,0,178.42977905273438,0,0
2182,284915,-1.72283136844635,20.88927459716797,235.0585479736328,0.6536895632743835,1,0,64.4334945678711,0,1
2183,583178,26.548633575439453,-21.371854782104492,-69.732666015625,0.7643479108810425,1,0,0.7643479108810425,0,1
2184,15135,46.77206039428711,9.70805549621582,-124.36536407470703,0.7372165322303772,1,0,39.9783935546875,0,1
2185,69984,4.8703131675720215,29.513216018676758,364.8076477050781,3.365344762802124,0,0,194.24205017089844,0,1
2186,910682,14.267144203186035,-54.428409576416016,-110.57160949707031,2.346209764480591,0,0,2.346209764480591,0,1
2187,338561,-9.010663986206055,22.864248275756836,276.9763488769531,0.8929399251937866,1,0,106.35250854492188,0,0
2188,345400,3.7475039958953857,22.949682235717773,292.4155578613281,2.703523874282837,0,0,121.59917449951172,1,1
2189,848077,-2.675666570663452,-17.03217887878418,93.87126159667969,4.532970428466797,0,0,4.532970428466797,0,0
2190,316168,-2.599107503890991,29.69051170349121,335.3950500488281,3.2994632720947266,0,0,165.1364288330078,0,0
2191,527352,8.643397331237793,-14.879353523254395,66.31512451171875,1.421142339706421,1,0,1.421142339706421,0,1
2192,48539,8.001424789428711,24.793216705322266,313.9734191894531,1.0535012483596802,1,0,143.1523895263672,0,0
2193,765490,-79.35539245605469,-4.321795463562012,-125.2032241821289,0.8396962285041809,1,0,24.117053985595703,0,0
2194,723183,-35.83743667602539,-53.85972213745117,-79.30903625488281,0.617663562297821,1,1,0.617663562297821,0,1
2195,597468,23.728919982910156,-16.8861141204834,-53.638851165771484,1.7665623426437378,0,0,1.7665623426437378,0,1
2196,199668,9.162071228027344,10.784280776977539,213.7139129638672,1.637121558189392,0,0,41.95964431762695,0,0
2197,806692,0.2812196612358093,-1.829201579093933,127.36647033691406,8.770055770874023,0,0,8.77005386352539,0,0
2198,413603,-7.9464850425720215,-3.7937865257263184,-21.244056701660156,2.3788974285125732,0,0,2.3788974285125732,0,1
2199,353017,-5.602588653564453,8.686077117919922,347.60968017578125,0.857206404209137,1,0,174.7525634765625,0,1
2200,60090,9.854314804077148,11.334748268127441,319.1990661621094,0.5905846357345581,1,0,146.7144317626953,0,0
2201,693955,-47.74930191040039,-35.41007614135742,-64.5056381225586,1.4744383096694946,1,0,1.4744383096694946,0,0
2202,171419,-10.282772064208984,9.006922721862793,185.43270874023438,0.9450110197067261,1,0,13.839689254760742,0,1
2203,481277,1.98652982711792,14.203106880187988,25.07821273803711,6.907110691070557,0,0,6.907110691070557,0,2
2204,911715,27.561256408691406,-37.49689483642578,-127.41664123535156,0.7080773711204529,1,0,0.7080773711204529,0,1
2205,334069,1.8936207294464111,18.353885650634766,267.3048095703125,5.068798542022705,0,0,96.2411117553711,0,1
2206,815031,-0.4732680320739746,-2.7366418838500977,141.4712371826172,10.290783882141113,0,0,10.290783882141113,0,1
2207,390890,-7.249663352966309,6.256893634796143,295.74053955078125,2.7601916790008545,0,0,123.0128173828125,0,1
2208,945209,-95.09110260009766,17.272680282592773,-140.1422882080078,0.7259349226951599,1,0,54.3563232421875,0,0
2209,159027,-8.792403221130371,7.976949691772461,205.7446746826172,3.7571797370910645,0,0,34.05483627319336,0,1
2210,484137,-2.9088547229766846,10.397297859191895,27.337148666381836,7.953536033630371,0,0,7.953536033630371,0,1
2211,487335,-6.396860122680664,10.443022727966309,23.25238609313965,4.971283912658691,0,0,4.971283912658691,0,1
2212,264754,1.9094399213790894,-0.006996714510023594,251.8736572265625,3.0937674045562744,0,0,78.65573120117188,0,1
2213,659194,-6.998674392700195,-10.706159591674805,-13.984379768371582,5.152812480926514,0,0,5.152812480926514,0,0
2214,978754,-52.76586151123047,-87.23750305175781,-100.09058380126953,0.6990859508514404,1,0,4.458197116851807,0,1
2215,838748,-10.41668701171875,-17.365253448486328,101.31748962402344,0.8464931845664978,1,0,0.846493124961853,0,1
2216,464767,20.58212661743164,-46.05706787109375,-86.51252746582031,0.7385046482086182,1,0,0.7385047078132629,0,1
2217,988985,-64.3891830444336,-119.41078186035156,-103.84333038330078,0.8167629837989807,1,0,38.72907257080078,0,1
2218,312202,-8.426678657531738,30.82088851928711,334.4078674316406,0.6774957180023193,1,0,164.3147735595703,0,1
2219,288004,-12.946843147277832,11.498347282409668,237.31959533691406,0.6904155015945435,1,0,65.66170501708984,0,0
2220,517976,11.917996406555176,-3.8000128269195557,172.51947021484375,0.8492491841316223,1,0,0.8492491841316223,0,1
2221,974284,-0.9538691639900208,-110.54426574707031,-125.1424560546875,1.219267725944519,1,0,48.98603439331055,0,2
2222,650212,-17.168039321899414,-15.45201301574707,-18.37030792236328,5.843540668487549,0,0,5.843540668487549,0,1
2223,37181,29.209585189819336,-29.793176651000977,-123.13196563720703,0.680653989315033,1,0,0.680653989315033,0,1
2224,404634,-4.999470233917236,-2.2987234592437744,-23.940135955810547,0.561301589012146,1,1,0.561301589012146,0,1
2225,796817,3.0816562175750732,3.903186321258545,117.25958251953125,0.8250781297683716,1,0,0.8250778317451477,0,0
2226,644743,-28.96855354309082,-9.276219367980957,-23.390300750732422,1.2019325494766235,1,0,1.2019325494766235,0,0
2227,88755,-2.800659656524658,2.937894344329834,273.7532958984375,3.902362585067749,0,0,100.78971862792969,0,1
2228,88959,9.347318649291992,6.094185829162598,270.83355712890625,1.3665132522583008,1,0,98.08409881591797,0,1
2229,637126,8.867555618286133,9.481473922729492,-15.802366256713867,1.3708148002624512,1,0,1.3708148002624512,0,1
2230,199423,-1.4638036489486694,9.081097602844238,207.93397521972656,8.41148567199707,0,0,37.053375244140625,0,1
2231,152039,-5.362351417541504,1.1490627527236938,195.8966827392578,7.369709491729736,0,0,24.362058639526367,0,1
2232,253258,-11.478910446166992,11.911994934082031,245.2703857421875,1.867540717124939,0,0,73.61014556884766,0,1
2233,865764,10.995737075805664,-2.8588571548461914,31.72207260131836,1.3383208513259888,1,0,1.3383207321166992,1,1
2234,723060,-42.17799377441406,-50.351661682128906,-73.70904541015625,0.6282888054847717,1,1,0.6282888054847717,0,1
2235,519925,7.602296352386475,0.8575788736343384,86.0213851928711,0.8158074617385864,1,0,0.8158074021339417,0,1
2236,542517,8.882380485534668,-27.671125411987305,-41.2805290222168,1.8909372091293335,0,0,1.8909372091293335,0,0
2237,93222,10.257786750793457,7.476138114929199,283.3259582519531,0.728130578994751,1,0,110.6358413696289,0,1
2238,515559,4.473014831542969,10.60241413116455,170.01882934570312,1.235169768333435,1,0,1.235169768333435,0,1
2239,485031,9.818344116210938,18.660762786865234,13.01121711730957,1.2815845012664795,1,0,1.2815845012664795,0,1
2240,703752,-45.66606521606445,-24.470216751098633,-60.80944061279297,1.1641043424606323,1,0,1.1641043424606323,0,1
2241,361536,-13.907742500305176,19.020355224609375,359.6921081542969,0.8781781792640686,1,0,188.06068420410156,0,1
2242,95656,10.442919731140137,12.156042098999023,278.6075134277344,1.4249327182769775,1,0,106.5135269165039,0,1
2243,879850,15.445501327514648,-31.555017471313477,-90.0838623046875,3.615576982498169,0,0,3.615576982498169,0,2
2244,161180,-12.110485076904297,10.309711456298828,218.88502502441406,0.8785964250564575,1,0,47.211822509765625,0,1
2245,435831,-57.428680419921875,-26.03740692138672,-106.11497497558594,0.8778937458992004,1,0,0.8778937458992004,0,1
2246,358867,-12.960600852966309,18.018178939819336,341.9300842285156,1.4352331161499023,1,0,170.3016357421875,0,0
2247,917428,25.227367401123047,-42.226905822753906,-124.6474380493164,1.5379277467727661,0,0,1.5379276275634766,0,1
2248,973061,-0.432929128408432,-111.04837036132812,-125.92691802978516,0.6126910448074341,1,0,49.17747116088867,0,1
2249,240258,9.802306175231934,-2.977442741394043,184.16073608398438,2.1895556449890137,0,0,11.156122207641602,0,0
2250,946106,-97.80371856689453,18.145078659057617,-140.95697021484375,1.8665417432785034,0,0,57.01371765136719,0,1
2251,951140,-102.309814453125,25.02758026123047,-144.04457092285156,0.5642074942588806,1,0,65.4777603149414,0,1
2252,46990,-1.855817437171936,30.87236785888672,319.8598937988281,0.7023425698280334,1,0,149.8149871826172,0,1
2253,414362,-8.948629379272461,-1.5599918365478516,-18.615257263183594,3.089442253112793,0,0,3.089442253112793,0,1
2254,307627,-11.297504425048828,12.730515480041504,327.54766845703125,1.7108827829360962,0,0,155.3800811767578,0,0
2255,69368,2.6029841899871826,31.6282958984375,362.77911376953125,2.7908897399902344,0,0,192.4918975830078,0,1
2256,321970,7.596202850341797,26.46615982055664,352.6726379394531,2.4175753593444824,0,0,181.78970336914062,0,1
2257,639507,12.871932983398438,10.837696075439453,2.0168583393096924,1.4827728271484375,1,0,1.4827728271484375,0,1
2258,845524,-8.933208465576172,-8.808319091796875,102.24665069580078,4.349371910095215,0,0,4.349372386932373,0,1
2259,662784,-7.490609645843506,-8.334185600280762,-2.906668186187744,2.606562376022339,0,0,2.606562376022339,0,1
2260,812125,11.270990371704102,-10.822579383850098,137.64114379882812,0.9449106454849243,1,0,0.9449105262756348,0,1
2261,526921,13.333625793457031,-1.520031452178955,69.38875579833984,1.2095381021499634,1,0,1.2095381021499634,0,3
2262,687256,-37.97075271606445,-44.86247634887695,-68.75460815429688,4.324063301086426,0,0,4.324063301086426,0,1
2263,169852,1.313233494758606,13.021500587463379,182.756103515625,1.4020048379898071,1,0,11.611308097839355,0,1
2264,520689,8.265707015991211,-7.848622798919678,86.93843078613281,1.2257204055786133,1,0,1.2257204055786133,0,1
2265,823631,-4.409337997436523,-15.60831069946289,139.5006561279297,0.8802194595336914,1,0,0.8802193403244019,0,2
2266,14031,45.00102233886719,12.524527549743652,-126.0381088256836,0.6990224719047546,1,0,41.8177604675293,0,1
2267,694507,-41.299407958984375,-38.89966583251953,-53.20074462890625,0.848349928855896,1,0,0.8483498692512512,0,1
2268,506213,-8.921573638916016,4.749631881713867,158.29544067382812,1.3200995922088623,1,0,1.3200998306274414,0,1
2269,21938,42.77963638305664,-2.61095929145813,-124.9146957397461,0.8696458339691162,1,0,27.165109634399414,0,0
2270,523122,6.9380621910095215,-6.183871746063232,85.3315200805664,3.1113474369049072,0,0,3.1113474369049072,0,1
2271,407294,0.5760108828544617,3.0157864093780518,-22.38578224182129,1.3671250343322754,1,0,1.3671250343322754,0,2
2272,496440,2.796996593475342,7.961388111114502,-5.26814079284668,7.272663593292236,0,0,7.272663593292236,0,1
2273,977927,-52.87539291381836,-90.39073944091797,-97.34098052978516,0.6388583779335022,1,0,6.927534580230713,0,1
2274,547416,-6.682134628295898,-18.092256546020508,-47.435306549072266,1.9298632144927979,0,0,1.9298632144927979,0,2
2275,989517,-65.05398559570312,-123.29523468017578,-107.62425994873047,0.5361737012863159,1,0,43.26139831542969,0,1
2276,64756,-10.130191802978516,30.13333511352539,367.8393249511719,2.548278570175171,0,0,197.45497131347656,0,0
2277,906985,18.74767303466797,-56.16093444824219,-108.4985122680664,0.613542914390564,1,1,0.6135428547859192,0,0
2278,193809,3.9865071773529053,9.102035522460938,198.20169067382812,5.138252258300781,0,0,26.884321212768555,0,1
2279,811342,7.086287498474121,-4.484084606170654,132.8550262451172,6.578553676605225,0,0,6.578553676605225,0,1
2280,857765,5.888436794281006,-9.892356872558594,21.348175048828125,0.9857311248779297,1,0,0.9857311248779297,0,0
2281,440468,-47.132484436035156,-33.70552444458008,-107.22854614257812,0.6368632912635803,1,1,0.6368632912635803,0,1
2282,578714,-11.034894943237305,-19.233320236206055,88.3128662109375,1.52309250831604,0,0,1.52309250831604,0,1
2283,832134,2.0056979656219482,-18.51761817932129,110.83390808105469,2.096651792526245,0,0,2.096651792526245,0,1
2284,738603,-34.38328552246094,-59.40996170043945,-90.73384857177734,0.9994778037071228,1,0,0.9994778037071228,0,1
2285,474907,15.371726036071777,-42.00326156616211,-100.8891372680664,2.025164842605591,0,0,2.025164842605591,0,1
2286,538531,-6.914741516113281,-11.191883087158203,53.165103912353516,3.85498309135437,0,0,3.85498309135437,0,2
2287,359995,4.689868450164795,11.443719863891602,358.0951232910156,0.999011754989624,1,0,185.39288330078125,0,1
2288,583029,27.31774139404297,-22.705904006958008,-72.15640258789062,0.9392479658126831,1,0,0.9392479658126831,0,1
2289,875328,14.956136703491211,-25.754072189331055,-94.32472229003906,0.6772744655609131,1,0,0.6772744655609131,0,1
2290,130246,10.683454513549805,15.310737609863281,309.2420349121094,0.9257398247718811,1,0,137.29800415039062,0,1
2291,638860,5.968082904815674,14.428893089294434,-9.473908424377441,1.0633392333984375,1,0,1.0633392333984375,0,2
2292,345877,-8.734809875488281,24.142122268676758,286.641845703125,0.7366737127304077,1,0,116.09847259521484,0,1
2293,171229,-7.529673099517822,6.961682319641113,177.40269470214844,3.2568938732147217,0,0,6.458627223968506,0,1
2294,51726,9.053640365600586,21.08197784423828,308.1461181640625,1.5712988376617432,0,0,136.92041015625,0,1
2295,515491,8.898945808410645,1.8073667287826538,166.3365936279297,3.9405276775360107,0,0,3.9405276775360107,0,1
2296,12394,48.27848434448242,14.88566780090332,-124.78904724121094,0.8548387885093689,1,0,45.31592559814453,0,1
2297,891536,16.640108108520508,-63.372657775878906,-100.92399597167969,0.6232300996780396,1,1,0.6232300996780396,0,1
2298,153848,2.0079879760742188,-7.553452014923096,212.0912322998047,1.0700814723968506,1,0,38.20111846923828,0,1
2299,256158,-5.412199974060059,1.010240077972412,247.9368438720703,3.9009110927581787,0,0,74.98113250732422,0,1
2300,808728,8.762967109680176,3.4252991676330566,132.2867431640625,1.9582182168960571,0,0,1.9582183361053467,0,1
2301,393617,-7.103212833404541,6.361265182495117,302.7491455078125,2.264188051223755,0,0,129.97035217285156,0,1
2302,426068,-37.33047866821289,-33.52423858642578,-49.4068489074707,2.6215813159942627,0,0,2.6215813159942627,0,1
2303,238951,4.05488395690918,-8.4773530960083,186.6212921142578,1.9794201850891113,0,0,12.92966365814209,0,1
2304,420209,-25.408662796020508,-22.003507614135742,-47.91658020019531,2.0369553565979004,0,0,2.0369553565979004,0,1
2305,5126,55.004730224609375,22.959381103515625,-130.3245849609375,0.6556490659713745,1,0,55.6558723449707,0,0
2306,580241,-14.423648834228516,-15.815110206604004,95.61550903320312,1.0188109874725342,1,0,1.0188109874725342,0,1
2307,852851,-2.361321210861206,-13.056591033935547,5.014479160308838,1.0070652961730957,1,0,1.0070652961730957,0,1
2308,278658,-3.002269744873047,16.804122924804688,231.92294311523438,3.482269763946533,0,0,60.93987274169922,0,1
2309,776096,1.0077002048492432,16.464962005615234,55.44573211669922,2.7153635025024414,0,0,2.7153635025024414,0,1
2310,816520,-2.2397639751434326,-8.586907386779785,138.99400329589844,7.476398468017578,0,0,7.476398468017578,0,3
2311,933271,-77.69205474853516,0.8567233085632324,-126.86536407470703,0.6134568452835083,1,0,27.002038955688477,0,0
2312,600393,1.0642718076705933,-18.37490463256836,-65.54398345947266,3.619420289993286,0,0,3.619420289993286,0,1
2313,141360,-12.212667465209961,23.300661087036133,307.0631103515625,0.8282776474952698,1,0,136.30519104003906,0,0
2314,796203,9.602599143981934,-0.8832618594169617,113.11734771728516,0.6476234793663025,1,0,0.6476235389709473,0,1
2315,648560,-23.118467330932617,-6.888417720794678,-23.690277099609375,1.5174570083618164,0,0,1.5174570083618164,0,1
2316,47742,5.5095672607421875,18.131866455078125,303.654296875,5.625223159790039,0,0,132.25404357910156,0,1
2317,436387,-53.213687896728516,-27.492813110351562,-102.82470703125,0.7823413610458374,1,0,0.7823413610458374,0,1
2318,950875,-106.0034408569336,20.65584373474121,-145.30563354492188,0.65846848487854,1,0,65.79279327392578,0,1
2319,313506,-0.6705275774002075,32.7452507019043,335.697021484375,0.6652829647064209,1,0,165.75048828125,0,0
2320,672064,6.838414669036865,4.687876224517822,-57.30101013183594,1.2465088367462158,1,0,1.2465088367462158,1,1
2321,527823,5.319692134857178,-12.069206237792969,76.1109619140625,3.88643217086792,0,0,3.88643217086792,0,2
2322,117925,5.7947893142700195,13.243892669677734,248.58480834960938,5.119938850402832,0,0,77.04167938232422,0,0
2323,960627,5.961719512939453,-99.74546813964844,-120.85517883300781,0.6570996046066284,1,0,35.66871643066406,0,2
2324,402978,-7.728437900543213,-6.2131571769714355,-29.508634567260742,0.7142280340194702,1,0,0.7142280340194702,0,1
2325,452319,-39.79506301879883,-40.295719146728516,-99.48994445800781,1.3439141511917114,1,0,1.3439140319824219,0,0
2326,230677,-3.598644971847534,-11.721229553222656,179.59713745117188,0.6567290425300598,1,0,5.522128582000732,0,1
2327,646061,-27.449630737304688,-12.75152587890625,-21.181732177734375,2.459113359451294,0,0,2.459113359451294,0,0
2328,963255,13.332468032836914,-94.76103210449219,-119.19281005859375,0.6139803528785706,1,0,26.91790199279785,0,2
2329,217766,0.1922837793827057,-4.274499416351318,235.74122619628906,1.4075137376785278,1,0,62.09955596923828,0,1
2330,893810,14.161139488220215,-61.9836311340332,-98.64075469970703,0.6641206741333008,1,0,0.6641206741333008,1,1
2331,316252,6.125172138214111,28.531333923339844,339.72576904296875,1.4138612747192383,1,0,169.18592834472656,0,0
2332,371204,-10.069062232971191,30.308500289916992,347.925048828125,1.0424445867538452,1,0,177.69029235839844,0,1
2333,877822,18.2285099029541,-27.360431671142578,-95.32745361328125,2.906142234802246,0,0,2.906142234802246,0,1
2334,797827,4.303021430969238,0.017999762669205666,114.33311462402344,1.5686155557632446,0,0,1.568615436553955,0,0
2335,593657,5.625636577606201,-17.5832576751709,-74.25560760498047,1.2457404136657715,1,0,1.2457404136657715,0,2
2336,756501,-67.7034683227539,-9.938648223876953,-114.10601043701172,0.669757068157196,1,0,7.943474769592285,0,1
2337,816646,3.789534330368042,-13.534828186035156,134.3322296142578,3.7147562503814697,0,0,3.7147562503814697,0,1
2338,420178,-28.15070343017578,-23.411407470703125,-48.804908752441406,3.958249807357788,0,0,3.958249807357788,0,1
2339,567176,-15.309884071350098,6.130493640899658,71.5904769897461,1.18503999710083,1,0,1.18503999710083,0,1
2340,845528,-6.935621738433838,-6.716136932373047,101.59757995605469,4.797851085662842,0,0,4.797851085662842,0,1
2341,698327,-39.67926025390625,-39.7054443359375,-55.68794250488281,2.247213125228882,0,0,2.247213125228882,0,1
2342,319493,4.071749687194824,27.035253524780273,333.9349670410156,3.050577402114868,0,0,163.30352783203125,0,1
2343,915606,20.198627471923828,-40.486053466796875,-125.46068572998047,0.6418379545211792,1,0,0.641838014125824,0,1
2344,282229,2.660388946533203,18.826902389526367,249.9499053955078,2.5594236850738525,0,0,78.96749877929688,0,0
2345,500445,11.754258155822754,0.338081955909729,178.02447509765625,1.0861223936080933,1,0,5.294239521026611,0,0
2346,920175,22.929813385009766,-43.9935302734375,-124.77616119384766,3.145189046859741,0,0,3.145189046859741,0,1
2347,580199,-10.946041107177734,-17.380430221557617,88.96448516845703,2.991422414779663,0,0,2.991422414779663,0,1
2348,58378,0.7249361276626587,30.483959197998047,329.3912048339844,1.2954330444335938,1,0,159.21070861816406,0,1
2349,229413,-11.861580848693848,-2.3535068035125732,184.35263061523438,0.7674562335014343,1,0,11.430682182312012,0,1
2350,620317,-11.576404571533203,-19.927120208740234,-25.574262619018555,1.6293505430221558,0,0,1.6293505430221558,0,1
2351,813093,8.280720710754395,-14.208276748657227,124.96149444580078,1.8038078546524048,0,0,1.8038078546524048,0,1
2352,174195,0.018908213824033737,-0.48788633942604065,174.1917266845703,12.140449523925781,0,0,12.237298011779785,0,0
2353,20934,45.212799072265625,0.5599325895309448,-125.77517700195312,0.6777360439300537,1,0,31.090688705444336,0,0
2354,779989,-8.371071815490723,17.7392520904541,35.84229278564453,0.8621155023574829,1,0,0.8621155023574829,0,1
2355,800581,-1.143990397453308,6.03102445602417,123.16249084472656,0.9817798137664795,1,0,0.9817799925804138,0,0
2356,981958,-56.29877853393555,-96.41534423828125,-99.92790985107422,1.665555477142334,0,0,14.151575088500977,0,2
2357,853237,-6.2672200202941895,-8.542009353637695,8.706374168395996,2.8487935066223145,0,0,2.8487935066223145,0,0
2358,588176,22.34345817565918,-20.595674514770508,-69.10179138183594,2.6711394786834717,0,0,2.6711394786834717,0,1
2359,768042,10.186365127563477,7.4282145500183105,73.64947509765625,1.2008451223373413,1,0,1.2008451223373413,0,1
2360,639022,3.0533156394958496,13.335630416870117,-4.77372932434082,3.021963119506836,0,0,3.021963119506836,0,1
2361,607955,-27.568130493164062,-10.541597366333008,-33.0843505859375,2.4112050533294678,0,0,2.4112050533294678,0,0
2362,69126,-1.3890233039855957,33.922733306884766,367.6735534667969,2.9106788635253906,0,0,197.66476440429688,0,0
2363,903802,20.563974380493164,-51.02305221557617,-102.94168090820312,0.6956196427345276,1,0,0.6956197023391724,0,0
2364,195587,8.121504783630371,7.550532341003418,208.28794860839844,3.7485077381134033,0,0,36.36066818237305,0,0
2365,380004,-10.30590534210205,13.06486988067627,281.175537109375,3.5003280639648438,0,0,109.41803741455078,0,1
2366,958757,29.14552116394043,-64.2009506225586,-102.93558502197266,1.8251150846481323,0,0,1.8251150846481323,0,0
2367,691212,-31.903728485107422,-35.80421829223633,-62.77313995361328,0.7475088238716125,1,0,0.7475088834762573,0,0
2368,657919,-8.610176086425781,-12.00521469116211,-13.447400093078613,3.134429454803467,0,0,3.134429693222046,0,0
2369,170412,0.9581176042556763,11.757852554321289,182.23394775390625,2.6348814964294434,0,0,11.168331146240234,0,1
2370,206167,3.6431963443756104,16.95648193359375,224.0026092529297,1.334558129310608,1,0,52.94492721557617,0,1
2371,560338,-14.621474266052246,3.70477294921875,51.646549224853516,1.7419465780258179,0,0,1.7419465780258179,0,1
2372,937836,-86.0351791381836,1.892643690109253,-131.31752014160156,0.6033480763435364,1,0,35.06216049194336,0,1
2373,479200,2.0125811100006104,20.565866470336914,20.63255500793457,0.8787820935249329,1,0,0.8787820935249329,0,1
2374,424366,-32.843971252441406,-12.179929733276367,-43.07799530029297,2.7195096015930176,0,0,2.7195096015930176,0,1
2375,541793,0.10591673851013184,-20.961883544921875,-63.48771667480469,2.857299566268921,0,0,2.857299566268921,0,2
2376,689974,-40.77140426635742,-41.29395294189453,-67.22428131103516,5.496292591094971,0,0,5.4962921142578125,0,1
2377,712122,-47.56272888183594,-41.09052276611328,-74.55126190185547,1.0541374683380127,1,0,1.0541374683380127,0,0
2378,812120,12.548401832580566,-8.358308792114258,139.0762176513672,0.9895320534706116,1,0,0.9895322322845459,0,1
2379,416799,-24.21238899230957,-19.506391525268555,-42.43263626098633,2.793646812438965,0,0,2.793646812438965,0,1
2380,138940,-10.208112716674805,24.322927474975586,310.33953857421875,1.5066511631011963,0,0,139.6675262451172,0,0
2381,780912,10.163002967834473,15.329379081726074,44.521934509277344,0.7582290768623352,1,0,0.7582290768623352,0,1
2382,552385,-3.115738868713379,-9.997147560119629,-64.20785522460938,1.2979788780212402,1,0,1.2979788780212402,0,1
2383,236816,2.1210062503814697,-11.061233520507812,176.7048797607422,1.437125563621521,1,0,2.9466426372528076,0,1
2384,913545,26.86016845703125,-32.52139663696289,-122.86239624023438,0.5863250494003296,1,1,0.5863251090049744,0,1
2385,194512,10.829345703125,-1.1804355382919312,211.2635955810547,0.7999571561813354,1,0,38.05553436279297,0,0
2386,3989,55.42502975463867,33.68268585205078,-127.55813598632812,1.1131565570831299,1,0,65.44255065917969,0,1
2387,806845,7.1051025390625,-1.640978217124939,125.28282165527344,6.773679256439209,0,0,6.773679256439209,0,1
2388,642474,7.622237205505371,17.224647521972656,-0.9068359732627869,0.7186665534973145,1,0,0.7186665534973145,0,2
2389,841280,-3.4627370834350586,-20.11765480041504,100.06743621826172,1.5019537210464478,0,0,1.5019537210464478,0,1
2390,61598,-13.840166091918945,19.933761596679688,364.0707702636719,0.7584019899368286,1,0,192.51651000976562,0,2
2391,666456,20.128162384033203,-6.240041255950928,-74.3596420288086,2.6316356658935547,0,0,2.631635904312134,0,1
2392,649898,-13.357674598693848,-21.690654754638672,-23.779767990112305,2.392139196395874,0,0,2.392139196395874,0,1
2393,463600,10.212867736816406,-40.58711242675781,-85.09258270263672,1.8548647165298462,0,0,1.8548647165298462,0,1
2394,313125,1.6349458694458008,31.867176055908203,341.823974609375,1.0957781076431274,1,0,171.70822143554688,0,0
2395,317746,-0.12266074866056442,24.501667022705078,335.2796936035156,7.437884330749512,0,0,164.5160675048828,0,0
2396,38422,29.21783447265625,-26.770700454711914,-126.56236267089844,2.8515281677246094,0,0,2.8515281677246094,0,1
2397,53191,8.189430236816406,21.57691192626953,316.63525390625,2.405261993408203,0,0,145.42684936523438,0,0
2398,370192,-8.790069580078125,28.821081161499023,342.42047119140625,2.219454288482666,0,0,172.04713439941406,0,0
2399,630456,0.44329655170440674,-3.193253993988037,-6.550757884979248,11.713810920715332,0,0,11.713810920715332,0,0
2400,60818,-13.008319854736328,17.249469757080078,370.62432861328125,0.651900589466095,1,0,198.69415283203125,0,1
2401,518952,8.77552318572998,-6.8862080574035645,88.0790023803711,0.5976908206939697,1,1,0.5976908206939697,0,1
2402,948028,-103.04266357421875,18.29669761657715,-141.87759399414062,0.9996100068092346,1,0,60.824710845947266,0,1
2403,858942,2.335660934448242,-9.614404678344727,18.849876403808594,2.2859385013580322,0,0,2.2859385013580322,0,2
2404,965899,16.675207138061523,-87.3303451538086,-117.80626678466797,0.7710184454917908,1,0,19.002107620239258,0,1
2405,438927,-50.509857177734375,-29.3774356842041,-108.27286529541016,0.806368350982666,1,0,0.8063684105873108,0,0
2406,605802,-29.001497268676758,-9.83952522277832,-40.92038345336914,0.7949060797691345,1,0,0.7949060797691345,0,0
2407,885622,21.346607208251953,-28.932825088500977,-86.11410522460938,0.7302902340888977,1,0,0.7302902340888977,0,0
2408,893911,12.156356811523438,-59.99504089355469,-96.9067153930664,0.5693999528884888,1,1,0.569399893283844,0,1
2409,597254,8.452985763549805,-16.034759521484375,-69.77083587646484,6.457726955413818,0,0,6.457726955413818,0,1
2410,923074,21.339773178100586,-53.87345504760742,-117.40487670898438,0.6563010215759277,1,0,0.6563010215759277,0,0
2411,680265,13.385992050170898,-0.9622685313224792,-41.63008117675781,4.655966281890869,0,0,4.655966281890869,0,1
2412,918960,19.276046752929688,-46.99810791015625,-126.33830261230469,0.6467577815055847,1,0,0.6467577815055847,0,1
2413,697567,-39.11949920654297,-39.533180236816406,-58.515724182128906,4.3838725090026855,0,0,4.383872985839844,0,1
2414,146033,2.555767774581909,-7.404630661010742,191.53717041015625,2.9045934677124023,0,0,18.0427188873291,0,1
2415,877514,15.748174667358398,-29.562191009521484,-96.73180389404297,3.1001908779144287,0,0,3.1001908779144287,0,1
2416,890288,16.056068420410156,-21.283170700073242,-83.93913269042969,2.6816153526306152,0,0,2.6816153526306152,0,1
2417,590456,24.006336212158203,-18.760969161987305,-63.581504821777344,1.972249150276184,0,0,1.972249150276184,0,1
2418,401729,9.378287315368652,-4.839173316955566,-29.380380630493164,3.643679618835449,0,0,3.643679618835449,0,2
2419,363241,2.2425923347473145,14.59536075592041,358.3077392578125,4.083698272705078,0,0,186.0489044189453,0,1
2420,295464,0.5049048662185669,15.014752388000488,331.9057312011719,8.153115272521973,0,0,160.06727600097656,0,0
2421,353016,-5.869818687438965,8.726289749145508,348.3216552734375,0.8052684664726257,1,0,175.46646118164062,0,1
2422,390657,-11.424775123596191,7.73698616027832,301.82220458984375,0.6498088240623474,1,0,129.2375946044922,0,0
2423,160396,-11.677348136901855,6.63229513168335,217.155029296875,1.7092914581298828,0,0,45.07292556762695,0,2
2424,79563,9.911778450012207,18.11511993408203,359.85211181640625,0.7747730612754822,1,0,187.88507080078125,0,1
2425,883029,16.17940902709961,-25.815303802490234,-88.32000732421875,0.6074870824813843,1,1,0.6074870228767395,0,1
2426,694980,-37.07148742675781,-25.447071075439453,-63.3731575012207,1.0056278705596924,1,0,1.0056278705596924,0,1
2427,229714,-9.425196647644043,-5.948638916015625,183.2870635986328,1.5127116441726685,0,0,10.000134468078613,0,1
2428,506728,11.800403594970703,4.57427453994751,156.088623046875,1.3377939462661743,1,0,1.3377940654754639,1,1
2429,872068,25.896011352539062,-31.823923110961914,-97.20204162597656,2.2611334323883057,0,0,2.2611334323883057,0,1
2430,421371,-34.12775421142578,-33.1944580078125,-47.68257522583008,2.0484983921051025,0,0,2.0484983921051025,0,0
2431,183822,-3.9717280864715576,12.174798965454102,194.36349487304688,3.128389835357666,0,0,23.213939666748047,0,0
2432,675510,25.07917022705078,-4.339542388916016,-52.726905822753906,0.9421924352645874,1,0,0.9421924352645874,0,0
2433,585934,25.951576232910156,-17.55621910095215,-78.83875274658203,4.801000595092773,0,0,4.801000595092773,0,1
2434,839659,6.401514053344727,-15.725868225097656,102.16543579101562,1.6680920124053955,0,0,1.6680920124053955,0,0
2435,385401,-12.42379379272461,19.341062545776367,291.98822021484375,1.0158233642578125,1,0,120.87103271484375,0,1
2436,928160,17.974380493164062,-54.12057113647461,-111.8844985961914,0.7881218791007996,1,0,0.78812175989151,0,1
2437,9309,48.92572784423828,18.806961059570312,-124.82981872558594,0.6396891474723816,1,0,49.13127899169922,0,0
2438,285207,-10.53519344329834,14.398865699768066,232.4831085205078,1.0182058811187744,1,0,61.19029235839844,0,0
2439,242357,12.014939308166504,-1.8885704278945923,183.39688110351562,0.7158372402191162,1,0,10.306469917297363,0,0
2440,799213,10.933440208435059,-3.3523008823394775,112.35884094238281,1.0700459480285645,1,0,1.0700459480285645,0,1
2441,842436,-4.249645233154297,-16.12500762939453,102.26480865478516,4.882501125335693,0,0,4.882501125335693,0,1
2442,971882,-51.7386589050293,-82.56555938720703,-96.74417877197266,1.4753566980361938,1,0,1.4753568172454834,0,1
2443,294805,4.241456508636475,8.397405624389648,326.4975280761719,1.49099862575531,1,0,153.66798400878906,0,1
2444,611902,-20.552249908447266,-8.401922225952148,-29.91010856628418,1.9098377227783203,0,0,1.9098377227783203,0,1
2445,790023,-7.033523082733154,-2.4571759700775146,105.2641372680664,0.8505739569664001,1,0,0.8505737781524658,1,1
2446,852755,-12.315668106079102,6.590555667877197,20.626726150512695,1.4547288417816162,1,0,1.4547288417816162,0,0
2447,924439,17.505279541015625,-53.751895904541016,-123.25531005859375,0.6990802884101868,1,0,0.6990803480148315,0,0
2448,194866,11.468762397766113,1.769728660583496,210.59439086914062,0.9039514064788818,1,0,37.740535736083984,0,0
2449,494855,-12.120866775512695,4.0920915603637695,2.442999839782715,1.3147000074386597,1,0,1.3147000074386597,0,1
2450,411035,-4.159478187561035,-11.110068321228027,-25.25844383239746,0.6323656439781189,1,1,0.6323656439781189,0,0
2451,981044,-54.35944747924805,-94.75769805908203,-100.68309020996094,0.9766271114349365,1,0,12.102521896362305,0,2
2452,368235,-8.636218070983887,29.24003791809082,346.38287353515625,2.321993589401245,0,0,176.03155517578125,0,1
2453,786399,-5.757046222686768,17.04205322265625,30.6081600189209,2.442068338394165,0,0,2.442068338394165,0,1
2454,62575,-13.789578437805176,27.354473114013672,362.47705078125,0.8918792605400085,1,0,191.8194122314453,0,0
2455,601958,-39.56373977661133,-20.198169708251953,-35.404483795166016,1.1953744888305664,1,0,1.1953744888305664,0,1
2456,319360,8.83674144744873,26.776573181152344,349.9367370605469,1.1914154291152954,1,0,179.08641052246094,0,1
2457,762502,-75.39820098876953,-7.88853645324707,-119.83870697021484,1.0674595832824707,1,0,16.855131149291992,0,1
2458,822733,-2.5854086875915527,-14.663241386413574,138.2976531982422,2.2057695388793945,0,0,2.2057695388793945,0,2
2459,488973,-6.335838794708252,5.7844648361206055,20.379182815551758,7.087273120880127,0,0,7.087273120880127,0,0
2460,242006,11.37778091430664,-3.551354169845581,181.2133026123047,0.9447797536849976,1,0,7.961761474609375,0,0
2461,140874,-4.126264572143555,25.08440589904785,322.3677978515625,5.801827430725098,0,0,151.7446746826172,0,1
2462,493988,-8.009350776672363,8.815985679626465,-2.40936017036438,1.3134673833847046,1,0,1.3134673833847046,0,2
2463,848584,-6.449484348297119,-20.509334564208984,86.77018737792969,1.6334364414215088,0,0,1.6334364414215088,0,0
2464,893210,21.182636260986328,-59.97615432739258,-99.12504577636719,0.6326565146446228,1,1,0.6326565146446228,0,1
2465,938855,-91.32779693603516,6.640690326690674,-131.8683319091797,0.7340843081474304,1,0,41.511810302734375,0,1
2466,652264,-18.503124237060547,-6.1539201736450195,-21.56484603881836,2.2674198150634766,0,0,2.2674198150634766,0,1
2467,108321,2.7419748306274414,15.908578872680664,261.6319580078125,6.156125545501709,0,0,90.3896713256836,0,0
2468,970695,28.290559768676758,-74.54456329345703,-113.5110855102539,0.6225563883781433,1,0,1.2507671117782593,0,0
2469,882489,27.698694229125977,-25.466243743896484,-85.83638000488281,2.9129695892333984,0,0,2.9129695892333984,0,1
2470,173825,6.6633620262146,7.461214065551758,178.204833984375,3.122215747833252,0,0,7.022366046905518,0,1
2471,316009,0.8859969973564148,31.543434143066406,335.3416748046875,1.0516743659973145,1,0,165.24078369140625,0,0
2472,855668,-10.727679252624512,2.431950807571411,24.652864456176758,3.6450047492980957,0,0,3.6450047492980957,0,1
2473,116750,-6.087038516998291,18.326637268066406,258.94891357421875,3.73593807220459,0,0,87.9637222290039,0,1
2474,393839,-3.7531299591064453,3.665506601333618,300.46649169921875,1.489994764328003,1,0,127.33905029296875,0,1
2475,875059,30.665403366088867,-25.750316619873047,-86.37590789794922,0.673127293586731,1,0,0.673127293586731,0,1
2476,788585,2.444409132003784,-2.1691153049468994,96.0571060180664,1.0530909299850464,1,0,1.0530908107757568,0,1
2477,749874,-54.535667419433594,-27.677560806274414,-109.15484619140625,0.6356844305992126,1,1,0.6356843709945679,0,1
2478,223013,10.841585159301758,3.54215145111084,228.97012329101562,1.2325578927993774,1,0,56.20730209350586,0,1
2479,912203,28.45777702331543,-36.144229888916016,-125.76325988769531,0.6612474918365479,1,0,0.6612474918365479,0,1
2480,46280,-6.093751907348633,27.635648727416992,316.9438171386719,2.151869773864746,0,0,146.58860778808594,0,1
2481,972539,-2.3782713413238525,-111.76866912841797,-123.65045166015625,0.6322451829910278,1,0,50.47814178466797,0,1
2482,885948,20.163530349731445,-19.095685958862305,-88.81497192382812,2.5346522331237793,0,0,2.5346522331237793,0,0
2483,581623,28.076915740966797,-25.019380569458008,-74.30767822265625,0.8140669465065002,1,0,0.8140668869018555,0,1
2484,441282,-44.44550704956055,-32.152549743652344,-100.16490173339844,0.6237456798553467,1,1,0.6237456798553467,0,1
2485,460106,22.915668487548828,-40.14836883544922,-81.04060363769531,0.8286036252975464,1,0,0.8286035656929016,0,1
2486,570898,-11.001717567443848,4.494141578674316,74.49712371826172,4.296607494354248,0,0,4.296607494354248,0,1
2487,904719,21.056888580322266,-49.75120544433594,-104.37065124511719,0.6734004616737366,1,0,0.6734004616737366,0,1
2488,777093,1.3897571563720703,14.03941822052002,53.72486877441406,5.450070381164551,0,0,5.450070381164551,0,1
2489,989945,-62.69754409790039,-122.02330780029297,-105.07040405273438,1.0786874294281006,1,0,40.91204833984375,0,1
2490,608333,-27.44916343688965,-11.50917911529541,-34.40557861328125,3.259469985961914,0,0,3.259469985961914,0,0
2491,829351,-2.9558284282684326,-18.793039321899414,121.47186279296875,1.006516456604004,1,0,1.006516456604004,0,1
2492,491249,10.611923217773438,16.08675193786621,5.788753032684326,1.5433439016342163,0,0,1.5433439016342163,0,1
2493,804012,-6.48859977722168,0.9136015772819519,123.97514343261719,2.50296950340271,0,0,2.50296950340271,0,1
2494,239570,9.645051956176758,-4.740403175354004,176.64430236816406,2.071868419647217,0,0,3.8411710262298584,0,1
2495,556392,-7.848275661468506,-16.00081443786621,-37.70988082885742,1.0723767280578613,1,0,1.0723767280578613,0,1
2496,340413,9.408275604248047,17.083646774291992,283.00103759765625,1.7597788572311401,0,0,111.48099517822266,0,1
2497,606067,-26.550735473632812,-7.11190128326416,-27.692529678344727,0.9814865589141846,1,0,0.9814865589141846,0,1
2498,518037,4.162178993225098,-3.6874523162841797,172.67083740234375,7.347597122192383,0,0,7.347597122192383,0,1
2499,42201,-5.836509704589844,29.296371459960938,312.4625549316406,0.8157510161399841,1,0,142.321533203125,0,2
2500,781785,-0.10373444855213165,5.326866626739502,40.426231384277344,11.981087684631348,0,0,11.981087684631348,1,1
2501,943272,-91.89191436767578,14.7490873336792,-135.1947479248047,0.6611133813858032,1,0,48.380523681640625,0,0
2502,682683,22.086807250976562,-5.325994968414307,-40.18315124511719,1.0325372219085693,1,0,1.0325372219085693,0,1
2503,448365,-43.04262924194336,-38.81888198852539,-97.34253692626953,1.9596905708312988,0,0,1.9596905708312988,0,0
2504,176136,8.137206077575684,8.90490436553955,184.59146118164062,1.6778550148010254,0,0,12.896177291870117,0,1
2505,950129,-104.73417663574219,23.811824798583984,-143.10708618164062,1.1332823038101196,1,0,65.812744140625,0,1
2506,515681,-5.566931247711182,8.902918815612793,169.1177520751953,2.255992889404297,0,0,2.255992889404297,0,1
2507,877606,25.72368049621582,-31.509990692138672,-86.8744888305664,0.7494407892227173,1,0,0.7494407892227173,0,0
2508,416769,-32.022708892822266,-23.03739356994629,-40.074607849121094,5.961268901824951,0,0,5.961268901824951,0,0
2509,12416,49.47750473022461,17.324596405029297,-125.87767028808594,1.6604909896850586,0,0,48.08618927001953,0,0
2510,720281,-37.907779693603516,-49.46864700317383,-71.90950012207031,0.6230912208557129,1,1,0.6230912208557129,0,1
2511,438817,-50.03622817993164,-29.09193992614746,-108.5428695678711,0.6186028718948364,1,1,0.6186029314994812,0,0
2512,684899,-34.472084045410156,-47.2985954284668,-70.23613739013672,0.8299362659454346,1,0,0.8299362659454346,0,1
2513,354981,-12.027131080627441,13.390775680541992,345.46759033203125,0.7335764765739441,1,0,173.24871826171875,0,0
2514,715151,-43.28781509399414,-38.309024810791016,-79.81170654296875,0.669323742389679,1,0,0.6693238019943237,0,1
2515,590563,25.310598373413086,-13.166646957397461,-64.11078643798828,1.9493552446365356,0,0,1.9493552446365356,0,1
2516,568785,-9.432412147521973,-11.506237983703613,64.83718872070312,4.645277500152588,0,0,4.645277500152588,0,2
2517,108971,7.7711896896362305,17.64674186706543,252.4447021484375,1.2369236946105957,1,0,81.2193832397461,0,0
2518,236038,4.873605728149414,-6.467798709869385,180.09803771972656,3.931332588195801,0,0,7.630101203918457,0,0
2519,111169,-1.1403312683105469,22.7086124420166,254.1496124267578,0.8659438490867615,1,0,83.59778594970703,0,0
2520,261691,1.93703293800354,2.873220682144165,252.70130920410156,5.600112438201904,0,0,79.95548248291016,0,0
2521,433044,-42.259620666503906,-19.5178279876709,-54.037986755371094,1.5915583372116089,0,0,1.5915584564208984,0,0
2522,58118,9.981742858886719,13.40868854522705,313.3232727050781,1.2420011758804321,1,0,141.13140869140625,0,1
2523,975837,2.65472149848938,-103.7379150390625,-122.190185546875,0.6879600286483765,1,0,41.0178337097168,0,2
2524,247592,6.928915023803711,-9.646105766296387,171.49832153320312,1.3269016742706299,1,0,1.3269017934799194,0,1
2525,616753,-16.507349014282227,-15.524104118347168,-24.616703033447266,7.068159580230713,0,0,7.068159580230713,0,1
2526,552130,1.3300189971923828,-22.360567092895508,-32.80649185180664,1.9950942993164062,0,0,1.9950942993164062,0,1
2527,440036,-48.92644119262695,-33.1063117980957,-106.97122192382812,0.8669334053993225,1,0,0.8669334053993225,0,0
2528,654620,-7.794825553894043,-15.616373062133789,-15.124330520629883,0.4778226613998413,1,1,0.4778226912021637,0,1
2529,262841,1.5349041223526,-2.7455813884735107,252.6871337890625,0.6941781640052795,1,0,79.08113098144531,0,1
2530,915405,26.650991439819336,-34.722679138183594,-123.37125396728516,0.9476245641708374,1,0,0.9476245641708374,0,1
2531,430289,-44.08427047729492,-21.878461837768555,-42.49447250366211,1.293402075767517,1,0,1.293402075767517,0,0
2532,664658,20.269485473632812,-6.616396903991699,-79.11033630371094,0.8545408248901367,1,0,0.8545408248901367,0,0
2533,704877,-28.78794288635254,-29.296302795410156,-52.88900375366211,2.3075404167175293,0,0,2.3075404167175293,0,1
2534,87308,11.010129928588867,7.258482933044434,274.38238525390625,0.49558383226394653,1,0,101.72261047363281,0,0
2535,74473,7.830109119415283,15.893097877502441,363.4992370605469,1.2516634464263916,1,0,191.2622833251953,0,1
2536,160771,-5.085070610046387,2.2712953090667725,216.37374877929688,7.481488227844238,0,0,44.32634735107422,0,0
2537,491128,-8.495198249816895,9.589215278625488,12.82192611694336,2.2953622341156006,0,0,2.2953622341156006,0,1
2538,765587,-82.02298736572266,-2.445240020751953,-124.27042388916016,0.665418267250061,1,0,26.45379066467285,0,0
2539,704020,-42.19379425048828,-21.726728439331055,-61.04756546020508,1.080518364906311,1,0,1.0805184841156006,0,1
2540,137934,-10.411324501037598,22.30992317199707,301.3730163574219,1.8211950063705444,0,0,130.53102111816406,0,0
2541,794237,-0.7596359848976135,-3.0627479553222656,110.47145080566406,2.898876190185547,0,0,2.898876190185547,0,1
2542,509061,13.501847267150879,-1.403944730758667,157.6322479248047,0.8320998549461365,1,0,0.8320995569229126,0,1
2543,495872,-6.813665390014648,6.712530136108398,-1.9244768619537354,3.5161807537078857,0,0,3.5161807537078857,0,1
2544,546699,-3.38313364982605,-19.632675170898438,-63.56003952026367,1.2868248224258423,1,0,1.2868248224258423,0,1
2545,887885,23.77206039428711,-27.024030685424805,-83.05389404296875,2.7058465480804443,0,0,2.7058465480804443,0,0
2546,781652,2.360307455062866,20.7073917388916,34.69560241699219,0.9575490355491638,1,0,0.9575490355491638,0,1
2547,919329,18.79420280456543,-44.48521041870117,-124.35809326171875,0.6893197298049927,1,0,0.6893196702003479,1,1
2548,622628,-3.8901615142822266,-11.978657722473145,-25.855419158935547,0.9244027137756348,1,0,0.92440265417099,0,0
2549,557381,1.8341749906539917,-13.888182640075684,-27.202184677124023,3.8352818489074707,0,0,3.8352818489074707,0,1
2550,608126,-22.395071029663086,-26.881689071655273,-32.661128997802734,0.9869807958602905,1,0,0.9869807362556458,0,1
2551,742139,-29.6636905670166,-57.698787689208984,-88.73676300048828,1.0572750568389893,1,0,1.0572750568389893,0,1
2552,539511,10.16300106048584,-28.11733627319336,-63.02986145019531,1.4282244443893433,1,0,1.4282244443893433,0,1
2553,757198,-64.09381103515625,-13.84388542175293,-112.33785247802734,1.3055131435394287,1,0,2.716902256011963,0,0
2554,240582,8.850592613220215,-4.5244317054748535,187.05819702148438,2.0656542778015137,0,0,13.793965339660645,0,1
2555,895712,14.5967435836792,-55.54789352416992,-97.79376220703125,0.6529975533485413,1,0,0.6529975533485413,0,1
2556,395804,6.769768238067627,2.9636497497558594,-34.13372802734375,1.149403691291809,1,0,1.149403691291809,0,1
2557,186029,12.019186973571777,0.13290716707706451,184.75335693359375,0.8943842053413391,1,0,11.89297866821289,0,0
2558,54583,-4.5285964012146,30.52106285095215,327.64825439453125,1.4440958499908447,1,0,157.53549194335938,0,1
2559,658165,-9.209341049194336,-6.564383029937744,-12.077437400817871,3.945507764816284,0,0,3.945507764816284,0,1
2560,639383,0.7927724123001099,13.350298881530762,-4.52912712097168,2.443495512008667,0,0,2.443495512008667,0,1
2561,683512,14.580527305603027,-4.618875026702881,-34.323875427246094,2.9231133460998535,0,0,2.9231133460998535,0,0
2562,552577,-6.393523216247559,-5.836258888244629,-40.977352142333984,3.2989649772644043,0,0,3.2989649772644043,0,1
2563,301997,-7.8559465408325195,11.064077377319336,343.2604675292969,2.102574586868286,0,0,170.75001525878906,0,1
2564,579117,-16.697948455810547,-13.736800193786621,92.62432098388672,0.9775353074073792,1,0,0.9775353074073792,0,1
2565,358345,-14.218137741088867,21.100784301757812,340.93853759765625,0.9747256636619568,1,0,169.6938018798828,0,1
2566,336219,-5.187931537628174,25.192338943481445,277.0517578125,0.6365954279899597,1,0,106.66861724853516,0,0
2567,386898,-9.198952674865723,15.836673736572266,291.0464782714844,4.698838710784912,0,0,119.57466125488281,0,1
2568,96062,-4.321181774139404,4.114383697509766,281.0562744140625,3.8893961906433105,0,0,108.18807220458984,0,0
2569,662060,-10.533483505249023,-2.9012577533721924,-2.126666784286499,1.9262046813964844,0,0,1.926204800605774,0,1
2570,28724,40.120521545410156,-11.591550827026367,-126.13825225830078,0.6003548502922058,1,0,17.9462947845459,0,1
2571,731394,-42.64784622192383,-65.88948822021484,-100.6556625366211,0.632594645023346,1,1,0.632594645023346,0,1
2572,334022,10.44490909576416,18.4829158782959,280.5309143066406,0.5651875734329224,1,0,109.17288208007812,0,0
2573,569002,-15.574457168579102,4.034332275390625,78.03495788574219,1.084029197692871,1,0,1.084029197692871,0,1
2574,886232,28.38747787475586,-15.157732009887695,-83.99193572998047,1.0478687286376953,1,0,1.0478687286376953,0,1
2575,419411,-30.73234748840332,-30.785348892211914,-43.33317947387695,0.7936123609542847,1,0,0.7936124205589294,0,0
2576,644790,-18.2242431640625,-25.58417320251465,-21.322500228881836,1.0854815244674683,1,0,1.0854815244674683,0,1
2577,696877,-37.197757720947266,-27.3754825592041,-63.650917053222656,1.6504135131835938,0,0,1.6504136323928833,0,1
2578,655887,-2.2331602573394775,-15.68211555480957,-16.941024780273438,0.6661514639854431,1,0,0.6661514639854431,0,1
2579,739700,-30.265283584594727,-53.95763397216797,-89.59888458251953,0.6243754625320435,1,1,0.6243754625320435,0,1
2580,420417,-31.170772552490234,-13.831269264221191,-41.718196868896484,4.196983814239502,0,0,4.196983814239502,0,1
2581,249024,-9.78730583190918,1.3000315427780151,234.0665283203125,2.0891170501708984,0,0,61.21989059448242,0,1
2582,793699,2.865266799926758,-2.945509910583496,106.26536560058594,1.8141546249389648,0,0,1.8141546249389648,0,0
2583,330358,9.237174034118652,17.64747428894043,357.2441711425781,1.2763442993164062,1,0,185.24838256835938,0,1
2584,896771,11.959311485290527,-54.930843353271484,-98.0742416381836,0.6370394825935364,1,1,0.6370394825935364,0,1
2585,887177,23.0877628326416,-16.046676635742188,-87.08622741699219,2.331554889678955,0,0,2.331554889678955,0,1
2586,817219,0.35315075516700745,-9.904876708984375,140.21742248535156,6.991306781768799,0,0,6.991306781768799,0,2
2587,316966,-1.3289105892181396,28.688518524169922,337.1966247558594,4.471538066864014,0,0,166.8193359375,0,0
2588,118193,8.301016807556152,1.6365795135498047,254.5206298828125,0.953270673751831,1,0,81.36295318603516,0,0
2589,656010,-12.342597961425781,-8.221643447875977,-11.802478790283203,1.5819706916809082,0,0,1.5819706916809082,0,1
2590,413610,-4.746606826782227,-8.488779067993164,-21.903474807739258,1.010399580001831,1,0,1.010399580001831,0,0
2591,951089,-103.57386779785156,21.685344696044922,-147.12852478027344,0.5790877938270569,1,0,65.78903198242188,0,1
2592,144855,3.203749656677246,-9.462909698486328,190.62916564941406,1.2074352502822876,1,0,16.674711227416992,0,1
2593,868592,11.965721130371094,-1.9044309854507446,36.2862434387207,1.5169285535812378,0,0,1.5169285535812378,0,1
2594,596969,21.65786361694336,-16.44572639465332,-57.3673210144043,4.151178359985352,0,0,4.151178359985352,0,1
2595,690933,-33.56890106201172,-35.5516357421875,-64.39110565185547,1.1441266536712646,1,0,1.1441266536712646,0,0
2596,228308,-10.398714065551758,-6.59913444519043,183.35675048828125,0.76304692029953,1,0,9.915342330932617,0,1
2597,38432,28.068119049072266,-27.523710250854492,-129.24969482421875,0.5763052701950073,1,1,0.5763053297996521,0,1
2598,130633,7.225653648376465,16.78293228149414,298.34722900390625,4.058995246887207,0,0,126.75518798828125,0,1
2599,274584,10.109827041625977,10.47079086303711,235.52978515625,1.7981865406036377,0,0,63.565311431884766,0,0
2600,264643,-1.318892240524292,-2.1561200618743896,255.04977416992188,1.2850185632705688,1,0,81.53132629394531,0,1
2601,460200,19.551990509033203,-44.2432861328125,-81.28450012207031,0.7359746098518372,1,0,0.7359746694564819,0,1
2602,498018,4.194824695587158,11.640694618225098,173.8292694091797,0.769060492515564,1,0,2.55824613571167,0,1
2603,824149,1.1077053546905518,-14.066353797912598,160.9382781982422,0.8657307028770447,1,0,0.8657305240631104,0,1
2604,331294,-0.2665533423423767,8.10951042175293,345.7317199707031,0.7870992422103882,1,0,172.7680206298828,0,1
2605,860509,-11.069035530090332,-2.712130546569824,33.844520568847656,3.562469482421875,0,0,3.562469720840454,0,2
2606,365202,-5.507019519805908,11.705801963806152,362.0115661621094,1.8423975706100464,0,0,189.41741943359375,0,2
2607,674241,22.551910400390625,-5.899034023284912,-55.156715393066406,3.0558526515960693,0,0,3.0558526515960693,0,0
2608,553707,-4.823257923126221,-5.4205322265625,-54.93268966674805,2.170163631439209,0,0,2.170163631439209,0,1
2609,664092,14.51138687133789,-8.680671691894531,-76.87979125976562,2.1485822200775146,0,0,2.1485822200775146,0,1
2610,305254,-11.950801849365234,19.782928466796875,330.4013977050781,2.4535160064697266,0,0,159.0699462890625,0,1
2611,291713,7.563442230224609,15.122021675109863,335.14495849609375,2.8974270820617676,0,0,163.04580688476562,0,1
2612,570510,-15.613066673278809,0.5529487729072571,79.18701171875,1.93921959400177,0,0,1.93921959400177,0,1
2613,682316,19.141773223876953,-0.10989940911531448,-39.76324462890625,0.8634002804756165,1,0,0.8634002804756165,0,1
2614,305570,-8.129175186157227,10.17635726928711,325.0331726074219,2.684925079345703,0,0,152.5627899169922,0,0
2615,170526,10.680005073547363,7.393157005310059,179.26763916015625,0.8229931592941284,1,0,7.317148685455322,0,1
2616,743937,-31.049436569213867,-54.249210357666016,-87.72650909423828,1.4102075099945068,1,0,1.4102075099945068,0,1
2617,634548,13.559003829956055,-6.4724812507629395,-11.943443298339844,0.5310204029083252,1,1,0.5310204029083252,0,1
2618,431432,-42.8876838684082,-15.210458755493164,-44.16082000732422,1.0772472620010376,1,0,1.0772472620010376,0,1
2619,829224,4.165460109710693,-17.569618225097656,116.77303314208984,1.5728681087493896,0,0,1.5728678703308105,0,1
2620,788109,-10.283645629882812,-1.8078415393829346,98.9043960571289,0.7858818173408508,1,0,0.7858818173408508,0,2
2621,663280,-7.427130222320557,-6.504032611846924,-1.1753716468811035,3.8604259490966797,0,0,3.8604259490966797,0,1
2622,284362,-5.9141926765441895,16.590404510498047,227.66485595703125,2.0940475463867188,0,0,56.652225494384766,0,1
2623,213556,-3.621377468109131,-6.389294624328613,226.2292022705078,0.6566272974014282,1,0,52.42678451538086,0,0
2624,805359,12.986143112182617,-3.4718165397644043,122.60279083251953,1.3066775798797607,1,0,1.3066776990890503,0,1
2625,172747,-11.972453117370605,5.491884231567383,183.7635498046875,0.8044106364250183,1,0,11.782580375671387,0,1
2626,378856,-10.575855255126953,5.474837779998779,277.52557373046875,1.341012716293335,1,0,104.84327697753906,0,1
2627,563049,-18.37240982055664,-3.888245105743408,67.5027084350586,0.9491933584213257,1,0,0.9491933584213257,0,1
2628,264364,-11.185349464416504,3.3051493167877197,264.1298828125,0.5213881134986877,1,0,91.28486633300781,0,0
2629,988205,-62.5185661315918,-119.32766723632812,-102.767822265625,0.642014741897583,1,0,37.898738861083984,0,1
2630,834128,8.790278434753418,-9.709235191345215,109.8322525024414,3.0432918071746826,0,0,3.0432918071746826,0,1
2631,198990,9.418127059936523,3.5065701007843018,213.85159301757812,2.8435652256011963,0,0,41.289154052734375,0,1
2632,475682,16.439170837402344,-41.6348876953125,-102.40902709960938,1.6020686626434326,0,0,1.6020686626434326,0,1
2633,793195,-9.819580078125,-7.743300437927246,113.81208038330078,0.9392828345298767,1,0,0.9392831325531006,0,1
2634,323068,7.9767045974731445,22.085813522338867,343.16253662109375,2.928549289703369,0,0,171.83192443847656,0,1
2635,352762,-2.4104387760162354,8.164105415344238,346.4627990722656,0.8560466766357422,1,0,173.52120971679688,0,1
2636,524877,12.663176536560059,-3.789545774459839,76.31599426269531,1.2709954977035522,1,0,1.2709954977035522,0,2
2637,816704,9.351788520812988,-9.953622817993164,145.91885375976562,1.8352514505386353,0,0,1.8352513313293457,0,0
2638,859488,-9.575151443481445,-4.275287628173828,32.57514190673828,3.91149640083313,0,0,3.91149640083313,0,1
2639,100797,9.440447807312012,10.249896049499512,289.4039306640625,1.8608949184417725,0,0,117.02188110351562,0,1
2640,231102,-6.543590545654297,-7.995090484619141,184.0658721923828,2.0165979862213135,0,0,10.569141387939453,0,1
2641,658330,-3.1338510513305664,-17.072803497314453,-13.696372985839844,0.777053713798523,1,0,0.777053713798523,0,1
2642,388135,-6.020766735076904,3.4427106380462646,291.84796142578125,1.5311479568481445,0,0,118.77794647216797,0,1
2643,33428,32.69428253173828,-23.290550231933594,-124.19046783447266,0.9545836448669434,1,0,4.219510078430176,0,0
2644,360344,-13.81891918182373,18.47661590576172,358.2189636230469,0.864219069480896,1,0,186.53298950195312,0,1
2645,442016,-46.50487518310547,-40.42940902709961,-102.14257049560547,0.6389103531837463,1,0,0.6389103531837463,0,1
2646,709192,-46.81708526611328,-35.79892349243164,-72.81137084960938,0.9511078596115112,1,0,0.9511078596115112,0,1
2647,422261,-37.320106506347656,-26.82703399658203,-40.2067756652832,1.846579909324646,0,0,1.846579909324646,0,0
2648,730814,-46.80836486816406,-67.76386260986328,-98.99848175048828,0.7067655920982361,1,0,0.7067656517028809,0,1
2649,174884,-8.627309799194336,4.103763580322266,173.94314575195312,3.6255123615264893,0,0,4.012282371520996,0,2
2650,521146,6.992491245269775,1.9022245407104492,85.27499389648438,0.7721467018127441,1,0,0.7721467614173889,0,1
2651,574833,-10.130483627319336,-4.088983058929443,82.32003784179688,7.495919704437256,0,0,7.495919704437256,0,1
2652,985346,-58.65233612060547,-110.96490478515625,-103.72360229492188,0.5614709854125977,1,0,29.093740463256836,0,2
2653,734823,-35.325927734375,-62.90700912475586,-91.89971923828125,0.6072192192077637,1,1,0.6072192192077637,0,0
2654,415856,-23.01976203918457,-23.948532104492188,-42.74259567260742,0.8349464535713196,1,0,0.8349464535713196,0,1
2655,59575,7.971583843231201,10.273938179016113,321.5279846191406,1.16654634475708,1,0,148.92047119140625,0,1
2656,107274,-0.41811105608940125,23.81923484802246,261.53662109375,0.7005987167358398,1,0,91.05596923828125,0,1
2657,527187,13.512127876281738,-4.004298210144043,68.96784210205078,1.162011742591858,1,0,1.162011742591858,0,3
2658,760834,-69.5513687133789,-8.56422233581543,-119.93912506103516,1.0643645524978638,1,0,12.840961456298828,1,1
2659,611441,-17.763471603393555,-25.666061401367188,-26.553810119628906,1.21556556224823,1,0,1.21556556224823,0,1
2660,852616,-2.7416584491729736,-1.4608336687088013,11.994014739990234,9.977835655212402,0,0,9.977835655212402,0,1
2661,673937,6.719918727874756,4.992027759552002,-53.185001373291016,1.1055443286895752,1,0,1.1055443286895752,0,1
2662,214890,-1.190697431564331,-3.82448148727417,233.19369506835938,2.2074289321899414,0,0,59.66004180908203,0,1
2663,731180,-45.803165435791016,-69.59432983398438,-100.74347686767578,1.4332668781280518,1,0,1.4332668781280518,0,1
2664,368943,-8.202231407165527,30.193143844604492,346.4734802246094,1.9647350311279297,0,0,176.2263946533203,0,1
2665,73067,7.082221984863281,16.137174606323242,369.654052734375,1.3700324296951294,1,0,197.4098663330078,0,1
2666,653034,-11.502199172973633,-11.93618106842041,-9.798263549804688,0.6442690491676331,1,0,0.6442691087722778,0,1
2667,395886,6.569467067718506,-0.12772125005722046,-43.397735595703125,3.9859819412231445,0,0,3.9859819412231445,0,2
2668,202152,-2.2847368717193604,13.764409065246582,203.11500549316406,3.1481471061706543,0,0,32.025421142578125,0,1
2669,875379,12.348163604736328,-28.44656753540039,-96.11396026611328,0.9860566854476929,1,0,0.9860566854476929,0,1
2670,548915,0.7825132608413696,-22.92572593688965,-38.468414306640625,3.012784242630005,0,0,3.012784242630005,0,1
2671,834367,-1.7137880325317383,-18.56462287902832,109.96464538574219,2.594111442565918,0,0,2.594111204147339,0,2
2672,781410,9.924781799316406,10.074498176574707,43.35963439941406,2.145321846008301,0,0,2.145321846008301,0,2
2673,746907,-52.0892333984375,-23.09465789794922,-105.8184585571289,0.6129695177078247,1,1,0.6129695177078247,0,1
2674,806525,2.4731650352478027,7.032793045043945,129.7736053466797,1.0994399785995483,1,0,1.099440097808838,0,0
2675,623308,1.3712831735610962,-13.683838844299316,-24.610939025878906,1.6551858186721802,0,0,1.6551856994628906,0,1
2676,212060,-8.607471466064453,0.22725214064121246,222.8414764404297,3.1160120964050293,0,0,49.996612548828125,0,1
2677,562687,-11.98404312133789,-6.392983913421631,55.45511245727539,2.7987186908721924,0,0,2.7987186908721924,0,2
2678,638426,-5.798523902893066,-13.960155487060547,-1.1161725521087646,0.6456973552703857,1,0,0.6456974148750305,0,1
2679,65648,-8.32737922668457,33.3524055480957,362.59307861328125,1.1809852123260498,1,0,192.60044860839844,0,1
2680,17519,40.747108459472656,4.129042148590088,-128.361328125,0.6081492304801941,1,0,32.485652923583984,0,0
2681,921654,17.87123680114746,-48.32667922973633,-120.54708862304688,0.5565836429595947,1,1,0.55658358335495,0,1
2682,645001,-29.864219665527344,-13.943081855773926,-23.218061447143555,2.2479000091552734,0,0,2.2479000091552734,0,1
2683,787948,-6.411674499511719,0.2650783956050873,96.87255859375,1.1291792392730713,1,0,1.1291792392730713,0,2
2684,974068,-3.2263588905334473,-111.50123596191406,-126.25498962402344,1.0364792346954346,1,0,51.376399993896484,0,1
2685,142881,-8.957695960998535,27.276626586914062,322.90447998046875,1.4525622129440308,1,0,152.48204040527344,0,1
2686,48356,-0.11163400113582611,27.947473526000977,314.5974426269531,2.297039270401001,0,0,144.24183654785156,0,2
2687,614367,-18.75246810913086,-16.952852249145508,-33.6402587890625,2.479036569595337,0,0,2.479036569595337,0,1
2688,218948,-1.1385611295700073,-4.669572353363037,222.71551513671875,2.4904420375823975,0,0,49.18235778808594,0,0
2689,412861,-1.3286365270614624,4.707381725311279,-16.787248611450195,3.3121654987335205,0,0,3.3121654987335205,0,2
2690,888306,16.724571228027344,-23.142423629760742,-88.00672149658203,1.1553237438201904,1,0,1.1553237438201904,0,1
2691,421128,-23.237638473510742,-18.37812042236328,-45.347591400146484,0.725597083568573,1,0,0.725597083568573,0,1
2692,683710,21.915546417236328,-13.85455322265625,-39.435115814208984,0.6870088577270508,1,0,0.6870088577270508,0,1
2693,848728,-9.632515907287598,-16.07719612121582,94.15570831298828,4.616725444793701,0,0,4.616725444793701,0,0
2694,625220,4.8707499504089355,-11.684981346130371,-21.77007484436035,1.0503103733062744,1,0,1.0503103733062744,0,1
2695,226726,11.79337215423584,2.740854501724243,225.73577880859375,0.5657401084899902,1,0,52.8798713684082,0,1
2696,656235,-8.977875709533691,-14.014400482177734,-12.941840171813965,1.2046934366226196,1,0,1.2046934366226196,0,0
2697,319714,10.601533889770508,22.672327041625977,341.9757385253906,0.7676545977592468,1,0,170.6740264892578,0,1
2698,273425,4.443313121795654,13.458866119384766,240.21307373046875,5.269285678863525,0,0,68.8016586303711,0,0
2699,132277,-3.452928066253662,6.800780773162842,309.9084167480469,3.4093081951141357,0,0,137.1190185546875,0,0
2700,951777,30.192039489746094,-70.84187316894531,-113.27086639404297,0.5121619701385498,1,1,0.5121619701385498,0,1
2701,738288,-34.641990661621094,-58.88789749145508,-91.15296173095703,0.8697551488876343,1,0,0.8697551488876343,0,1
2702,316776,0.39056962728500366,30.335002899169922,337.7155456542969,2.326423168182373,0,0,167.4723358154297,0,0
2703,963060,10.496562957763672,-96.81733703613281,-120.60388946533203,1.3980261087417603,1,0,30.576904296875,0,2
2704,901579,15.343307495117188,-47.18207931518555,-96.24274444580078,1.4035468101501465,1,0,1.4035468101501465,0,0
2705,197341,-1.883423924446106,16.568519592285156,199.99794006347656,0.655587375164032,1,0,29.108421325683594,0,1
2706,150484,-12.038361549377441,-0.3999333679676056,197.0015106201172,0.9028392434120178,1,0,24.209320068359375,0,1
2707,569133,-8.504823684692383,-14.613515853881836,63.10312271118164,2.668694257736206,0,0,2.668694257736206,0,2
2708,305409,-10.665384292602539,11.66501235961914,336.92669677734375,1.1596319675445557,1,0,164.55284118652344,0,0
2709,904605,15.793855667114258,-45.77391815185547,-100.83815002441406,1.660876989364624,0,0,1.660876989364624,0,0
2710,132837,-4.690384864807129,5.311334133148193,313.0632629394531,1.4756509065628052,1,0,140.0497283935547,0,0
2711,204873,6.690274715423584,9.210737228393555,220.01113891601562,4.880768775939941,0,0,48.261531829833984,0,1
2712,290146,9.8204927444458,13.74782657623291,336.01641845703125,0.6924562454223633,1,0,163.69949340820312,0,1
2713,92983,7.754859924316406,4.607116222381592,284.7878112792969,0.6323103904724121,1,0,111.768310546875,0,1
2714,883849,27.173511505126953,-27.7701358795166,-82.85842895507812,1.4055042266845703,1,0,1.4055042266845703,0,0
2715,524941,5.850273132324219,-3.1749966144561768,83.19420623779297,4.03662633895874,0,0,4.03662633895874,0,1
2716,570386,-12.67054557800293,3.729377031326294,84.58006286621094,1.4163131713867188,1,0,1.4163131713867188,0,1
2717,474952,18.871137619018555,-37.19755554199219,-104.09668731689453,0.8863257765769958,1,0,0.8863257765769958,0,1
2718,971443,-50.32990264892578,-81.63724517822266,-96.17728424072266,0.8184145092964172,1,0,0.8184145092964172,0,1
2719,730048,-47.25480270385742,-70.84317779541016,-100.64351654052734,1.1100279092788696,1,0,1.1100280284881592,0,0
2720,906423,16.82373046875,-47.31989288330078,-103.30711364746094,2.0470242500305176,0,0,2.0470244884490967,0,0
2721,322055,6.273593902587891,20.95612907409668,346.5269470214844,4.634315490722656,0,0,175.09080505371094,0,1
2722,589890,18.42951202392578,-17.96592903137207,-71.57195281982422,7.370684623718262,0,0,7.37068510055542,0,2
2723,53725,9.668089866638184,19.089797973632812,301.07537841796875,1.3703219890594482,1,0,129.6553497314453,0,1
2724,803972,-7.9613471031188965,-0.3984299600124359,124.58706665039062,2.2538564205169678,0,0,2.2538564205169678,0,2
2725,664509,14.569894790649414,-5.147939682006836,-76.03568267822266,0.9216591715812683,1,0,0.9216591715812683,0,1
2726,40090,-8.386507034301758,26.36018180847168,302.1688232421875,0.5778437256813049,1,0,131.77561950683594,0,1
2727,826095,-11.345808982849121,-7.186781883239746,134.42611694335938,1.267065405845642,1,0,1.267065405845642,0,1
2728,205333,1.7634252309799194,13.802461624145508,217.6497039794922,4.118247032165527,0,0,46.44843673706055,0,1
2729,916062,23.353923797607422,-35.91184997558594,-125.04408264160156,1.6429227590560913,0,0,1.6429227590560913,0,0
2730,665200,21.818309783935547,-10.518786430358887,-77.20986938476562,4.5575127601623535,0,0,4.5575127601623535,0,1
2731,954226,33.02503967285156,-69.26365661621094,-110.96235656738281,1.0861302614212036,1,0,1.0861302614212036,0,1
2732,973559,-4.364574909210205,-113.08682250976562,-126.05046844482422,1.5615642070770264,0,0,53.24890899658203,0,1
2733,99661,8.132621765136719,6.602893829345703,295.4347229003906,0.8004834055900574,1,0,122.57428741455078,0,0
2734,928694,18.293132781982422,-56.00699996948242,-118.49544525146484,1.6221599578857422,0,0,1.6221599578857422,0,1
2735,496673,-5.141456127166748,4.02333927154541,-2.3781936168670654,6.0961503982543945,0,0,6.0961503982543945,0,1
2736,52393,10.658224105834961,20.773395538330078,316.7706298828125,0.7677291035652161,1,0,145.4230499267578,0,0
2737,393417,-3.9551315307617188,4.146597862243652,298.5949401855469,2.0545802116394043,0,0,125.54857635498047,0,1
2738,357268,-13.405492782592773,17.145418167114258,349.8628845214844,0.9859300851821899,1,0,178.07400512695312,0,1
2739,969554,25.68924903869629,-76.0023193359375,-114.97203063964844,0.5883626341819763,1,0,4.2592926025390625,0,0
2740,12139,49.440345764160156,18.66698455810547,-126.40743255615234,1.6295429468154907,0,0,49.29914093017578,0,0
2741,197946,8.438228607177734,1.9973349571228027,210.0637969970703,3.757136583328247,0,0,37.451019287109375,0,0
2742,539158,-5.78403377532959,-13.207026481628418,49.886985778808594,1.7193057537078857,0,0,1.7193058729171753,0,2
2743,75208,8.663763999938965,18.17203140258789,363.4486999511719,1.4952501058578491,1,0,191.4790802001953,0,1
2744,649160,-20.53261375427246,-8.203311920166016,-17.03558349609375,1.2846529483795166,1,0,1.2846529483795166,0,0
2745,245659,1.3581386804580688,-12.75682544708252,172.85226440429688,0.692406415939331,1,0,0.692406177520752,0,1
2746,217424,4.355018615722656,-2.9192655086517334,227.79042053222656,2.18286395072937,0,0,54.35673904418945,0,0
2747,276059,-7.200669765472412,12.340713500976562,234.7041778564453,4.862400054931641,0,0,63.29679870605469,0,0
2748,701813,-28.913692474365234,-25.688024520874023,-56.45576477050781,0.6980356574058533,1,0,0.6980356574058533,0,1
2749,62003,-13.694231033325195,21.12899398803711,363.3752136230469,1.01817786693573,1,0,191.96841430664062,0,2
2750,779395,-13.018074035644531,10.385354042053223,33.990684509277344,1.2334657907485962,1,0,1.2334657907485962,0,1
2751,704523,-28.785987854003906,-26.097002029418945,-54.85809326171875,1.5606689453125,0,0,1.5606689453125,0,1
2752,374766,-9.180941581726074,17.095611572265625,268.1597900390625,3.1380279064178467,0,0,96.96163940429688,0,1
2753,454432,-41.17289733886719,-46.50362014770508,-94.1557846069336,1.2286274433135986,1,0,1.2286274433135986,0,1
2754,344148,1.5337557792663574,27.48223876953125,295.8271789550781,0.6310022473335266,1,0,125.51789093017578,0,1
2755,859954,-12.36472225189209,5.391726016998291,37.22384262084961,2.70603609085083,0,0,2.70603609085083,0,2
2756,353821,-8.710677146911621,10.489912033081055,351.1649169921875,0.7681246399879456,1,0,178.52682495117188,0,2
2757,578388,-15.319255828857422,-15.011281967163086,84.59502410888672,1.5862184762954712,0,0,1.5862184762954712,0,1
2758,699207,-35.07404708862305,-37.49128723144531,-52.92597198486328,1.1007909774780273,1,0,1.1007909774780273,0,1
2759,375223,-5.967090129852295,19.272615432739258,264.023681640625,3.5966849327087402,0,0,93.10222625732422,0,2
2760,601560,13.300795555114746,-9.900668144226074,-47.21871566772461,11.82324504852295,0,0,11.82324504852295,0,0
2761,567193,-2.4021999835968018,1.0930544137954712,66.30243682861328,12.746599197387695,0,0,12.746599197387695,0,1
2762,317614,4.712428092956543,28.54987144470215,335.01776123046875,1.7481383085250854,0,0,164.53170776367188,0,1
2763,860704,-3.2279274463653564,-3.943342924118042,30.206745147705078,7.897514343261719,0,0,7.897514343261719,0,1
2764,827565,3.1871337890625,-9.86135196685791,159.44369506835938,4.147257328033447,0,0,4.147257328033447,0,1
2765,990300,-64.93373107910156,-123.44046020507812,-107.15458679199219,0.7049823999404907,1,0,43.27812194824219,1,1
2766,707270,-41.670448303222656,-33.29400634765625,-74.49919128417969,1.4045915603637695,1,0,1.4045915603637695,0,1
2767,470182,14.324747085571289,-30.9718017578125,-100.75232696533203,0.9654644131660461,1,0,0.9654644131660461,0,1
2768,992,55.05760955810547,31.92693328857422,-130.45657348632812,0.6532852649688721,1,0,63.782752990722656,0,1
2769,600117,4.093825340270996,-16.092546463012695,-64.99457550048828,6.857238292694092,0,0,6.857238292694092,0,1
2770,382469,-6.735293388366699,3.653898239135742,278.56414794921875,2.597797393798828,0,0,105.64251708984375,0,1
2771,269747,7.406007766723633,-0.7098947763442993,238.34307861328125,1.3178143501281738,1,0,65.03685760498047,0,1
2772,655362,-7.065350532531738,-16.324399948120117,-10.546584129333496,0.7745245695114136,1,0,0.7745245695114136,0,1
2773,540722,5.180899143218994,-27.781774520874023,-49.54989242553711,2.204151153564453,0,0,2.204151153564453,0,1
2774,870565,28.35833168029785,-37.082557678222656,-94.8988037109375,0.8744931221008301,1,0,0.8744931221008301,0,1
2775,476051,21.690053939819336,-38.196533203125,-103.03832244873047,1.369238257408142,1,0,1.369238257408142,0,1
2776,889098,19.372854232788086,-11.289678573608398,-82.967041015625,1.5932104587554932,0,0,1.5932104587554932,0,0
2777,605749,-31.899002075195312,-13.757543563842773,-32.19165802001953,3.334182024002075,0,0,3.334182024002075,0,1
2778,33568,32.91901397705078,-22.30021095275879,-128.48826599121094,0.9956137537956238,1,0,5.32865571975708,0,1
2779,428862,-33.79655838012695,-16.00497055053711,-51.57753372192383,0.8077720403671265,1,0,0.8077720403671265,0,1
2780,32848,30.37896156311035,-18.564016342163086,-124.81809997558594,0.691384494304657,1,0,7.453277111053467,0,1
2781,90131,9.744865417480469,8.057924270629883,269.4241027832031,1.7784377336502075,0,0,96.92253112792969,0,1
2782,111757,-3.019688367843628,23.14895248413086,259.3581237792969,0.9149070382118225,1,0,88.84082794189453,0,1
2783,927734,12.840357780456543,-53.40503692626953,-112.60302734375,0.6643272042274475,1,0,0.6643272042274475,0,1
2784,684690,-34.42689895629883,-47.96784973144531,-69.28057098388672,0.6669790148735046,1,0,0.6669790744781494,1,1
2785,926910,16.690593719482422,-52.75407791137695,-120.60639953613281,1.5812739133834839,0,0,1.5812740325927734,0,1
2786,542135,-1.1835709810256958,-22.10922622680664,-53.15170669555664,3.540961980819702,0,0,3.540961980819702,0,1
2787,81072,-0.1968439370393753,33.89857482910156,346.99761962890625,0.6044695377349854,1,0,177.10276794433594,0,0
2788,848439,4.757080078125,-13.454676628112793,91.14614868164062,1.9440059661865234,0,0,1.9440059661865234,0,1
2789,607972,-21.980619430541992,-10.050230026245117,-36.06436538696289,0.708310604095459,1,0,0.7083106637001038,0,1
2790,242924,-5.025026798248291,-12.466390609741211,160.12591552734375,1.0695921182632446,1,0,1.0695921182632446,0,1
2791,179750,-3.601503610610962,15.767282485961914,196.66665649414062,0.7365105152130127,1,0,25.72669792175293,0,1
2792,775938,-14.50156021118164,4.457141399383545,46.49744415283203,1.2309049367904663,1,0,1.2309049367904663,1,1
2793,638488,7.80542516708374,11.707574844360352,-14.184555053710938,0.9246543049812317,1,0,0.9246543049812317,0,1
2794,649763,-13.207876205444336,-19.33220100402832,-14.872028350830078,0.707848846912384,1,0,0.707848846912384,0,1
2795,38429,28.947877883911133,-26.944000244140625,-129.3727569580078,0.5363950133323669,1,1,0.5363950133323669,0,1
2796,871998,28.89031982421875,-27.29401206970215,-93.74151611328125,0.746884286403656,1,0,0.746884286403656,0,0
2797,873529,27.855098724365234,-26.284984588623047,-93.6347885131836,1.0657397508621216,1,0,1.0657397508621216,0,1
2798,105558,10.916064262390137,8.026068687438965,263.6242980957031,0.9796231985092163,1,0,91.13758850097656,1,1
2799,253244,-11.764869689941406,15.302183151245117,246.3333282470703,0.6789773106575012,1,0,75.05564880371094,0,1
2800,720960,-38.50038146972656,-51.22397994995117,-80.31893157958984,2.657186508178711,0,0,2.657186508178711,0,0
2801,898544,16.283687591552734,-53.400123596191406,-92.64997863769531,0.8852368593215942,1,0,0.8852368593215942,0,0
2802,168598,-9.406877517700195,8.529413223266602,178.56251525878906,1.2383347749710083,1,0,7.0035247802734375,0,1
2803,633058,7.536220550537109,-12.858285903930664,-3.7274115085601807,1.453073501586914,1,0,1.453073501586914,0,3
2804,467849,8.989773750305176,-39.38010025024414,-90.53089904785156,1.3674499988555908,1,0,1.3674499988555908,1,1
2805,317288,-5.145260334014893,26.484949111938477,334.1340026855469,5.420515537261963,0,0,163.58193969726562,0,1
2806,261856,-11.786259651184082,4.150813579559326,262.4555969238281,0.7446553111076355,1,0,89.72918701171875,0,0
2807,351404,-2.110301971435547,24.470548629760742,297.8773498535156,4.013390064239502,0,0,127.29090118408203,0,2
2808,571141,-15.671111106872559,-14.222379684448242,78.78263092041016,0.8376401662826538,1,0,0.837640106678009,0,1
2809,201230,7.435159683227539,-0.643407940864563,212.7432861328125,3.4466495513916016,0,0,39.76847839355469,0,0
2810,861136,-12.150333404541016,-8.16995620727539,46.98447036743164,1.3853703737258911,1,0,1.3853703737258911,0,2
2811,196967,9.8080415725708,8.115976333618164,211.57406616210938,2.134019613265991,0,0,39.53395462036133,0,0
2812,602834,-36.37137985229492,-16.78066635131836,-32.6707763671875,1.4621845483779907,1,0,1.4621845483779907,0,1
2813,950552,-104.96803283691406,21.454858779907227,-145.2316436767578,1.757218837738037,0,0,65.60568237304688,0,1
2814,958059,29.856958389282227,-65.72216033935547,-103.96892547607422,1.8346081972122192,0,0,1.8346080780029297,0,1
2815,960451,5.319401741027832,-101.22464752197266,-120.8426513671875,0.5641548037528992,1,0,37.16783905029297,1,2
2816,107606,11.173691749572754,8.416587829589844,257.8877258300781,0.9072955846786499,1,0,85.48556518554688,0,1
2817,951663,30.376293182373047,-70.40896606445312,-113.53728485107422,0.5879254341125488,1,1,0.5879254341125488,0,1
2818,524502,11.123674392700195,-6.936829566955566,77.66000366210938,1.36788010597229,1,0,1.36788010597229,0,2
2819,916305,21.41872787475586,-39.97541427612305,-126.60186004638672,0.9538995623588562,1,0,0.9538995027542114,0,1
2820,405594,4.195354461669922,1.7795642614364624,-23.625261306762695,1.7691659927368164,0,0,1.7691659927368164,0,2
2821,933147,-85.54901123046875,1.9164137840270996,-127.5990982055664,1.0076504945755005,1,0,32.94575119018555,0,0
2822,314337,-4.255517959594727,31.878143310546875,334.0582580566406,0.857123613357544,1,0,164.05532836914062,0,0
2823,831566,8.493907928466797,-11.461852073669434,113.54788208007812,3.3841707706451416,0,0,3.3841705322265625,0,2
2824,385039,-8.432381629943848,14.533337593078613,288.26708984375,5.478407859802246,0,0,116.68751525878906,0,1
2825,287133,-3.516798734664917,21.988889694213867,246.6780548095703,0.8708113431930542,1,0,76.1150894165039,0,0
2826,502774,-4.08690881729126,8.734702110290527,153.3943328857422,1.0442419052124023,1,0,1.0442419052124023,1,1
2827,282890,-8.58476448059082,17.29656982421875,241.38279724121094,1.4082685708999634,1,0,70.35491943359375,0,0
2828,306674,-12.56889820098877,23.358089447021484,336.9153747558594,1.6658378839492798,0,0,165.95889282226562,0,1
2829,111217,5.695273399353027,15.939013481140137,254.03721618652344,3.7291643619537354,0,0,82.695556640625,0,0
2830,672789,15.44957160949707,-6.535412311553955,-53.17418670654297,9.707501411437988,0,0,9.707501411437988,0,0
2831,611326,-24.073537826538086,-11.471314430236816,-30.762590408325195,4.211185455322266,0,0,4.211185455322266,0,1
2832,60635,9.501399993896484,20.531112670898438,329.4944152832031,1.6183738708496094,0,0,158.0443878173828,0,1
2833,690056,-39.258262634277344,-44.80461120605469,-61.561363220214844,1.4443485736846924,1,0,1.4443485736846924,0,0
2834,283827,-1.1245052814483643,21.011621475219727,245.5064697265625,1.3560799360275269,1,0,74.82157135009766,0,0
2835,160373,-12.2014741897583,8.092997550964355,217.19766235351562,1.1452202796936035,1,0,45.27989959716797,0,2
2836,616157,-16.714557647705078,-18.887235641479492,-28.06650161743164,4.71424674987793,0,0,4.71424674987793,0,1
2837,236389,1.3531957864761353,-9.45780086517334,178.9927520751953,2.756243944168091,0,0,5.823761940002441,0,1
2838,768155,2.5132691860198975,11.413140296936035,72.21011352539062,1.778831958770752,0,0,1.778831958770752,0,2
2839,793480,1.4646453857421875,0.12061353772878647,112.08828735351562,0.732598066329956,1,0,0.7325980067253113,0,0
2840,654837,-10.074027061462402,-12.330666542053223,-7.782111644744873,0.7106260657310486,1,0,0.7106260657310486,0,1
2841,590868,13.683884620666504,-25.34233856201172,-69.1199951171875,1.6859028339385986,0,0,1.6859028339385986,0,1
2842,747357,-56.09453582763672,-22.521568298339844,-107.47552490234375,2.4429638385772705,0,0,2.4429638385772705,0,1
2843,158927,-10.452897071838379,9.552700996398926,200.97732543945312,1.510536789894104,0,0,29.35028076171875,0,1
2844,597562,5.299604892730713,-3.170900821685791,-71.0527114868164,1.5230168104171753,0,0,1.5230168104171753,0,1
2845,299716,-2.8734323978424072,10.533163070678711,343.8860778808594,3.138131856918335,0,0,171.27801513671875,0,1
2846,642640,11.039230346679688,16.94620704650879,3.7603304386138916,0.7309383749961853,1,0,0.7309383749961853,0,1
2847,804048,11.479310035705566,-2.8923678398132324,116.96288299560547,1.8931642770767212,0,0,1.8931645154953003,0,1
2848,800063,-9.142779350280762,-5.886485576629639,121.92279052734375,1.4902541637420654,1,0,1.490254282951355,1,1
2849,832878,-6.574819087982178,-20.048532485961914,107.1836929321289,0.8628267049789429,1,0,0.8628268241882324,0,1
2850,433911,-37.00358581542969,-22.03963851928711,-59.30108642578125,0.9007765054702759,1,0,0.9007765054702759,0,1
2851,161482,-10.334953308105469,7.377209663391113,217.85389709472656,2.78421688079834,0,0,45.90374755859375,0,1
2852,966456,17.58694076538086,-88.51675415039062,-118.11578369140625,1.3404251337051392,1,0,19.3937931060791,0,1
2853,383262,-4.536106109619141,1.049988865852356,286.5468444824219,0.7415946125984192,1,0,113.20770263671875,0,0
2854,986800,-62.01818084716797,-111.96322631835938,-103.48338317871094,1.078256607055664,1,0,30.9903564453125,0,2
2855,767723,7.881441593170166,7.1303935050964355,76.86343383789062,1.7409656047821045,0,0,1.7409656047821045,0,1
2856,785147,6.329914093017578,14.23752498626709,40.58600616455078,4.035552978515625,0,0,4.035552978515625,0,3
2857,228808,-10.334206581115723,-1.7233251333236694,178.45945739746094,2.2818775177001953,0,0,6.041172981262207,0,1
2858,495368,2.0017738342285156,-1.3350406885147095,1.2636630535125732,10.288716316223145,0,0,10.288716316223145,0,1
2859,896433,15.116266250610352,-55.47323226928711,-94.81184387207031,0.668198823928833,1,0,0.6681987643241882,0,1
2860,162511,-7.383278846740723,13.531396865844727,212.53945922851562,2.0481245517730713,0,0,41.299468994140625,0,1
2861,602723,-36.937286376953125,-13.402562141418457,-35.13884353637695,1.0997796058654785,1,0,1.0997793674468994,0,0
2862,506009,7.667542934417725,9.28867244720459,158.9116668701172,1.2369358539581299,1,0,1.2369359731674194,0,2
2863,386079,-11.656267166137695,7.663829803466797,296.2787170410156,0.7501211762428284,1,0,123.72698211669922,0,1
2864,267366,-1.0984474420547485,0.46065568923950195,257.447021484375,3.4215242862701416,0,0,84.2827377319336,0,1
2865,963886,12.365984916687012,-91.82166290283203,-119.89555358886719,0.7419610619544983,1,0,25.514467239379883,0,2
2866,566479,-15.387175559997559,-5.5019073486328125,67.32890319824219,2.9029488563537598,0,0,2.9029488563537598,0,1
2867,849271,-14.121395111083984,-1.592198133468628,6.599472999572754,1.0177385807037354,1,0,1.0177385807037354,0,0
2868,796472,-9.956623077392578,-6.322402477264404,120.17030334472656,1.0271966457366943,1,0,1.0271966457366943,0,1
2869,764696,-77.11224365234375,-5.918699264526367,-122.9199447631836,1.3051884174346924,1,0,20.642763137817383,0,0
2870,939884,-87.9924545288086,11.02661418914795,-132.29641723632812,0.6067241430282593,1,0,42.262367248535156,0,1
2871,289637,-7.187976837158203,17.884511947631836,226.4263916015625,0.6860761046409607,1,0,55.555625915527344,0,0
2872,738680,-29.61450958251953,-59.76216506958008,-89.35981750488281,0.6443222165107727,1,0,0.6443222165107727,0,1
2873,435330,-40.47080993652344,-20.098047256469727,-59.16120147705078,0.5926128625869751,1,1,0.5926129221916199,0,1
2874,80795,9.91042423248291,28.574417114257812,369.392333984375,0.6658194661140442,1,0,198.60385131835938,0,1
2875,432091,-41.48473358154297,-20.828567504882812,-54.257530212402344,2.7036831378936768,0,0,2.703683376312256,0,0
2876,74571,9.022390365600586,25.327943801879883,365.40472412109375,1.6593576669692993,0,0,194.27301025390625,0,1
2877,84191,3.8971166610717773,3.129287004470825,266.3200988769531,3.3576607704162598,0,0,93.35355377197266,0,0
2878,163480,-10.238014221191406,8.155940055847168,224.2915802001953,2.941627264022827,0,0,52.385154724121094,0,1
2879,746692,-54.7733039855957,-23.876497268676758,-106.46360778808594,2.343897581100464,0,0,2.343897581100464,0,1
2880,67092,5.0346903800964355,20.571630477905273,367.4811096191406,5.521401405334473,0,0,195.8756103515625,0,2
2881,225465,8.275435447692871,-2.8328123092651367,216.5511474609375,1.2601436376571655,1,0,43.14297103881836,0,0
2882,852982,-11.11562728881836,-0.4843090772628784,18.47418212890625,2.776439905166626,0,0,2.776439905166626,0,1
2883,91144,-10.283943176269531,5.372038841247559,269.47210693359375,1.906433343887329,0,0,96.84352111816406,0,1
2884,9435,52.35132598876953,14.975580215454102,-129.18899536132812,0.523236095905304,1,0,47.27238082885742,0,0
2885,350828,-0.007080859038978815,26.978126525878906,299.3175048828125,1.6053862571716309,0,0,128.94558715820312,0,2
2886,929303,12.303935050964355,-56.453704833984375,-111.83970642089844,0.6354056000709534,1,1,0.6354056000709534,0,1
2887,873324,16.27480125427246,-25.601116180419922,-96.91739654541016,0.6601567268371582,1,0,0.6601567268371582,1,1
2888,832356,8.77552318572998,-13.060306549072266,111.57986450195312,2.4622573852539062,0,0,2.4622573852539062,0,1
2889,860872,8.095568656921387,-0.42495375871658325,22.917430877685547,2.9298880100250244,0,0,2.9298880100250244,0,1
2890,367794,-12.363055229187012,15.827996253967285,368.176513671875,0.6653362512588501,1,0,196.08815002441406,0,1
2891,145487,-5.883054256439209,-7.902910232543945,192.29029846191406,1.6960935592651367,0,0,18.636442184448242,0,1
2892,809231,12.666569709777832,-0.17963135242462158,137.2589874267578,0.9631194472312927,1,0,0.963119626045227,0,1
2893,140349,-13.260710716247559,20.653076171875,311.98321533203125,0.8655239343643188,1,0,140.88482666015625,0,1
2894,119358,6.2828826904296875,0.9819416403770447,256.0790100097656,1.4972681999206543,1,0,82.85894012451172,0,0
2895,167887,-1.0743893384933472,7.4872965812683105,174.93389892578125,6.1526689529418945,0,0,6.873371601104736,0,2
2896,878581,17.602937698364258,-23.01150894165039,-92.81886291503906,0.7361505627632141,1,0,0.7361505627632141,0,1
2897,62115,-14.147584915161133,25.257225036621094,363.9989013671875,0.9181913137435913,1,0,193.08358764648438,0,0
2898,879106,19.1149845123291,-29.517681121826172,-89.47599792480469,3.6552412509918213,0,0,3.6552412509918213,0,1
2899,778999,-3.321077823638916,16.35039710998535,43.2342643737793,2.6772875785827637,0,0,2.6772875785827637,0,1
2900,147067,-3.1080498695373535,-9.168895721435547,203.45860290527344,0.6079609394073486,1,0,29.485347747802734,0,1
2901,717529,-45.13023376464844,-44.88840103149414,-80.75746154785156,2.586848735809326,0,0,2.586848735809326,0,0
2902,314781,1.8480229377746582,30.174938201904297,345.6327819824219,2.6966891288757324,0,0,175.30291748046875,0,0
2903,250121,-10.41179084777832,1.0530197620391846,242.55496215820312,1.2278132438659668,1,0,69.59484100341797,0,1
2904,896302,14.469847679138184,-57.306556701660156,-98.41895294189453,1.4207539558410645,1,0,1.4207539558410645,0,1
2905,715071,-38.10139083862305,-48.97704315185547,-76.73191833496094,1.0981700420379639,1,0,1.0981699228286743,0,1
2906,399322,5.599184513092041,-0.776572585105896,-31.32475471496582,3.4274446964263916,0,0,3.4274446964263916,0,1
2907,847860,3.517935037612915,-17.03040313720703,89.7959213256836,1.4774913787841797,1,0,1.4774913787841797,0,0
2908,811676,5.5236496925354,-2.9332072734832764,135.16050720214844,7.9650397300720215,0,0,7.9650397300720215,0,1
2909,918328,20.18852424621582,-44.26531219482422,-126.79185485839844,0.728203535079956,1,0,0.7282034754753113,0,1
2910,572079,-12.564497947692871,-17.129806518554688,79.65506744384766,1.1155564785003662,1,0,1.1155564785003662,0,1
2911,374674,-12.884385108947754,13.456275939941406,271.3699645996094,1.1007771492004395,1,0,99.70362854003906,0,1
2912,926774,19.202056884765625,-54.4074592590332,-114.63597106933594,0.7231349945068359,1,0,0.7231349945068359,0,1
2913,847632,3.814077615737915,-9.392340660095215,95.78661346435547,2.819819688796997,0,0,2.819819688796997,0,1
2914,789768,-8.010385513305664,-3.205153703689575,99.37450408935547,2.127549171447754,0,0,2.127549171447754,0,1
2915,115895,-5.6567559242248535,21.887062072753906,254.20872497558594,0.7433208227157593,1,0,83.60047912597656,0,0
2916,596765,18.72846221923828,-24.370450973510742,-52.62417221069336,1.9004569053649902,0,0,1.9004567861557007,0,1
2917,438560,-49.52475357055664,-35.86037063598633,-103.3462142944336,0.6990135908126831,1,0,0.6990135908126831,0,0
2918,439269,-50.24329376220703,-33.6633415222168,-104.46965789794922,1.1383039951324463,1,0,1.1383039951324463,0,0
2919,847037,-1.3731870651245117,-17.222448348999023,96.64661407470703,3.7776167392730713,0,0,3.7776167392730713,0,1
2920,675731,14.576961517333984,4.358065128326416,-52.390830993652344,1.4094247817993164,1,0,1.4094247817993164,0,2
2921,480020,5.1347198486328125,20.68484115600586,15.468342781066895,1.0704028606414795,1,0,1.0704028606414795,0,0
2922,681243,12.004342079162598,3.4464311599731445,-46.91990661621094,1.9570938348770142,0,0,1.9570938348770142,0,1
2923,281149,6.881683349609375,17.379432678222656,245.94789123535156,1.266819715499878,1,0,74.74980163574219,0,0
2924,272071,11.544486999511719,11.037392616271973,236.36538696289062,0.7908831834793091,1,0,64.42665100097656,0,1
2925,181249,3.968439817428589,14.0631103515625,196.31277465820312,1.0539238452911377,1,0,25.10573959350586,0,1
2926,676968,20.60065460205078,-3.1053643226623535,-52.034305572509766,3.5167911052703857,0,0,3.5167911052703857,0,1
2927,530872,1.7683225870132446,-15.31478214263916,73.9856948852539,3.44732666015625,0,0,3.44732666015625,0,2
2928,381459,-5.432244300842285,13.292191505432129,281.34539794921875,8.367194175720215,0,0,109.8288345336914,0,0
2929,174065,-6.595670223236084,8.716597557067871,183.55393981933594,3.2998709678649902,0,0,12.33194637298584,0,0
2930,91769,11.51837158203125,11.930418014526367,277.7430419921875,0.9057564735412598,1,0,105.61199951171875,0,1
2931,197508,4.623379230499268,-0.11300429701805115,207.9742431640625,6.289172649383545,0,0,35.53641128540039,0,0
2932,285766,-0.8999429941177368,17.288089752197266,224.3175048828125,2.3902339935302734,0,0,53.38069152832031,0,1
2933,945468,-95.39119720458984,17.74673080444336,-140.07460021972656,0.7369665503501892,1,0,54.794803619384766,0,1
2934,679738,12.764147758483887,-11.698692321777344,-38.62874221801758,7.760532855987549,0,0,7.760532855987549,0,0
2935,318737,10.266530990600586,25.208593368530273,348.634765625,0.4174078702926636,1,0,177.59083557128906,1,1
2936,168625,-5.289849758148193,8.110878944396973,175.0379180908203,3.830866575241089,0,0,5.0697221755981445,0,1
2937,594691,12.06375789642334,-23.994401931762695,-65.61416625976562,3.8247005939483643,0,0,3.8247005939483643,0,0
2938,624981,8.707476615905762,-12.497589111328125,-26.479623794555664,2.006145715713501,0,0,2.006145715713501,1,1
2939,949249,-102.9331283569336,22.545217514038086,-141.63291931152344,0.8788595199584961,1,0,63.186641693115234,0,1
2940,380159,-13.324051856994629,10.998634338378906,290.41302490234375,0.6639878153800964,1,0,118.31710052490234,0,1
2941,859464,-11.47199535369873,0.13059863448143005,31.93250274658203,3.815129041671753,0,0,3.815129041671753,0,1
2942,759974,-67.35472106933594,-11.193692207336426,-117.0125732421875,1.8863580226898193,0,0,8.602302551269531,0,1
2943,321628,0.28125959634780884,14.81480884552002,342.7711486816406,6.926492691040039,0,0,170.76414489746094,0,1
2944,786294,5.207192897796631,17.540807723999023,36.36981964111328,2.1624112129211426,0,0,2.1624112129211426,0,1
2945,864080,9.461458206176758,-3.3637795448303223,26.102323532104492,1.1600548028945923,1,0,1.1600548028945923,0,1
2946,720994,-42.20554733276367,-47.146812438964844,-83.07958221435547,1.2928556203842163,1,0,1.2928556203842163,0,0
2947,976003,1.720072865486145,-105.9214096069336,-123.84909057617188,1.603393316268921,0,0,43.605079650878906,0,2
2948,602422,-36.18114471435547,-11.805391311645508,-34.3436164855957,0.6942604780197144,1,0,0.6942604780197144,0,0
2949,818641,-0.15415403246879578,-17.34703254699707,134.7233428955078,0.701028048992157,1,0,0.701028048992157,0,1
2950,903506,19.95606803894043,-48.84415054321289,-100.25226593017578,1.1773289442062378,1,0,1.1773288249969482,0,1
2951,764388,-75.86211395263672,-1.7807745933532715,-125.93782806396484,0.6367865800857544,1,0,23.809303283691406,0,0
2952,900206,14.479304313659668,-51.92253875732422,-93.73481750488281,2.0692954063415527,0,0,2.0692954063415527,0,0
2953,725197,-41.29161071777344,-46.798336029052734,-88.37214660644531,2.480808973312378,0,0,2.480808973312378,0,1
2954,359405,-1.5409495830535889,9.83891487121582,362.10699462890625,0.7278674840927124,1,0,189.24388122558594,0,0
2955,795861,-3.0131797790527344,-3.175156593322754,113.42231750488281,2.4273297786712646,0,0,2.4273297786712646,0,2
2956,858895,2.153341293334961,-4.525656700134277,23.430997848510742,6.8471784591674805,0,0,6.8471784591674805,0,2
2957,26257,35.98289108276367,-9.265729904174805,-124.3549575805664,0.8756296038627625,1,0,18.231462478637695,0,0
2958,479413,10.995491027832031,18.96831512451172,21.297719955444336,0.6633675694465637,1,0,0.6633675694465637,0,1
2959,68605,6.915297508239746,21.612533569335938,371.0450744628906,3.7677881717681885,0,0,199.47743225097656,0,1
2960,478114,7.90561056137085,21.056589126586914,21.74009132385254,0.5813525319099426,1,1,0.5813525319099426,0,1
2961,453642,-39.96489715576172,-47.913082122802734,-92.15543365478516,0.5944060683250427,1,1,0.5944060683250427,0,1
2962,365452,-4.856549263000488,29.444625854492188,349.04351806640625,4.552004337310791,0,0,178.70379638671875,0,1
2963,905943,17.400842666625977,-48.487361907958984,-107.28866577148438,0.5429824590682983,1,1,0.5429823994636536,0,0
2964,392534,-12.190563201904297,14.238253593444824,303.7928161621094,1.825742244720459,0,0,131.98745727539062,0,1
2965,190033,12.182475090026855,2.37921142578125,207.34059143066406,0.8154587149620056,1,0,34.56987380981445,0,0
2966,857917,4.383793354034424,-0.5767531991004944,21.960063934326172,6.5724287033081055,0,0,6.5724287033081055,0,1
2967,403715,10.594000816345215,0.9981675744056702,-21.53631019592285,0.9402509927749634,1,0,0.9402510523796082,0,1
2968,258503,-3.277224063873291,-3.0972402095794678,252.33140563964844,0.8243935108184814,1,0,78.73336029052734,0,1
2969,394764,8.237936019897461,4.095037460327148,-45.64751434326172,1.1605830192565918,1,0,1.1605830192565918,0,2
2970,438219,-51.75178909301758,-31.39238739013672,-105.75733947753906,1.3022080659866333,1,0,1.3022080659866333,0,0
2971,635350,-0.3978731036186218,-10.15326976776123,3.481443405151367,3.5078999996185303,0,0,3.5078999996185303,0,1
2972,222875,11.075117111206055,6.811023712158203,226.36602783203125,1.212807297706604,1,0,54.007389068603516,0,1
2973,631091,11.286710739135742,-6.844083309173584,-18.495920181274414,0.8813905119895935,1,0,0.8813905715942383,0,1
2974,946149,-98.5961685180664,15.228219985961914,-136.36029052734375,0.5119671821594238,1,0,53.455528259277344,0,0
2975,44996,-2.772704601287842,19.902950286865234,310.34979248046875,9.665254592895508,0,0,139.4058837890625,0,1
2976,501010,-0.23640930652618408,7.340468406677246,138.88845825195312,1.2925306558609009,1,0,1.2925305366516113,0,1
2977,867422,10.605698585510254,-7.0706610679626465,43.6870231628418,1.59708833694458,0,0,1.5970882177352905,0,2
2978,776740,6.579437732696533,10.02763557434082,56.10422134399414,5.097179412841797,0,0,5.097179412841797,0,3
2979,572938,-9.303613662719727,4.174248695373535,86.81893157958984,1.7186757326126099,0,0,1.7186757326126099,0,1
2980,731887,-41.01852798461914,-68.79328155517578,-99.27491760253906,0.8051551580429077,1,0,0.8051551580429077,0,1
2981,65019,-8.154457092285156,34.68581771850586,366.5323486328125,0.6272962093353271,1,0,196.6674041748047,0,0
2982,328982,7.691588401794434,17.063920974731445,356.36602783203125,2.3165225982666016,0,0,184.3328857421875,0,1
2983,208080,-9.401233673095703,9.369913101196289,227.19647216796875,3.6890687942504883,0,0,55.442604064941406,0,1
2984,204014,1.7721567153930664,17.029722213745117,217.09454345703125,1.2752240896224976,1,0,46.11611557006836,0,1
2985,721164,-44.78200912475586,-47.735538482666016,-81.42676544189453,1.1724263429641724,1,0,1.1724263429641724,0,0
2986,826995,1.4053215980529785,-9.077795028686523,158.0355224609375,5.43918514251709,0,0,5.43918514251709,0,1
2987,322423,9.191400527954102,23.367130279541016,346.5248107910156,1.6832621097564697,0,0,175.2934112548828,0,1
2988,252023,-5.2897629737854,7.20041561126709,241.07618713378906,7.951482772827148,0,0,69.26261138916016,0,0
2989,243584,-10.335010528564453,-7.92838716506958,173.15223693847656,0.6779405474662781,1,0,0.6779407262802124,0,1
2990,361317,-3.1850974559783936,12.814033508300781,356.8795166015625,3.799891471862793,0,0,184.4645538330078,0,1
2991,100724,0.300172358751297,4.619081974029541,293.8058776855469,3.041903495788574,0,0,120.8311538696289,0,1
2992,123039,6.332418441772461,1.5370557308197021,246.25967407226562,2.737706184387207,0,0,73.21568298339844,0,1
2993,728874,-50.87556076049805,-73.71156311035156,-98.61859893798828,1.5080357789993286,0,0,1.5080357789993286,0,0
2994,645727,-26.037431716918945,-11.13355541229248,-18.38257598876953,1.2415488958358765,1,0,1.2415488958358765,0,0
2995,104163,11.251460075378418,13.836957931518555,260.9479064941406,0.809097945690155,1,0,89.1697769165039,0,1
2996,713563,-42.40813064575195,-35.4249382019043,-78.26618194580078,0.6007355451583862,1,1,0.6007355451583862,1,1
2997,741770,-31.987995147705078,-57.81819152832031,-88.54827880859375,1.9680424928665161,0,0,1.9680423736572266,0,1
2998,944359,-97.2367172241211,14.032458305358887,-135.56903076171875,0.559319794178009,1,0,51.49259567260742,0,0
2999,907146,20.852251052856445,-46.694786071777344,-104.4111328125,0.9405503869056702,1,0,0.9405503869056702,0,1
3000,565228,-13.94481086730957,-5.025202751159668,64.46760559082031,3.454533338546753,0,0,3.454533338546753,0,1
3001,371932,-5.0395731925964355,11.820099830627441,370.3103332519531,1.2039270401000977,1,0,197.6607208251953,0,1
3002,124422,5.986536979675293,8.058491706848145,300.114990234375,2.630322217941284,0,0,127.44113159179688,0,0
3003,908213,18.68755531311035,-49.49465560913086,-104.94564819335938,1.9324184656143188,0,0,1.9324184656143188,0,0
3004,649008,-14.415436744689941,-19.165739059448242,-14.422510147094727,0.8700655698776245,1,0,0.8700655698776245,0,1
3005,752139,-61.392765045166016,-18.473896026611328,-112.62006378173828,1.6500434875488281,0,0,1.6500434875488281,0,0
3006,365042,-10.243391036987305,13.357312202453613,367.65460205078125,0.7958968281745911,1,0,195.2548370361328,0,1
3007,190448,11.106667518615723,7.576760768890381,202.49888610839844,1.013995885848999,1,0,30.404951095581055,0,0
3008,399710,7.124577522277832,0.16026215255260468,-26.692245483398438,0.7867597937583923,1,0,0.7867596745491028,0,1
3009,367963,-4.119415283203125,12.979397773742676,364.3612976074219,3.0302610397338867,0,0,191.90525817871094,0,1
3010,79651,9.551630973815918,28.54854393005371,366.2777099609375,0.7180465459823608,1,0,195.5128936767578,0,1
3011,316880,-4.79568338394165,28.010032653808594,335.1434631347656,4.3360915184021,0,0,164.73031616210938,0,0
3012,15203,46.760860443115234,9.789237022399902,-130.13900756835938,0.8598013520240784,1,0,40.2314338684082,0,1
3013,517209,9.825160026550293,-1.2529035806655884,167.34115600585938,3.5969929695129395,0,0,3.5969927310943604,0,2
3014,949797,-104.06941223144531,22.321054458618164,-142.7323760986328,1.5343282222747803,0,0,64.32472229003906,0,1
3015,686976,-38.45259094238281,-46.66218948364258,-62.77685546875,0.7170647382736206,1,0,0.7170647382736206,0,1
3016,651853,-14.601876258850098,-16.963146209716797,-15.712657928466797,2.4140992164611816,0,0,2.4140992164611816,0,1
3017,293575,9.52720832824707,13.522869110107422,327.0068054199219,1.1386016607284546,1,0,154.73329162597656,0,0
3018,924134,19.670148849487305,-55.24388885498047,-122.93360137939453,0.5179083943367004,1,1,0.5179083943367004,0,0
3019,63103,-10.984847068786621,21.078100204467773,364.3329162597656,3.360529899597168,0,0,192.91494750976562,0,2
3020,872402,16.750341415405273,-27.870708465576172,-99.57642364501953,0.8204464912414551,1,0,0.8204464912414551,0,1
3021,333308,10.497529983520508,17.550256729125977,276.7519226074219,0.757980465888977,1,0,105.30928802490234,0,0
3022,651696,-10.934664726257324,-13.969639778137207,-12.507561683654785,0.5652777552604675,1,1,0.5652777552604675,0,0
3023,815074,3.9994192123413086,-11.727070808410645,132.50982666015625,5.477622985839844,0,0,5.477622985839844,0,1
3024,180363,6.7390289306640625,3.897279739379883,185.2982177734375,5.560233116149902,0,0,14.055906295776367,0,0
3025,534902,-1.333138108253479,-12.720487594604492,60.77846908569336,5.032476902008057,0,0,5.032476902008057,0,2
3026,650464,-18.508583068847656,-5.627481460571289,-17.864965438842773,1.0699011087417603,1,0,1.0699011087417603,0,1
3027,694100,-35.96440887451172,-39.92644119262695,-59.6450309753418,2.787198781967163,0,0,2.787198781967163,0,0
3028,364966,1.0176823139190674,11.008732795715332,366.73223876953125,0.9187156558036804,1,0,193.95201110839844,0,1
3029,263095,-11.348254203796387,13.710198402404785,256.5810852050781,1.9210302829742432,0,0,85.05390930175781,0,1
3030,422564,-25.08185386657715,-21.530750274658203,-49.634765625,0.8841867446899414,1,0,0.8841867446899414,0,1
3031,892285,17.110431671142578,-62.06288146972656,-96.30012512207031,0.5961340069770813,1,1,0.5961339473724365,0,1
3032,195112,7.829216480255127,14.268416404724121,212.6193084716797,0.8708458542823792,1,0,41.27217483520508,0,0
3033,280158,-4.435017108917236,16.741323471069336,231.9056854248047,3.0339438915252686,0,0,60.90430450439453,0,1
3034,595419,8.720067977905273,-17.165485382080078,-74.17930603027344,2.9881460666656494,0,0,2.9881460666656494,0,2
3035,209779,-12.229341506958008,1.3397001028060913,217.74850463867188,0.8055762648582458,1,0,45.01405334472656,0,1
3036,227345,10.403304100036621,-1.5658748149871826,217.7850341796875,0.5627838969230652,1,0,44.48694610595703,0,0
3037,103854,10.777983665466309,15.936993598937988,260.5324401855469,0.5552984476089478,1,0,89.01221466064453,0,0
3038,966559,18.889081954956055,-87.0551986694336,-119.18084716796875,0.9572916030883789,1,0,17.6923770904541,0,1
3039,842319,-12.357383728027344,-11.71650505065918,101.1812973022461,1.3144162893295288,1,0,1.3144162893295288,0,0
3040,938935,-87.66261291503906,4.735982894897461,-133.6793212890625,0.6483789682388306,1,0,38.96028518676758,0,1
3041,290960,10.930490493774414,16.458864212036133,329.4396667480469,0.6910032629966736,1,0,157.48321533203125,0,1
3042,719542,-35.98870849609375,-50.13058090209961,-77.95100402832031,0.5841312408447266,1,1,0.5841312408447266,0,1
3043,57357,0.4141120910644531,30.525888442993164,327.9986877441406,1.2666348218917847,1,0,157.8365020751953,0,2
3044,292234,9.194726943969727,15.729544639587402,331.09332275390625,1.780402660369873,0,0,159.06336975097656,0,1
3045,694550,-48.309635162353516,-32.620113372802734,-65.10340881347656,0.9908130764961243,1,0,0.9908130168914795,0,1
3046,739699,-32.7471923828125,-59.479652404785156,-94.29705810546875,1.7221678495407104,0,0,1.7221678495407104,0,0
3047,487341,-3.1008315086364746,10.033614158630371,19.533660888671875,6.199096202850342,0,0,6.199096202850342,0,1
3048,619967,-9.699980735778809,-18.183500289916992,-25.569868087768555,0.7864133715629578,1,0,0.7864133715629578,0,0
3049,263295,-4.521886348724365,-1.5104438066482544,261.1379089355469,0.9201710224151611,1,0,87.67832946777344,0,1
3050,654156,-15.627016067504883,-8.914324760437012,-17.89419174194336,4.14185905456543,0,0,4.14185905456543,0,0
3051,766927,7.1076250076293945,4.968532085418701,81.79686737060547,1.2416974306106567,1,0,1.2416975498199463,0,1
3052,688434,-48.326961517333984,-39.836021423339844,-67.26242065429688,0.7794665694236755,1,0,0.7794665694236755,0,0
3053,302823,-8.218070030212402,11.537711143493652,329.2450866699219,3.260709762573242,0,0,156.9180145263672,0,0
3054,895188,18.424457550048828,-60.19181442260742,-99.12763214111328,1.7590535879135132,0,0,1.7590537071228027,0,1
3055,39643,27.143829345703125,-29.043970108032227,-127.64964294433594,1.5148112773895264,0,0,1.5148112773895264,0,1
3056,554076,9.337224006652832,-21.00121307373047,-28.83088493347168,0.7516647577285767,1,0,0.7516647577285767,0,1
3057,810339,6.216811180114746,0.9826104044914246,133.89768981933594,5.095339298248291,0,0,5.095338821411133,0,1
3058,829020,9.64538860321045,-11.81218147277832,119.0273208618164,2.3803298473358154,0,0,2.3803298473358154,0,1
3059,537790,-5.024807929992676,-9.149791717529297,52.788021087646484,6.247791290283203,0,0,6.247791290283203,0,2
3060,375119,-11.682680130004883,19.54325294494629,275.40814208984375,0.7993574142456055,1,0,104.4249496459961,0,1
3061,185333,-11.206972122192383,4.812058448791504,170.139404296875,0.8873428702354431,1,0,0.887342631816864,0,2
3062,908341,17.983325958251953,-53.33045959472656,-106.59953308105469,1.535644292831421,0,0,1.535644292831421,0,0
3063,31150,32.26757049560547,-13.552908897399902,-127.6640396118164,0.6446386575698853,1,0,12.86384391784668,0,1
3064,921903,20.345470428466797,-49.454654693603516,-125.56653594970703,0.9308785796165466,1,0,0.9308785796165466,0,1
3065,961719,6.923444747924805,-98.17156982421875,-122.15606689453125,0.7103350758552551,1,0,34.163944244384766,0,2
3066,949394,-99.56755065917969,22.343952178955078,-141.9185028076172,0.6486742496490479,1,0,61.09156799316406,0,1
3067,679425,19.669912338256836,-5.179325580596924,-44.62311553955078,3.9476773738861084,0,0,3.9476773738861084,0,1
3068,181430,-10.140508651733398,2.718571424484253,186.1468048095703,2.826359748840332,0,0,14.045443534851074,0,1
3069,959618,23.977371215820312,-65.47162628173828,-99.41337585449219,0.7446756958961487,1,0,0.7446756958961487,0,0
3070,262051,-2.01846981048584,-2.4598913192749023,260.1930847167969,0.6564432978630066,1,0,86.60045623779297,0,1
3071,433451,-41.01676559448242,-19.125267028808594,-54.83861541748047,1.3372561931610107,1,0,1.3372561931610107,0,0
3072,450483,-39.63886260986328,-40.953365325927734,-92.58387756347656,0.6015284061431885,1,1,0.6015284061431885,0,0
3073,710920,-37.9019660949707,-33.67743682861328,-77.16847229003906,0.6228163242340088,1,1,0.6228163242340088,0,1
3074,367528,-8.719725608825684,28.395822525024414,344.7447814941406,2.672179937362671,0,0,174.31092834472656,0,0
3075,708760,-45.7005615234375,-39.849571228027344,-67.39584350585938,2.60392427444458,0,0,2.60392427444458,0,0
3076,29633,33.47209930419922,-14.828771591186523,-124.05557250976562,0.8602747917175293,1,0,12.131629943847656,0,1
3077,605491,-32.51588439941406,-10.127045631408691,-38.5437126159668,1.7729657888412476,0,0,1.772965669631958,0,0
3078,654041,-15.064106941223145,-3.685814380645752,-20.985321044921875,1.3470739126205444,1,0,1.3470739126205444,0,2
3079,52024,1.4406927824020386,29.7348575592041,321.8734436035156,0.9939112067222595,1,0,151.6490478515625,0,1
3080,700865,-45.90647506713867,-26.654767990112305,-53.11111831665039,1.5952377319335938,0,0,1.5952376127243042,0,1
3081,866714,4.9721503257751465,-11.487443923950195,45.75587844848633,2.100017786026001,0,0,2.100017786026001,0,1
3082,125024,3.880997657775879,5.423903942108154,306.35247802734375,1.4129470586776733,1,0,133.3154754638672,0,0
3083,117276,3.601865530014038,15.39573860168457,248.1435546875,4.88549280166626,0,0,76.87105560302734,0,0
3084,17982,45.236331939697266,2.478792905807495,-129.79624938964844,0.6035407185554504,1,0,32.96027374267578,0,0
3085,513067,-7.754359722137451,-1.9841338396072388,160.58555603027344,4.39369010925293,0,0,4.39369010925293,0,2
3086,48086,8.59080696105957,24.917621612548828,315.8641052246094,0.7453309893608093,1,0,145.03700256347656,0,0
3087,200343,-3.4270358085632324,16.499290466308594,203.0752410888672,0.7000938057899475,1,0,32.17170715332031,0,1
3088,357105,-6.178041934967041,10.09981632232666,355.96734619140625,0.8865475058555603,1,0,183.22537231445312,0,1
3089,753632,-63.02684020996094,-17.24913787841797,-108.53358459472656,0.6287373304367065,1,1,0.6287373304367065,0,0
3090,587962,14.995084762573242,-24.717275619506836,-71.76543426513672,2.19063138961792,0,0,2.19063138961792,0,1
3091,486096,12.592131614685059,15.73562240600586,8.48084831237793,0.7510344982147217,1,0,0.7510344982147217,0,1
3092,618834,-10.001739501953125,-9.574472427368164,-25.983379364013672,0.6352459192276001,1,1,0.6352459192276001,0,1
3093,798832,2.0887610912323,-1.1707006692886353,114.88719940185547,2.682636022567749,0,0,2.682636022567749,0,0
3094,563331,-17.162939071655273,-8.744782447814941,67.27169036865234,1.1541422605514526,1,0,1.1541422605514526,1,1
3095,809335,13.735432624816895,-5.619449138641357,135.12646484375,0.9926523566246033,1,0,0.9926518797874451,0,1
3096,499503,10.438810348510742,5.528921604156494,173.4567108154297,1.2210522890090942,1,0,1.6841859817504883,0,1
3097,778269,11.289385795593262,12.181611061096191,44.20359802246094,0.992825448513031,1,0,0.992825448513031,0,1
3098,333455,5.419538497924805,21.73595428466797,276.0242004394531,1.5169312953948975,0,0,105.14286041259766,0,1
3099,73612,7.629458904266357,17.115798950195312,369.65521240234375,1.542173981666565,0,0,197.52391052246094,0,2
3100,162277,-11.513280868530273,11.986339569091797,221.9632568359375,0.9620374441146851,1,0,50.4644660949707,0,1
3101,374763,-11.147683143615723,17.48309326171875,269.9749450683594,1.522239327430725,0,0,98.78987121582031,0,1
3102,678567,11.84709644317627,5.859899997711182,-51.32373046875,0.8166425228118896,1,0,0.8166425228118896,0,2
3103,265553,-10.768476486206055,3.302821397781372,263.0418395996094,0.9249871969223022,1,0,90.20294952392578,0,0
3104,853131,-2.790515184402466,-12.084040641784668,12.121012687683105,0.748440682888031,1,0,0.7484407424926758,0,1
3105,684025,19.189016342163086,-15.923429489135742,-40.411460876464844,2.708437919616699,0,0,2.708437919616699,0,1
3106,909011,18.09244155883789,-57.341705322265625,-109.28716278076172,0.609420657157898,1,1,0.6094205975532532,0,1
3107,67639,0.29318732023239136,31.916790008544922,366.6173400878906,3.9262731075286865,0,0,196.37899780273438,0,1
3108,388263,-1.7361515760421753,3.7715420722961426,288.9931640625,2.9975521564483643,0,0,115.97130584716797,0,0
3109,642746,11.96865463256836,16.586776733398438,5.698516368865967,0.6694734692573547,1,0,0.6694735288619995,1,1
3110,917784,20.764299392700195,-43.65458679199219,-121.32328796386719,0.4896669387817383,1,1,0.48966696858406067,0,1
3111,523741,11.436246871948242,-10.787091255187988,74.99983978271484,1.0648229122161865,1,0,1.0648229122161865,0,1
3112,841670,2.680475950241089,-9.421550750732422,101.67609405517578,5.235064506530762,0,0,5.235064506530762,0,0
3113,614881,-22.0867919921875,-19.662742614746094,-40.13862228393555,1.6045050621032715,0,0,1.6045050621032715,0,1
3114,700568,-32.126731872558594,-32.731536865234375,-58.31116485595703,2.7860071659088135,0,0,2.7860071659088135,0,0
3115,725497,-40.8157958984375,-48.98129653930664,-85.9357681274414,0.6279011368751526,1,1,0.6279011368751526,0,0
3116,204894,6.483155250549316,16.577049255371094,225.4881134033203,0.8365402221679688,1,0,54.338050842285156,0,0
3117,216865,2.274174928665161,-5.471092224121094,232.00515747070312,0.606640636920929,1,0,58.21586227416992,0,1
3118,784892,8.931055068969727,14.172630310058594,43.456764221191406,2.0397133827209473,0,0,2.0397133827209473,0,2
3119,435812,-56.178932189941406,-25.976102828979492,-103.70856475830078,0.6221671104431152,1,1,0.6221671104431152,0,1
3120,339451,-2.6106362342834473,23.584617614746094,277.8623046875,2.4421801567077637,0,0,107.28328704833984,0,0
3121,60031,9.035036087036133,20.71261978149414,327.2878723144531,1.9810377359390259,0,0,155.88523864746094,0,1
3122,290530,10.021513938903809,19.494888305664062,335.37725830078125,1.2425175905227661,1,0,163.75270080566406,0,1
3123,917680,21.25008201599121,-40.883087158203125,-125.98014068603516,1.2698944807052612,1,0,1.2698944807052612,0,1
3124,490649,-9.055253982543945,11.071758270263672,16.56689453125,1.7847257852554321,0,0,1.7847256660461426,0,1
3125,485169,-1.5041736364364624,10.323988914489746,22.848981857299805,7.534553050994873,0,0,7.534553050994873,0,1
3126,342670,-6.769572734832764,24.928234100341797,282.75830078125,0.7114375233650208,1,0,112.31829071044922,0,1
3127,437162,-51.13410949707031,-33.3228759765625,-105.96504211425781,0.6132121086120605,1,1,0.6132120490074158,0,0
3128,24961,37.208919525146484,-2.4898929595947266,-126.89112091064453,0.6300997138023376,1,0,24.94498634338379,0,0
3129,51644,11.081719398498535,17.71193504333496,300.3116455078125,0.8141633868217468,1,0,128.71299743652344,0,1
3130,13183,45.17007064819336,13.150505065917969,-125.87354278564453,0.6144298315048218,1,0,42.449241638183594,0,1
3131,451530,-42.3177375793457,-47.450347900390625,-94.1273193359375,0.5945566296577454,1,1,0.5945566296577454,0,1
3132,485880,11.34839153289795,3.0910720825195312,15.066375732421875,1.8406434059143066,0,0,1.8406434059143066,0,1
3133,750792,-60.42380905151367,-18.153953552246094,-109.14436340332031,1.6038939952850342,0,0,1.6038939952850342,0,0
3134,296223,0.2337036430835724,8.718454360961914,331.83905029296875,2.5041050910949707,0,0,159.062255859375,0,1
3135,445229,-42.840850830078125,-36.916358947753906,-104.70096588134766,0.794507622718811,1,0,0.7945075631141663,0,1
3136,223115,8.205831527709961,0.587297260761261,217.2346649169922,3.165994644165039,0,0,44.3284797668457,0,1
3137,632478,10.89630126953125,-5.704294681549072,-10.700470924377441,3.0554442405700684,0,0,3.0554442405700684,0,1
3138,518003,6.410951614379883,7.434892654418945,171.0463409423828,2.815601110458374,0,0,2.815601348876953,0,1
3139,429909,-39.60593795776367,-22.650876998901367,-53.877750396728516,4.771134853363037,0,0,4.771134853363037,0,0
3140,716196,-38.81774139404297,-47.50485610961914,-77.68640899658203,2.651883363723755,0,0,2.651883363723755,0,0
3141,422020,-34.25898361206055,-32.741355895996094,-48.07826232910156,2.6053524017333984,0,0,2.6053524017333984,0,0
3142,192907,2.8928115367889404,4.910461902618408,198.46595764160156,9.136421203613281,0,0,27.702293395996094,0,0
3143,288893,-0.13084325194358826,19.135560989379883,225.38162231445312,0.7896924018859863,1,0,54.602291107177734,0,2
3144,834667,8.94985580444336,-15.183927536010742,104.35659790039062,1.0438485145568848,1,0,1.0438485145568848,0,0
3145,534703,-8.308053970336914,-17.462427139282227,62.311058044433594,0.8076911568641663,1,0,0.8076911568641663,0,1
3146,529434,11.166976928710938,-11.355725288391113,65.72441101074219,1.4192441701889038,1,0,1.4192441701889038,1,2
3147,790046,-5.947470188140869,-2.051156520843506,105.96018981933594,0.8676056861877441,1,0,0.8676058053970337,0,1
3148,986554,-61.57735061645508,-113.70242309570312,-101.75850677490234,0.6849163174629211,1,0,32.16077423095703,0,2
3149,401479,6.63020133972168,-0.12022285163402557,-25.964231491088867,1.246794581413269,1,0,1.246794581413269,0,1
3150,111739,-5.6097822189331055,22.943395614624023,260.1141662597656,0.5800647735595703,1,0,89.58900451660156,0,0
3151,307475,-12.733621597290039,14.481760025024414,337.9127197265625,0.9289233684539795,1,0,165.88587951660156,0,0
3152,920762,18.928131103515625,-48.33088302612305,-119.61083984375,0.509986937046051,1,1,0.509986937046051,0,1
3153,333802,4.463558197021484,18.544185638427734,272.2563171386719,4.058407306671143,0,0,101.10474395751953,0,1
3154,881948,20.895301818847656,-27.35271644592285,-88.43213653564453,3.36763334274292,0,0,3.36763334274292,0,0
3155,34601,28.77849769592285,-24.816194534301758,-124.29061889648438,1.16908860206604,1,0,1.5306049585342407,0,0
3156,514204,-7.307924747467041,2.3160228729248047,166.52798461914062,4.542928695678711,0,0,4.542928218841553,0,1
3157,412976,-7.1209588050842285,-5.727850914001465,-22.382638931274414,1.5258538722991943,0,0,1.5258538722991943,0,1
3158,548623,-0.2918824553489685,-17.444061279296875,-39.31780242919922,6.104921817779541,0,0,6.104921817779541,0,1
3159,105759,3.1509592533111572,19.02996063232422,267.25592041015625,3.907808780670166,0,0,96.20576477050781,0,1
3160,493214,-8.346163749694824,6.56889533996582,10.865762710571289,3.968785524368286,0,0,3.968785285949707,0,1
3161,222413,3.478379249572754,-5.330733299255371,221.4364013671875,1.2988018989562988,1,0,47.738670349121094,0,0
3162,818549,4.736363410949707,-12.947822570800781,143.03042602539062,2.259737014770508,0,0,2.259737014770508,0,1
3163,79355,0.3958527743816376,33.78868103027344,354.2784729003906,1.085307240486145,1,0,184.31475830078125,0,1
3164,220756,7.141205310821533,4.817338943481445,216.431884765625,5.024230480194092,0,0,44.223533630371094,0,1
3165,145468,-8.648066520690918,-6.94513463973999,194.7647247314453,0.9763888120651245,1,0,21.182931900024414,0,0
3166,740207,-30.406997680664062,-58.61552810668945,-93.26651000976562,0.9187211394309998,1,0,0.9187211394309998,0,1
3167,695742,-38.233585357666016,-38.49997329711914,-52.12620544433594,0.8128965497016907,1,0,0.8128965497016907,1,1
3168,154435,-5.432094097137451,-5.647456169128418,208.48898315429688,2.2056846618652344,0,0,34.981990814208984,0,1
3169,830074,11.81564712524414,-9.204472541809082,109.96879577636719,0.8080851435661316,1,0,0.8080852031707764,0,1
3170,744645,-31.092714309692383,-53.223506927490234,-85.37923431396484,0.8666048645973206,1,0,0.8666048049926758,0,1
3171,793179,-3.6918013095855713,-2.8077614307403564,110.23835754394531,1.9197750091552734,0,0,1.9197752475738525,0,1
3172,678969,13.642166137695312,-0.30110806226730347,-46.3798828125,5.2147908210754395,0,0,5.2147908210754395,0,1
3173,539891,6.371042728424072,-28.732728958129883,-55.2270622253418,2.2206649780273438,0,0,2.2206649780273438,0,1
3174,452051,-41.4769401550293,-46.72663497924805,-95.26085662841797,0.7514916062355042,1,0,0.7514916658401489,0,1
3175,964906,15.305991172790527,-89.9080810546875,-120.5433578491211,0.7649247646331787,1,0,22.354188919067383,1,1
3176,393854,-9.899324417114258,13.229565620422363,305.4075927734375,3.747239828109741,0,0,133.48875427246094,0,1
3177,533006,12.67918872833252,-6.083187580108643,57.213008880615234,1.4021958112716675,1,0,1.4021958112716675,0,3
3178,976543,-51.893558502197266,-84.33338928222656,-95.57782745361328,0.5316205024719238,1,1,0.6359281539916992,0,1
3179,632139,11.402172088623047,-2.172083854675293,-13.101040840148926,2.9023334980010986,0,0,2.9023334980010986,0,1
3180,845183,5.265872955322266,-11.553278923034668,97.34727478027344,1.3065162897109985,1,0,1.3065162897109985,0,1
3181,894915,13.613362312316895,-58.76478958129883,-94.72079467773438,0.6560527086257935,1,0,0.6560527682304382,0,1
3182,720394,-43.4483528137207,-40.51171875,-81.85091400146484,0.5419213771820068,1,1,0.5419214367866516,0,1
3183,80021,10.446651458740234,19.82515525817871,364.8990783691406,0.6413589715957642,1,0,193.09420776367188,0,2
3184,849979,-11.418898582458496,-6.8051533699035645,12.58683967590332,1.090438723564148,1,0,1.090438723564148,0,1
3185,195122,8.287806510925293,9.940009117126465,205.3419189453125,2.3527560234069824,0,0,33.60480499267578,0,1
3186,345887,-9.57703971862793,23.72938346862793,287.60748291015625,0.8186944127082825,1,0,117.01582336425781,0,1
3187,372829,-6.874124526977539,17.548002243041992,369.0263366699219,5.3195109367370605,0,0,197.15574645996094,0,1
3188,433883,-41.1275749206543,-16.23033332824707,-51.96152877807617,0.8641412854194641,1,0,0.8641412854194641,0,1
3189,956650,27.76694107055664,-67.01985168457031,-103.1424331665039,0.6435670852661133,1,0,0.6435670852661133,0,0
3190,201792,8.421041488647461,10.276651382446289,215.4774932861328,2.6019554138183594,0,0,43.70478057861328,0,1
3191,193701,7.976715564727783,7.616243362426758,202.90914916992188,3.677960157394409,0,0,31.050912857055664,0,0
3192,865741,6.788208484649658,-6.149643898010254,33.30856704711914,3.2791106700897217,0,0,3.2791106700897217,0,1
3193,392706,-8.617032051086426,17.352800369262695,299.40618896484375,5.2568039894104,0,0,128.06625366210938,0,0
3194,100235,3.5083141326904297,4.269753456115723,297.24603271484375,1.4434521198272705,1,0,124.14228057861328,0,0
3195,664987,21.65876007080078,-11.193070411682129,-78.17636108398438,4.463326454162598,0,0,4.463326454162598,0,1
3196,654423,-13.388916015625,-13.362771987915039,-15.073235511779785,2.4893550872802734,0,0,2.4893550872802734,0,1
3197,181258,2.3151841163635254,15.298315048217773,196.1797332763672,0.7856091856956482,1,0,25.127717971801758,0,1
3198,872407,20.756282806396484,-29.915996551513672,-99.96099853515625,1.7777599096298218,0,0,1.7777599096298218,0,1
3199,201514,0.8853467106819153,15.142036437988281,207.7894287109375,2.2610156536102295,0,0,36.71394348144531,0,1
3200,943613,-95.26226043701172,15.578417778015137,-135.54586791992188,0.7646890878677368,1,0,51.1707649230957,0,0
3201,458925,12.705860137939453,-40.3184814453125,-82.33546447753906,1.8430135250091553,0,0,1.8430135250091553,0,1
3202,473649,22.278810501098633,-42.10519027709961,-98.09832000732422,3.6635661125183105,0,0,3.6635661125183105,0,1
3203,653468,-14.648112297058105,-12.31049633026123,-12.80876350402832,1.0921945571899414,1,0,1.0921947956085205,0,0
3204,419951,-26.720550537109375,-28.36123275756836,-47.64302444458008,0.8636519312858582,1,0,0.8636519312858582,0,1
3205,976365,3.3897175788879395,-104.43717193603516,-123.49678802490234,1.6302392482757568,0,0,41.36738204956055,0,2
3206,193649,9.849925994873047,9.742969512939453,206.13406372070312,1.4680492877960205,1,0,34.2949104309082,0,0
3207,269732,8.609545707702637,1.123328447341919,242.26683044433594,1.3699679374694824,1,0,69.14029693603516,0,1
3208,703811,-32.948760986328125,-31.46940040588379,-51.80216598510742,4.205611228942871,0,0,4.205611228942871,0,0
3209,574892,-16.803979873657227,-8.642045021057129,82.07820129394531,1.7473313808441162,0,0,1.7473313808441162,0,1
3210,607926,-28.527734756469727,-11.746417999267578,-34.073001861572266,3.349478244781494,0,0,3.349478244781494,0,0
3211,901108,20.575666427612305,-48.502769470214844,-98.79730224609375,0.6532524824142456,1,0,0.6532524824142456,0,1
3212,829986,2.1633853912353516,-15.751052856445312,119.75016021728516,3.026752233505249,0,0,3.026752471923828,0,1
3213,208835,-10.243900299072266,4.977782726287842,225.9960174560547,2.8586952686309814,0,0,53.692195892333984,0,1
3214,540921,3.862262725830078,-25.55864143371582,-53.312294006347656,4.124023914337158,0,0,4.1240234375,0,1
3215,390990,-8.431355476379395,18.207544326782227,296.4627685546875,5.116734981536865,0,0,125.23939514160156,0,0
3216,822055,-1.2800474166870117,-15.009172439575195,151.51715087890625,0.7706491351127625,1,0,0.7706488370895386,0,1
3217,3141,57.81733703613281,28.2554988861084,-126.41716003417969,0.8175429701805115,1,0,61.52256393432617,0,1
3218,422092,-27.2291316986084,-24.48763656616211,-50.42679977416992,2.633403778076172,0,0,2.633403778076172,0,1
3219,795910,4.424779415130615,1.810943841934204,114.91366577148438,0.8221544623374939,1,0,0.8221542239189148,0,0
3220,380923,-13.425713539123535,11.247488021850586,292.3985595703125,0.7826840877532959,1,0,120.31901550292969,0,1
3221,870954,25.781124114990234,-32.60783004760742,-99.32484436035156,1.272428035736084,1,0,1.272428035736084,0,1
3222,82887,-0.5020754933357239,-0.8015190362930298,269.1304626464844,1.0167685747146606,1,0,95.65921783447266,0,1
3223,959940,24.82382583618164,-62.59926223754883,-99.53890991210938,0.7355654835700989,1,0,0.7355654835700989,0,0
3224,877919,24.112979888916016,-18.642948150634766,-91.00797271728516,1.1821411848068237,1,0,1.1821411848068237,0,1
3225,47082,1.0146090984344482,29.67214584350586,316.27752685546875,0.7734701633453369,1,0,146.0882110595703,0,2
3226,434110,-40.85307312011719,-11.897397994995117,-45.794708251953125,0.6506049036979675,1,0,0.6506049036979675,1,1
3227,623589,-2.051988363265991,-11.924738883972168,-23.18889808654785,0.5667818784713745,1,1,0.5667818784713745,0,0
3228,70606,3.229740619659424,13.144225120544434,370.7401123046875,1.1431466341018677,1,0,198.16624450683594,0,1
3229,824057,-10.578727722167969,-6.887014389038086,136.98959350585938,1.4940177202224731,1,0,1.4940177202224731,0,1
3230,666100,13.890902519226074,-7.256847381591797,-69.3418197631836,6.507102966308594,0,0,6.507102966308594,0,1
3231,141231,-11.634260177612305,21.584787368774414,321.30902099609375,2.213109016418457,0,0,150.2537078857422,0,1
3232,574379,-15.343303680419922,-11.816920280456543,77.81989288330078,1.8789458274841309,0,0,1.8789458274841309,0,2
3233,459023,14.262242317199707,-41.53030014038086,-82.45237731933594,2.165938377380371,0,0,2.165938377380371,0,2
3234,141390,-13.733182907104492,19.72428321838379,319.2342529296875,0.9294865131378174,1,0,147.97705078125,0,1
3235,213091,-6.1911940574646,-3.5498740673065186,228.63916015625,1.6813851594924927,0,0,55.20404815673828,0,0
3236,20670,40.07553482055664,0.8421987891197205,-128.59783935546875,0.8302315473556519,1,0,29.240779876708984,0,0
3237,31514,31.339563369750977,-17.997268676757812,-124.66293334960938,0.962439775466919,1,0,8.39223575592041,0,1
3238,516020,8.097945213317871,6.804555416107178,169.07347106933594,2.2266149520874023,0,0,2.2266151905059814,0,0
3239,932308,-81.59185791015625,2.5416882038116455,-124.52507019042969,0.6179625988006592,1,0,29.300886154174805,0,0
3240,777586,2.3258025646209717,15.980652809143066,55.344425201416016,3.270103693008423,0,0,3.270103693008423,0,1
3241,420491,-26.15972900390625,-18.207033157348633,-46.58956527709961,2.009406328201294,0,0,2.009406089782715,0,1
3242,394700,9.786002159118652,4.667262554168701,-45.58243942260742,0.8480265140533447,1,0,0.8480265140533447,0,1
3243,107485,7.2645263671875,14.834604263305664,261.32025146484375,3.7230923175811768,0,0,89.7703628540039,0,1
3244,783901,8.30828857421875,17.303285598754883,37.34669494628906,0.7558690905570984,1,0,0.7558690905570984,0,2
3245,103194,8.44705581665039,18.637184143066406,266.56707763671875,1.1560771465301514,1,0,95.35012817382812,0,1
3246,181518,-6.066107749938965,14.119598388671875,195.48606872558594,0.853985607624054,1,0,24.382291793823242,0,0
3247,259428,-8.233294486999512,11.277081489562988,251.27792358398438,5.213308334350586,0,0,79.6180191040039,0,1
3248,741413,-31.9886417388916,-56.953826904296875,-85.67803955078125,0.7959766983985901,1,0,0.7959766983985901,1,1
3249,754915,-63.91487503051758,-14.309112548828125,-110.64617919921875,0.6693094372749329,1,0,1.237206220626831,0,0
3250,952894,30.514942169189453,-72.68696594238281,-113.88026428222656,1.4171615839004517,1,0,1.4171615839004517,0,1
3251,817049,-4.6183695793151855,-0.00803545955568552,139.4396514892578,5.042133808135986,0,0,5.042133808135986,0,1
3252,452719,-45.22207260131836,-47.85669708251953,-89.69013977050781,0.665800929069519,1,0,0.6658008694648743,0,1
3253,303247,-9.532973289489746,22.57589340209961,340.51165771484375,4.754032135009766,0,0,169.46502685546875,0,1
3254,292607,3.0556302070617676,7.545346260070801,331.4444885253906,0.829444944858551,1,0,158.48516845703125,0,1
3255,712918,-34.65727996826172,-43.782405853271484,-75.73441314697266,0.8292019963264465,1,0,0.8292019963264465,0,1
3256,921365,22.580907821655273,-48.67007827758789,-120.95299530029297,0.9529166221618652,1,0,0.9529165625572205,0,1
3257,711900,-37.52884292602539,-36.66382598876953,-78.4683837890625,0.6740137338638306,1,0,0.6740136742591858,0,1
3258,304134,-10.484312057495117,9.400297164916992,324.61187744140625,0.927304208278656,1,0,152.0525665283203,0,0
3259,476996,4.122202396392822,19.8670654296875,28.643495559692383,1.1244539022445679,1,0,1.1244539022445679,0,2
3260,204235,6.0673041343688965,13.975409507751465,218.00445556640625,1.8955992460250854,0,0,46.63758087158203,0,0
3261,199245,7.265594005584717,15.298359870910645,217.8101806640625,0.6565503478050232,1,0,46.553436279296875,0,0
3262,653390,-12.695902824401855,-3.7704432010650635,-11.99039077758789,0.821797251701355,1,0,0.8217971920967102,0,1
3263,316865,-5.661129951477051,26.97222328186035,334.75750732421875,4.810326099395752,0,0,164.24505615234375,0,1
3264,528453,12.707586288452148,-9.111272811889648,68.5382080078125,1.275524616241455,1,0,1.275524616241455,0,1
3265,452637,-41.0527458190918,-41.692501068115234,-90.37150573730469,0.8399473428726196,1,0,0.8399473428726196,0,1
3266,687333,-43.16387939453125,-44.51100540161133,-63.70428466796875,1.1991236209869385,1,0,1.1991236209869385,0,0
3267,150102,-7.173832893371582,-1.9888033866882324,191.37332153320312,4.9062113761901855,0,0,19.01589012145996,0,1
3268,525188,0.46191462874412537,-15.863048553466797,86.42222595214844,4.567355632781982,0,0,4.567355632781982,0,1
3269,686443,-38.68524932861328,-47.170101165771484,-66.34993743896484,1.4615604877471924,1,0,1.4615603685379028,0,1
3270,642737,9.947134971618652,17.29366683959961,3.064896583557129,0.7836397290229797,1,0,0.7836397886276245,0,1
3271,340420,9.994331359863281,18.18386459350586,284.5473937988281,0.9708011746406555,1,0,113.1312026977539,0,1
3272,300508,-7.4549560546875,12.741507530212402,339.58984375,3.839916706085205,0,0,167.334228515625,0,1
3273,4690,56.70994186401367,30.374881744384766,-126.79432678222656,2.146268844604492,0,0,63.00617218017578,0,1
3274,33656,31.531005859375,-19.13151741027832,-123.19318389892578,0.6092253923416138,1,0,7.366893768310547,0,1
3275,313567,-7.593322277069092,30.764892578125,335.6144104003906,0.8549334406852722,1,0,165.49925231933594,0,0
3276,631850,-0.31880924105644226,-17.14667510986328,-9.008604049682617,1.0398609638214111,1,0,1.0398609638214111,0,1
3277,130296,-3.2489013671875,4.856028079986572,307.6141662597656,1.8764957189559937,0,0,134.576171875,0,0
3278,941543,-94.75436401367188,10.059394836425781,-135.16323852539062,0.8179429769515991,1,0,47.34773254394531,0,0
3279,102397,9.898771286010742,13.130711555480957,296.0238037109375,1.5985972881317139,0,0,123.9290542602539,0,0
3280,38972,28.636445999145508,-28.470455169677734,-129.35601806640625,0.57194983959198,1,1,0.57194983959198,0,1
3281,793455,-0.8747245073318481,0.21106036007404327,113.70755004882812,0.6121779084205627,1,1,0.6121779680252075,0,0
3282,498359,3.068469285964966,10.452312469482422,172.265625,1.877026915550232,0,0,1.9939574003219604,0,1
3283,987648,-60.818050384521484,-118.14422607421875,-104.81625366210938,0.655017077922821,1,0,36.66624450683594,0,2
3284,589562,9.973429679870605,-24.70113182067871,-69.86210632324219,1.1416881084442139,1,0,1.1416882276535034,0,1
3285,36369,27.93038558959961,-23.335567474365234,-127.39205169677734,0.629863440990448,1,0,2.208909273147583,0,0
3286,338190,0.9827889800071716,18.754972457885742,278.7674560546875,6.287685394287109,0,0,107.72789764404297,0,0
3287,863309,9.791999816894531,-7.17222785949707,34.40651321411133,1.2303324937820435,1,0,1.230332612991333,0,1
3288,162913,-12.176993370056152,8.144304275512695,225.99832153320312,1.3065005540847778,1,0,54.026268005371094,0,1
3289,813304,9.899626731872559,-11.3705472946167,142.8385467529297,1.0969369411468506,1,0,1.0969369411468506,0,0
3290,250293,-10.412551879882812,8.039715766906738,239.4249267578125,2.959721326828003,0,0,67.37886810302734,0,0
3291,921256,17.9846134185791,-49.172523498535156,-124.87738800048828,0.6320293545722961,1,1,0.6320293545722961,0,1
3292,953180,32.63859558105469,-69.85665130615234,-110.50676727294922,0.5960256457328796,1,1,0.5960256457328796,0,1
3293,68729,-4.730098724365234,31.2015323638916,359.626953125,4.193435192108154,0,0,189.40838623046875,0,1
3294,676465,15.267142295837402,-3.591029405593872,-46.9463005065918,7.107991695404053,0,0,7.107991695404053,0,1
3295,836698,6.61730432510376,-17.31275749206543,104.88674926757812,1.8705236911773682,0,0,1.8705235719680786,0,0
3296,393221,-8.929285049438477,6.815306186676025,303.42901611328125,1.617810845375061,0,0,130.70616149902344,0,1
3297,575105,-13.735014915466309,-18.075105667114258,83.78031158447266,0.8818132281303406,1,0,0.8818131685256958,0,1
3298,148069,0.04777532443404198,-3.952064275741577,191.8628692626953,6.840696811676025,0,0,19.774404525756836,0,0
3299,164896,-10.162074089050293,13.958964347839355,227.92466735839844,1.1811127662658691,1,0,56.61027526855469,0,0
3300,275341,9.430602073669434,14.583759307861328,243.7873077392578,1.2716566324234009,1,0,72.24522399902344,0,1
3301,430856,-42.88311004638672,-16.7397518157959,-41.31438064575195,1.1483978033065796,1,0,1.1483978033065796,0,1
3302,804969,5.848417282104492,-5.949314594268799,121.36669158935547,7.847318172454834,0,0,7.847318172454834,0,0
3303,862039,7.845742225646973,1.0217009782791138,27.293392181396484,3.634631872177124,0,0,3.634631872177124,0,1
3304,391009,-10.012786865234375,7.288583755493164,299.35687255859375,1.4479724168777466,1,0,126.728515625,0,1
3305,943666,-97.43388366699219,13.040444374084473,-137.84890747070312,1.0800645351409912,1,0,52.154361724853516,0,0
3306,644082,-27.93319320678711,-19.99372673034668,-19.597373962402344,1.3797680139541626,1,0,1.3797680139541626,0,1
3307,704505,-28.636404037475586,-29.8865966796875,-53.245361328125,1.8977341651916504,0,0,1.8977341651916504,0,1
3308,316214,8.085319519042969,28.842973709106445,349.1970520019531,0.884958028793335,1,0,178.60372924804688,0,1
3309,257083,-11.677510261535645,3.955596446990967,254.99560546875,0.9300330281257629,1,0,82.30121612548828,0,0
3310,20804,45.06555938720703,0.5771303176879883,-128.83416748046875,0.5943471193313599,1,0,31.14082145690918,0,0
3311,847610,5.2889204025268555,-10.172687530517578,94.3442153930664,1.660979151725769,0,0,1.660979151725769,0,1
3312,164041,-4.58553409576416,11.105172157287598,223.15431213378906,6.623498916625977,0,0,51.89607238769531,0,0
3313,833226,7.5233235359191895,-8.48928165435791,112.70176696777344,4.974144458770752,0,0,4.974144458770752,0,1
3314,139439,-13.021489143371582,15.040589332580566,313.69921875,1.2231769561767578,1,0,141.91790771484375,1,1
3315,889986,22.472463607788086,-11.800466537475586,-82.66466522216797,2.190680742263794,0,0,2.190680742263794,0,0
3316,439002,-46.77145767211914,-28.085214614868164,-105.0216293334961,0.5989240407943726,1,1,0.5989241003990173,0,0
3317,424980,-40.613311767578125,-18.676101684570312,-41.65943145751953,2.9267497062683105,0,0,2.9267497062683105,0,1
3318,574874,-16.33814811706543,-6.2134480476379395,83.45516204833984,2.104177236557007,0,0,2.104177236557007,0,1
3319,478390,6.769222736358643,21.06317710876465,21.860212326049805,0.7507797479629517,1,0,0.7507797479629517,0,1
3320,974821,-0.47556546330451965,-108.70309448242188,-125.35858154296875,1.0978502035140991,1,0,47.3628044128418,0,2
3321,593694,8.060786247253418,-19.36385726928711,-72.47303771972656,2.5233957767486572,0,0,2.5233957767486572,0,2
3322,355117,-7.676479816436768,10.896147727966309,350.7857971191406,1.3339333534240723,1,0,178.19308471679688,0,2
3323,386995,-13.068300247192383,17.78837013244629,296.242431640625,0.9488661885261536,1,0,124.91557312011719,0,1
3324,402950,-8.68194580078125,-11.219231605529785,-32.58047103881836,0.7609224319458008,1,0,0.760922372341156,0,1
3325,715654,-40.8770866394043,-44.69139862060547,-79.70698547363281,1.642234206199646,0,0,1.642234206199646,0,0
3326,494907,-10.185248374938965,7.3490705490112305,0.12175298482179642,1.0922434329986572,1,0,1.0922435522079468,0,2
3327,115219,-6.783742904663086,21.668493270874023,254.30662536621094,0.6614853739738464,1,0,83.6816635131836,0,0
3328,147252,4.363546371459961,-8.13791275024414,202.816650390625,0.8833677172660828,1,0,28.89967918395996,0,0
3329,166014,-6.606993198394775,12.59911823272705,180.93222045898438,0.7917835116386414,1,0,9.76373291015625,0,1
3330,307214,-8.727591514587402,9.966693878173828,319.57904052734375,2.541706085205078,0,0,147.12705993652344,0,1
3331,520145,8.379343032836914,-4.3576202392578125,87.28789520263672,0.7996760606765747,1,0,0.7996760606765747,0,1
3332,840741,0.382641464471817,-19.799680709838867,98.97160339355469,0.784188449382782,1,0,0.784188449382782,0,1
3333,980291,-55.407169342041016,-96.6766128540039,-98.27098846435547,0.5813742876052856,1,0,13.742364883422852,0,2
3334,169555,-7.493282318115234,9.601250648498535,180.0326690673828,1.8939465284347534,0,0,8.676855087280273,0,1
3335,765243,-76.79728698730469,-1.6212416887283325,-126.56026458740234,0.6567308902740479,1,0,24.795888900756836,0,0
3336,293997,1.5055241584777832,9.04223346710205,336.0175476074219,2.05247163772583,0,0,163.2295379638672,0,0
3337,274260,6.962737560272217,10.239358901977539,233.0806427001953,4.742405414581299,0,0,61.294097900390625,0,0
3338,466478,21.44211769104004,-34.778663635253906,-89.6409683227539,5.509392738342285,0,0,5.509392738342285,0,1
3339,959641,24.3447322845459,-64.5963363647461,-101.68742370605469,1.8288575410842896,0,0,1.8288575410842896,0,0
3340,23422,38.64780807495117,-2.604015350341797,-124.60037994384766,0.684014618396759,1,0,25.38810920715332,0,0
3341,816503,6.037785053253174,-9.45112419128418,139.98509216308594,4.723312854766846,0,0,4.723312854766846,0,1
3342,758341,-70.47691345214844,-9.507667541503906,-121.48246765136719,0.6181434392929077,1,0,13.577518463134766,0,1
3343,77696,7.451437473297119,14.741911888122559,365.62451171875,0.8480107188224792,1,0,193.23638916015625,0,1
3344,459109,18.498199462890625,-33.848140716552734,-82.83223724365234,1.1346734762191772,1,0,1.1346734762191772,0,1
3345,454351,-42.994354248046875,-47.08662414550781,-91.37359619140625,1.709233045578003,0,0,1.709233045578003,0,1
3346,825341,-5.498981475830078,-14.6146879196167,139.5769500732422,1.187185287475586,1,0,1.187185287475586,0,2
3347,864727,-8.250714302062988,3.1501176357269287,41.28140640258789,6.809967041015625,0,0,6.809967041015625,0,2
3348,630243,5.580318450927734,-10.789434432983398,-2.969362497329712,2.7367122173309326,0,0,2.7367122173309326,0,3
3349,514358,11.914684295654297,4.20980978012085,172.02308654785156,0.583368182182312,1,1,0.5833678245544434,0,0
3350,890342,11.601536750793457,-21.32390594482422,-80.39952850341797,0.7933563590049744,1,0,0.7933563590049744,0,1
3351,275241,-1.3255113363265991,16.47522735595703,243.83384704589844,5.519283771514893,0,0,72.81856536865234,0,0
3352,382928,0.1116875410079956,13.89953899383545,284.4645690917969,11.37675666809082,0,0,113.20594024658203,0,0
3353,311349,-5.151359558105469,32.8740234375,340.72576904296875,0.6143362522125244,1,0,170.80169677734375,0,0
3354,730722,-44.39075469970703,-67.8128662109375,-101.7297592163086,0.6947653889656067,1,0,0.6947653889656067,0,1
3355,205124,0.8156065344810486,17.623811721801758,218.59835815429688,1.231947422027588,1,0,47.687374114990234,0,1
3356,317316,-1.4967635869979858,24.03591537475586,337.00830078125,8.660953521728516,0,0,166.2475128173828,0,0
3357,406952,-5.890278339385986,-6.318819046020508,-28.703062057495117,1.3451048135757446,1,0,1.3451048135757446,0,1
3358,493478,8.06263256072998,-3.3761253356933594,5.049893379211426,3.7398295402526855,0,0,3.7398295402526855,0,1
3359,63519,-9.558372497558594,33.96299362182617,365.877197265625,0.7533512711524963,1,0,195.943603515625,0,0
3360,20297,41.4731559753418,-0.9793186187744141,-127.62313079833984,2.7637808322906494,0,0,28.28912925720215,0,0
3361,381408,-12.47297191619873,19.550683975219727,286.66070556640625,0.6808040738105774,1,0,115.60470581054688,1,1
3362,634124,13.35816478729248,-7.026124954223633,-12.08206558227539,0.6792182326316833,1,0,0.6792182326316833,0,1
3363,252376,-11.758223533630371,15.3973388671875,245.57899475097656,0.6720013618469238,1,0,74.31680297851562,0,1
3364,561901,-14.508552551269531,-6.945204734802246,58.65270233154297,1.371989369392395,1,0,1.371989369392395,0,2
3365,368978,-11.691222190856934,17.575742721557617,360.1757507324219,1.9681724309921265,0,0,188.356689453125,0,1
3366,333427,-1.240068793296814,25.02782440185547,271.9364013671875,0.6400838494300842,1,0,101.53340148925781,0,1
3367,193994,11.777560234069824,8.726430892944336,213.7678985595703,0.5700274705886841,1,0,41.71225357055664,0,1
3368,454680,-42.123226165771484,-45.530303955078125,-92.25595092773438,2.9452414512634277,0,0,2.9452414512634277,0,1
3369,958480,25.593809127807617,-66.49724578857422,-101.40119934082031,0.7712854743003845,1,0,0.7712854743003845,0,0
3370,843565,-10.783799171447754,-14.68846321105957,100.70633697509766,1.9003736972808838,0,0,1.9003736972808838,0,0
3371,755051,-66.71733856201172,-16.162315368652344,-115.3881607055664,0.9188122153282166,1,0,4.281826972961426,0,0
3372,641895,11.59779167175293,16.038166046142578,4.497076988220215,0.8892818689346313,1,0,0.8892818689346313,0,1
3373,67027,3.805650234222412,24.839250564575195,363.3095397949219,6.801617622375488,0,0,192.29885864257812,0,1
3374,545347,5.299004554748535,-24.65645980834961,-34.69443893432617,2.0790109634399414,0,0,2.0790109634399414,0,1
3375,270021,9.273841857910156,1.0869026184082031,238.8127899169922,1.1590017080307007,1,0,65.69562530517578,0,1
3376,163442,-10.661880493164062,10.957865715026855,221.48373413085938,1.8578343391418457,0,0,49.881248474121094,0,1
3377,369248,-8.415345191955566,14.025792121887207,364.57855224609375,2.0551822185516357,0,0,192.27394104003906,0,2
3378,797335,3.3759191036224365,-0.8980255126953125,113.57083892822266,2.044516086578369,0,0,2.044516086578369,0,0
3379,688803,-46.522457122802734,-39.27140426635742,-60.262237548828125,1.2440211772918701,1,0,1.2440211772918701,0,0
3380,437667,-52.44265365600586,-30.078222274780273,-105.629150390625,1.7871087789535522,0,0,1.7871087789535522,0,1
3381,45414,-0.22359295189380646,25.741018295288086,308.0417785644531,3.6821651458740234,0,0,137.50125122070312,0,1
3382,424228,-37.026466369628906,-30.43831443786621,-42.44403839111328,1.0755683183670044,1,0,1.0755683183670044,0,0
3383,533164,-5.7277069091796875,-15.391684532165527,70.16905212402344,3.8363704681396484,0,0,3.8363704681396484,0,1
3384,484062,-0.1559341847896576,17.758241653442383,6.962634563446045,1.0486844778060913,1,0,1.0486844778060913,0,1
3385,788490,-11.545012474060059,-3.29618501663208,98.9809799194336,0.9781425595283508,1,0,0.9781426191329956,0,2
3386,137502,-10.523941993713379,14.062939643859863,312.6102600097656,3.162463426589966,0,0,140.72891235351562,0,1
3387,268335,-8.577901840209961,4.786991596221924,263.4800109863281,3.2547125816345215,0,0,90.84925079345703,0,0
3388,689405,-36.892574310302734,-43.50872802734375,-57.4777946472168,0.6673234105110168,1,0,0.6673234105110168,0,1
3389,938367,-91.2988510131836,7.331759929656982,-131.95208740234375,0.9696224927902222,1,0,41.95649337768555,0,1
3390,908923,12.307892799377441,-56.70707321166992,-110.76183319091797,0.6099712252616882,1,1,0.609971284866333,0,1
3391,349444,8.278643608093262,22.138896942138672,298.4871520996094,1.1571850776672363,1,0,127.46011352539062,0,1
3392,278695,2.2319560050964355,18.355525970458984,233.98916625976562,1.5960382223129272,0,0,63.04775619506836,0,1
3393,661173,-8.26878833770752,0.15502069890499115,-8.274832725524902,3.118072986602783,0,0,3.118072986602783,0,1
3394,365041,-11.140658378601074,14.293024063110352,368.1909484863281,0.8136553764343262,1,0,195.90750122070312,0,1
3395,624328,7.018167495727539,-13.729732513427734,-27.247066497802734,3.2593746185302734,0,0,3.2593746185302734,0,1
3396,746310,-50.371036529541016,-25.196136474609375,-106.72276306152344,0.7525190711021423,1,0,0.7525190711021423,0,1
3397,234973,1.3780099153518677,-10.92283821105957,187.62860107421875,0.648015558719635,1,0,13.518993377685547,0,1
3398,605757,-31.807445526123047,-14.296906471252441,-31.320505142211914,3.4015586376190186,0,0,3.4015586376190186,0,1
3399,910857,27.82950782775879,-31.432992935180664,-128.7615966796875,0.7702327370643616,1,0,0.7702327966690063,1,1
3400,965352,14.9883394241333,-91.2411880493164,-119.90203857421875,1.5341349840164185,0,0,23.451139450073242,0,1
3401,597416,20.787702560424805,-19.482776641845703,-55.12550735473633,3.3617002964019775,0,0,3.3617002964019775,0,1
3402,753612,-62.48240661621094,-20.734451293945312,-112.78301239013672,0.6129468679428101,1,1,0.6129468083381653,0,0
3403,759655,-67.13136291503906,-8.957985877990723,-117.47373962402344,0.7200362682342529,1,0,9.842022895812988,0,1
3404,186727,11.772868156433105,-1.4834647178649902,192.0731201171875,0.7531784176826477,1,0,18.959077835083008,0,1
3405,429129,-41.80228805541992,-17.008621215820312,-47.70997619628906,2.7925403118133545,0,0,2.7925403118133545,0,1
3406,347662,-1.4067349433898926,25.55876922607422,292.3946228027344,2.322255849838257,0,0,121.92972564697266,0,1
3407,494198,6.406209945678711,-5.65469217300415,7.896205902099609,3.740845203399658,0,0,3.740845203399658,0,1
3408,3683,56.868831634521484,26.41697120666504,-129.5006103515625,0.8949069380760193,1,0,59.55589294433594,0,1
3409,544404,2.266629219055176,-29.173063278198242,-51.003578186035156,0.6847504377365112,1,0,0.6847504377365112,0,1
3410,104615,11.530028343200684,7.277649879455566,261.8471984863281,0.6936388611793518,1,0,89.27598571777344,0,1
3411,110821,7.404565334320068,2.0160410404205322,264.6895446777344,0.916280210018158,1,0,91.51144409179688,0,1
3412,439137,-46.462432861328125,-30.438894271850586,-101.08010864257812,0.6204037070274353,1,1,0.6204037070274353,0,0
3413,97928,8.980616569519043,6.833950519561768,291.5025329589844,0.8077661395072937,1,0,118.68960571289062,0,1
3414,690127,-40.77320861816406,-43.52113342285156,-57.462974548339844,0.8439233303070068,1,0,0.8439233899116516,0,0
3415,804373,-3.717156410217285,3.4640743732452393,125.24482727050781,2.185426712036133,0,0,2.185426712036133,0,2
3416,819179,2.619058847427368,-14.624832153320312,149.47669982910156,1.0260964632034302,1,0,1.0260967016220093,0,1
3417,444824,-42.18989944458008,-37.15938186645508,-104.45623779296875,0.7482320070266724,1,0,0.7482320070266724,0,1
3418,146234,-4.24763822555542,-8.12325668334961,194.95050048828125,1.8933815956115723,0,0,21.254819869995117,0,0
3419,236050,3.6733484268188477,-7.210919380187988,182.3917236328125,3.717120409011841,0,0,9.468295097351074,0,1
3420,15890,48.29618835449219,9.534732818603516,-127.71129608154297,1.7713489532470703,0,0,40.61380386352539,0,1
3421,751457,-60.04347610473633,-18.00058364868164,-111.54782104492188,1.7429925203323364,0,0,1.7429925203323364,0,0
3422,869758,10.61147403717041,-3.081864833831787,45.37215805053711,2.816742420196533,0,0,2.816742420196533,0,1
3423,686126,-35.3828125,-46.523406982421875,-67.31703186035156,1.8639838695526123,0,0,1.8639838695526123,0,1
3424,91245,11.0061674118042,8.96641731262207,273.452392578125,0.8022261261940002,1,0,101.00543975830078,0,0
3425,296211,-5.500046730041504,6.184804916381836,329.7014465332031,0.5926617980003357,1,0,156.67323303222656,0,1
3426,711346,-45.6993293762207,-42.3381462097168,-74.2151870727539,2.673459053039551,0,0,2.673459053039551,0,0
3427,250185,-6.722372531890869,-3.5117619037628174,238.44737243652344,0.8267629742622375,1,0,64.9306869506836,0,1
3428,258950,-10.386601448059082,18.04490852355957,254.88584899902344,0.9566779136657715,1,0,83.8611068725586,0,1
3429,514453,9.514533996582031,7.922768592834473,171.4226837158203,0.7203775644302368,1,0,0.7203773856163025,0,1
3430,906554,18.52189064025879,-55.28133010864258,-106.5682601928711,0.6447510123252869,1,0,0.6447510123252869,0,0
3431,654527,-10.65294075012207,-15.099686622619629,-15.459342002868652,1.2361328601837158,1,0,1.2361328601837158,0,1
3432,354659,-9.700581550598145,11.821537017822266,349.6227722167969,1.0055652856826782,1,0,177.16616821289062,0,2
3433,551613,-6.048165798187256,-13.849729537963867,-59.084041595458984,0.725216269493103,1,0,0.725216269493103,0,2
3434,470559,12.163769721984863,-43.14674758911133,-94.97713470458984,2.1489474773406982,0,0,2.1489474773406982,0,1
3435,751503,-53.94905090332031,-30.414155960083008,-106.61283111572266,0.6328817009925842,1,1,0.6328817009925842,0,1
3436,45788,2.831885576248169,22.613862991333008,301.1470642089844,4.290297031402588,0,0,130.27728271484375,0,2
3437,703190,-42.67488479614258,-26.935518264770508,-62.03635787963867,3.989603281021118,0,0,3.989603281021118,0,1
3438,542726,0.008646533824503422,-26.76132583618164,-50.81364059448242,1.3232980966567993,1,0,1.3232980966567993,0,1
3439,564700,-10.638245582580566,-14.377145767211914,60.00996780395508,1.1137983798980713,1,0,1.1137983798980713,0,2
3440,216271,-10.02730941772461,-0.276879221200943,215.53887939453125,2.0561134815216064,0,0,42.65168762207031,0,0
3441,228853,-7.424361228942871,-2.59275484085083,173.6083221435547,4.898118495941162,0,0,4.953857898712158,0,1
3442,626393,2.448245048522949,-13.139496803283691,-18.676902770996094,0.8097599148750305,1,0,0.8097599148750305,0,0
3443,759094,-68.35301971435547,-7.443789482116699,-118.92997741699219,0.6276234984397888,1,0,12.22241497039795,0,1
3444,947709,-101.67713928222656,16.530500411987305,-139.8047332763672,0.6846270561218262,1,0,57.878543853759766,0,1
3445,733858,-37.47759246826172,-65.01992797851562,-94.21086883544922,0.5497545599937439,1,1,0.5497545599937439,0,1
3446,735624,-35.32327651977539,-62.2845458984375,-97.74623107910156,0.7326608896255493,1,0,0.7326609492301941,0,1
3447,456830,13.794987678527832,-38.35176086425781,-80.25519561767578,1.1425000429153442,1,0,1.1425000429153442,0,1
3448,670262,14.913809776306152,2.6782658100128174,-59.81658172607422,1.4948848485946655,1,0,1.4948848485946655,0,2
3449,378282,-12.65027904510498,17.15839195251465,279.44140625,0.8377307653427124,1,0,108.15507507324219,0,1
3450,423267,-36.293975830078125,-32.470821380615234,-46.22164535522461,1.8250716924667358,0,0,1.8250715732574463,0,0
3451,418766,-33.88383865356445,-24.337236404418945,-38.200782775878906,3.4075233936309814,0,0,3.4075233936309814,0,1
3452,728107,-51.41857147216797,-75.00690460205078,-97.64351654052734,1.499851107597351,1,0,1.499851107597351,0,1
3453,892638,18.463178634643555,-62.20888900756836,-101.00361633300781,1.2030307054519653,1,0,1.2030307054519653,0,1
3454,389101,-5.3080668449401855,2.451845169067383,296.0356750488281,0.6147850155830383,1,0,122.80253601074219,0,1
3455,762508,-73.44709014892578,-3.5389106273651123,-123.9416732788086,0.5845133662223816,1,0,20.243566513061523,0,1
3456,839655,6.030064582824707,-15.372458457946777,100.09468078613281,0.8187920451164246,1,0,0.8187921643257141,0,0
3457,902390,16.619661331176758,-47.69938659667969,-91.3747787475586,1.1078696250915527,1,0,1.1078696250915527,0,1
3458,392796,-10.617140769958496,19.180400848388672,299.6360778808594,2.8905673027038574,0,0,128.45565795898438,0,0
3459,487711,11.545467376708984,16.48089599609375,13.331640243530273,1.532060146331787,0,0,1.532060146331787,0,1
3460,61077,-13.84347915649414,19.10780906677246,366.12554931640625,0.676762044429779,1,0,194.45777893066406,0,1
3461,925536,14.648225784301758,-53.62187576293945,-118.29671478271484,0.6793633699417114,1,0,0.6793633699417114,0,1
3462,874805,23.541460037231445,-24.722393035888672,-95.31726837158203,1.7066079378128052,0,0,1.7066078186035156,0,1
3463,22407,39.63633728027344,-1.8079720735549927,-129.53892517089844,0.6957130432128906,1,0,26.687149047851562,0,0
3464,732477,-43.070274353027344,-67.0933609008789,-100.52938079833984,1.086581826210022,1,0,1.086581826210022,0,1
3465,792947,-5.919637680053711,-2.224966049194336,113.91415405273438,0.5152052044868469,1,1,0.5152056217193604,0,2
3466,670794,24.38089942932129,-6.414619445800781,-64.8541030883789,1.143919825553894,1,0,1.143919825553894,0,1
3467,858588,-14.779390335083008,2.453833818435669,40.589813232421875,1.2094084024429321,1,0,1.2094084024429321,0,1
3468,559963,-6.1741719245910645,-15.898179054260254,-28.711591720581055,0.5893274545669556,1,1,0.5893275141716003,0,0
3469,714358,-46.214935302734375,-45.942970275878906,-73.81102752685547,1.3360527753829956,1,0,1.3360527753829956,0,0
3470,47043,1.6743779182434082,30.085269927978516,319.0077209472656,0.7902507781982422,1,0,148.84141540527344,0,1
3471,476877,5.459278106689453,20.563390731811523,27.049667358398438,0.8711965680122375,1,0,0.8711965680122375,0,1
3472,826035,-3.084834575653076,-14.526869773864746,148.97438049316406,0.8547860980033875,1,0,0.8547857999801636,1,1
3473,411719,2.0630879402160645,4.390982151031494,-19.361480712890625,3.26021671295166,0,0,3.2602169513702393,0,1
3474,86088,2.7553117275238037,0.4447677731513977,277.2947998046875,0.604981541633606,1,0,103.88044738769531,0,0
3475,143578,-7.232337474822998,29.300323486328125,320.2274475097656,0.783255934715271,1,0,150.04391479492188,0,1
3476,189987,9.833169937133789,9.544397354125977,197.47903442382812,1.0551903247833252,1,0,25.668485641479492,0,0
3477,103565,9.41106128692627,13.579865455627441,269.5093688964844,2.2237582206726074,0,0,97.6801528930664,0,1
3478,151427,-12.947633743286133,3.815317153930664,197.66604614257812,0.8121733665466309,1,0,25.380327224731445,0,2
3479,33143,29.814407348632812,-19.98788070678711,-125.0478286743164,0.7687307596206665,1,0,5.957156658172607,0,1
3480,306057,-11.810365676879883,23.28639030456543,338.5945129394531,2.3381118774414062,0,0,167.6187744140625,0,1
3481,297759,-3.5240349769592285,8.723304748535156,339.3605651855469,1.9263304471969604,0,0,166.55670166015625,0,1
3482,852954,-0.817088782787323,-3.905527353286743,6.894174575805664,9.135030746459961,0,0,9.135030746459961,0,1
3483,698228,-46.20774841308594,-30.294889450073242,-55.067283630371094,1.4258701801300049,1,0,1.4258701801300049,0,1
3484,65045,-6.658658504486084,35.2465705871582,362.2309875488281,0.6524264812469482,1,0,192.4491729736328,0,1
3485,882997,19.2597599029541,-20.141813278198242,-90.83367919921875,1.4583489894866943,1,0,1.4583489894866943,0,1
3486,578564,-13.392797470092773,-7.720491886138916,87.20625305175781,5.211074352264404,0,0,5.211074352264404,0,2
3487,74935,7.341708183288574,30.685346603393555,366.7915344238281,1.164684772491455,1,0,196.30072021484375,0,1
3488,498172,2.852900266647339,11.177594184875488,173.11587524414062,1.4526268243789673,1,0,2.2389445304870605,0,1
3489,810721,12.867192268371582,-7.199075222015381,136.22708129882812,1.169691562652588,1,0,1.1696916818618774,0,1
3490,261465,-2.047647714614868,-2.8636343479156494,257.58001708984375,0.6968956589698792,1,0,83.9583740234375,1,1
3491,56935,7.353427886962891,19.32499885559082,324.8639221191406,3.721489667892456,0,0,153.36293029785156,0,1
3492,548565,12.991354942321777,-13.917740821838379,-36.74760437011719,6.0220842361450195,0,0,6.0220842361450195,0,0
3493,937104,-87.5878677368164,8.723766326904297,-131.36880493164062,1.4940677881240845,1,0,40.19300842285156,0,1
3494,500357,9.20967960357666,0.875379741191864,177.50189208984375,3.328782796859741,0,0,5.849740982055664,0,0
3495,816977,10.620984077453613,-1.8483335971832275,147.79103088378906,3.730674982070923,0,0,3.7306747436523438,0,1
3496,580070,-10.874526023864746,-15.736955642700195,90.10930633544922,4.460379123687744,0,0,4.460379123687744,0,1
3497,920885,23.417255401611328,-48.465030670166016,-124.9065933227539,0.9546173214912415,1,0,0.9546172618865967,0,1
3498,838547,7.665874481201172,-9.191183090209961,99.7175064086914,0.6234518885612488,1,1,0.6234516501426697,0,1
3499,534466,-3.5753042697906494,-16.079622268676758,66.99419403076172,3.420398473739624,0,0,3.420398473739624,0,0
3500,602612,-34.35191345214844,-8.864282608032227,-42.706092834472656,0.7308450937271118,1,0,0.7308450937271118,0,1
3501,37436,26.039886474609375,-28.206632614135742,-124.15238189697266,0.7662652134895325,1,0,0.7662652134895325,0,1
3502,676949,18.91583251953125,-9.68852424621582,-47.68125915527344,6.737204551696777,0,0,6.737204551696777,0,1
3503,674521,25.82750129699707,-12.736495971679688,-59.339820861816406,1.1037299633026123,1,0,1.1037299633026123,0,1
3504,763728,-79.99693298339844,-3.7821524143218994,-121.86824035644531,0.6413086652755737,1,0,23.186845779418945,0,0
3505,793315,-4.993014812469482,-3.875697135925293,110.08712005615234,2.2961525917053223,0,0,2.2961528301239014,0,1
3506,383296,-12.160102844238281,19.443456649780273,288.9322509765625,1.0581129789352417,1,0,117.84612274169922,0,1
3507,28697,34.93293380737305,-13.297686576843262,-127.16885375976562,2.3097901344299316,0,0,14.397587776184082,0,1
3508,485479,-4.918105125427246,13.52431583404541,21.01923179626465,2.8149209022521973,0,0,2.8149209022521973,0,1
3509,962825,9.083195686340332,-97.15791320800781,-121.1282958984375,1.5596355199813843,0,0,31.84945297241211,0,2
3510,951451,32.406646728515625,-73.48487854003906,-114.01599884033203,0.5924009084701538,1,1,0.5924009084701538,0,1
3511,830991,-4.205812454223633,-17.848642349243164,120.624267578125,1.1900776624679565,1,0,1.1900776624679565,0,1
3512,414468,-6.734040260314941,-5.022630214691162,-17.50693702697754,6.14012336730957,0,0,6.14012336730957,0,1
3513,388494,-12.53044319152832,18.28902244567871,296.11077880859375,1.303942322731018,1,0,124.84110260009766,0,1
3514,706107,-40.250797271728516,-36.58992385864258,-70.35437774658203,5.580854892730713,0,0,5.580854892730713,0,0
3515,433409,-36.144020080566406,-10.129205703735352,-46.507301330566406,0.6747834086418152,1,0,0.6747834086418152,0,1
3516,937861,-89.07483673095703,4.269895553588867,-131.51181030273438,0.7085191011428833,1,0,38.494388580322266,0,1
3517,647380,-18.464113235473633,-11.995144844055176,-12.99162769317627,0.7815138697624207,1,0,0.7815138697624207,0,0
3518,110844,8.767383575439453,1.8672988414764404,258.7481994628906,0.7159231901168823,1,0,85.5794906616211,0,1
3519,698942,-43.338626861572266,-33.24190139770508,-51.481170654296875,1.3983559608459473,1,0,1.3983559608459473,0,1
3520,175459,-11.881449699401855,2.4998106956481934,179.54010009765625,1.2335482835769653,1,0,7.280555725097656,0,1
3521,966305,21.247879028320312,-86.09947967529297,-118.5890884399414,0.6287276744842529,1,0,15.334230422973633,0,1
3522,149912,-8.218940734863281,-6.094008445739746,208.2509307861328,0.8649107217788696,1,0,34.65834426879883,0,1
3523,892416,20.12236785888672,-59.11427688598633,-100.22853088378906,0.6247788071632385,1,1,0.6247788071632385,0,1
3524,490411,7.7373762130737305,16.105756759643555,5.839372158050537,2.5344698429107666,0,0,2.5344698429107666,0,1
3525,115810,4.663863658905029,3.6705379486083984,259.02301025390625,4.134104251861572,0,0,86.20648956298828,0,0
3526,534056,2.238539218902588,-10.03109073638916,61.521392822265625,6.431650638580322,0,0,6.431650638580322,0,2
3527,663554,-10.170841217041016,-6.864401340484619,3.0252113342285156,2.4366912841796875,0,0,2.4366912841796875,0,1
3528,864016,1.4829356670379639,-14.283504486083984,44.26014709472656,1.2799683809280396,1,0,1.2799683809280396,0,2
3529,384809,-13.745407104492188,15.601158142089844,295.7250061035156,0.7059838771820068,1,0,124.14506530761719,0,1
3530,182102,-8.559629440307617,7.527605056762695,191.4506072998047,3.1975488662719727,0,0,19.862041473388672,0,1
3531,513948,4.7371320724487305,9.405165672302246,167.20980834960938,2.335145950317383,0,0,2.3351457118988037,0,0
3532,99976,10.516676902770996,9.882805824279785,291.8656311035156,0.7662800550460815,1,0,119.39994049072266,0,1
3533,237588,-1.9305229187011719,-9.70780086517334,191.82041931152344,1.323241114616394,1,0,17.890592575073242,0,1
3534,684660,-36.181671142578125,-49.22987365722656,-69.37222290039062,0.6583076119422913,1,0,0.6583076119422913,0,1
3535,142081,-12.936063766479492,21.895610809326172,320.01763916015625,1.0692331790924072,1,0,149.00784301757812,0,1
3536,102877,9.974039077758789,17.687255859375,265.2542724609375,0.7652057409286499,1,0,93.91559600830078,0,0
3537,716302,-46.420066833496094,-42.82356643676758,-81.44816589355469,0.8418088555335999,1,0,0.8418088555335999,0,0
3538,220475,10.12963581085205,6.751903057098389,226.49879455566406,2.007377862930298,0,0,54.16724395751953,0,1
3539,726996,-50.92209243774414,-80.19586944580078,-97.71216583251953,1.5048038959503174,0,0,1.504804015159607,0,1
3540,263434,0.6084058880805969,-2.862370014190674,253.33868408203125,0.6691980361938477,1,0,79.72284698486328,0,1
3541,110226,8.763442039489746,5.980301856994629,264.424072265625,2.1520750522613525,0,0,91.7297134399414,0,1
3542,88829,-8.985837936401367,3.434469223022461,272.8373718261719,1.64155912399292,0,0,99.9327392578125,0,1
3543,315148,2.405292510986328,29.3524227142334,346.5387878417969,3.1680803298950195,0,0,176.10813903808594,0,0
3544,653732,-8.361995697021484,-15.60701847076416,-15.93087387084961,0.5820284485816956,1,1,0.5820284485816956,0,1
3545,927979,13.753591537475586,-55.887516021728516,-116.56034851074219,0.701870322227478,1,0,0.701870322227478,0,1
3546,723931,-44.701377868652344,-48.79956817626953,-84.9812240600586,0.9075042605400085,1,0,0.9075042605400085,0,0
3547,223598,10.955799102783203,9.239533424377441,226.61050415039062,1.1133025884628296,1,0,54.540035247802734,0,1
3548,585563,13.049752235412598,-25.868993759155273,-72.2574691772461,0.7412174940109253,1,0,0.7412174940109253,0,1
3549,214969,-5.784051895141602,-7.015922546386719,214.8981170654297,0.6757289171218872,1,0,41.12336730957031,0,1
3550,648831,-16.31285858154297,-14.436914443969727,-12.547872543334961,0.7006552815437317,1,0,0.7006552815437317,0,1
3551,570539,-11.605081558227539,3.249037981033325,71.73529815673828,5.539006233215332,0,0,5.539006233215332,0,1
3552,6686,54.880149841308594,24.077497482299805,-125.5884017944336,0.8862745761871338,1,0,56.46807098388672,0,1
3553,662159,-6.263063430786133,-12.32801342010498,-3.249793529510498,1.5161079168319702,0,0,1.5161079168319702,0,2
3554,570978,-15.93387222290039,-0.5712231397628784,80.56355285644531,1.7132576704025269,0,0,1.7132577896118164,0,1
3555,897088,12.58304214477539,-51.034793853759766,-96.15827941894531,0.6585232019424438,1,0,0.6585232019424438,0,0
3556,828972,7.336223125457764,-16.72093963623047,115.96888732910156,1.119354486465454,1,0,1.119354486465454,0,1
3557,292724,9.484732627868652,14.955729484558105,329.7940673828125,1.4296554327011108,1,0,157.67478942871094,0,1
3558,548635,-2.3904247283935547,-8.749988555908203,-53.30645751953125,5.409948825836182,0,0,5.409948825836182,0,1
3559,843677,-4.008894920349121,-21.660396575927734,93.14210510253906,0.9685854315757751,1,0,0.9685854315757751,0,0
3560,841736,-13.941000938415527,-16.2596492767334,97.37371826171875,0.9188241362571716,1,0,0.9188241362571716,0,0
3561,215565,-9.328622817993164,-1.4348950386047363,217.16220092773438,1.9601178169250488,0,0,44.1135368347168,0,0
3562,707025,-41.01498794555664,-36.68050003051758,-73.14009094238281,4.6481709480285645,0,0,4.6481709480285645,0,1
3563,417847,-33.70759963989258,-20.071943283081055,-39.21693420410156,7.101719856262207,0,0,7.101719856262207,0,1
3564,482063,-2.2557430267333984,17.48760414123535,15.260964393615723,1.041838526725769,1,0,1.041838526725769,0,1
3565,495233,-1.966591477394104,11.439933776855469,-5.720744609832764,2.4480478763580322,0,0,2.4480478763580322,0,1
3566,243236,-3.4281094074249268,-12.834234237670898,164.52508544921875,1.014981746673584,1,0,1.0149818658828735,0,1
3567,411270,5.084400653839111,10.317174911499023,-17.756118774414062,0.9312590956687927,1,0,0.9312590956687927,1,1
3568,203357,6.137202262878418,15.366034507751465,218.90890502929688,1.0073076486587524,1,0,47.669925689697266,0,0
3569,375155,-11.812995910644531,17.209667205810547,272.03607177734375,1.2636910676956177,1,0,100.80427551269531,0,1
3570,151365,-4.56600284576416,-6.74558162689209,201.61422729492188,2.3296408653259277,0,0,28.043737411499023,0,1
3571,317132,5.0062127113342285,28.759357452392578,348.6617431640625,2.5566749572753906,0,0,178.10890197753906,0,1
3572,665136,21.654844284057617,-5.270358085632324,-76.24952697753906,0.9658350944519043,1,0,0.9658350944519043,0,1
3573,951923,31.237272262573242,-69.04103088378906,-112.48479461669922,0.6192890405654907,1,1,0.6192890405654907,0,1
3574,788022,-0.34762001037597656,-0.5408415198326111,97.882568359375,0.8768532276153564,1,0,0.8768534064292908,0,0
3575,608791,-19.313425064086914,-26.602584838867188,-27.53847312927246,1.0920541286468506,1,0,1.092054009437561,0,1
3576,298614,-4.763355731964111,18.18389129638672,329.0303039550781,9.383564949035645,0,0,157.7108154296875,0,0
3577,311018,-8.208457946777344,31.625696182250977,341.08929443359375,0.7181712985038757,1,0,171.04258728027344,0,0
3578,268397,-0.3597724139690399,-0.2579171657562256,260.870361328125,2.29012131690979,0,0,87.54852294921875,0,1
3579,816823,2.0549614429473877,-16.92222023010254,136.84921264648438,1.0145199298858643,1,0,1.0145200490951538,0,1
3580,837859,6.454503536224365,-16.44820213317871,100.75211334228516,0.6486492156982422,1,0,0.6486489772796631,0,0
3581,156642,-7.84790563583374,7.730742454528809,199.1592559814453,4.248337268829346,0,0,27.60329818725586,0,1
3582,951388,32.602989196777344,-73.32243347167969,-113.47904968261719,0.5968157052993774,1,1,0.596815824508667,0,1
3583,321539,2.35908579826355,27.702301025390625,330.6936950683594,3.0178537368774414,0,0,160.18148803710938,0,1
3584,740581,-29.94712257385254,-55.64952087402344,-91.06885528564453,0.6985602378845215,1,0,0.6985602974891663,0,1
3585,823109,-4.520629405975342,-13.068411827087402,141.2572784423828,2.3316612243652344,0,0,2.3316612243652344,0,2
3586,417340,-27.775503158569336,-19.20089340209961,-44.27755355834961,4.868712425231934,0,0,4.868712425231934,0,0
3587,36701,30.863265991210938,-26.348989486694336,-122.99258422851562,0.43339449167251587,1,1,0.5558004975318909,0,0
3588,891672,17.49386978149414,-64.05413055419922,-97.99098205566406,0.7116155624389648,1,0,0.7116156220436096,0,1
3589,444086,-46.92229080200195,-30.484704971313477,-104.94489288330078,1.8048752546310425,0,0,1.8048752546310425,0,0
3590,71889,-3.6906180381774902,35.063987731933594,363.80078125,1.440660834312439,1,0,193.96141052246094,0,0
3591,9166,52.82316589355469,19.7315673828125,-129.75759887695312,1.113297462463379,1,0,51.79812240600586,0,0
3592,578688,-9.437723159790039,-1.4741119146347046,94.62547302246094,2.5998032093048096,0,0,2.5998032093048096,0,1
3593,42967,-5.967377185821533,26.508596420288086,308.30072021484375,2.2344141006469727,0,0,137.87437438964844,0,1
3594,612074,-16.76880645751953,-23.649301528930664,-31.522266387939453,0.8480762839317322,1,0,0.8480762839317322,0,1
3595,512142,3.3454978466033936,12.188299179077148,169.45188903808594,0.6714911460876465,1,0,0.6714909672737122,0,1
3596,843766,0.27757230401039124,-17.86097526550293,100.7470474243164,2.703805923461914,0,0,2.703805923461914,0,1
3597,925437,15.722789764404297,-53.84357833862305,-121.09298706054688,0.7108480930328369,1,0,0.7108480930328369,0,1
3598,529166,12.983808517456055,1.0602264404296875,67.98995208740234,1.1698999404907227,1,0,1.1698999404907227,0,3
3599,45261,0.09404513984918594,30.14759063720703,315.20672607421875,0.7150761485099792,1,0,145.09014892578125,0,2
3600,119252,-6.283411979675293,21.028274536132812,255.73634338378906,1.2296781539916992,1,0,85.02587127685547,0,0
3601,446076,-45.325599670410156,-38.928001403808594,-102.49736022949219,1.7725485563278198,0,0,1.7725485563278198,0,1
3602,623799,-0.6932427287101746,-14.384842872619629,-24.086902618408203,0.6237148642539978,1,1,0.6237149238586426,0,1
3603,693385,-47.849517822265625,-31.85055923461914,-58.645999908447266,1.1513891220092773,1,0,1.1513891220092773,0,1
3604,515994,11.077780723571777,-1.4391120672225952,165.31736755371094,2.357166051864624,0,0,2.357166051864624,0,2
3605,509458,-4.299692630767822,-0.5573065876960754,156.02700805664062,7.290167331695557,0,0,7.290167331695557,0,1
3606,373159,-7.885060787200928,33.5495719909668,355.4106140136719,0.6031848788261414,1,0,185.4870147705078,0,1
3607,667252,19.3994197845459,-2.746023654937744,-72.54460144042969,0.8194612860679626,1,0,0.8194612860679626,0,1
3608,284410,-5.493723392486572,18.297243118286133,231.38864135742188,1.2623820304870605,1,0,60.524166107177734,0,1
3609,17684,43.6483154296875,7.729063510894775,-125.4559326171875,0.9864517450332642,1,0,36.89555358886719,0,1
3610,154065,-1.3107402324676514,0.5153489708900452,202.81024169921875,10.014655113220215,0,0,31.600975036621094,0,0
3611,631319,9.287161827087402,-7.044435024261475,-4.33139705657959,2.9433016777038574,0,0,2.9433016777038574,0,2
3612,854970,-3.2590556144714355,-9.855358123779297,17.914627075195312,2.1809632778167725,0,0,2.1809632778167725,0,1
3613,401171,-4.074000358581543,-0.45672720670700073,-32.77338790893555,2.1683783531188965,0,0,2.1683783531188965,0,1
3614,928670,13.22403335571289,-54.91740798950195,-114.93299102783203,0.7007591724395752,1,0,0.7007591128349304,0,1
3615,268983,-9.774682998657227,14.38280200958252,265.3819580078125,3.5975911617279053,0,0,93.90335845947266,0,1
3616,153421,2.0944161415100098,-5.292819023132324,205.17678833007812,3.4652044773101807,0,0,31.791790008544922,0,1
3617,798418,-2.2393698692321777,3.715822458267212,119.79920959472656,1.0140405893325806,1,0,1.014040470123291,0,0
3618,80300,-0.6071891784667969,34.14555358886719,347.4580993652344,0.593215823173523,1,0,177.59385681152344,0,0
3619,95845,10.016364097595215,7.501701354980469,290.0618591308594,0.6997227072715759,1,0,117.3285140991211,0,1
3620,371386,-9.73634147644043,30.453779220581055,345.7934875488281,0.9525530934333801,1,0,175.5883331298828,0,1
3621,408812,-4.565974235534668,-6.320293426513672,-26.474485397338867,1.1330032348632812,1,0,1.1330032348632812,0,0
3622,922898,15.834514617919922,-51.0858268737793,-121.14552307128906,0.6228123307228088,1,1,0.6228123307228088,0,0
3623,451816,-39.335960388183594,-41.25385284423828,-93.63618469238281,0.8164867162704468,1,0,0.8164867162704468,0,0
3624,977205,-52.93474578857422,-89.46293640136719,-96.80068969726562,0.6125232577323914,1,0,5.983094692230225,0,1
3625,278860,-3.766922950744629,18.673980712890625,245.49578857421875,3.0247585773468018,0,0,74.60822296142578,0,0
3626,896931,16.00417137145996,-53.45670700073242,-91.52288055419922,0.5655058026313782,1,1,0.5655058026313782,0,0
3627,488106,-13.213813781738281,7.791982173919678,17.16691017150879,0.9356576204299927,1,0,0.9356576204299927,0,1
3628,325019,9.14351749420166,21.703088760375977,333.1572570800781,1.8258486986160278,0,0,161.82640075683594,0,2
3629,206128,4.3293561935424805,12.247380256652832,221.6752166748047,4.592996120452881,0,0,50.26796340942383,0,0
3630,561149,-16.219743728637695,8.047572135925293,63.18641662597656,0.9815145134925842,1,0,0.9815145134925842,0,1
3631,719364,-42.88660430908203,-48.70161437988281,-76.62921905517578,2.139735698699951,0,0,2.139735698699951,0,0
3632,211818,3.4584574699401855,4.52183198928833,233.0694122314453,8.083700180053711,0,0,60.992061614990234,0,0
3633,474982,17.43303680419922,-38.10407638549805,-101.90118408203125,2.165043830871582,0,0,2.165043830871582,0,1
3634,619013,-12.969303131103516,-20.242578506469727,-29.094985961914062,1.232759952545166,1,0,1.232759952545166,0,1
3635,745436,-33.463741302490234,-51.164276123046875,-81.3927001953125,0.6721532344818115,1,0,0.672153115272522,0,1
3636,235275,1.1982135772705078,-11.737178802490234,174.77166748046875,1.2167942523956299,1,0,1.230119228363037,0,1
3637,571694,-13.281755447387695,-11.05327033996582,73.14470672607422,3.9708094596862793,0,0,3.9708092212677,0,1
3638,959818,23.333423614501953,-62.11270523071289,-101.34851837158203,1.1321338415145874,1,0,1.132133960723877,0,1
3639,903732,14.609251976013184,-52.593421936035156,-103.08944702148438,0.6746357083320618,1,0,0.6746357679367065,0,0
3640,669239,20.104700088500977,-3.3508150577545166,-63.900962829589844,2.3709542751312256,0,0,2.3709542751312256,0,1
3641,88436,10.805815696716309,8.143779754638672,270.1691589355469,0.932007372379303,1,0,97.64970397949219,0,1
3642,944972,-98.3843994140625,16.819551467895508,-137.31365966796875,0.8459266424179077,1,0,54.75546646118164,0,1
3643,707501,-37.86219024658203,-34.363868713378906,-76.24092864990234,1.1281790733337402,1,0,1.1281790733337402,0,1
3644,257134,-11.525744438171387,17.16739273071289,254.83590698242188,0.7882075309753418,1,0,83.71587371826172,0,1
3645,796914,3.1286327838897705,-5.605961799621582,109.9897232055664,5.254252910614014,0,0,5.254252910614014,0,1
3646,288537,-12.786263465881348,12.136414527893066,237.4995880126953,0.7120249271392822,1,0,65.91632843017578,0,0
3647,30388,34.98215103149414,-16.231971740722656,-125.98177337646484,2.5614101886749268,0,0,11.821828842163086,1,1
3648,837062,-6.147391319274902,-15.410735130310059,113.1239013671875,3.064012050628662,0,0,3.064012050628662,0,0
3649,765768,-77.56397247314453,-2.3143832683563232,-126.54608154296875,0.8551134467124939,1,0,24.860666275024414,0,0
3650,490952,-6.58024787902832,8.131669998168945,16.8931884765625,5.466572284698486,0,0,5.466572284698486,0,1
3651,931239,-78.16411590576172,0.8871954083442688,-124.5827865600586,0.9095495343208313,1,0,26.19489860534668,0,0
3652,956279,33.21402359008789,-65.99971008300781,-104.28241729736328,0.5626265406608582,1,1,0.5626265406608582,0,1
3653,200908,0.2725255787372589,15.3475923538208,203.0061798095703,1.7917817831039429,0,0,31.971031188964844,0,1
3654,544407,5.272482395172119,-29.568317413330078,-46.452484130859375,0.9346261024475098,1,0,0.9346261024475098,0,1
3655,547717,9.001678466796875,-22.090871810913086,-31.60177230834961,2.054109573364258,0,0,2.054109573364258,0,0
3656,750426,-58.43428421020508,-25.840721130371094,-106.66240692138672,0.5473375916481018,1,1,0.5473375916481018,0,1
3657,584893,24.257986068725586,-21.81993293762207,-68.36965942382812,0.8559255599975586,1,0,0.8559256196022034,0,1
3658,958664,26.473926544189453,-65.90744018554688,-100.2680435180664,0.6062436699867249,1,1,0.6062437295913696,0,0
3659,616299,-16.310251235961914,-20.41880226135254,-33.22585678100586,1.007875919342041,1,0,1.007875919342041,0,1
3660,336350,7.812239170074463,21.370975494384766,282.1690368652344,0.9112437963485718,1,0,111.17005920410156,0,0
3661,696636,-35.482234954833984,-38.393035888671875,-55.58217239379883,1.8431936502456665,0,0,1.8431936502456665,0,1
3662,869401,12.73563289642334,1.9866185188293457,42.11882781982422,1.2635223865509033,1,0,1.2635223865509033,0,1
3663,323509,7.189556121826172,26.279205322265625,354.6656494140625,2.88421893119812,0,0,183.75743103027344,0,1
3664,942815,-94.79351806640625,13.810824394226074,-134.24949645996094,0.7404118776321411,1,0,49.1727180480957,0,0
3665,364767,-5.5069475173950195,28.847217559814453,348.1128234863281,4.712603569030762,0,0,177.71871948242188,0,1
3666,508884,0.9457495808601379,-1.1959943771362305,155.50936889648438,11.273599624633789,0,0,11.273599624633789,0,2
3667,221055,4.201835632324219,-2.3634002208709717,239.295166015625,1.6195987462997437,0,0,65.81902313232422,0,1
3668,665211,16.48609161376953,-5.299692153930664,-77.19876861572266,0.8131828308105469,1,0,0.8131828308105469,0,1
3669,576031,-17.067461013793945,-10.647221565246582,84.17462158203125,1.3571332693099976,1,0,1.3571332693099976,0,1
3670,726229,-49.94590759277344,-76.99215698242188,-95.444091796875,0.580047070980072,1,1,0.580047070980072,0,1
3671,473313,25.488128662109375,-41.23261260986328,-100.8218002319336,0.9594361782073975,1,0,0.9594361782073975,1,1
3672,947461,-98.72785186767578,19.617630004882812,-138.61842346191406,0.6598139405250549,1,0,57.29447555541992,0,1
3673,775105,-1.5042212009429932,14.468591690063477,54.7896614074707,3.721580743789673,0,0,3.721580743789673,0,1
3674,775704,8.508397102355957,15.823183059692383,51.49082565307617,1.2121673822402954,1,0,1.2121673822402954,0,1
3675,835524,-2.2482190132141113,-12.111205101013184,109.62334442138672,8.5974702835083,0,0,8.5974702835083,0,0
3676,774080,-15.136487007141113,5.034860134124756,49.76237869262695,1.097697377204895,1,0,1.097697377204895,0,1
3677,964524,16.852441787719727,-90.29791259765625,-120.53266143798828,0.6165202856063843,1,0,21.645883560180664,0,1
3678,368199,-11.516024589538574,25.70755386352539,343.9010009765625,2.0734012126922607,0,0,173.1694793701172,0,0
3679,432654,-43.16533660888672,-17.22730827331543,-49.980655670166016,1.622685432434082,0,0,1.622685432434082,0,1
3680,431571,-42.98307800292969,-28.370315551757812,-53.49819564819336,3.8851256370544434,0,0,3.8851256370544434,0,0
3681,13163,49.64419174194336,13.428773880004883,-125.33201599121094,1.0825468301773071,1,0,44.60626983642578,0,1
3682,251147,-7.611222743988037,-0.31855881214141846,238.79257202148438,2.395158052444458,0,0,65.70468139648438,0,1
3683,176585,-12.759132385253906,3.6507318019866943,190.5768585205078,0.9566863775253296,1,0,18.31858253479004,1,1
3684,228036,-11.153214454650879,-4.5716776847839355,178.83648681640625,0.9988745450973511,1,0,5.701010227203369,0,1
3685,884198,18.22812271118164,-28.467226028442383,-87.43810272216797,1.2613143920898438,1,0,1.2613143920898438,0,0
3686,799211,10.708501815795898,-5.262495517730713,111.67030334472656,1.4647380113601685,1,0,1.4647377729415894,1,1
3687,264600,0.15586480498313904,-2.5439465045928955,257.57122802734375,0.7349236011505127,1,0,83.96730041503906,0,1
3688,826905,-1.6217166185379028,-13.797098159790039,154.1119384765625,1.35062575340271,1,0,1.3506258726119995,0,1
3689,622840,-2.203421115875244,-11.745697975158691,-24.22154998779297,0.8499824404716492,1,0,0.8499824404716492,0,0
3690,163731,-9.846957206726074,12.120379447937012,220.85113525390625,1.9540879726409912,0,0,49.38856887817383,0,1
3691,389588,-12.809412956237793,18.493885040283203,298.39697265625,1.0715579986572266,1,0,127.13609313964844,0,0
3692,349951,9.712125778198242,17.804367065429688,295.1839904785156,1.5724378824234009,0,0,123.65503692626953,0,1
3693,216671,2.9724292755126953,-2.1922969818115234,222.9365692138672,3.904893398284912,0,0,49.75080108642578,0,0
3694,443041,-43.684791564941406,-33.79090881347656,-98.92757415771484,0.638002872467041,1,0,0.638002872467041,0,1
3695,935191,-85.01385498046875,7.0870819091796875,-129.3205108642578,0.9572908878326416,1,0,36.562164306640625,0,1
3696,622304,-8.61987590789795,-12.836872100830078,-23.041683197021484,1.2506643533706665,1,0,1.2506643533706665,0,0
3697,807238,2.7685647010803223,4.841065883636475,127.58190155029297,2.957024335861206,0,0,2.957024097442627,0,0
3698,161670,-4.904485702514648,13.189382553100586,211.6228485107422,3.7343597412109375,0,0,40.442264556884766,0,1
3699,288831,-0.6788461208343506,22.318227767944336,248.79444885253906,0.7177846431732178,1,0,78.23067474365234,0,0
3700,633896,12.791085243225098,-0.03980431705713272,-8.699790000915527,2.066004514694214,0,0,2.066004514694214,0,1
3701,175860,-12.438849449157715,0.1443239450454712,173.29238891601562,0.7531557679176331,1,0,0.785157322883606,0,1
3702,835336,-6.769838333129883,-18.096981048583984,109.63835906982422,1.6060009002685547,0,0,1.6060009002685547,0,1
3703,301333,-12.17508316040039,12.593291282653809,341.2893371582031,0.7488639950752258,1,0,169.00648498535156,0,0
3704,92185,5.799469947814941,7.669250965118408,274.86773681640625,4.79141902923584,0,0,102.41512298583984,0,0
3705,806088,-3.5337069034576416,-4.054740905761719,126.32791137695312,7.457880973815918,0,0,7.457880973815918,0,2
3706,173951,-11.333754539489746,5.287642478942871,181.8351593017578,1.2344856262207031,1,0,9.873668670654297,0,2
3707,358788,-11.065932273864746,15.168987274169922,348.254150390625,2.048398971557617,0,0,176.22930908203125,0,1
3708,191987,10.918346405029297,7.226991653442383,206.3085479736328,1.2827798128128052,1,0,34.15529251098633,0,0
3709,196385,11.044031143188477,4.409572124481201,213.03536987304688,1.4096688032150269,1,0,40.494022369384766,0,0
3710,844634,-6.314496994018555,-9.407793998718262,100.25651550292969,7.275925159454346,0,0,7.275925159454346,0,1
3711,117966,-1.2127150297164917,16.775238037109375,250.09214782714844,5.963977813720703,0,0,79.08255004882812,0,1
3712,220898,6.946887493133545,-2.281538248062134,233.1366729736328,1.022437572479248,1,0,59.678890228271484,0,0
3713,671118,6.645867347717285,4.5303874015808105,-60.54911422729492,0.9622465372085571,1,0,0.9622465968132019,0,1
3714,646018,-23.110322952270508,-7.706966400146484,-18.019912719726562,1.0063797235488892,1,0,1.0063797235488892,0,0
3715,377170,-12.979604721069336,8.564091682434082,282.6545715332031,0.6624177694320679,1,0,110.3205337524414,0,0
3716,837240,3.9187803268432617,-17.699792861938477,104.91854858398438,3.111997604370117,0,0,3.111997365951538,0,1
3717,959647,25.438732147216797,-64.04740142822266,-101.41950225830078,2.22251558303833,0,0,2.22251558303833,0,0
3718,187509,9.824193954467773,2.093690872192383,191.5272216796875,2.6655664443969727,0,0,19.041744232177734,0,1
3719,167132,-5.889546871185303,11.545578956604004,178.34829711914062,1.2445052862167358,1,0,7.126469612121582,0,1
3720,54147,1.3120816946029663,22.522411346435547,326.345947265625,7.584193706512451,0,0,155.41424560546875,0,1
3721,709882,-42.01762771606445,-37.72232437133789,-76.74397277832031,2.654477119445801,0,0,2.654477119445801,0,1
3722,755557,-66.8669204711914,-15.493531227111816,-114.57571411132812,1.5310313701629639,0,0,4.524708271026611,0,0
3723,298324,-3.002147912979126,8.118850708007812,331.527587890625,2.213480234146118,0,0,158.70858764648438,0,1
3724,977389,-55.437767028808594,-88.33219146728516,-98.62962341308594,0.5935961008071899,1,0,5.987499713897705,0,1
3725,733318,-41.605159759521484,-65.27676391601562,-99.46820068359375,0.836796760559082,1,0,0.8367967009544373,0,1
3726,175634,-6.515894889831543,1.5009009838104248,177.51402282714844,6.320483684539795,0,0,8.025208473205566,0,0
3727,163582,-7.915277481079102,13.458207130432129,216.9876251220703,2.21250581741333,0,0,45.70918655395508,0,1
3728,427156,-38.842613220214844,-12.647289276123047,-42.618492126464844,1.8536938428878784,0,0,1.8536938428878784,0,1
3729,60917,-14.446144104003906,22.14069175720215,370.97454833984375,0.6712093353271484,1,0,199.64019775390625,0,1
3730,138351,-7.842071056365967,23.04192543029785,302.10498046875,3.181580066680908,0,0,131.3477325439453,0,0
3731,639196,1.889173984527588,13.711657524108887,-5.5943922996521,2.1019935607910156,0,0,2.1019935607910156,0,1
3732,467275,13.462651252746582,-46.74723815917969,-92.49365997314453,0.7321832180023193,1,0,0.7321832180023193,0,1
3733,384422,-7.9306416511535645,4.471835136413574,286.9731750488281,1.8348158597946167,0,0,114.08380889892578,0,0
3734,404885,-1.8413121700286865,3.616640329360962,-22.222429275512695,0.8682909607887268,1,0,0.8682909607887268,0,2
3735,300226,-8.243877410888672,9.657630920410156,339.5511779785156,1.2090901136398315,1,0,166.8949737548828,0,1
3736,157436,-10.339223861694336,5.376748561859131,201.34596252441406,2.638763189315796,0,0,29.309385299682617,0,1
3737,124024,2.3380346298217773,3.613623857498169,302.1180419921875,0.852412760257721,1,0,128.90756225585938,0,0
3738,402186,9.600632667541504,-3.1201350688934326,-25.143707275390625,1.150556206703186,1,0,1.150556206703186,0,2
3739,596903,22.603607177734375,-19.820669174194336,-49.69892883300781,1.2868582010269165,1,0,1.2868582010269165,1,1
3740,649533,-18.425445556640625,-6.7686872482299805,-15.999285697937012,0.9013596773147583,1,0,0.9013596773147583,0,0
3741,623766,-3.0540835857391357,-12.831408500671387,-24.398080825805664,0.6437491178512573,1,0,0.6437490582466125,0,0
3742,819278,0.8436834812164307,-17.230224609375,134.51699829101562,0.730458676815033,1,0,0.7304585576057434,0,1
3743,759147,-65.50309753417969,-12.575542449951172,-115.48829650878906,1.7613847255706787,0,0,5.919630527496338,0,1
3744,37857,27.145767211914062,-29.09286117553711,-123.92755126953125,1.34451425075531,1,0,1.34451425075531,0,1
3745,899752,16.210433959960938,-52.11110305786133,-91.99295043945312,1.160221815109253,1,0,1.160221815109253,0,0
3746,24382,38.99772262573242,-4.512364864349365,-129.9127960205078,0.6462799906730652,1,0,23.984987258911133,0,0
3747,528908,2.305206775665283,-14.066400527954102,75.67461395263672,4.176468849182129,0,0,4.176468849182129,0,1
3748,777640,3.844369649887085,18.20722198486328,51.498756408691406,1.6868220567703247,0,0,1.6868221759796143,0,1
3749,871785,26.796833038330078,-33.07383346557617,-96.17445373535156,2.172992706298828,0,0,2.172992706298828,0,1
3750,239604,9.145554542541504,-5.598752021789551,177.23362731933594,2.0516586303710938,0,0,4.232546806335449,0,1
3751,384154,-8.168883323669434,8.205531120300293,286.1916198730469,4.1898088455200195,0,0,113.8197021484375,0,0
3752,243269,-6.723674297332764,-6.735007286071777,162.02955627441406,3.598226547241211,0,0,3.598226547241211,0,1
3753,70929,6.680537700653076,19.421031951904297,362.12255859375,3.8417067527770996,0,0,190.36386108398438,0,1
3754,914568,22.10173797607422,-37.15020751953125,-123.60032653808594,0.6955661177635193,1,0,0.6955661177635193,0,0
3755,561603,-11.372010231018066,-11.938305854797363,53.1623420715332,1.0456900596618652,1,0,1.0456900596618652,0,1
3756,711988,-35.103294372558594,-45.434356689453125,-74.79331970214844,0.9449247717857361,1,0,0.9449247717857361,0,1
3757,420710,-32.14768600463867,-30.408103942871094,-48.17881393432617,3.2885897159576416,0,0,3.2885897159576416,0,0
3758,621071,-9.239839553833008,-7.131622791290283,-23.65871810913086,1.2964895963668823,1,0,1.2964895963668823,0,1
3759,136611,-10.580047607421875,9.574498176574707,316.6713562011719,1.3463529348373413,1,0,144.1939697265625,0,1
3760,283598,-5.13637113571167,18.20922088623047,232.62660217285156,1.6405402421951294,0,0,61.74589920043945,0,1
3761,9058,52.358612060546875,21.609615325927734,-125.2694320678711,1.084441900253296,1,0,53.15329360961914,0,0
3762,934920,-86.27798461914062,1.580165147781372,-127.8720932006836,0.574995219707489,1,0,33.32196807861328,0,0
3763,525365,10.723553657531738,3.668308734893799,76.64616394042969,1.4735629558563232,1,0,1.4735629558563232,1,1
3764,325311,7.342176914215088,16.194622039794922,344.7286071777344,2.988511800765991,0,0,172.69015502929688,0,1
3765,130175,9.924093246459961,11.90931224822998,309.8977966308594,1.0197272300720215,1,0,137.55072021484375,0,1
3766,353447,-6.745082855224609,9.20449161529541,351.333251953125,0.5548651218414307,1,0,178.52169799804688,0,1
3767,781696,1.005570888519287,19.259973526000977,40.33551025390625,1.6684428453445435,0,0,1.6684428453445435,0,0
3768,574294,-13.310317039489746,-12.22707748413086,75.87428283691406,3.0510904788970947,0,0,3.0510904788970947,0,2
3769,417204,-29.337905883789062,-29.371036529541016,-45.854312896728516,1.4550800323486328,1,0,1.4550801515579224,0,0
3770,865142,7.410034656524658,-1.9509336948394775,33.05795669555664,4.782426357269287,0,0,4.782426357269287,0,2
3771,197945,8.953474998474121,1.0297311544418335,210.2772216796875,3.095860004425049,0,0,37.480369567871094,0,0
3772,672561,-2.102369785308838,1.897414207458496,-51.597503662109375,1.2553129196166992,1,0,1.2553129196166992,0,1
3773,350654,10.19051456451416,17.667434692382812,298.0268859863281,1.2081687450408936,1,0,126.45166778564453,0,1
3774,843903,4.422026634216309,-15.418636322021484,97.2834243774414,1.0818783044815063,1,0,1.0818783044815063,0,1
3775,469242,15.051192283630371,-38.37077331542969,-94.17676544189453,6.897802352905273,0,0,6.897802352905273,0,1
3776,488520,12.10284423828125,11.624970436096191,12.952042579650879,1.9386098384857178,0,0,1.9386098384857178,0,1
3777,262891,0.42321333289146423,5.516228199005127,255.61373901367188,8.26789379119873,0,0,83.39386749267578,0,0
3778,125950,1.2625802755355835,4.464652061462402,308.22467041015625,1.2728763818740845,1,0,135.08448791503906,0,0
3779,241723,7.827451705932617,-6.6923017501831055,190.24383544921875,1.1934592723846436,1,0,16.588571548461914,0,1
3780,17390,43.44474792480469,6.381502151489258,-124.44245147705078,0.6813129782676697,1,0,35.55200958251953,0,1
3781,834742,-8.656118392944336,-14.043100357055664,115.9946060180664,1.5863527059555054,0,0,1.5863527059555054,0,1
3782,228537,-6.356330871582031,-10.901641845703125,178.159912109375,0.7661464214324951,1,0,4.194658279418945,0,1
3783,548946,-4.854033470153809,-10.485735893249512,-44.79546356201172,4.998113632202148,0,0,4.998113632202148,0,1
3784,498244,3.4119036197662354,11.278077125549316,174.2086944580078,1.2816541194915771,1,0,3.0459001064300537,0,1
3785,79285,10.387434005737305,25.6009464263916,369.355712890625,0.727740466594696,1,0,198.20848083496094,0,1
3786,193965,12.08706283569336,6.192263603210449,214.44598388671875,0.8618065714836121,1,0,42.082366943359375,0,1
3787,805801,11.160001754760742,-5.010792255401611,117.98815155029297,2.7142839431762695,0,0,2.7142839431762695,0,1
3788,916113,23.72593879699707,-37.26268768310547,-125.48284912109375,2.5924432277679443,0,0,2.5924432277679443,0,0
3789,268753,-10.561610221862793,14.705953598022461,263.72943115234375,2.659698009490967,0,0,92.27852630615234,0,1
3790,411050,-1.7697722911834717,-5.071597576141357,-23.127056121826172,3.4307212829589844,0,0,3.4307212829589844,0,1
3791,875007,29.824405670166016,-27.217458724975586,-85.6766128540039,0.6920986175537109,1,0,0.6920986175537109,0,1
3792,760279,-69.49421691894531,-7.506500720977783,-120.39714813232422,0.699478805065155,1,0,13.630545616149902,0,1
3793,831745,-0.5533162951469421,-19.006120681762695,112.494384765625,1.7939115762710571,0,0,1.7939115762710571,0,1
3794,799962,5.796149253845215,1.81736421585083,117.17876434326172,1.70016348361969,0,0,1.7001633644104004,0,0
3795,631807,2.7698726654052734,-7.918571472167969,-3.175412893295288,6.424774646759033,0,0,6.424774646759033,0,2
3796,887333,16.85598373413086,-30.237274169921875,-85.41039276123047,0.6049043536186218,1,1,0.6049043536186218,0,0
3797,655818,-13.563678741455078,-2.9787330627441406,-19.759483337402344,1.6839689016342163,0,0,1.6839689016342163,0,2
3798,316702,7.508299350738525,27.774600982666016,342.9216613769531,1.2310950756072998,1,0,172.25436401367188,0,1
3799,98628,7.006722450256348,6.056053161621094,291.88568115234375,1.4413055181503296,1,0,119.00147247314453,0,0
3800,327375,10.032029151916504,17.00385093688965,337.1772766113281,1.1122220754623413,1,0,165.24081420898438,0,1
3801,167588,-11.099139213562012,7.725827217102051,179.23336791992188,0.9098327159881592,1,0,7.526214122772217,0,1
3802,478709,10.335579872131348,19.854461669921875,21.453041076660156,0.6470834016799927,1,0,0.6470834016799927,0,1
3803,888643,24.338285446166992,-21.32530403137207,-83.00833129882812,6.965539455413818,0,0,6.965539455413818,0,1
3804,700453,-32.90432357788086,-35.56126022338867,-52.165164947509766,1.4252021312713623,1,0,1.4252021312713623,0,1
3805,246208,0.8387981057167053,-8.860241889953613,166.844970703125,4.413605690002441,0,0,4.4136061668396,0,1
3806,684519,20.62479591369629,-12.905428886413574,-36.54738998413086,0.8822870254516602,1,0,0.8822870254516602,0,0
3807,373955,-8.994332313537598,21.742948532104492,269.6410217285156,1.0441722869873047,1,0,98.93690490722656,0,1
3808,696006,-34.87004089355469,-38.49528121948242,-54.34880447387695,1.0046881437301636,1,0,1.0046881437301636,0,1
3809,255820,-10.352554321289062,14.084395408630371,245.2030792236328,2.149026870727539,0,0,73.8013687133789,0,1
3810,124335,3.5243489742279053,6.2604875564575195,299.9246520996094,2.697641611099243,0,0,127.06073760986328,0,0
3811,773322,-0.07926072925329208,14.78759479522705,59.79584884643555,2.8313260078430176,0,0,2.8313260078430176,0,1
3812,68010,2.2882282733917236,14.07160472869873,367.3778076171875,2.6670894622802734,0,0,194.9629669189453,0,1
3813,62700,-13.386281967163086,25.9207820892334,366.5536193847656,1.3899726867675781,1,0,195.69471740722656,0,0
3814,887496,27.99872589111328,-15.421425819396973,-83.81183624267578,1.4597532749176025,1,0,1.4597532749176025,0,1
3815,720736,-42.77010726928711,-42.87550354003906,-84.47750854492188,0.790706217288971,1,0,0.790706217288971,0,0
3816,487444,11.585772514343262,11.765433311462402,15.147750854492188,2.3779451847076416,0,0,2.3779451847076416,0,1
3817,327872,10.27116584777832,18.057445526123047,358.82476806640625,0.5367418527603149,1,0,186.85418701171875,0,1
3818,519558,0.9380302429199219,-2.8458497524261475,95.56269836425781,2.3080716133117676,0,0,2.3080713748931885,0,1
3819,655888,-3.796387195587158,-13.83554458618164,-19.20057487487793,0.6816242337226868,1,0,0.6816242337226868,0,0
3820,406283,7.730231761932373,-2.1298956871032715,-23.076229095458984,2.8498523235321045,0,0,2.8498525619506836,0,0
3821,427352,-30.047969818115234,-34.52284240722656,-51.87842559814453,0.9818233847618103,1,0,0.9818233847618103,0,0
3822,522524,5.382244110107422,-0.3118196427822113,86.95539855957031,2.082568407058716,0,0,2.082568407058716,0,1
3823,703757,-45.72172164916992,-24.00434112548828,-59.557960510253906,1.1851325035095215,1,0,1.1851325035095215,0,1
3824,14747,48.916175842285156,7.6793999671936035,-127.80628967285156,0.7246176600456238,1,0,39.17034149169922,0,1
3825,584065,19.373897552490234,-25.749170303344727,-71.82481384277344,0.8137434720993042,1,0,0.8137434720993042,0,1
3826,270094,7.493762969970703,0.024279875680804253,237.7969970703125,1.778917908668518,0,0,64.5915756225586,0,1
3827,303116,-8.940340042114258,16.61007308959961,324.7012939453125,5.0723652839660645,0,0,153.06948852539062,0,0
3828,624826,-0.3309750556945801,-13.067235946655273,-22.697649002075195,0.6572749018669128,1,0,0.6572749614715576,0,1
3829,889978,21.190990447998047,-13.520623207092285,-83.20783996582031,2.9618678092956543,0,0,2.9618678092956543,0,0
3830,215648,-6.192886829376221,-4.406650543212891,218.88198852539062,1.8840123414993286,0,0,45.429351806640625,0,1
3831,767533,-1.2898499965667725,3.679924249649048,81.0145263671875,5.085379600524902,0,0,5.085379600524902,0,2
3832,525400,6.139962196350098,2.832655668258667,81.01953887939453,2.85288143157959,0,0,2.85288143157959,0,1
3833,802264,-3.3645360469818115,5.896272659301758,128.20791625976562,1.1520678997039795,1,0,1.1520681381225586,0,1
3834,185603,-8.933104515075684,4.141685962677002,169.75979614257812,2.840571641921997,0,0,2.840571641921997,0,2
3835,672146,25.03788185119629,-9.36888599395752,-60.75962829589844,1.4241658449172974,1,0,1.4241658449172974,0,0
3836,498686,4.023887634277344,8.79168701171875,172.28311157226562,2.8490021228790283,0,0,2.955678939819336,0,1
3837,930538,16.033668518066406,-57.09785842895508,-113.37059783935547,1.6734530925750732,0,0,1.6734530925750732,0,1
3838,105411,4.009547710418701,18.537717819213867,266.4749755859375,3.7639129161834717,0,0,95.36126708984375,0,1
3839,805560,8.224023818969727,1.6487287282943726,123.0086441040039,3.4028592109680176,0,0,3.4028592109680176,0,0
3840,28416,33.54356384277344,-13.415816307067871,-127.26009368896484,1.3473628759384155,1,0,13.572897911071777,0,1
3841,209654,-10.430205345153809,1.2310293912887573,226.76895141601562,1.840074062347412,0,0,53.96758270263672,0,1
3842,445662,-44.82078552246094,-39.57228088378906,-103.6451416015625,0.9391946196556091,1,0,0.9391946792602539,0,1
3843,107780,0.07892949879169464,23.167892456054688,255.9483642578125,0.7251511216163635,1,0,85.42557525634766,0,0
3844,106576,9.384482383728027,16.406997680664062,258.6878662109375,1.1253541707992554,1,0,87.2542724609375,0,0
3845,438804,-51.06306457519531,-30.480876922607422,-103.92047119140625,2.283353805541992,0,0,2.283353805541992,0,1
3846,691728,-44.14495086669922,-40.613887786865234,-65.58842468261719,3.2916576862335205,0,0,3.2916576862335205,0,0
3847,413569,-1.8201138973236084,-6.591155529022217,-18.444599151611328,5.677971363067627,0,0,5.677971363067627,0,0
3848,218313,5.636439323425293,-1.7851186990737915,234.20652770996094,1.8443281650543213,0,0,60.83199691772461,0,1
3849,101684,11.081977844238281,13.490729331970215,295.517822265625,0.8084321618080139,1,0,123.45033264160156,0,0
3850,431999,-40.58112335205078,-14.390715599060059,-49.1479377746582,1.1924307346343994,1,0,1.1924307346343994,0,1
3851,323036,8.185258865356445,25.001569747924805,329.2998962402344,1.5258311033248901,0,0,158.39524841308594,0,1
3852,445092,-40.9711799621582,-36.341453552246094,-97.70333862304688,0.6438992619514465,1,0,0.6438992023468018,0,0
3853,928138,16.735246658325195,-52.66654586791992,-111.5197525024414,0.689808189868927,1,0,0.689808189868927,0,1
3854,332523,5.903244972229004,22.404129028320312,275.9475402832031,1.0426089763641357,1,0,105.13538360595703,0,1
3855,84741,-8.721925735473633,1.3844650983810425,270.2601623535156,0.8981147408485413,1,0,97.11820983886719,0,1
3856,293594,9.101724624633789,15.639795303344727,328.7223205566406,1.9091482162475586,0,0,156.7017822265625,0,0
3857,751165,-56.7550048828125,-27.108678817749023,-108.71879577636719,0.6435509324073792,1,0,0.6435509324073792,0,1
3858,268396,-0.8739405274391174,-0.2536192834377289,261.4096984863281,2.2818381786346436,0,0,88.08785247802734,0,1
3859,411915,-4.465768337249756,-7.001113414764404,-23.080842971801758,0.7959997653961182,1,0,0.7959997653961182,0,0
3860,136604,-10.34274673461914,9.551329612731934,315.1083068847656,1.617709755897522,0,0,142.6395263671875,0,1
3861,358268,-12.760588645935059,16.465709686279297,348.5863342285156,1.162645936012268,1,0,176.72146606445312,0,1
3862,865336,10.432452201843262,-1.3720139265060425,25.828201293945312,1.0669658184051514,1,0,1.0669658184051514,0,1
3863,811117,7.539919853210449,-16.348270416259766,129.0791473388672,1.0240274667739868,1,0,1.0240275859832764,0,1
3864,874296,28.371078491210938,-21.479007720947266,-90.96331787109375,0.8659307360649109,1,0,0.8659307360649109,0,1
3865,844963,2.0294976234436035,-19.896604537963867,90.35828399658203,0.7710167169570923,1,0,0.7710166573524475,0,0
3866,5719,55.26344680786133,28.007535934448242,-128.03504943847656,3.2133541107177734,0,0,60.3370361328125,0,1
3867,392439,0.5947359204292297,4.34473180770874,294.6497497558594,2.6322672367095947,0,0,121.62290954589844,0,1
3868,947242,-101.08554077148438,18.034772872924805,-138.74452209472656,0.7148464322090149,1,0,57.885498046875,0,1
3869,289475,-6.417729377746582,17.92104148864746,225.55487060546875,0.6962453722953796,1,0,54.687015533447266,0,1
3870,112999,11.116199493408203,6.226001262664795,252.79946899414062,0.8139010667800903,1,0,80.17349243164062,0,1
3871,334970,3.7108442783355713,15.744749069213867,271.80145263671875,6.637070178985596,0,0,100.46366882324219,0,1
3872,471534,10.179814338684082,-37.45969772338867,-95.08245086669922,2.2690813541412354,0,0,2.2690813541412354,0,1
3873,551643,-6.567633152008057,-19.364360809326172,-42.48646926879883,1.4594697952270508,1,0,1.4594697952270508,0,1
3874,519783,-0.014196234755218029,-2.240562915802002,99.06327056884766,1.4512146711349487,1,0,1.4512145519256592,0,0
3875,769411,-5.635286808013916,10.546690940856934,67.79443359375,3.2946949005126953,0,0,3.2946949005126953,0,1
3876,631311,9.783892631530762,-7.42115592956543,-9.65241527557373,3.372291326522827,0,0,3.372291326522827,0,1
3877,522301,8.400744438171387,-12.324694633483887,82.0198974609375,1.1477806568145752,1,0,1.1477806568145752,0,1
3878,761924,-74.3119888305664,-8.178791046142578,-122.7076644897461,0.7120769619941711,1,0,17.39444923400879,0,1
3879,13999,47.20880889892578,8.583561897277832,-124.13822174072266,0.5915818810462952,1,0,39.13970947265625,0,1
3880,305566,-10.660076141357422,10.130166053771973,325.7690124511719,1.0225378274917603,1,0,153.29144287109375,0,0
3881,625765,1.320518136024475,-11.763350486755371,-18.49220085144043,2.1241447925567627,0,0,2.1241447925567627,0,0
3882,136727,-8.131864547729492,21.555286407470703,301.7096862792969,3.9253580570220947,0,0,130.8018035888672,0,0
3883,314050,4.456113338470459,30.465852737426758,342.6382141113281,1.257332444190979,1,0,172.3223876953125,0,0
3884,506580,-6.967343807220459,9.050337791442871,163.42100524902344,0.9561884999275208,1,0,0.9561883211135864,0,1
3885,147075,-2.704864263534546,-8.21044635772705,198.4405059814453,1.8314954042434692,0,0,24.677583694458008,0,0
3886,397224,5.888120174407959,1.8681273460388184,-33.479488372802734,1.8729043006896973,0,0,1.8729043006896973,0,1
3887,394740,18.5151424407959,1.7388195991516113,-44.36335372924805,1.3049875497817993,1,0,1.3049875497817993,1,1
3888,198724,7.681210994720459,14.937928199768066,217.3758087158203,0.6882649660110474,1,0,46.07667541503906,0,0
3889,605282,-32.5832633972168,-22.473901748657227,-28.556549072265625,1.565324306488037,0,0,1.565324306488037,1,1
3890,737274,-31.029279708862305,-61.09929656982422,-89.4050064086914,0.595832347869873,1,1,0.595832347869873,0,1
3891,387726,-11.017534255981445,20.98655891418457,294.25555419921875,1.5997148752212524,0,0,123.30945587158203,0,1
3892,118311,9.080973625183105,9.827495574951172,250.68556213378906,2.762014627456665,0,0,78.57025909423828,0,1
3893,65855,3.006603479385376,24.44585418701172,365.2936096191406,7.64642333984375,0,0,194.26058959960938,0,1
3894,159466,-12.678217887878418,8.192728996276855,217.18295288085938,0.8748430609703064,1,0,45.2758674621582,0,2
3895,641709,-3.3553645610809326,13.46384048461914,-5.536390781402588,0.8563144207000732,1,0,0.8563144207000732,1,1
3896,407660,-6.889319896697998,-12.016867637634277,-34.7678108215332,2.096850872039795,0,0,2.096850872039795,0,1
3897,146784,-10.453364372253418,-4.659040451049805,195.30848693847656,0.9407382607460022,1,0,22.005456924438477,0,1
3898,982375,-55.69400405883789,-99.09049987792969,-101.57745361328125,0.837360143661499,1,0,16.712299346923828,0,1
3899,383302,-3.4379754066467285,8.239336013793945,284.0341491699219,7.5799102783203125,0,0,111.81694793701172,0,0
3900,614890,-12.777308464050293,-23.47015380859375,-26.047283172607422,0.8824151158332825,1,0,0.8824151158332825,0,1
3901,547634,5.599272727966309,-27.63138198852539,-37.04981994628906,1.2031245231628418,1,0,1.2031245231628418,0,1
3902,735264,-36.78169250488281,-61.430824279785156,-93.48402404785156,0.6836603879928589,1,0,0.6836603879928589,0,0
3903,169527,-10.944705963134766,6.66151762008667,176.6681365966797,0.8690953254699707,1,0,4.917261600494385,0,1
3904,385971,-8.66667366027832,14.606512069702148,291.1437683105469,5.279160022735596,0,0,119.54134368896484,0,1
3905,284057,1.3613274097442627,21.43813133239746,245.4132843017578,0.7668050527572632,1,0,74.74877166748047,0,0
3906,622767,-1.858280897140503,-14.879798889160156,-26.232133865356445,1.5233222246170044,0,0,1.5233222246170044,0,0
3907,321212,10.69847297668457,19.862436294555664,345.21649169921875,0.8249273300170898,1,0,173.554931640625,0,1
3908,123084,8.11974048614502,2.230375051498413,245.3963165283203,2.0463030338287354,0,0,72.40210723876953,0,1
3909,174461,0.6939393281936646,13.385112762451172,186.95864868164062,1.7491151094436646,0,0,15.84701919555664,0,0
3910,242834,-5.083804607391357,-12.573811531066895,160.13455200195312,1.0392285585403442,1,0,1.0392285585403442,0,1
3911,863741,-9.307416915893555,-2.473592758178711,37.773075103759766,5.139245510101318,0,0,5.139245510101318,0,3
3912,152004,-9.717326164245605,-0.9063360095024109,195.11474609375,2.655925750732422,0,0,22.40750503540039,0,1
3913,931716,-82.31523132324219,1.2903164625167847,-124.33131408691406,0.7478507161140442,1,0,28.914255142211914,0,0
3914,784181,-1.7873395681381226,20.170225143432617,31.76376724243164,1.1239557266235352,1,0,1.1239557266235352,0,1
3915,336442,-3.234604597091675,20.35114860534668,268.1443176269531,4.253403186798096,0,0,97.32105255126953,0,2
3916,187321,10.478317260742188,3.9939143657684326,189.92015075683594,2.0269088745117188,0,0,17.59054183959961,0,1
3917,628277,8.732784271240234,-4.231424808502197,-20.47177505493164,2.8909666538238525,0,0,2.8909666538238525,0,0
3918,678837,12.5213041305542,-5.974997043609619,-41.357784271240234,9.098355293273926,0,0,9.098355293273926,0,1
3919,173373,-7.063088417053223,3.3134117126464844,174.09878540039062,5.33845329284668,0,0,5.618319511413574,0,2
3920,235408,1.3588870763778687,-10.814176559448242,187.61373901367188,0.7022161483764648,1,0,13.52011489868164,0,1
3921,986121,-59.912540435791016,-111.85734558105469,-101.81745910644531,0.8656407594680786,1,0,29.95415687561035,0,2
3922,882825,13.549671173095703,-31.460552215576172,-90.10926055908203,2.6030712127685547,0,0,2.6030709743499756,0,2
3923,270488,11.57733154296875,6.014254093170166,241.8772735595703,0.8054742217063904,1,0,69.29964447021484,0,1
3924,795214,-7.825820446014404,-6.001072883605957,113.18864440917969,1.5128535032272339,0,0,1.5128535032272339,0,2
3925,800001,5.43080472946167,-1.1931402683258057,115.64778900146484,3.0429189205169678,0,0,3.0429189205169678,0,1
3926,117566,7.738317489624023,3.0792346000671387,257.2431335449219,1.9281466007232666,0,0,84.25940704345703,0,0
3927,253851,-12.319131851196289,13.985179901123047,249.31541442871094,1.052297830581665,1,0,77.86369323730469,0,1
3928,401077,-7.330408573150635,-4.249224662780762,-39.67341232299805,2.0739755630493164,0,0,2.0739755630493164,0,1
3929,779803,11.049910545349121,7.672282695770264,42.64836883544922,1.6553646326065063,0,0,1.6553646326065063,0,2
3930,949349,-102.05255889892578,23.2358341217041,-144.7166290283203,1.2847466468811035,1,0,64.58047485351562,0,1
3931,102532,11.003437995910645,15.95148754119873,269.6705017089844,0.778494119644165,1,0,98.08392333984375,0,0
3932,391221,-0.514163613319397,3.5617189407348633,292.2497253417969,2.4264941215515137,0,0,119.15258026123047,0,1
3933,661240,-11.215848922729492,-8.090108871459961,-0.3677108883857727,0.9077343940734863,1,0,0.9077344536781311,0,1
3934,939136,-87.71744537353516,7.675747394561768,-134.7453155517578,0.7479656934738159,1,0,41.29095458984375,0,1
3935,176329,-4.9386067390441895,14.236954689025879,191.30584716796875,0.7848708033561707,1,0,20.2354793548584,0,0
3936,99660,8.597966194152832,6.966286659240723,294.5345764160156,0.7761027216911316,1,0,121.71973419189453,0,0
3937,275288,-0.5374221801757812,16.068273544311523,240.3604736328125,5.4267802238464355,0,0,69.31661224365234,0,1
3938,723342,-38.4693603515625,-51.63185501098633,-82.4869613647461,1.3042914867401123,1,0,1.3042913675308228,0,0
3939,630357,8.684867858886719,-3.7060420513153076,-14.122404098510742,5.037809371948242,0,0,5.037809371948242,0,1
3940,140702,-13.185821533203125,18.614334106445312,317.9959716796875,1.3330328464508057,1,0,146.61212158203125,0,1
3941,207470,-11.850564002990723,7.114251136779785,233.75474548339844,1.697465419769287,0,0,61.6063117980957,0,1
3942,239857,8.621962547302246,-4.703309059143066,185.23606872558594,2.294990062713623,0,0,12.030497550964355,0,1
3943,28046,35.20865249633789,-11.864659309387207,-129.24501037597656,0.7357131242752075,1,0,15.703619956970215,0,1
3944,568077,-14.877877235412598,4.547084808349609,70.7796630859375,2.306366205215454,0,0,2.306366205215454,0,1
3945,574168,-2.37318754196167,4.13577127456665,86.56495666503906,2.377441883087158,0,0,2.377441883087158,0,1
3946,464190,17.742786407470703,-43.370513916015625,-83.74649810791016,3.0679121017456055,0,0,3.0679121017456055,0,1
3947,754050,-67.30593872070312,-16.708559036254883,-112.96009826660156,0.619861364364624,1,0,3.0531256198883057,0,0
3948,566998,-10.718628883361816,2.5137555599212646,65.73433685302734,7.462890625,0,0,7.462890625,0,1
3949,822529,-8.97059154510498,0.7195615172386169,137.48355102539062,1.3396143913269043,1,0,1.3396143913269043,1,1
3950,440956,-45.481834411621094,-35.94963836669922,-106.48797607421875,0.6228416562080383,1,1,0.6228416562080383,0,1
3951,353735,-8.445613861083984,10.62719440460205,347.5575866699219,1.12521231174469,1,0,174.96099853515625,0,1
3952,238357,8.83973503112793,-8.454111099243164,179.15377807617188,0.8044899106025696,1,0,5.329651355743408,0,0
3953,629035,5.0785417556762695,-9.417807579040527,-12.557123184204102,4.999328136444092,0,0,4.999328136444092,0,2
3954,229765,-6.666779518127441,-8.562827110290527,174.15744018554688,2.2437491416931152,0,0,2.2437491416931152,0,1
3955,762400,-75.60779571533203,-3.8922102451324463,-119.36404418945312,0.6888958811759949,1,0,19.133228302001953,0,0
3956,312426,-9.219673156738281,29.897342681884766,335.0262145996094,0.8927940726280212,1,0,164.82618713378906,0,1
3957,761711,-74.43999481201172,-8.97536849975586,-119.83793640136719,1.0806185007095337,1,0,15.59643268585205,0,1
3958,507024,-5.5317559242248535,6.240205764770508,156.99517822265625,2.069094181060791,0,0,2.069094181060791,0,1
3959,618954,-13.845232009887695,-13.064903259277344,-23.761411666870117,5.243949890136719,0,0,5.243949890136719,0,1
3960,76507,-2.3063125610351562,32.46204376220703,352.5837707519531,2.6411232948303223,0,0,182.5155487060547,0,1
3961,604760,-34.08003234863281,-15.06102466583252,-38.110774993896484,5.417506217956543,0,0,5.417506217956543,0,1
3962,346978,0.026919690892100334,24.24180030822754,292.48712158203125,3.2406868934631348,0,0,121.8728256225586,0,1
3963,221030,2.5604159832000732,-4.289337635040283,238.0201416015625,0.8706371188163757,1,0,64.32600402832031,0,1
3964,549987,7.362339019775391,-15.515149116516113,-33.5208625793457,7.265125751495361,0,0,7.265125751495361,0,1
3965,774530,-15.228300094604492,3.425929069519043,46.26942825317383,1.282995581626892,1,0,1.282995581626892,0,1
3966,373985,-13.46653938293457,12.922736167907715,270.75958251953125,0.8519520163536072,1,0,99.03622436523438,0,1
3967,731361,-46.87990951538086,-69.06624603271484,-100.9614028930664,1.2512555122375488,1,0,1.2512555122375488,0,0
3968,437732,-52.620025634765625,-26.379640579223633,-104.2572250366211,1.8492399454116821,0,0,1.8492399454116821,0,1
3969,878593,18.850561141967773,-23.521961212158203,-94.22946166992188,0.9554263949394226,1,0,0.9554263949394226,0,1
3970,342308,-0.828385055065155,21.94978141784668,284.28363037109375,4.811384677886963,0,0,113.51981353759766,0,1
3971,669683,6.086393356323242,2.7457785606384277,-64.1148910522461,0.9845263361930847,1,0,0.9845263361930847,0,1
3972,54852,10.851016998291016,19.578216552734375,319.3330993652344,0.823100745677948,1,0,147.82266235351562,0,0
3973,137520,-10.4913911819458,21.2166690826416,302.36688232421875,2.337557077407837,0,0,131.39703369140625,0,0
3974,5172,56.026268005371094,23.436017990112305,-129.0586700439453,0.751140832901001,1,0,56.48600769042969,0,1
3975,287386,-11.535703659057617,14.415604591369629,234.62969970703125,0.6884270906448364,1,0,63.3259391784668,0,0
3976,533705,12.305081367492676,0.3021376430988312,64.55331420898438,1.7716141939163208,0,0,1.7716141939163208,0,3
3977,960813,5.060743808746338,-100.25971984863281,-121.66024780273438,0.685608983039856,1,0,36.794189453125,0,2
3978,530202,13.084540367126465,2.1437723636627197,66.82393646240234,0.947998046875,1,0,0.9479981064796448,0,2
3979,968229,21.704986572265625,-82.91998291015625,-116.2352523803711,1.038366436958313,1,0,12.219049453735352,0,1
3980,345322,-8.841470718383789,23.051794052124023,284.0611572265625,1.0498113632202148,1,0,113.41051483154297,0,1
3981,845031,2.917919874191284,-15.632916450500488,99.67878723144531,2.7545037269592285,0,0,2.7545037269592285,0,1
3982,151812,-7.856481552124023,-5.4774861335754395,207.20965576171875,1.2890805006027222,1,0,33.7064323425293,0,1
3983,522338,6.983126163482666,-10.197360038757324,85.68141174316406,2.525146245956421,0,0,2.525146245956421,0,1
3984,37353,27.63126564025879,-27.837263107299805,-123.73284149169922,1.134602427482605,1,0,1.134602427482605,0,1
3985,293746,0.018777934834361076,5.792286396026611,327.8634033203125,0.8183263540267944,1,0,154.74880981445312,0,1
3986,711099,-37.669281005859375,-43.331302642822266,-75.28792572021484,3.1730825901031494,0,0,3.1730825901031494,0,1
3987,661851,-10.046443939208984,-9.002717971801758,-0.9811203479766846,0.9253266453742981,1,0,0.9253266453742981,0,1
3988,809933,11.752737045288086,-9.873295783996582,121.48129272460938,1.4527686834335327,1,0,1.4527688026428223,0,0
3989,592985,9.427718162536621,-16.37344741821289,-77.87751007080078,1.03311026096344,1,0,1.03311026096344,0,1
3990,153274,-10.651789665222168,-0.7116416096687317,199.37998962402344,1.849979281425476,0,0,26.570873260498047,0,1
3991,702070,-34.27944564819336,-25.07036590576172,-58.090396881103516,1.9895464181900024,0,0,1.9895464181900024,0,0
3992,882298,13.12170124053955,-28.80600929260254,-90.8388442993164,1.0288525819778442,1,0,1.0288525819778442,0,2
3993,622123,-8.645509719848633,-14.639190673828125,-21.421293258666992,1.7210688591003418,0,0,1.7210688591003418,0,0
3994,850366,-13.374723434448242,-1.0112310647964478,12.004209518432617,1.4890077114105225,1,0,1.4890077114105225,0,0
3995,832150,3.1016008853912354,-18.324562072753906,109.87446594238281,1.9664077758789062,0,0,1.9664077758789062,0,2
3996,9635,47.61144256591797,18.520828247070312,-126.14400482177734,0.6391547918319702,1,0,48.3527946472168,0,0
3997,655958,-7.917851448059082,-14.635699272155762,-17.49622917175293,1.4401518106460571,1,0,1.4401519298553467,0,0
3998,582429,26.178543090820312,-25.489124298095703,-76.32794189453125,2.028778314590454,0,0,2.028778314590454,0,1
3999,295004,0.06321170926094055,11.26784610748291,340.63458251953125,3.946307420730591,0,0,168.12730407714844,0,1
4000,313147,0.26169198751449585,32.71648025512695,338.5980529785156,0.7081540822982788,1,0,168.61830139160156,0,0
4001,219985,4.769513130187988,-3.325627565383911,230.31658935546875,1.4452377557754517,1,0,56.78626251220703,0,0
4002,799539,-9.056228637695312,-7.403848171234131,121.66661071777344,1.6099412441253662,0,0,1.6099411249160767,0,1
4003,486447,-12.426247596740723,9.855652809143066,27.92463493347168,1.476820945739746,1,0,1.476820945739746,0,1
4004,257275,-7.414369106292725,0.7272553443908691,251.7938995361328,2.2904114723205566,0,0,78.7225341796875,0,0
4005,734406,-37.61745071411133,-62.093467712402344,-98.23091125488281,0.6567398309707642,1,0,0.6567398309707642,0,1
4006,899160,14.786544799804688,-50.01476287841797,-91.5219497680664,0.5892559885978699,1,1,0.5892559885978699,0,0
4007,667861,23.998197555541992,-6.327713489532471,-71.01386260986328,1.3392353057861328,1,0,1.3392353057861328,0,1
4008,30798,36.57911682128906,-17.55373191833496,-127.75965881347656,0.7612918019294739,1,0,11.107149124145508,0,1
4009,640177,11.127994537353516,13.516860961914062,3.006420612335205,2.1232855319976807,0,0,2.1232855319976807,0,1
4010,34158,29.95609474182129,-22.29266929626465,-127.38700103759766,1.5329499244689941,0,0,4.225263595581055,0,0
4011,699480,-43.6972770690918,-25.581674575805664,-66.33274841308594,0.758877158164978,1,0,0.758877158164978,0,1
4012,847887,-8.922168731689453,-14.780916213989258,96.28180694580078,5.19530725479126,0,0,5.19530725479126,0,0
4013,232649,-0.11089266836643219,-7.8369317054748535,174.9609832763672,5.033914089202881,0,0,5.1709442138671875,0,0
4014,157059,-6.09633207321167,9.48365306854248,199.665771484375,4.5962138175964355,0,0,28.344018936157227,0,1
4015,819810,7.927535533905029,-9.05047607421875,148.07994079589844,2.975219249725342,0,0,2.975219249725342,0,0
4016,392377,-7.2437663078308105,11.052586555480957,299.8345031738281,5.727201461791992,0,0,127.7466812133789,0,0
4017,292776,3.8611950874328613,11.03292465209961,339.81146240234375,2.315258264541626,0,0,167.21434020996094,0,1
4018,239363,2.5015511512756348,-7.534013271331787,189.3051300048828,3.1193830966949463,0,0,15.874481201171875,0,1
4019,847124,-8.394225120544434,-13.188517570495605,96.86892700195312,5.842944622039795,0,0,5.842944622039795,0,0
4020,306279,-10.118660926818848,11.048639297485352,329.85699462890625,1.6386984586715698,0,0,157.45953369140625,0,0
4021,720352,-41.9592399597168,-47.7683219909668,-81.10636901855469,1.0514686107635498,1,0,1.0514686107635498,0,0
4022,125532,1.6406131982803345,5.358990669250488,302.6669006347656,2.3409154415130615,0,0,129.6868438720703,0,0
4023,619627,-7.617748737335205,-16.93648338317871,-20.63850212097168,0.6854009032249451,1,0,0.6854009628295898,0,1
4024,255155,-4.903331756591797,1.035595178604126,245.0451202392578,4.488774299621582,0,0,72.14602661132812,0,1
4025,217811,-6.996886253356934,-3.9703283309936523,215.8728485107422,2.120906352996826,0,0,42.51139831542969,0,1
4026,290823,10.488241195678711,14.038409233093262,330.0167541503906,0.6399922966957092,1,0,157.77096557617188,0,1
4027,928276,16.904521942138672,-54.950927734375,-120.61468505859375,1.2793340682983398,1,0,1.2793340682983398,0,1
4028,223554,8.59581470489502,12.717094421386719,225.23428344726562,1.7842814922332764,0,0,53.63002395629883,0,0
4029,849260,-13.534756660461426,3.8432343006134033,7.87518835067749,1.2943605184555054,1,0,1.2943605184555054,0,1
4030,197011,9.463507652282715,-0.9129984974861145,209.61851501464844,1.9097563028335571,0,0,36.51004409790039,0,0
4031,970836,27.925500869750977,-76.62140655517578,-115.33694458007812,1.5862761735916138,0,0,3.7008142471313477,0,0
4032,842481,-3.7383861541748047,-21.266387939453125,96.02035522460938,1.001358985900879,1,0,1.001358985900879,0,1
4033,989800,-62.608951568603516,-123.55648803710938,-105.84302520751953,0.665351390838623,1,0,42.45846176147461,0,1
4034,884814,28.916351318359375,-18.216848373413086,-84.82958984375,1.6091418266296387,0,0,1.6091418266296387,0,1
4035,411480,-3.481004238128662,-6.008890151977539,-24.048263549804688,1.50264310836792,0,0,1.50264310836792,0,0
4036,692727,-40.62625503540039,-40.0196647644043,-53.46648025512695,0.7612192630767822,1,0,0.7612192034721375,0,1
4037,66713,-5.252307415008545,36.15699005126953,367.86376953125,0.7365895509719849,1,0,198.13748168945312,0,0
4038,906138,17.677330017089844,-53.06549072265625,-103.76993560791016,1.2568975687026978,1,0,1.2568975687026978,0,0
4039,674557,4.897758960723877,3.7745180130004883,-50.381900787353516,1.3580186367034912,1,0,1.3580186367034912,0,2
4040,39305,28.907243728637695,-27.92673110961914,-129.126708984375,0.6376836895942688,1,0,0.6376836895942688,0,1
4041,735516,-36.999244689941406,-63.371246337890625,-94.27632904052734,1.0958174467086792,1,0,1.0958174467086792,0,1
4042,127857,-1.9222434759140015,5.784440994262695,303.34503173828125,3.2669198513031006,0,0,130.4644317626953,0,1
4043,477756,10.096545219421387,13.975354194641113,29.488786697387695,0.9550291299819946,1,0,0.9550291299819946,1,1
4044,705256,-41.531166076660156,-30.8270263671875,-69.55844116210938,2.9052321910858154,0,0,2.9052321910858154,0,1
4045,330614,9.363767623901367,17.089099884033203,359.62042236328125,0.8618519306182861,1,0,187.5384979248047,0,1
4046,698928,-43.377159118652344,-33.25284194946289,-55.61934280395508,3.108663320541382,0,0,3.108663320541382,0,0
4047,411445,-9.2901029586792,-2.9990150928497314,-23.14154624938965,0.7742756605148315,1,0,0.7742756605148315,0,2
4048,868337,12.102129936218262,-1.310459017753601,35.24126434326172,1.27423894405365,1,0,1.27423894405365,0,1
4049,98926,2.6518514156341553,4.360845565795898,291.4069519042969,2.3170018196105957,0,0,118.38068389892578,0,0
4050,388798,-1.7593027353286743,3.4242608547210693,288.5528869628906,2.6831254959106445,0,0,115.48597717285156,0,0
4051,404157,-5.8939032554626465,-5.98021936416626,-33.694557189941406,3.2100472450256348,0,0,3.210047483444214,0,0
4052,187607,10.164280891418457,1.406736135482788,192.29446411132812,2.3457400798797607,0,0,19.66753578186035,0,1
4053,454321,-40.26287078857422,-49.076053619384766,-88.31462860107422,0.6362917423248291,1,1,0.6362917423248291,0,1
4054,811733,9.412410736083984,-13.032654762268066,139.29598999023438,1.1016110181808472,1,0,1.1016110181808472,0,1
4055,884136,26.84326934814453,-17.20018196105957,-87.31965637207031,1.8712002038955688,0,0,1.8712002038955688,0,1
4056,494062,-8.083683013916016,9.133020401000977,1.3375608921051025,1.9535328149795532,0,0,1.9535328149795532,0,2
4057,372317,-5.036052703857422,33.23029708862305,353.1422119140625,1.5225716829299927,0,0,183.1750946044922,0,1
4058,249428,-11.28189754486084,1.1281102895736694,244.0560302734375,0.7627538442611694,1,0,71.09577178955078,0,0
4059,44717,0.07829698175191879,24.996519088745117,301.65655517578125,3.5758554935455322,0,0,131.06910705566406,0,2
4060,441630,-44.244178771972656,-31.003747940063477,-103.99578094482422,0.6094292402267456,1,1,0.6094293594360352,0,1
4061,873972,25.497344970703125,-23.819835662841797,-94.32099914550781,1.0679765939712524,1,0,1.0679765939712524,0,1
4062,282738,-7.6963982582092285,16.353374481201172,229.520263671875,1.5343351364135742,0,0,58.46233367919922,0,0
4063,582711,28.247987747192383,-23.49541664123535,-74.87935638427734,1.509220004081726,0,0,1.509220004081726,0,1
4064,286980,-3.344114065170288,21.70136070251465,247.49192810058594,0.8793309330940247,1,0,76.88868713378906,0,0
4065,352088,-7.049315929412842,22.654064178466797,297.642333984375,3.632354974746704,0,0,126.87628173828125,0,0
4066,674065,-1.260496735572815,-0.8133670687675476,-53.55683898925781,3.2499454021453857,0,0,3.2499451637268066,0,2
4067,670003,12.181004524230957,-9.811273574829102,-58.99823760986328,12.943819999694824,0,0,12.943819999694824,0,0
4068,343278,1.973221778869629,20.945947647094727,288.0260925292969,4.799106597900391,0,0,117.0895004272461,0,1
4069,276342,2.595583438873291,17.55109977722168,244.7685089111328,3.1276450157165527,0,0,73.69833374023438,0,0
4070,291940,10.028275489807129,19.331344604492188,330.2934875488281,1.3208858966827393,1,0,158.68548583984375,0,1
4071,873461,26.397323608398438,-36.74105453491211,-91.3944091796875,2.6371805667877197,0,0,2.6371805667877197,0,2
4072,377316,-9.463898658752441,19.340211868286133,275.7799377441406,2.2427866458892822,0,0,104.76951599121094,0,1
4073,535985,8.150466918945312,0.8650351166725159,62.12686538696289,5.828727722167969,0,0,5.828727722167969,0,2
4074,14910,47.960548400878906,12.440183639526367,-125.6126480102539,1.700553297996521,0,0,43.02101516723633,0,1
4075,596211,10.033114433288574,-11.470434188842773,-73.92808532714844,3.4603209495544434,0,0,3.4603209495544434,0,0
4076,204175,8.679478645324707,13.218123435974121,221.41424560546875,1.2220268249511719,1,0,49.879878997802734,0,1
4077,826326,-9.344392776489258,-2.653951644897461,152.0353240966797,2.4942328929901123,0,0,2.4942328929901123,0,1
4078,581069,28.937097549438477,-26.684053421020508,-79.9071044921875,0.8807657361030579,1,0,0.8807657361030579,0,0
4079,537531,-5.512094497680664,-10.004597663879395,55.05104064941406,5.893486499786377,0,0,5.893486499786377,0,2
4080,818960,-5.6009345054626465,-10.793313980102539,125.85411071777344,3.816409111022949,0,0,3.816409111022949,0,2
4081,160502,-2.413187026977539,-4.747710704803467,216.5640106201172,3.122201919555664,0,0,43.126258850097656,0,1
4082,592440,5.380929946899414,-17.68600845336914,-74.54327392578125,1.0164690017700195,1,0,1.0164690017700195,0,2
4083,198588,9.502263069152832,-0.5738010406494141,212.27137756347656,1.8894641399383545,0,0,39.17871856689453,0,0
4084,810024,7.713131427764893,2.0387840270996094,134.9390411376953,3.150977373123169,0,0,3.150977373123169,0,1
4085,907056,18.889339447021484,-53.56217575073242,-108.1406478881836,0.6201218962669373,1,1,0.620121955871582,0,0
4086,504898,-0.6591351628303528,9.791803359985352,155.79269409179688,0.7437770962715149,1,0,0.7437767386436462,0,1
4087,560767,-13.331140518188477,0.568881630897522,51.720664978027344,2.7183022499084473,0,0,2.7183022499084473,0,1
4088,712842,-39.77670669555664,-35.22430419921875,-78.64060974121094,0.6628414392471313,1,0,0.6628414392471313,0,1
4089,165352,-4.312963008880615,12.893594741821289,176.17506408691406,0.7044726610183716,1,0,5.055600166320801,0,1
4090,6501,55.42898941040039,22.599519729614258,-128.48924255371094,1.0282838344573975,1,0,55.461021423339844,0,0
4091,725239,-45.22034454345703,-48.77363967895508,-86.23237609863281,0.6589058637619019,1,0,0.6589059233665466,0,1
4092,238207,7.76213264465332,-3.2452046871185303,180.6186065673828,4.1303181648254395,0,0,8.478386878967285,0,0
4093,619279,-11.090011596679688,-20.40435791015625,-25.01351547241211,1.2478585243225098,1,0,1.2478585243225098,0,1
4094,451493,-43.24442672729492,-48.738800048828125,-91.3814468383789,0.6516974568367004,1,0,0.6516974568367004,0,1
4095,664295,15.249048233032227,-6.687615871429443,-76.38636016845703,1.5393873453140259,0,0,1.5393872261047363,0,1
4096,728152,-50.0146369934082,-79.2143325805664,-96.64340209960938,1.0233148336410522,1,0,1.0233148336410522,0,1
4097,442282,-45.35493850708008,-32.49721908569336,-106.51945495605469,0.7027683854103088,1,0,0.7027683258056641,0,1
4098,116076,-2.154829263687134,20.570415496826172,255.31639099121094,2.783018112182617,0,0,84.5523452758789,0,0
4099,831823,2.9201152324676514,-14.390141487121582,113.06822967529297,4.838197231292725,0,0,4.838197231292725,0,1
4100,250478,-4.084628582000732,-5.1507792472839355,236.891357421875,0.7162582278251648,1,0,63.16506576538086,0,1
4101,639887,7.978999614715576,12.584076881408691,-13.358329772949219,0.5855803489685059,1,1,0.5855803489685059,0,1
4102,726241,-51.854312896728516,-76.61019897460938,-95.76490783691406,0.6061152815818787,1,1,0.6061152219772339,0,1
4103,411925,-4.147823810577393,-5.986570358276367,-23.148107528686523,1.1545767784118652,1,0,1.1545767784118652,0,1
4104,286327,-0.5971496105194092,20.4434814453125,233.84388732910156,0.7008776664733887,1,0,63.16383743286133,1,1
4105,947799,-99.3606948852539,21.11307716369629,-142.9281005859375,1.0066412687301636,1,0,60.7248649597168,0,1
4106,422224,-32.07453918457031,-27.55243492126465,-35.52711486816406,0.8688271045684814,1,0,0.8688270449638367,0,1
4107,776590,1.3186217546463013,14.048833847045898,55.63689041137695,4.924229145050049,0,0,4.924229145050049,0,1
4108,29834,37.22102737426758,-13.083696365356445,-123.51048278808594,0.6112495064735413,1,0,15.274627685546875,0,1
4109,798499,-7.504838943481445,-10.786645889282227,117.34579467773438,3.044785499572754,0,0,3.0447850227355957,0,1
4110,53117,8.895792961120605,16.44710922241211,311.09747314453125,2.4157583713531494,0,0,139.3114471435547,0,1
4111,261405,-6.552253246307373,-0.440645307302475,260.93359375,1.153315544128418,1,0,87.62326049804688,0,1
4112,987928,-64.32843780517578,-117.26092529296875,-104.01344299316406,0.639904260635376,1,0,36.72457504272461,0,2
4113,529715,7.500756740570068,-14.0722074508667,61.284934997558594,1.409225344657898,1,0,1.409225344657898,0,2
4114,210542,-9.643454551696777,-0.7079803347587585,228.33184814453125,1.478249192237854,1,0,55.26700973510742,0,1
4115,563926,-10.802024841308594,8.511301040649414,61.74933624267578,3.8886075019836426,0,0,3.8886075019836426,0,1
4116,200940,-1.1065430641174316,18.084808349609375,211.6490020751953,0.699164628982544,1,0,40.849491119384766,0,1
4117,152804,-2.783097982406616,-7.812159061431885,208.49961853027344,1.1930313110351562,1,0,34.66374588012695,0,1
4118,52757,3.9835898876190186,27.66499900817871,320.15576171875,1.522355318069458,0,0,149.67514038085938,0,0
4119,782470,10.20289421081543,13.564714431762695,42.04630661010742,1.163228988647461,1,0,1.163228988647461,0,1
4120,362371,-7.219780445098877,10.86570930480957,364.1795654296875,0.5308637619018555,1,0,191.47833251953125,0,1
4121,843278,-4.368780136108398,-14.557541847229004,100.84223937988281,6.313554286956787,0,0,6.313554286956787,0,1
4122,612521,-20.863935470581055,-19.553159713745117,-30.856416702270508,5.472414970397949,0,0,5.472414970397949,0,1
4123,970966,28.46636199951172,-73.7127914428711,-113.85496520996094,0.6792234182357788,1,0,0.779999852180481,0,0
4124,921580,21.29734230041504,-45.187992095947266,-124.77761840820312,2.8030622005462646,0,0,2.8030622005462646,0,1
4125,732814,-43.32420349121094,-66.25872039794922,-98.29300689697266,0.9319682717323303,1,0,0.9319682717323303,0,1
4126,919971,20.92469024658203,-44.72394943237305,-126.11749267578125,1.5416394472122192,0,0,1.5416395664215088,0,1
4127,579901,-11.372703552246094,-6.451111793518066,94.88616943359375,3.9135489463806152,0,0,3.9135489463806152,0,1
4128,868348,12.20242691040039,-0.3540302813053131,35.93596267700195,1.3971866369247437,1,0,1.3971866369247437,0,1
4129,720854,-38.07852554321289,-52.509681701660156,-77.15580749511719,0.639886736869812,1,0,0.6398866772651672,0,0
4130,412546,5.634833812713623,10.255643844604492,-17.272266387939453,1.056823492050171,1,0,1.056823492050171,0,1
4131,125483,-2.9636964797973633,2.9788951873779297,305.2650451660156,0.7210728526115417,1,0,132.00621032714844,0,0
4132,465455,13.879021644592285,-47.45513153076172,-91.98681640625,0.5841278433799744,1,1,0.5841279029846191,0,1
4133,211753,-7.071317195892334,-0.91969895362854,227.85069274902344,3.174879789352417,0,0,54.81526184082031,0,1
4134,848275,-3.672621965408325,-17.16657257080078,93.29468536376953,4.684933662414551,0,0,4.684933662414551,0,0
4135,812454,1.5879496335983276,-4.268520832061768,129.7859344482422,11.350471496582031,0,0,11.350471496582031,0,1
4136,850372,-13.570306777954102,-0.7528747320175171,13.707956314086914,1.2074322700500488,1,0,1.2074322700500488,0,0
4137,702290,-34.16354751586914,-35.25651550292969,-52.02218246459961,2.0771329402923584,0,0,2.0771327018737793,0,1
4138,734165,-38.75273513793945,-64.33922576904297,-94.9581527709961,0.7492952346801758,1,0,0.7492952346801758,0,1
4139,210346,-12.174605369567871,-0.20115330815315247,213.8229522705078,0.7770158648490906,1,0,40.932037353515625,0,0
4140,82741,-3.451585054397583,-1.2019572257995605,268.4171447753906,0.6621924042701721,1,0,94.93070220947266,0,1
4141,294901,7.944661617279053,13.654221534729004,327.454345703125,2.380420446395874,0,0,155.223388671875,0,1
4142,335408,1.3562328815460205,15.763495445251465,269.3833312988281,7.753109931945801,0,0,98.17710876464844,0,1
4143,780107,4.889735221862793,20.226072311401367,38.92794418334961,0.8331514596939087,1,0,0.8331514000892639,0,1
4144,530935,-2.3134922981262207,-18.569622039794922,79.13180541992188,1.9552611112594604,0,0,1.9552611112594604,0,1
4145,505867,4.4497199058532715,0.35297074913978577,147.722412109375,8.282378196716309,0,0,8.282378196716309,0,2
4146,871147,24.53173828125,-30.62398338317871,-99.79010009765625,1.330291509628296,1,0,1.330291509628296,0,0
4147,267303,-1.7214828729629517,-0.5785877704620361,259.6286926269531,2.194110155105591,0,0,86.2873764038086,0,1
4148,347539,4.355790615081787,21.89136505126953,293.90362548828125,3.407031536102295,0,0,122.9617691040039,0,1
4149,476487,22.643264770507812,-34.06136703491211,-102.40194702148438,1.1284877061843872,1,0,1.1284877061843872,0,1
4150,363173,-1.9816339015960693,13.3624267578125,359.4208679199219,4.095518112182617,0,0,187.04542541503906,0,0
4151,218107,2.455169916152954,-3.0656113624572754,229.78750610351562,2.62674880027771,0,0,56.35850143432617,0,0
4152,282205,-5.0663628578186035,19.68132781982422,242.8646697998047,1.4159460067749023,1,0,72.08031463623047,0,0
4153,339030,-6.544022083282471,24.641298294067383,278.47528076171875,0.617949903011322,1,0,108.03044128417969,0,0
4154,847066,1.8230788707733154,-19.063289642333984,91.07948303222656,1.1463533639907837,1,0,1.1463533639907837,0,0
4155,154081,-12.303765296936035,3.759244918823242,199.58433532714844,1.1596744060516357,1,0,27.279788970947266,0,2
4156,875491,26.183021545410156,-32.185089111328125,-90.39891052246094,3.186876058578491,0,0,3.186876058578491,0,0
4157,877648,30.52336883544922,-25.486663818359375,-83.6559066772461,0.8088390827178955,1,0,0.8088390231132507,0,1
4158,733954,-40.831180572509766,-64.09799194335938,-98.41783905029297,0.8455901145935059,1,0,0.8455900549888611,0,1
4159,444085,-46.884605407714844,-30.913654327392578,-105.36511993408203,1.762337565422058,0,0,1.7623376846313477,0,1
4160,208951,-9.270318984985352,-2.4717767238616943,233.49591064453125,0.690211832523346,1,0,60.165687561035156,0,1
4161,842930,-12.69774341583252,-11.948456764221191,100.0785903930664,1.4023057222366333,1,0,1.4023057222366333,0,0
4162,380869,-13.416868209838867,15.061243057250977,287.5708923339844,0.7763271927833557,1,0,115.98180389404297,0,1
4163,384649,-9.87936782836914,7.585268974304199,289.48541259765625,2.2378172874450684,0,0,116.97652435302734,0,0
4164,667128,22.50429344177246,-6.463930130004883,-74.94044494628906,2.1171975135803223,0,0,2.1171975135803223,0,1
4165,899787,13.84611701965332,-53.63703155517578,-93.0904769897461,1.3420997858047485,1,0,1.3420997858047485,0,0
4166,774447,11.371101379394531,11.383122444152832,51.58396911621094,1.0500849485397339,1,0,1.0500848293304443,0,2
4167,125037,3.113227605819702,5.413715839385986,304.7295227050781,1.754558801651001,0,0,131.7161407470703,0,0
4168,206492,-3.1157851219177246,16.640867233276367,216.8583221435547,1.8296692371368408,0,0,45.90262222290039,0,1
4169,84842,9.232522964477539,4.576766014099121,268.0594482421875,1.053437352180481,1,0,95.14484405517578,0,1
4170,477827,-2.1911299228668213,20.47072410583496,27.115001678466797,0.6877337694168091,1,0,0.6877337098121643,0,1
4171,541612,3.391523599624634,-29.633291244506836,-56.51408386230469,1.0876790285110474,1,0,1.0876790285110474,1,1
4172,126945,-6.494574546813965,3.501267671585083,302.89971923828125,0.6670002341270447,1,0,129.75340270996094,0,1
4173,623003,-2.6540184020996094,-9.873350143432617,-22.67801856994629,1.083907127380371,1,0,1.083907127380371,0,0
4174,14523,49.14448547363281,10.976593017578125,-126.22213745117188,1.3443320989608765,1,0,42.211673736572266,0,1
4175,707178,-37.63789367675781,-32.26386260986328,-74.39137268066406,0.6522809863090515,1,0,0.6522809863090515,0,1
4176,382037,-11.638280868530273,6.489219665527344,291.3667907714844,0.6404674649238586,1,0,118.70967102050781,0,0
4177,191622,9.898885726928711,8.3999662399292,201.172607421875,1.6788673400878906,0,0,29.22603416442871,0,0
4178,380708,-4.085453033447266,11.700276374816895,279.52801513671875,9.480555534362793,0,0,107.92313385009766,0,0
4179,682478,10.065213203430176,-2.851346015930176,-34.48509216308594,4.5856733322143555,0,0,4.5856733322143555,0,1
4180,690297,-34.75408935546875,-41.60900115966797,-62.05625915527344,1.8043501377105713,0,0,1.8043501377105713,0,0
4181,479996,-1.6049927473068237,18.64480972290039,29.29636573791504,2.3909783363342285,0,0,2.3909783363342285,0,1
4182,324762,8.026775360107422,17.683515548706055,343.83013916015625,2.843451976776123,0,0,171.96722412109375,0,1
4183,424927,-39.36125946044922,-30.880794525146484,-45.558692932128906,1.8635598421096802,0,0,1.8635598421096802,0,0
4184,382193,-9.788055419921875,15.84572982788086,283.68951416015625,3.8958306312561035,0,0,112.25325012207031,0,1
4185,236104,2.3220109939575195,-9.299823760986328,177.8617706298828,2.8149917125701904,0,0,4.892414093017578,0,1
4186,685908,-35.107643127441406,-46.005958557128906,-67.57234954833984,1.8932902812957764,0,0,1.893290400505066,0,1
4187,778258,11.15072250366211,8.509346961975098,46.20470428466797,1.5221370458602905,0,0,1.5221370458602905,0,2
4188,228079,-9.549880027770996,-3.072458028793335,174.4688720703125,2.7352700233459473,0,0,3.125516176223755,0,1
4189,440638,-49.38050842285156,-33.018070220947266,-102.88660430908203,1.9630451202392578,0,0,1.9630451202392578,0,0
4190,118468,-0.477031946182251,18.622713088989258,249.8010711669922,4.044330596923828,0,0,78.88602447509766,0,0
4191,968022,25.222915649414062,-80.92999267578125,-117.70988464355469,0.60453861951828,1,0,8.771864891052246,0,0
4192,801327,1.898317575454712,-10.811007499694824,116.00577545166016,8.095466613769531,0,0,8.095466613769531,0,1
4193,419009,-31.162841796875,-29.57735252380371,-47.49848175048828,2.954946756362915,0,0,2.954946756362915,0,0
4194,90612,11.491196632385254,10.490142822265625,278.1603698730469,0.8106166124343872,1,0,105.85578155517578,0,1
4195,199950,3.9897193908691406,13.580364227294922,210.74017333984375,2.6455137729644775,0,0,39.443634033203125,0,1
4196,618481,-9.854537963867188,-19.53192138671875,-24.935476303100586,0.8685237765312195,1,0,0.8685237169265747,0,1
4197,942414,-93.719970703125,13.027205467224121,-135.73373413085938,2.286740779876709,0,0,48.811737060546875,0,0
4198,333154,-3.1781771183013916,24.99900245666504,270.8985290527344,0.5907825827598572,1,0,100.51864624023438,0,1
4199,802074,-0.7843296527862549,-0.23198820650577545,120.08146667480469,4.19206428527832,0,0,4.19206428527832,0,1
4200,285610,-0.5303080081939697,21.04671859741211,239.79605102539062,0.7318850755691528,1,0,69.14443969726562,0,1
4201,389731,-4.327732086181641,3.305191993713379,290.3800964355469,2.128016233444214,0,0,117.29841613769531,0,1
4202,317882,9.7576265335083,25.517009735107422,340.0557861328125,0.6567339897155762,1,0,169.11569213867188,0,1
4203,595907,20.937808990478516,-14.332466125488281,-60.52519607543945,5.593925952911377,0,0,5.593925952911377,0,1
4204,258473,-4.85067081451416,-2.5707197189331055,252.9550323486328,0.7554908990859985,1,0,79.42901611328125,0,1
4205,247495,11.418610572814941,-6.454570770263672,171.90826416015625,0.7931381464004517,1,0,0.7931382656097412,0,1
4206,564556,-8.069034576416016,6.903456211090088,60.471656799316406,6.893210411071777,0,0,6.893210411071777,0,1
4207,678169,25.652360916137695,-13.603328704833984,-51.48220443725586,1.1600733995437622,1,0,1.1600733995437622,0,1
4208,635175,11.739463806152344,5.929990291595459,-10.704633712768555,1.8618441820144653,0,0,1.8618441820144653,0,2
4209,415255,-26.289751052856445,-21.432476043701172,-35.828365325927734,5.774107456207275,0,0,5.774107456207275,0,2
4210,236564,2.725116491317749,-11.25759506225586,177.75692749023438,1.0434142351150513,1,0,3.789020538330078,0,0
4211,784740,3.7114694118499756,16.41702651977539,40.34971237182617,4.1810479164123535,0,0,4.1810479164123535,0,2
4212,373650,-12.953717231750488,14.882168769836426,266.33349609375,0.6982815861701965,1,0,94.87141418457031,0,1
4213,849108,-5.814172267913818,-19.95452117919922,83.83120727539062,1.9511690139770508,0,0,1.9511690139770508,0,1
4214,64441,-2.492570400238037,17.047563552856445,370.7931823730469,6.368426322937012,0,0,198.8389434814453,0,1
4215,806823,5.546927452087402,3.537066698074341,124.99872589111328,3.665388345718384,0,0,3.6653881072998047,0,0
4216,600814,5.878167629241943,-2.3656740188598633,-68.06556701660156,2.3081235885620117,0,0,2.3081235885620117,0,0
4217,447001,-41.2923583984375,-42.42132568359375,-101.80120086669922,0.6033229827880859,1,1,0.6033229827880859,0,0
4218,320352,8.653300285339355,27.41609764099121,352.4863586425781,1.1572571992874146,1,0,181.696044921875,0,1
4219,833242,-6.936501502990723,-16.082414627075195,118.52501678466797,1.5435340404510498,0,0,1.5435340404510498,0,2
4220,727865,-51.87009048461914,-74.29498291015625,-98.30510711669922,0.9086917638778687,1,0,0.9086917638778687,0,1
4221,744472,-34.67561721801758,-52.50893783569336,-84.87777709960938,1.5541539192199707,0,0,1.5541539192199707,0,1
4222,237472,4.647995471954346,-10.410359382629395,180.7771759033203,0.8800202012062073,1,0,6.783474922180176,0,0
4223,683469,18.752853393554688,-12.766061782836914,-37.88096237182617,2.597425937652588,0,0,2.597425937652588,0,0
4224,414392,-6.814475059509277,1.6779361963272095,-15.055105209350586,3.044903516769409,0,0,3.044903516769409,0,1
4225,710672,-40.11757278442383,-34.52397537231445,-77.68059539794922,0.8233730792999268,1,0,0.8233730792999268,0,1
4226,544231,13.988580703735352,-19.089181900024414,-43.36137008666992,6.63975715637207,0,0,6.63975715637207,0,1
4227,930578,15.667546272277832,-58.12682342529297,-113.03549194335938,0.8039705753326416,1,0,0.8039705157279968,0,1
4228,72242,8.551248550415039,22.741260528564453,369.6664123535156,2.1805880069732666,0,0,198.2047119140625,0,1
4229,475321,22.51365089416504,-35.74901580810547,-101.75129699707031,1.7937054634094238,0,0,1.7937054634094238,0,1
4230,46573,4.313036918640137,27.174667358398438,312.2811584472656,1.0990815162658691,1,0,141.79222106933594,0,1
4231,734080,-38.0321159362793,-65.45938110351562,-94.96782684326172,0.7552062273025513,1,0,0.7552062273025513,0,1
4232,235799,1.3518792390823364,-10.72465705871582,183.1641387939453,1.1409282684326172,1,0,9.165181159973145,0,1
4233,944321,-92.72808074951172,13.917288780212402,-139.29408264160156,0.5174533724784851,1,0,50.43381881713867,0,0
4234,428934,-37.33957290649414,-17.155107498168945,-51.48167419433594,2.0842061042785645,0,0,2.0842061042785645,0,1
4235,329080,9.805005073547363,20.09453010559082,358.6806945800781,1.2014153003692627,1,0,186.96109008789062,0,1
4236,426056,-37.5449333190918,-30.173744201660156,-48.600799560546875,4.636045455932617,0,0,4.636045455932617,0,0
4237,166776,-0.9312728047370911,12.927678108215332,179.25579833984375,1.4378567934036255,1,0,8.18144416809082,0,1
4238,520529,2.9099037647247314,1.9564558267593384,89.78144836425781,1.2426207065582275,1,0,1.242620587348938,0,0
4239,447765,-42.30649948120117,-45.29359817504883,-98.57466888427734,0.6368005275726318,1,1,0.6368005275726318,0,1
4240,781706,1.5597211122512817,14.191268920898438,45.06654739379883,5.93086051940918,0,0,5.93086051940918,0,2
4241,818374,-3.2254960536956787,-13.114583969116211,128.606201171875,3.8178179264068604,0,0,3.8178179264068604,0,1
4242,135120,-3.4904115200042725,7.9419941902160645,317.6127014160156,3.6672465801239014,0,0,144.9073028564453,0,0
4243,676411,21.64039421081543,-6.952454090118408,-51.09064865112305,4.2779669761657715,0,0,4.2779669761657715,0,1
4244,211200,-7.752231597900391,-2.5440540313720703,229.73529052734375,1.5366162061691284,0,0,56.421630859375,0,0
4245,959043,26.500518798828125,-63.69431686401367,-102.3663330078125,1.5707756280899048,0,0,1.5707756280899048,0,0
4246,674662,12.941262245178223,3.3943989276885986,-56.06196594238281,2.4317567348480225,0,0,2.4317567348480225,0,1
4247,682855,10.362245559692383,-1.4666730165481567,-34.61579132080078,3.496917247772217,0,0,3.496917247772217,0,1
4248,755997,-63.463294982910156,-16.48556900024414,-114.57046508789062,1.2981189489364624,1,0,1.9938116073608398,0,0
4249,704470,-44.848506927490234,-25.826051712036133,-62.948089599609375,1.6048216819763184,0,0,1.6048216819763184,1,1
4250,861084,-13.71364688873291,3.4338016510009766,42.634979248046875,1.9292558431625366,0,0,1.9292559623718262,0,1
4251,181347,-1.3527305126190186,16.0894832611084,196.94863891601562,0.6211845278739929,1,0,26.026155471801758,0,1
4252,110361,10.234559059143066,11.398653984069824,256.63995361328125,1.594217300415039,0,0,84.62362670898438,0,1
4253,489852,8.362421035766602,16.485437393188477,7.168435573577881,2.3709897994995117,0,0,2.3709897994995117,0,1
4254,185878,12.416309356689453,0.10139352828264236,184.76165771484375,0.7612398266792297,1,0,11.884037017822266,0,0
4255,799939,5.247225761413574,-4.503166675567627,113.90156555175781,5.185113906860352,0,0,5.185113906860352,0,1
4256,256665,-4.863838195800781,-2.831019878387451,254.93997192382812,0.6046857237815857,1,0,81.36746215820312,0,1
4257,154721,-2.0258679389953613,-7.742640972137451,211.77464294433594,0.985788881778717,1,0,37.907474517822266,1,1
4258,173038,0.5571935772895813,14.81518840789795,188.9129180908203,0.801700234413147,1,0,17.87734603881836,0,0
4259,686687,-38.290279388427734,-47.01893997192383,-63.44112014770508,0.6799386739730835,1,0,0.6799386739730835,0,1
4260,306669,-12.53200912475586,22.122455596923828,335.543701171875,1.8175193071365356,0,0,164.45164489746094,0,1
4261,208688,-11.358797073364258,1.460564374923706,227.12213134765625,1.1577212810516357,1,0,54.33292007446289,0,1
4262,337385,-3.935659885406494,21.082223892211914,266.8094177246094,3.207023859024048,0,0,96.04911041259766,0,2
4263,812720,13.518962860107422,-2.2393531799316406,144.71609497070312,1.2413761615753174,1,0,1.2413759231567383,0,1
4264,222122,10.774337768554688,6.623347282409668,222.71852111816406,1.48697829246521,1,0,50.37504196166992,0,1
4265,937909,-88.94264221191406,6.631399631500244,-131.87777709960938,2.1933374404907227,0,0,40.0672607421875,0,1
4266,785727,1.304519534111023,18.02403450012207,35.7969856262207,2.861711025238037,0,0,2.861711025238037,0,1
4267,777658,10.286738395690918,15.216097831726074,47.02555847167969,0.8729462623596191,1,0,0.8729462623596191,1,1
4268,459682,21.133562088012695,-43.08989715576172,-80.89459228515625,0.6939136981964111,1,0,0.6939136981964111,0,1
4269,436160,-54.0179328918457,-29.841394424438477,-103.6307144165039,0.6029187440872192,1,1,0.6029187440872192,0,1
4270,16817,45.32241439819336,10.66920280456543,-126.75634002685547,1.718252420425415,0,0,40.33357620239258,0,1
4271,261560,-2.379967212677002,-0.20997875928878784,252.0792694091797,3.401263475418091,0,0,78.88894653320312,0,1
4272,852923,-7.44443941116333,-2.6829333305358887,13.82215690612793,5.47922420501709,0,0,5.47922420501709,0,1
4273,268853,-11.361424446105957,10.355806350708008,267.4326171875,2.2750861644744873,0,0,95.43169403076172,0,1
4274,486055,-6.060156345367432,14.143665313720703,6.68337869644165,1.2691162824630737,1,0,1.2691162824630737,0,2
4275,918613,22.823089599609375,-45.17449188232422,-127.08262634277344,0.9833301901817322,1,0,0.9833301901817322,0,1
4276,319174,8.488948822021484,29.19092559814453,353.72259521484375,0.8483487367630005,1,0,183.13453674316406,0,1
4277,426335,-41.42274856567383,-18.385852813720703,-44.7557373046875,3.168891668319702,0,0,3.168891191482544,0,1
4278,384717,-11.449675559997559,7.74125862121582,291.8902587890625,1.0238369703292847,1,0,119.38063049316406,0,0
4279,545352,4.325781345367432,-23.64936065673828,-39.77732849121094,4.472501754760742,0,0,4.472501754760742,0,1
4280,289618,-6.87353515625,17.72585678100586,225.11697387695312,0.625525712966919,1,0,54.234676361083984,0,1
4281,792610,-5.030791282653809,-1.6840378046035767,113.47470092773438,0.5967915058135986,1,1,0.5967914462089539,0,2
4282,794798,-7.309916973114014,-7.056526184082031,110.26495361328125,2.6398770809173584,0,0,2.6398770809173584,0,1
4283,267045,-12.308815956115723,13.651985168457031,263.92181396484375,1.3527300357818604,1,0,92.33151245117188,0,1
4284,856185,-14.487672805786133,-1.1214243173599243,31.846275329589844,1.2515934705734253,1,0,1.2515934705734253,0,1
4285,139775,-13.549232482910156,18.05970573425293,305.5363464355469,0.726779043674469,1,0,134.17752075195312,0,1
4286,602187,-37.942325592041016,-23.01070785522461,-34.52631759643555,0.918664813041687,1,0,0.9186648726463318,0,1
4287,834871,-2.3905136585235596,-21.434520721435547,102.69459533691406,0.5476540327072144,1,1,0.5476536750793457,1,1
4288,665578,17.878929138183594,-8.465389251708984,-72.92266845703125,5.1995439529418945,0,0,5.1995439529418945,0,1
4289,363188,-3.6728780269622803,11.679490089416504,360.7620849609375,2.268573045730591,0,0,188.16146850585938,0,0
4290,514133,-9.677202224731445,7.3912787437438965,170.2424774169922,0.902047872543335,1,0,0.9020476937294006,0,1
4291,903376,16.2540225982666,-46.18402099609375,-98.92365264892578,2.06788969039917,0,0,2.06788969039917,0,1
4292,508451,-8.82944107055664,4.81946325302124,161.81222534179688,1.735445499420166,0,0,1.7354453802108765,0,2
4293,821875,-9.973845481872559,-7.907790184020996,135.18533325195312,1.7436707019805908,0,0,1.7436707019805908,0,1
4294,175022,-12.609160423278809,1.9254058599472046,184.3978271484375,0.8762931227684021,1,0,11.98486042022705,0,1
4295,575621,-17.341035842895508,-13.711886405944824,85.97468566894531,1.0927494764328003,1,0,1.0927494764328003,1,1
4296,94024,1.8476555347442627,1.391333818435669,288.7658386230469,0.6041851043701172,1,0,115.39089965820312,0,0
4297,653418,-14.167795181274414,-4.831732749938965,-14.757284164428711,1.2512089014053345,1,0,1.2512089014053345,0,0
4298,325453,3.4625911712646484,16.528459548950195,355.4918518066406,5.296915531158447,0,0,183.5038604736328,0,0
4299,420021,-27.68750762939453,-29.253416061401367,-51.26955032348633,1.3425862789154053,1,0,1.3425862789154053,0,1
4300,808810,12.1748628616333,-11.15191650390625,123.28288269042969,0.8357085585594177,1,0,0.8357085585594177,0,0
4301,305747,-4.286449432373047,7.51766300201416,320.8479919433594,2.686790704727173,0,0,148.0550994873047,0,1
4302,576168,-17.908916473388672,-9.647150039672852,91.6854248046875,0.6619423627853394,1,0,0.6619423627853394,0,1
4303,907794,16.645002365112305,-57.607059478759766,-107.64701843261719,0.6245202422142029,1,1,0.6245202422142029,0,0
4304,886746,19.746877670288086,-28.167421340942383,-84.91120147705078,0.6602392196655273,1,0,0.6602392196655273,0,0
4305,570942,-17.524566650390625,-3.9559998512268066,82.5795669555664,1.1259574890136719,1,0,1.1259573698043823,0,2
4306,494575,-9.041049003601074,6.1185622215271,5.1671624183654785,3.192438840866089,0,0,3.192438840866089,0,1
4307,867526,6.959924697875977,-0.03659458085894585,40.608802795410156,6.449730396270752,0,0,6.449730396270752,0,2
4308,630432,10.415864944458008,-7.523749828338623,-20.590539932250977,0.6775776743888855,1,0,0.6775776147842407,0,1
4309,498717,10.362377166748047,7.405044078826904,173.5833740234375,0.6582189202308655,1,0,1.768258810043335,0,1
4310,984010,-57.17522430419922,-105.79623413085938,-101.49287414550781,0.7310565710067749,1,0,23.40726661682129,1,2
4311,771949,11.864753723144531,3.999610185623169,63.85428237915039,2.0748863220214844,0,0,2.0748863220214844,0,2
4312,228118,-8.83554458618164,-8.637212753295898,181.57142639160156,0.9806396961212158,1,0,7.888333320617676,0,1
4313,520619,8.560784339904785,-13.737980842590332,83.3099136352539,0.9973695874214172,1,0,0.9973695278167725,0,1
4314,787295,0.22443561255931854,2.7982373237609863,91.62161254882812,0.9083725810050964,1,0,0.908372700214386,0,1
4315,719330,-45.07864761352539,-45.49607849121094,-84.2537612915039,1.891480565071106,0,0,1.891480565071106,0,0
4316,343385,-3.361358165740967,22.923837661743164,282.9347229003906,3.4989006519317627,0,0,112.2748794555664,0,0
4317,147831,-10.584907531738281,-3.8830904960632324,195.07852172851562,1.0909333229064941,1,0,21.88432502746582,0,1
4318,838688,3.1703941822052,-9.81062126159668,103.81473541259766,5.9797797203063965,0,0,5.9797797203063965,0,0
4319,826620,-1.8132071495056152,-13.150216102600098,148.96511840820312,2.2669765949249268,0,0,2.2669765949249268,0,1
4320,182605,-5.86448335647583,8.753787994384766,192.59141540527344,4.63275146484375,0,0,21.359375,0,1
4321,785346,-6.086994171142578,16.921720504760742,33.43159484863281,2.5035290718078613,0,0,2.5035290718078613,0,1
4322,761568,-70.26886749267578,-6.807673931121826,-118.58224487304688,1.0473740100860596,1,0,13.673420906066895,0,1
4323,343993,-3.739457130432129,23.633073806762695,281.5198669433594,2.5557100772857666,0,0,110.93412017822266,0,0
4324,202438,-6.1909565925598145,16.053773880004883,206.62249755859375,0.7797260284423828,1,0,35.6656608581543,0,1
4325,750219,-57.78147888183594,-24.3630313873291,-110.52545928955078,0.723671555519104,1,0,0.723671555519104,0,0
4326,872259,29.565061569213867,-27.13752555847168,-91.04395294189453,0.6430760622024536,1,0,0.6430761218070984,0,1
4327,871017,29.631681442260742,-32.97087478637695,-90.99446868896484,0.7782918810844421,1,0,0.7782918810844421,0,0
4328,729189,-47.993228912353516,-73.0320816040039,-98.35360717773438,0.9560853838920593,1,0,0.9560853838920593,0,0
4329,884847,27.63724708557129,-21.527116775512695,-85.97647094726562,3.3689687252044678,0,0,3.3689687252044678,0,1
4330,125312,2.2672181129455566,4.698690414428711,307.0544128417969,1.3252232074737549,1,0,133.9414825439453,0,0
4331,14298,48.537967681884766,11.736810684204102,-125.15020751953125,1.121986985206604,1,0,42.59800720214844,0,1
4332,635835,12.642984390258789,-2.809199094772339,-0.961811363697052,1.5594894886016846,0,0,1.5594894886016846,0,2
4333,819323,-0.7119201421737671,-16.44623565673828,131.4918975830078,1.430419683456421,1,0,1.4304195642471313,0,1
4334,223072,2.8875083923339844,-5.618933200836182,221.0222625732422,1.3028373718261719,1,0,47.299278259277344,0,1
4335,562089,-11.243852615356445,-12.294083595275879,54.0551643371582,1.013096570968628,1,0,1.013096570968628,0,1
4336,194596,10.773000717163086,9.204715728759766,211.2205352783203,1.144398808479309,1,0,39.25762939453125,0,0
4337,562465,-16.617868423461914,-1.8626426458358765,60.67627716064453,0.8134244680404663,1,0,0.8134244680404663,0,1
4338,9896,52.66412353515625,20.898605346679688,-126.90885162353516,2.3119261264801025,0,0,52.731563568115234,0,0
4339,25603,41.047393798828125,-7.826883792877197,-125.13595581054688,0.7219571471214294,1,0,21.716259002685547,0,0
4340,840480,1.1919007301330566,-13.387711524963379,102.15032196044922,6.075074672698975,0,0,6.075074672698975,0,1
4341,318608,2.14589524269104,21.622655868530273,341.6529235839844,8.739289283752441,0,0,170.53463745117188,0,0
4342,676272,10.478475570678711,1.3882251977920532,-55.7337532043457,4.94523286819458,0,0,4.94523286819458,0,1
4343,959933,23.546043395996094,-62.54035568237305,-101.10210418701172,1.536949634552002,0,0,1.5369497537612915,0,0
4344,265944,-5.588382720947266,12.132978439331055,260.2986755371094,7.945309638977051,0,0,88.83578491210938,0,1
4345,628045,6.794886112213135,-10.248013496398926,-15.035099983215332,2.6643669605255127,0,0,2.6643669605255127,0,2
4346,667550,24.109760284423828,-11.437729835510254,-71.21354675292969,3.968872308731079,0,0,3.968872308731079,0,2
4347,867868,9.291280746459961,-2.5366194248199463,37.0080451965332,3.8156700134277344,0,0,3.8156700134277344,0,2
4348,879715,26.547080993652344,-15.67889404296875,-88.55099487304688,0.807219922542572,1,0,0.807219922542572,0,1
4349,864084,6.5472235679626465,-4.254756450653076,28.803184509277344,3.6795544624328613,0,0,3.6795544624328613,0,1
4350,733671,-42.25298309326172,-65.82278442382812,-98.11674499511719,1.2227191925048828,1,0,1.2227190732955933,0,1
4351,509657,12.640357971191406,-4.591551303863525,150.31924438476562,1.5348085165023804,0,0,1.5348085165023804,0,1
4352,278704,-0.1623826026916504,19.064245223999023,237.2874755859375,2.1537153720855713,0,0,66.44271087646484,0,1
4353,878696,14.15524673461914,-27.787246704101562,-95.74771881103516,1.3382093906402588,1,0,1.3382095098495483,0,1
4354,258359,-10.435004234313965,15.096623420715332,251.07327270507812,2.0926148891448975,0,0,79.74478912353516,0,1
4355,561894,-15.294136047363281,-7.435410976409912,60.55118179321289,1.1740392446517944,1,0,1.174039363861084,0,2
4356,847926,6.3719282150268555,-8.780092239379883,92.04097747802734,1.351834774017334,1,0,1.3518348932266235,0,1
4357,653636,-13.200794219970703,-15.491204261779785,-16.226863861083984,2.6735658645629883,0,0,2.6735658645629883,0,1
4358,194047,10.205548286437988,-2.090043306350708,207.79324340820312,0.989363968372345,1,0,34.51523971557617,0,0
4359,785602,8.218998908996582,13.938519477844238,41.73814392089844,2.6359291076660156,0,0,2.6359291076660156,0,2
4360,885252,16.322887420654297,-26.334674835205078,-88.76663970947266,0.6356122493743896,1,1,0.6356122493743896,0,1
4361,472433,16.07213592529297,-39.17555236816406,-98.05955505371094,4.579911708831787,0,0,4.579911708831787,0,2
4362,418544,-29.948259353637695,-28.373517990112305,-48.58441162109375,3.044442653656006,0,0,3.044442653656006,0,1
4363,216835,1.7062530517578125,-6.043588638305664,228.97532653808594,0.6979444026947021,1,0,55.14360427856445,0,0
4364,334925,4.947835445404053,19.289518356323242,275.6452331542969,3.4866890907287598,0,0,104.52970886230469,0,1
4365,263217,-9.107665061950684,1.3357634544372559,264.03839111328125,0.8845717310905457,1,0,90.94050598144531,0,1
4366,531777,13.558732986450195,2.8327691555023193,62.81696701049805,0.9991825222969055,1,0,0.9991825222969055,0,1
4367,842600,1.688307762145996,-18.166776657104492,99.8782958984375,1.642734408378601,0,0,1.642734408378601,0,1
4368,473156,13.6093168258667,-34.505767822265625,-100.02204132080078,1.554518461227417,0,0,1.554518461227417,0,0
4369,443946,-46.28533172607422,-36.45198059082031,-100.91669464111328,1.9138259887695312,0,0,1.9138258695602417,0,1
4370,49901,5.656391143798828,18.206369400024414,312.8407897949219,5.5050530433654785,0,0,141.37161254882812,0,1
4371,514546,8.37399673461914,-1.5975648164749146,160.83738708496094,5.046115875244141,0,0,5.046115875244141,0,1
4372,542293,0.7251406311988831,-27.757675170898438,-56.60301208496094,1.1282260417938232,1,0,1.1282260417938232,0,1
4373,582621,21.0159912109375,-24.656450271606445,-69.98353576660156,0.8487256765365601,1,0,0.8487256765365601,0,0
4374,915350,21.102754592895508,-39.87977981567383,-123.17420196533203,0.619162917137146,1,1,0.619162917137146,0,1
4375,806573,4.727738380432129,6.541175842285156,129.21231079101562,1.4122718572616577,1,0,1.412271499633789,0,0
4376,16033,47.19931411743164,10.123154640197754,-129.25692749023438,1.5605725049972534,0,0,40.71268844604492,0,1
4377,262909,-0.11551854759454727,0.6553962826728821,251.7229766845703,4.2022385597229,0,0,78.65701293945312,0,1
4378,763274,-72.87610626220703,-6.512040615081787,-121.75336456298828,1.6287026405334473,0,0,17.091859817504883,0,1
4379,62512,-13.3911714553833,28.852535247802734,369.0176086425781,0.8215333223342896,1,0,198.48880004882812,0,0
4380,500425,11.194459915161133,1.558362603187561,173.9496612548828,1.4475260972976685,1,0,1.9081854820251465,0,0
4381,854976,-4.31145715713501,-9.802611351013184,20.96576690673828,1.871384620666504,0,0,1.871384620666504,0,1
4382,350939,-2.8742005825042725,20.48991584777832,297.3593444824219,7.6380934715271,0,0,126.47509002685547,0,1
4383,583613,29.096033096313477,-16.38143539428711,-72.5658187866211,1.2217942476272583,1,0,1.2217943668365479,1,1
4384,978787,-54.22663116455078,-87.68611907958984,-98.74724578857422,1.2076120376586914,1,0,5.164873123168945,0,1
4385,251860,-2.8494184017181396,-4.986058235168457,239.9183349609375,0.7876278758049011,1,0,66.17755126953125,1,1
4386,947613,-101.9774169921875,18.460954666137695,-143.5094757080078,1.3961844444274902,1,0,61.07089614868164,0,1
4387,635029,13.658604621887207,-0.6629467010498047,-14.904108047485352,0.9193594455718994,1,0,0.9193594455718994,0,1
4388,96308,2.5177838802337646,2.5769541263580322,289.02655029296875,1.1467556953430176,1,0,115.788818359375,0,0
4389,449758,-44.66651916503906,-47.0682373046875,-92.94767761230469,0.6190840601921082,1,1,0.6190840601921082,1,1
4390,292999,10.306127548217773,15.254427909851074,327.369140625,0.8504832983016968,1,0,155.2911834716797,0,0
4391,267082,-9.771037101745605,15.028621673583984,258.9128112792969,3.00935435295105,0,0,87.54120635986328,0,1
4392,711017,-37.088932037353516,-39.859100341796875,-78.10777282714844,1.2612910270690918,1,0,1.2612910270690918,0,1
4393,287081,-5.077706813812256,20.43416404724121,239.11915588378906,0.763556718826294,1,0,68.44172668457031,0,1
4394,605308,-32.60990905761719,-18.64471435546875,-29.69384002685547,3.098564624786377,0,0,3.098564624786377,0,1
4395,173642,4.643795967102051,12.080074310302734,187.0230712890625,1.4373637437820435,1,0,15.679932594299316,0,0
4396,293489,5.255484104156494,8.319258689880371,326.9251403808594,1.0818439722061157,1,0,154.0702667236328,0,1
4397,237931,6.893624782562256,-9.242559432983398,182.8861083984375,0.6616554856300354,1,0,8.962502479553223,0,0
4398,35428,28.285079956054688,-25.183469772338867,-123.99695587158203,0.8368607759475708,1,0,0.8656970262527466,0,0
4399,107712,8.514081001281738,14.237801551818848,260.7257995605469,2.8220717906951904,0,0,89.06470489501953,0,1
4400,618639,-10.631855964660645,-8.293041229248047,-26.02998161315918,0.5845350027084351,1,1,0.5845350027084351,0,1
4401,476639,22.1805419921875,-42.24552917480469,-103.36203002929688,1.0104857683181763,1,0,1.0104857683181763,0,1
4402,782588,-9.919631004333496,14.437681198120117,35.605655670166016,1.3252946138381958,1,0,1.3252946138381958,0,1
4403,259032,-6.39400577545166,2.5693376064300537,251.83209228515625,4.259985446929932,0,0,79.05291748046875,0,0
4404,767268,8.510992050170898,5.209517002105713,79.16577911376953,1.421068549156189,1,0,1.421068549156189,0,1
4405,402586,-1.5503650903701782,-1.5381925106048584,-32.91543960571289,4.231146335601807,0,0,4.231146335601807,0,1
4406,850964,-10.80207633972168,-5.384339332580566,6.503327369689941,2.6247076988220215,0,0,2.6247076988220215,0,0
4407,205952,3.600907564163208,12.090002059936523,221.48268127441406,5.088944911956787,0,0,50.11283874511719,0,0
4408,570580,-9.32136344909668,5.11129903793335,75.93435668945312,3.9230592250823975,0,0,3.9230589866638184,0,1
4409,422676,-34.575923919677734,-30.33565330505371,-46.04022979736328,3.214815616607666,0,0,3.214815616607666,0,0
4410,324021,7.557677745819092,26.978260040283203,356.49176025390625,2.3408215045928955,0,0,185.6422119140625,0,1
4411,805696,-8.311593055725098,-2.8329594135284424,127.57758331298828,2.8239762783050537,0,0,2.8239762783050537,0,2
4412,758447,-67.88697052001953,-11.671829223632812,-114.54521942138672,1.617624282836914,0,0,7.390778064727783,0,1
4413,678781,16.345067977905273,3.1172192096710205,-49.017276763916016,1.5239595174789429,0,0,1.5239595174789429,0,1
4414,64260,-7.084269046783447,26.129085540771484,363.8685607910156,6.982962131500244,0,0,193.11557006835938,0,0
4415,686713,-38.52334976196289,-46.686012268066406,-67.64517211914062,2.213793992996216,0,0,2.213793992996216,0,1
4416,167777,2.455273389816284,11.125033378601074,177.19900512695312,2.0788419246673584,0,0,6.139007568359375,0,1
4417,876336,17.544147491455078,-26.726167678833008,-96.94388580322266,1.4245455265045166,1,0,1.4245456457138062,0,1
4418,267244,-1.5184695720672607,-1.5967650413513184,264.54974365234375,0.8614270687103271,1,0,91.02519226074219,0,1
4419,2911,53.10858917236328,30.54477882385254,-128.24676513671875,0.660717248916626,1,0,61.631439208984375,0,1
4420,674334,18.589170455932617,-6.6805219650268555,-51.082645416259766,6.97147798538208,0,0,6.97147798538208,0,0
4421,981558,-54.7950553894043,-95.13890838623047,-100.19229888916016,1.4546934366226196,1,0,12.539609909057617,0,2
4422,939235,-90.33245086669922,7.77303409576416,-134.3721160888672,1.6076637506484985,0,0,42.83197021484375,0,1
4423,843344,6.524531841278076,-7.311641693115234,94.9556884765625,0.7147659659385681,1,0,0.7147659659385681,0,1
4424,531706,-5.0265326499938965,-17.37012481689453,77.04351806640625,2.5694236755371094,0,0,2.5694236755371094,0,1
4425,238842,7.864190578460693,-8.431519508361816,184.76422119140625,0.7379912734031677,1,0,10.910276412963867,0,0
4426,421929,-23.138547897338867,-22.31917953491211,-47.451072692871094,0.581352710723877,1,1,0.581352710723877,0,1
4427,233966,3.259315252304077,-2.834763526916504,177.4663543701172,8.064958572387695,0,0,9.187755584716797,0,0
4428,672946,20.965425491333008,0.9046118259429932,-55.043941497802734,1.068683385848999,1,0,1.0686832666397095,0,0
4429,312481,-6.086365699768066,31.891027450561523,336.4730224609375,0.7910462617874146,1,0,166.47145080566406,0,0
4430,229526,-5.4377641677856445,-11.311542510986328,176.4840545654297,0.76090008020401,1,0,2.520172595977783,0,1
4431,589023,11.893250465393066,-24.718135833740234,-70.87709045410156,1.3357625007629395,1,0,1.3357625007629395,0,1
4432,879541,28.87953758239746,-27.04347038269043,-84.69889068603516,1.1029845476150513,1,0,1.1029845476150513,0,1
4433,252247,-4.043659687042236,-4.0784687995910645,243.74044799804688,0.7928366661071777,1,0,70.09281921386719,0,1
4434,110025,-0.9033440351486206,22.760366439819336,263.7614440917969,1.731981635093689,0,0,93.15762329101562,0,1
4435,86146,-2.8841843605041504,-0.4133996069431305,278.2931823730469,0.6324347853660583,1,0,104.82231903076172,0,1
4436,800153,-9.4541597366333,0.47481557726860046,124.20199584960938,0.9523892402648926,1,0,0.9523894190788269,0,2
4437,630637,8.984437942504883,-7.388680934906006,-10.993276596069336,4.158839225769043,0,0,4.158839225769043,0,1
4438,185256,-11.651094436645508,2.601370096206665,169.65301513671875,1.0271408557891846,1,0,1.0271408557891846,0,1
4439,379743,-12.007165908813477,7.981584548950195,283.6064758300781,1.0907461643218994,1,0,111.18933868408203,0,0
4440,613133,-20.140766143798828,-17.224851608276367,-34.71134948730469,2.7577836513519287,0,0,2.7577836513519287,0,1
4441,712768,-45.03968048095703,-44.59169006347656,-68.66563415527344,1.2627047300338745,1,0,1.2627047300338745,0,0
4442,748363,-52.734622955322266,-28.36150550842285,-108.80960083007812,0.7380374073982239,1,0,0.7380374073982239,0,1
4443,91530,-3.739619255065918,0.527073085308075,280.01763916015625,0.9491362571716309,1,0,106.65727233886719,0,0
4444,924767,16.686267852783203,-51.47207260131836,-122.0582504272461,0.9887908697128296,1,0,0.9887908697128296,0,0
4445,492129,7.077747821807861,14.609471321105957,2.8992652893066406,3.481370687484741,0,0,3.481370687484741,0,1
4446,633338,11.613892555236816,-4.661075592041016,-9.973328590393066,2.5755233764648438,0,0,2.5755233764648438,0,1
4447,496904,2.6824536323547363,7.892960548400879,-7.368296146392822,6.395762920379639,0,0,6.395762920379639,0,2
4448,720571,-45.39255905151367,-46.222900390625,-85.86699676513672,1.3218976259231567,1,0,1.3218976259231567,0,1
4449,143500,-12.123998641967773,24.25337028503418,328.1924133300781,1.3487673997879028,1,0,157.39892578125,0,1
4450,127777,9.9765043258667,11.82505989074707,305.1420593261719,1.1476668119430542,1,0,132.8206787109375,0,1
4451,785052,-0.623905599117279,18.250478744506836,34.75924301147461,2.6825454235076904,0,0,2.6825454235076904,0,1
4452,435010,-36.5907096862793,-22.433809280395508,-60.0937614440918,0.9081480503082275,1,0,0.9081480503082275,0,1
4453,221437,10.558320999145508,3.6255366802215576,229.65003967285156,1.4466668367385864,1,0,56.9002571105957,0,0
4454,551938,0.5705838799476624,-24.40080451965332,-33.94959259033203,0.8511646389961243,1,0,0.8511646389961243,0,1
4455,636547,8.871182441711426,-8.508919715881348,4.538768291473389,1.263674259185791,1,0,1.263674259185791,0,1
4456,944607,-92.96247863769531,16.047346115112305,-137.63726806640625,0.6318236589431763,1,0,51.04206085205078,0,0
4457,967353,23.24334716796875,-83.66143035888672,-115.95854187011719,0.5324881672859192,1,0,11.690092086791992,0,1
4458,983271,-58.28744888305664,-101.67381286621094,-100.22492980957031,1.0147697925567627,1,0,19.649457931518555,0,1
4459,912100,23.6650333404541,-32.68440246582031,-123.89897155761719,0.5964230298995972,1,1,0.5964229702949524,0,1
4460,14562,45.55365753173828,8.776908874511719,-123.92585754394531,0.557636022567749,1,0,38.59970474243164,0,1
4461,830103,11.123398780822754,-12.525900840759277,110.1449966430664,0.9072651267051697,1,0,0.9072650671005249,0,1
4462,47028,-4.977118968963623,24.938650131225586,315.7915344238281,4.8302531242370605,0,0,145.17636108398438,0,1
4463,49465,10.67546272277832,20.26103401184082,310.3938903808594,0.7236984372138977,1,0,139.030517578125,0,1
4464,648730,-15.266423225402832,-21.850597381591797,-19.415420532226562,2.4594838619232178,0,0,2.4594838619232178,0,1
4465,92234,-9.090021133422852,7.3191399574279785,269.7359313964844,3.7970995903015137,0,0,97.38069915771484,0,1
4466,464331,18.445016860961914,-44.76502227783203,-83.25906372070312,1.6882386207580566,0,0,1.6882386207580566,0,1
4467,371241,-6.517966270446777,18.011930465698242,366.7198791503906,6.058279991149902,0,0,194.94090270996094,0,1
4468,956351,33.62818908691406,-64.94632720947266,-106.98615264892578,0.9045156836509705,1,0,0.9045156836509705,0,1
4469,333337,11.194843292236328,15.014317512512207,275.55914306640625,0.8029158115386963,1,0,103.8153076171875,0,0
4470,221106,-3.216989040374756,-7.506296634674072,214.486328125,0.7318603992462158,1,0,40.63483810424805,0,1
4471,74229,2.068267583847046,34.50019073486328,364.42645263671875,0.8466389179229736,1,0,194.4574737548828,0,1
4472,289237,-4.269008159637451,18.204160690307617,221.53675842285156,0.9436712861061096,1,0,50.71254348754883,0,1
4473,564796,-16.72907257080078,-2.762965202331543,64.3863296508789,1.480164647102356,1,0,1.480164647102356,0,1
4474,594413,6.370380401611328,-20.716142654418945,-69.42345428466797,2.958759069442749,0,0,2.958759069442749,0,2
4475,663588,-5.377936363220215,-5.564661502838135,0.5675241351127625,6.560777187347412,0,0,6.560777187347412,0,1
4476,44839,-0.20775829255580902,27.59459686279297,307.388427734375,1.9056493043899536,0,0,137.037841796875,0,1
4477,924728,19.509471893310547,-52.093772888183594,-117.91080474853516,1.1719828844070435,1,0,1.171982765197754,0,1
4478,516570,-4.432399272918701,10.455836296081543,170.63946533203125,1.8024529218673706,0,0,1.8024529218673706,0,1
4479,881323,23.750539779663086,-15.306742668151855,-88.95757293701172,0.7619033455848694,1,0,0.7619033455848694,0,1
4480,123910,2.827803373336792,3.8516623973846436,300.83941650390625,0.9680154323577881,1,0,127.66259002685547,0,0
4481,321647,4.504400253295898,21.85989761352539,333.9002990722656,6.301216125488281,0,0,162.73854064941406,0,1
4482,569624,-8.880692481994629,-14.787528038024902,65.770263671875,2.8193118572235107,0,0,2.8193118572235107,0,2
4483,127423,-0.2940981984138489,5.51502799987793,305.11285400390625,2.7429540157318115,0,0,132.15786743164062,0,0
4484,967250,19.45677375793457,-86.4545669555664,-118.18289184570312,1.547028660774231,0,0,16.711496353149414,0,1
4485,523957,-0.39818134903907776,1.9088363647460938,86.3710708618164,3.6597530841827393,0,0,3.6597530841827393,0,1
4486,605234,-26.99867057800293,-7.664822101593018,-31.03392791748047,0.9023661017417908,1,0,0.9023661017417908,0,0
4487,148491,-0.7346603274345398,-8.876981735229492,203.3839111328125,0.9646196961402893,1,0,29.430553436279297,0,1
4488,74272,5.786281585693359,28.292591094970703,355.5567321777344,2.8855443000793457,0,0,184.89639282226562,0,0
4489,760338,-75.7712631225586,-8.785430908203125,-119.8284683227539,0.6099826097488403,1,0,16.51582145690918,0,1
4490,44041,-2.1857433319091797,30.35536003112793,314.88726806640625,0.7085113525390625,1,0,144.81973266601562,0,2
4491,542407,-2.9701287746429443,-20.624286651611328,-57.8966178894043,2.3841500282287598,0,0,2.3841500282287598,0,2
4492,588297,24.14120864868164,-8.383379936218262,-80.76915740966797,0.5448696613311768,1,1,0.5448696613311768,0,0
4493,135811,-7.753816604614258,21.485177993774414,310.8185119628906,5.045905590057373,0,0,139.86326599121094,0,1
4494,59144,10.54707145690918,20.618877410888672,325.5978698730469,0.8368741273880005,1,0,154.170166015625,0,1
4495,763416,-73.70280456542969,-5.339229106903076,-123.54573822021484,0.8508560061454773,1,0,19.141597747802734,0,1
4496,959568,24.817014694213867,-63.151405334472656,-98.8777847290039,0.6056764125823975,1,1,0.6056764125823975,0,0
4497,569433,-17.641372680664062,-5.91354513168335,77.10553741455078,1.4629954099655151,1,0,1.4629954099655151,0,1
4498,143921,-9.629971504211426,28.45562171936035,326.1075439453125,1.0142611265182495,1,0,155.8043670654297,0,2
4499,100977,11.281231880187988,13.222726821899414,294.78204345703125,0.7309918999671936,1,0,122.68516540527344,0,0
4500,634028,-3.4115452766418457,-12.627589225769043,-3.4483766555786133,2.979872226715088,0,0,2.979872226715088,0,1
4501,558436,-5.432768821716309,-15.329941749572754,-30.427534103393555,1.7999624013900757,0,0,1.7999624013900757,0,1
4502,140466,-13.298819541931152,21.039073944091797,309.5386657714844,0.8023116588592529,1,0,138.5033721923828,0,1
4503,722754,-40.38705062866211,-52.31523513793945,-78.78228759765625,1.2205928564071655,1,0,1.2205928564071655,0,0
4504,961844,7.645049571990967,-99.80702209472656,-121.762939453125,1.69428551197052,0,0,34.86529541015625,0,2
4505,496409,-11.146227836608887,3.7282462120056152,-2.427391767501831,1.1771330833435059,1,0,1.1771330833435059,0,1
4506,500673,11.749652862548828,-0.4647473394870758,173.54507446289062,1.022642731666565,1,0,1.0888439416885376,0,0
4507,914443,25.941186904907227,-40.05252456665039,-127.2563705444336,0.9394291043281555,1,0,0.9394291043281555,0,0
4508,608458,-27.102197647094727,-20.774137496948242,-31.795534133911133,6.559245586395264,0,0,6.559245586395264,0,2
4509,400107,5.043877601623535,0.7976071238517761,-28.013364791870117,0.9593697190284729,1,0,0.9593697786331177,0,1
4510,620439,-12.073086738586426,-18.642356872558594,-28.027271270751953,1.451259732246399,1,0,1.451259732246399,0,0
4511,342866,-1.1600109338760376,25.343721389770508,285.5224609375,1.7235866785049438,0,0,115.07051086425781,0,1
4512,666786,23.229000091552734,-5.532588005065918,-73.55704498291016,1.205568552017212,1,0,1.205568552017212,0,1
4513,838563,6.252757549285889,-6.162479400634766,99.45490264892578,0.5984490513801575,1,1,0.598449170589447,0,1
4514,191081,5.9522175788879395,9.573619842529297,191.29327392578125,3.074211835861206,0,0,19.79751205444336,0,0
4515,284368,-6.311373710632324,16.120874404907227,227.30538940429688,2.1935324668884277,0,0,56.247596740722656,0,0
4516,88690,3.8783841133117676,4.312755107879639,274.37890625,3.560425043106079,0,0,101.49639892578125,0,0
4517,409154,5.944408893585205,2.660855531692505,-21.052001953125,3.1055245399475098,0,0,3.1055245399475098,0,1
4518,244708,-2.1701831817626953,-12.871164321899414,172.73095703125,0.7340183854103088,1,0,0.7340183854103088,0,0
4519,478362,4.5609869956970215,20.372112274169922,24.057735443115234,1.3683078289031982,1,0,1.3683078289031982,0,1
4520,211943,-4.49483585357666,0.04796022176742554,226.98361206054688,5.618008613586426,0,0,54.24107360839844,0,0
4521,675166,3.1618502140045166,-0.2304951548576355,-52.4240608215332,4.811466217041016,0,0,4.811466217041016,0,2
4522,583835,26.38180923461914,-23.58062171936035,-74.03927612304688,2.0037014484405518,0,0,2.0037014484405518,0,1
4523,432119,-44.092803955078125,-20.987131118774414,-51.16440200805664,2.349144220352173,0,0,2.349144220352173,0,0
4524,978555,-54.492671966552734,-88.37296295166016,-100.10852813720703,0.6986488103866577,1,0,6.034092426300049,0,1
4525,741273,-34.305877685546875,-51.59605407714844,-86.32244110107422,0.5659323930740356,1,1,0.5659323930740356,0,1
4526,800372,-0.11197126656770706,5.616619110107422,121.7542953491211,1.0209020376205444,1,0,1.0209019184112549,0,0
4527,737602,-34.525421142578125,-62.540096282958984,-96.0711669921875,1.699237585067749,0,0,1.699237585067749,0,1
4528,62108,-12.593907356262207,22.419885635375977,368.3788757324219,2.0308926105499268,0,0,197.0876007080078,0,1
4529,635608,3.9396162033081055,9.05676555633545,-6.052126884460449,6.452417850494385,0,0,6.452417850494385,0,2
4530,957508,29.59449577331543,-62.59893798828125,-102.93453979492188,0.6718249320983887,1,0,0.6718249320983887,0,0
4531,280974,-2.012220859527588,16.284719467163086,226.83143615722656,3.591066360473633,0,0,55.828887939453125,0,1
4532,447109,-43.24763488769531,-40.08774948120117,-92.52505493164062,0.6430889964103699,1,0,0.6430889964103699,0,1
4533,318348,8.23210620880127,26.51964569091797,341.0441589355469,1.2773939371109009,1,0,170.23403930664062,0,1
4534,8955,49.43895721435547,20.65016746520996,-129.5257110595703,0.7382633686065674,1,0,51.165645599365234,0,0
4535,658534,-10.23165225982666,2.9336025714874268,-9.117182731628418,0.8904353380203247,1,0,0.8904353380203247,0,2
4536,833461,6.417423725128174,-19.42384147644043,103.48497009277344,0.4832051694393158,1,1,0.48320505023002625,0,1
4537,953512,32.73747634887695,-69.71253204345703,-110.5999755859375,0.650326132774353,1,0,0.650326132774353,0,1
4538,838821,-1.9431474208831787,-21.117958068847656,99.7752685546875,0.5995873212814331,1,1,0.5995873212814331,0,1
4539,634162,11.332645416259766,-3.8908379077911377,-1.1806384325027466,2.0464227199554443,0,0,2.0464227199554443,0,2
4540,833178,8.315382957458496,-11.0673828125,111.17103576660156,3.501248836517334,0,0,3.501248836517334,0,1
4541,266631,-8.040678024291992,6.239376068115234,260.8550109863281,4.666585922241211,0,0,88.47468566894531,0,0
4542,900627,17.07090950012207,-49.11880111694336,-90.8446273803711,0.5060102939605713,1,1,0.5060102343559265,0,0
4543,677500,16.89668846130371,-1.7979469299316406,-49.25810241699219,5.189443588256836,0,0,5.189443588256836,0,1
4544,144367,-3.4193484783172607,-10.205946922302246,193.50595092773438,0.7315844297409058,1,0,19.4831485748291,0,0
4545,107066,9.978346824645996,6.27375602722168,266.7979736328125,1.1790467500686646,1,0,94.09150695800781,0,1
4546,860418,-0.15549570322036743,1.2013015747070312,29.618722915649414,11.814963340759277,0,0,11.814963340759277,0,3
4547,398824,3.163957357406616,1.8409570455551147,-33.95549392700195,2.486668348312378,0,0,2.486668348312378,0,1
4548,421624,-36.78478240966797,-28.789745330810547,-42.637977600097656,2.114856719970703,0,0,2.114856719970703,0,0
4549,146445,-2.9664790630340576,-9.251484870910645,201.0801239013672,0.7944272756576538,1,0,27.1163272857666,0,0
4550,324881,4.176485061645508,15.91038990020752,353.1080322265625,4.586117267608643,0,0,181.03854370117188,0,0
4551,412433,-7.716290473937988,1.8761861324310303,-18.842727661132812,1.2577041387557983,1,0,1.2577041387557983,1,1
4552,198585,10.025970458984375,-1.063963532447815,214.38861083984375,1.1768503189086914,1,0,41.1885871887207,0,0
4553,292847,1.7217084169387817,7.368800640106201,333.6202087402344,0.9170394539833069,1,0,160.63699340820312,0,1
4554,794086,3.6366655826568604,-3.8927385807037354,106.30801391601562,2.297914981842041,0,0,2.297914981842041,0,0
4555,450938,-39.29363250732422,-40.514957427978516,-94.62147521972656,0.6832420825958252,1,0,0.6832420825958252,0,0
4556,121157,6.280078411102295,0.9726795554161072,253.9493865966797,1.6768685579299927,0,0,80.74698638916016,0,0
4557,94250,-5.872524738311768,2.7980880737304688,280.11962890625,2.1412899494171143,0,0,107.06796264648438,0,1
4558,476438,22.754865646362305,-40.992733001708984,-103.25169372558594,0.9008998870849609,1,0,0.9008998870849609,0,1
4559,278233,1.2891188859939575,18.893024444580078,241.50784301757812,2.2668232917785645,0,0,70.6012191772461,0,1
4560,286494,1.8143255710601807,19.248397827148438,229.03048706054688,0.6704840660095215,1,0,58.21825408935547,0,1
4561,162652,-9.994544982910156,10.166152000427246,215.9056396484375,2.371943473815918,0,0,44.272884368896484,0,1
4562,802443,12.775459289550781,-1.251083254814148,119.61027526855469,0.9525307416915894,1,0,0.9525309205055237,0,0
4563,217114,-3.1144604682922363,-6.5777058601379395,221.72283935546875,0.7889978885650635,1,0,47.93067169189453,0,1
4564,552195,4.731109619140625,-14.122781753540039,-31.94647789001465,7.7350945472717285,0,0,7.7350945472717285,0,1
4565,693298,-40.19439697265625,-39.11196517944336,-52.565757751464844,0.7606807947158813,1,0,0.7606807947158813,0,1
4566,284387,-10.253463745117188,14.35098934173584,230.5471649169922,1.3014109134674072,1,0,59.25955581665039,0,0
4567,258291,-10.955517768859863,3.0207064151763916,255.32110595703125,1.0979636907577515,1,0,82.50654602050781,0,0
4568,943042,-92.4258804321289,11.385298728942871,-138.50100708007812,0.677685558795929,1,0,48.33124542236328,0,0
4569,922969,21.90755271911621,-54.537071228027344,-119.05278778076172,0.5927655696868896,1,1,0.5927655100822449,0,0
4570,351776,-5.2850165367126465,22.873136520385742,297.3622131347656,4.490097999572754,0,0,126.6343002319336,0,1
4571,11266,48.577640533447266,15.477417945861816,-124.4345703125,0.6632339358329773,1,0,45.9643669128418,0,1
4572,572252,-8.522074699401855,-10.416071891784668,71.18370819091797,7.201956748962402,0,0,7.201956748962402,0,1
4573,856412,-9.695818901062012,-9.24059009552002,32.969078063964844,1.212162971496582,1,0,1.212162971496582,0,1
4574,109187,11.111326217651367,12.207216262817383,255.58790588378906,0.8221902251243591,1,0,83.65623474121094,0,0
4575,989719,-66.1337661743164,-122.69119262695312,-105.48988342285156,0.600306510925293,1,0,42.61800003051758,0,1
4576,862233,8.650362968444824,-6.574091911315918,28.859073638916016,1.3488696813583374,1,0,1.3488696813583374,0,1
4577,629022,5.98619270324707,-13.357683181762695,-11.26925277709961,1.8233493566513062,0,0,1.8233494758605957,0,2
4578,532599,13.155318260192871,-5.226552486419678,63.15457534790039,1.077427864074707,1,0,1.077427864074707,0,2
4579,612671,-23.66627311706543,-25.1241397857666,-35.0704231262207,1.819413423538208,0,0,1.819413423538208,0,1
4580,230955,-5.3004984855651855,-9.9261474609375,175.1263427734375,1.86018967628479,0,0,2.1785783767700195,0,2
4581,428386,-41.395973205566406,-15.513051986694336,-40.696441650390625,1.409008264541626,1,0,1.409008264541626,0,1
4582,374287,-10.865551948547363,16.949932098388672,267.2701110839844,1.861737608909607,0,0,96.0430908203125,0,1
4583,174395,3.5359115600585938,11.046504020690918,185.52764892578125,2.48407244682312,0,0,14.24051284790039,0,1
4584,783885,2.970808744430542,6.261756420135498,36.65516662597656,8.47735595703125,0,0,8.47735595703125,0,1
4585,247249,7.018385410308838,-9.110936164855957,167.50448608398438,2.312234401702881,0,0,2.312234401702881,0,1
4586,863446,-2.1878085136413574,-13.781996726989746,40.47744369506836,1.6656389236450195,0,0,1.6656389236450195,0,1
4587,22548,43.92165756225586,-3.1063473224639893,-126.44893646240234,0.6580857634544373,1,0,27.247692108154297,0,0
4588,694399,-38.81012725830078,-42.40394973754883,-59.92641067504883,2.9345521926879883,0,0,2.9345521926879883,0,0
4589,754846,-68.04240417480469,-15.354227066040039,-116.8248519897461,0.6749910116195679,1,0,6.238325119018555,0,1
4590,985595,-59.83060836791992,-111.46720886230469,-104.95348358154297,0.6116564273834229,1,0,30.14320945739746,0,2
4591,841428,3.5342299938201904,-12.340304374694824,101.52609252929688,4.208184719085693,0,0,4.208184719085693,0,0
4592,879525,23.273021697998047,-33.044410705566406,-84.8814468383789,0.6249065399169922,1,1,0.6249065399169922,0,1
4593,344739,10.183748245239258,18.428319931030273,290.3357238769531,0.981384813785553,1,0,118.90511322021484,0,1
4594,27884,38.95977783203125,-11.897597312927246,-124.94610595703125,0.7002778053283691,1,0,17.141496658325195,0,1
4595,56300,5.660917282104492,27.917482376098633,327.0743408203125,1.2365301847457886,1,0,156.5548858642578,0,1
4596,430509,-41.46657943725586,-19.27615737915039,-51.456363677978516,2.990105152130127,0,0,2.990105152130127,0,1
4597,214572,2.2818257808685303,4.095243453979492,217.17755126953125,9.873037338256836,0,0,45.71833038330078,0,0
4598,636463,4.145682334899902,7.652676105499268,-3.2753350734710693,8.895685195922852,0,0,8.895685195922852,0,1
4599,415851,-23.868833541870117,-25.2417049407959,-41.8813591003418,0.7949876189231873,1,0,0.7949876189231873,0,1
4600,763459,-77.5648422241211,-6.574334144592285,-123.14539337158203,0.7082622647285461,1,0,20.613765716552734,0,0
4601,186618,10.341958999633789,-4.11259651184082,190.98191833496094,1.0438226461410522,1,0,17.593917846679688,0,1
4602,624820,0.9779950380325317,-14.708697319030762,-23.687931060791016,0.6656134128570557,1,0,0.6656134128570557,0,1
4603,761295,-68.00556945800781,-9.634078025817871,-117.22661590576172,1.5751546621322632,0,0,9.95744800567627,0,1
4604,595741,14.68185043334961,-28.049924850463867,-56.50585174560547,1.3903120756149292,1,0,1.3903120756149292,0,2
4605,761087,-70.3251724243164,-9.171757698059082,-119.82621002197266,1.539825677871704,0,0,12.956114768981934,0,1
4606,297680,-3.8362863063812256,15.116297721862793,333.138671875,8.438300132751465,0,0,161.356201171875,0,0
4607,977819,-51.2157096862793,-86.63414764404297,-98.11626434326172,0.7817029356956482,1,0,3.1114511489868164,1,1
4608,673,57.477413177490234,28.66032600402832,-130.8760986328125,0.5898627042770386,1,0,61.881038665771484,0,1
4609,718948,-36.19108581542969,-48.75979995727539,-72.93505859375,0.5736386179924011,1,1,0.5736385583877563,0,1
4610,450921,-40.44733810424805,-40.52611541748047,-93.16755676269531,0.8951122164726257,1,0,0.895112156867981,0,0
4611,497662,1.254230260848999,13.496204376220703,174.84832763671875,0.5996137261390686,1,0,3.7718558311462402,0,1
4612,52151,2.129856586456299,28.959644317626953,321.0032653808594,1.2439285516738892,1,0,150.68728637695312,0,1
4613,731254,-42.48500442504883,-69.13523864746094,-100.59375762939453,0.7932532429695129,1,0,0.7932532429695129,0,1
4614,369666,-12.872387886047363,25.530988693237305,357.1826477050781,1.5761890411376953,0,0,186.3413543701172,0,0
4615,776803,11.032461166381836,10.223071098327637,48.82501983642578,1.3521440029144287,1,0,1.3521440029144287,0,2
4616,369385,-5.619861125946045,15.001021385192871,362.9891357421875,4.539972305297852,0,0,190.82827758789062,0,2
4617,402257,5.443885326385498,-3.1673102378845215,-28.83926773071289,4.564161777496338,0,0,4.564161777496338,0,1
4618,297856,-2.3799002170562744,8.304061889648438,332.9658203125,2.249046802520752,0,0,160.1521453857422,0,1
4619,634366,1.2215807437896729,-14.191596031188965,0.3149295747280121,1.053030014038086,1,0,1.053030014038086,0,2
4620,548267,-5.324429035186768,-11.147628784179688,-45.518775939941406,4.488685607910156,0,0,4.488685607910156,0,1
4621,79742,1.713820219039917,33.551578521728516,352.1104736328125,0.8796881437301636,1,0,182.11941528320312,0,0
4622,266911,4.859724044799805,-0.38461750745773315,252.49082946777344,1.5700255632400513,0,0,79.14656829833984,0,0
4623,844501,5.595723628997803,-13.867485046386719,93.94879150390625,0.8953892588615417,1,0,0.8953892588615417,0,1
4624,127735,7.591597080230713,12.308802604675293,300.060546875,3.6436164379119873,0,0,127.9033432006836,0,1
4625,651566,-12.155156135559082,-18.9717960357666,-22.08281707763672,3.0986008644104004,0,0,3.0986008644104004,0,1
4626,485148,4.227651119232178,14.004770278930664,18.374664306640625,7.1535186767578125,0,0,7.1535186767578125,0,0
4627,1544,59.31771469116211,31.402976989746094,-126.32266998291016,0.824216365814209,1,0,65.00308990478516,0,1
4628,682427,19.3244686126709,-4.593464374542236,-37.6956787109375,1.5152897834777832,0,0,1.5152897834777832,0,1
4629,134860,0.5711755752563477,9.836522102355957,318.312744140625,5.022367000579834,0,0,145.83148193359375,0,1
4630,93875,7.351572513580322,9.808296203613281,274.3296203613281,4.2338175773620605,0,0,102.09668731689453,0,0
4631,665785,26.229129791259766,-9.177053451538086,-79.0283203125,0.9676816463470459,1,0,0.9676816463470459,0,1
4632,172092,-12.501533508300781,2.720184326171875,177.8776092529297,0.851866602897644,1,0,5.610877990722656,0,1
4633,155629,-6.378695964813232,-0.9522720575332642,207.5417022705078,5.170652866363525,0,0,34.930206298828125,0,2
4634,266433,1.0873258113861084,-0.47385796904563904,255.38934326171875,2.460024833679199,0,0,82.074462890625,0,1
4635,452470,-40.97352600097656,-42.70816421508789,-99.385986328125,1.5164375305175781,0,0,1.5164375305175781,0,0
4636,940257,-90.21611785888672,5.975274085998535,-134.3653106689453,0.6870481967926025,1,0,41.64735412597656,0,1
4637,193706,5.578634738922119,7.0927019119262695,202.5174560546875,5.969435214996338,0,0,30.983915328979492,0,1
4638,197432,11.268688201904297,7.599770545959473,214.70046997070312,0.9896891713142395,1,0,42.51572036743164,0,1
4639,903946,15.16663646697998,-47.85145950317383,-105.21746826171875,0.6871402263641357,1,0,0.6871402263641357,0,0
4640,559736,-7.962162494659424,-14.019505500793457,-31.241514205932617,0.7047027945518494,1,0,0.7047027349472046,0,0
4641,552270,-4.214234352111816,-5.337184429168701,-53.515499114990234,3.0630972385406494,0,0,3.0630972385406494,0,1
4642,549098,17.29900360107422,-16.384567260742188,-37.703277587890625,2.905806064605713,0,0,2.905806064605713,0,1
4643,700442,-31.60673713684082,-34.00687026977539,-55.57432556152344,2.117064952850342,0,0,2.117064952850342,0,0
4644,890907,21.533170700073242,-63.670475006103516,-102.33857727050781,0.6950669288635254,1,0,0.6950669288635254,0,1
4645,988197,-64.78871154785156,-119.33663177490234,-103.5760269165039,0.5966118574142456,1,0,38.7238655090332,0,1
4646,327509,7.11798095703125,15.344813346862793,348.77783203125,2.4692132472991943,0,0,176.60198974609375,0,0
4647,696412,-41.30211639404297,-39.05291748046875,-54.83706283569336,1.6466248035430908,0,0,1.6466248035430908,0,1
4648,99602,6.983835697174072,6.533488750457764,293.1523132324219,1.6187876462936401,0,0,120.31893157958984,0,0
4649,428399,-41.87725830078125,-20.93293571472168,-38.835594177246094,1.220450758934021,1,0,1.2204506397247314,0,0
4650,74456,7.946521759033203,16.831056594848633,364.3868103027344,1.4836771488189697,1,0,192.2569122314453,0,1
4651,880923,24.051210403442383,-29.503055572509766,-84.25586700439453,0.35481876134872437,1,1,0.354818731546402,0,0
4652,947033,-101.3431625366211,17.88338851928711,-139.27825927734375,0.8480873703956604,1,0,58.22138595581055,0,1
4653,907697,18.156471252441406,-47.55110549926758,-106.12946319580078,0.8566930294036865,1,0,0.8566930294036865,0,0
4654,441706,-46.33815002441406,-33.51374816894531,-99.15623474121094,0.6692107915878296,1,0,0.6692108511924744,0,0
4655,76599,9.476310729980469,27.974557876586914,370.5125427246094,0.9061896800994873,1,0,199.65028381347656,1,1
4656,188846,10.576864242553711,8.169819831848145,195.79579162597656,1.043582558631897,1,0,23.826969146728516,0,0
4657,290909,7.758108615875244,12.336284637451172,336.5434265136719,1.2740360498428345,1,0,164.07740783691406,0,1
4658,889286,26.79645538330078,-13.7614164352417,-82.79261779785156,1.847418189048767,0,0,1.847418189048767,0,1
4659,120143,-9.54458999633789,19.172138214111328,254.80836486816406,0.9049169421195984,1,0,83.90962219238281,0,1
4660,9094,51.120269775390625,23.20111846923828,-128.4002685546875,1.5342700481414795,0,0,54.1702995300293,0,0
4661,670527,5.019226551055908,-1.5213630199432373,-61.37185287475586,4.161013126373291,0,0,4.161013126373291,0,1
4662,816029,-5.249516487121582,-6.2497239112854,132.68795776367188,6.230666160583496,0,0,6.230666160583496,0,1
4663,592445,4.574520111083984,-18.6633243560791,-73.5914306640625,1.0119292736053467,1,0,1.0119291543960571,0,1
4664,930084,18.27811622619629,-57.02080154418945,-112.28274536132812,1.1518175601959229,1,0,1.1518176794052124,0,1
4665,462097,12.426448822021484,-35.58925247192383,-84.86212158203125,2.477346420288086,0,0,2.477346420288086,0,1
4666,132082,8.847821235656738,10.922306060791016,313.4845886230469,1.3398946523666382,1,0,141.0067596435547,0,1
4667,400419,8.461454391479492,-2.109815835952759,-28.167827606201172,1.9101271629333496,0,0,1.9101271629333496,0,1
4668,194810,4.565533638000488,-1.2175829410552979,203.68556213378906,5.8974738121032715,0,0,31.153596878051758,0,1
4669,245415,1.9441689252853394,-12.754900932312012,172.50607299804688,0.6669435501098633,1,0,0.6669434309005737,0,1
4670,982506,-58.03923034667969,-101.4332275390625,-103.14895629882812,0.5436039566993713,1,0,19.87198829650879,0,2
4671,442058,-49.359619140625,-27.259925842285156,-106.3461685180664,1.2948923110961914,1,0,1.2948923110961914,0,1
4672,438715,-49.08817672729492,-31.379880905151367,-100.56815338134766,0.6259219646453857,1,1,0.6259219646453857,0,0
4673,420125,-30.037193298339844,-28.416067123413086,-50.382076263427734,3.460949182510376,0,0,3.460949182510376,0,1
4674,166599,-3.239973783493042,12.927295684814453,179.45956420898438,1.1232857704162598,1,0,8.360011100769043,0,1
4675,912223,27.64678955078125,-35.38679504394531,-127.12841796875,1.1655513048171997,1,0,1.1655513048171997,0,1
4676,417414,-31.56475257873535,-27.200151443481445,-36.97781753540039,1.2570945024490356,1,0,1.2570945024490356,0,1
4677,97421,7.811953067779541,8.093659400939941,284.2166748046875,2.6753592491149902,0,0,111.64883422851562,0,1
4678,248933,-12.423439025878906,3.1738803386688232,242.4180145263672,0.8002528548240662,1,0,69.72539520263672,0,0
4679,455110,-38.60641098022461,-45.39523696899414,-88.68083953857422,0.6966866850852966,1,0,0.6966866850852966,0,0
4680,817453,-4.968914031982422,-16.465330123901367,127.71527099609375,0.8698891997337341,1,0,0.8698893785476685,0,1
4681,767808,2.0042800903320312,15.00970458984375,67.4865493774414,1.1924606561660767,1,0,1.192460536956787,0,1
4682,418296,-33.73738098144531,-24.013051986694336,-37.638607025146484,3.4209177494049072,0,0,3.4209177494049072,0,1
4683,694470,-42.103065490722656,-39.54789352416992,-57.60078811645508,2.5864174365997314,0,0,2.5864174365997314,0,1
4684,963892,15.5632963180542,-91.56932067871094,-121.18608856201172,0.6199052333831787,1,0,23.55132484436035,0,1
4685,74129,8.53087329864502,24.81833267211914,362.5404052734375,2.157860279083252,0,0,191.37875366210938,0,1
4686,504787,13.310494422912598,1.64997398853302,148.5529022216797,1.1091375350952148,1,0,1.1091372966766357,0,1
4687,493333,-8.977492332458496,9.122800827026367,-1.5526865720748901,0.7442755103111267,1,0,0.7442754507064819,0,2
4688,845324,-11.145130157470703,-14.714254379272461,99.15272521972656,2.144164562225342,0,0,2.144164562225342,0,0
4689,735685,-35.17307662963867,-58.31648254394531,-94.3192138671875,0.6422309875488281,1,0,0.6422309279441833,0,0
4690,172983,1.7547980546951294,14.353248596191406,187.8470916748047,0.7006763219833374,1,0,16.755962371826172,0,0
4691,520063,8.602869987487793,-10.847729682922363,86.6112060546875,1.010235071182251,1,0,1.010235071182251,0,1
4692,177095,-2.969862937927246,11.637882232666016,188.55679321289062,3.3317363262176514,0,0,17.478477478027344,0,0
4693,356736,-2.158552646636963,15.51815128326416,350.67596435546875,7.232937335968018,0,0,178.72531127929688,0,1
4694,819577,-4.958990573883057,3.4366776943206787,133.31063842773438,1.9371514320373535,0,0,1.937151551246643,0,1
4695,714844,-43.578678131103516,-47.466644287109375,-72.26459503173828,1.382983684539795,1,0,1.382983684539795,0,0
4696,308617,-13.415437698364258,21.402450561523438,330.5458679199219,0.9784765839576721,1,0,159.4054718017578,0,1
4697,732351,-39.733619689941406,-65.28885650634766,-100.52001953125,0.5202522873878479,1,1,0.5202522873878479,0,1
4698,705582,-37.55231857299805,-30.976835250854492,-70.07593536376953,1.218568205833435,1,0,1.218568205833435,0,0
4699,97021,3.183833122253418,6.9968438148498535,284.2548828125,5.083242416381836,0,0,111.68376159667969,0,1
4700,778676,9.347582817077637,16.36646270751953,46.55410385131836,0.9651913046836853,1,0,0.9651913046836853,0,1
4701,941764,-92.92074584960938,8.854751586914062,-136.6777801513672,0.6516391634941101,1,0,46.221920013427734,0,0
4702,396274,2.414735794067383,2.798919200897217,-39.34184265136719,1.5205180644989014,0,0,1.5205180644989014,0,2
4703,140297,-13.09286880493164,20.06183433532715,305.7435302734375,0.7689515352249146,1,0,134.61871337890625,0,1
4704,793355,2.0053935050964355,-6.142683029174805,102.70543670654297,3.74800705909729,0,0,3.74800705909729,0,0
4705,476970,1.8018134832382202,21.187334060668945,26.017494201660156,0.6512229442596436,1,0,0.6512228846549988,0,2
4706,887905,16.113832473754883,-31.29737091064453,-84.80706787109375,0.7165047526359558,1,0,0.7165046334266663,0,0
4707,667257,11.609259605407715,1.1044567823410034,-69.54991149902344,0.93524569272995,1,0,0.93524569272995,0,1
4708,659152,-2.5360960960388184,-17.02956771850586,-11.071761131286621,1.0071417093276978,1,0,1.0071417093276978,0,1
4709,762291,-74.2111587524414,-8.030817031860352,-119.04342651367188,1.5267436504364014,0,0,15.675332069396973,0,1
4710,839386,-5.044620513916016,-18.80630874633789,103.13140869140625,2.1027233600616455,0,0,2.1027233600616455,0,1
4711,33966,29.31587791442871,-21.305667877197266,-124.39926147460938,0.6763144731521606,1,0,4.5064377784729,0,0
4712,769035,3.5832018852233887,9.725273132324219,71.6205825805664,3.2110471725463867,0,0,3.2110471725463867,0,2
4713,599304,23.674650192260742,-14.831454277038574,-50.605403900146484,2.087430477142334,0,0,2.087430477142334,0,1
4714,734676,-37.51751708984375,-66.0377197265625,-97.06367492675781,1.3110560178756714,1,0,1.3110560178756714,0,1
4715,48409,-0.10195019096136093,25.846351623535156,315.6498107910156,4.303757667541504,0,0,145.0812225341797,0,2
4716,891188,22.140827178955078,-65.11727142333984,-99.91768646240234,1.2127439975738525,1,0,1.212743878364563,0,1
4717,938918,-91.86318969726562,8.872303009033203,-131.94395446777344,0.9124310612678528,1,0,43.22932815551758,0,1
4718,272060,6.495650768280029,4.045690059661865,234.1156768798828,5.188158988952637,0,0,61.62379455566406,0,0
4719,147017,-8.103219985961914,-6.7821197509765625,201.81231689453125,0.982622504234314,1,0,28.18373680114746,0,0
4720,35689,28.425947189331055,-24.627389907836914,-123.75702667236328,0.6549263000488281,1,0,1.166999340057373,0,0
4721,725811,-43.76476287841797,-49.5832405090332,-87.53289031982422,0.6135769486427307,1,1,0.6135769486427307,0,1
4722,836017,0.6188920140266418,-20.474214553833008,99.95262145996094,0.4800967872142792,1,1,0.48009681701660156,0,1
4723,825174,-6.211641788482666,-11.188855171203613,146.68617248535156,2.0131211280822754,0,0,2.0131211280822754,0,1
4724,248261,10.65675163269043,-4.559840202331543,172.54034423828125,1.6313852071762085,0,0,1.6313852071762085,0,1
4725,77910,-1.1467076539993286,34.44932556152344,350.38543701171875,0.7503963112831116,1,0,180.54103088378906,0,1
4726,187125,10.545692443847656,-0.7991511225700378,190.19766235351562,1.8991905450820923,0,0,17.28268051147461,0,1
4727,969287,23.467254638671875,-80.90426635742188,-116.84815979003906,1.5987035036087036,0,0,9.834295272827148,0,0
4728,901324,17.777650833129883,-50.11370849609375,-99.64230346679688,0.6491702795028687,1,0,0.6491702795028687,0,0
4729,556609,17.942811965942383,-12.840033531188965,-33.426143646240234,1.2449299097061157,1,0,1.2449299097061157,0,0
4730,490029,11.535621643066406,5.6361541748046875,10.266669273376465,2.344029426574707,0,0,2.344029426574707,0,2
4731,886696,27.018495559692383,-26.751041412353516,-81.7969970703125,1.9405779838562012,0,0,1.9405779838562012,0,0
4732,831392,-2.7001559734344482,-20.46952247619629,110.51246643066406,0.9167909622192383,1,0,0.9167906641960144,0,2
4733,680204,21.98933982849121,-8.521686553955078,-44.22857666015625,2.676100492477417,0,0,2.676100492477417,0,1
4734,390059,-12.156438827514648,16.669158935546875,297.8639831542969,1.8490486145019531,0,0,126.39278411865234,0,0
4735,362732,-7.306476593017578,24.802675247192383,347.6007995605469,6.318782329559326,0,0,176.79568481445312,0,0
4736,591908,11.514161109924316,-24.35953712463379,-69.348876953125,2.0193586349487305,0,0,2.0193586349487305,0,1
4737,536848,-2.976562738418579,-15.193520545959473,52.279048919677734,1.0456072092056274,1,0,1.0456072092056274,0,2
4738,90415,8.481350898742676,5.718923568725586,277.66925048828125,1.4593089818954468,1,0,104.83419799804688,0,1
4739,871133,26.155214309692383,-30.113006591796875,-98.66592407226562,1.1088160276412964,1,0,1.1088160276412964,0,0
4740,5270,52.282100677490234,27.02726173400879,-129.26785278320312,0.808135449886322,1,0,58.13434600830078,0,1
4741,424450,-41.214420318603516,-22.098548889160156,-43.98072814941406,3.5268778800964355,0,0,3.5268778800964355,0,1
4742,314481,-0.46121519804000854,31.65922737121582,340.2627868652344,1.7870932817459106,0,0,170.15965270996094,0,0
4743,330898,3.7281768321990967,9.032365798950195,342.80841064453125,0.845669150352478,1,0,169.9375762939453,0,2
4744,657677,-10.75051212310791,-7.474797248840332,-10.392791748046875,1.9190508127212524,0,0,1.9190508127212524,0,1
4745,827365,1.5666834115982056,-8.299283981323242,160.2184600830078,5.802280426025391,0,0,5.802280426025391,0,1
4746,596993,10.401705741882324,-13.699174880981445,-66.11560821533203,10.507880210876465,0,0,10.507880210876465,0,1
4747,546455,15.86558723449707,-17.416889190673828,-41.747467041015625,5.488378047943115,0,0,5.488378047943115,0,1
4748,129078,9.448830604553223,11.22171688079834,308.0537414550781,1.2637008428573608,1,0,135.64524841308594,0,1
4749,578727,-8.006494522094727,-19.099123001098633,85.81127166748047,2.3674614429473877,0,0,2.3674614429473877,0,1
4750,332258,2.466716766357422,22.416425704956055,268.5064697265625,1.4785399436950684,1,0,97.78938293457031,0,1
4751,907668,16.036497116088867,-49.35377502441406,-106.11078643798828,1.289870023727417,1,0,1.289870023727417,0,0
4752,10239,51.8824577331543,21.3503475189209,-126.18173217773438,1.886206865310669,0,0,52.77055740356445,0,0
4753,455476,-39.942317962646484,-44.13629913330078,-91.81012725830078,1.871701955795288,0,0,1.8717020750045776,0,1
4754,833648,9.05393123626709,-12.108353614807129,108.75961303710938,2.4360482692718506,0,0,2.4360480308532715,0,1
4755,18137,46.18875503540039,3.421034336090088,-126.03555297851562,0.934448778629303,1,0,34.1064338684082,0,0
4756,62110,-13.980672836303711,27.48287582397461,363.2944030761719,0.8242061734199524,1,0,192.64794921875,0,0
4757,794505,9.396981239318848,-1.629097580909729,111.18195343017578,0.6626201868057251,1,0,0.6626200675964355,0,1
4758,837316,3.23307728767395,-10.644172668457031,105.57549285888672,7.017659664154053,0,0,7.0176591873168945,0,0
4759,207915,-9.938817024230957,5.902639389038086,230.12115478515625,3.2699999809265137,0,0,57.910133361816406,0,1
4760,551024,-2.6626267433166504,-22.139436721801758,-38.836769104003906,1.633362889289856,0,0,1.633362889289856,1,1
4761,604579,-28.435678482055664,-8.544219017028809,-35.92089080810547,0.8157227039337158,1,0,0.8157227039337158,0,0
4762,303672,-4.215028285980225,6.572544574737549,321.6235046386719,1.7839205265045166,0,0,148.6967315673828,0,1
4763,692978,-35.64029312133789,-40.52775192260742,-59.02648162841797,1.9762791395187378,0,0,1.9762791395187378,0,1
4764,348838,-7.953376293182373,25.681711196899414,293.8228759765625,0.6754627823829651,1,0,123.40408325195312,0,0
4765,575786,-13.713305473327637,-5.842841625213623,83.40772247314453,4.493832588195801,0,0,4.493832588195801,0,2
4766,418660,-32.979698181152344,-25.473608016967773,-38.68715286254883,3.013807773590088,0,0,3.013807773590088,0,1
4767,151716,0.33213546872138977,-1.607578158378601,199.32945251464844,8.158161163330078,0,0,27.4929256439209,0,0
4768,486465,-11.93094539642334,10.541433334350586,28.947980880737305,1.5980720520019531,0,0,1.5980719327926636,0,1
4769,291630,3.142530918121338,8.295854568481445,338.28704833984375,0.8885043859481812,1,0,165.36712646484375,0,1
4770,368050,-12.162055015563965,24.797468185424805,349.8029479980469,2.0374345779418945,0,0,178.92630004882812,0,0
4771,728485,-50.90748977661133,-74.72938537597656,-98.15081024169922,1.6855963468551636,0,0,1.6855963468551636,0,1
4772,750163,-60.18436050415039,-21.56831169128418,-108.33146667480469,1.749484896659851,0,0,1.749484896659851,0,0
4773,48185,6.4590888023376465,18.08512306213379,305.81072998046875,4.712701797485352,0,0,134.3443603515625,0,1
4774,671473,14.47249698638916,-2.2152512073516846,-60.4677619934082,5.0838541984558105,0,0,5.0838541984558105,0,1
4775,670909,10.612863540649414,4.561327934265137,-59.478824615478516,1.133227825164795,1,0,1.133227825164795,0,1
4776,135977,-11.257326126098633,15.078527450561523,306.2151794433594,2.679314136505127,0,0,134.499267578125,0,1
4777,410114,-7.160256862640381,3.437812328338623,-18.381311416625977,0.986205518245697,1,0,0.986205518245697,0,1
4778,703994,-41.873661041259766,-25.417537689208984,-62.832889556884766,2.7062621116638184,0,0,2.7062621116638184,0,1
4779,787506,0.39772871136665344,1.3187665939331055,93.79180908203125,0.8408877849578857,1,0,0.8408877849578857,0,1
4780,499852,9.268247604370117,5.176944732666016,175.15524291992188,2.385629892349243,0,0,3.776757001876831,0,1
4781,578531,-17.393095016479492,-9.813054084777832,90.80362701416016,1.004441261291504,1,0,1.004441261291504,0,1
4782,16174,48.12440490722656,9.059746742248535,-128.15599060058594,1.6782381534576416,0,0,40.11857604980469,0,1
4783,257365,0.29634761810302734,-3.7110588550567627,248.76116943359375,0.7209669947624207,1,0,75.07955932617188,0,1
4784,881942,22.781240463256836,-29.972177505493164,-87.35322570800781,1.3677767515182495,1,0,1.3677767515182495,0,0
4785,436669,-53.37643814086914,-30.156930923461914,-104.43690490722656,1.045188546180725,1,0,1.045188546180725,0,1
4786,495490,-8.270064353942871,6.824584484100342,1.3613555431365967,3.0197784900665283,0,0,3.0197784900665283,0,2
4787,295893,1.867811918258667,7.317319869995117,326.2825927734375,1.4516644477844238,1,0,153.34962463378906,1,1
4788,852009,-5.116189479827881,-5.167144775390625,8.922911643981934,6.164927959442139,0,0,6.164927959442139,0,0
4789,603270,-36.87452697753906,-19.51041030883789,-34.93144989013672,2.282433032989502,0,0,2.282433032989502,0,1
4790,631166,1.6988694667816162,-16.04085350036621,-8.0195951461792,1.0823578834533691,1,0,1.0823577642440796,1,1
4791,855335,-14.812355995178223,-1.1949949264526367,31.82497215270996,1.1426682472229004,1,0,1.1426681280136108,0,1
4792,342827,-1.3487142324447632,26.361108779907227,287.3865661621094,1.082410454750061,1,0,117.0352554321289,0,1
4793,623565,-1.9932509660720825,-11.266298294067383,-22.02919578552246,0.717460572719574,1,0,0.717460572719574,0,0
4794,242662,-11.75765323638916,-4.7682881355285645,167.22569274902344,1.0243345499038696,1,0,1.0243343114852905,1,1
4795,389192,-5.288978099822998,5.759757041931152,291.20172119140625,3.859572172164917,0,0,118.4590835571289,0,1
4796,926119,20.593706130981445,-53.384944915771484,-119.20594787597656,1.5747647285461426,0,0,1.5747647285461426,0,0
4797,451204,-41.25771713256836,-45.11125564575195,-97.87294006347656,0.8515833020210266,1,0,0.8515833616256714,0,1
4798,315166,4.970273017883301,29.926361083984375,334.17041015625,0.9607912302017212,1,0,163.84420776367188,0,1
4799,743681,-35.487728118896484,-54.80093002319336,-81.65557098388672,0.6922776699066162,1,0,0.6922776699066162,0,1
4800,536299,10.534082412719727,-5.411557674407959,54.592796325683594,2.406695604324341,0,0,2.406695604324341,0,3
4801,657965,-8.202998161315918,-12.81255054473877,-16.175413131713867,3.0425307750701904,0,0,3.0425307750701904,0,0
4802,741993,-38.24388122558594,-53.47348403930664,-84.08826446533203,0.5932495594024658,1,1,0.593249499797821,0,1
4803,29413,35.371341705322266,-12.299408912658691,-129.73580932617188,0.6140487790107727,1,0,15.399829864501953,0,1
4804,487375,11.840989112854004,16.01140785217285,13.951127052307129,1.5271390676498413,0,0,1.5271390676498413,0,1
4805,849837,-13.454530715942383,-4.236234664916992,7.715069770812988,0.9719104766845703,1,0,0.9719104766845703,0,0
4806,38332,26.23104476928711,-30.798166275024414,-123.73595428466797,1.095413088798523,1,0,1.095413088798523,0,1
4807,421059,-28.990093231201172,-14.064979553222656,-44.533416748046875,2.08809494972229,0,0,2.08809494972229,0,0
4808,274649,-6.921079158782959,9.670899391174316,235.94676208496094,6.334170818328857,0,0,64.33229064941406,0,0
4809,716632,-36.2548942565918,-47.80791091918945,-76.21448516845703,0.6360437273979187,1,1,0.6360437273979187,0,1
4810,329388,6.967308521270752,13.272753715515137,350.72100830078125,1.2558015584945679,1,0,178.2716064453125,0,0
4811,622819,-3.9296836853027344,-10.979527473449707,-25.32160186767578,0.7528674602508545,1,0,0.7528675198554993,0,0
4812,752141,-61.558712005615234,-18.288251876831055,-112.90634155273438,1.5511929988861084,0,0,1.5511929988861084,0,0
4813,222444,4.155218601226807,-4.588557243347168,225.20135498046875,1.238827109336853,1,0,51.55834197998047,0,0
4814,516795,8.406420707702637,2.392695665359497,168.73956298828125,4.09282112121582,0,0,4.09282112121582,0,0
4815,397221,5.74239444732666,2.1873233318328857,-30.876998901367188,0.863320529460907,1,0,0.863320529460907,0,1
4816,302447,-7.454152584075928,17.409799575805664,322.1619873046875,6.653925895690918,0,0,150.6935272216797,0,0
4817,362786,-11.599925994873047,15.816253662109375,356.7332458496094,1.4982181787490845,1,0,184.72425842285156,1,1
4818,33940,30.768741607666016,-19.873703002929688,-123.43827056884766,0.6168686151504517,1,0,6.392512321472168,0,1
4819,52287,10.551949501037598,18.77457046508789,301.9147644042969,0.7079740762710571,1,0,130.43785095214844,0,1
4820,605037,-32.96952819824219,-15.71897029876709,-32.340919494628906,3.4510769844055176,0,0,3.4510769844055176,0,1
4821,670552,16.980998992919922,2.0874876976013184,-59.68391036987305,1.1827689409255981,1,0,1.1827689409255981,0,1
4822,231420,-4.3802995681762695,-10.310959815979004,183.9739227294922,1.228696346282959,1,0,10.064754486083984,1,1
4823,85799,-4.003166675567627,-0.30850523710250854,275.4601135253906,0.6993148326873779,1,0,102.03325653076172,0,1
4824,123126,7.312551498413086,1.0793383121490479,245.22305297851562,1.9170806407928467,0,0,72.09437561035156,0,1
4825,42771,2.7743115425109863,27.667295455932617,303.0194091796875,0.8798936009407043,1,0,132.66888427734375,0,1
4826,727384,-51.97053527832031,-72.44435119628906,-99.0337142944336,0.6348562240600586,1,1,0.6348562836647034,0,0
4827,390819,-6.400167942047119,14.763971328735352,297.81793212890625,7.51279354095459,0,0,126.2744369506836,0,0
4828,90321,-0.3407008647918701,4.721982479095459,274.6837158203125,5.500539779663086,0,0,101.975341796875,0,1
4829,389104,-13.259598731994629,13.216057777404785,301.7554626464844,0.90422523021698,1,0,129.84266662597656,0,0
4830,919703,18.606618881225586,-46.67434310913086,-120.91848754882812,0.5986831784248352,1,1,0.5986831188201904,0,1
4831,589835,16.425884246826172,-23.55056381225586,-67.26103973388672,2.7738771438598633,0,0,2.7738771438598633,0,1
4832,263080,-11.6197509765625,13.240325927734375,258.17803955078125,1.8796961307525635,0,0,86.58303833007812,0,1
4833,835215,9.299848556518555,-13.804132461547852,104.37101745605469,1.1176060438156128,1,0,1.1176059246063232,0,0
4834,22778,38.597843170166016,-3.296865701675415,-128.9486083984375,0.8598299622535706,1,0,24.881671905517578,0,0
4835,85165,6.875094413757324,3.1178839206695557,270.322998046875,1.4014512300491333,1,0,97.2461166381836,0,0
4836,174084,-5.552160263061523,10.956622123718262,186.08221435546875,2.5736818313598633,0,0,14.869095802307129,0,0
4837,681117,20.41620635986328,-4.373200416564941,-43.38202667236328,2.600666046142578,0,0,2.600666046142578,0,1
4838,389603,-12.819900512695312,12.595406532287598,301.4519958496094,1.0722101926803589,1,0,129.46499633789062,0,0
4839,245105,-2.3378376960754395,-4.9458327293396,168.11669921875,7.855123519897461,0,0,7.855123519897461,0,1
4840,706725,-44.79693603515625,-32.92155838012695,-71.83425903320312,1.2160923480987549,1,0,1.2160923480987549,0,1
4841,413003,-7.516191005706787,-3.656017541885376,-21.898216247558594,1.6825802326202393,0,0,1.6825801134109497,0,1
4842,545563,-5.461979389190674,-21.388961791992188,-51.37862777709961,1.4817296266555786,1,0,1.4817296266555786,0,1
4843,814763,3.404437303543091,-16.734004974365234,137.5782012939453,0.9074538350105286,1,0,0.9074537754058838,0,1
4844,484051,8.004419326782227,19.254127502441406,16.2552490234375,1.7001979351043701,0,0,1.7001979351043701,0,1
4845,18786,40.855018615722656,3.9698212146759033,-127.71356964111328,0.7875435948371887,1,0,32.36962890625,0,0
4846,324774,7.7180280685424805,17.07840919494629,345.28704833984375,2.926342725753784,0,0,173.34564208984375,0,1
4847,216545,6.191230773925781,-0.26872241497039795,228.2261962890625,3.204092025756836,0,0,55.140525817871094,0,0
4848,705491,-37.824954986572266,-32.942222595214844,-70.0754165649414,2.1183249950408936,0,0,2.1183249950408936,0,0
4849,697018,-39.55916213989258,-40.43085861206055,-55.433197021484375,1.6092694997787476,0,0,1.609269618988037,0,1
4850,58688,10.253331184387207,20.38545036315918,322.7601318359375,1.0196713209152222,1,0,151.3287353515625,0,0
4851,109685,7.813703536987305,7.208223342895508,264.0610656738281,3.545182943344116,0,0,91.56804656982422,0,1
4852,758807,-67.59603881835938,-9.283462524414062,-119.08602905273438,0.6533684730529785,1,0,10.719623565673828,0,1
4853,425156,-26.146833419799805,-18.570749282836914,-48.81298828125,0.7966105937957764,1,0,0.7966105937957764,0,1
4854,376019,-8.900786399841309,14.97780704498291,270.6417236328125,4.463278770446777,0,0,99.21929931640625,0,1
4855,818398,1.3034526109695435,-14.811335563659668,125.75487518310547,3.6401257514953613,0,0,3.6401257514953613,0,2
4856,381193,-10.247735023498535,7.675556182861328,282.71807861328125,2.381070137023926,0,0,110.27564239501953,0,0
4857,451136,-41.09074401855469,-40.9481086730957,-97.42459106445312,2.870488405227661,0,0,2.870488405227661,0,0
4858,457147,14.806417465209961,-38.88395309448242,-80.8814926147461,1.9851540327072144,0,0,1.9851540327072144,0,2
4859,137345,-13.078818321228027,13.04413890838623,312.6455993652344,0.8670362830162048,1,0,140.63296508789062,0,1
4860,300895,-5.354328632354736,7.967723369598389,330.5126037597656,1.840755820274353,0,0,157.6990509033203,0,1
4861,287441,-1.4415223598480225,19.0133113861084,226.16265869140625,1.0570794343948364,1,0,55.38016891479492,0,2
4862,145054,-0.33010244369506836,-9.20296859741211,193.59384155273438,1.5989772081375122,0,0,19.71279525756836,0,0
4863,662574,-10.069412231445312,-8.413984298706055,-0.282630980014801,1.20908784866333,1,0,1.20908784866333,0,1
4864,786641,5.848104476928711,18.49541473388672,31.783302307128906,1.2247246503829956,1,0,1.2247246503829956,0,1
4865,639754,10.808097839355469,13.19902229309082,-8.143136978149414,0.9963948130607605,1,0,0.9963947534561157,0,1
4866,53808,8.325963973999023,21.804174423217773,315.5239562988281,2.2047934532165527,0,0,144.34539794921875,0,0
4867,810452,9.312899589538574,-14.640850067138672,132.755126953125,0.9603012800216675,1,0,0.9603011012077332,0,2
4868,594768,24.566219329833984,-15.985718727111816,-56.012264251708984,1.7137260437011719,0,0,1.7137260437011719,0,1
4869,925333,18.238162994384766,-51.420753479003906,-119.09982299804688,1.6291942596435547,0,0,1.6291942596435547,0,1
4870,331290,1.0323505401611328,8.177173614501953,345.74322509765625,0.5988084673881531,1,0,172.7750701904297,0,1
4871,234017,3.4726388454437256,-11.88939380645752,177.50914001464844,0.6364955306053162,1,0,3.333003282546997,0,0
4872,481860,11.032777786254883,17.547025680541992,20.977588653564453,0.9932803511619568,1,0,0.9932803511619568,0,1
4873,302009,-11.255566596984863,10.747230529785156,332.71478271484375,0.7799038290977478,1,0,160.26463317871094,0,0
4874,355666,-12.725566864013672,14.445439338684082,344.23712158203125,0.6182637810707092,1,0,172.15994262695312,0,0
4875,348767,-9.33129596710205,20.956710815429688,285.97509765625,2.1485519409179688,0,0,115.08023834228516,0,1
4876,510809,11.306906700134277,-7.42539119720459,148.66900634765625,1.5554499626159668,0,0,1.5554499626159668,0,0
4877,430589,-40.11466979980469,-33.782997131347656,-47.33097839355469,1.040839672088623,1,0,1.040839672088623,0,1
4878,285819,-4.039071559906006,15.178542137145996,220.93707275390625,3.3760383129119873,0,0,49.862342834472656,0,1
4879,371772,-8.633326530456543,33.126869201660156,353.8412170410156,0.7424604892730713,1,0,183.88546752929688,1,1
4880,183741,-1.7216475009918213,14.946444511413574,196.70066833496094,1.4355888366699219,1,0,25.672138214111328,0,1
4881,462918,20.502330780029297,-41.925498962402344,-82.80328369140625,2.707371950149536,0,0,2.707371950149536,0,1
4882,818432,1.0954548120498657,-11.668505668640137,141.63612365722656,4.944121837615967,0,0,4.944122314453125,0,2
4883,230350,-3.0367534160614014,-12.306466102600098,177.37118530273438,0.6191701889038086,1,0,3.2144100666046143,0,1
4884,23851,37.496517181396484,-2.62711238861084,-126.88319396972656,0.6969720721244812,1,0,24.946949005126953,0,0
4885,300748,-9.16535472869873,20.647411346435547,331.9889831542969,5.080186367034912,0,0,160.78619384765625,0,1
4886,209995,-9.222200393676758,-1.0509902238845825,230.7124786376953,1.5105655193328857,0,0,57.58523178100586,0,1
4887,136977,-12.161581993103027,12.114490509033203,310.07598876953125,1.3376052379608154,1,0,137.96551513671875,0,1
4888,165600,0.7464255690574646,13.374208450317383,176.887451171875,0.7547692656517029,1,0,5.780614852905273,0,1
4889,664116,20.00543975830078,-9.573386192321777,-80.9200668334961,1.5534708499908447,0,0,1.5534708499908447,0,0
4890,297203,0.7602824568748474,5.551420211791992,322.29388427734375,0.6948825120925903,1,0,149.18408203125,0,1
4891,372903,-8.435193061828613,15.388019561767578,370.24658203125,2.5782670974731445,0,0,198.0693817138672,0,1
4892,943326,-93.65790557861328,15.585816383361816,-135.68182373046875,0.5978874564170837,1,0,50.235755920410156,0,0
4893,771687,-8.618525505065918,14.4677095413208,51.266807556152344,1.5168708562850952,0,0,1.5168708562850952,0,2
4894,803797,12.523422241210938,0.6539971828460693,123.51971435546875,0.9784205555915833,1,0,0.9784203767776489,0,1
4895,411640,-8.31882095336914,4.674283027648926,-13.89608097076416,1.126141905784607,1,0,1.1261420249938965,0,1
4896,732509,-37.82685089111328,-66.6556625366211,-99.49778747558594,0.5491293668746948,1,1,0.5491293668746948,0,1
4897,627558,9.076684951782227,-9.560728073120117,-23.06112289428711,0.7145471572875977,1,0,0.7145472168922424,0,1
4898,488219,-8.456466674804688,11.26253604888916,9.339604377746582,1.3147917985916138,1,0,1.3147917985916138,1,1
4899,53896,2.0863020420074463,29.89894676208496,324.7900695800781,0.9417955875396729,1,0,154.55679321289062,0,2
4900,594987,8.562719345092773,-21.42866325378418,-67.22468566894531,4.393245220184326,0,0,4.393245220184326,0,1
4901,815603,-4.78842830657959,-3.806766986846924,134.18582153320312,6.375708103179932,0,0,6.375708103179932,0,1
4902,424611,-33.39326477050781,-35.22115707397461,-50.191802978515625,1.2872192859649658,1,0,1.2872192859649658,0,1
4903,630351,8.754998207092285,-4.209362506866455,-12.557744026184082,5.265557765960693,0,0,5.265557765960693,0,1
4904,116085,-5.46872615814209,18.09157943725586,258.9668884277344,4.314857006072998,0,0,87.97207641601562,0,0
4905,871183,23.51197624206543,-33.66782760620117,-100.86579132080078,1.6955984830856323,0,0,1.6955984830856323,0,1
4906,487806,8.14741039276123,17.679489135742188,7.318755626678467,1.4599822759628296,1,0,1.4599822759628296,0,1
4907,479977,-6.6140265464782715,17.982908248901367,27.104219436645508,0.941519021987915,1,0,0.941519021987915,1,1
4908,712104,-47.130950927734375,-38.953407287597656,-75.64859008789062,0.8827487826347351,1,0,0.8827487826347351,0,1
4909,713263,-44.7313117980957,-45.295650482177734,-69.96709442138672,1.3958392143249512,1,0,1.3958393335342407,0,0
4910,583059,19.225955963134766,-26.717201232910156,-78.22836303710938,1.6610685586929321,0,0,1.6610685586929321,0,1
4911,706887,-36.253273010253906,-33.21928405761719,-71.87699127197266,0.7947065830230713,1,0,0.7947065830230713,0,0
4912,648698,-18.6856746673584,-18.94681739807129,-15.50372314453125,2.0503249168395996,0,0,2.0503249168395996,0,1
4913,508039,-11.496295928955078,-4.618190288543701,161.7858428955078,1.1981841325759888,1,0,1.1981842517852783,0,1
4914,331027,8.781054496765137,16.23810386657715,357.98541259765625,0.9912339448928833,1,0,185.81919860839844,0,1
4915,76828,7.174234867095947,29.54258155822754,356.861572265625,1.2670031785964966,1,0,186.30882263183594,0,0
4916,312927,-9.851320266723633,28.924585342407227,333.97198486328125,1.02599036693573,1,0,163.66993713378906,0,1
4917,385451,-12.527031898498535,20.392961502075195,293.7357482910156,0.810563325881958,1,0,122.72989654541016,0,1
4918,826245,-7.511392116546631,-10.19689655303955,148.17059326171875,1.659705400466919,0,0,1.659705400466919,0,1
4919,134772,-5.421994209289551,7.246870517730713,313.2402038574219,2.8896143436431885,0,0,140.48489379882812,0,0
4920,151917,-12.08903694152832,1.0048048496246338,197.20265197753906,1.0849170684814453,1,0,24.582530975341797,0,1
4921,196170,1.036930799484253,17.156599044799805,205.58261108398438,0.5697745680809021,1,0,34.69700241088867,0,1
4922,812368,8.611384391784668,3.951869487762451,141.63427734375,1.9833695888519287,0,0,1.9833695888519287,0,1
4923,710766,-40.98780822753906,-36.7568359375,-77.94895935058594,1.5183088779449463,0,0,1.5183089971542358,0,1
4924,535400,6.524874687194824,-12.186091423034668,50.8465576171875,1.2892524003982544,1,0,1.2892524003982544,1,1
4925,448203,-43.56928253173828,-41.20528793334961,-101.75018310546875,1.3138834238052368,1,0,1.3138834238052368,0,1
4926,811846,9.598671913146973,-11.73521614074707,129.57559204101562,2.072124481201172,0,0,2.072124481201172,0,1
4927,90267,2.8397140502929688,2.170866012573242,277.8982849121094,1.7999516725540161,0,0,104.69837188720703,0,0
4928,76774,2.9969093799591064,34.42852020263672,365.33251953125,0.7650810480117798,1,0,195.338623046875,0,1
4929,955686,34.41483688354492,-65.23763275146484,-106.35904693603516,0.6262160539627075,1,1,0.6262159943580627,0,1
4930,380815,-10.627508163452148,7.568511486053467,282.2915954589844,2.0728330612182617,0,0,109.8360595703125,0,0
4931,513787,10.093221664428711,5.322657585144043,167.53543090820312,1.5907411575317383,0,0,1.5907413959503174,0,1
4932,776340,10.318130493164062,11.157742500305176,53.554378509521484,1.5322844982147217,0,0,1.5322844982147217,0,2
4933,660955,-7.380159378051758,-11.10048770904541,-4.729740142822266,1.486946940422058,1,0,1.486946940422058,0,1
4934,190463,9.085811614990234,3.9119935035705566,200.4368438720703,3.235285520553589,0,0,28.116458892822266,0,1
4935,183437,-11.361939430236816,5.082861423492432,193.21554565429688,1.5689269304275513,0,0,21.145851135253906,0,1
4936,10028,51.993614196777344,20.880212783813477,-128.8847198486328,2.241511821746826,0,0,52.490867614746094,0,0
4937,364051,-11.966351509094238,21.760278701782227,347.5216369628906,2.5098893642425537,0,0,176.30374145507812,0,0
4938,175668,-0.5570734143257141,4.149650573730469,185.62384033203125,10.380880355834961,0,0,16.930736541748047,0,0
4939,635245,-0.6848576068878174,-13.704737663269043,2.0083844661712646,1.0960026979446411,1,0,1.0960026979446411,0,1
4940,621139,-9.093108177185059,-14.200342178344727,-25.519634246826172,0.6130418181419373,1,1,0.6130418181419373,0,0
4941,940638,-92.39727020263672,7.123437881469727,-132.58128356933594,0.6119636297225952,1,0,42.822872161865234,0,1
4942,721901,-40.38734436035156,-48.57630157470703,-68.16504669189453,0.916105329990387,1,0,0.916105329990387,0,1
4943,447281,-44.991493225097656,-45.64208221435547,-95.15575408935547,0.5399302244186401,1,1,0.5399302244186401,0,1
4944,890190,14.797192573547363,-24.637380599975586,-82.44170379638672,0.9314627051353455,1,0,0.9314627647399902,0,1
4945,390734,-0.07353991270065308,2.196286916732788,293.9124450683594,1.07277512550354,1,0,120.61566925048828,0,1
4946,881826,29.722318649291992,-17.888343811035156,-85.11327362060547,1.010873794555664,1,0,1.010873794555664,0,1
4947,124148,0.36698731780052185,3.002013683319092,301.348876953125,0.9890907406806946,1,0,128.08993530273438,0,1
4948,632768,3.5401248931884766,-9.862850189208984,0.5638721585273743,3.4730143547058105,0,0,3.4730143547058105,0,1
4949,514651,0.20876187086105347,11.142437934875488,168.3184051513672,1.8374956846237183,0,0,1.8374956846237183,0,0
4950,580497,-14.99949836730957,-13.368037223815918,94.7850341796875,1.3726896047592163,1,0,1.3726897239685059,0,1
4951,254785,-1.4144679307937622,6.806237697601318,243.58892822265625,11.32641315460205,0,0,72.1101303100586,0,0
4952,597346,12.649060249328613,-18.662673950195312,-60.010860443115234,10.008203506469727,0,0,10.008203506469727,0,0
4953,301598,-6.983316898345947,10.175782203674316,328.7736511230469,3.026820659637451,0,0,156.27145385742188,0,0
4954,943379,-94.83233642578125,12.315957069396973,-139.13827514648438,0.8873317837715149,1,0,50.722312927246094,0,0
4955,672276,22.562744140625,-7.246395111083984,-57.93891143798828,3.0897862911224365,0,0,3.0897862911224365,0,0
4956,687606,-34.733402252197266,-34.407997131347656,-68.52120971679688,0.8268000483512878,1,0,0.8268000483512878,0,0
4957,817765,-1.447812557220459,-13.300309181213379,132.49859619140625,4.175115585327148,0,0,4.175115585327148,0,1
4958,963139,11.144416809082031,-92.89759826660156,-120.67667388916016,0.6445980668067932,1,0,27.25193214416504,0,2
4959,622066,-8.4147367477417,-10.150981903076172,-23.100460052490234,1.2175297737121582,1,0,1.2175297737121582,0,1
4960,848145,1.8022799491882324,-18.822254180908203,89.5733413696289,1.4265952110290527,1,0,1.4265953302383423,0,1
4961,773085,13.391910552978516,2.1982057094573975,54.40729904174805,1.2188116312026978,1,0,1.2188117504119873,0,1
4962,754568,-65.2650146484375,-17.07634162902832,-112.8033218383789,1.5145856142044067,0,0,2.0261247158050537,0,0
4963,601111,13.505697250366211,-15.585009574890137,-47.432350158691406,10.279709815979004,0,0,10.279709815979004,0,1
4964,541422,8.000449180603027,-27.853879928588867,-45.03919982910156,2.094926357269287,0,0,2.094926357269287,0,1
4965,294632,0.9443697929382324,10.451990127563477,339.6971130371094,3.0519442558288574,0,0,167.07186889648438,0,1
4966,795298,4.294125080108643,-4.090424060821533,108.41576385498047,2.9749679565429688,0,0,2.9749679565429688,0,1
4967,604113,-34.54963684082031,-15.879032135009766,-31.638797760009766,1.9806069135665894,0,0,1.9806069135665894,0,1
4968,2677,55.40028762817383,30.321592330932617,-130.3074188232422,1.0568695068359375,1,0,62.48171615600586,0,1
4969,605141,-31.931489944458008,-9.340136528015137,-40.4753303527832,1.0170912742614746,1,0,1.0170912742614746,0,1
4970,194658,2.7199995517730713,16.026273727416992,203.23892211914062,0.779118001461029,1,0,32.21950149536133,1,1
4971,531197,-3.971580982208252,-15.087469100952148,73.12535858154297,4.551341533660889,0,0,4.551341533660889,0,1
4972,229852,-6.905630111694336,-9.49425220489502,187.25685119628906,0.7146783471107483,1,0,13.402852058410645,0,1
4973,901414,23.711402893066406,-46.16925811767578,-96.69364929199219,0.7599911689758301,1,0,0.7599911689758301,0,1
4974,307827,-11.705750465393066,14.636268615722656,322.5356750488281,2.0065441131591797,0,0,150.64060974121094,0,1
4975,13070,44.73247528076172,12.378738403320312,-128.76568603515625,0.6540812849998474,1,0,41.65596389770508,0,1
4976,689790,-34.981388092041016,-40.95196533203125,-64.63557434082031,2.418072462081909,0,0,2.418072462081909,0,1
4977,604152,-31.748876571655273,-9.840598106384277,-31.043546676635742,0.878563404083252,1,0,0.8785634636878967,0,0
4978,336937,-4.179422378540039,23.006004333496094,268.15118408203125,1.5838288068771362,0,0,97.57234191894531,0,1
4979,805050,1.4676549434661865,-7.038698196411133,124.336669921875,11.401437759399414,0,0,11.401437759399414,0,1
4980,178049,-0.9964879751205444,5.792464256286621,187.2602996826172,9.252166748046875,0,0,17.759138107299805,0,0
4981,7668,53.161354064941406,19.553865432739258,-130.35165405273438,0.6626899242401123,1,0,51.79298782348633,0,0
4982,579110,-13.822714805603027,-14.426182746887207,84.93633270263672,3.113415479660034,0,0,3.113415479660034,0,1
4983,270964,8.442588806152344,4.8443284034729,241.25282287597656,3.2957141399383545,0,0,68.64656066894531,0,1
4984,673180,15.974191665649414,1.9390608072280884,-57.01886749267578,2.3535094261169434,0,0,2.3535094261169434,0,1
4985,281251,-2.653182029724121,19.27621841430664,240.97848510742188,2.213158130645752,0,0,70.16009521484375,0,1
4986,786331,7.26762580871582,16.416730880737305,37.38895797729492,1.7175167798995972,0,0,1.7175167798995972,0,2
4987,433525,-34.44062423706055,-21.8559627532959,-57.397666931152344,1.0018655061721802,1,0,1.0018655061721802,0,0
4988,935095,-79.84194946289062,3.039114236831665,-128.67982482910156,0.532748818397522,1,0,30.559755325317383,0,0
4989,150586,-2.5226516723632812,-0.24222533404827118,190.36000061035156,9.754617691040039,0,0,20.066804885864258,0,0
4990,908091,17.197032928466797,-47.582000732421875,-104.93354034423828,1.65761137008667,0,0,1.65761137008667,0,0
4991,887697,20.443286895751953,-20.41485023498535,-86.2033920288086,5.129600524902344,0,0,5.129600524902344,0,0
4992,960937,5.146092891693115,-100.32173919677734,-121.7024154663086,0.7477529048919678,1,0,36.795650482177734,0,2
4993,104333,10.905486106872559,8.738287925720215,268.2120361328125,0.9473782181739807,1,0,95.77694702148438,0,1
4994,401151,-4.8341569900512695,-1.005979061126709,-29.914031982421875,0.9676358103752136,1,0,0.9676358103752136,0,1
4995,967283,18.966299057006836,-85.5746078491211,-117.45243835449219,1.2063597440719604,1,0,16.196321487426758,0,1
4996,968189,25.693185806274414,-79.9433364868164,-117.67572784423828,0.6096004247665405,1,0,7.745070934295654,0,0
4997,984153,-58.17856979370117,-107.41697692871094,-100.6768798828125,0.6547669172286987,1,0,25.06406021118164,0,2
4998,426288,-38.95293426513672,-29.269229888916016,-42.194549560546875,1.334675908088684,1,0,1.334675908088684,0,0
4999,256297,-3.3292689323425293,-1.9357753992080688,242.70028686523438,2.667954206466675,0,0,69.35871124267578,0,1
