{
  "volume": {
    "p_min": -1942.2578125,
    "p_max": 19772.65625
  },
  "all": {
    "p_min": -1942.2578125,
    "p_max": 19772.65625
  }
}