epoch,mean_data_u_raw,mean_data_v_raw,mean_data_w_raw,mean_data_p_raw
0,1.01547836450239,1.049862200259298,1.069583608620408,1.083054559575258
1,1.01886780111902,1.061603757134382,1.180795138404853,1.06116203961057
2,1.022138697216692,1.071546301569627,1.214735327207523,1.058785844945173
3,1.024680387876604,1.040324851978516,1.269587656510049,1.062781203835122
4,1.005122876091711,1.023923922168172,1.313141926259234,1.065717390347002
5,1.014332241851134,1.020785258947939,1.327381121939507,1.07188274892236
6,1.016039399646114,1.021320476048234,1.3258211898307,1.077837508387755
7,1.011793046217897,1.00676953781774,1.320103942268136,1.073962785654525
8,1.01501382201694,1.00801146980645,1.331433520152948,1.074667787746243
9,1.013594822445209,1.007659454384575,1.333218897760346,1.068949169978715
10,1.011404054077423,1.011492508477059,1.327628116028896,1.078452886257698
11,1.005194619216996,0.99251365294491,1.333140874038572,1.072114217243548
12,1.01503752787476,1.009997199087039,1.343553373887055,1.077153988614462
13,1.010458037770097,1.001864509090133,1.338648148744866,1.070124864551252
14,1.005100712666045,0.995651427602422,1.326071512439976,1.06931142900409
15,0.999200095355078,0.996384880788948,1.346612899847652,1.065828249695292
16,0.9905717723827432,0.991190041104952,1.339103977965272,1.066862736869117
17,1.005793942489485,1.013064080714315,1.329791828126147,1.074997764539675
18,1.008442821548037,1.004734794514766,1.33457734371009,1.067033105462357
19,1.00190739152764,0.9959879608257952,1.336836389981318,1.066840113936991
20,1.00075995274212,1.000621315577756,1.341244821207247,1.071782632528439
21,1.006239734752022,1.008629758828792,1.335959346236094,1.0634728138861451
22,0.989421844185478,1.004014528639938,1.334271289192248,1.06989862513391
23,0.994340461881264,0.999913736206034,1.342340697844823,1.070857599971519
24,0.99533960101721,1.003046922061754,1.341778878716455,1.078160902188308
25,0.999476008306162,1.003976833561192,1.345133893245804,1.063502210961735
26,0.99051403356851,1.016306078736333,1.333118879492732,1.070344198711108
27,0.9890288544305852,1.009298702512962,1.3237966013991311,1.062908052210358
28,1.00599712613916,1.014161310010198,1.30276460783637,1.062758483451561
29,1.005484767096198,1.014242187142372,1.2989309725986011,1.05254988628777
30,1.000584058949481,1.009076408070066,1.289484134186869,1.048504558702309
31,0.996633824230968,1.006484181012796,1.282742313392784,1.047742117763213
32,1.002758349548431,1.012693670672783,1.283918376634086,1.047151667349364
33,0.9983766842903432,1.013382322546364,1.285384939956492,1.054947878301575
34,0.997101259836252,1.011024930230949,1.294651865527249,1.05416502336553
35,0.9826777383037232,0.9984905997264212,1.287834205597207,1.047100072348679
36,0.9826393274293432,0.99706396665694,1.292863500075064,1.043638608215943
37,0.97337253699484,0.989277759971826,1.27788008360759,1.034893850269524
38,0.9823062311372032,0.999606483764406,1.291194640207981,1.038241332018937
39,0.972397072699622,1.00761521683223,1.287628189701101,1.03284585578502
40,0.9787732569527792,1.001351203715455,1.284660781639209,1.037983770009832
41,0.969534788955596,1.004252038032248,1.288982269016729,1.037267290217721
42,0.982901030746491,0.997338972337868,1.2950278586451551,1.036411487969799
43,0.97733173414093,0.996397439012492,1.286022867413534,1.030434033037095
44,0.972914751430136,1.000507525883723,1.278711436775283,1.03880944583511
45,0.957866207817974,1.003800687258658,1.280877316127652,1.042585248424523
46,0.9594380151264472,1.001374223849911,1.2805170934053431,1.039424081508448
47,0.971255835226696,1.006814426270084,1.282005409777596,1.028985810614582
48,0.971959068804331,1.001498239303844,1.286406491545663,1.029880424448545
49,0.968215936794877,1.009201750159263,1.2883834538684371,1.035385042293996
50,0.9669801866014792,1.008768708269665,1.285082458261994,1.038526113347514
51,0.96734458874857,1.000341642701971,1.296625158817008,1.036828099628505
52,0.960656952517836,1.007483890307122,1.286535154758156,1.035821611871538
53,0.965279206336624,1.009586820459884,1.288181706291178,1.032789670092904
54,0.966626501439706,1.005786813579607,1.290074802287246,1.024427821535779
55,0.9549496720774452,1.005157335188941,1.284912981524847,1.034210452998893
56,0.9499732322343012,1.008581213329149,1.288205577519492,1.023306388084007
57,0.9519096919591872,0.9964549006975212,1.294877361560213,1.02828548837831
58,0.95816320170095,1.008038301722727,1.292303522643835,1.021732237918869
59,0.957314056060884,1.003175211881382,1.278360899051894,1.023331679241812
60,0.946769673512249,1.000928856108499,1.294206554151099,1.025271189817483
61,0.952978895977139,0.999570049453472,1.288671014425547,1.022890168552597
62,0.940182688821485,0.999597987187081,1.278841184425181,1.022547769319752
63,0.945905991708454,1.00071959607843,1.283753235163032,1.025649543986588
64,0.9474292218793132,0.9992846017298492,1.288612937581712,1.028328011487273
65,0.955783325260964,1.001019470501637,1.288092979702396,1.010907002900173
66,0.947661885235836,0.997932078505771,1.286826899302178,1.02165703524066
67,0.9465519469501312,1.001336752612521,1.280662929558235,1.02662798281813
68,0.9410874365788432,0.9942726474525272,1.278254269041876,1.0224236536069191
69,0.9547992065764852,0.999242576676002,1.286225487680538,1.023571179045931
70,0.943451438045156,0.992251464638157,1.285611088617124,1.024341239850374
71,0.93266920985627,1.002169652909472,1.291030028699964,1.017224131691931
72,0.9365552650305672,0.9925081722330352,1.277507964899574,1.028625649197594
73,0.9379457422140712,0.993808106883712,1.281822156431018,1.021467234696383
74,0.9247575150667752,0.993889391314292,1.282809808202411,1.017560575292378
75,0.9427882208340412,0.989436161582884,1.284315697740817,1.014212919561111
76,0.9209548260854632,0.9852856728045832,1.296716383293919,1.024361522814286
77,0.92921797979785,0.986249350875184,1.279754782932392,1.026712913039154
78,0.938182505117594,0.989282266601272,1.280248584414737,1.025002638148008
79,0.932472479867114,0.986557153040084,1.282402751562388,1.018988202906389
80,0.927081018200387,0.980632375439871,1.269882047197957,1.013271549176694
81,0.925898296380604,0.9803744871979172,1.276509855104529,1.023858846853608
82,0.9225000031832332,0.9859871843802752,1.280859251925046,1.016733980832108
83,0.928047013185594,0.976746044837046,1.266836883797161,1.018414255204624
84,0.9261513773513872,0.9745137080334232,1.273223850714123,1.023272573785937
85,0.9364539333821632,0.990427819175132,1.2857719866046,1.023462323444909
86,0.92889051363412,0.98565363711205,1.268698647294355,1.018950662697139
87,0.9243525922892312,0.981903377866399,1.274256501076878,1.022449524695242
88,0.931200764101484,0.969907995151436,1.271714677305325,1.02122458556424
89,0.9169781459360452,0.970739168857318,1.280225777863592,1.011678107703725
90,0.915008055343144,0.9746751449462292,1.270769109976464,1.016489114801304
91,0.924490718413954,0.98239925644104,1.282506939833578,1.02389498659666
92,0.921719339122806,0.970303989946842,1.281203346407931,1.022982371836037
93,0.914682534185872,0.969223905732666,1.277322509258553,1.014635133894457
94,0.913447836306,0.9616506742178532,1.274744522420392,1.016794329779087
95,0.911363722486556,0.9669352700744852,1.272411859013896,1.013156314312979
96,0.900126591216826,0.9588960249354872,1.2631865659917612,1.011123429443957
97,0.920965243130922,0.9562770114212792,1.270343092256698,1.02034863770224
98,0.910044710894209,0.959868584961994,1.2658794327922491,1.017271630034066
99,0.9146890004259952,0.95434265691733,1.271192481336386,1.007181870926549
100,0.914175836477374,0.961583003077818,1.2795771142278891,1.021267043048705
101,0.899977839727332,0.951299602138823,1.2663909646048062,1.008254198627411
102,0.9042671778765712,0.951419479281142,1.276432766754558,1.014336567507058
103,0.9082853804625892,0.959881849047066,1.266409637379473,1.016350785729245
104,0.8947397245337131,0.9522515380944032,1.265319787397764,1.001546311907578
105,0.909523251668914,0.959836826484272,1.267070587670457,1.009318691394899
106,0.902397860408477,0.944477376298628,1.262136662567871,1.009899837140371
107,0.8976063516152941,0.9501364220311672,1.267765731591245,1.007622796421249
108,0.908751398270976,0.9406083117144692,1.253165330251921,1.013627391632484
109,0.8958289902117371,0.936107033944648,1.262020116159017,1.01893106839903
110,0.8958972984573981,0.942220518662445,1.260680479955846,1.000950987383291
111,0.9003496159246,0.940143771469593,1.260522520088631,1.007332168222553
112,0.8878220832650211,0.949610734007496,1.271724940750046,1.002899507438575
113,0.891220140041432,0.933559452062067,1.259712019584317,1.013067585861553
114,0.887805418583793,0.945417424258978,1.268850491206715,1.005494230548324
115,0.889004156641338,0.934036862806997,1.273034376294716,1.015065489633791
116,0.891869360122127,0.9425490709102672,1.262537599041842,1.008131144676303
117,0.895998640201877,0.93661619366511,1.265610120542671,1.016109672604479
118,0.8871874175425881,0.9347826962669692,1.2515382067016931,1.00645676643952
119,0.8917146358585011,0.92394105863312,1.263098153407159,1.007860899754408
120,0.87971630220072,0.933322780590126,1.258076708817827,1.006505299899457
121,0.891637333061384,0.927967721353406,1.2603768117833831,1.010005944691922
122,0.879791057061242,0.935513216408266,1.2589406621628911,1.014361611823888
123,0.8746168057879671,0.9155653963486352,1.251737227042516,1.002220275663379
124,0.8769949382791911,0.92167153544184,1.258307758880698,1.012167344328717
125,0.8807693543317521,0.921468169576879,1.24123100893221,1.003486907433556
126,0.8944882888994781,0.934010519713595,1.252990716285463,1.007919714718625
127,0.8747507250341381,0.9178479103290512,1.26062762197377,1.001992995135378
128,0.8743031312428091,0.91180113206307,1.258512283040993,1.01172260351587
129,0.8712114097037601,0.92647149046694,1.259992979574894,1.003201339339864
130,0.8781308252904291,0.908928523784962,1.248319193612838,1.004173612006116
131,0.8747397677136071,0.914622958479584,1.250794768765352,1.006700265396764
132,0.8714718241244551,0.908327401440212,1.246679752525212,0.9974490801223372
133,0.8782475120995351,0.909652539893336,1.254695964788181,1.013250209931014
134,0.8712373591851491,0.916358506118041,1.245718946599442,1.003431639080678
135,0.8688787936732391,0.9109615185770432,1.255415083489556,1.005400330692097
136,0.8735444189683681,0.909719201425711,1.261054772289766,1.002815873699559
137,0.870783713848694,0.907923887497273,1.248472370531248,1.007116141742554
138,0.871670555161393,0.906815061642639,1.252330434819062,0.9930887997312392
139,0.8582016427231871,0.89917666832174,1.2423474114874131,0.995450880432474
140,0.8532621408880181,0.892621968103491,1.2410880010845,1.009059947334985
141,0.8565396977507551,0.8954160600036811,1.243148525016031,0.992761165524522
142,0.8598685260268221,0.9093037229301272,1.243425925356754,1.00883431735354
143,0.848440520897291,0.8971854949343031,1.244094099255575,0.995035336258402
144,0.8521054653801781,0.8886852305436481,1.243374295532703,0.982975664400104
145,0.850636714853454,0.889368093856003,1.247634578442228,0.995971774034526
146,0.845411307353904,0.8918885805684581,1.245899066329002,1.005967927583749
147,0.8519407501039291,0.8917914830904071,1.229963011607743,0.9924229703627632
148,0.853474715616608,0.9001732722356691,1.246732303521771,1.006450436766381
149,0.844308697524062,0.8791251582080041,1.225242567883021,0.994960138709216
150,0.8438970054081381,0.887017313768898,1.237761408414529,0.9900861905104872
151,0.849913326105561,0.8960980904707011,1.246341481804847,1.004638219630156
152,0.8565199976058111,0.8978107734650801,1.246965733991153,1.000303384942421
153,0.843523876066657,0.8872383166698441,1.236466513811678,0.9903158208868212
154,0.8386771442449611,0.8811217199849041,1.23360992104247,0.995341601093178
155,0.8409558018210571,0.879908637400122,1.231849741352641,1.005719327678283
156,0.837292229027851,0.8745702656282891,1.234337118008862,0.993323460761187
157,0.8378935603667861,0.883483809297499,1.244351830279481,1.001223293713469
158,0.83714216950255,0.8846753395122031,1.235228901000126,0.995507240106446
159,0.848342332800013,0.891330237081949,1.247467190027237,0.9982228060185472
160,0.843712461545415,0.892171026571937,1.239983554443587,0.99722829312626
161,0.8331226076444851,0.8770029095635891,1.232153138388758,0.99616223309135
162,0.8378937654737111,0.8734806557928301,1.246568362458028,1.003164007260963
163,0.838087774624211,0.877099127333233,1.238112122360347,0.9935125695352532
164,0.83209439429144,0.8749971155455141,1.224066896499067,0.9910716239794872
165,0.833232289315133,0.8642530422927671,1.233950796550598,0.9943175755603152
166,0.8349018137686061,0.8687292600887411,1.238210780573064,0.998413624376922
167,0.8348011487582021,0.876827956109807,1.244374091966428,1.002207856409359
168,0.826071043701275,0.877382011301275,1.227322182145671,0.9949969322947052
169,0.8298512869716981,0.8740239879791281,1.231893605836059,1.001186355165597
170,0.823418737483629,0.8778683710573371,1.234672785669133,0.9894868139231552
171,0.8160750894010931,0.872210878608883,1.232967291837153,0.992579360614004
172,0.8247781893157441,0.8773177984184111,1.23598164892283,0.995602113937122
173,0.8316837772457061,0.878096159709536,1.230596163998479,1.000492834607544
174,0.8233413117789271,0.8604547898622521,1.237752984939278,0.988357492547104
175,0.8228358808850891,0.8657405332162761,1.228199877168821,0.9834494074887552
176,0.8293536773248421,0.864931923755701,1.234632831012857,0.988788328632928
177,0.825476715665148,0.8608255861462021,1.22667546764664,0.9876732451544292
178,0.8248399123279511,0.863142308009707,1.235701443708461,0.9948043243932552
179,0.8223678209427471,0.8627199371871741,1.236492315604203,0.991348182377607
180,0.819472743900141,0.8680624050506641,1.2306230325197831,0.9973202323190112
181,0.821904359682314,0.866780063704304,1.226445209288942,0.987117184542011
182,0.8190686437098871,0.8583011442552441,1.231792079149813,0.991112932832776
183,0.824776785961095,0.8618363255391951,1.23434604887945,0.9913295343302292
184,0.8190354921625571,0.856919925821864,1.225196456023748,0.9854973632356392
185,0.813483717810848,0.8681802468887271,1.226966574680114,0.9912770586223272
186,0.82028652805889,0.862061215159685,1.225260660160279,0.985842990540508
187,0.8122302413094731,0.861130337352338,1.22303662535505,0.9919142679621772
188,0.8140191486024331,0.862633138571096,1.22807483828586,0.9909063500176732
189,0.816900859384433,0.8561960501947261,1.232883289348388,0.991495048600262
190,0.816368175751489,0.863042925255022,1.228028994215571,0.985988713719922
191,0.815067654637538,0.8667976056104121,1.228363295396169,0.996911796430746
192,0.816486338936332,0.8588121761230451,1.226485972603162,0.992316134085041
193,0.8104987429265951,0.853193012052688,1.215451839393463,0.97868890641932
194,0.8262447755027941,0.866503250123798,1.229935056057529,0.9896121838170552
195,0.807204122398642,0.854794041618056,1.225477631217327,0.985917555816147
196,0.8125303737495251,0.860540608565012,1.230665539701779,0.986529881107634
197,0.810908640748348,0.854505849057349,1.225317069153854,0.9927102670451432
198,0.814314042717434,0.8635312290727221,1.233635788486487,0.995543011882598
199,0.8139240564373521,0.863221460170503,1.225481078784535,0.9927205618038992
200,0.8144969221582441,0.855546479639799,1.233424783076929,0.98175688692625
201,0.8064264235073241,0.8566943131711171,1.230107004983701,0.9909334631663732
202,0.808795273924867,0.8617940771838891,1.217526758170646,0.9910758599045052
203,0.805453943709532,0.85361498227154,1.233691118009712,0.987123262569092
204,0.8079115298131231,0.8496501231970991,1.238725672489491,0.9911974193123372
205,0.8032884842351721,0.85824903467859,1.22031010719745,0.979480439689064
206,0.8006743553863921,0.8462394678938211,1.228919745247433,0.982538346498124
207,0.8146060563461931,0.854524591478748,1.220580469870912,0.988773778836796
208,0.8081930971339991,0.8592618282722391,1.237318156638007,0.986053252538693
209,0.804242177339999,0.8515446258411891,1.223964516775331,0.979967494022803
210,0.812001884631488,0.848117131253947,1.22252464963906,0.994042159800512
211,0.8063344148838001,0.85516925058935,1.227226510643959,0.9858090881852132
212,0.8066616336936531,0.856536491517571,1.218873361314552,0.984719760230054
213,0.8071830649792711,0.851956510997336,1.223188556730747,0.985097538706833
214,0.8015263388878191,0.8576865553639931,1.229547905641189,0.988671219921198
215,0.800794013735392,0.8503590492882591,1.223661371007345,0.986519992783449
216,0.806738825379938,0.846365662048692,1.225631264780742,0.988902541471348
217,0.795712935859742,0.845891401171684,1.216530876315158,0.987001110516164
218,0.806282892931198,0.8574652325199991,1.219520201393659,0.991025721249373
219,0.8047483207091041,0.8557222753331281,1.227407810804636,0.988698984158859
220,0.8031281868292801,0.8512349757163421,1.225935602317685,0.9874596486704932
221,0.8030581799322281,0.8569836265582971,1.22050382229297,0.9772950170858612
222,0.792390867473854,0.845893565943275,1.222115795465483,0.982915029577586
223,0.798681823671727,0.853822144693222,1.22762768532055,0.98038147241417
224,0.7972738885901111,0.8550264093538991,1.228035470389801,0.987049104645848
225,0.8032595964985481,0.8469496409314261,1.221833656015603,0.9861846135362332
226,0.8036739600795331,0.8521190813702081,1.221918114285538,0.983696635623557
227,0.788653462531342,0.845115276242511,1.226134297856386,0.9859603315699792
228,0.8013900940346971,0.848959949137508,1.225132194334182,0.985346027717426
229,0.7995057150829531,0.8442145126021421,1.220602897954159,0.985899953927466
230,0.7970344743866851,0.8470476423052771,1.228007199431675,0.987134018507988
231,0.799617435702163,0.850647949654123,1.220435665353484,0.9741596971786972
232,0.7928276094405541,0.8492886080690051,1.2260207403181251,0.978586865346068
233,0.8032105507302111,0.852360640746959,1.217037196176639,0.97573470664413
234,0.8085358251642051,0.8479919866591261,1.220354344209899,0.983810771094716
235,0.803525766843686,0.8452126872928241,1.218731881915659,0.9760928910927492
236,0.7969303343822991,0.84559168871762,1.222033689311449,0.982160686474779
237,0.8018451025844481,0.848417795654656,1.233117127980011,0.991150345923244
238,0.7987749517989761,0.8476538861143411,1.219969704099323,0.9825856378167
239,0.7928610139296971,0.837771082161993,1.217002578835556,0.9880581140194252
240,0.79127110497675,0.8450279088987821,1.225669866562753,0.978876934211323
241,0.795415467731114,0.842602568476096,1.225006938520549,0.982066936251046
242,0.7859834512236751,0.844597845621731,1.224382714732833,0.979204117684908
243,0.796685140175016,0.8442828466278911,1.217125124365523,0.9812253999753272
244,0.798208651497312,0.8537949048306631,1.219465765508188,0.985913074534872
245,0.8002030463430321,0.8506481795423271,1.228866130761478,0.9851808756373932
246,0.7885606864440261,0.8402266043467791,1.214323169295338,0.9804080061722492
247,0.7949249639945181,0.8456156552917711,1.221637257631274,0.981409345982947
248,0.7953050250754401,0.8432897283979081,1.226597379515136,0.980873123459194
249,0.784019981794383,0.8370611668712851,1.217255967034809,0.978408563342215
250,0.7973323542678701,0.8453223631865731,1.220000922355963,0.985686463398346
251,0.7868463204822671,0.8413665659617681,1.213388473119424,0.98041391491458
252,0.7888903873230231,0.8378007814720051,1.218339423446551,0.981876904225867
253,0.7968503765869831,0.8466525969729901,1.220048934437226,0.985800642736148
254,0.777407336170258,0.8358906749365981,1.219610763632733,0.9738313760068532
255,0.7895857687715601,0.834724844581838,1.223512193323045,0.981241487425522
256,0.784113224271846,0.840059348962445,1.224544107913971,0.9875070780407692
257,0.781372207284405,0.842776722882104,1.210287168729996,0.981511737962347
258,0.791423091071023,0.8432240113615991,1.223988004460714,0.9808100221165712
259,0.7844843779677061,0.8347666632869961,1.21586833095205,0.984004749660042
260,0.7891336992598961,0.8443862708366431,1.21908423250568,0.984862125168244
261,0.7919063493609421,0.83978695228048,1.216693933675254,0.982482767515424
262,0.7840751060757081,0.835754171985646,1.21715608401143,0.97848666165078
263,0.7890215240472901,0.835586764242338,1.21127831082845,0.9864853965523452
264,0.783241081119015,0.8464082142581111,1.215178813623345,0.986808332574108
265,0.78189325818549,0.844172942681588,1.221484979317672,0.977625790794474
266,0.78331926734983,0.841372904354247,1.215784101814463,0.9783603895347612
267,0.7846986263234541,0.8354220761769061,1.210234884442626,0.9780032192829292
268,0.769236569576289,0.8307905000620991,1.202721185550309,0.975981751159913
269,0.787680927151139,0.8369846906566961,1.225780485764793,0.981548020481199
270,0.776599291145153,0.834970085949137,1.215790938208068,0.9737495472789672
271,0.7889942961434521,0.846463402544242,1.21821183203787,0.982163194108052
272,0.7744020381537461,0.8417086985664091,1.21154444988655,0.9782427634665932
273,0.7856304165299821,0.8370443011323611,1.223668230292589,0.9771449433072752
274,0.790416715288723,0.833859698603982,1.218478264584057,0.980223247781395
275,0.783141970148553,0.8311483773632321,1.21734843014375,0.9758810333745632
276,0.7743340315756151,0.8350124567531151,1.212357195175212,0.977034012881526
277,0.7948521562460541,0.8462677315093461,1.217422305349854,0.988099626359948
278,0.787823458998531,0.8398745614981301,1.221028134226799,0.97949059618016
279,0.7819419739416971,0.834287560072498,1.218180325152217,0.976872107607946
280,0.7882868163827531,0.838901303816532,1.212863528642101,0.9804883455128772
281,0.7810297880483711,0.834081501092599,1.209744118801925,0.973403641900074
282,0.779884062572449,0.8426933491575541,1.217666488086831,0.979217355692948
283,0.779437429987002,0.836785086795039,1.215523464092309,0.980614340418706
284,0.776496191738524,0.831265013610971,1.217617712914943,0.9789431257632332
285,0.776585706955064,0.834089483255925,1.215159127353758,0.97155475721735
286,0.781939789436865,0.8373357682772301,1.217941382656926,0.973828474734572
287,0.7818009027320401,0.8307922269771061,1.214480865260829,0.974597325899462
288,0.778736620115629,0.8323558330319931,1.215747762525427,0.974123696783098
289,0.7812000609448421,0.837563004938588,1.223215735692908,0.9787876235888052
290,0.784229809067387,0.8317874214355491,1.21404560741739,0.9741933247533392
291,0.784740761111395,0.8355667005846461,1.216001931199993,0.979072290432194
292,0.7805789384613001,0.8452124580524971,1.21482422872298,0.981458736610585
293,0.787602966570335,0.8287021570663521,1.220885852864687,0.980599337351926
294,0.7680524688591991,0.8247017982429351,1.204347857206628,0.9709367922682692
295,0.773769128149834,0.834867892921834,1.214382312759973,0.984441783657108
296,0.777615021050408,0.8292461997572921,1.206272014457246,0.973720406168612
297,0.7719256734016581,0.83094104476597,1.218769417724747,0.978249521089204
298,0.7816629631417811,0.8405377842161961,1.2211988059722851,0.975462376531483
299,0.781352652641742,0.8387728412298181,1.218663782529209,0.976576354381614
300,0.7771339237797951,0.836379677597163,1.218034656799357,0.971416690508308
301,0.776478205038153,0.8277064120208001,1.206948340479014,0.971540490003383
302,0.7838442086147651,0.834073260210562,1.221310127472532,0.980477669424768
303,0.786471711012764,0.828933514438677,1.217625844953716,0.973516537848374
304,0.7763114693048201,0.836356203949105,1.219889751702979,0.980530343112954
305,0.769837891278059,0.8289674921096231,1.216088748496511,0.977216370187807
306,0.7699435565458691,0.8365898142042361,1.210354776270147,0.9753029229038432
307,0.7710628984361021,0.8328441047798031,1.213959036961845,0.9765916111460632
308,0.7802808411365401,0.820942158500353,1.20638282013976,0.9758675489574672
309,0.7704324196430221,0.8292228275019191,1.220845278946386,0.98109762052047
310,0.7708632906601911,0.8287398668303001,1.212620917545712,0.97381034258591
311,0.779013792835715,0.8368826887529821,1.215420244180637,0.9825957897186712
312,0.7746469157383491,0.8248353335952411,1.206258950350077,0.983570283845714
313,0.775514559361381,0.828844250544257,1.21171189337105,0.981661071298994
314,0.77266689300861,0.829227111261823,1.2112678979402,0.98009947012516
315,0.7725482574137651,0.8351225503112951,1.209235825292442,0.970370589714983
316,0.7743391452114211,0.829671716776447,1.219942957810733,0.975041853048015
317,0.768465446119291,0.8302721750477081,1.219929773198521,0.9793644546652612
318,0.7736846943912291,0.8298084608454631,1.212211073740668,0.981863433522158
319,0.7727871347974601,0.836590893458629,1.220913760472035,0.978801117157158
320,0.7732135357362201,0.8345525713934411,1.221626628136289,0.9785707448271732
321,0.7708307527329611,0.826832567976004,1.211552407754504,0.974722828230132
322,0.781631640199085,0.8265589003761611,1.215323392031849,0.9752109293434492
323,0.7731662917936191,0.835910752415657,1.216350623446962,0.9809946063905952
324,0.765694354350368,0.8348666320460431,1.211897993757241,0.9833970338214132
325,0.7720768617709041,0.827047775189081,1.213941529069258,0.9696835760513072
326,0.766729678121813,0.829666574148164,1.217598796754643,0.978490696761055
327,0.7722800580541721,0.830201118860555,1.216344888119594,0.9833823423292752
328,0.7667202163163731,0.8248133656123411,1.209956835253515,0.9798208380630912
329,0.760586152366106,0.82562424901171,1.20659627203924,0.978138177264211
330,0.767749690005312,0.8269322624673011,1.212830867780291,0.977274814863567
331,0.7744511953028641,0.831731652867966,1.218570134454015,0.976989000198849
332,0.7679289663615431,0.828461314025132,1.209888404694156,0.971017359148549
333,0.7725888196432931,0.8280737850329151,1.216552725520686,0.9769528178579132
334,0.768683024614617,0.8261781395345491,1.214048549640869,0.974332249062
335,0.7729935885771461,0.8358779505327121,1.208544846354187,0.977019786348809
336,0.7771943587863791,0.8333681863935091,1.216464255059111,0.973604081603496
337,0.766214829451148,0.826341947243697,1.214825606540493,0.9766519566377
338,0.767996693434922,0.8255784188707671,1.210600757620473,0.974053381334828
339,0.776697401146309,0.8279102685442871,1.214818576755731,0.9745956382079832
340,0.769580563098408,0.8296002232726071,1.208104418995587,0.9719945898252552
341,0.78073826826353,0.8255109026812121,1.209252488569937,0.979542761852128
342,0.767449658795975,0.825620310030121,1.217868059009745,0.9734959954908792
343,0.7643926839843601,0.8192156975468,1.204531448906746,0.983428754992243
344,0.7692126791006411,0.8203093771269351,1.21444026823493,0.9667565804784712
345,0.7653503237103201,0.8341093420766401,1.21418005336022,0.985132078275732
346,0.7653508017082571,0.8349271213662791,1.211451054159282,0.981423389922449
347,0.7682375317790371,0.824662812054157,1.209085787444011,0.975968981377672
348,0.7701746528779251,0.828236173892366,1.212817001925862,0.973771780621314
349,0.7694805062551431,0.828477189808652,1.2157420713616451,0.9825365177855112
350,0.765611810339749,0.820897143928037,1.204854490208453,0.9728724881736692
351,0.7727677955467631,0.833426314419594,1.2138119740546611,0.978437959338011
352,0.7702705705457401,0.829101968502652,1.213245459440825,0.972557926361543
353,0.7704784128329021,0.829999047992885,1.207220528760682,0.978769517517176
354,0.768692753912098,0.834520491568938,1.2140122052768,0.981161060945495
355,0.766663694511289,0.831224238419014,1.223096556421639,0.970347818203162
356,0.7644453730866091,0.8292310300512591,1.21323680974867,0.983876401504528
357,0.7718911217930521,0.8267057155785351,1.20539721187906,0.976233685254186
358,0.770489726809487,0.8257538544526991,1.21662473073904,0.9780304195980232
359,0.761468050434537,0.821065041681994,1.218807207285494,0.9762532158174372
360,0.761957352953976,0.832481079775354,1.208871058471824,0.980464218346321
361,0.7727624405229431,0.8216844007804771,1.209873399116854,0.977778811331676
362,0.7590464569520251,0.8141033499353171,1.208131470002126,0.973579255297132
363,0.764475226483267,0.8230062878650161,1.213547065530134,0.9734912519545652
364,0.7687925948504951,0.8230447330768551,1.209499936388886,0.980505491917332
365,0.7649459738986211,0.8252978090574771,1.217771768030049,0.984651699878167
366,0.7688845587435401,0.8247565677848411,1.2136259706339971,0.974618689683468
367,0.7650313583081181,0.827342404943445,1.209286125673764,0.9752927583682792
368,0.769411581500932,0.819408601824788,1.2116108790471931,0.9824767473113272
369,0.7719714940404111,0.8227416009142771,1.210518962339214,0.985802142948344
370,0.767436380349639,0.824145573204842,1.215378498793512,0.9767048402378952
371,0.7694363325726291,0.828656933985758,1.212079110568848,0.971809644656984
372,0.764059888010007,0.8254059540188831,1.2086871379743451,0.9806745592234792
373,0.760602048827686,0.824994125983853,1.202630776965963,0.977547493722775
374,0.7724679509798681,0.818686041279115,1.209635433835395,0.9677880097018632
375,0.7549459691280901,0.820368617449117,1.206886737242989,0.959412135777698
376,0.7701723190105481,0.8292655870318411,1.213855449272238,0.973268187240414
377,0.7617362846984811,0.8338252773535421,1.204621991817502,0.975469046825732
378,0.7568475420492281,0.821243309456369,1.222274247394955,0.9760493672304392
379,0.7651004244343951,0.828292008867298,1.205814828259357,0.9742933971726372
380,0.761501075106038,0.824089161187842,1.209836040717968,0.9721733944463552
381,0.762567816815082,0.8196207594828331,1.208674452443053,0.9750841782576792
382,0.7654743150038561,0.8221088416766421,1.214468002859233,0.973510628215212
383,0.767507006778665,0.8206569404489751,1.207167230006577,0.967126105034696
384,0.7567433035945971,0.829247607917025,1.216713655146135,0.97757313195346
385,0.769619843504135,0.8235122195404501,1.212495172261328,0.973765230076252
386,0.769923768559659,0.8239216174984321,1.20845108166121,0.9781590149724392
387,0.758396347363789,0.8154092296094131,1.209516833873762,0.978910068967852
388,0.7513533753977301,0.8199559838875481,1.205339219907055,0.9721862570369152
389,0.758450187796699,0.822943408744058,1.20950480269781,0.9723895821666372
390,0.7560833124308911,0.8276092299948561,1.202749247352282,0.975961612753462
391,0.7524636272287021,0.8197877501016071,1.203701069497543,0.9773118508358792
392,0.765261890582632,0.8316383399609201,1.215955796880998,0.9690818404373912
393,0.7630783771637121,0.8236011076664571,1.210341997444629,0.980367259378882
394,0.759622807412043,0.8254482751523231,1.211541949514893,0.978305501161494
395,0.766126687867917,0.8313074830001671,1.215952278371306,0.9770123474569852
396,0.770195319222799,0.822949124095232,1.212959222711514,0.978743445830068
397,0.7618709818014631,0.8226729225421291,1.219820559888646,0.972498541913818
398,0.7601431009724081,0.815855249870514,1.204633135726486,0.96574735244655
399,0.7516107539227901,0.816965323643408,1.200039720513682,0.9811541798214112
400,0.7583833320093321,0.8251209092744881,1.21109488973583,0.9758523215094332
401,0.763889198069987,0.818684569087581,1.20245007544324,0.9760501341543332
402,0.753828070598883,0.8208481562526331,1.210131586245868,0.9671934393868932
403,0.7620388081810181,0.824083437090334,1.20761557376903,0.9703335938570292
404,0.7639402516078251,0.8268065407224321,1.217480949841547,0.974695938274912
405,0.750185824579734,0.8235692944431651,1.206873723670192,0.972178232437674
406,0.7600056845964721,0.82503542854734,1.210749486542266,0.9752682050609072
407,0.7598349116202711,0.8208153256471601,1.206746913708638,0.971608211407842
408,0.7586043920853861,0.8222554232115331,1.201832861248134,0.9771856636996712
409,0.764651491023276,0.8215078334661491,1.207995334937088,0.974750723230882
410,0.761990038543075,0.824964887314084,1.220626258331796,0.975865739978094
411,0.7621865864249241,0.815467572190623,1.208347426700419,0.9687903368764592
412,0.755205353209074,0.822436144602471,1.212553627897,0.976924822220335
413,0.7586417170106501,0.820225052211595,1.209544716429883,0.9706263384795272
414,0.7545752865734741,0.811877215254134,1.204309832574664,0.972083290337004
415,0.7584641982355841,0.8220316730979561,1.216037052157132,0.9689562895429732
416,0.752298155286605,0.8150226191981971,1.197802524635757,0.970218873407313
417,0.7571279016201911,0.8177031816347781,1.201937948016153,0.961479046827425
418,0.755589504226826,0.8196695917758381,1.206179260883642,0.96892701405222
419,0.7611652915028551,0.8260601771914441,1.210794761452986,0.980217665784816
420,0.751917064162916,0.8206618453065551,1.204978342937386,0.9787075566262872
421,0.7477020072224341,0.8159130561179001,1.206686543381732,0.97183289459866
422,0.7565764897921371,0.8189062369258501,1.210890083317307,0.9645870831403612
423,0.7599082756517591,0.8197173140403151,1.212022999922434,0.973809984148196
424,0.752222971423812,0.8150976317516271,1.202531784232975,0.976016042754054
425,0.7485045567424831,0.80673676966757,1.208845898832963,0.9665072220445112
426,0.755503571578773,0.8212910587157021,1.195926621016384,0.967886535342836
427,0.755045157600788,0.820499781033267,1.215316200169964,0.97879777657057
428,0.7570911135686481,0.8209014794100881,1.209236784797647,0.971271755119812
429,0.7598319013697511,0.8148889015766151,1.207785003103207,0.972036559728608
430,0.7545341350732071,0.8208610963994171,1.2103682297511371,0.9704110653450092
431,0.7507406795478381,0.8153813545038731,1.199468057656633,0.967069281967005
432,0.7617683732963121,0.8187254196491791,1.205747833286506,0.971244051377626
433,0.7544260946898781,0.8201759863590841,1.213304097129814,0.967485429287172
434,0.758994666751528,0.8169347093157141,1.205576348563899,0.9700890436660552
435,0.750690281796066,0.815248594659826,1.211374376886996,0.974304206291402
436,0.752035247701881,0.815017536606477,1.199736542891765,0.967471445195268
437,0.7584849220525091,0.8205996850046551,1.201275468196557,0.9786111613114672
438,0.754148453878967,0.8181062293225441,1.214033182008542,0.969339055805534
439,0.754589022042742,0.8189407917468441,1.207118204214434,0.976392210960604
440,0.7578984715746361,0.819898059618645,1.210395834152249,0.975982387806626
441,0.7555910042770531,0.818469195262245,1.206094846129417,0.972687106471562
442,0.7521349792031271,0.8216108086964351,1.199029553627622,0.970791365330418
443,0.752929050583338,0.8187594503380251,1.204895816527415,0.9692663506375272
444,0.75214948165028,0.8148213210313211,1.204683861978676,0.96216581467593
445,0.752921686278305,0.8252758816748421,1.206618304161921,0.9784983061523972
446,0.7575415199541521,0.8185059319155801,1.212272298184858,0.974693882994461
447,0.7556997119192621,0.8227072590287181,1.199767665694589,0.9693049360066652
448,0.7565947065696761,0.8155905817081961,1.200832965149395,0.9768247820868872
449,0.756168405646863,0.8165966171933251,1.204907359420389,0.966949639032068
450,0.758558026150516,0.820590990716996,1.209136588309986,0.97467137913665
451,0.757306840648685,0.8131813568913411,1.206813518227874,0.9700769538572732
452,0.756418476178162,0.8219123943776321,1.209602044868296,0.972205968978612
453,0.7516688397019231,0.824572766496651,1.200236033702242,0.9684212112232392
454,0.7579209816412651,0.8208030582122181,1.206792722361675,0.974523964756424
455,0.757385623465845,0.821424237088016,1.206779473825641,0.9720000002425212
456,0.753369838296287,0.810932910852674,1.209948282526887,0.9706374881654112
457,0.754576254258121,0.8131746656220891,1.208345921575159,0.9750603038979612
458,0.7551134148531631,0.8121146507885141,1.201659403309442,0.972461862057663
459,0.743915000228562,0.815861164767673,1.201398210465044,0.9698060360885612
460,0.738931808566701,0.8101747019783311,1.203877429383388,0.968700613529569
461,0.742190514380733,0.8106756596893501,1.203438498943612,0.963308028471858
462,0.7505716679860711,0.8169444895524911,1.20532289330942,0.97519750042778
463,0.7494614390737331,0.8091436853443361,1.210119440071824,0.9745447471251952
464,0.750588320735572,0.8172484272416081,1.207456127564976,0.972224414240622
465,0.75300046429038,0.8170762078269661,1.201187683944253,0.969837805526196
466,0.756469379570605,0.8214587516326831,1.2112551434100531,0.9754683231475992
467,0.7504619585107201,0.8177673210916311,1.205853938192561,0.97458822938843
468,0.755720898023118,0.811889208529306,1.205585668268411,0.9719437204193372
469,0.7498228606646471,0.8191112875938411,1.198842235017513,0.9787134695798152
470,0.751312488339085,0.8233907252982041,1.206987759233384,0.9745168608167892
471,0.745334967916858,0.8142512703071471,1.204757473067097,0.97135197730276
472,0.7498574465297271,0.8124163625896841,1.209305783004864,0.9774597932625072
473,0.7470995367005251,0.8196722702055731,1.203926091716773,0.974028560697384
474,0.745208981865342,0.815222963582778,1.209498769347218,0.9730320379030012
475,0.763602714148768,0.8128555687009421,1.208726976336776,0.96740732387896
476,0.751261325094147,0.814680383257243,1.196025943950466,0.971337757221814
477,0.7486258870989511,0.8109220103293221,1.206844718343969,0.9705301532386872
478,0.74522297081632,0.8145525140174921,1.202544710558393,0.972234198229684
479,0.741164068057053,0.8206855381528531,1.208911356286726,0.973262545693179
480,0.7501852188421331,0.811860963486243,1.209424326817194,0.970561119174395
481,0.7550591260896641,0.822522579435852,1.211754143993923,0.968497170081389
482,0.753195589408278,0.8165516992625981,1.205902917229611,0.9687855990360612
483,0.753322558747469,0.818330656359161,1.201028463417205,0.97343005042901
484,0.759041133620168,0.819270087001116,1.2032823539946391,0.976483688352332
485,0.7496040280152491,0.815592077115307,1.203139323795187,0.970150712121655
486,0.7460638208287781,0.8153238613968311,1.2080313009412391,0.9678264704357452
487,0.753840164888812,0.81622707563034,1.20226520386295,0.969893276178534
488,0.7526053182402811,0.8185094502093131,1.204257753772148,0.9731563647696072
489,0.7481703114682351,0.8151211884358651,1.20114183091167,0.968300761007096
490,0.749661377266697,0.812588770104491,1.20820980562248,0.9740467772859592
491,0.7460281074964911,0.8115634397752041,1.199011867676956,0.9730861698803692
492,0.7471825235347811,0.8128887112589851,1.205638285024442,0.9774941672179572
493,0.749904034659266,0.8183742674148601,1.210410922549773,0.976290421938334
494,0.745716463990401,0.8167837397127911,1.205902835057265,0.968913339537338
495,0.7413458043736391,0.8085150346159931,1.20012966543436,0.973521991619381
496,0.7534216748739491,0.82158740469511,1.204886564741964,0.974887276392268
497,0.748887446614495,0.815653837029484,1.213944162687529,0.9723202428793992
498,0.7497028971117901,0.8196270169987191,1.203219648504602,0.971174358943666
499,0.7545027574119361,0.8159724277430681,1.205791960051958,0.971787765811102
500,0.74167346978641,0.813166276052378,1.202422977789588,0.958257094484524
501,0.751686349241197,0.8238428388384801,1.202741344661816,0.9770344874781112
502,0.740547083642171,0.8088850498847341,1.204044615120991,0.971218969052036
503,0.7489393817503811,0.818134177854095,1.202418428508268,0.969347272959092
504,0.7418983188336311,0.8148569504635921,1.210341951121454,0.968574406552142
505,0.7444836457624381,0.813107752389665,1.207815967176271,0.974050345628158
506,0.750837079991681,0.816247601547966,1.205723980306715,0.968625139202112
507,0.7460003054930241,0.8102766646855121,1.209557255541069,0.9722721231426452
508,0.7424458616507651,0.811856989627299,1.204288155488346,0.9652450584091132
509,0.74553744767563,0.8176195600974381,1.204886332586191,0.9701961557502332
510,0.749303461200949,0.810427318556585,1.209071002468682,0.971141737764296
511,0.752708127155252,0.8196315813971601,1.203716263822887,0.968630138892626
512,0.752138889516177,0.8164730683185051,1.207376929620901,0.9722968735664652
513,0.745765533298254,0.815477461162684,1.210391822392525,0.9789466996393772
514,0.7515099174410531,0.814449865640937,1.202636354859324,0.966417968003214
515,0.7499736750471421,0.8180841516325431,1.203329547375872,0.970363344430275
516,0.7486491197909131,0.814110302730746,1.202916401559891,0.9761464323686512
517,0.7504856104868041,0.811621198619621,1.20975632717212,0.965265497916202
518,0.751274594821143,0.814207323111485,1.200701083825982,0.9665917043128732
519,0.7516795852747941,0.813580905613691,1.2105457739553591,0.9670066664778232
520,0.752767104547524,0.8248130074445751,1.206425023683603,0.979187081932373
521,0.750890023385485,0.8124336730958751,1.203918723092563,0.974501170460944
522,0.7403683778762381,0.8106261298492331,1.203637427933838,0.960949217171772
523,0.744576532393693,0.808056323532608,1.20054776351089,0.965697048393928
524,0.7414683240965221,0.8125029384441991,1.203848381729229,0.9668157057485712
525,0.7443442174597921,0.817235808441604,1.210974933012672,0.981854351129436
526,0.749326453395727,0.8156543318992071,1.202195020257562,0.9682461054914672
527,0.7509792581794481,0.817793972790241,1.212674989864446,0.971165667301502
528,0.74428667600496,0.8107429968490111,1.202950982619886,0.9663246381973872
529,0.741860572194707,0.8154385107150971,1.207132635557133,0.976917059282245
530,0.747424429282546,0.8200635970502661,1.202257822929085,0.976968992609476
531,0.7505091861754221,0.810191846628119,1.206467092037201,0.973637558735799
532,0.7438236614014361,0.808223626103954,1.199207861678324,0.9705852307649192
533,0.7524556823182791,0.8209873813649881,1.200726828065471,0.9716974567567952
534,0.7468082824371001,0.8067353051425751,1.20691294439029,0.968512682595114
535,0.757737456537459,0.8172160012350561,1.20504236124132,0.969612224459432
536,0.742466320405187,0.815098259220088,1.2020793263463,0.968376959417609
537,0.742104129703796,0.810480932286684,1.204900932700737,0.9703589130085012
538,0.746317451036926,0.813430553653102,1.201645776953386,0.9660229038285172
539,0.7506644045259211,0.8082226116372191,1.197999488724314,0.9580095284820892
540,0.739868273796594,0.8164817208181251,1.204399671027626,0.964190372792275
541,0.7381734903901811,0.8159884301864581,1.2077053430071771,0.9710605575338652
542,0.7424638152284461,0.809149709948595,1.211335379144419,0.9761296761478632
543,0.7462311830857521,0.808802516132161,1.194708032344562,0.9719236166742832
544,0.7533152915429371,0.8140032934969751,1.2111982289647711,0.972369114638886
545,0.746074038112293,0.8132581343685371,1.219389597142952,0.976759098821144
546,0.738381473320549,0.8116923884853071,1.204922266196513,0.9689022070471792
547,0.749637382455926,0.8200660190288571,1.203903391525365,0.9649917342956512
548,0.7535648745471151,0.8107879377793571,1.200556496671144,0.974308690758071
549,0.7411065105672761,0.8158059962417761,1.2002925330746,0.9678152537216312
550,0.7397994317276321,0.8161266166446861,1.210316145549649,0.980894209277154
551,0.7420066487637981,0.8072340768100551,1.201697802953962,0.96084528921199
552,0.7397330531823461,0.814744731438332,1.197915086603683,0.9738249725027792
553,0.741836531006771,0.817369109154611,1.204858579605386,0.9731914965246892
554,0.749904514789797,0.811131982051807,1.192215120878772,0.9683436858265292
555,0.737425988297099,0.8154625498514241,1.204834804802701,0.975796255701478
556,0.743818623999106,0.8079824173364081,1.197268146319665,0.9625623849207072
557,0.7475307977123961,0.804903896822445,1.200359831901564,0.972484090243992
558,0.73962574975862,0.8102025762200351,1.205696828987287,0.96465185287314
559,0.7511946764113241,0.811454050674818,1.201365720966588,0.9700577114641232
560,0.7398527286460861,0.8069567831530081,1.197253397085528,0.967240771791641
561,0.751152300316354,0.8144341814129241,1.201056145887444,0.974997152344904
562,0.7465325030295741,0.8186409934491351,1.204630845806737,0.971890006646298
563,0.7429723565777141,0.81124015778735,1.211903506431026,0.9667950909638752
564,0.743291318551569,0.812889238198598,1.201324073516804,0.966676714627639
565,0.7406446344988501,0.8112053756696591,1.200319713116556,0.97038663899445
566,0.743960856392547,0.821881876043651,1.204789642730485,0.972679441578794
567,0.750879166998725,0.806471916968407,1.206649266291355,0.966606046788502
568,0.7370491987229251,0.8066129986790641,1.200432649125223,0.959730377825705
569,0.735565805969678,0.8094658508248951,1.196374772251516,0.966467291170704
570,0.7477844521889221,0.81798281909331,1.204133920911429,0.971659033329806
571,0.746013231737458,0.810321241185285,1.198280704518159,0.970928991699348
572,0.7386502574157451,0.80843431804923,1.196805910031864,0.9665107997539252
573,0.7396603835395711,0.8143206903899921,1.203003999979599,0.971387588351533
574,0.7401493951624281,0.8109775967356081,1.197184859842494,0.9639210123568772
575,0.744745786207309,0.805914464960063,1.211258172017076,0.96938960880473
576,0.743485490966966,0.8120379982435181,1.2045285148897031,0.9709506038630352
577,0.742505931389936,0.8160693223277721,1.199744543843511,0.9650742363562612
578,0.744010793612055,0.8129222058299651,1.202191995969717,0.966288690252796
579,0.7309466673034251,0.8104690694506611,1.19969701345848,0.9628450308750932
580,0.7453448552962231,0.808519847907017,1.205356084134267,0.965702423582906
581,0.749461067462528,0.814480509339035,1.203799248605534,0.9689872464354052
582,0.7359210555104241,0.8148542921180311,1.20853532537602,0.9707527613618232
583,0.7426960310102371,0.814623787351276,1.205440781902575,0.9713342587693012
584,0.7368005656677741,0.8116515063937161,1.2034707238924671,0.966027261554331
585,0.74300771360488,0.811433529076368,1.2006290100406911,0.968464733627827
586,0.7355493377840171,0.812546870090823,1.204155238750188,0.9663529457875352
587,0.7495000168303211,0.8092254913155581,1.203210185943306,0.971778227475242
588,0.7390333070163271,0.8045577561293821,1.206243452494559,0.961112894306796
589,0.7389437771415791,0.806392729822276,1.20087538573189,0.965474405150482
590,0.7461509127169841,0.8184327045860491,1.206410683151604,0.959851973514626
591,0.7373320661431201,0.8088971169098561,1.199272871233414,0.9690577352716432
592,0.7355167433295561,0.805589427442654,1.201055916539137,0.966057560987014
593,0.7422214733247741,0.8139868077376611,1.198191343010335,0.967731907072922
594,0.738871741311057,0.8205947356595501,1.206904179268125,0.968716936509894
595,0.740090135916851,0.803878711509531,1.19774185574573,0.960328981334316
596,0.7413372475977821,0.809027955907842,1.196917929943057,0.9725126415437112
597,0.732894339936151,0.8118706561517021,1.198951989736246,0.967235219570389
598,0.746209189484732,0.8080113208380291,1.195019226251305,0.963711852963635
599,0.7338971078827761,0.8119008456883221,1.203070018602454,0.972220088719673
600,0.735136964857794,0.809273723782836,1.204797610748505,0.970326557836454
601,0.750877040748794,0.812710587853106,1.204803262391816,0.9725621082968472
602,0.733414742312785,0.8058528958455371,1.205127713041029,0.9645430684845512
603,0.7375367422034771,0.8137941043014111,1.198477673141852,0.969198956896645
604,0.741600225855042,0.8093383157814751,1.1954901729157,0.97158314274165
605,0.740925818303788,0.8142753108472061,1.201054205065188,0.95950295260527
606,0.7383127558868431,0.8090294171934541,1.201911343072635,0.968211905220928
607,0.7394888517649271,0.8169948726460551,1.201827494238597,0.9648058989179732
608,0.738514281080468,0.817238258926764,1.198836273365262,0.964334398589056
609,0.7362701708747851,0.806299008321071,1.19663655941469,0.966495381749194
610,0.7403232438786731,0.8112487869634141,1.202355277819046,0.9703714001005972
611,0.737453615643839,0.8127212700420531,1.204978047397689,0.9681230177158032
612,0.7372415659382291,0.815743900295616,1.200829551811667,0.96657703090729
613,0.743665010330901,0.803218319472195,1.203624025959035,0.962430720959884
614,0.739333429576262,0.813727314381495,1.1999896356593,0.9701974790651292
615,0.7398095724267371,0.8147232438559111,1.203937054436276,0.966097567095488
616,0.7353840263533421,0.8089375847923581,1.202908362815345,0.9629952090697872
617,0.731879792729581,0.811367147750612,1.197310427824656,0.9652538009365832
618,0.735796979911949,0.8081070159872371,1.197012907460979,0.9649914321692092
619,0.7427197326568591,0.8106270988566281,1.206817861808383,0.97027327598113
620,0.736111382103484,0.809237534477227,1.201782166094019,0.968406900844496
621,0.733560794046607,0.8070472170045411,1.198279810232528,0.970846499761809
622,0.738274755604241,0.8109261571713111,1.206276061742202,0.968571885799368
623,0.7343487000713741,0.807212132258691,1.204669720344785,0.963658092273534
624,0.740047503262758,0.8098082950581671,1.201231502536414,0.97628359099769
625,0.7433579695019601,0.8124876850541081,1.201858528282331,0.973516898499666
626,0.7328269095902421,0.803656225511129,1.204081584362016,0.969885654018624
627,0.7403412157048781,0.8047790838324501,1.199907307175622,0.975573837244208
628,0.7306183631113471,0.8019834898304241,1.199067565410033,0.9661634786567392
629,0.741129521037573,0.8140688721036561,1.202652915556361,0.973230591664711
630,0.738602728704395,0.814661022113717,1.20106111013371,0.970284641733852
631,0.7436042812693371,0.8087488102956091,1.20368803076554,0.965089864165022
632,0.737329130614365,0.8074235994962671,1.204001057515109,0.973420666611712
633,0.736595487384044,0.8043005567961841,1.199056317948776,0.966284925361042
634,0.7339567842798821,0.816014937624551,1.201908229593781,0.97167281884754
635,0.7393101052637551,0.8142796750517851,1.20462597625843,0.9764945209026332
636,0.7377682298529841,0.8150787844822021,1.202237881828045,0.9658368858576252
637,0.7338459925537091,0.799501982180104,1.199827371516089,0.959208460470688
638,0.7360182633434511,0.808602530023326,1.202883468050023,0.970655861162189
639,0.73151975656873,0.806620604750038,1.201013275246689,0.969489661139854
640,0.739297207336926,0.813252910539723,1.195503275463546,0.977884909839949
641,0.730174279407314,0.803080230519391,1.20574093469675,0.968086823740083
642,0.7357644588834991,0.804533757269382,1.20454111997632,0.9603373105705212
643,0.7346294796013311,0.8036689765859341,1.19893982509772,0.9651515503022552
644,0.738459276278381,0.8087377150853471,1.194262763296348,0.9622685423633752
645,0.731317885867927,0.804520137392092,1.199270249060962,0.9705645347526972
646,0.739702896228519,0.8088963540351901,1.19699209647766,0.965738971407214
647,0.738940412907496,0.811940464312615,1.2027665316194731,0.973172201815506
648,0.7350961788139051,0.8102889845984571,1.208158214994962,0.9672471325088672
649,0.734232571137988,0.806560204296872,1.200053560453048,0.967117122037039
650,0.7370104064112121,0.8071875168361521,1.198159089878849,0.964655029762914
651,0.734975262126628,0.8032591201472971,1.193955172015273,0.9650685188994892
652,0.7345086025964951,0.813578684692797,1.198835289240747,0.9701974714255852
653,0.7336297033597591,0.806256732754949,1.196538235398306,0.969176260700476
654,0.734644140940213,0.8065752775772751,1.201167425383692,0.9614148275467792
655,0.73404553413823,0.808921709980653,1.204995730324931,0.97080667797422
656,0.736099250425679,0.8051829240892241,1.199116641844528,0.9645543286873812
657,0.7405385493800261,0.80697042354639,1.199844823583312,0.964353613339472
658,0.73261334547314,0.810626685943292,1.2001652248959611,0.966492466871505
659,0.743864499140476,0.813236029143782,1.203712747040866,0.961498147794517
660,0.73189887183084,0.808801746562771,1.202911162721938,0.968664044460308
661,0.731485261244402,0.8039715712269141,1.19945491677609,0.9645467250999332
662,0.736137950765913,0.8122291752825611,1.201331152108268,0.972949459554924
663,0.739892091197164,0.8049248347895731,1.200464649476866,0.964443152527446
664,0.733233272246476,0.807127613628256,1.20559920705315,0.964402291842776
665,0.7345801804052741,0.803452103358248,1.20069878483596,0.966429200698284
666,0.73415463504152,0.811120286259962,1.19609841995913,0.964234504848718
667,0.733276797755472,0.8038098608022151,1.202738518408243,0.9628139980731232
668,0.7372561363854271,0.815104553988878,1.204230577725431,0.974714402595292
669,0.7469163984870131,0.8084094638841741,1.204299173709275,0.969137728295248
670,0.7310213490618741,0.8128004335406891,1.198609097388343,0.9653984976365512
671,0.7303091368597481,0.810741721288017,1.194900797221107,0.97246494759684
672,0.731436659649446,0.8074589271260341,1.210881567519644,0.970585758406398
673,0.7380038423706651,0.812434983318266,1.197868648862493,0.962990658006806
674,0.73322305984903,0.79940720528796,1.189054345631081,0.95843941702143
675,0.736457270556601,0.8059022505430201,1.197849071544149,0.967040722001937
676,0.735402763456754,0.8113820914557011,1.195864071016726,0.9657478403516
677,0.732193882104711,0.8024945624064701,1.19796901077464,0.9708768078868372
678,0.737687128852459,0.807841262523678,1.197374628613824,0.962970124071706
679,0.732539671513697,0.8089133356360421,1.199655118303886,0.967796799821266
680,0.7305735842311291,0.8160549556647521,1.200984454133372,0.972786384486201
681,0.7368716778152661,0.8055998823349021,1.205885677341965,0.962506226169458
682,0.7307191385577121,0.809654297928015,1.196804685113222,0.97563003608282
683,0.7386351696121081,0.8035747346238811,1.197362577353698,0.9642614546515372
684,0.738434941683342,0.799884882094203,1.19802291540132,0.963270318383971
685,0.7366124098661581,0.813222297291824,1.197582408029964,0.964075697450966
686,0.728731430122169,0.8052985417670091,1.199476126959358,0.9700601234546172
687,0.733099073333584,0.8101779201972311,1.204060801885266,0.969491513418978
688,0.72198878382535,0.7954153143193411,1.1921049998938171,0.95054831944298
689,0.7310215649667421,0.8041829757284421,1.193002325577148,0.9653651118548452
690,0.732210129715394,0.8051280755063761,1.199026959529821,0.97022828861963
691,0.7296022300109051,0.8036982374994651,1.199394414714281,0.9711547906685992
692,0.736413195243348,0.808979713506456,1.191496033275473,0.964665738784748
693,0.7297107331940661,0.8029913394779391,1.194876738216566,0.9614317179590032
694,0.7282545686685951,0.8011517050689541,1.204465173616789,0.96622063740548
695,0.730334692135237,0.8037736562715061,1.200220865831859,0.959952644841826
696,0.734884772233773,0.8076769296025881,1.203161566909672,0.9687495314502632
697,0.7429374791681761,0.808461420022059,1.198928354119045,0.973991318457368
698,0.7360066587942231,0.8021213799931001,1.198477036711098,0.965950495468965
699,0.731795790618744,0.8045449238540471,1.195180191617945,0.96572322236455
700,0.724620687167929,0.8091833889484401,1.192184082515861,0.964186208646582
701,0.724237027294609,0.8047180242728491,1.191703720801118,0.969787088830185
702,0.734148971250523,0.8008004695824951,1.195909453043039,0.960154622037341
703,0.735505295431484,0.8075231165773621,1.196267856959847,0.9768613266988072
704,0.725468759249517,0.8077609115752621,1.190831453795882,0.964489038817692
705,0.7351539156035231,0.809851348184157,1.196416309130364,0.9652253097544112
706,0.7285351291082901,0.805938019700672,1.19722444769265,0.966861554111043
707,0.7337298852701981,0.808198725615722,1.201110303293967,0.9666929124058152
708,0.726525235462231,0.80723647924437,1.197033762823844,0.9604457100394412
709,0.729625128830472,0.802678203345208,1.199506703278292,0.96128389744115
710,0.726567910066333,0.8032592576051101,1.202475398670936,0.966806897731578
711,0.7308590150559721,0.813118549360745,1.195038771931676,0.972089082974454
712,0.734400191465797,0.8039936302364731,1.201416790161443,0.9652082656064752
713,0.732125003700671,0.808263361130071,1.196104060804498,0.95185622624189
714,0.7256966816342391,0.8074602824838261,1.20265629088533,0.970615079437477
715,0.7282291822189431,0.80572115144004,1.197014211312584,0.963915018283802
716,0.7379856088293201,0.804626587400401,1.198861387544784,0.9700829543281292
717,0.7224396471528041,0.8024829684392261,1.193164216219515,0.9647570873300232
718,0.726524436306478,0.8080026389680041,1.195471861656161,0.9682293340995692
719,0.7218461948568401,0.8014684868031651,1.201673599796882,0.96550979114313
720,0.724675691430119,0.810946461299191,1.198016890149185,0.972995124136408
721,0.7367250493363191,0.8068224923766171,1.19705874181312,0.958377317943866
722,0.736044314676436,0.803614003394824,1.198411045946936,0.9679079909093572
723,0.736789327600727,0.8054207859263901,1.196166224993657,0.9658986077090532
724,0.7386470367943031,0.806262031521486,1.200861335340617,0.961745314003116
725,0.735933336901707,0.8047983385082601,1.195055208884287,0.963837097493418
726,0.730402134655826,0.8028624000540671,1.190802986747112,0.961358156892052
727,0.730429932178146,0.8006401722845821,1.194801005116407,0.9650536616319332
728,0.7349952420462731,0.8080700557085051,1.211082686548647,0.9704817943814872
729,0.7320422853032741,0.8035672484100721,1.204187265988709,0.96645009547364
730,0.73628011505133,0.8039049245957011,1.197990809337816,0.97242869876757
731,0.7284777237615291,0.801805142259252,1.198738933689352,0.9687341357702792
732,0.7305499405964561,0.8025165635390551,1.204855092301748,0.9578100107880172
733,0.7366221626221701,0.804037201123825,1.20085104284943,0.9646166874014812
734,0.730621113563361,0.8043444498941511,1.197252520940442,0.968760606036454
735,0.726474674607532,0.800306911485782,1.1929317369409231,0.9682528922415292
736,0.7297599865798501,0.8022430322092511,1.204066008977268,0.9654394606047352
737,0.7273083438799861,0.7955861308652421,1.191300097906935,0.9576693551101972
738,0.7367318847041191,0.804195415066636,1.198276302628759,0.9647695523133312
739,0.731155621562746,0.8070735664687291,1.19920839358499,0.9645076324164432
740,0.7379326064247581,0.8000137407494621,1.196081548713255,0.9621927829432312
741,0.727420523951666,0.8068694120299981,1.198006999233494,0.968823485184406
742,0.7259833526838081,0.8073118623831991,1.202787639978139,0.974709945717367
743,0.727242702645236,0.8065933050668751,1.195020190075687,0.970103243392878
744,0.7363022312629911,0.8099920692435211,1.200662471677946,0.97055551385426
745,0.731484513513851,0.803598273491513,1.199792363073514,0.96324731066715
746,0.7214431525140561,0.8000023320749181,1.190990656506324,0.965362801311024
747,0.7249393618355191,0.8000810107459191,1.197060891467592,0.9691178710942252
748,0.732682596892118,0.8060254516161001,1.207782343677852,0.9640520231771292
749,0.7294403987572241,0.79908772709145,1.1933718464080831,0.9652401711251852
750,0.7343190917610251,0.80395606516496,1.200397319119909,0.964796271148151
751,0.7341137070586711,0.8105725132036901,1.197442320593889,0.95824846053037
752,0.730816742081357,0.812251664482165,1.206734761487746,0.965927194507009
753,0.7352529344405381,0.8081419011173041,1.198316734014214,0.963869246019833
754,0.7321866991781231,0.801662198227384,1.190513915557792,0.960211235705925
755,0.724053597914567,0.7999499948776281,1.203687812107196,0.967015224657412
756,0.736038357640306,0.803688531336577,1.192845897074194,0.957688076637577
757,0.715424006237931,0.8015582590647361,1.196123424215593,0.972311781368393
758,0.7229688668596571,0.7975426059270251,1.199215298761492,0.96191857115406
759,0.724003818749949,0.80067722024261,1.198499082115249,0.951253707075248
760,0.7279243757543351,0.8048486370539321,1.196418975574382,0.9662469891642312
761,0.7343965269409221,0.8016153356951211,1.19650503863459,0.969902915124228
762,0.735150444226852,0.8064628485320271,1.193036807727986,0.959081190084849
763,0.7303775608863521,0.805250814103561,1.196586288187814,0.9598390337457692
764,0.7302525877358681,0.801384131869544,1.201778695095276,0.9555176458712932
765,0.7281335392238001,0.804195602302965,1.197545528627824,0.963117107937949
766,0.73113016039133,0.803172705722027,1.198582853959954,0.964231725296248
767,0.7305605604542771,0.8025262783402981,1.199422924414925,0.962060627729996
768,0.7274426184054731,0.807918207261009,1.199791933099428,0.960870673556042
769,0.7261689582542661,0.8025856764204261,1.194920049629349,0.9610875540453452
770,0.730807703015381,0.8039277333064351,1.196985375298106,0.9645321720914132
771,0.7251909063130181,0.801773567670497,1.195807082389576,0.959857627722448
772,0.727008653291757,0.8057631857801171,1.199223749771498,0.969493489388538
773,0.7326065574003301,0.8051080868943871,1.209308077243791,0.956838437612506
774,0.722308927984989,0.801447651848412,1.198787974598615,0.959280069161584
775,0.720539027905982,0.797038968814455,1.193331738852936,0.962332418350421
776,0.724963243618823,0.8000609953550321,1.199983003994692,0.960908265514434
777,0.7342671809745001,0.7976231695949161,1.194421286276285,0.9607707111677832
778,0.725682385940698,0.797220447681088,1.19422883335231,0.96547829027733
779,0.7301587341758221,0.8035619279396701,1.196293705723424,0.9652863253933792
780,0.7290154309754351,0.798611342259075,1.201296576123306,0.967838306843802
781,0.720622359923478,0.7993361494247461,1.199439309753369,0.959756098498684
782,0.7276720671874021,0.8031130309986031,1.195855934010899,0.9582489011674252
783,0.7324591116790751,0.807517072536807,1.197972948352496,0.963282200629296
784,0.730666699022918,0.80352159967457,1.200790885889875,0.965208613354226
785,0.7277584660366391,0.8010819347008411,1.195083043281582,0.9595629890597812
786,0.7272907670965231,0.8043428038557371,1.201532438721345,0.967582538022079
787,0.730163482166286,0.8039229075977761,1.189043999150179,0.963659700924071
788,0.7194881586061,0.7972660852947091,1.191279083274413,0.959782646321084
789,0.728211438364308,0.8048577677944431,1.194651459006295,0.964475182519442
790,0.7297940973354421,0.801786428128463,1.196774307152499,0.966852797492258
791,0.73011405253108,0.8022609372501781,1.196428896616334,0.967126838862896
792,0.724162777777815,0.8023625612258911,1.19380589261435,0.9566068010593672
793,0.7263512476414871,0.800082453459069,1.191534981563471,0.961510915228206
794,0.7263576022308801,0.8001768525311911,1.199932356999404,0.962392781037783
795,0.7227771959766961,0.8038262070521061,1.188735173556252,0.963649758286234
796,0.726427265348425,0.7949651836053181,1.198693955290144,0.9665283175536252
797,0.7320096263580991,0.796671618478021,1.195373537207859,0.9585788205158012
798,0.7282264034493241,0.796867585592511,1.192476557324762,0.964119194480388
799,0.727747272835045,0.8035340070508521,1.200171118953089,0.964321657853282
800,0.73142861712562,0.79536422525627,1.205698972486931,0.969221789200884
801,0.731909606335819,0.8047158814210821,1.20312935643006,0.9593554318113172
802,0.723853407886581,0.7998459551861321,1.191364915906519,0.9594026927336832
803,0.72239664385932,0.793177754874678,1.193664751946926,0.958130031041261
804,0.719889490338771,0.7973981336622991,1.192440388751202,0.961853854115242
805,0.7210207227887451,0.808037757333638,1.198824951722138,0.966040892256558
806,0.725661306871452,0.79655613437079,1.198646576184293,0.955365770860858
807,0.7240335563386691,0.801974769735681,1.195050903744455,0.965311507842894
808,0.7250405267906791,0.7964742862875911,1.198320050062476,0.963917151768354
809,0.731806619740698,0.809519905003084,1.194876657555932,0.9733878287986132
810,0.73262845174126,0.8075583424905071,1.201102670876012,0.963832859651766
811,0.7276103785126531,0.801316813066385,1.193077843366325,0.955392144026531
812,0.7255809365407281,0.803843437437561,1.199898231072702,0.965148576683756
813,0.7322730358042141,0.808541010255398,1.199455052506232,0.968966508824108
814,0.733282402670685,0.7979087284293721,1.200593852694483,0.9637456923669232
815,0.7234361521305811,0.8012057401347851,1.201489261742951,0.958542602109736
816,0.7227780320074241,0.795421198982259,1.197746122768823,0.9548967132155872
817,0.717064191546777,0.802525008610193,1.194599511452775,0.957680392902398
818,0.730625846679659,0.8005714427301841,1.198246806104114,0.9668796336737232
819,0.7242396121601691,0.8085394064369401,1.202624030627202,0.9676012061536312
820,0.727755462156905,0.8059224953901941,1.198926094217576,0.966408284219062
821,0.72058392783114,0.801534271326617,1.187698376459488,0.96234080657039
822,0.722719451250589,0.797357239584991,1.195698120023893,0.963005974969786
823,0.7267576210416741,0.8073659862081211,1.199213446482368,0.9685817050437132
824,0.7240663321985711,0.7953770938126931,1.187442856314389,0.958086804095385
825,0.724870477627584,0.7963495780376421,1.19316762437423,0.949484467344439
826,0.723391139906817,0.799824682806713,1.197685752981814,0.9693044695895212
827,0.726055488368307,0.7953126292297801,1.203410668109638,0.9661042054008312
828,0.7141031797813331,0.7969114397099051,1.188666993401188,0.9587443661268632
829,0.735942735107264,0.7979031030250631,1.194294135531653,0.964404801122736
830,0.731677878540063,0.808388414266316,1.197068950404291,0.9618790022812892
831,0.7310128246798461,0.795777663156606,1.19657930235068,0.966321247751298
832,0.729987121200647,0.8073601725956661,1.200721234515093,0.964033910005852
833,0.7191378265835231,0.801073835595794,1.194966871561347,0.962879587369768
834,0.732465017505961,0.804310025404328,1.196410018032875,0.959145128025092
835,0.717961580937971,0.795164399388907,1.192690593932849,0.9566722556246792
836,0.7325314417805361,0.8043556959516761,1.201410238833531,0.9582628533784032
837,0.724067733825548,0.7993666210036341,1.193165368036083,0.9593566652333392
838,0.72829609491147,0.801111410817374,1.192064161101977,0.963218818513163
839,0.7291012828548751,0.7977457987009611,1.200848477042239,0.9593350546353532
840,0.7254488152870231,0.805986234459324,1.204771261500275,0.9690992497717552
841,0.724567400399541,0.79674901370553,1.195470156552998,0.955152620439944
842,0.7192382920479421,0.7993512753991111,1.195103357019631,0.957267868265077
843,0.730286242116404,0.8031623916349551,1.193231196291204,0.969724804216968
844,0.7264638554196851,0.808053595432336,1.19299943021674,0.956518631050552
845,0.718528125975011,0.7960834199751631,1.191704033293585,0.965334026223939
846,0.7246499000036191,0.8008117902538051,1.205746642597343,0.962165231991937
847,0.7217885269041071,0.8025083454406781,1.188267074957274,0.9638289642398772
848,0.7197570282210041,0.7954940917915191,1.202507390492204,0.955654150927844
849,0.724031417752089,0.806688696146011,1.1980739315782771,0.9684042774572752
850,0.7217664780176201,0.7953537591341611,1.195553296070168,0.968497982221669
851,0.7248558237122881,0.797262484612672,1.197604947224043,0.95406339822364
852,0.7156874955618291,0.802538330140321,1.200320707391137,0.9630388371052512
853,0.7202804319668501,0.7960382987191711,1.198615359655325,0.96045026903891
854,0.71627300867028,0.7895221560113671,1.194446590931519,0.958187063427075
855,0.721075235204636,0.797399238183878,1.201187516900076,0.958698678653741
856,0.7220092457111761,0.80258318339137,1.193526076989761,0.9633133154416432
857,0.7239769693410051,0.8035417690441221,1.1971956994654471,0.962804152589777
858,0.732836841430137,0.8025571913390921,1.195269249811552,0.957108885859665
859,0.7223787683507671,0.79880072824333,1.19339213228744,0.962564185882608
860,0.7250561573259201,0.8003837534266971,1.195881898204485,0.961262919791582
861,0.727771439738031,0.798725745060305,1.194264206981313,0.966549060050992
862,0.730948220560516,0.8016359774746751,1.2037407218114191,0.9589255030496392
863,0.721331100667948,0.805784746896529,1.193426944423413,0.958529099498106
864,0.72781663917113,0.8032590122758471,1.196136532378369,0.9651941245934672
865,0.7304328968343521,0.8056001767948051,1.199990366356096,0.970817636698484
866,0.7246137304312501,0.797501302283743,1.199171159362447,0.9596468319009612
867,0.7236314253422661,0.809036845422309,1.195515243687491,0.962973279905492
868,0.7256168615126951,0.794029913626719,1.199519316463366,0.9606383945792912
869,0.7229764432362881,0.804860651061154,1.202896993445313,0.9651932273114072
870,0.7160280858153011,0.807272388343361,1.198457181777643,0.963016838348214
871,0.720729041385693,0.798840955115746,1.191976249325966,0.958432207882836
872,0.7159265877975931,0.7960104037454161,1.188299168063246,0.955861472106282
873,0.7206517645846241,0.8008776749821671,1.186674671760504,0.955964703706727
874,0.7191998856277131,0.79897563299839,1.191018499973891,0.9579775035921212
875,0.728832218148138,0.8041310809228731,1.198399457270684,0.96338356523842
876,0.7241045974626921,0.7997884180234821,1.202728533766408,0.9655378321590632
877,0.7199186714824991,0.7985208793610761,1.188422129637953,0.9582082629203792
878,0.7178701583997921,0.7976060973993241,1.180831165741319,0.9632466081529852
879,0.721829851495399,0.80353072112885,1.197641325925571,0.9644430053244892
880,0.729395186690532,0.805123911603637,1.198062754735566,0.960937791355494
881,0.7189984139648901,0.7982874819334,1.187714634814124,0.961593730537139
882,0.7267298323736671,0.7991888648357941,1.202446705405263,0.9618756013342
883,0.727239498760605,0.80018244770126,1.19804357877676,0.961043791143574
884,0.7270856701053571,0.805888511456441,1.192535801210265,0.965208783394832
885,0.722755287112533,0.798400527001291,1.195048700640167,0.962654305514002
886,0.7199934450774521,0.7980525631835491,1.186792780739673,0.9606007833465712
887,0.7241682977942021,0.8000139032585031,1.193647201834381,0.9591070646555092
888,0.7324042378290401,0.8008726120427031,1.197870660087336,0.960059949858249
889,0.726139953090012,0.8035838918193521,1.19346514797729,0.964225230306602
890,0.723228928241608,0.7953892823146731,1.197778177542099,0.961046156621929
891,0.7196722946305201,0.8012799159556191,1.19704309688962,0.962270465315036
892,0.727045048703102,0.7996730343371191,1.194227688014507,0.96482178185513
893,0.717871603461495,0.8008693164025521,1.186909125766892,0.965612740539338
894,0.7242306232236431,0.80260217524525,1.19731892839722,0.958583161774752
895,0.733617321034704,0.807125945777996,1.20179171104362,0.9751334517276372
896,0.7175882306705781,0.7964025644072581,1.191323008010353,0.964390525540364
897,0.7233400623435561,0.79914840116449,1.194905217467011,0.9595744098280212
898,0.7187176991416061,0.795913285211376,1.188324822895768,0.955949230335544
899,0.7209883028560351,0.7994264689260631,1.197485087574392,0.959245478923338
900,0.716535065674047,0.8010775913362911,1.194452373229939,0.964326160892412
901,0.7280088909294291,0.7990849412221841,1.195103225392707,0.961048617878038
902,0.7260300171548041,0.805773338869861,1.194401861640854,0.9614565787377992
903,0.7261898101617891,0.804336256091145,1.194306232251118,0.968913606840415
904,0.7180093378368491,0.792899711408476,1.191336117360903,0.962582149286416
905,0.7218563462729041,0.79991329482932,1.18996240608934,0.961404324144772
906,0.7272906451337581,0.7920033120806661,1.202784549282944,0.959786499027108
907,0.726786239612577,0.806958629817202,1.195773522167102,0.96836438772363
908,0.719996522302212,0.797723193315492,1.199719742588375,0.9637490255839152
909,0.7179672555269101,0.7991259108850921,1.191314709143362,0.9569501440864112
910,0.715998967191663,0.792859892158404,1.19015492801217,0.959439099374888
911,0.716000674481409,0.794366271599479,1.190658886687479,0.958495459829767
912,0.720511017502218,0.800154414945754,1.2000013679481931,0.9676262066308132
913,0.7209784219284421,0.796047498782475,1.190546373958173,0.957339259431414
914,0.716933390854493,0.801124084578908,1.190542654390784,0.9637758805268052
915,0.7202357976440931,0.7918741614490311,1.187861139899578,0.960322317464844
916,0.722880130633711,0.796378713263117,1.195138319678928,0.957517587593284
917,0.7232095542215351,0.80047211655672,1.197273136480994,0.96704128867798
918,0.714256734519765,0.7936642927967981,1.195830999833086,0.951064082294486
919,0.716089517121081,0.7923438857862911,1.19218892895657,0.956642676576756
920,0.724957551348252,0.79844641642294,1.201993990743505,0.960708206546479
921,0.7226920054172691,0.794787214178106,1.197117802565512,0.96761431177889
922,0.72496705815412,0.7976101346421931,1.194971162987792,0.9623733078116092
923,0.719592703533345,0.8004527564929881,1.200769693523213,0.9613485251269912
924,0.7266444730423931,0.8009163361528641,1.197300317710724,0.965581017883791
925,0.7206096234798861,0.8038754633803291,1.200618338649687,0.9625527424926772
926,0.7157025387429671,0.7950525653103121,1.187455760719983,0.965990906203354
927,0.719471287900123,0.793354914672132,1.199279045497161,0.9605575220362432
928,0.7226165550882401,0.80531855823769,1.197031891432361,0.9582740409380712
929,0.7244295740257131,0.7923147018620931,1.192694676311119,0.955175111016285
930,0.719101033483942,0.8019825060298471,1.203016198631645,0.956886381018852
931,0.720744364935418,0.798676758032778,1.190861480067605,0.966470806225054
932,0.7235747133584121,0.7988427900101821,1.20259825280611,0.9638297289771872
933,0.725077893153048,0.798165310228216,1.192858600422092,0.963763612659945
934,0.718323471969452,0.7979517096410621,1.194523454900237,0.962850776109574
935,0.7223354670880491,0.8040337538805561,1.1956198413086971,0.958321344242363
936,0.718252578534293,0.7972106548107181,1.190887148181597,0.953032395518992
937,0.7175683311416181,0.7966627126586611,1.193152521291504,0.960115604075616
938,0.722652263345493,0.802457844217618,1.18948446602925,0.966950250816518
939,0.7180588825781271,0.8000131880027661,1.191077892871006,0.9548863347727752
940,0.725785366192028,0.7999837185809571,1.193710248323454,0.9658774744071392
941,0.709268944607912,0.7918172890077461,1.187639598721179,0.952136532956923
942,0.716787056160577,0.7902695792524711,1.190174261297004,0.958545493312935
943,0.7212120703003111,0.796207736583723,1.19294778138831,0.963038951374482
944,0.7181920083374641,0.794481447425441,1.196168147135472,0.9576528891111192
945,0.7210473019251781,0.7969592619633321,1.192048947664274,0.965137651109177
946,0.721090879210311,0.798685193385766,1.189281687248444,0.958668504909112
947,0.720242554942766,0.8081130549527591,1.196213399694449,0.970509151185768
948,0.7200237826808631,0.795477362538593,1.192555591032125,0.9579165289583412
949,0.721169310068522,0.7960703309247451,1.19130575235771,0.9628205913240492
950,0.7173544760739451,0.7937809178146761,1.189065404668234,0.95314808835046
951,0.725062147997643,0.8014279182838351,1.190439055471316,0.959731554585522
952,0.727192707845698,0.8034451822007911,1.190555180544438,0.962807204061444
953,0.7250819484014871,0.7988775150067561,1.193562817962273,0.9551063828116312
954,0.719313401188971,0.8020566403865811,1.195824721045252,0.9600270808121
955,0.72419431157734,0.789905415712923,1.194113158985324,0.9538344780010152
956,0.718931083499953,0.79844479791928,1.190338588603164,0.9622389058434012
957,0.7226219446924711,0.793505929518437,1.201879322096921,0.9689780987151292
958,0.7265024802283101,0.8006001615869821,1.195822147787481,0.956489080536192
959,0.7221058648673521,0.789890255401099,1.186752604833547,0.9538720553011992
960,0.72435772008654,0.8001138341167691,1.194465033278085,0.95767457810217
961,0.7147952225059271,0.793418917319049,1.188735284667084,0.958034360835301
962,0.715909956913927,0.789323396440865,1.193812743909117,0.954754279953414
963,0.718625570363972,0.8029279991768401,1.1945298154284991,0.965539289341456
964,0.7190182032198571,0.794901930443618,1.194957451004049,0.95838156401895
965,0.721368807921375,0.794176747833473,1.195548765253329,0.962031791202616
966,0.7174836345070941,0.7944791846085281,1.188598636915718,0.961080749964584
967,0.7209427547843561,0.795595472597557,1.201879388720229,0.9640312049861832
968,0.72841392106552,0.7999582474214441,1.199339650139428,0.967720559244786
969,0.7182355278805971,0.7959151808982311,1.19732487514831,0.963969241341818
970,0.7309020178905431,0.808559551511121,1.196351460032705,0.9621152570336192
971,0.728729756899933,0.801295538743337,1.196544272312219,0.9579020709447232
972,0.714805253497932,0.801371497304543,1.195852248996928,0.9556485949543072
973,0.712705823228411,0.793805338226366,1.189000448994878,0.9607004193130172
974,0.7134225114478141,0.797020968319713,1.193280716521152,0.95439288109217
975,0.718563446370155,0.798410697691682,1.187773353919603,0.957589180546178
976,0.7127957100291611,0.7898127622362491,1.194170318004013,0.959164284331643
977,0.7189232638996581,0.8020552730430721,1.197562076043391,0.96302467379449
978,0.7157514439490821,0.7895166625579191,1.1916151461393931,0.961864088297538
979,0.7215589613694211,0.8003363395514691,1.18731864908899,0.960791170705055
980,0.720683693615854,0.800585685432821,1.191492298375005,0.963649552774386
981,0.71792585319043,0.797582354126633,1.189236412337724,0.9600341104348932
982,0.7151427660677311,0.798160469942334,1.190653926004534,0.956505197761715
983,0.713729829378966,0.799485074005265,1.199589579973531,0.959364466261172
984,0.7104749816699301,0.7921755595699601,1.193118657430876,0.957407363919892
985,0.7151039367460681,0.797341776066932,1.190059451305348,0.9574894460485032
986,0.7211799502804651,0.800851041963998,1.191597980109677,0.9566754350249752
987,0.728394056143968,0.7990085608933281,1.188880059814107,0.964445787927378
988,0.7244865402471321,0.796576369499814,1.188234469488911,0.9589794375596272
989,0.71689975005237,0.7980846224919611,1.204271468671335,0.9612267334554072
990,0.72056771747336,0.7988053281670031,1.196768003529396,0.9671465705918232
991,0.7154025789620221,0.7908148360641101,1.183477444061334,0.9605809105695152
992,0.7242644389524401,0.800766773305941,1.193516784172127,0.9721020340271612
993,0.723484884650594,0.7997128909480741,1.1981222304529031,0.9611562542563332
994,0.7215116959389131,0.801660178580145,1.190408947243206,0.962336740820952
995,0.718298861675936,0.7941414941696151,1.189823008209898,0.952706885969509
996,0.711178873436174,0.7975302855821621,1.199420378583928,0.9616729512378792
997,0.715736687102395,0.79226719447668,1.19042234327914,0.95839340660883
998,0.714904675233191,0.7924560313855391,1.193890124235464,0.952133260991262
999,0.7155819497462631,0.795586712550425,1.193152241840742,0.9572312492013412
1000,0.7215508472552331,0.7992454888164131,1.195350873621477,0.957486648490463
1001,0.7217050087570711,0.8004746593642921,1.200540105717769,0.9597128988176152
1002,0.718333592260445,0.7986119686477421,1.199163713964863,0.96203849904671
1003,0.718300980070362,0.7995115733449011,1.191576902417169,0.95866293106498
1004,0.7160943971433931,0.7960530221462251,1.195190393514391,0.952974791166143
1005,0.713905940507201,0.7986297697044801,1.190016417615655,0.9714968476066552
1006,0.7152835836067141,0.803677951944047,1.199414867313875,0.96454576883411
1007,0.723803742100363,0.8026186016158781,1.191024175912573,0.955462599821064
1008,0.7259468419234391,0.799598382434983,1.201386164819848,0.96389228016462
1009,0.716114158674642,0.788256380437076,1.189354448970677,0.9632879231880972
1010,0.718777494990955,0.7962390980210851,1.192651616490405,0.956351790685152
1011,0.7178062773377131,0.791115969095541,1.19196115758108,0.956858669529142
1012,0.7146256921839881,0.799340824610081,1.194197445783926,0.9631380614271192
1013,0.719158540898259,0.7932118922472,1.191011999720248,0.954905365526244
1014,0.7150470449224761,0.7986801561454061,1.193003366174905,0.957257657730277
1015,0.71425335649131,0.794483969392983,1.187706595421701,0.964847021695712
1016,0.7253753404416461,0.800661427495272,1.1981664983474691,0.965694345776801
1017,0.721425766206305,0.795190749177034,1.19239316297614,0.9586915134087852
1018,0.717464461598707,0.797846021859542,1.193043851010177,0.9554329296385032
1019,0.723581715041528,0.793234783778156,1.198820134975772,0.95546915438836
1020,0.7182410821264631,0.7995250865385151,1.188949412949707,0.957902090812938
1021,0.71722756229017,0.796352549847485,1.199894266823927,0.9619228866599172
1022,0.7202565397905261,0.79748561427645,1.18776890527511,0.960623289202002
1023,0.7184752550623981,0.79483337128076,1.185097505217013,0.9612183054990092
1024,0.711798028615505,0.797098811445892,1.193014800008656,0.961422103038732
1025,0.713247584637956,0.7917578989180961,1.196639988085497,0.966897702060531
1026,0.7169959820483041,0.7992779030532071,1.19245789480814,0.961889623137919
1027,0.7196440059637671,0.799003991635813,1.194842277661613,0.957852689279378
1028,0.720637578355229,0.7996941747656761,1.196217366210792,0.9639946696334992
1029,0.713625116192776,0.7932587738918221,1.194082060153933,0.963879260706944
1030,0.7058663713219371,0.7897641456861421,1.19479273950708,0.9596519071230852
1031,0.7156008091093831,0.7939752538998921,1.194788985818192,0.955974812794854
1032,0.720281061837854,0.7971308301540381,1.202001352241073,0.965213289889304
1033,0.7166889198394351,0.7926191993165701,1.192884198997331,0.9602021381420932
1034,0.723336911530814,0.7955185195458101,1.191380509755749,0.9537260241644532
1035,0.7191674687184281,0.795603445366672,1.18694016456172,0.955116914828186
1036,0.713685029928667,0.793737287538639,1.188827928641568,0.9589934536134412
1037,0.723078895090282,0.8027497697351631,1.194963074896646,0.953446191668078
1038,0.718372144263939,0.7950316126579821,1.197416101244912,0.960521379701685
1039,0.712165982583942,0.7926723486271451,1.18889335964037,0.953894521150252
1040,0.716422768174738,0.797617874823618,1.198607551662818,0.959417111037866
1041,0.713636649070658,0.7952833738232,1.191332526612972,0.955717680597866
1042,0.7219825131089791,0.7952455286530481,1.193842476584773,0.959353947148158
1043,0.714723421152735,0.789553848945576,1.188884999333084,0.95648103436806
1044,0.7234198505571781,0.7929965828855831,1.188205860447192,0.953725019982759
1045,0.726514772012613,0.8004102904511531,1.195652477551197,0.9615535595980672
1046,0.713903084127367,0.7985991241707311,1.190340397258599,0.9609344990897
1047,0.7241785744933971,0.796501061514667,1.192565029621988,0.962908667309776
1048,0.71539875962164,0.798015773188376,1.195334589999655,0.959199915815522
1049,0.7209001610568461,0.7928771910028181,1.186014342891133,0.9565897696799992
1050,0.7172130383551121,0.792326500774293,1.198126736326494,0.962138759701148
1051,0.7157688678606691,0.7969483532335441,1.190403654739476,0.964824725374363
1052,0.717614663953798,0.795808642670728,1.196521636368571,0.954779112063672
1053,0.716157574503534,0.7998662954871201,1.1957691280522211,0.955726198825067
1054,0.7083017223285161,0.795617621338021,1.187209176304547,0.9553191059579452
1055,0.714842657113204,0.8010615035891531,1.194942782538524,0.9612019427822552
1056,0.714522601928615,0.79661722232898,1.194010867264823,0.95609456954011
1057,0.71726379216905,0.799484459170396,1.191302277687667,0.962709716966618
1058,0.711066866266554,0.7971909204902851,1.189711122733095,0.957717457597238
1059,0.712968885628641,0.7936645838013591,1.190293058321096,0.9554762947170632
1060,0.713252938905919,0.789931060827296,1.188570156477499,0.947227989336934
1061,0.71156033689993,0.79638833163873,1.190388477150944,0.9553369646756972
1062,0.7178606729468571,0.7953501061900801,1.18881086324868,0.9596837393507572
1063,0.71307844719917,0.796886674195959,1.198402814027191,0.959508673949302
1064,0.7199265226397821,0.7927114827477411,1.192469431654266,0.9643610537160132
1065,0.718008790651093,0.7993999510139651,1.190938478254753,0.956019606063331
1066,0.7145731780624041,0.7975957851479011,1.19365851689076,0.968351179868846
1067,0.7107044646003541,0.7939494981066041,1.187113319510135,0.958050453225555
1068,0.7165632202573441,0.7932413944947541,1.18975697716941,0.955499349134987
1069,0.713733925362644,0.792483650687812,1.19587818371213,0.958642864842777
1070,0.714380084361503,0.7924408504496451,1.1888442590184831,0.961036614398809
1071,0.7174611703317231,0.7955682313312651,1.186691623559032,0.955493841212296
1072,0.7185596555093491,0.796984158024407,1.191548966951128,0.949897307902574
1073,0.71497670582671,0.794205648959546,1.188969569901625,0.958680495511794
1074,0.7120736173583541,0.7936282990419341,1.196231818609479,0.959529789353626
1075,0.71385557088407,0.7908690923797911,1.188548452396323,0.954887641188891
1076,0.7194369176969581,0.795010608175526,1.195178233087062,0.9636487534566632
1077,0.714031143950811,0.795608822958193,1.195656237826831,0.95931282820369
1078,0.717905074115032,0.7989378941879751,1.192213887321776,0.95579375496701
1079,0.717041851088836,0.7975941329546591,1.19237630976283,0.961904044789464
1080,0.715690528838962,0.7928921056614401,1.189006927436676,0.962402712688713
1081,0.7176068897048631,0.795519934724206,1.191978564404923,0.9657582055129432
1082,0.7089835304928861,0.791723361481791,1.192650334774584,0.9546316822693832
1083,0.717655531495161,0.79857347873242,1.193769697909769,0.9622802245498132
1084,0.7202360636784111,0.7999870028832681,1.189715244523857,0.955929948718867
1085,0.713469738545625,0.791499398756718,1.195009544815706,0.95850879261675
1086,0.7156525172995051,0.7958311186968411,1.189977177135322,0.9640941842310672
1087,0.7174624904882211,0.7967167314195971,1.187322237785311,0.9584521912848172
1088,0.7102863977568731,0.7945626955749331,1.189166676523028,0.958228319991326
1089,0.718258014596674,0.801289477750011,1.196431912481784,0.964115621549063
1090,0.7132969110178341,0.7968459268626961,1.191194572958393,0.9599185457210172
1091,0.7178632534392501,0.79430934894776,1.190982353968032,0.9570298239696712
1092,0.719145957758461,0.801135183892388,1.192315348140571,0.96476010662382
1093,0.716740443897636,0.7920536257434581,1.201266271264656,0.9579797956714592
1094,0.7165913331875761,0.8015332537284791,1.195070812127728,0.960067630570004
1095,0.715833806149337,0.8013657772022741,1.194713531952837,0.96382017493032
1096,0.72288467834933,0.8014712762357531,1.189028891208379,0.9620646834373472
1097,0.705006468852145,0.789463305818861,1.187429924158082,0.961121477699582
1098,0.715248431659479,0.79239715916523,1.1934772201854251,0.966445482538446
1099,0.7140838639351761,0.794232971750307,1.197527092220126,0.960823487544405
1100,0.720693058941675,0.7979947287535321,1.188904536375101,0.962866166984473
1101,0.715072043159085,0.7976314267818471,1.192506275639154,0.960470257812868
1102,0.7150738929276881,0.7947079441037731,1.186448939144611,0.9596926065134832
1103,0.718857242550323,0.79614787062873,1.188945807732533,0.961268306615344
1104,0.7184075013720901,0.796141264879185,1.200417976016583,0.9648357351728972
1105,0.7129012534151901,0.7956210410465361,1.190439051800016,0.9552850663068072
1106,0.71910977622737,0.7925667281168091,1.1866584632923631,0.9561169847198152
1107,0.714410776029462,0.798301439678323,1.195174046400664,0.9626924169344312
1108,0.70571057876383,0.790371398239032,1.184753272412479,0.950147544236286
1109,0.710259331039328,0.793311516551867,1.18996918665758,0.961742098186758
1110,0.7129214207871231,0.796749006578887,1.191740806659926,0.960562385294748
1111,0.71396440035407,0.795530253346415,1.200347814546979,0.9608200325806072
1112,0.710528178869382,0.7975112059410061,1.190382479541543,0.961097467069824
1113,0.7134257964789861,0.7919467166066171,1.186287195570227,0.96177880519974
1114,0.711123853058054,0.7920105157123091,1.190192468572354,0.954451770778151
1115,0.722771900800475,0.7932782573760421,1.192315817743108,0.960325058792596
1116,0.715092798910927,0.7901589753835091,1.184384492212447,0.962337607463848
1117,0.711644502572607,0.7950436473972551,1.186653712737387,0.962360385832363
1118,0.711086495253055,0.786292285482952,1.180681932663572,0.953824000972984
1119,0.7092797094011221,0.7911445881793461,1.191441849737927,0.9618028732475592
1120,0.718601616882327,0.798027696600858,1.198338159292504,0.9692878120349372
1121,0.7186625420075391,0.7950584094809451,1.187699958466101,0.956668166848628
1122,0.7120853177933151,0.7878763980191681,1.193423748988172,0.954045741454414
1123,0.720360968909833,0.8032672932182531,1.186295977753141,0.960022851554811
1124,0.718444966859575,0.79940402680549,1.19390204883572,0.962013707860656
1125,0.70904541004827,0.7958981107542481,1.188710850002109,0.956391932955686
1126,0.713708413089963,0.7973338140957591,1.19108455941297,0.959515829692068
1127,0.7178731561786881,0.792280179974825,1.19731150286785,0.962418653043931
1128,0.7074892541420631,0.7937933567209521,1.189761993029843,0.9541569170474572
1129,0.710101298663927,0.79533436851225,1.187106103568837,0.9617590652103872
1130,0.717975092457904,0.7916375482859811,1.188828705877497,0.954717569917008
1131,0.714040790805998,0.7910928105314571,1.190318560146767,0.958668999184948
1132,0.713052274956219,0.790638300171796,1.1957473595073251,0.9617497906142812
1133,0.722423581406474,0.7971177591361861,1.192991365017234,0.967012048739454
1134,0.7132108655312781,0.8015543025904801,1.190622811192187,0.963018412634298
1135,0.714747152088776,0.797208982425323,1.193847972845685,0.9595627790667872
1136,0.713251647067026,0.790154303869475,1.193258288005987,0.955076423514148
1137,0.7151709948598901,0.7904133904671321,1.197020580047282,0.957912523839352
1138,0.7100970756154561,0.7947116987644761,1.18890922203444,0.953019811515358
1139,0.715226288911873,0.7947166257578391,1.193928824926632,0.9628581644130352
1140,0.711874289978025,0.7931029389517891,1.1844085746485251,0.9537862375162652
1141,0.7228670073808101,0.7904627749669381,1.189330484772074,0.962398293711569
1142,0.708732515033604,0.7938958818929781,1.195828113003053,0.959058544531032
1143,0.70965880403916,0.793714637881603,1.186768381383971,0.9546888168037372
1144,0.710506676358805,0.798432453171066,1.1938648895509,0.9558003748348652
1145,0.7111778367526721,0.7885007673631541,1.188149165416109,0.9574581781483212
1146,0.7152506904001681,0.793656189480553,1.196261652785798,0.961437813856679
1147,0.7129552541435621,0.798276380352351,1.189297989334749,0.953544988148454
1148,0.710050888170582,0.789934806741666,1.182787821128748,0.952964045944205
1149,0.713489216252945,0.7876922181551,1.190903856702472,0.957479674989978
1150,0.7123739893777641,0.7929076287841451,1.185239749110263,0.9509824747894552
1151,0.718131632179669,0.795068222111549,1.196191211541493,0.9602522994999
1152,0.7132051181642041,0.7950639605954071,1.1877038416223251,0.962354703900822
1153,0.7112232404288601,0.7909959741476651,1.192765242271665,0.960099367883758
1154,0.703847237795159,0.7929526602012521,1.197655125372651,0.955382128475584
1155,0.7099369058952381,0.797009047714696,1.197302188238371,0.9625161375472512
1156,0.7096741252133381,0.8018348652167591,1.188783438201399,0.9594429332654972
1157,0.7152700764869431,0.7990595072075941,1.188923904861229,0.96051975161485
1158,0.7228791668903131,0.804704713972582,1.193521935114826,0.973180446206875
1159,0.7191002212086881,0.796702700896539,1.192733057923075,0.957743787004248
1160,0.705962073624781,0.7931556642271471,1.187544553824093,0.9548345142840472
1161,0.7136347782190721,0.793825219074885,1.19413959029792,0.961276954849777
1162,0.71254394656938,0.7935660667177561,1.189312870627728,0.955590722920454
1163,0.7113270012094921,0.787890276507191,1.189276744598063,0.9618382559738292
1164,0.716544061359288,0.7933895284498941,1.190061781501424,0.958098598850378
1165,0.7200034095001391,0.7940155543062991,1.19433292724948,0.9573775288257472
1166,0.7115957185194111,0.8021229502299551,1.191422175130118,0.9570220050442472
1167,0.7145604301729921,0.7965725088033121,1.192758092089839,0.952652076988116
1168,0.709001709531614,0.7888437753570251,1.202967946188173,0.9604940085091452
1169,0.7114664974851881,0.7896334297847051,1.193175326978814,0.957329113036394
1170,0.7196234254625391,0.799747964610224,1.194017145836698,0.9640103556161772
1171,0.7157383349224701,0.794803848301155,1.19007196460945,0.9566007791275992
1172,0.714399379826542,0.7997310993032181,1.187981028919634,0.9569686795922292
1173,0.7189082298697761,0.800552801053593,1.195039542040963,0.958433833486144
1174,0.7170740082806001,0.795575694005558,1.190212700246037,0.9614782232953152
1175,0.706295474121967,0.7916672304272651,1.19034051819556,0.9609226847904312
1176,0.714745892886666,0.799330567860085,1.191028238314649,0.96397575698253
1177,0.712201851514586,0.791056991703268,1.193468870028205,0.952845632867968
1178,0.709849396099646,0.7903555471828011,1.191197327621605,0.9664809959198252
1179,0.709787376818881,0.7903050839685011,1.186491089670554,0.958948344721094
1180,0.7128227860599321,0.7913712903425311,1.191869202353384,0.9567003483357632
1181,0.705913501481215,0.7934947811822961,1.191526366100795,0.9594953478030532
1182,0.713198203323543,0.7992643540104231,1.18958370981441,0.960857290693599
1183,0.7118811860842541,0.7902420456858641,1.183572630195514,0.958736529762762
1184,0.7091916318226981,0.7904121506473291,1.19014125522496,0.9575644410012852
1185,0.708940866308799,0.7920533473724901,1.187401441128357,0.959153621147076
1186,0.7144319892091591,0.788508960194345,1.192199669022491,0.954564474766021
1187,0.704792691799609,0.7934525411414061,1.190772888561089,0.962500072637761
1188,0.7132969780190691,0.7939904715487921,1.195496948084969,0.9568478155719192
1189,0.7188712761238001,0.797857680182526,1.192266657516576,0.9583250006147912
1190,0.7178149575610521,0.79572520610215,1.190503125605376,0.957563968105376
1191,0.7193138792139031,0.7944300316166181,1.194666568243849,0.9556533211329272
1192,0.709058346010852,0.7917544656041741,1.184687656660874,0.9533122278264032
1193,0.7152698005995021,0.7947145755524221,1.184895593942939,0.9522399611339192
1194,0.7009546146930561,0.791607193648815,1.186802498888278,0.9603975947298432
1195,0.711705975045544,0.793251923136953,1.194717814309009,0.959174643743081
1196,0.719900478055511,0.797953765569389,1.184605432593304,0.956083036365284
1197,0.714778034313433,0.7899127384458761,1.194719437671744,0.953889341889948
1198,0.7071674568713571,0.7938773654725241,1.190089770525262,0.960042800241406
1199,0.707100516644077,0.795607461445573,1.189781484072623,0.9587490435527712
1200,0.710698618270132,0.79121491248193,1.182942343470843,0.955885948262352
1201,0.7141284176512901,0.791622416804666,1.1909324633686431,0.956359414356774
1202,0.7079328590923031,0.79395057649716,1.183926741606083,0.95764003197352
1203,0.715264151034795,0.7941775334917981,1.192612150657004,0.9615495259725092
1204,0.7007800513419551,0.790806024078873,1.184112335892691,0.955542586203934
1205,0.7091280530220351,0.7947680184590641,1.186813334300034,0.9598546832314
1206,0.7075735005293631,0.7922156426137771,1.192518018725989,0.954689645140931
1207,0.7067416964395751,0.7916660334752951,1.185159863337226,0.949880891061131
1208,0.711745316675607,0.7916918021181351,1.189666424216567,0.956598886815102
1209,0.713086961512116,0.7982934076285011,1.192964526730171,0.9558791310620912
1210,0.7208325069505661,0.7968659928959341,1.192683393540589,0.9648692580074932
1211,0.712921498586302,0.791603411129419,1.191328997953214,0.950474944721529
1212,0.7123432607808401,0.79502856677425,1.183734893150951,0.9552540043503912
1213,0.714114355166321,0.7969374736582021,1.194542606455692,0.959105299596769
1214,0.7110748295604751,0.7926298255721721,1.196082896944405,0.958647881944974
1215,0.7076168088647331,0.786427117776179,1.18479288768941,0.953386458608767
1216,0.7109752830279911,0.796993426006773,1.193163184044154,0.965821462183974
1217,0.7142617433075451,0.797389720229135,1.191438458104064,0.965233323069802
1218,0.7024992375864061,0.7896912321448321,1.184490105488162,0.95787311485712
1219,0.7147871354675811,0.794569950712763,1.190452912471432,0.967973055075044
1220,0.712802853705226,0.792831894604192,1.193431122255498,0.9532913037616272
1221,0.7107357350380521,0.7955818985035451,1.185760550524877,0.951927437649472
1222,0.7151482145747411,0.7889417217693461,1.188550761320452,0.9612386414538252
1223,0.7164800171402911,0.794374827025593,1.189435214344142,0.9513485110162392
1224,0.7097244478114271,0.7834045420522271,1.193643846157668,0.955901670796067
1225,0.7083713391228861,0.792196482851885,1.19245224111322,0.9565871679426532
1226,0.7151941385498081,0.7979671500515241,1.20186550569707,0.961805603129492
1227,0.7153853919573021,0.7856147483639091,1.186604734348214,0.9614740046200112
1228,0.71489023025809,0.791466712411763,1.194150950057783,0.954977731152937
1229,0.7076497905874161,0.780744012175262,1.18908820549647,0.9529923590413032
1230,0.7029180181739121,0.787580229557942,1.190424240693666,0.960690219603154
1231,0.712837473151908,0.7935449848140491,1.185438562238562,0.952985553421836
1232,0.7146229362790131,0.793639677590218,1.186929852202318,0.96116289547712
1233,0.70624755833136,0.788015983782816,1.186993392049402,0.959612293978748
1234,0.709725917519434,0.7889935497356491,1.183363464215527,0.954152649133533
1235,0.7114942130781171,0.7900245891533031,1.187760824202627,0.949907726567724
1236,0.712270576803796,0.7896035418346301,1.188395036411458,0.952172620923838
1237,0.710994749289491,0.789337954659392,1.188059153008288,0.957091983677684
1238,0.7172860702958661,0.790964480759441,1.19154345276563,0.9542067355705772
1239,0.715424495816662,0.8001604327473081,1.19603901853164,0.9627091155211992
1240,0.717124554288128,0.7978480471217111,1.199255696781303,0.958266213806211
1241,0.714286699999069,0.791948050584482,1.188747234426546,0.957502002652356
1242,0.713977789317352,0.7892466910939281,1.188542950304522,0.956747572599113
1243,0.710848811338993,0.7908739129054371,1.187301198209541,0.957256174740799
1244,0.7095330594836371,0.7938831866435381,1.196184875092644,0.955982867385382
1245,0.7157243289917271,0.7876771759727721,1.1897099343115,0.951988109454944
1246,0.7131177046322731,0.790861393230548,1.193904400195764,0.954201992115248
1247,0.7086526009699571,0.785206905957581,1.191704164164653,0.956172749373144
1248,0.7042820237414991,0.7909249665512551,1.192873201616432,0.954609707591758
1249,0.7154865162312121,0.7976836581592971,1.191877072056134,0.9597090593120752
1250,0.7138640033756041,0.784590340178945,1.19286473084619,0.953144100859113
1251,0.712911585939751,0.795994499887245,1.188947106833043,0.9585152362351832
1252,0.707861744920196,0.797664144332858,1.191310185021248,0.9579199258022112
1253,0.7034366677204761,0.79109748031782,1.195651645245759,0.9551030931373432
1254,0.712731580776364,0.792773100345031,1.191271281220774,0.9597258306229892
1255,0.7096225065111681,0.7938950595216471,1.19233285765285,0.952619752455232
1256,0.7071081746801511,0.7894079010339751,1.18953558349091,0.959247360491882
1257,0.7123465238921881,0.793943304082621,1.196101454073104,0.9542974161011152
1258,0.723345437991446,0.796638722760953,1.196085203600966,0.9637832456686792
1259,0.7103703086520881,0.796019886498865,1.189512652331504,0.9596389886801652
1260,0.7125720077234761,0.7923491836889931,1.187295136136421,0.95015209008926
1261,0.7023339185971711,0.7869056005408791,1.190953389566013,0.9483579700623732
1262,0.7160566690769311,0.7949548445749971,1.190229396889175,0.9588590766154772
1263,0.70603490040462,0.7959240870415301,1.184418444400248,0.958289314061403
1264,0.7155089111917691,0.800974499056304,1.194248281419277,0.9639813750172432
1265,0.707425786803166,0.790907140767228,1.190995609630709,0.956684590087852
1266,0.71160964211584,0.7834024596689401,1.191272580861181,0.950479301610502
1267,0.704588224355509,0.790468265396961,1.185264858214751,0.9514363973360992
1268,0.7103027877924231,0.787346250661041,1.19210131207238,0.9553357344660632
1269,0.7135262140815241,0.793240879972775,1.1881083207933791,0.957512166486054
1270,0.709627053308962,0.79162665154191,1.197370590615099,0.9513573533167012
1271,0.716476512559946,0.7997413778650581,1.201667032703973,0.962178281305924
1272,0.7132206015504781,0.788452241947685,1.1862868072762,0.956412905017318
1273,0.708797623416867,0.7907136152835861,1.185044875719409,0.959251567856341
1274,0.70544783870919,0.78712481389875,1.18418146983005,0.9479894701229492
1275,0.7158040841366501,0.790921119352181,1.201378792524337,0.965002554455313
1276,0.7106277681887151,0.792877528330554,1.193806782040907,0.962537057967721
1277,0.7165815212048481,0.7938408467216761,1.1952123260800391,0.953526213711154
1278,0.711447533247047,0.7959171511988701,1.188428144200124,0.9543169850510532
1279,0.707452778367028,0.7964565306901931,1.187694925760877,0.9521272562552192
1280,0.7054550830760721,0.793969441907129,1.187665579759556,0.9530879527438372
1281,0.7146724722469631,0.7852885569783221,1.19591320046912,0.95204769798379
1282,0.7058178957929641,0.78971784453893,1.199093324226745,0.955641253459928
1283,0.7131577044509461,0.7949016014302981,1.188342681937459,0.959742043626265
1284,0.7109413789990151,0.788759311256201,1.188304087714008,0.956447291606362
1285,0.711504555158857,0.7899279955072671,1.197180039964724,0.9541926814270192
1286,0.7132227717210411,0.794674743668756,1.194559785226981,0.9604186128986912
1287,0.7062705430215681,0.78465562691723,1.183435533681641,0.9560699228845212
1288,0.700303033615152,0.7918357944142991,1.19341278605271,0.957316620410352
1289,0.715153609982867,0.7908537813286851,1.185409311907015,0.9533786191672512
1290,0.717045936841463,0.7906350111183911,1.190026611737583,0.96052110740456
1291,0.707531138228765,0.789208426207735,1.182704695001028,0.950486740556316
1292,0.7073700564333061,0.7900872148465411,1.192496969108132,0.948624593705154
1293,0.711588667111768,0.7895038079308421,1.184363160984239,0.952032197131842
1294,0.706668361076626,0.78769447773263,1.188444458488105,0.949743259509188
1295,0.704565009210204,0.7884997266574181,1.186540548244248,0.950657098810526
1296,0.709239800015221,0.7907968017718061,1.187988005686497,0.957072493687704
1297,0.7098138502704491,0.792638564563315,1.183224364035371,0.964826989648998
1298,0.701841573676337,0.7855380769225131,1.195294946540093,0.950039300419714
1299,0.7149325877805981,0.7877534797442131,1.190997296593327,0.9601044456703932
1300,0.7097112149324101,0.793011594509732,1.186367624155853,0.961794821923409
1301,0.7064921819213501,0.7910566113997191,1.193743555010228,0.954909389487643
1302,0.707704037427902,0.7985687960965041,1.189609347154264,0.956761120697078
1303,0.7107094238525711,0.7900322442469391,1.185517425230448,0.950079859814782
1304,0.7045534782489571,0.789222505645475,1.192708972247614,0.961669056095938
1305,0.7081021938365001,0.791835477602654,1.1852346781803211,0.9513390834942672
1306,0.7110351933625291,0.791226689906223,1.193181610625723,0.948557652587044
1307,0.7155017407098111,0.7845434564827141,1.190218473690143,0.9561379737882072
1308,0.7036299092182211,0.7914648234196331,1.184262573827004,0.952896064822224
1309,0.7075364681743621,0.791391898648462,1.189714140866113,0.959030505458729
1310,0.709262031737876,0.793714939900066,1.183455414098242,0.959760363497164
1311,0.706849656378229,0.781392163556555,1.190310024588868,0.950610068748178
1312,0.709444740004297,0.794880538315012,1.1879166282605431,0.960594312733282
1313,0.713433397582907,0.789919178986894,1.18283869056166,0.954535240685378
1314,0.7109856796113471,0.786851861338684,1.188808449044607,0.95554828128197
1315,0.706436152448472,0.793209770235462,1.196089482717756,0.9557482275733912
1316,0.716849708173801,0.7883928168727,1.196173296026561,0.9628897258552952
1317,0.7062583196152381,0.794238169987996,1.1898982565904,0.954148172009466
1318,0.7082944240529031,0.787120749553044,1.185407028250072,0.9541639357913232
1319,0.709568377692198,0.789609295410522,1.185460232090259,0.954678505605113
1320,0.7043825809344431,0.7927389441840891,1.194451282961645,0.966406078415288
1321,0.708547013933243,0.790496752529904,1.182233837095723,0.952295095538315
1322,0.713006245242296,0.7909180697971491,1.193022138938523,0.957009070431408
1323,0.709088597716628,0.793377733316974,1.191550465165705,0.954195670999478
1324,0.70429669002044,0.789374736772067,1.189821258187294,0.958739218072614
1325,0.7061796597326581,0.7941779730760531,1.182091490298077,0.955197224123538
1326,0.7071298867518051,0.7886689221081521,1.188158135699189,0.953772157187695
1327,0.709525434921185,0.7911626251711361,1.188045366842677,0.96238996601407
1328,0.710725198756309,0.7957473695278161,1.197463555180508,0.9578946548365592
1329,0.70795576641525,0.7951682042600451,1.193391722073589,0.967836952187876
1330,0.707219468699633,0.787900568998378,1.187818836150826,0.955797281737128
1331,0.7065939065338901,0.7934549665753391,1.185009050520433,0.9534137342665072
1332,0.7091893369089001,0.7901655248757721,1.19291148064793,0.9574389420989632
1333,0.716046784397052,0.7941438872097191,1.195163187773331,0.962233125083688
1334,0.7114458292776691,0.793663915516673,1.193461069594259,0.958569481887895
1335,0.7057459816822531,0.788853683765383,1.184029161822104,0.955042066889396
1336,0.702250845352376,0.788818792156551,1.182834016024202,0.948121022109104
1337,0.703516133993432,0.7918964827406231,1.191484880296216,0.953027138432514
1338,0.709646078474495,0.7859813296708501,1.186188483259816,0.951460646789359
1339,0.7089683863779771,0.7954318408948781,1.187408854132113,0.9678590830037552
1340,0.711939009014463,0.791336293993652,1.189932644691156,0.955482533066601
1341,0.70807478968324,0.792538463421489,1.186421034452708,0.9511029931946072
1342,0.7122302880051771,0.792125341037045,1.183017159933629,0.952254738334728
1343,0.7097523305565111,0.7925575376636741,1.188604854263257,0.955104391508992
1344,0.7024411587179571,0.7868480506366571,1.1848489575196,0.949515500740296
1345,0.710146281571275,0.792176040402357,1.194239213846732,0.95374742563328
1346,0.709037556542434,0.7928594413442881,1.189723743800667,0.95890471190754
1347,0.708435187845126,0.7821189802193981,1.182374938350656,0.948896647525438
1348,0.710022891885128,0.789741019515887,1.19329546748296,0.9566165844545412
1349,0.7115966023040421,0.791972779277442,1.18757761788109,0.951868372172981
1350,0.7097436071414011,0.7926191935936611,1.189016823319421,0.95417236952462
1351,0.704245302772176,0.7887324560163671,1.182616591669511,0.95637001045912
1352,0.7124960506199921,0.7919053311149271,1.186738044995328,0.9624778551953852
1353,0.713124484390668,0.7917338459604021,1.198991959185704,0.955924909021975
1354,0.710669781796742,0.7905791818663691,1.186753020662328,0.961461646860276
1355,0.7046405157965161,0.7837179673538691,1.176246559598307,0.943283994074748
1356,0.7094647609831191,0.7846585055408271,1.19008533667395,0.952184710651636
1357,0.7091442812504111,0.793553958552471,1.181153073043063,0.954747563524954
1358,0.7085108068920131,0.7900043163394581,1.188736338222372,0.9534018732661352
1359,0.712211097361169,0.7868795269641321,1.187212957960108,0.949030844062782
1360,0.719719813326778,0.7919926111032991,1.188782694547072,0.952948125106269
1361,0.707717261560585,0.786898410838583,1.184362525201362,0.948970287471361
1362,0.7047089252728911,0.790232763018297,1.185185623989589,0.948490195570216
1363,0.710131112513118,0.795902918970239,1.188866281315036,0.952158017650894
1364,0.7110317151291641,0.7953227128887521,1.191734713164792,0.9626566383825692
1365,0.702316051079095,0.7870714070572361,1.185436626923257,0.949062852728841
1366,0.706987295353758,0.7879640123118521,1.189463142575561,0.9585768529146472
1367,0.7054299370696141,0.7876801800684651,1.186810399635114,0.951709446537753
1368,0.7050469941797031,0.795115734571995,1.191837780177593,0.9518032833609892
1369,0.7104820947068321,0.7993807859610821,1.189254379250865,0.9604448352980872
1370,0.7094324365582151,0.7947185662561561,1.190240240939285,0.946788982906635
1371,0.709908580569469,0.7893062165897821,1.189036337577778,0.9560600008167652
1372,0.708614041677851,0.7929944691882611,1.192931064768977,0.9652805825614412
1373,0.711353277193679,0.789262625510277,1.1924727272944171,0.961403387045298
1374,0.712259531668994,0.796199117773684,1.188193356429321,0.965027427462779
1375,0.7003716765430521,0.784741455878036,1.181049365280331,0.954017405438682
1376,0.7063022310967031,0.790742919820806,1.186341113586356,0.9551412770659592
1377,0.707056123142441,0.7918020558098081,1.18973446453827,0.9524049568057492
1378,0.705436462482464,0.7912169551287871,1.197921191868574,0.956032824608078
1379,0.7056254162790551,0.794113769479419,1.19094017115624,0.962695010843268
1380,0.707558983181049,0.7910555405677221,1.193482687831788,0.9631130191349032
1381,0.712160576890776,0.79297434128281,1.192039258238198,0.956797503636799
1382,0.7017026182965951,0.783761992510678,1.177129663634991,0.9569622182921652
1383,0.702734830316858,0.7915431648708771,1.190195397730322,0.952995266144474
1384,0.7060493283729621,0.790571082221425,1.194294974531816,0.956057489350222
1385,0.7137679771074781,0.792482335174429,1.188526491864004,0.9470376528367612
1386,0.706693991424812,0.7917284901807271,1.189744196184303,0.956039810526198
1387,0.7098983433367541,0.7866808068061221,1.193662799246933,0.957183503640302
1388,0.70441550043398,0.7895442966533741,1.190745795442574,0.962432645639215
1389,0.7120658676207491,0.7870204515647191,1.186783744265203,0.9531203428472292
1390,0.7121483281902641,0.7885111429985011,1.189799076729062,0.957189613602299
1391,0.705167374047248,0.7942214851146151,1.19177855130123,0.951036646908176
1392,0.713554621309689,0.7940086407074031,1.1913042256365651,0.955820821198648
1393,0.71125310100615,0.792857447720092,1.192073000621968,0.962622968075068
1394,0.712532233932743,0.79382981856664,1.185317532523818,0.96059250448277
1395,0.7040001508928291,0.7843673513203421,1.179263308860253,0.9494163808615312
1396,0.7114044505076991,0.7847057922162871,1.18886696309715,0.951533038763032
1397,0.709471601425953,0.793803604292696,1.189384143097677,0.957237287222043
1398,0.7097385855850531,0.7893621709899621,1.189545550856037,0.94996021569207
1399,0.705119931854415,0.784826003231,1.186868435878684,0.9522095140933552
1400,0.7112214662728531,0.793277915837108,1.192957017840682,0.949177352063681
1401,0.7090972020034341,0.7898198948174281,1.188469070347322,0.958009712263078
1402,0.711734367696487,0.7876459539368531,1.190982457952223,0.948199481473884
1403,0.7042486435477281,0.7876935998598731,1.191893450915813,0.94604363122388
1404,0.7030414482713611,0.786757665915765,1.183607622225215,0.953960006867629
1405,0.707369142819357,0.786298961743064,1.184616745166156,0.9437914263673012
1406,0.7078896364925991,0.787084875871305,1.185073625890241,0.961728792448622
1407,0.696264441030612,0.7877430534665131,1.184034914534161,0.949818637303036
1408,0.706548857138208,0.791514812064343,1.18546269758456,0.951648995901147
1409,0.7045532606164181,0.79040796774021,1.190064487249954,0.959145135745622
1410,0.7114748234010261,0.786393096697503,1.191180451300697,0.957492923040104
1411,0.71466781657891,0.792955251923505,1.190429448325564,0.94919338306763
1412,0.713194028811826,0.7873160750537671,1.183305133835993,0.9515397375908452
1413,0.70938039811301,0.7843595386847201,1.18319698261178,0.953470028288986
1414,0.7054539235389751,0.7897160290807911,1.18769052516723,0.9565742452075512
1415,0.703596529240409,0.7897397937334101,1.187679046198077,0.957818487389148
1416,0.710313512741223,0.7887506181563151,1.181637715710246,0.95124434320715
1417,0.706631344621596,0.7903179874022801,1.18632109052893,0.9528087060628592
1418,0.7093829031817721,0.7887581955047621,1.195410948192727,0.9570456378539832
1419,0.708045897519458,0.7928113294900321,1.185567836506643,0.9505750288565952
1420,0.7049301718294181,0.7907698462190831,1.18938400628774,0.952549642599795
1421,0.7059061413873791,0.789066710765811,1.188273608468581,0.9572257147427052
1422,0.717333898677126,0.784831726140734,1.197822916011015,0.9461154098743972
1423,0.7157514821198101,0.792046062864255,1.185115615742794,0.962062089852448
1424,0.7114396401667501,0.794935973550098,1.19009334831566,0.9592452499799532
1425,0.7111658310598651,0.789357832700446,1.189957440547321,0.9523166115463212
1426,0.7037835554962141,0.78789555033048,1.191014063207135,0.9573583725191972
1427,0.70011042960096,0.7922284025428951,1.190469081851019,0.95324584968604
1428,0.708061572056317,0.788371581746184,1.194483100396135,0.960423373981662
1429,0.703129462897777,0.7872234202813411,1.191551093498002,0.9575278423456612
1430,0.704131078919854,0.7888938557842501,1.191036216374756,0.9509492800503532
1431,0.705319483777967,0.788629073919593,1.187880100439424,0.957003442543572
1432,0.706043563000317,0.7883876013583031,1.188635977713958,0.954281321551272
1433,0.70651205588618,0.7918864991785821,1.187944963790368,0.959567849402842
1434,0.717139434582297,0.7901505542838051,1.192366863614407,0.954765007682684
1435,0.7101147791937641,0.7903151811249011,1.195076522943766,0.9578822746171032
1436,0.710405969668341,0.7979518163247381,1.185520390453545,0.960460946341787
1437,0.7115021885467181,0.7850202733407851,1.188355097844116,0.9492833207266912
1438,0.7105190173547331,0.788519844520783,1.185496371401392,0.9551227197752912
1439,0.707679173679671,0.7896683448250741,1.182701909887618,0.9610701802902032
1440,0.7046761409096091,0.7867106353675111,1.190285558825817,0.9604639140754072
1441,0.7027169115085531,0.789743905266126,1.184499445816744,0.947288528327708
1442,0.707978690636978,0.7946818723626751,1.183752853369367,0.957017214455898
1443,0.7077996156353881,0.7874627943704091,1.187261231135631,0.959793585042158
1444,0.7084318654800671,0.7959490676504971,1.198896190394525,0.960666711563649
1445,0.7009643104629241,0.7884315161601351,1.189966487495795,0.957359718860707
1446,0.706666502129772,0.790814640513364,1.183156353192053,0.9521459967059932
1447,0.7166258718656451,0.7954588656624151,1.192808020913946,0.9601545205636732
1448,0.7044041385415241,0.7854911601845761,1.179734995723634,0.9491123328174372
1449,0.7048679714671511,0.7901315974152601,1.189763783328775,0.9549445158167592
1450,0.6985151147928791,0.792642119893993,1.185422253349553,0.949606243682944
1451,0.7116492595253641,0.7869301935036971,1.185180040697256,0.958898463920838
1452,0.708595246994409,0.7847445617983301,1.184337245273417,0.94994210894557
1453,0.6994223351171911,0.7853012476926261,1.184594880087652,0.9538096827387372
1454,0.7079255404625681,0.790602648387784,1.18671887691902,0.953925597710885
1455,0.715018006986466,0.79399018065221,1.195213696123033,0.961847119465254
1456,0.707024896868329,0.7918088506313331,1.192147933054661,0.9541231696426432
1457,0.707418216041464,0.78798436600229,1.18135782935913,0.951904665138842
1458,0.707570096126933,0.7938330669118011,1.188448646686215,0.9578974023191392
1459,0.7051573826836931,0.7897764743454211,1.1901233109875,0.95856617088767
1460,0.7038964830015011,0.7841964997891061,1.179988437048767,0.952885692561234
1461,0.7052561613204681,0.7882054239727441,1.191121268963468,0.9570899900264932
1462,0.706255986638691,0.7938291901263631,1.19440614324117,0.963616583361357
1463,0.700130586039976,0.7897405059657231,1.180950821309849,0.95212548147833
1464,0.704763826792654,0.7921773226580751,1.193239115394543,0.9553962168216272
1465,0.709244050544457,0.78336731992338,1.186489719951498,0.952599961931506
1466,0.7068825885923441,0.7878609873030491,1.184596910856772,0.95260681287534
1467,0.7051055807134381,0.7877183314682781,1.1853254381297291,0.952917073380903
1468,0.711067037683898,0.795854910776235,1.18791666659324,0.953417587620408
1469,0.7110253398887051,0.792108799992264,1.1854753072063131,0.9631844889102632
1470,0.703905875916066,0.7886882870309591,1.185745087870653,0.962804428801156
1471,0.70415316408743,0.7905391205264171,1.188315310663935,0.960584457369818
1472,0.707119695113404,0.7856602537027301,1.179189364439335,0.9457084107064252
1473,0.7042698691990491,0.785337123749912,1.195302313652591,0.959233509997526
1474,0.707555060261401,0.789276172069535,1.188858177350915,0.9506681718850052
1475,0.7006169766511601,0.7951550722338151,1.1884329495006711,0.962737176972238
1476,0.7106626227875981,0.7928712107781051,1.191033474129179,0.961666740720038
1477,0.701652306415464,0.783098309692265,1.184623131069584,0.946896590562402
1478,0.6987207008768681,0.785379202361556,1.184432632789231,0.9467524978453692
1479,0.704613806463886,0.7886112265396811,1.19163455641356,0.950033843652277
1480,0.7121579334733711,0.795281952705936,1.188280802382075,0.9612488411906832
1481,0.7071057883617671,0.7835481564203891,1.192879640213821,0.950285473703474
1482,0.704338771142605,0.7922263128170061,1.183684600328189,0.9563137132782432
1483,0.703522077937057,0.7896880459958221,1.188595682382583,0.947906885269111
1484,0.706465855348801,0.7878505497954891,1.187066989856353,0.9590101226948312
1485,0.704050019167471,0.7904630089583601,1.181195243221262,0.953666873357218
1486,0.7086919918386401,0.7839283905383471,1.183025561920974,0.9490125973479472
1487,0.703295494740208,0.7849724075716471,1.189412333503149,0.9473446927208832
1488,0.701727118532078,0.7865154679486711,1.183673013379608,0.9534516902775432
1489,0.7051577694390131,0.793878945643487,1.190126143935798,0.9544194710535412
1490,0.703499797839617,0.7896802783876221,1.179878062096194,0.957727616382897
1491,0.704507811723843,0.793665541794852,1.182972847659518,0.959049699423105
1492,0.703597704407529,0.7889451426656351,1.190534009017806,0.9485612996732412
1493,0.6997728340489701,0.788376625573289,1.190509326000144,0.95173502492084
1494,0.70883792196063,0.785898886944936,1.194364996384019,0.958837772436116
1495,0.709718299597717,0.7882466365893681,1.189776643786741,0.9602754246713452
1496,0.7003435507362731,0.7887899181333141,1.18786576455054,0.9530403012058872
1497,0.704795075283534,0.7929932574431101,1.187382698814938,0.951287831247284
1498,0.705702153722877,0.789770239937132,1.191312652027261,0.9533404302985772
1499,0.7018823960822991,0.787723067769969,1.187364351922187,0.947444145581212
1500,0.7033164910702171,0.7829613099279611,1.187067718285581,0.951613899212384
1501,0.701874234754106,0.791822057271349,1.187023111983485,0.9570613278588952
1502,0.708324746026293,0.78875513461189,1.190072131113729,0.9595163241298732
1503,0.7029412868770131,0.7869961991690201,1.188767936134684,0.954098987514558
1504,0.7070922717128111,0.7923493979201801,1.188856722760027,0.9580195585562692
1505,0.699769962093104,0.785466420369735,1.183705554168293,0.951216059804394
1506,0.7043956086795391,0.7927820202017171,1.193961895354416,0.9574094346683952
1507,0.6990353008867171,0.7861720639942341,1.172930049615493,0.945548298350278
1508,0.701434004997861,0.7854377821735711,1.195245757483054,0.953335206604738
1509,0.707302205939439,0.788271357075891,1.185300213163313,0.953001845412064
1510,0.707260637341634,0.785487208893333,1.190423758673495,0.953061862403283
1511,0.7023953761689471,0.7902792144728741,1.196793259917826,0.9504857763540052
1512,0.706952315363763,0.794669943443243,1.194521047066951,0.9627725144821232
1513,0.704309024672577,0.7872936530173681,1.181622230488321,0.9485921076890352
1514,0.706294576219026,0.78910289640012,1.186211584486823,0.954357489457596
1515,0.706533558531731,0.7864311188459391,1.180721710449543,0.9538564979220212
1516,0.7051108034354621,0.7863865156752471,1.1835163200031151,0.9544433336974912
1517,0.7020216757242661,0.7874091361527851,1.183399037714453,0.9518804161175
1518,0.7041438181979061,0.7976445497378051,1.186102442767309,0.958094725871215
1519,0.7021300819419001,0.786216297227403,1.191868097777815,0.952949581478816
1520,0.706329573296766,0.7916855145839671,1.189274167345054,0.950085971693413
1521,0.7048917037529351,0.7889863763382471,1.190258052578006,0.9584450045789492
1522,0.699712560687592,0.793868248229441,1.196301855146885,0.9602026921305532
1523,0.7021662024376181,0.788465597599312,1.188384019162343,0.953645849924372
1524,0.705975917667366,0.7906024486258411,1.196002817564252,0.953326704250513
1525,0.703393286984899,0.7810477679190421,1.178607759700305,0.951463366332261
1526,0.6957134426287981,0.7833867344087441,1.187561113333356,0.956955231969123
1527,0.70820747056733,0.788388348359992,1.180428130363208,0.9534615287422272
1528,0.709508309437744,0.7884024486377611,1.188025687051856,0.948813185095787
1529,0.7019140971959501,0.7902368274719811,1.179712204181629,0.957564387038566
1530,0.7042923055157281,0.7856528311967851,1.18274604971858,0.951048084683176
1531,0.6999521125647901,0.780664895971616,1.179190703276275,0.9500231708305472
1532,0.706641153850849,0.791090552573618,1.194189763479474,0.9548637399153
1533,0.7024273171319041,0.7897764049146481,1.187368272007375,0.952706175248908
1534,0.703949008217972,0.7959069648514621,1.189221399201863,0.960200481575684
1535,0.7011003980170121,0.780601640218409,1.182995655290458,0.945915253778946
1536,0.704913418335111,0.7897646491942191,1.195485348934712,0.959214954974426
1537,0.695506664262949,0.780636283474555,1.18545940928701,0.95183526141488
1538,0.6992434143912101,0.7906933989429821,1.184546322710272,0.952744885253301
1539,0.7088457053878161,0.7944913287309631,1.196839592271093,0.960748571983498
1540,0.707714743723256,0.787802736612333,1.180360644299914,0.951593400991481
1541,0.7134995400581671,0.792568905198055,1.194134230523005,0.958266036099065
1542,0.706952179525641,0.788947273855624,1.190912118100601,0.950619220085766
1543,0.703554097940956,0.793428086716195,1.19210017753252,0.9572867300577352
1544,0.703856145801103,0.788397569263326,1.180034859780816,0.9557485024890172
1545,0.698687337365919,0.7876361190624851,1.183233068365117,0.9558739298819632
1546,0.7105662770083411,0.7959011990738951,1.192342120344224,0.960931002607812
1547,0.7036116057062061,0.7889520494618271,1.188921127738296,0.956665954755052
1548,0.705262926339671,0.783016459557457,1.186479353062484,0.945798530796731
1549,0.704393283504506,0.7904833249639771,1.193599307774633,0.955156952304684
1550,0.70585604192878,0.7937841579534001,1.185692175898863,0.959776202567677
1551,0.710257308314675,0.788675388888172,1.189116744999436,0.960292448330184
1552,0.7108850043698921,0.786544773133768,1.188025361385898,0.947429733404862
1553,0.702694919473235,0.786871171407941,1.193324805169865,0.949219354252884
1554,0.7066207177181171,0.7887327160308321,1.191976259260074,0.948708656095508
1555,0.69664859480184,0.7880406462843861,1.182392154482827,0.955724163061898
1556,0.7054814499519441,0.7903711646795271,1.180685278190218,0.953276636429886
1557,0.702525499209329,0.7872534935241161,1.18706198155448,0.9501019300542012
1558,0.6945923874559611,0.7871758715398071,1.185358223275862,0.9549370151337072
1559,0.708675224792914,0.7877021412486611,1.193038863440354,0.953173959465778
1560,0.708895680022196,0.7881707094501751,1.193221796573936,0.948139795574589
1561,0.712129568033244,0.7909408489215201,1.188549921456454,0.9543664648157092
1562,0.702351530096021,0.793709075429301,1.178008328421392,0.954416752860382
1563,0.70431891610117,0.7844414414055101,1.182829288792783,0.94938071463527
1564,0.705409398653369,0.7842537754255791,1.193250883748565,0.953464755005594
1565,0.707609057318473,0.784097864360049,1.190876037854215,0.955820460385386
1566,0.703724312933458,0.784229559634906,1.189369692642619,0.946337612885711
1567,0.7043723277207731,0.784321284812429,1.175874700904756,0.9576044367167392
1568,0.705290381486217,0.7939483006147371,1.193556582798128,0.955140619633206
1569,0.7019492274393201,0.784578858294348,1.180560969896074,0.951093045643706
1570,0.715109549246836,0.789781256862308,1.188856469980184,0.9534218733239432
1571,0.701587243707499,0.7867542357332461,1.182183112787163,0.955646557949375
1572,0.7066700462845781,0.789513254295224,1.192862789592017,0.9542012067538672
1573,0.703719841478311,0.784910953023295,1.183028676587602,0.945059507005456
1574,0.6999502892781421,0.786339391832766,1.194306449721688,0.949502122844906
1575,0.706121778601537,0.791711570560068,1.186386988862701,0.953354527013025
1576,0.694086096532966,0.7920096889138221,1.186587306036465,0.953097929557164
1577,0.7012333290624441,0.7879753566306571,1.181301879818024,0.952472153241219
1578,0.708008165457758,0.7880437046937321,1.197051048170829,0.954141838557046
1579,0.705780979839787,0.7857653436021521,1.190234857300917,0.95469066163228
1580,0.708995768422449,0.7867337208295211,1.184856436714746,0.950770534520995
1581,0.708484931619487,0.7863655891539391,1.187160386771395,0.9457738994742212
1582,0.7011469471389831,0.7819688652736551,1.185584971870201,0.9582352669828612
1583,0.7052005508347691,0.790169197688068,1.181063067545925,0.95512174329032
1584,0.7068388027989341,0.7896238980085951,1.1893880158878751,0.95765747613125
1585,0.7049337835253581,0.7883545159213781,1.183378436211226,0.950902685981945
1586,0.703222013335081,0.7870178792787631,1.18585678535527,0.953670996443732
1587,0.703167516414238,0.787613366609034,1.179276733834674,0.9443368416387532
1588,0.703785729041134,0.778637874169626,1.181612870939399,0.9503655561070512
1589,0.705198645456761,0.7871792651172991,1.187858030739901,0.95141923846002
1590,0.705764895952914,0.783829846891804,1.188819704496342,0.95065328211564
1591,0.7068436159819791,0.7778779604080791,1.184293194201545,0.9478507725440932
1592,0.704131876374932,0.7914065088050951,1.193484851091668,0.952542156493966
1593,0.696120191797398,0.78566040498191,1.183272356896296,0.952455504648927
1594,0.706159448386102,0.7856420645679251,1.187433383711006,0.94280526133767
1595,0.703214152594623,0.794255972772404,1.185019304462964,0.954306283020886
1596,0.7069879229301991,0.787395257124866,1.192274587957755,0.9574133449544512
1597,0.6909098954520361,0.785044304054716,1.182972823364147,0.9518315245707832
1598,0.702231481887292,0.787480416181294,1.180640713028285,0.9467121887736132
1599,0.7025836324724161,0.7922501515435131,1.195928338213243,0.9521838067828312
1600,0.704359393998764,0.794210745372634,1.188889895876248,0.958442230830373
1601,0.704848725483685,0.7864413171790641,1.186867197138675,0.955680532731871
1602,0.7009502657405701,0.7874553359073141,1.190262721284576,0.955342453567014
1603,0.706089111152982,0.7876848889433821,1.18384273879338,0.947482392164892
1604,0.7010071989202841,0.788628789933695,1.190169738902561,0.951944934420179
1605,0.701527302517839,0.784324700201767,1.191664880600528,0.948484140542754
1606,0.709776809547042,0.7896823409026941,1.182349043155925,0.949106194969752
1607,0.704642569511265,0.78854241438102,1.186728937686353,0.9544046179971832
1608,0.702028511065071,0.7832443299500831,1.185693297805129,0.955531757702862
1609,0.702065828971672,0.784550363926783,1.19029999135629,0.952815746159657
1610,0.7003586810028201,0.7874237025777491,1.1786652868208671,0.95402099283925
1611,0.704560081460985,0.7855389427015741,1.190452606457731,0.953387554842924
1612,0.6964551471443711,0.7863046219167501,1.182006722019202,0.94809059307411
1613,0.701787170913556,0.787598450438699,1.188074170895244,0.953305037908148
1614,0.7014787983473221,0.788206581728182,1.190764792479466,0.953967342126196
1615,0.702879189230177,0.787170194305371,1.182525618136793,0.9497112486565452
1616,0.7014079557704751,0.7922328116669171,1.189035865167776,0.9478260655010092
1617,0.703907968773358,0.79750952988431,1.196773871455503,0.952117760814186
1618,0.7018011868593911,0.786561478091322,1.194525553264479,0.962376613412862
1619,0.70459847829804,0.782337975674781,1.184103465814521,0.9480669663922072
1620,0.7024578084980231,0.7926499340413271,1.18673372020324,0.954911125553906
1621,0.7023469245844131,0.786291244777216,1.182161006050697,0.948670804284621
1622,0.709188265887939,0.78896231819754,1.1836410745762391,0.957499779328919
1623,0.706369569552117,0.7911227815177131,1.184436978097411,0.958608444429178
1624,0.7092642155138471,0.788062016709127,1.195868902232335,0.9510856463263432
1625,0.705063139371897,0.7902427169939741,1.188729619634324,0.9574779863536792
1626,0.7050475247636221,0.78729837420194,1.19521934279929,0.9526311698491152
1627,0.6947344328830201,0.789948223077732,1.179640171212562,0.954786959792608
1628,0.701359311874578,0.7814699001070381,1.192632844158704,0.952808683603138
1629,0.6997095457939561,0.7925906685599381,1.182146346547465,0.9559563842156652
1630,0.700184622590524,0.788647047311499,1.180761495578116,0.9524047225173832
1631,0.702500616456719,0.786158313245876,1.184822323421637,0.9505382586756472
1632,0.699833540488844,0.7870071830524911,1.18767414457988,0.954659580158582
1633,0.701019934931958,0.782634609743304,1.183866201319556,0.943928395222494
1634,0.701863816061961,0.788178873666818,1.184479901864044,0.956643592647236
1635,0.7056430273189921,0.793436734248762,1.188035040445949,0.955416521759352
1636,0.6982028353959321,0.7867282145265221,1.182486861188342,0.95170364693563
1637,0.708482128527501,0.793974570930004,1.184512482929057,0.95459244079024
1638,0.7033020688247851,0.7926623971349951,1.188857611754666,0.957730270760214
1639,0.701728025397312,0.7837927585494691,1.181154899299144,0.9577518131152012
1640,0.7068730696117961,0.78753624273383,1.177164540666601,0.9517290105746272
1641,0.703303778436088,0.7898832709676971,1.185361641040746,0.948794436438576
1642,0.697636331822993,0.791206039812253,1.188127251206964,0.954488090252962
1643,0.7052929496689551,0.7936149359397261,1.181437669672827,0.948925670371323
1644,0.7057356525860401,0.7883509420182391,1.181402925995813,0.946056534063772
1645,0.705150774369637,0.789085236256537,1.191222228433774,0.9545322512478932
1646,0.699666858745225,0.7882872926800141,1.188311239623505,0.95405168045798
1647,0.695943682656987,0.783441537748212,1.184429807291514,0.954346774388914
1648,0.7005384703423231,0.779965252656003,1.184587130727975,0.947390286116928
1649,0.700708197321796,0.789133230737154,1.188492860915004,0.9461483265394752
1650,0.699489335165075,0.782940772240576,1.1795966780704,0.946603736421768
1651,0.697947970928921,0.784684714307819,1.186834011064923,0.9480039487606372
1652,0.69588992960643,0.7859126718147941,1.174597254697827,0.9540426832880232
1653,0.697639394794469,0.793123303116231,1.183701236286889,0.954339012962536
1654,0.700575611054681,0.784624007085095,1.195737941757492,0.944715551519091
1655,0.6978979700555401,0.7842464674858081,1.182813961544762,0.945420590890706
1656,0.7034969492343021,0.7868606424418041,1.181499539402084,0.954082989498325
1657,0.704373574910172,0.788355849791264,1.187361050127209,0.953648433494179
1658,0.704838710067712,0.7792299914619191,1.18604432877855,0.950091478860248
1659,0.7013926084652761,0.7921066751730611,1.18740670847288,0.961323426091584
1660,0.7067511721203721,0.7899983719639151,1.1854815408587451,0.952314268716651
1661,0.701841012291286,0.7869552035910491,1.188174631716548,0.950490520889128
1662,0.7050749453567501,0.791400935878788,1.185857768939889,0.950975309760458
1663,0.703328234696949,0.7868449726830351,1.1841149123898451,0.950472383071547
1664,0.702581530328894,0.791588791794535,1.187079296919746,0.9541399553148212
1665,0.706568585627752,0.791498128918633,1.195140814651613,0.9514321651363712
1666,0.697303169096509,0.787195350056973,1.185644872810529,0.958733266246491
1667,0.6980562752949581,0.782243656723395,1.186754555157993,0.9492186947415272
1668,0.699743765851725,0.791504166696382,1.179126572565756,0.95335155736277
1669,0.7058145486466261,0.7889815774084861,1.1842689152429071,0.956811127374353
1670,0.701570979980886,0.7862035916119381,1.190910217878611,0.948725163261743
1671,0.704205346253255,0.7887431607730141,1.189306483536526,0.9596217507901392
1672,0.7002920571012771,0.7872971879399341,1.179381689191728,0.9566616039129272
1673,0.698744959184441,0.788526821935522,1.188887461588002,0.9506815752365452
1674,0.7013665928194921,0.7849996179558221,1.178497865688109,0.9510738518412992
1675,0.700835235929791,0.783376999847266,1.190529476149358,0.945359472860244
1676,0.7040030631790121,0.785591305382009,1.179518710875856,0.948882887166911
1677,0.7013862999830981,0.7837045889185821,1.183201628210751,0.9489830225922052
1678,0.702759632003912,0.7865015580386351,1.189741828411385,0.9481081081743252
1679,0.702309019485677,0.7868811422284091,1.185499126280563,0.944352943504202
1680,0.7069768236167181,0.7925526518104731,1.184984964413055,0.953527220268396
1681,0.709777152759657,0.7865209449892451,1.183259859033252,0.950127224883307
1682,0.7019657280728,0.793242599005284,1.184950938907222,0.9509581341205732
1683,0.69086514837176,0.784199328418227,1.18417583503153,0.9477563235854752
1684,0.6982778524305071,0.7857035726740741,1.189033774686032,0.951598227968898
1685,0.6961695990538681,0.7862754031151961,1.186637612788573,0.951426823178063
1686,0.6950254926754941,0.7795884662132331,1.18283223911472,0.95151653005809
1687,0.7058239286576491,0.7905522187550861,1.186889068803925,0.959155211252146
1688,0.7059685964461251,0.7917906162531481,1.192014309915079,0.956336059081165
1689,0.6998737508134131,0.7826989912900371,1.188394706426323,0.9447108856739772
1690,0.699881999658933,0.7905460069144981,1.188435629442118,0.956061148692084
1691,0.699317546480375,0.7892808941179421,1.184422603119974,0.955904116017231
1692,0.6931429073430491,0.785003328560919,1.186376192431519,0.956228161149698
1693,0.711224981381193,0.7919085023627761,1.186038842451745,0.9533902119197272
1694,0.702057916266114,0.7915429249405861,1.189018575609594,0.954235728695124
1695,0.7026044861076101,0.7946829840108961,1.187459057331949,0.9599238628980472
1696,0.701246935253342,0.784773611936016,1.182856490538604,0.951124463932237
1697,0.6973525883926861,0.7863012394611381,1.17821107081313,0.948737059841337
1698,0.70289616489216,0.786483185338801,1.190414884384127,0.957599805479032
1699,0.701346460540873,0.7826160577976181,1.184707487838855,0.948749816774026
1700,0.6975735248862831,0.7810472904340081,1.188128054681895,0.9521466309231692
1701,0.695503791281278,0.7892159667351971,1.190580381863359,0.944998522248605
1702,0.70005390425955,0.7894135011710981,1.18459639309541,0.9513446719426172
1703,0.6943676788089931,0.7878652703070981,1.187130796952524,0.9470839068509532
1704,0.698416599895859,0.781669596723024,1.1849405194322271,0.951604368489073
1705,0.7017038849222921,0.7870874461056531,1.182380343152993,0.948951322099436
1706,0.704221024515404,0.7895798737156211,1.191909754297871,0.9576373379677532
1707,0.6968078515829811,0.7835849997574,1.178255784446778,0.948816280758035
1708,0.693628693863317,0.788881661451381,1.180136063068673,0.94516626910131
1709,0.6978616219661801,0.783683501885853,1.184544749342013,0.947840304289391
1710,0.6986096146098081,0.789636396735474,1.1839632344418671,0.9540166750118352
1711,0.6921481244212041,0.787300764002661,1.194460240071234,0.958668226889078
1712,0.7008716636809751,0.781290636978287,1.184842887240043,0.953069115786448
1713,0.6950167380273341,0.7885733448724811,1.176084659453751,0.952727814164498
1714,0.703567185722615,0.7925807604755181,1.187524408210015,0.95544108732239
1715,0.703726396774468,0.7832094379093331,1.188949172911436,0.9454376095015072
1716,0.6941415178657011,0.7868896359982691,1.183368731236112,0.942579573074328
1717,0.701448013277157,0.7927726426202311,1.18350033753592,0.9519431483324452
1718,0.6896806721832011,0.7892127174182211,1.175611370175645,0.94439833578856
1719,0.694115009185844,0.7956101725930751,1.184034297107786,0.9514902843621332
1720,0.699709938947057,0.78887320180302,1.185080902623957,0.9553348291125412
1721,0.703468922957562,0.7876008624831831,1.189223703806815,0.953788224418742
1722,0.7041575707009301,0.787769350668658,1.189552309288494,0.954499604720352
1723,0.7084009392807881,0.786120238943376,1.17733785920385,0.94491301741505
1724,0.7016623957433561,0.787774243648501,1.1815109399781711,0.951055658657265
1725,0.7055479720288861,0.792536753675212,1.189790485993675,0.956852013650147
1726,0.6978117360099071,0.791478433578774,1.181238539408946,0.958532601351971
1727,0.7061643020074431,0.7896813331306841,1.188514982012735,0.9558982721975312
1728,0.7096465364962381,0.788296507320542,1.189637081562609,0.94657384995641
1729,0.69860419684994,0.786747380983138,1.181611457812613,0.94877150411839
1730,0.702696335164533,0.7821206242062041,1.189942219011161,0.951072367016172
1731,0.700335587820281,0.789920172397641,1.193325081705183,0.9642700434702892
1732,0.6941995092708131,0.786220064737658,1.182119728538437,0.947954429070586
1733,0.6982393769574331,0.778286185817442,1.178630722713643,0.948922157017649
1734,0.7053648845117161,0.7864495934783541,1.177316985700441,0.940939013319818
1735,0.6972047809673391,0.7831607034456901,1.186035857900329,0.95233237200781
1736,0.697957048057646,0.777246318433595,1.184531995135804,0.9440325278302892
1737,0.7001780071768201,0.786582790207171,1.186291752518087,0.948978582910005
1738,0.7052796382888931,0.787646481200404,1.187836404079976,0.950905263585888
1739,0.695599701741467,0.776851958770682,1.180248678486416,0.949608695355878
1740,0.694497631376852,0.78672439723775,1.184367677979711,0.9411886984455412
1741,0.6942663684325371,0.7840221217577,1.176212197736553,0.944272064914306
1742,0.6962494207951031,0.7834246135924171,1.181935356794924,0.945134303303084
1743,0.701131259158685,0.780927531853102,1.182514742124771,0.9491970273193672
1744,0.698933616388535,0.7815220637813851,1.187736482831879,0.94975493054675
1745,0.7013341914862391,0.7840552458512611,1.18456866548977,0.945950620254312
1746,0.7075778354175281,0.7872861980096151,1.194365785821624,0.95778266829101
1747,0.696830275859953,0.7839691958565641,1.1813848303711931,0.947140991660779
1748,0.697866169438845,0.791443474806737,1.182984526498594,0.9425973396046432
1749,0.7065893055304231,0.7950358841082321,1.180482722386933,0.956920480112666
1750,0.7039687279341871,0.7798146860323091,1.181414188682169,0.9432765786954452
1751,0.6979550671750221,0.7806046808111491,1.177483302851518,0.94523854739964
1752,0.699950219388457,0.784147203076576,1.182668674683225,0.9444655725813432
1753,0.6982096776204261,0.7880208226649651,1.18910051126411,0.9512203546591852
1754,0.7021920963905861,0.784660278994967,1.1829053558733151,0.948362553924106
1755,0.70688751688146,0.783600562508555,1.185091677135315,0.950100878496532
1756,0.6999441830684311,0.7855242769355361,1.186526384042657,0.953596320786122
1757,0.702082053582737,0.7912707879491471,1.187188481831032,0.9450893730896972
1758,0.7011650242991201,0.7862708148533021,1.182321453871934,0.95043344007454
1759,0.706702478418963,0.79578364305738,1.18914301963388,0.96161458193176
1760,0.704265447360449,0.7900973231248231,1.179775393527487,0.952660360063115
1761,0.697100973755553,0.790023388853971,1.178922960615676,0.945794898503716
1762,0.7092730182668431,0.785702682599641,1.183359058978764,0.946373086962578
1763,0.701740890822332,0.7896320871684861,1.182060252065244,0.945527545081964
1764,0.698704954020787,0.787172264055065,1.18793093704659,0.955996997087546
1765,0.7036148241680601,0.785881724910459,1.187078439347122,0.9455749209754272
1766,0.702333144438655,0.7902701705478241,1.1859026937813,0.9517906853740192
1767,0.707600696687249,0.789505008770071,1.189826632539431,0.9560208690987112
1768,0.6969435051677451,0.7887275186569791,1.188567682992721,0.9530567173184692
1769,0.699025524294246,0.7799411534831141,1.178611281989277,0.948708957412104
1770,0.698934045552775,0.7902207053873851,1.186224653453066,0.951769540950224
1771,0.6995692057130131,0.7788393390567401,1.183496880574502,0.94735470622022
1772,0.701838106861796,0.785502074421315,1.18665958714226,0.954452335213621
1773,0.7028219433420371,0.787393682244895,1.183849948147932,0.955405824777224
1774,0.6977500202593161,0.7894426748372501,1.184924128046934,0.9546368151255272
1775,0.691741333518555,0.7831777981010031,1.180556969906109,0.9537002309562932
1776,0.6899886614224611,0.7825214162036991,1.190387352437212,0.9499510722909712
1777,0.702793348121686,0.7881951239229971,1.185164534635302,0.952517430581476
1778,0.698369878978616,0.7902638224371961,1.186941915340181,0.953886048895293
1779,0.7016278663515181,0.790717433220234,1.177821008299572,0.949410201927674
1780,0.704605644811754,0.7862857480843861,1.191718081201332,0.9557472674742992
1781,0.6959575640604541,0.7826143158734701,1.178256728618905,0.945349011624204
1782,0.7009116563190151,0.7871410956849221,1.189069752351961,0.9434525973393
1783,0.706364742925633,0.786963715825391,1.190177984859632,0.9605492421466372
1784,0.705714708059162,0.781204176013884,1.180529651002607,0.94934733805881
1785,0.6997760132063121,0.7812790425791251,1.183961326877276,0.9523534570159252
1786,0.697272993057318,0.7847750822919001,1.18617598388506,0.948809977188922
1787,0.6988997382476271,0.787464179638503,1.183987349703692,0.955872390095306
1788,0.703372631761906,0.791031012392562,1.189400389898514,0.943153480553756
1789,0.703341332304736,0.7920761984111601,1.187977016188096,0.950131268631936
1790,0.7000227506285991,0.7810915006675581,1.182338921920113,0.951153195422628
1791,0.7033245578084301,0.786672649500162,1.183595298425011,0.9522363389639752
1792,0.699591091901495,0.792496946302876,1.179595204367153,0.954287854225739
1793,0.697491230821048,0.782446966331074,1.183957730298457,0.949929471195176
1794,0.699655586934607,0.7828528213760121,1.176474983601466,0.955511900636812
1795,0.694311285067511,0.778097790328488,1.1823884426899571,0.9501446817556152
1796,0.704819249367152,0.790140801581783,1.183315071182838,0.9464715200651812
1797,0.698275905804357,0.7861520642603651,1.18736832588911,0.9484609988774512
1798,0.6965879281793811,0.7833745317614591,1.181997233218904,0.942140855003094
1799,0.7043006666328591,0.7873636433395781,1.190948793745559,0.9546925855017652
1800,0.7004917309336041,0.7856644967543901,1.188163926851922,0.945935770464332
1801,0.7064603655396591,0.7903860357144601,1.180387054340563,0.951163364304364
1802,0.7012318801404771,0.7832973666381141,1.18211510485929,0.950132262636569
1803,0.703966320694788,0.790324423948059,1.188792358490004,0.948592102640996
1804,0.699020701905955,0.786879987064479,1.180122063859649,0.952370085713008
1805,0.7041270145741491,0.7855521898338761,1.178740544919518,0.9549307385594512
1806,0.6983240055919121,0.7830736299139861,1.189077124539492,0.949164600907892
1807,0.6961201690947231,0.789697610165761,1.181622459080772,0.94362411931481
1808,0.698087230675678,0.7853082635480421,1.182565061834411,0.9524101698366192
1809,0.6969776236978561,0.784034415647603,1.185085063071354,0.945164923218713
1810,0.699087650582626,0.785929260370524,1.184229114673276,0.9524418435774852
1811,0.6995697929051471,0.78645516856425,1.182765348234038,0.949353024201548
1812,0.7004562993466421,0.785540424935195,1.18814420937628,0.952996697168851
1813,0.70513239087186,0.790116011772466,1.186925734082857,0.9508800603503332
1814,0.696300153823002,0.7889159507509591,1.186072632238485,0.952232691823788
1815,0.703429591315596,0.7855492370284121,1.189565997084845,0.949622374675844
1816,0.7068427039877221,0.781272654840047,1.17899883257738,0.949803045181476
1817,0.693311341835752,0.783850396348946,1.182984626595524,0.9503690203840752
1818,0.7017570705139551,0.788126295675402,1.1850439132987591,0.950671516844759
1819,0.7014804223309391,0.7821017029708711,1.186757364242837,0.9434266790909612
1820,0.70548838533569,0.786665786327659,1.187616086308507,0.946277267583038
1821,0.7017587363396001,0.7826104137128671,1.18031443439532,0.94255397422914
1822,0.70184329940357,0.7932835726634311,1.189470558062843,0.962157744293411
1823,0.697044076398015,0.775528660071068,1.182003270780694,0.9433896323477012
1824,0.6983933611570491,0.787857947682125,1.187345987104851,0.9488104600459332
1825,0.696292889749874,0.785925291046716,1.179639712731907,0.948049652673628
1826,0.704813533449086,0.786022404505722,1.180583859267442,0.946250095693529
1827,0.69687219887324,0.7809261269327521,1.182421236906362,0.948753963400056
1828,0.698399101964373,0.7790710471462511,1.187752997529679,0.9455736987562712
1829,0.6925608477946641,0.792168102942515,1.188407996750396,0.9515960940254332
1830,0.7066247649490831,0.789914407051991,1.188547001692696,0.95307950194979
1831,0.697807742498707,0.79571423150491,1.187255212146303,0.951592384608111
1832,0.698371227965622,0.7821095598780591,1.184206717580125,0.950789271624408
1833,0.7015252534732,0.788030319023823,1.179799648622671,0.9491591737268192
1834,0.7031261291678831,0.7907708625214681,1.192632806797822,0.952881964004558
1835,0.6979058130873711,0.7819788977503771,1.184899013327515,0.951056542603866
1836,0.701204278060923,0.785346749144187,1.185670807309772,0.9532501823336312
1837,0.7031355018633,0.7849138884440711,1.178984667835892,0.952686945273392
1838,0.698379820617644,0.781040042962717,1.1835630763916,0.955611728536694
1839,0.6972665676334191,0.785925382613271,1.181402301442796,0.952975122743974
1840,0.7017532107352771,0.7825761984871781,1.184125700938528,0.946625232588553
1841,0.7022212761035861,0.7760067335937331,1.184191148458183,0.941927784405972
1842,0.6934821674249311,0.788141497343346,1.181695955063121,0.9439126763330852
1843,0.699211735413342,0.7862084504702811,1.189063076739725,0.9558099765006612
1844,0.6983607706978261,0.785711748336536,1.180937689607558,0.9471037832993092
1845,0.69725395353052,0.7825989912169561,1.181560278694698,0.944989578663439
1846,0.706194329736889,0.7910138539214061,1.187965671329394,0.946827181358484
1847,0.694537165102319,0.78763788042293,1.182895120935163,0.9431229713440372
1848,0.7007512701270371,0.7803749095486551,1.179589542249838,0.9424386890470112
1849,0.704273245904756,0.783834916849931,1.186549095247966,0.960900055595498
1850,0.7032987613608871,0.792153785086196,1.187879812134348,0.946280011421312
1851,0.6986392524795251,0.7852523372225141,1.17776099441276,0.9435189930533152
1852,0.696596759465941,0.7919415149135861,1.187053943889728,0.951002288069846
1853,0.702980102053371,0.7916788570042971,1.179409312273281,0.948112580682272
1854,0.6999893053502271,0.7869194477148671,1.184942036867141,0.9529558253353052
1855,0.703720351681113,0.7788758309207101,1.187495729197626,0.9417583315322792
1856,0.699425059573157,0.7859230381639101,1.182967813118644,0.949009254034878
1857,0.7001070442299041,0.7887762472897331,1.17756168425515,0.946528877739025
1858,0.6982530285536811,0.7806648318318351,1.176613313240417,0.944905508417582
1859,0.6998229900348011,0.7915411916547921,1.187240491742673,0.950179228046234
1860,0.701201701644754,0.784893768421117,1.182366234884746,0.946957268117778
1861,0.7022469465391361,0.788489196719466,1.188833670447702,0.947625261313025
1862,0.6950308073959921,0.7877326914365741,1.184397452767344,0.9496039492550532
1863,0.699503606266301,0.7881455723790151,1.177847280126551,0.951829158174602
1864,0.692322817266635,0.7858741222948261,1.184639819182347,0.941646393145556
1865,0.6976118085069061,0.7851982279748151,1.178659189654433,0.952384979234657
1866,0.696161582877022,0.7806833207175351,1.185232267215632,0.948060867741056
1867,0.703253853229292,0.7908050391985021,1.187834982854732,0.953542580963044
1868,0.700359630492934,0.789717067087042,1.185855334219725,0.9515098786602412
1869,0.699848461167319,0.788702408148758,1.18977008651996,0.94923648999437
1870,0.692921736561085,0.784727385402589,1.186494115578091,0.944386456080752
1871,0.7047479337864161,0.782875333791193,1.182858594517777,0.9538162736411112
1872,0.7005042043123121,0.786391634871994,1.182629756413508,0.9491011272252032
1873,0.69764648153838,0.781339447783387,1.179792651879614,0.9490592129042612
1874,0.6969717306395371,0.785259112067844,1.181025538107623,0.9467496545310472
1875,0.697694961035597,0.7828443008272541,1.183326177299022,0.946767712038928
1876,0.700447996889335,0.7901230587259581,1.179912394803503,0.9499803848726592
1877,0.698541028668051,0.79107674902332,1.1872246315081911,0.9498480194774652
1878,0.7069167913464101,0.7832370649861251,1.185041669594205,0.9458721544917512
1879,0.696551652382249,0.7919849630283271,1.178036880018054,0.9487269247301672
1880,0.69960903049703,0.7917611149774081,1.18267689515715,0.952305365542786
1881,0.7022633461038701,0.7848744334086121,1.181709190857583,0.946752288392272
1882,0.6976104589530091,0.790158360116723,1.189851466512334,0.944042484802396
1883,0.696514461729405,0.785233034711817,1.175832241233708,0.946335114241726
1884,0.7023801868106571,0.7892743008940111,1.183480138364045,0.95302846846913
1885,0.701655308945455,0.7810278538128601,1.1876849067815831,0.950117890466598
1886,0.698402071020741,0.792243749875089,1.188753138093844,0.9536063223807272
1887,0.6986793396805501,0.786589270160681,1.190192135023898,0.94854198180247
1888,0.693806995219294,0.78384532995414,1.182486476997534,0.94989087494711
1889,0.699878311081641,0.7896157183508941,1.190752611536046,0.95330358531488
1890,0.6925679068418511,0.7847411283764281,1.187747142345145,0.952262785555659
1891,0.6998024886015101,0.782374404802702,1.178147517252659,0.948148577595534
1892,0.68897004444422,0.7858058830750161,1.179061479974484,0.956779364712428
1893,0.70889202899475,0.7964033542767811,1.188572086393833,0.961702132381606
1894,0.694969858920228,0.7857074791538541,1.180533504248529,0.9539239542099872
1895,0.700024346267615,0.7844999080550841,1.183720327805781,0.9492413842429712
1896,0.7001406564444731,0.784963286873223,1.184234298765659,0.946510811619784
1897,0.699084826380662,0.788009176975575,1.187914672969044,0.956962204902716
1898,0.694799972833066,0.783375744910343,1.181943504382734,0.9462962895091892
1899,0.6980964575178811,0.782943026743073,1.18280439607907,0.95364875189852
1900,0.6989824827220561,0.779717017235099,1.18350584178731,0.940564392674444
1901,0.6963217558096281,0.788459319027437,1.185819559663102,0.9513688674871472
1902,0.695078413771546,0.7884840885366211,1.187066637195538,0.94904994883615
1903,0.7060708273202181,0.7901928336292071,1.186434798374556,0.958163237415146
1904,0.690404653846137,0.7874146577888641,1.181251154861588,0.9472757458848792
1905,0.6967605960595861,0.7939876073944391,1.184981705917828,0.9579168710101772
1906,0.694848900714862,0.7786306968849631,1.183677583285,0.9389945658166772
1907,0.6914736140465391,0.782919770025688,1.182364638840806,0.950813306036634
1908,0.7029429447931651,0.787692469423231,1.179571710634922,0.949519065033266
1909,0.702518282782124,0.77958572310382,1.186027304093906,0.9455007899390612
1910,0.696980305097025,0.785989472507566,1.181845319659813,0.9534156229346992
1911,0.696113826868974,0.7751728178582331,1.182316161044265,0.9333397480726672
1912,0.7003563388210271,0.7852495613953341,1.184106867490471,0.9489594980318472
1913,0.695972087752559,0.7819694990049231,1.185601977226527,0.945894200678752
1914,0.6969012863448131,0.7847262069151021,1.180324362563914,0.952646885121214
1915,0.6962175515034921,0.7850716906613191,1.187292193696982,0.948162416833034
1916,0.696281189530871,0.78643315695766,1.180648336591927,0.951465575672362
1917,0.6993757923930021,0.78653331219718,1.184163008479104,0.95711803106942
1918,0.7053204840993961,0.7856233322965921,1.183798593887384,0.9450305184970292
1919,0.705047164193314,0.791384368918944,1.192669623787852,0.95058173564789
1920,0.7004516545035261,0.7869515722428541,1.183869652558064,0.94687745820029
1921,0.7122171363536861,0.791830435935137,1.190718576204085,0.9564519259214832
1922,0.695524242099212,0.779683547931304,1.18449331280114,0.9421314184918352
1923,0.6968256293431571,0.7821499365179431,1.182155359482419,0.9452660982699492
1924,0.694159464613682,0.7813662599394281,1.179780775114246,0.943980913177348
1925,0.6924203497668101,0.7831765269671661,1.179979372175707,0.9477473379963112
1926,0.7049010906206521,0.7944834563827161,1.18943463039139,0.951226572573616
1927,0.696239402679645,0.7805330908816791,1.178511355126249,0.9419185957344972
1928,0.69995746742664,0.7857451167875441,1.18456133832966,0.950430946316624
1929,0.704854646508676,0.7902948871470881,1.187356730302174,0.958719117782902
1930,0.690482116884727,0.7866590475474571,1.1803801485161851,0.948065540010946
1931,0.698792483981536,0.78624486674865,1.1869190472407611,0.949671295269028
1932,0.6981282094358531,0.7881061685258061,1.180065358138602,0.9512705226307332
1933,0.696174603252523,0.7847772835605381,1.18656685160122,0.941113675634066
1934,0.6980336457490921,0.7799015531073441,1.17903391001881,0.9403369931261172
1935,0.6972566059912021,0.787685369343861,1.183347768001798,0.945874223458594
1936,0.6974284369768441,0.781574029097522,1.186754475037257,0.943162763680236
1937,0.6937662289356401,0.7846515027509221,1.181704912928567,0.944128076235453
1938,0.69210187378137,0.779134636447913,1.180713130404119,0.944659888906323
1939,0.6996520320898381,0.783787385493085,1.179686615216559,0.953561568659716
1940,0.696979053021557,0.779561743572138,1.180841015840786,0.9450914362256512
1941,0.6987888140037001,0.7842834016335181,1.186966652671496,0.945818691311971
1942,0.702165586738914,0.7874792996739991,1.182968918612037,0.9540886226231632
1943,0.7049207217397461,0.7841124951407531,1.182793804916782,0.9534341217815012
1944,0.694764290598855,0.779851629898168,1.179179224847019,0.945034663044456
1945,0.703998163018537,0.7864647979537641,1.18371180207401,0.945168232086344
1946,0.6990502659987281,0.792255302486212,1.191086800418038,0.9479374713871792
1947,0.70008817134236,0.78496369006841,1.182535959002764,0.9485087288354612
1948,0.696649274208407,0.7814110651396321,1.188600727505442,0.94157465857764
1949,0.698204761317026,0.789882107921268,1.184684305519297,0.955494511251648
1950,0.70486809550852,0.7864236686972601,1.185032014829525,0.952726818432194
1951,0.696756102306687,0.7850518731967261,1.182707672317822,0.944273146193312
1952,0.698547075813015,0.7878482303973551,1.193961422080579,0.947752463563844
1953,0.6889101933094031,0.780975071308405,1.176758702250494,0.9384240765070572
1954,0.7027766288838521,0.778850171229113,1.180651414761508,0.94106278039407
1955,0.70093327725603,0.7854034290581511,1.180136017825292,0.950204004601076
1956,0.696734322504936,0.783270747549291,1.180910276653973,0.952858854814068
1957,0.6964731805458441,0.789328336067821,1.181773873558943,0.9502948013174792
1958,0.695314641448034,0.787379668782586,1.176368953201218,0.9480185925798572
1959,0.6891257560717451,0.7854967293316041,1.187419237865917,0.9458340506298812
1960,0.6983903084166241,0.7862423710201091,1.176238619870897,0.9434350028202152
1961,0.7021668318497091,0.7774940150371491,1.176790057101111,0.949486053805204
1962,0.705058392218273,0.789062708616256,1.181106774271398,0.945162229104966
1963,0.6924087331238861,0.7844976603552911,1.180010764387206,0.9455576263152172
1964,0.700944226829038,0.7870711029871651,1.188340197870697,0.950395549768986
1965,0.694584113451233,0.7847848127501591,1.194177164331726,0.9475628514706652
1966,0.693310706133859,0.7822270992657411,1.182306445703126,0.9428593827600492
1967,0.6998828727536011,0.7839651402571921,1.180723675891109,0.950698869950745
1968,0.6948201361017811,0.777579786552899,1.185719309185726,0.933593215987734
1969,0.6943372844623911,0.7856143387979351,1.182719195126623,0.945970109164498
1970,0.7047613545226441,0.7872654739497361,1.183909617364406,0.9456870304825512
1971,0.693472831145576,0.7859903904406921,1.1768828216886171,0.939645763999526
1972,0.6983540190410781,0.782879240162994,1.180706816846909,0.942759484403591
1973,0.698287542720419,0.790037456521953,1.188026224573453,0.9490356402930572
1974,0.7049613251094361,0.7843275412485221,1.190051671387492,0.944455299391478
1975,0.698800987361565,0.788723845196806,1.181587596302447,0.951305980078768
1976,0.6966954562543091,0.782991388137789,1.184356097401916,0.9502618336051272
1977,0.695042008938996,0.783425132757511,1.183250273807325,0.943068053762333
1978,0.694745777687732,0.7898235769159551,1.186847265215887,0.9461139575240832
1979,0.694774130197322,0.7809890925452331,1.181852673166904,0.947999637492972
1980,0.6943501423828411,0.7884488031268121,1.184484857255997,0.946212391895444
1981,0.6955982929338581,0.7796261908783421,1.186759248051954,0.9531255172484592
1982,0.696776737958408,0.790960692409156,1.182004730554594,0.949379629549988
1983,0.6922431909141761,0.7779199182987211,1.176281629589156,0.937281518877632
1984,0.6973608099194101,0.78802466014589,1.182024065891038,0.94277538475243
1985,0.6957810044126661,0.785315272384795,1.179804167561773,0.947691376955396
1986,0.692374854011164,0.7802542662922881,1.183643441917239,0.951311778763066
1987,0.699985470730757,0.788915777983872,1.181590611951938,0.950222290242495
1988,0.705589318944924,0.7864371502529021,1.19205326532972,0.9456104282559692
1989,0.697638952672697,0.785334275036618,1.185843990764756,0.95420864858813
1990,0.69737172588382,0.7883868300612421,1.186265325632648,0.9541642022845532
1991,0.7047335754648061,0.7861367004073181,1.188334899860015,0.948291357633644
1992,0.7012243172072841,0.785781002454999,1.185952358703682,0.955379409094651
1993,0.7044491448264191,0.783295546320901,1.18889716019233,0.94492412334227
1994,0.6921783297498151,0.7777636865342871,1.1834423891876051,0.942463210743406
1995,0.6968080584175771,0.7834131774910981,1.1882536761138751,0.950831224817944
1996,0.700752143437663,0.7851266864201291,1.184993400737859,0.9489715397897832
1997,0.694833536483887,0.780544513917487,1.1783307682776791,0.942038809421701
1998,0.704240364225014,0.7882517283593391,1.182457435282244,0.945071197857243
1999,0.700230010447726,0.7860200114656181,1.189131957357344,0.959939856514118
2000,0.7032425481340161,0.7809209557979001,1.181477321446805,0.9484780886197
2001,0.6953373165072301,0.7899553123591601,1.177999599688295,0.9512569072345892
2002,0.698531418741829,0.783573308932608,1.185693175248477,0.9424011149592152
2003,0.7028562688687141,0.7864671825714731,1.188057242960169,0.943840289461439
2004,0.6951342821661111,0.779557601049326,1.187192017941371,0.940895467591674
2005,0.6992007861642731,0.785769132276376,1.186715143530265,0.9510353838727952
2006,0.6966250697015851,0.7795350172597431,1.188761016812877,0.943975716397382
2007,0.699918397175877,0.784640498459339,1.186169354595999,0.9398948607723352
2008,0.691893451671669,0.7812880317586051,1.186143551399742,0.9517652580811492
2009,0.6951667988213941,0.785478432433328,1.179179309394912,0.9434185535039592
2010,0.697240534818906,0.7803523787769711,1.180385543384413,0.952150300307118
2011,0.6945219347928311,0.7970653157951171,1.1869210364378011,0.949410139380589
2012,0.697865754284936,0.7853595444905581,1.1861819513682,0.951549153882956
2013,0.70178371740748,0.787013879072838,1.186797358419584,0.951009794745756
2014,0.684235234434405,0.7850888777470241,1.178258721055328,0.944540973428798
2015,0.6964871680121051,0.782974525854207,1.180558810847393,0.9404260276992252
2016,0.6980882869304521,0.7917892486936801,1.180124530757682,0.9493004001839
2017,0.6891482558263381,0.7859925217386601,1.18172736066407,0.943625420115996
2018,0.696170842517977,0.7854673025616701,1.177566023624461,0.944659949536772
2019,0.6971982305302561,0.7811695381567091,1.186094902239848,0.950269060479342
2020,0.689522333443164,0.7816753782655881,1.178055080166761,0.942991388826698
2021,0.6868122459483751,0.777212503811587,1.17946135468673,0.94083042834224
2022,0.694641552514572,0.786958807836408,1.187815454882988,0.9502014465953992
2023,0.689242237449988,0.78141947976057,1.182266917565594,0.946599868571628
2024,0.692906502850245,0.7851607286627741,1.185708421835865,0.943218538996534
2025,0.704179419771484,0.7922846008686051,1.188880073743454,0.9516653491427072
2026,0.694122280034682,0.7846372619919151,1.181263874514379,0.9466718532199012
2027,0.7022141385553541,0.7855854431788121,1.183325425978156,0.9488708815820832
2028,0.692631971630929,0.790396126284115,1.181868336662866,0.95070239731475
2029,0.694845578457782,0.789069820897302,1.190068597054999,0.952763659069719
2030,0.694785178706481,0.7877244384608401,1.175325306861297,0.942553702093984
2031,0.696176092585791,0.787371370347513,1.185283084062562,0.959979480321424
2032,0.699733940749496,0.782016203563282,1.18388743871364,0.941333602708966
2033,0.6992111147745791,0.789279043026592,1.182283529984778,0.952955788298361
2034,0.697453250136712,0.7823587716489591,1.182477879135505,0.94099703406834
2035,0.6944102078568241,0.784160635933495,1.183140282721623,0.947820448573084
2036,0.6975075230272351,0.791325613640356,1.187030702397443,0.9513025091070192
2037,0.688316455812773,0.7799178555175871,1.178165747959544,0.9528515945202192
2038,0.6983538860374171,0.786293953765129,1.184956580184508,0.947162935942195
2039,0.6965105325469501,0.7824494052624351,1.180493549376294,0.953868117561374
2040,0.703243216877614,0.786232378927693,1.185817849916824,0.946559558555051
2041,0.703933326473486,0.7828282574596611,1.183911005008048,0.941470742333626
2042,0.6989582672553211,0.784773668841175,1.183936442046061,0.9505098333609272
2043,0.6971569581200241,0.7881180206718651,1.179079488675663,0.946392189603352
2044,0.703172200183937,0.7878094882420871,1.181367140641247,0.9456789457657632
2045,0.692087322149587,0.78400968382324,1.183725177053956,0.9461131393369552
2046,0.6895251053830851,0.7768588252905481,1.181280500970888,0.9473438120676552
2047,0.6958370324008271,0.783511462094991,1.18192472891963,0.942735335452185
2048,0.6951773154238851,0.786197423826957,1.186176908080992,0.949202425292004
2049,0.697378664533945,0.775986834172753,1.177079500495523,0.942250452665747
2050,0.691160705480454,0.788725565417089,1.182018147754496,0.948287321227616
2051,0.696027907529386,0.7814906869029651,1.173616635842599,0.943363065655896
2052,0.698674776091955,0.7831409790593641,1.192092312202937,0.9499960550363512
2053,0.7028083144754601,0.778138215235178,1.182013676758261,0.943940488972525
2054,0.695010983695586,0.782930352333663,1.187217765096305,0.947581832175669
2055,0.700027178217103,0.788112934948741,1.191558835299118,0.954424552781426
2056,0.694302846016227,0.7837954775794691,1.180624867263047,0.9419957309475412
2057,0.694344193931075,0.790554565903933,1.191381216049194,0.946452942879303
2058,0.703804025021584,0.784206782562145,1.18163174358399,0.9562182659418252
2059,0.694478853403226,0.787922283661538,1.18387778394896,0.950588415660288
2060,0.689716619641884,0.780519545402215,1.1861049970207,0.9502925162837992
2061,0.693224819458049,0.7875541438874991,1.179110080759594,0.945802661873724
2062,0.7051304709976131,0.783882069630899,1.181338459793208,0.9495121150183072
2063,0.7026052270084621,0.7876028306242341,1.181732005615165,0.953872885150106
2064,0.6997834929683501,0.7877470166354941,1.183132194522498,0.949050978986897
2065,0.6936971402956521,0.7852999098275011,1.17746596513451,0.94273008549235
2066,0.702431688112193,0.784645918702733,1.184431595970755,0.94879145844691
2067,0.688794381646574,0.7786494687847471,1.182956687026265,0.934614526647804
2068,0.6961794807913071,0.7804365629951151,1.186022583665191,0.95172774789018
2069,0.6876251470783481,0.7746551022797391,1.184120331769404,0.935639158728114
2070,0.702950121052023,0.7857054306761071,1.179391392331192,0.942847532881558
2071,0.693368755226981,0.7837580704818601,1.180144136906534,0.941286889404274
2072,0.69696780178102,0.7821723814459811,1.184765480782674,0.950514404022175
2073,0.696563586187751,0.78243092123581,1.182513326622437,0.942152570717144
2074,0.698229754235649,0.777799505902373,1.178958296019961,0.941788360611468
2075,0.69166014559459,0.7896034814741301,1.186488973057788,0.949051041560976
2076,0.6936354134501751,0.7854465137141331,1.181494269897972,0.954620827691278
2077,0.695810105435658,0.781116007570771,1.182187344285025,0.953223602306367
2078,0.691864205119402,0.7813426613591721,1.174745981675991,0.951799744227226
2079,0.699118741639498,0.7829755389172091,1.183283989304217,0.9502706499905252
2080,0.69455570301068,0.7876465275235791,1.187484983516776,0.943175139283572
2081,0.6992709770042821,0.780088524779547,1.180165212007536,0.943980228938702
2082,0.69695822538241,0.7777558436644251,1.187496025925097,0.948149244449492
2083,0.694299092921225,0.7815842313179071,1.176594923911751,0.939512772323644
2084,0.694136210028892,0.7876243638819541,1.177940472096636,0.941410187631845
2085,0.6940949296281821,0.78553857675929,1.186385624218678,0.946143569613712
2086,0.687177007073077,0.78622725908307,1.184403570341891,0.947266449962837
2087,0.6987975362040421,0.785241742280946,1.181755766272544,0.951583392621166
2088,0.6922241312762101,0.7826675561027251,1.180868583636871,0.946212419484188
2089,0.689828800253462,0.785521014229111,1.1817528275044071,0.9468685153979752
2090,0.6969118895198121,0.780300966099552,1.186138719212317,0.9447190497286512
2091,0.694972134046796,0.7811222632510071,1.179149920849696,0.9483632749837372
2092,0.70025624367206,0.782764190888923,1.185670637890048,0.941308543167036
2093,0.696251342154067,0.7817912520705791,1.183054725005142,0.9442331066112152
2094,0.6941817568858031,0.7828880026936531,1.179239754551562,0.939030743163564
2095,0.6966656577381961,0.7887581200271411,1.177353997053443,0.948544665145269
2096,0.6917839676303701,0.7823212882098941,1.180217550608559,0.939005420502761
2097,0.6935811276291161,0.7905793688867401,1.187391570944717,0.944928677266706
2098,0.695889599783265,0.779569223847078,1.184170164707778,0.943461789898034
2099,0.6902230362259391,0.7765441581174941,1.180391589584557,0.9388383626667912
2100,0.693044150626097,0.78206960576168,1.178594971480576,0.943888813365196
2101,0.697895719467297,0.780321894348531,1.187889887154966,0.940873773633569
2102,0.6913860764462441,0.780680309279241,1.182593613755012,0.944086904812982
2103,0.6938480338000731,0.7813660206570141,1.183593821374402,0.946647472679615
2104,0.696834036621494,0.7880749049178061,1.180537211290304,0.940875638816235
2105,0.697788415854607,0.7878503335126931,1.182522573440835,0.9479575204136572
2106,0.6959309591709271,0.7836270621721291,1.177345238949941,0.942926167550942
2107,0.6869305286124561,0.783455527347067,1.183253054061661,0.945765921036186
2108,0.689993245851086,0.781770056356554,1.189869237226852,0.944670869334452
2109,0.695835081806433,0.7787164503681481,1.186268222504767,0.951312795497369
2110,0.694325418602945,0.785919220767159,1.179463678080102,0.938072589374538
2111,0.7007032707873461,0.788957073312738,1.180602090730183,0.9420291622695712
2112,0.7024923445305961,0.783351108971713,1.179246542030486,0.942127120262686
2113,0.6988862605792451,0.78557392447323,1.183154830250187,0.947275458821567
2114,0.692933102205827,0.784798594704572,1.177571135910524,0.940947673998881
2115,0.6889373243017041,0.7803798577059871,1.185678881147633,0.94346797377195
2116,0.687627169452067,0.77744474272797,1.172305133679638,0.933108702005035
2117,0.6945779667762311,0.7804826195689211,1.184795679497546,0.949508968578732
2118,0.6996977544673111,0.7838004827499391,1.18297701663729,0.948617865830875
2119,0.6966795692409291,0.7855280030896691,1.181694805514121,0.949066818489328
2120,0.689824756261879,0.7815744647945181,1.187270490587621,0.94498327701096
2121,0.6956743341803111,0.7803083389349601,1.18763954375965,0.946035251561282
2122,0.6987652784834301,0.789514869235564,1.185521424680516,0.947652236895932
2123,0.700778241174808,0.784448566860046,1.185486494631007,0.944588407091256
2124,0.6955954043761541,0.7822324432756591,1.177632417475831,0.9486563704583952
2125,0.691496826087435,0.7762874643439831,1.1833991475295331,0.948976095252926
2126,0.6928713020423181,0.7834435816908221,1.177782744709132,0.9409453708516512
2127,0.6922352960792141,0.7802429755312801,1.173766839331474,0.9466994592137092
2128,0.7053900704975571,0.792002879407094,1.182360959873683,0.9382184430470932
2129,0.6906807759263801,0.7798054517395251,1.179888244232405,0.944365465905571
2130,0.69179218445999,0.7824007914118141,1.174757462048876,0.936054253977709
2131,0.6972633720632041,0.790842536890852,1.182421854980613,0.944561155135
2132,0.6939793787356731,0.7813459136995711,1.185643459575763,0.9501819917527232
2133,0.700296728507332,0.783801266896551,1.185313549270664,0.943238658830523
2134,0.695260182427971,0.7903025921272191,1.1841187682272731,0.9432755823152652
2135,0.6902633826045881,0.7709111062728841,1.181006880234117,0.940938824949705
2136,0.695550685748457,0.7797606741820551,1.183983992407287,0.947287323115312
2137,0.6941596294712761,0.785754683009092,1.182036428887775,0.947356766467725
2138,0.694602535497667,0.7782069166069441,1.187348201439,0.9469009747161812
2139,0.6950842281128611,0.7876067414231921,1.181601558150588,0.946882085415764
2140,0.694792551865828,0.7803496607187861,1.1801075701048411,0.942482727917208
2141,0.691821535266395,0.776338298143684,1.1835296468242351,0.945332297731352
2142,0.6930212600669561,0.78185203736243,1.176938644677832,0.944818478158634
2143,0.6988401622174011,0.7851346981698181,1.18729726927004,0.952175342221406
2144,0.700061701967016,0.7883677101437591,1.182386124155659,0.9507558120927512
2145,0.6939568771454301,0.7780451373993481,1.178789180150066,0.9440670859986452
2146,0.6991265262814531,0.786986272296179,1.178676794404568,0.947479625920886
2147,0.6966371892047101,0.78290323211231,1.17906597904537,0.951255986925916
2148,0.697674014025192,0.7836181159684621,1.184077088707599,0.9409318466441352
2149,0.700055012884347,0.779939424732457,1.181565903343152,0.9530721578639052
2150,0.694825016475026,0.7820278501165081,1.18449560639219,0.9479427236415772
2151,0.702914827354792,0.7848772671127661,1.178995600321154,0.947963337211505
2152,0.6952358414891401,0.7857503736580621,1.182973425673402,0.945009949873539
2153,0.694547307880028,0.781820563842421,1.18118726030208,0.94324281449983
2154,0.691401059320871,0.7804418646770971,1.182942321982936,0.9428951482194052
2155,0.6914637208092901,0.783283011528892,1.184107610388942,0.944151674059854
2156,0.700473767934717,0.7860264134579811,1.183400209723175,0.946829529290182
2157,0.687841530349375,0.7762072783881341,1.180141350821308,0.952377611690241
2158,0.701206528136263,0.780706359640411,1.174754930039246,0.946887226154406
2159,0.689777587850888,0.786625836530457,1.179684715426486,0.941874997609335
2160,0.696229414879411,0.7879339640123251,1.180921205251977,0.953954375605436
2161,0.689485716053109,0.778278154307517,1.178708939664605,0.9433658728511
2162,0.688217046900071,0.784787673341191,1.181834071874618,0.936819987263584
2163,0.6935364433658721,0.784827063265054,1.183859061179817,0.948747725320467
2164,0.6904082369815181,0.7791327091230861,1.178381237970746,0.94899048966666
2165,0.698731475928123,0.7841989596684771,1.188688681609388,0.945855746099698
2166,0.6955350445232531,0.785651405328425,1.179273229254328,0.937834332683596
2167,0.691099316880538,0.78049667643896,1.176961708220018,0.941583983303196
2168,0.6965999791425631,0.786255683695924,1.18687572027894,0.947855110266718
2169,0.6900849389047291,0.78731629382009,1.178504957992961,0.940649523467257
2170,0.6919289657279201,0.784402324993541,1.179584515159544,0.9457075228725652
2171,0.6945766929699021,0.783963241762873,1.183588977741158,0.947535891490786
2172,0.6981798219022111,0.775901966120885,1.183795768389667,0.9517252162584792
2173,0.6953626672966751,0.782303277997003,1.181189015831636,0.938503419764448
2174,0.696830735285428,0.781156395008598,1.172852744766767,0.9471211298436352
2175,0.6984045280116621,0.7779300148072451,1.1808029846220771,0.944436635849052
2176,0.693939883261919,0.7806686348673221,1.185616182784239,0.945186257686304
2177,0.6979774959331401,0.7837689872021261,1.187322373515453,0.9440465574625172
2178,0.685593958890092,0.775251422023427,1.179397295566572,0.941615378295166
2179,0.693119053121494,0.773285314116788,1.18036065261433,0.942124536557906
2180,0.691493643177808,0.7800209368916521,1.184689297300318,0.946561950272408
2181,0.6874794947334391,0.7816004385982731,1.173804297179415,0.9401647436661992
2182,0.69711290097431,0.7839183444562161,1.179148389269476,0.9426111866436572
2183,0.6983232389379671,0.786463427478852,1.181589852424635,0.9490799457644632
2184,0.6943260260952121,0.781975265646326,1.188281065635923,0.950839935167544
2185,0.68331714314611,0.774246944681457,1.1764995284054591,0.939381953058899
2186,0.698016685339203,0.785924763459226,1.183155565590098,0.944881084280601
2187,0.692296834230638,0.7845269900517181,1.187895448203536,0.9432470843843792
2188,0.693589841245093,0.7811793204450951,1.1754510260146591,0.9341129400915852
2189,0.6956136773029961,0.7864943832375001,1.177497484005879,0.93192077887015
2190,0.6853901881562621,0.7823513744102001,1.175373946195063,0.952318646067726
2191,0.6981137375468791,0.779949196870776,1.186859965324401,0.947597862990654
2192,0.689885559370336,0.782377198122549,1.175903521802114,0.945316061971412
2193,0.6921428762160351,0.7798488826855361,1.179688786142978,0.942684962238738
2194,0.692401608209247,0.784706554119137,1.177790183411992,0.941836465851984
2195,0.692987734262926,0.78279364908087,1.183256835501263,0.942168651310646
2196,0.690906957682708,0.7887956109167871,1.182751696826755,0.9485111980550532
2197,0.697899996073565,0.78222195242626,1.180961465058119,0.9438302515587512
2198,0.6953834488556001,0.785420656096244,1.184618819666945,0.941659573384601
2199,0.694321892048785,0.7795995918736941,1.179942256730535,0.94606004199148
2200,0.6981510850668381,0.7840798390300371,1.180506005343319,0.9479055678930832
2201,0.6966476301136221,0.7832030741416891,1.182802243293195,0.942143555433637
2202,0.6955842078271981,0.7748541609532591,1.173495779110901,0.9447586622251112
2203,0.6869727915179901,0.780968379175317,1.175971976764824,0.938234189147318
2204,0.69203476988427,0.784326209970142,1.183537980568581,0.9439150975828152
2205,0.697738585912663,0.782417319499064,1.185414545993874,0.937744253382518
2206,0.693136908113956,0.782140800594419,1.180690658697183,0.9494671768414372
2207,0.690513671605267,0.779347357974536,1.178753614641618,0.945902936106574
2208,0.6962184383655371,0.77681879170131,1.184345620265905,0.939374484040814
2209,0.6917162284632951,0.781194062012693,1.174074698941431,0.9442595483168312
2210,0.687962434241089,0.7838850427364951,1.185898867314276,0.9490488641287972
2211,0.6935482088314451,0.7810343884039611,1.18482504374739,0.9475851243874732
2212,0.699219018868778,0.78589401350937,1.179605354109536,0.955904139934674
2213,0.691710749964999,0.784371576771356,1.177444000283013,0.951021794499694
2214,0.6895141791606291,0.788674819836581,1.1892559856608291,0.9498679380377992
2215,0.700806318876751,0.7924958870246791,1.18542945050243,0.945247584467996
2216,0.6963163206650721,0.7789569385889641,1.182588209276614,0.947560385436467
2217,0.68827109557131,0.7805912206354341,1.178090424533339,0.937981806101574
2218,0.690648532270089,0.781936574349368,1.183390301746734,0.940281554867608
2219,0.6959603180487951,0.782486297190189,1.180808786356794,0.9407929659591632
2220,0.6975407542093941,0.7812226583128391,1.176497247987899,0.9395723756186772
2221,0.689536473538348,0.7847883076123571,1.176228143166804,0.948215164190185
2222,0.6934172877420981,0.7874820784166231,1.182272623198619,0.944713029443569
2223,0.6900392245717231,0.77968706946442,1.182244285293247,0.9497534399987132
2224,0.685325857764784,0.777720235612081,1.184497719765573,0.94308988150695
2225,0.6878306539054361,0.7829374912856281,1.175337383928506,0.941556043463988
2226,0.691176431604485,0.7869814777935761,1.177511930465698,0.94384976454835
2227,0.691862768777038,0.7736595930612601,1.179792903903602,0.936608049721605
2228,0.695677415940208,0.785310430695181,1.183873381303704,0.945890555185252
2229,0.6941424065633961,0.7802840922621711,1.187234733199727,0.949974917820182
2230,0.696009956732176,0.7829897848592281,1.176042471027028,0.9463006844609112
2231,0.6976753516203681,0.7839791253209111,1.1833609755056491,0.9473860687373772
2232,0.688083839346317,0.7819326485412701,1.179637232660383,0.9389881041926752
2233,0.6887334138424931,0.7822901601160781,1.1813843425201331,0.943512653823996
2234,0.696896669630339,0.785937357531941,1.183445436799008,0.951965191550012
2235,0.6974174663478481,0.7865743515068201,1.186715570480927,0.945840556633429
2236,0.6920787739041051,0.779825951958048,1.176051977859891,0.9472691687498832
2237,0.6881259796951991,0.7834103525332781,1.182532476450222,0.943386066057112
2238,0.6892455743922701,0.780271993707055,1.175739174735718,0.9413070684919752
2239,0.6960854061433801,0.783475422988767,1.185416941625484,0.95192844507055
2240,0.689479432811123,0.779834515590598,1.179635647414387,0.941736472365648
2241,0.689575083175863,0.7804072624531341,1.17833266277676,0.9406893871778592
2242,0.687666367172547,0.7792074742956431,1.173741259328697,0.946500391064994
2243,0.6915007192047611,0.7820856914572091,1.17865966659957,0.9466029985713352
2244,0.690534959047816,0.783540284935978,1.183041712188202,0.945653811610047
2245,0.688322082890764,0.7836293147309961,1.178377161315386,0.9442169393912172
2246,0.683796915806074,0.7799431999092511,1.1809866113075311,0.9431889257731212
2247,0.693241779705968,0.784311674967192,1.181733551232711,0.951417209472561
2248,0.6939525693601021,0.785853635141814,1.178636984116789,0.9464962270812712
2249,0.6954010285815031,0.779984701478826,1.1785255820638891,0.9417262139959612
2250,0.6975369537114231,0.77950843229242,1.18428646179213,0.947195239878003
2251,0.6965814921734991,0.7850358944008311,1.181716789262018,0.943901198335747
2252,0.689693365057093,0.779551707532094,1.167290928139202,0.932773589170065
2253,0.6876700898443441,0.7830442988138261,1.181889970233474,0.947274940115386
2254,0.6985063468632491,0.789972082212351,1.188746188753757,0.94440991166925
2255,0.6949527443157151,0.7800293112362641,1.173544213931629,0.942889775756908
2256,0.697687067307423,0.7850836456037951,1.183888282572877,0.942007092084141
2257,0.6954391589793171,0.787720509737298,1.186690870510495,0.9471815528645032
2258,0.690217775063238,0.7821075663618421,1.182198085430739,0.944604281740992
2259,0.6925548171975471,0.7861071640382641,1.180643649096938,0.949101536629208
2260,0.6928721281929291,0.790651300787061,1.177025742720866,0.951737324693712
2261,0.683817500896427,0.776617459412934,1.181159428064374,0.935508449035494
2262,0.694714454880011,0.7760203888882761,1.177343836405139,0.933327963548725
2263,0.692457827320997,0.7879977499445281,1.187557852138643,0.94235724599465
2264,0.6919796748383751,0.7830542895025101,1.180852605380873,0.9343519658660112
2265,0.694266712454997,0.7816728913913601,1.182516880765341,0.941566878983723
2266,0.6873048548249231,0.792790083565573,1.185831558661184,0.9502187146656752
2267,0.6924448589645861,0.7833167417109871,1.176031246781349,0.9439084736117412
2268,0.690460112323795,0.7786748018385701,1.180630526788856,0.950765486617667
2269,0.689735424475393,0.784830721176188,1.17762640852859,0.9440727076236752
2270,0.6933355047704941,0.7825207615244211,1.18243801680164,0.945327364340208
2271,0.694263605805842,0.780301060905491,1.17645529895157,0.9489560152363512
2272,0.689441587263043,0.780205292870169,1.179393785911193,0.939570891198472
2273,0.6928222271465301,0.7827259831238481,1.178862828167452,0.937991562231943
2274,0.6968203935556221,0.7872436225846191,1.185175431055435,0.9471926244002752
2275,0.686187662454187,0.777135495690331,1.173986382026603,0.940035062342666
2276,0.6900803731295511,0.7758317017468851,1.181270085491132,0.9388258620232772
2277,0.6935976986651831,0.7785695385241851,1.178214282769224,0.943333772510506
2278,0.6918700801181621,0.7788678157156791,1.183128608093745,0.9412961589523412
2279,0.6949642514674991,0.7826730065803591,1.181774310551691,0.94223386057369
2280,0.7021882096980361,0.7881690833879551,1.184830795271673,0.944784013014556
2281,0.69791170053076,0.781531413720137,1.179714493021585,0.947232443623352
2282,0.69655204637219,0.7868378895564351,1.178761296406172,0.9481788588066892
2283,0.690967259604645,0.7741186718146,1.176187606501406,0.9443954537096232
2284,0.692577333311023,0.7789349831316781,1.178773353605166,0.943919157690328
2285,0.6913032888070391,0.7811727664176961,1.182425217783969,0.946352291177364
2286,0.6843369371271221,0.788688737197198,1.181419563574203,0.941439116616612
2287,0.693510673184325,0.784788991554059,1.179543268853339,0.950031205552859
2288,0.695196990814545,0.787060272758421,1.180509403455948,0.946751127640406
2289,0.6998767734005831,0.7808106253328531,1.178275624479072,0.941266754939072
2290,0.688927753599009,0.787141289184058,1.17638775738685,0.9461114314533232
2291,0.6954131569659361,0.78166123036889,1.186770298018835,0.943702142334718
2292,0.6915088937874291,0.786437814974266,1.180237705508868,0.938699156207882
2293,0.689229812958966,0.7793464173657301,1.183985163876111,0.9456690410287052
2294,0.696651500798221,0.7765460371755171,1.181021189991978,0.938190857164453
2295,0.686929116349505,0.772376171056775,1.174801988446194,0.934191435467505
2296,0.6913063597959881,0.7751947445929911,1.178797088563442,0.9486867470423812
2297,0.698159482681017,0.785279850920905,1.180276077402674,0.9451880007982252
2298,0.6976395685873601,0.784219513120858,1.187654191169186,0.943749550864964
2299,0.6964057009343221,0.7798644933795581,1.181153560354225,0.9438238197910612
2300,0.684168983763758,0.7799770058929051,1.177282343848028,0.948076767469013
2301,0.686679378502826,0.7821291090137711,1.1801061260959371,0.9402965720796932
2302,0.6927811436193141,0.7812267977042471,1.193874913173309,0.943586623485105
2303,0.69269244108295,0.7831747570763461,1.179401171704133,0.946106646695862
2304,0.6899024407392821,0.782577230662539,1.180349733842455,0.943832626485306
2305,0.6919685725554601,0.784350845584834,1.186847222240074,0.945361974365685
2306,0.6914740781151291,0.779152713392091,1.180570046538892,0.932006760081951
2307,0.6925178493602551,0.779014060786668,1.17992588672517,0.942259999585972
2308,0.6937299864231671,0.7820086631438,1.179469606150751,0.945032708427828
2309,0.693469562500283,0.777291962741941,1.177328171613423,0.942905210876378
2310,0.6991387727683861,0.787021515594012,1.174590522072453,0.944390616933072
2311,0.6959888529356401,0.778471767902374,1.176580103303211,0.942967436235884
2312,0.694434754766415,0.783458134834317,1.181476128058157,0.941848529637723
2313,0.695061296386563,0.781803809430288,1.1840270579509111,0.9472350041395512
2314,0.700241776561175,0.781112697137438,1.180452206536479,0.9455489981379632
2315,0.7025778608099701,0.780577953850877,1.186452468560225,0.940727486018685
2316,0.6954791930274681,0.781799937935843,1.190186031918594,0.9395329950350352
2317,0.6909853471038131,0.7841601651431851,1.174799348997033,0.947761286050081
2318,0.6985124674612191,0.7846455493051071,1.187751653725686,0.947648628871294
2319,0.700773860773314,0.7858259389581881,1.180502549245737,0.9466609207616332
2320,0.6920172445260091,0.780879266452098,1.181917336755904,0.94570857418728
2321,0.700697934659926,0.7807151257343911,1.182441238367903,0.939025405848371
2322,0.693644018060919,0.7790278776184371,1.176017124799714,0.9390537445365952
2323,0.689526604326522,0.7743282288960781,1.172329214064107,0.9462302909435132
2324,0.686754248685378,0.7821064857037171,1.1823803995182551,0.9477740686548792
2325,0.6960686325379041,0.783121302183987,1.179942665216715,0.951264116184219
2326,0.693614667659436,0.7812001232219771,1.169003636292789,0.938694047917058
2327,0.6871732436390451,0.780315043161744,1.18112786265387,0.939736590086334
2328,0.690854880229934,0.7810848078865931,1.178215770509795,0.938673289141793
2329,0.6833614861133731,0.7805364306854161,1.183568543390087,0.945797461206498
2330,0.6969871863020931,0.7792107637809671,1.184288991966109,0.9435815979065232
2331,0.6988532557219691,0.7798253035415771,1.179060786422612,0.9421745960911112
2332,0.6885229991883901,0.7812097039127691,1.176848688203355,0.938341226455742
2333,0.692531069443709,0.78172573533611,1.172825454153876,0.9414496796772532
2334,0.6912947565155181,0.783739254634449,1.180622297460618,0.947221343311062
2335,0.692450860488242,0.7818568667423891,1.176394410215426,0.944340287748238
2336,0.6843301596093001,0.784975024561087,1.17618766999331,0.943845993474773
2337,0.7024955509527431,0.7845302480070481,1.183372786511545,0.945230464572491
2338,0.691815292300737,0.782098293304443,1.179063822696174,0.945031331042232
2339,0.6959710913183891,0.7875931235975111,1.178337294878303,0.947452829664816
2340,0.6961690858816321,0.780305802498174,1.180204468900742,0.9424569179452412
2341,0.690165938107647,0.7846105647259861,1.178796340913876,0.945063204275093
2342,0.6938874848402921,0.782435277233953,1.178562819741774,0.9399227227313792
2343,0.689497574920887,0.788999800664791,1.18116953720649,0.949002576937926
2344,0.694173428351464,0.780807383898375,1.182812048041302,0.9455658356132712
2345,0.690710067155136,0.7815333958985141,1.1838913867655,0.9468693768038692
2346,0.6837515711676381,0.7783907662699181,1.181175994916238,0.943356152569902
2347,0.695855321713547,0.793057463199332,1.189094457073488,0.9463011258538212
2348,0.687154067194332,0.7827161544043081,1.183855323471884,0.943679958150006
2349,0.6945247858276831,0.776895908341891,1.181723606111346,0.94162665458693
2350,0.6921199976966,0.7815469295002411,1.177968381755594,0.943614554281036
2351,0.6932068561082301,0.776878427660119,1.17557502483976,0.9400635252882172
2352,0.6936818522711591,0.779302064923272,1.175905428178932,0.9386782001542
2353,0.6996774078225311,0.779629063347111,1.180352686647919,0.936680804128232
2354,0.689625027764966,0.779636142478472,1.177335673376269,0.942706014286132
2355,0.689507833803477,0.7794711747463191,1.178231604181338,0.9444278858170132
2356,0.6840384132296271,0.7784230122747621,1.175216044852699,0.93584334982586
2357,0.696384800247092,0.777650443540103,1.184186461179152,0.9458675641242572
2358,0.6892993246893521,0.780101271319216,1.181958099746185,0.938290580081335
2359,0.687748286279215,0.7835658856708071,1.176093903032766,0.9524251211272632
2360,0.68619047815277,0.7788554527189421,1.178311028666254,0.945768612288478
2361,0.69407921222349,0.7839227435381511,1.184781846252904,0.945746403484456
2362,0.6922302836201331,0.776362763150878,1.182294406320737,0.9422130146320312
2363,0.6960226735235121,0.7862886024126101,1.17866105845441,0.94270086677178
2364,0.6957598354775401,0.785694639427938,1.185237809259822,0.9431764893773672
2365,0.690428743840775,0.776931630420512,1.182371224722136,0.94791839045027
2366,0.689991762834614,0.7868178737336311,1.187633644411529,0.9497889577532592
2367,0.696331169564222,0.7826378527974731,1.190081162513166,0.948250669041189
2368,0.695683274364125,0.78491463361011,1.174353529901608,0.947382822983722
2369,0.6903527296971581,0.7803443329057831,1.178925152274145,0.938165444907718
2370,0.694161763171786,0.780655854206154,1.176254056718038,0.939561699341604
2371,0.6931993335323491,0.783822602335957,1.180014071581156,0.948926020737575
2372,0.690932416964484,0.7727218508936351,1.173961984398572,0.932125211706843
2373,0.685768441283616,0.776111118711423,1.173007858080276,0.9364930046317372
2374,0.69498868872398,0.783335181897965,1.182740576133348,0.9454134417346852
2375,0.6891761674019301,0.7817419848364331,1.181218647654505,0.939883872245748
2376,0.6883864814442561,0.778756722483945,1.175895509944446,0.938964890235144
2377,0.692449282854795,0.781314346993315,1.177412595113982,0.943840728397818
2378,0.691624403107857,0.7846454101196231,1.185282618239306,0.946140314438852
2379,0.6880673943222431,0.779777035441087,1.176099115523739,0.9412146798348512
2380,0.688568143309026,0.77851135575253,1.182749213839786,0.9435480820366
2381,0.693395084067099,0.785584324619908,1.184253037407778,0.94331261380643
2382,0.69277098391583,0.7793238969600711,1.180064031827277,0.9446052934002612
2383,0.6858811215160111,0.775795416123625,1.181468474368254,0.934740967103752
2384,0.6910283688887731,0.783522673275159,1.183160139922646,0.945616920681103
2385,0.684998174670381,0.7761395757181051,1.174393320537131,0.933058166012599
2386,0.691426466502573,0.7833388526586511,1.177882666065209,0.942056786862836
2387,0.697062524197542,0.7802521883361581,1.182849915887134,0.948149371028378
2388,0.6893627755073961,0.785471255904522,1.181890767985496,0.943925164316011
2389,0.689839976961198,0.779422497619753,1.182942261730415,0.9432086954568172
2390,0.683575437066779,0.7855280344037041,1.184654917513978,0.944869279726475
2391,0.689004442236129,0.782387098972348,1.180614129356716,0.936120063633374
2392,0.69412570187579,0.7805312725080961,1.182194341783938,0.944749918968781
2393,0.692200401473952,0.781123320153657,1.187100934269635,0.943553216566426
2394,0.6952440592905751,0.782817870702432,1.179820300660271,0.937925239808965
2395,0.688161831241155,0.785782625925713,1.185357009371121,0.940308852904084
2396,0.6909314653417771,0.7821743162213891,1.178063387564127,0.9414329089062372
2397,0.689053821471938,0.7759552756729331,1.179671842442906,0.9389180678982232
2398,0.6891632853750731,0.7822404223075811,1.179149883056896,0.94420570132417
2399,0.686632294450765,0.779374136872913,1.184965794717056,0.937591729118772
2400,0.6915856387628161,0.786222835597784,1.178655795321084,0.9400450724946412
2401,0.6927140516539411,0.779961218868476,1.180660406964412,0.9398217080026
2402,0.6910939309206131,0.7821292981937311,1.177972297737564,0.945448788260852
2403,0.691933309902315,0.7835924081180401,1.176654589348945,0.9434701516360472
2404,0.6855632112078041,0.776196813345819,1.182739416002363,0.941673539308966
2405,0.692933741309072,0.782964493809402,1.184299982436325,0.9456533138788692
2406,0.6933196593831841,0.783205832152263,1.187519019820551,0.9479266299555692
2407,0.686780900896891,0.7890419273272801,1.183131285443686,0.9434683930020832
2408,0.695064906651775,0.783429153479527,1.176677226804304,0.9409489823856212
2409,0.69706705406956,0.782664105944011,1.180245180276857,0.94708891428899
2410,0.6912152328784911,0.777095726974632,1.177988358813783,0.940574009781298
2411,0.6936645766423231,0.782156360754068,1.175979275634323,0.94710939431536
2412,0.6960490033354441,0.781371326874131,1.180815003596354,0.943511303541237
2413,0.6843500144887661,0.7876029811475581,1.17690791470417,0.947499840236876
2414,0.6914640716614491,0.777541167494179,1.183661118473695,0.939390392029199
2415,0.694350121002914,0.778396688509678,1.181493330045022,0.943589572916212
2416,0.697398119970508,0.780470872054929,1.180482782855413,0.9466886552239672
2417,0.693106000946051,0.7827893165142641,1.184215238344842,0.9424386341934612
2418,0.6855958872137291,0.781048448945301,1.180669476804526,0.941523481106412
2419,0.685218699843339,0.773451848954394,1.178173576684101,0.94348414339449
2420,0.6949016169469421,0.7786696019811901,1.18307955811421,0.940144262964958
2421,0.6961924355693051,0.785361402384612,1.181003957662893,0.947908436528582
2422,0.6892016106217661,0.7824958961295041,1.175484332269516,0.944338854429298
2423,0.686023150125275,0.77641834847737,1.184513824357502,0.936901560107219
2424,0.691319320134926,0.7774597094326781,1.178429076097149,0.9398072821398572
2425,0.6840255351440191,0.779556220424348,1.181884110189866,0.943988339597548
2426,0.686713122047375,0.7804722331356311,1.18316487762807,0.93858128780688
2427,0.6939856300157481,0.779953666679237,1.177014930740646,0.941163264214992
2428,0.694654294033197,0.779667344430218,1.177900651982729,0.936799133439426
2429,0.6979948527625071,0.7801197737023451,1.185032930495082,0.9449521811220092
2430,0.69631428187848,0.779847136226253,1.1802342278154,0.947825067825075
2431,0.6865626137595671,0.782775862601356,1.173449357782585,0.94089067964882
2432,0.693610957864186,0.777134264184944,1.181047348548536,0.938583758592173
2433,0.695712167877649,0.7752011928005491,1.183147192109322,0.940126010878146
2434,0.688811059906214,0.7825721334935961,1.174742041506629,0.947173960749869
2435,0.6899144097730731,0.778513279190098,1.178765696999819,0.934590383635266
2436,0.6878595649656171,0.784756232430969,1.180163585405418,0.940694772516903
2437,0.6912807842203671,0.777727621189062,1.178484862805276,0.9361094456112032
2438,0.6897820418133681,0.7790003662955931,1.181511619924635,0.9382725986989512
2439,0.6942041892612321,0.7832225131383841,1.179876452554827,0.9389665355446972
2440,0.6890309395781461,0.7755536587126011,1.176912892123927,0.936840214942028
2441,0.6830746889168371,0.7788672781940821,1.17998895826547,0.9441813527188
2442,0.696340274173712,0.781418201392111,1.180098351037156,0.9408983403303912
2443,0.6854552902227291,0.780051802379497,1.177734544095785,0.941803985693748
2444,0.6969995516203881,0.7844824457298151,1.189066378750662,0.9438058668072672
2445,0.68780483154283,0.7806864299851911,1.177092998356059,0.944787271590768
2446,0.684994128843148,0.7764311523541161,1.181336529984854,0.941215869849142
2447,0.6892467960445341,0.7816701731172161,1.1768247336149211,0.9460829372477272
2448,0.6907307075579531,0.7761439408945,1.179540234307448,0.934825888389478
2449,0.691484568829553,0.7771402241095251,1.175128704935744,0.9363426473261652
2450,0.6922778257209321,0.7793496310494941,1.181831629595894,0.9465674799529532
2451,0.7001264707279811,0.7861581102445501,1.1790967292111851,0.946400587082557
2452,0.693977023461374,0.780585981257583,1.18019326970629,0.9454056738295412
2453,0.689513718844323,0.783911618741526,1.17618842444558,0.938787471988926
2454,0.6877469825355901,0.77705136395019,1.178963129071222,0.94574761290805
2455,0.689982122593167,0.7760981322414631,1.170499208504739,0.935627141967415
2456,0.6879225463161001,0.777817309226678,1.178613716277523,0.941409290862688
2457,0.684300406390558,0.7760283273199331,1.176363881191481,0.942756699155206
2458,0.695151437289904,0.780384740751722,1.176287959127322,0.941216418033708
2459,0.6947073054270461,0.783947776085224,1.182138362116571,0.947014229345148
2460,0.6967155584876521,0.7797660574964851,1.184075394618338,0.944423779791248
2461,0.6838726128680981,0.7827996473381481,1.179415376829928,0.949594223844832
2462,0.6949912002715081,0.7793357191958281,1.179351993876954,0.9377115730304212
2463,0.689799528838931,0.7774013541098951,1.180102866520916,0.941565714101644
2464,0.689850854916848,0.7838000358230821,1.175124673523764,0.9379595852308512
2465,0.692204818831405,0.779498692223991,1.174845582117205,0.93539258910586
2466,0.688619672145316,0.783248922963073,1.178588875285957,0.944791598137522
2467,0.69531539004242,0.777166479307672,1.18107163409392,0.932892140163027
2468,0.692882102495734,0.7823080762788871,1.180343800156876,0.941182046966708
2469,0.6945794619673831,0.776627550414506,1.182447884933672,0.936428020424816
2470,0.6937070121799691,0.7884182051040121,1.17820128949656,0.9482166663730052
2471,0.686011098622196,0.77826311579649,1.179180039227872,0.940034668595678
2472,0.692097379677537,0.7860092272361121,1.178453691843627,0.944495391883496
2473,0.688349392777983,0.780363526033318,1.18172828917918,0.945268990687917
2474,0.689321621037695,0.7823058190769041,1.180394305051236,0.938674432940889
2475,0.690012584426912,0.783812853197256,1.180384714858255,0.938488452870776
2476,0.6937832764039431,0.7900126463045241,1.186646126858566,0.9513227673166472
2477,0.692758412194856,0.7786818390739131,1.17619037023489,0.935011826482588
2478,0.6891971080415491,0.7810304750134981,1.182210206121638,0.941681697100832
2479,0.6912542579128691,0.7762860304851461,1.173984482020571,0.939006477918313
2480,0.69463377672693,0.7772393158596491,1.179775796722674,0.939380732729383
2481,0.6869102465933641,0.780217455565065,1.179604205640329,0.933990598804708
2482,0.6930256345295821,0.782634605100189,1.177955741035765,0.9434722721360732
2483,0.6914644462690831,0.779405751630016,1.18301675133947,0.940457839896713
2484,0.6970297399152441,0.7916426318495171,1.187475515664487,0.946568385630414
2485,0.6977289651615031,0.7789693864575331,1.170267279165378,0.9379599348952372
2486,0.6892477553067861,0.7763386826584301,1.179271399650884,0.934865130840436
2487,0.693042263955525,0.779866912982602,1.177462650058062,0.9440542506728912
2488,0.6858937507360311,0.7820345606060991,1.180735523933949,0.937158375519557
2489,0.688885709837726,0.7720270641687981,1.176074684422085,0.93618027606736
2490,0.6980553500732211,0.782094918515371,1.187891255902207,0.943504921768022
2491,0.6926248468782591,0.784177891910076,1.180817701786324,0.940691281002068
2492,0.6878957155066121,0.778358312080735,1.180094190049862,0.946255137307056
2493,0.685507637813039,0.7837043382983271,1.179071325430835,0.94085066155463
2494,0.69237896821637,0.7820470315822651,1.18149178572323,0.943039353666962
2495,0.682040469289041,0.7797944807056061,1.174692629796007,0.943871970868844
2496,0.6912589881947071,0.779310325565545,1.176769439508949,0.941557610839389
2497,0.690708042783797,0.78000686544439,1.177342275454514,0.944365699438081
2498,0.6925234939039181,0.7793458443189011,1.187038184616013,0.939308118588034
2499,0.691111133636339,0.7867150269988651,1.176184758004071,0.9382677962058692
2500,0.686265646196577,0.7783222494349961,1.172524378027605,0.938470557817946
2501,0.6922291570437551,0.780047036167504,1.177966204458388,0.9368933976992312
2502,0.6920644869299031,0.7820241827031841,1.184968317332475,0.9442769492287992
2503,0.690898924742055,0.7770082598579101,1.1736971756470371,0.939194731279343
2504,0.692131904696208,0.783384652349396,1.177432464840619,0.9442775404971572
2505,0.682398069002058,0.7708374048056811,1.177013033218141,0.93785493950481
2506,0.693421449350274,0.7814610823988911,1.180560812246108,0.94170433776858
2507,0.6806678165668161,0.7758477473820461,1.185144139804701,0.94266206263632
2508,0.6898692513451621,0.782819368485091,1.175233205807381,0.942746202016006
2509,0.6889219635800601,0.780099520540755,1.176175351700057,0.9443084124367732
2510,0.684143579200558,0.7722425816067751,1.176215037811493,0.9458296034431112
2511,0.685425515489085,0.779106469905894,1.173468818051227,0.935424975942874
2512,0.685122682645485,0.780751964320307,1.180209173564461,0.9436188867396632
2513,0.68601055227328,0.7761428163967271,1.173733570869418,0.945470714401723
2514,0.6945245993742041,0.77756773961195,1.172090080661186,0.940140430424092
2515,0.6850532577575541,0.7775597408197921,1.18513511304838,0.945509681343168
2516,0.690303582293183,0.7811024443826811,1.175117898786413,0.944053671417244
2517,0.6816669854241001,0.7791515558526131,1.1797464346324191,0.937721509648406
2518,0.688685246135877,0.779601064281187,1.176857745301896,0.9357826591239892
2519,0.686908766492337,0.7806339515508081,1.182182938940283,0.937725048080302
2520,0.687893328999263,0.7724976266423861,1.177830432852109,0.935979451525254
2521,0.6858689401676691,0.784475655443426,1.182584986954495,0.9468397539432932
2522,0.690228895351722,0.7815816982284831,1.180503005674783,0.940075489435938
2523,0.695015423809704,0.7807132485120191,1.18093019183995,0.9421633105941
2524,0.6882645831429871,0.7852803931935971,1.176296075401099,0.9397145842566432
2525,0.689786916490698,0.7688558806759721,1.1825937256217,0.9357040514764572
2526,0.691442189306236,0.7829972675097161,1.189436925062234,0.9383374811892492
2527,0.693365560601586,0.788920757239279,1.17928450047106,0.94651376882541
2528,0.686683355844107,0.780734299641588,1.175183185740657,0.9367811767573372
2529,0.6839715810087711,0.768748175190842,1.171460500661877,0.932636964364328
2530,0.6839812743221071,0.77735109789216,1.181430615700673,0.9471294598356972
2531,0.694331610872261,0.7794413659451661,1.175754092741703,0.943956549211904
2532,0.6901993747206701,0.7768732500465021,1.180629375944103,0.9386057666624372
2533,0.6870573177069851,0.776852066642132,1.167471931248471,0.9360777215249292
2534,0.6888043012847931,0.7800444854774331,1.171927886272686,0.9443801142599272
2535,0.6911846458425981,0.779784963938637,1.189799293335797,0.941019056202924
2536,0.685692839540433,0.776288630305856,1.178431025017862,0.937552803236505
2537,0.687463877506662,0.7810553508824191,1.181333453326985,0.9371471273294392
2538,0.6921071751664081,0.774875758458738,1.180026212788146,0.942597110202347
2539,0.6855133158843151,0.7791369347900581,1.179980486415434,0.943187833642182
2540,0.690474842364589,0.7787433937191961,1.189580552711866,0.939224626653004
2541,0.695647519594733,0.7864186944089071,1.179034625058588,0.946183696767126
2542,0.69275262447047,0.7772843264367271,1.1807825467076851,0.937824804848734
2543,0.688627084420211,0.781139900502951,1.179390148948068,0.943150715740478
2544,0.6958507245163551,0.7851574757824771,1.182475905055585,0.949217470362782
2545,0.6848926730184021,0.77869828650053,1.178810493561668,0.940519873835686
2546,0.6896047394290781,0.777818797399168,1.175860394170318,0.9415990001913432
2547,0.6888832247181641,0.7798747548806491,1.174816215599792,0.938005530720819
2548,0.6861131975454261,0.781164573262567,1.172402330498764,0.9423931767435172
2549,0.693013939790535,0.7783087434760031,1.177241594139216,0.9419306465357112
2550,0.6881300553517491,0.780498521699421,1.181463490145793,0.9480199663481412
2551,0.6862398678625841,0.7783821524269331,1.176109474962172,0.939913785490004
2552,0.686353939355931,0.775652163594529,1.175755819332772,0.934804625080331
2553,0.6850912831993631,0.77634518345197,1.176526148790034,0.94165436135254
2554,0.6886367142416421,0.7782711613437401,1.176290433259977,0.943485544670535
2555,0.683027169248764,0.7836842073694521,1.177501926495545,0.948347863754716
2556,0.688644648246143,0.780348876464194,1.17673950318409,0.943894865936127
2557,0.691572897784087,0.780729091577771,1.182545894945877,0.9444520161959572
2558,0.688829141817447,0.7832516288195831,1.178509946858537,0.9393552725297812
2559,0.695754528234618,0.7838620928966481,1.177383081852526,0.941052190041628
2560,0.684769149437762,0.7817059324487391,1.17386700104976,0.949632965352224
2561,0.687547081811488,0.7798597190691071,1.181290882545105,0.938449233311457
2562,0.688478465664429,0.7836467234984681,1.178962415975073,0.9443169677819032
2563,0.689133619781637,0.77950915251521,1.17687720913386,0.9403255489263412
2564,0.688731891602493,0.7832898148807921,1.1859947610376531,0.945201618057014
2565,0.67997351469661,0.7789516014897301,1.177517816856287,0.939156899012733
2566,0.6907700351776851,0.774238591932732,1.174379641595094,0.9422327773780492
2567,0.69125615708206,0.7779187187552451,1.182137657982715,0.938606207245501
2568,0.6900250668488981,0.7812378786612241,1.18185056368078,0.939513837864649
2569,0.690414238181235,0.777700110514094,1.178557964230793,0.933590503706448
2570,0.691515376386435,0.7827045004005011,1.176179431702779,0.943411643495378
2571,0.689247347225529,0.7773428048560581,1.1772759766250411,0.937836589696614
2572,0.690852536590419,0.778944020146045,1.179233266715554,0.9488884150927912
2573,0.691524832711919,0.783636998331201,1.186275428619937,0.945178910765958
2574,0.6901750703328761,0.7774966518948041,1.181334394259729,0.9427145456868232
2575,0.6870990038673941,0.7667169502895811,1.176050686209962,0.938350880410576
2576,0.6857782597991,0.782524351516495,1.176588459507278,0.938328044974933
2577,0.6870937296121881,0.774315411953822,1.179923525323038,0.942153110722268
2578,0.6904536213833781,0.780203283372996,1.174366776601991,0.93789684758994
2579,0.6943240210251961,0.77977787444125,1.188669026221918,0.938340735338304
2580,0.690061866076312,0.77831312722486,1.175842483406481,0.93853814114371
2581,0.688685103063134,0.775708983881749,1.181178720856922,0.943723391795503
2582,0.692611657056039,0.7779180315741591,1.184474055317865,0.9442619915673692
2583,0.6944454655429161,0.782365567658258,1.187738589294578,0.9470619309585592
2584,0.6944384472039731,0.7845382474470831,1.185474665808505,0.9478993075427372
2585,0.684479302011322,0.779433526206707,1.176770952408728,0.93991808909113
2586,0.694450570162439,0.774091151961381,1.180799337292926,0.9365593524028852
2587,0.6919468969268641,0.7760919624048731,1.178652288797109,0.9437089721685732
2588,0.6895375388633941,0.781125247694443,1.184513631398263,0.93673969351727
2589,0.689329213287303,0.7801725171182461,1.177721802739129,0.9396316592676052
2590,0.686963491978636,0.779283772344174,1.170743598778178,0.939879342508704
2591,0.688410408147003,0.7748233619807421,1.169031157333781,0.9329844729407972
2592,0.6880923755790871,0.7843422359530471,1.182202395753584,0.944648417036818
2593,0.6854365988486051,0.7854773339585981,1.180383246877919,0.940926229176314
2594,0.68978314857552,0.767344249439412,1.169328372979509,0.9376407497548972
2595,0.689313903504955,0.7837514424885521,1.17806063376475,0.9431421268947312
2596,0.68144356024762,0.77311103294293,1.1789496340181511,0.9380202181097392
2597,0.6885746728520891,0.7755925254761301,1.173139597302761,0.9404295110616132
2598,0.690288747107421,0.778118049644905,1.176627571924009,0.943035262029456
2599,0.692429833681039,0.7838855352306711,1.181841739817805,0.946405749228121
2600,0.6919597357079601,0.7805745588696521,1.172821481482706,0.9419749241754192
2601,0.686313620835974,0.7753459201126851,1.184358010041541,0.9378028943378852
2602,0.679995402693748,0.7742253193172851,1.173638714612394,0.936212457824444
2603,0.6948334938590071,0.7794379028289211,1.184115428963433,0.948514997068306
2604,0.6904932710517571,0.7829016924336331,1.179316129157508,0.9379898533764952
2605,0.6836490115771691,0.772697764570298,1.173728756066681,0.9357165019635272
2606,0.6991203160875511,0.7795910027579981,1.181224469581376,0.941234393423234
2607,0.689539586342331,0.7822112757442651,1.180259289408939,0.94696988729571
2608,0.6946605487416181,0.776549465522386,1.175802908729815,0.9346748182037172
2609,0.6844825557014641,0.7856578485689301,1.183067351687645,0.941286672041683
2610,0.6906650461310491,0.7783290731950081,1.1765793716346011,0.934036240737507
2611,0.6813011766019931,0.7820607645140171,1.182642584909563,0.9401075222084052
2612,0.6926400635013541,0.784074776198553,1.181554135637007,0.9497349902285612
2613,0.693288416696199,0.7834097705241561,1.183867107266965,0.944813249335772
2614,0.684405469376107,0.7779465597392851,1.179245253080043,0.938082312085274
2615,0.6888685429711701,0.7732595267935071,1.17606409455555,0.9345906634099672
2616,0.6849157505439241,0.7816425988423651,1.184264735575171,0.9470070795952412
2617,0.681756334865222,0.777761525973893,1.176728436588377,0.943129132758232
2618,0.687063726043139,0.7738563716411591,1.181955086904159,0.933716332134993
2619,0.696045508365268,0.7813653921087581,1.181709417614384,0.9400181166719692
2620,0.698366075646186,0.7890315012655391,1.182394387173479,0.942752164775046
2621,0.688747129875464,0.7784941186723501,1.177352201139581,0.933940193764325
2622,0.687046062876132,0.7753138600484181,1.178370480412158,0.9326575873554612
2623,0.692272208469069,0.773192521130693,1.176340863216614,0.935194888705576
2624,0.6804910635008761,0.7802656751827911,1.171972212800081,0.942515388671038
2625,0.6798118908444171,0.78206937878892,1.17956840398087,0.938213235604158
2626,0.685344462323447,0.7786023252900091,1.183316030688044,0.935541710073965
2627,0.687080049158438,0.7814959621299861,1.187616547272689,0.939260356749097
2628,0.6916174069856821,0.7839115671273591,1.181288395994815,0.937488061794336
2629,0.6919473571351901,0.776525751728078,1.182627790540024,0.9417267143996292
2630,0.686030397542576,0.780470344143501,1.172061243782872,0.9380831202843052
2631,0.6941735530946991,0.7792996372217711,1.178442375059577,0.9378190366686252
2632,0.6922455338518251,0.7785478738555011,1.177547386698964,0.9442183308951232
2633,0.695401138639536,0.7829087144438771,1.178356007929297,0.939757115976966
2634,0.6931026802006831,0.7769112087030341,1.174958167840605,0.944828753778036
2635,0.684116012700226,0.775504155219465,1.181414786996184,0.9340216437813592
2636,0.6915413811802861,0.7788234811978061,1.176807071743668,0.94734666067297
2637,0.6889634537038161,0.782401273863903,1.176243442232194,0.9458066758200312
2638,0.689815797937521,0.776331920554672,1.179714765561663,0.9338400220849372
2639,0.693705208626562,0.772263641482678,1.175634052766406,0.936428992266672
2640,0.682050527545852,0.771300546069076,1.171105615038802,0.9350322725494272
2641,0.687050642283714,0.7724686551137241,1.177042683721452,0.9343311573392232
2642,0.6870813265010931,0.781284801014091,1.177893558382124,0.9404484907138172
2643,0.693475679615917,0.781385695048864,1.1742157602439751,0.944792602157247
2644,0.695082100729147,0.780804572006066,1.173920108788255,0.9342313412360952
2645,0.691690577733991,0.778665409787841,1.172022258997827,0.9347209526576852
2646,0.6928925440525231,0.7782008116659911,1.175695914829122,0.929771275731964
2647,0.6855676789106661,0.7742551369727521,1.179832107023052,0.9332340917941452
2648,0.690077710383828,0.771418523313342,1.172338963958664,0.942498245991874
2649,0.687503423946707,0.779269655005655,1.179135269013004,0.9400881326122992
2650,0.6890840677247531,0.7811750299904651,1.180476014812787,0.9419827968745992
2651,0.687328365671893,0.783678794252699,1.178269849847192,0.942166791176018
2652,0.6890076632355,0.7805577431252031,1.17598644816789,0.94092675830251
2653,0.6881005153653841,0.772617218934971,1.177861426079618,0.937796351567342
2654,0.683535384284197,0.7750349584696951,1.178049595999545,0.938998116369264
2655,0.6870768691912511,0.7768665276791731,1.178765507064004,0.938681631686462
2656,0.691059294008258,0.7759167545515551,1.177938036404658,0.9425796270640432
2657,0.6941904746589881,0.785043570550455,1.182381083783896,0.93944550950782
2658,0.684310751791665,0.780234297548515,1.182888243077457,0.94270427983956
2659,0.692270866257772,0.7782868732144861,1.180147401988506,0.933137108747293
2660,0.6880060223241641,0.7844814600935881,1.17934419301109,0.9403746974640992
2661,0.695975775196068,0.78578220491392,1.17469679488652,0.93827156741442
2662,0.687271002680063,0.780296272341755,1.182237324075422,0.936799786606992
2663,0.6949795982328011,0.783028599360714,1.174357962673125,0.945140428166242
2664,0.689466461620253,0.7749912390026491,1.178391244748364,0.939119873352456
2665,0.6800685632649971,0.774585977088714,1.168285680853802,0.93051856804801
2666,0.6848965017799881,0.776397867479186,1.17620609268762,0.941145830342303
2667,0.693394659923902,0.7815491875660591,1.183323122992895,0.9432514392757332
2668,0.6917247706349341,0.7764657136538751,1.180257983289767,0.936591168487633
2669,0.6888901200145481,0.780736839425736,1.176421098735021,0.9396927726009612
2670,0.6915359580754371,0.776915874710117,1.187438094313593,0.9429933188510112
2671,0.6850076577477691,0.7760445687217981,1.17720167155283,0.940335446590746
2672,0.6870403272248261,0.773654797694821,1.178596306538236,0.937779428518336
2673,0.689866021707438,0.777648771910563,1.179496111969153,0.939807841284335
2674,0.687804128731722,0.776158705245757,1.1754279701390131,0.932871176334826
2675,0.683678745980495,0.7758334195916201,1.1704347348515531,0.9323616647633952
2676,0.6855899887564391,0.7783360747971391,1.177423724445744,0.940829456122457
2677,0.6970511398993541,0.780913468936215,1.177025111149186,0.93848691497376
2678,0.686434144640098,0.7781202014589651,1.181262702289698,0.936879560378366
2679,0.691841090610925,0.774882473267506,1.185433387000491,0.934727792803576
2680,0.688072178323847,0.7790105786660441,1.175187742796497,0.92906026099471
2681,0.688355877455593,0.776450550750545,1.176499985482381,0.935424880003151
2682,0.6900828615694801,0.77324704091618,1.179003974125869,0.937414654517087
2683,0.686732503005128,0.776883240951144,1.177657186553098,0.936348601770789
2684,0.6900893045940261,0.781642382451589,1.179522421264994,0.944213655439839
2685,0.6817147400824051,0.7756611226477481,1.170739582699278,0.9393897864265712
2686,0.684571458566663,0.775901503213073,1.178634581682474,0.937682862299076
2687,0.6850789967330471,0.773582462707291,1.175935083541317,0.9331981001718752
2688,0.686519219121639,0.778455097498237,1.178444911712321,0.936505616278104
2689,0.690488249549399,0.7751718838361721,1.178557369264139,0.940731508657336
2690,0.6890087400603551,0.781686912304249,1.179134888925414,0.934924211569022
2691,0.686265637288274,0.7778796190800871,1.174047434243603,0.9348741878849872
2692,0.686056375584524,0.7776552903047501,1.176554710860701,0.9319257713530372
2693,0.687312082508983,0.780440562121246,1.17953441939924,0.939632030365907
2694,0.690885938946967,0.773380504138227,1.176614116823327,0.9355304957623932
2695,0.678872012060837,0.7808205938857531,1.175286483505498,0.939377314856518
2696,0.689744856883434,0.7791153064024621,1.180911625640979,0.94474358751398
2697,0.684043470473177,0.7761299236529111,1.185153892938641,0.944517426273745
2698,0.686110383520523,0.779266617544319,1.175920918259931,0.9376105633226852
2699,0.6876113452017301,0.778859574185765,1.182037870305172,0.93889593594856
2700,0.6864898108161871,0.7754025514359061,1.178931998277919,0.933161307450222
2701,0.6903838921284331,0.7766351268991181,1.178782002973383,0.9365397644755632
2702,0.6956084923737721,0.779876351032568,1.186836307355459,0.940296054183357
2703,0.691582570851281,0.782580658253552,1.177453980065774,0.9385578482533272
2704,0.6851626761203651,0.7763857322110641,1.173728452860445,0.9323033163782912
2705,0.689232815219008,0.7738401639288751,1.175426381653633,0.94165803624344
2706,0.692479368650179,0.781569655822671,1.177964351639367,0.935896476676714
2707,0.692512424041827,0.781265063238316,1.182819448951362,0.9357886107341532
2708,0.69030735798288,0.7801234199517011,1.188183108857576,0.936919579498361
2709,0.68973482100536,0.774198208382164,1.178256335789742,0.9424441394436612
2710,0.6866177030825521,0.7793961503151531,1.175698047962741,0.930830487738484
2711,0.6896498096377951,0.777883862239727,1.179689300448998,0.9409527598029892
2712,0.692226224889357,0.7781354543091591,1.183252264084159,0.9371540586639572
2713,0.688584319248363,0.776827165829962,1.1820587141142371,0.939342669386794
2714,0.689858944087788,0.776937436474406,1.17886074103307,0.941741074799843
2715,0.689203875814227,0.773380563094996,1.178985079021557,0.929859167828724
2716,0.6836246834069051,0.777665995277356,1.177594546066678,0.93609764162397
2717,0.693429100340691,0.775133002819358,1.182454230344813,0.93942396685589
2718,0.686685706313321,0.781632457414399,1.173110139326772,0.9366800312654692
2719,0.6880998114744821,0.7820355249703791,1.176410283299459,0.9440470826474652
2720,0.6824704977427271,0.778254978358745,1.173773532976274,0.9324975590882952
2721,0.680040562930314,0.7789577047030131,1.174326516363931,0.9422865629034192
2722,0.687779727837313,0.7783725896607271,1.182969053046427,0.934542150088194
2723,0.685865046402466,0.7746181274237841,1.180162705697011,0.937909727808142
2724,0.691015181631065,0.7775610855956001,1.169670690336953,0.9475288807913872
2725,0.6914509497852861,0.7774442306895181,1.179891264417033,0.931732269435905
2726,0.6841926647323191,0.7758827418952741,1.178656046157298,0.9280014569614672
2727,0.6861191464291101,0.780879144651302,1.1775508819930791,0.936872633012092
2728,0.6853110736262971,0.7792608534944231,1.176013210545415,0.9479961364489532
2729,0.682635876525571,0.7775687235205071,1.177908161520094,0.941759115408944
2730,0.68368529037073,0.7771454112253321,1.176441754875839,0.938382149903454
2731,0.687009441625812,0.772867083117581,1.175069015203178,0.932665627233792
2732,0.686317629896212,0.772949180525282,1.180249449891456,0.935587910665334
2733,0.685086810502453,0.772788281997908,1.173468686208345,0.931199653290104
2734,0.6881417284949101,0.7808361042668851,1.174967910284581,0.9388340462970992
2735,0.685720448233727,0.7791666906812911,1.174910433806371,0.9350990957540012
2736,0.6860996439135161,0.779551264492497,1.18020404961662,0.940648734866493
2737,0.679765089563485,0.7868286465173181,1.17873156113901,0.9412675055310772
2738,0.688306007399291,0.7794404781383011,1.173083038541718,0.937397978579004
2739,0.6857912782309711,0.7786052586591761,1.17651227829249,0.9428571876732332
2740,0.684412220492959,0.7769334130529041,1.177281185660673,0.9426508900587972
2741,0.6879394496858551,0.779319188625052,1.170954878887404,0.935600648971571
2742,0.682680747296283,0.771379113413285,1.173428595713947,0.939969488352105
2743,0.680856453902695,0.775197814772094,1.180377317295558,0.9325577770562272
2744,0.6907576281793301,0.77575488831254,1.177879969710889,0.9365264449700492
2745,0.688000371409715,0.777967300643955,1.178544100104034,0.9420009404960752
2746,0.6920832264358581,0.775612051828183,1.18089179791834,0.9364608604784892
2747,0.6886423629695091,0.7819762455596441,1.178492666262647,0.929907340718352
2748,0.6922534198594691,0.779691112754137,1.172981300647708,0.937923562483511
2749,0.6859554151693981,0.7802257853141731,1.169344400258167,0.9357201262120752
2750,0.6931074883896801,0.772218453387419,1.176722053384435,0.9289118729369792
2751,0.686134546077337,0.7765308496528771,1.178381671940071,0.948687307833545
2752,0.6885718733774141,0.7704492930484851,1.171287625596143,0.933434342317607
2753,0.689775332970463,0.774645450754442,1.177191888184651,0.937881609343964
2754,0.688325082397331,0.779313530718934,1.174113048483496,0.940798631261872
2755,0.6939305494121021,0.7876834788400191,1.174474780110345,0.945099909884342
2756,0.6890492391759071,0.7783981042279711,1.174157493896242,0.9433117079130112
2757,0.6862067023859071,0.7706591085247371,1.174950475494067,0.9318052193392872
2758,0.693160252051724,0.784010781758073,1.186850537532481,0.945450852206651
2759,0.6854630967305191,0.7795907411238421,1.175435650067916,0.9426286677033572
2760,0.6841276475916731,0.77577592594468,1.179198715133943,0.931286319469412
2761,0.684065411866143,0.773563075432742,1.17434522487979,0.934098585306302
2762,0.6874900802538011,0.7782338570425471,1.173195178849973,0.9381057352799432
2763,0.682495052696786,0.7736692152161531,1.171405647651872,0.9304404912813412
2764,0.6833661930176651,0.775794686938541,1.171578342283981,0.939787818523852
2765,0.690426215097524,0.777708817111409,1.178777243780053,0.9343440478154712
2766,0.6860685901365411,0.773712759864503,1.17710290622452,0.93986091311967
2767,0.6835678714880901,0.7797793822659961,1.177561858965866,0.938255472513644
2768,0.681909518478357,0.780751245393269,1.16886966092431,0.9318569027751252
2769,0.688504580975226,0.77297714676546,1.182163380734298,0.939651510988672
2770,0.6854560172752191,0.77481859544481,1.179116165724353,0.941300354789996
2771,0.6952087192161791,0.7812774042072501,1.173162196965321,0.941124152365154
2772,0.6804350869649131,0.781473129879737,1.184680436616358,0.9447742087523572
2773,0.68718113898691,0.778172166451163,1.174513867259889,0.9333076959178932
2774,0.690815278369447,0.7876437236217481,1.179819514678008,0.946527102395244
2775,0.6847571113241321,0.7764182018413051,1.175737670690253,0.936700055996576
2776,0.6817712290347481,0.7797422053805291,1.181819278368915,0.940543935323754
2777,0.689734501305265,0.778427172398221,1.17310557330864,0.9398833067034892
2778,0.6857622201837921,0.777775979668333,1.185613763613113,0.942302494539298
2779,0.6840937674801411,0.778523686571397,1.170795835986517,0.939193293749206
2780,0.684084387955026,0.7785336242421811,1.178094879764577,0.929896432879394
2781,0.69103734548865,0.77628922894381,1.175929462996082,0.936047684671222
2782,0.6852675802411801,0.7783206593299251,1.176232842971449,0.930843542721392
2783,0.6818295768529601,0.776215223406536,1.169094337933305,0.939083564540614
2784,0.686340549177881,0.778895652164583,1.177632476972497,0.9368863291768492
2785,0.681973262784489,0.7733712676858551,1.17487218360538,0.9417005786267312
2786,0.6901660743506921,0.7750145027386971,1.182987784561903,0.93897500709779
2787,0.6834398110167701,0.7749804266984911,1.180717106206693,0.930308309478172
2788,0.6818950338748051,0.7851900758518681,1.178850045886592,0.9416792163544372
2789,0.688271604775302,0.7742291532348891,1.174881452019663,0.925701836367016
2790,0.692593469378956,0.7805912246306731,1.1799593442592071,0.940899251865736
2791,0.6936632119173151,0.7788974465667331,1.180011509553246,0.9449052598219412
2792,0.6860997190402031,0.7768153936966601,1.1813585594080491,0.935776274219371
2793,0.686295845451346,0.7836025878787041,1.17612286257571,0.9341179399710632
2794,0.6918600721797651,0.7748862013652701,1.18004688285831,0.9390848050622832
2795,0.68518765537959,0.779065665667471,1.177948985842691,0.939852087259076
2796,0.6884766544984731,0.777567200578641,1.175343405077423,0.9388088539944612
2797,0.683578334154858,0.772511628334936,1.177388263677341,0.9345597892567732
2798,0.6862688418747721,0.7808205310417251,1.1778706204200131,0.9329304300194632
2799,0.68200709592497,0.7801966149953821,1.172967034081618,0.939851833426434
2800,0.6852683068887481,0.7742727776800371,1.172098508995512,0.9423075732977492
2801,0.688331537785521,0.780724176678104,1.182451336280159,0.9376945118487312
2802,0.6869012303380431,0.7725411006721891,1.172829258161178,0.935894102398036
2803,0.6787930779644971,0.776619904175184,1.175796829487966,0.9397288772506992
2804,0.6888666084117211,0.7721641357394231,1.172806071090525,0.928037043255956
2805,0.692869889941336,0.77583634475435,1.177104686157427,0.940013224609952
2806,0.6889976298679471,0.770604055644809,1.177550017617751,0.93385559655186
2807,0.685197634595459,0.78048298097607,1.177439427786115,0.9343243715339812
2808,0.684098958294244,0.776510468319706,1.179773114081742,0.9388378731150552
2809,0.6855412261101641,0.782973081521365,1.175960001846154,0.938298376439058
2810,0.684470138903977,0.7697633007082381,1.168666339006976,0.934298223343448
2811,0.687784747854954,0.784057501109613,1.185296741192755,0.9472686143834952
2812,0.6847926961608981,0.777662191162074,1.176529885418173,0.9282810254481392
2813,0.6813544711449,0.7836141874608781,1.184093773473,0.943680183341105
2814,0.6881307804336151,0.7771576807118841,1.181331856203252,0.937559253360698
2815,0.6891577325329401,0.772857398118661,1.169208410533442,0.928053285359688
2816,0.685009608126204,0.773403641322384,1.174860071984754,0.932022293300732
2817,0.689108365768755,0.7797152860009151,1.18460772694021,0.939039062330688
2818,0.687497668778118,0.776416584093501,1.176926635853622,0.943018928332173
2819,0.686288886798032,0.777739913567252,1.174314724794332,0.933036459366912
2820,0.6829544503943641,0.776470694960891,1.174361332927061,0.936179727072948
2821,0.6878902996903741,0.776130013707755,1.178589476947335,0.939045048764218
2822,0.684003479400838,0.7736017975038371,1.17369517468024,0.932705289427784
2823,0.6802905550685481,0.7753009643891581,1.181944087147712,0.94154786615484
2824,0.6869852560693801,0.775380413817322,1.170755365188571,0.9357234981126972
2825,0.688108284026384,0.77667715087317,1.168805743149225,0.932734749239424
2826,0.682230890526071,0.7760078539882881,1.176006028509658,0.9366274165610472
2827,0.6910282822622761,0.780643631582674,1.183098371586074,0.9441314766426452
2828,0.6906580073030091,0.7791098084138781,1.178851794397485,0.9304388949404592
2829,0.687910808898184,0.7787569062649341,1.180493865324103,0.944616675835804
2830,0.6853014720414861,0.772776284403559,1.176184065424013,0.928825983453703
2831,0.684474920745993,0.7796977765966151,1.176787059268225,0.942653681138071
2832,0.684786308853738,0.7772833294626591,1.174650136867295,0.9340882363418732
2833,0.6878744676655181,0.7756915051436071,1.179819236630978,0.936194447341604
2834,0.686528006811504,0.778216500429139,1.175575362275476,0.933513065611106
2835,0.68275244925441,0.7748264133714241,1.173568348953689,0.936335842354574
2836,0.679405331962566,0.7786227682794351,1.178828880730746,0.935396728362294
2837,0.6948075616003371,0.7782194671639491,1.180069754089134,0.935657842543678
2838,0.6799300562428391,0.78510721805303,1.174793066753857,0.9339785427664932
2839,0.6906461451958481,0.775333200027977,1.182174413424471,0.9400005230977052
2840,0.687876931891061,0.7773536169442571,1.177066684309123,0.932690770783718
2841,0.6833096099882451,0.788422577730987,1.181595665173254,0.9462885578041492
2842,0.6862297679527081,0.7804096622959421,1.179216341371985,0.9448544958849312
2843,0.6775187877533221,0.7724839744792461,1.171389972278173,0.936109174744806
2844,0.688795341664682,0.7729685068994321,1.173794479257818,0.9359202599827792
2845,0.6838060846363281,0.775224421227323,1.173847658262736,0.9381524437795512
2846,0.683717265887104,0.7807501454068261,1.176358629827914,0.935968031701834
2847,0.6850112572150381,0.774644570074219,1.175072608218676,0.941361035476776
2848,0.683977590252955,0.7722002803415491,1.168223100080006,0.935051601137156
2849,0.683478558894948,0.775551308648309,1.181612028375916,0.936126139068949
2850,0.686156096368812,0.7788687591319491,1.170497827771781,0.9383840672131892
2851,0.6879185842539091,0.7771105882914171,1.182066377954206,0.947625506642288
2852,0.6818680239004501,0.7741168392957121,1.174363127761129,0.934501020588736
2853,0.683935435299856,0.76937559408986,1.176569200296332,0.932917600929521
2854,0.6880309225154521,0.775582109888394,1.174687629916529,0.9342269407504272
2855,0.687588837834588,0.775886050384977,1.173218961643136,0.939998826713881
2856,0.6890503867542831,0.7773349664133521,1.175697967302108,0.937940505994618
2857,0.687463430066903,0.778179926176865,1.177925541241099,0.9359928474802032
2858,0.687729427563971,0.7748318467883091,1.173481633913689,0.939371071269978
2859,0.6847598603184241,0.777875074009964,1.176913786301578,0.9341184494719992
2860,0.685684206801048,0.7837932256684781,1.173233588752539,0.936470669329814
2861,0.683252688875232,0.7757848626461581,1.1788648527817451,0.935942503664156
2862,0.6857349920909901,0.779095106150793,1.177829488679982,0.935020216025304
2863,0.684302807178186,0.7766422577526251,1.179568247518677,0.943040851989518
2864,0.6814880090077281,0.777092690377131,1.174622874437035,0.936855350877495
2865,0.687881195512802,0.7746441918222801,1.178430249293645,0.935323837955576
2866,0.6872206823765361,0.7753330980953961,1.171028540294239,0.9300130808698952
2867,0.689114100151303,0.774160086892653,1.174837419628233,0.93787767138818
2868,0.681252108211966,0.7732178436025321,1.172136050959428,0.935451027437828
2869,0.6872910400987531,0.773688831299111,1.175671014232911,0.933163647229472
2870,0.6913992620572661,0.7793049708656641,1.17362499150677,0.939075794934794
2871,0.6856343056196751,0.774182652325733,1.176291468566742,0.927091693640619
2872,0.6804255753539611,0.7769426203508301,1.168137623456077,0.933694595821957
2873,0.6850832961499691,0.782706984575244,1.1743121584472451,0.9429436255300392
2874,0.6863953079488391,0.7786542950333021,1.180355696574501,0.938789461239956
2875,0.6836556918055251,0.7751659618123711,1.18203605149967,0.930766789971486
2876,0.686564652411186,0.7796014845371241,1.17481369924718,0.936715016654436
2877,0.6863655284371061,0.7780064013989071,1.179661411306132,0.9359192320726052
2878,0.690458247303098,0.7726009309939711,1.185037939120893,0.937102066487937
2879,0.689985581606194,0.7827371653655301,1.18037996970225,0.946627417552298
2880,0.6880831663375311,0.777164667520834,1.169776435563529,0.935443914157972
2881,0.686935126808458,0.7813332107835921,1.172839245718458,0.9293431628063532
2882,0.688710252524934,0.778392798010853,1.17627672581137,0.94061663981689
2883,0.6896354498854581,0.779406444102093,1.171847469564797,0.934557940999882
2884,0.683301856687319,0.7734403276573051,1.177893876489521,0.9377166231203332
2885,0.6824317693548351,0.7740917436886521,1.173226747283901,0.936260511369808
2886,0.681435222750988,0.774352021083451,1.172754977600298,0.936628757152652
2887,0.682548448281443,0.7705699542294371,1.176027315034382,0.936078028510446
2888,0.683210038782461,0.772122782857521,1.171236230411391,0.927257614156258
2889,0.684587235468021,0.7762621469471761,1.177344100954739,0.937210841428326
2890,0.687480563054914,0.777701646197533,1.179303225723729,0.9397555704134092
2891,0.683493629205917,0.7744507200044131,1.177266293893689,0.93652388178136
2892,0.6826727324421851,0.7797430661925371,1.17916207836158,0.934832194793051
2893,0.678743323527168,0.770232156458972,1.172580013348572,0.928740980940452
2894,0.679358689951292,0.7677095000078711,1.170870494583378,0.9331417419286312
2895,0.683226439723933,0.778526207999042,1.182476062705551,0.930069169704464
2896,0.6834996490860761,0.774552354562109,1.172237364170344,0.932264423348765
2897,0.677838944546554,0.7750618625162301,1.173706761520841,0.933805705655528
2898,0.692607182307519,0.776178124158278,1.174819873079009,0.932077420956414
2899,0.690028406301702,0.781956718883652,1.178630768820859,0.939078893080569
2900,0.684347348773609,0.772999174568964,1.174601011950036,0.93882699785889
2901,0.689008751911097,0.776335027230822,1.173644443568976,0.934107342977886
2902,0.683317185339072,0.777589392186938,1.170197599068068,0.93264830722541
2903,0.6883319998564921,0.7721631472957301,1.174382832603178,0.9334393425210232
2904,0.687861188139388,0.7793206926705181,1.17376045483178,0.9339208709265012
2905,0.689680784022894,0.7742685238304341,1.1825463215726,0.935330984574081
2906,0.689368579563671,0.7787711904316701,1.172170237246631,0.94188037050375
2907,0.689657314316086,0.771872047928796,1.177562000742857,0.9251977509778472
2908,0.6810924828700391,0.77515211334263,1.171003277750982,0.926528832105838
2909,0.684707614201782,0.7787236425539721,1.175060563329337,0.935320185011495
2910,0.688525816965578,0.7755873163325191,1.176604212626166,0.9357349489262132
2911,0.683828115625225,0.772601208501104,1.173907301996065,0.9332607166058772
2912,0.6867558249420871,0.7842295955920561,1.17604252544866,0.94098553676968
2913,0.6859657101711071,0.77715800670178,1.179064930133197,0.929686259397346
2914,0.6885792935078121,0.7803929020529201,1.180392674129942,0.948638442552823
2915,0.6917580478163301,0.783290796845719,1.178451230776482,0.941524912373743
2916,0.6816231668049441,0.7768515885092211,1.181317337829133,0.934551777075166
2917,0.684371082868049,0.7792252238461931,1.174955954910188,0.938213451455036
2918,0.6908929897067341,0.774579485797363,1.179786326120729,0.940727829366274
2919,0.6763196502798711,0.7762091567982791,1.175057131851065,0.933610503332338
2920,0.685833675894832,0.769452397806057,1.171262189745903,0.933340281841979
2921,0.6855269782785051,0.778867769392504,1.180445879157902,0.938277236928326
2922,0.682057129165184,0.7811839319225671,1.1686677262187,0.93952306786525
2923,0.685114048826305,0.7702620331791861,1.17821624432353,0.931318008138433
2924,0.683579937622383,0.779688961156036,1.168338760733604,0.9276083136868212
2925,0.6913665249889741,0.7860497612020241,1.182551708234393,0.9422513581542432
2926,0.685513704232331,0.781503698640111,1.17542299962994,0.940208785478835
2927,0.6860964684274751,0.7743517987538071,1.179747748850048,0.934280820190906
2928,0.6875096303613291,0.768156722403954,1.168717986647633,0.938985053368884
2929,0.6873461355765661,0.7731550352081,1.17642114991727,0.941772081551776
2930,0.6829500001571741,0.7760132739077441,1.175884511267793,0.93600594336032
2931,0.683525864574788,0.774365046965903,1.183457419816134,0.928568987715719
2932,0.681907555358349,0.771159658181494,1.168824009597301,0.9316739448062752
2933,0.684263231934628,0.7730697172059521,1.174962657193343,0.9334085965394112
2934,0.687196967772383,0.7716133027620931,1.175020197811334,0.9364516373885712
2935,0.686386162442141,0.776077080140079,1.171866936528164,0.934180381208442
2936,0.6892564560462161,0.782982296269872,1.181222195210664,0.938965430375242
2937,0.688118457956158,0.778705332914124,1.171632118955038,0.941391615952918
2938,0.6860965620456391,0.776833355966685,1.174097480765287,0.93353344929283
2939,0.688432051030837,0.77690061116996,1.176034832022328,0.9405888806812572
2940,0.6818834381798901,0.7803134420427721,1.170935210542402,0.9340849583563592
2941,0.6720788068529481,0.775098119416962,1.17409007553605,0.9289420199027092
2942,0.6824519944147781,0.781027346093585,1.179974279002003,0.93684065711779
2943,0.6844597246389891,0.775752667175686,1.1814100544737731,0.931886624463874
2944,0.682579069762774,0.770523733094982,1.173496960297874,0.937137532790286
2945,0.6896552242122691,0.7762695618945621,1.17477566273748,0.936247753951212
2946,0.689881738410263,0.7793077388103451,1.182186670601368,0.9358617136443872
2947,0.690415036743101,0.778750061124995,1.173070694333401,0.934866660638995
2948,0.683622752842695,0.77606236340775,1.16740100128927,0.930024971024713
2949,0.684054633629494,0.777299063685147,1.177177341735881,0.93755885399878
2950,0.686570153288219,0.7782708804892451,1.184618478775888,0.943944318516962
2951,0.685120088007787,0.7763304816208021,1.176035891624464,0.932722710126983
2952,0.69363903162488,0.7726030904745711,1.179717536637748,0.937403753723787
2953,0.6854935906881441,0.7681219474129051,1.169908723213534,0.9396666029495172
2954,0.6964061116880691,0.782532538516797,1.181769444350747,0.940288786195974
2955,0.6856004262639991,0.777789692407932,1.181283981903739,0.9355854769979692
2956,0.697011008804691,0.776515445847442,1.177374194065729,0.93727752107425
2957,0.688129862716448,0.7743755622186521,1.17754904007998,0.925850889766993
2958,0.6817567323375,0.776777389796747,1.173990970396477,0.932116406308352
2959,0.6833193819645951,0.773425857657971,1.169497297509856,0.9283694591967092
2960,0.6922047364431011,0.7743718398437981,1.173512930239456,0.9366179769453792
2961,0.675712471179988,0.774612917632296,1.171502268940642,0.933405811399005
2962,0.6895567032953961,0.7821184795187861,1.175790362491987,0.9425740862886112
2963,0.6882496150345471,0.7775657206125881,1.176862480199855,0.93725202831885
2964,0.688481364642148,0.779333882357763,1.175923011225202,0.933833705396323
2965,0.6895556298179031,0.7748835304940951,1.170333106988582,0.929600627148065
2966,0.6872024264024651,0.7769102487659101,1.168369373657565,0.9332223754052232
2967,0.6831874769396971,0.7775736005193941,1.182206657053767,0.938489750081646
2968,0.6797081002074741,0.7771707777527791,1.178249538916608,0.934882338631196
2969,0.683936304129336,0.782434181998605,1.173712354855261,0.935990091980151
2970,0.6883200210775581,0.777830105436884,1.177334054980589,0.941536856302316
2971,0.683270434808471,0.7756980899451431,1.17785316262988,0.938051569478019
2972,0.683772425558688,0.775392259916533,1.171284435451894,0.935648006157598
2973,0.6884285450737541,0.7775418470087251,1.17254870482113,0.939941612841642
2974,0.686478526992858,0.78052885700827,1.182461532237737,0.936102303122912
2975,0.690986647176137,0.7810540189561631,1.181401875895866,0.942043977047222
2976,0.685762479793334,0.7756643457257231,1.175075607563274,0.94042252001447
2977,0.6868612132966511,0.7742720872595691,1.167908068908297,0.934345054183749
2978,0.6858688585892101,0.774414142620736,1.175049561521281,0.930358765943758
2979,0.6819231308240821,0.771761400544125,1.173512612348017,0.9337051476257432
2980,0.683617176083119,0.774063519701577,1.176868089191291,0.933523326383336
2981,0.6890997512239041,0.772862866412902,1.164492899309034,0.929214789599612
2982,0.6869982199986341,0.7778526366404861,1.185419549004755,0.9424207804427632
2983,0.6773790438538011,0.7782317391340281,1.179810921351115,0.9341607846967552
2984,0.686722260967328,0.7777523090657981,1.181309178471565,0.9410850056109652
2985,0.6885782139024871,0.7782028246185051,1.173521054179772,0.936246881099498
2986,0.684361346416931,0.782768257178258,1.180289694688458,0.9303494075826112
2987,0.6766736159991951,0.7705652832553,1.171906468013058,0.934314348613438
2988,0.685229193689166,0.777024356567341,1.177104663913664,0.94247725057969
2989,0.687092218791013,0.77417938745972,1.171961938557417,0.933048101385002
2990,0.6863447510353891,0.776497414038665,1.17443378895953,0.933902745661528
2991,0.683381606001352,0.7773649854504541,1.177782674954421,0.9412618888461072
2992,0.6768830861842281,0.7751823752254681,1.174131298842637,0.93386084748351
2993,0.6884112387787601,0.7793548604932381,1.17007959169754,0.9389568124290392
2994,0.687351005988708,0.7719065950832501,1.176830202988956,0.935184598373978
2995,0.6815743848843411,0.7745678360047541,1.18205468799325,0.939548390822998
2996,0.6803923826664681,0.7782499459774591,1.174176269791264,0.9322137404233212
2997,0.6858453076278811,0.7774713005924571,1.179462752912355,0.935648733399052
2998,0.685952405269811,0.776908409444318,1.172850227658299,0.941861408452192
2999,0.674904805243663,0.7721821626891261,1.172495353697002,0.9368195144216652
3000,0.68421112894472,0.7700031094145081,1.176745038749515,0.927158902547713
3001,0.693408241117562,0.780355508776678,1.1767845177564071,0.933955718938639
3002,0.6802163906395431,0.7728179601439531,1.170704210366028,0.927681431444226
3003,0.685615834982498,0.7796399700252901,1.179824565739735,0.9419424365126132
3004,0.6805778002717351,0.7787199567841441,1.173526956119399,0.937650181785009
3005,0.6809915105771751,0.777503869347814,1.17487267717935,0.936682785010856
3006,0.681309298220751,0.7783565474809081,1.174772357055242,0.9387417625149952
3007,0.679913344563565,0.7731292114957511,1.176860284222209,0.924581507301848
3008,0.6857927813586111,0.776197759677534,1.173046219392099,0.9290671588556052
3009,0.688907606689178,0.7774785740867901,1.181943777138772,0.93644961050671
3010,0.687059383947348,0.7828055976525591,1.178738685621731,0.942222976490207
3011,0.680643074214458,0.7702808417919751,1.170591252977433,0.9362538371343112
3012,0.688336632066014,0.7785488622991931,1.172417509491029,0.9361205024347792
3013,0.679595639875185,0.7762974129206891,1.17479762316182,0.932329201962852
3014,0.688075087613601,0.7741432311958161,1.176939217292744,0.92998831630077
3015,0.6863403927426831,0.776120839343554,1.177705567168153,0.937291487349548
3016,0.676640408437537,0.769390602366647,1.171846574739269,0.9316078691432872
3017,0.681029397724331,0.7783772022179931,1.178876624699088,0.93614218375929
3018,0.685057877144519,0.7692832154208331,1.169072533647219,0.924923617419773
3019,0.680337044450899,0.7804366866315621,1.184602175933727,0.9391806402338152
3020,0.685385054463277,0.7768264425837471,1.177513762012772,0.928003344036962
3021,0.679291335271968,0.775160298615262,1.168471672288749,0.929051584199718
3022,0.693230157421118,0.7697967388059781,1.175643783332645,0.930879632523958
3023,0.6817217078869751,0.780116128424803,1.177788492562114,0.935833184723404
3024,0.677214392582359,0.7825079349719961,1.171778259178002,0.934995186609634
3025,0.6846850545995911,0.7719448020924691,1.175856567811275,0.933749784971924
3026,0.687256446648119,0.7745229196937181,1.170131212775258,0.932826152665243
3027,0.6833851545833161,0.7824083812858741,1.171983419445113,0.936486418426468
3028,0.679223781613552,0.7709441754049141,1.173171171459599,0.929428587114249
3029,0.6800263342919981,0.773610600094864,1.17012952948394,0.930539994784023
3030,0.6821624490337961,0.776546016983363,1.174430941649969,0.935965603352456
3031,0.6903258294029081,0.778319796034391,1.182083955169587,0.930068265349752
3032,0.6815174557268621,0.7744521482483201,1.169462371563566,0.933439808938166
3033,0.68381257104161,0.771050880352656,1.175663895689059,0.930607923454996
3034,0.679770751221888,0.7733969475696051,1.175486800787241,0.933236377043784
3035,0.677432290831769,0.7719087331839231,1.170034665236438,0.9317300949461652
3036,0.6846314667305651,0.7706878988639161,1.177681214027646,0.934262078984276
3037,0.6908165416207861,0.7724590502355411,1.175518441567386,0.935019694565646
3038,0.6791275153341501,0.77700372742138,1.17217567930187,0.9319015085373232
3039,0.6811264942035721,0.773173941002375,1.174205243479514,0.9303192180999812
3040,0.686663921625501,0.776676485072011,1.1706281029011891,0.9354777515906352
3041,0.688838332729495,0.780993015437886,1.178240455255128,0.938717957289106
3042,0.6839115652593151,0.7799520356499631,1.172145692982535,0.93433410293706
3043,0.6840384151462621,0.7775797776985861,1.174670709647994,0.93738097006428
3044,0.681664311205563,0.7744653448462481,1.172253171062987,0.933830067299414
3045,0.6855351047293431,0.7723742748300231,1.180789979579656,0.931256758885971
3046,0.684718055515617,0.77444998693207,1.17431151262228,0.934708315798122
3047,0.6793815437164421,0.7737034373525261,1.174450044290743,0.929616658610926
3048,0.6779955968908641,0.7743005142479701,1.175058940506499,0.944660303790284
3049,0.6854445499678451,0.78033701578776,1.176185304703919,0.937650681189868
3050,0.688614812342153,0.7752275734707931,1.176590173356775,0.933674764158069
3051,0.6815636426318381,0.7730537677804621,1.16932427721179,0.9342449284226132
3052,0.687549712784264,0.7764046345499971,1.174904886687147,0.942710620580592
3053,0.679209490374162,0.7765961494566731,1.174261481325695,0.9362803269177672
3054,0.688287864020769,0.770328786710034,1.172463517582071,0.933642194538876
3055,0.6796194503920661,0.769450206255567,1.16777464347905,0.927799522255857
3056,0.681264873324097,0.772213096527949,1.1704029782094811,0.93975515520551
3057,0.678479585580635,0.780983931992364,1.180166401508925,0.939256565429378
3058,0.684065811525004,0.777701545560705,1.177006170801494,0.929813892971994
3059,0.687767120807067,0.7768092219164401,1.167094467450743,0.93253032307046
3060,0.6794147144031261,0.7788103137543231,1.173010982249094,0.92886201357064
3061,0.678974885979424,0.7781547481815021,1.175025745254495,0.932498992569204
3062,0.686842670745175,0.7755995186558661,1.175236425537994,0.933931144899216
3063,0.68931697514178,0.777163442386233,1.175647646080756,0.93998483452352
3064,0.6853770503801281,0.7751382877645281,1.175605113955511,0.936810245629454
3065,0.684665157095245,0.775502137299897,1.174744978871034,0.933450100484533
3066,0.6803140554685091,0.7795957889461861,1.175064799578293,0.943206001774988
3067,0.677788193756039,0.7707791957950241,1.172618046726869,0.930550068346918
3068,0.688121547598553,0.779929990461771,1.180877240563648,0.933542089752744
3069,0.6849680808305301,0.77270389629015,1.171958601237207,0.938215359802479
3070,0.687221406810525,0.7739120606279021,1.170314897985562,0.932166330381364
3071,0.6834085021383951,0.771296656866004,1.169151118052178,0.9350544760354612
3072,0.68072521675756,0.781131192717863,1.1688466643293691,0.9416144425184392
3073,0.685786386006984,0.7745566198575321,1.170734307580236,0.934089999510974
3074,0.6828334830917311,0.773954243007777,1.172964903971423,0.935280404472048
3075,0.682481362524887,0.7760566156627471,1.178480995953946,0.93943325392362
3076,0.6868729774934651,0.774351118699364,1.170346476137638,0.935236393271581
3077,0.680312539383337,0.7727991543386291,1.171640610349351,0.9283628823316612
3078,0.6846542246639721,0.771015894261823,1.173465896991716,0.936965360076747
3079,0.681562383564702,0.7735131129190541,1.174799745281537,0.9322461404068312
3080,0.6780340589204991,0.775819995912952,1.174275082090626,0.937535994078802
3081,0.6812023567980611,0.7799382701084231,1.17735724237518,0.930994594388681
3082,0.678440671630095,0.774516050366387,1.171069709503132,0.930063751215736
3083,0.6874771547652241,0.7782869560347081,1.177567431892173,0.934726241436125
3084,0.682749601404952,0.778854678398457,1.181956591381542,0.9322336260499292
3085,0.6816564031161261,0.774211662834969,1.171518478596556,0.9305106137973672
3086,0.680270657564202,0.773142150346783,1.169818092083585,0.930414214703267
3087,0.6863215882871031,0.7760074736847391,1.176790410409803,0.936334210596438
3088,0.685409029000911,0.775606564745522,1.1850892293496411,0.9369487137250272
3089,0.6834637818831031,0.779223302892152,1.172227649261122,0.9321136468130612
3090,0.6767460441189831,0.771278258359086,1.17206638176804,0.933514236540034
3091,0.678281516484592,0.7687244866637211,1.161484668760196,0.936171530246518
3092,0.683163502483048,0.771469953591408,1.177704576564871,0.942885887930574
3093,0.6820882215448041,0.777286391867243,1.170792234980541,0.936236597975527
3094,0.6874643798269651,0.7772650063253831,1.175104620016139,0.9372931522303732
3095,0.6839388925312221,0.779311598319074,1.184401741386323,0.9392552094237092
3096,0.6846776859483851,0.7780565338722171,1.1710690967198731,0.928181689556526
3097,0.68414856015664,0.7734733546773591,1.173758122260155,0.9292999115921012
3098,0.681883996271568,0.776715367600537,1.176485823332399,0.9239403555520632
3099,0.682451286258688,0.771249856097974,1.172155297428801,0.936191072201599
3100,0.68315693984429,0.773561133422713,1.173110410031201,0.9337130669450412
3101,0.6890634716204971,0.777655209752096,1.177393227707648,0.9333837473684032
3102,0.685478135457505,0.775767849407334,1.168217904649783,0.936914986188428
3103,0.686128425263408,0.7776295703606331,1.181237862485906,0.9335246828479172
3104,0.682502779947674,0.7790531376781671,1.173243605140326,0.945619579971484
3105,0.680836300298139,0.7737620310938871,1.1746117293402771,0.9362396799243872
3106,0.688338923281517,0.7750212810393691,1.166960714195949,0.9321439681115792
3107,0.67882772003287,0.7742070733853,1.172978288669517,0.9344897971798972
3108,0.681267278997794,0.7758647628884381,1.184099535039369,0.9320852768108032
3109,0.6895899460853441,0.77596370562695,1.173172665139039,0.9363372288104412
3110,0.6785905440270461,0.7778100165120071,1.167418534772983,0.935995072099393
3111,0.6833063256049501,0.773300540512022,1.181540709366832,0.93440352326286
3112,0.683902436030515,0.7769924866548481,1.16849585050258,0.933333378933046
3113,0.6902389908884311,0.7832613520432211,1.176029701811679,0.9378707276090332
3114,0.6847959370284841,0.768348637482394,1.174237160579018,0.935657851370996
3115,0.6893072361261511,0.7793551535494081,1.174568117528722,0.9371488800245352
3116,0.6813867920334781,0.7787213277989541,1.1725640036705611,0.937880309568583
3117,0.6829296397450171,0.775664345185825,1.171142427277737,0.9375033475512612
3118,0.6745050662345641,0.772850633639356,1.174175141190273,0.933890998039556
3119,0.6770483003794281,0.7784193421619521,1.17676620034204,0.9318868781345472
3120,0.6834943359312801,0.774060407842414,1.16979759607626,0.9328069456083612
3121,0.675131195292308,0.7786239349971641,1.174493234550607,0.9314857447870832
3122,0.683219319992307,0.7768550021708871,1.173398136660672,0.936809821000349
3123,0.6875446610746601,0.775572823657505,1.176168754372907,0.940540984326946
3124,0.6801976500537941,0.7690638608258701,1.172174026136813,0.934889219917248
3125,0.682555229605539,0.7805485082925231,1.177555026999418,0.941644986497535
3126,0.674010410499961,0.771318255235319,1.171133799829344,0.931315403161705
3127,0.6786249247852011,0.7683181900908981,1.169122739330582,0.929663794007206
3128,0.689761094937937,0.775348827026892,1.161074480500774,0.9313293809098172
3129,0.6825783331541041,0.764922218802182,1.168424604271633,0.9287884800654392
3130,0.682943203419015,0.776908334182656,1.176859716034453,0.9392305411182452
3131,0.6785633070529371,0.777470122644866,1.183827521792356,0.9388828182026092
3132,0.6834163332924891,0.773411006275294,1.173547345551027,0.9321213825673292
3133,0.680202528942322,0.772122845917508,1.17588312589172,0.94153218316859
3134,0.6843780849020981,0.7770409884228221,1.1749834307078,0.930961135963814
3135,0.6818942902204781,0.7775306767527601,1.179408251375391,0.9367527514966072
3136,0.682297439840824,0.775427699736926,1.176215047529642,0.945360664143294
3137,0.685818219206471,0.774766264186389,1.172082366826741,0.932780147921563
3138,0.684337222084834,0.7789372545869451,1.173586255722287,0.930516011338087
3139,0.684745978591018,0.77679997185866,1.171904204980186,0.936359286497252
3140,0.6795649241278131,0.77392908639234,1.167783359794513,0.925540802919346
3141,0.685060257200097,0.779062713941802,1.179027775815431,0.934316161264112
3142,0.6818639657095721,0.778494794407616,1.165477295284686,0.9364918235527432
3143,0.6792237567782831,0.777339190460633,1.173049307819725,0.939176862087586
3144,0.6797557284758571,0.778641124242457,1.178314773824767,0.931537551346464
3145,0.6852600551547781,0.773063464117222,1.169213289907877,0.933488276314692
3146,0.689176135628983,0.773395622338073,1.174290194135645,0.93840854058879
3147,0.6827185234675801,0.775766120764656,1.174196103344793,0.934532653648352
3148,0.673574530775996,0.7714686998422591,1.173469959285812,0.926542189647106
3149,0.6872942599913341,0.773693491367326,1.177863458144492,0.9372077398811992
3150,0.678157433840459,0.773485802221989,1.163858533121537,0.9230576090352692
3151,0.686524136585817,0.7842035450149271,1.1803177707437151,0.9364205362086272
3152,0.6860253326594831,0.77936764990074,1.17395382385323,0.944039912327476
3153,0.684643556485357,0.7759339510314701,1.1708483448710991,0.9293537091301832
3154,0.686385025634713,0.779301444473473,1.180507324204065,0.943081720313732
3155,0.683967640191532,0.7631100023138351,1.167236787901408,0.925739477159104
3156,0.688726732453358,0.7789907896000401,1.173396689412386,0.9457212487316652
3157,0.6835254575733251,0.7705055871519491,1.168875038407851,0.9343278153489032
3158,0.6843818272801411,0.778646028992058,1.173727347151093,0.9344009628816352
3159,0.681555534861441,0.7771566258608431,1.171381680969742,0.94105620779421
3160,0.6789853757220331,0.7667164773396821,1.174864139353883,0.9212641075955352
3161,0.684221381375539,0.775208893137565,1.176036653635294,0.9306495725244712
3162,0.681611351506865,0.7778395753407821,1.173984237987062,0.935135591964142
3163,0.678516859242665,0.7737478826572931,1.171027683801409,0.93197960735879
3164,0.679068683768096,0.769621672081774,1.168757114397443,0.935703057714778
3165,0.6912493070020621,0.7768032007675241,1.178882314999034,0.929825676011218
3166,0.6810653725558,0.7736033010094061,1.175471076498861,0.9322919480340632
3167,0.687196783478493,0.7752339565667551,1.17089699089959,0.93083950601842
3168,0.678792968068433,0.7791059072250901,1.174509191642637,0.9318149151631452
3169,0.6885426705298211,0.7776962015507871,1.175173078866108,0.937675713332019
3170,0.67559806033429,0.7707407059876811,1.17090433306884,0.928703005952031
3171,0.6796753042364031,0.7738281884703081,1.172994459452836,0.93143726736847
3172,0.6894130778053531,0.777584552764892,1.179875863095124,0.9298102727996692
3173,0.682519744595755,0.7666278497680371,1.166677310846854,0.934836630453018
3174,0.682490011407197,0.7763575743074,1.17777264971232,0.933985459523788
3175,0.684335842431671,0.775693018475304,1.175936808296735,0.93536996020787
3176,0.6809697934574831,0.7827452517290041,1.178189812794975,0.934332468101511
3177,0.6865188154135491,0.774250024902647,1.174140368250833,0.941260484411664
3178,0.681923502813214,0.78181684459897,1.177629041175047,0.93532696760435
3179,0.681924926279031,0.7838362306356431,1.172599627271942,0.931084118972437
3180,0.6880566246969541,0.7800371792653331,1.1737695295309671,0.938168383945805
3181,0.6828665992757981,0.771743881745614,1.173761433449344,0.932866938655143
3182,0.682916269894095,0.772783369365809,1.16809725858595,0.931975823003744
3183,0.6832616664469241,0.7800114177491351,1.177396713499573,0.935146314240452
3184,0.6752954367548221,0.77567393095165,1.171563486690106,0.93498928407612
3185,0.6797068784472301,0.7734204918362091,1.171141644426877,0.93520243352522
3186,0.683299440134694,0.7717381724412891,1.174658880501553,0.926268350629918
3187,0.68725306181696,0.779967010885045,1.173386573251606,0.930972335131272
3188,0.6825171151886811,0.7680633014095001,1.172173499737097,0.9257654078250772
3189,0.6766241199566401,0.7733385792892911,1.171749742566675,0.934557070199778
3190,0.6808910021369441,0.7764661912468891,1.176461199919382,0.927266595777178
3191,0.6833488643979241,0.7723559045057361,1.172862004866634,0.92887549545022
3192,0.6838905095136251,0.7757013688484821,1.175669137982354,0.9345691875163192
3193,0.680106547323689,0.772919961939687,1.1693861438096431,0.9307533291209
3194,0.690031947918992,0.7826106629293891,1.17450421238723,0.934193772466286
3195,0.6826254879326921,0.7724591138354241,1.171668115949285,0.9277611820000232
3196,0.67581236689095,0.773552746660467,1.167301194607347,0.930955872749504
3197,0.6799252247842751,0.7709621715804801,1.16959461947714,0.9315407831977672
3198,0.6809967126751291,0.774686982990175,1.173047590406908,0.9246324917598472
3199,0.68501284432368,0.775735416490098,1.1751231176481731,0.9377447055463772
3200,0.686926159683776,0.7706674600856891,1.168992501346097,0.931946461399396
3201,0.681245919883899,0.777836736777554,1.16952743143707,0.927076371872554
3202,0.6811612069714761,0.774291789510111,1.179126469337422,0.9295368113325552
3203,0.682795024814381,0.7774537783386051,1.174304319572621,0.929662699527714
3204,0.687923153943341,0.780661635532759,1.181994222968384,0.94687926877236
3205,0.6805706475253981,0.769454669153344,1.172422556233578,0.9390222990372472
3206,0.682980333549388,0.774957153892171,1.173976824659368,0.944787711525956
3207,0.684216251191885,0.779083287694316,1.1730182154671,0.9451959366113812
3208,0.6747874777656101,0.7770594058261401,1.168371483791565,0.935173100400446
3209,0.683989628636534,0.772255503181098,1.1747612390613211,0.92769989222828
3210,0.682309605316191,0.778275167380554,1.178281202804351,0.931188797362256
3211,0.687251795650176,0.7745989348361451,1.177097171760987,0.932481403368106
3212,0.684572685887848,0.7747486785486121,1.173064999498318,0.932941586966963
3213,0.687808766340216,0.7673243469950081,1.178009323667788,0.927721000209018
3214,0.690258316155793,0.7731084730746091,1.171435515085856,0.9395161866871772
3215,0.6799575148717211,0.7694267716960631,1.177013155558835,0.9344860178189
3216,0.6800180493543541,0.7794280046786081,1.170559968637383,0.929581892609164
3217,0.684680775266842,0.7721806032502131,1.182816778620084,0.931323319619548
3218,0.6746647880561111,0.768662833541199,1.174889401465222,0.937479377521768
3219,0.6907800360434291,0.7739611275602071,1.172082599090493,0.929169805018582
3220,0.687166903896824,0.7750471292630481,1.171011184112749,0.9321156677020632
3221,0.6852767490714351,0.7763528591696761,1.167679000483906,0.932736561809113
3222,0.684685353567634,0.7717774576251051,1.168974838934946,0.9256301629694472
3223,0.6802198240074551,0.7718247121226961,1.168156174429948,0.941803271058892
3224,0.675804894498508,0.7725713879301921,1.175985064843426,0.93081885692326
3225,0.678224255209383,0.7716642834138171,1.168007692133171,0.934576181046988
3226,0.682097789332054,0.769915041284284,1.176648873673833,0.932612958944578
3227,0.675853799677629,0.7727770535410311,1.177382233242194,0.932702382756532
3228,0.6789250583320421,0.78210899622544,1.176791965637518,0.9358080493259252
3229,0.6837987460034051,0.7772083868799,1.177206298795299,0.9395904176855
3230,0.679656737389555,0.7751719565063281,1.170495161651701,0.93631069081417
3231,0.6845482892586261,0.7741057102878881,1.1738169953443,0.9274255380412372
3232,0.6767365237886921,0.7756440955875571,1.174754448019076,0.926021544181782
3233,0.6789037288315051,0.7741194766932641,1.180804094866566,0.93412930369917
3234,0.686479647333423,0.77737384861794,1.173952405543431,0.9355744951391132
3235,0.68198677184789,0.7702687631050741,1.182908871575542,0.933972990410267
3236,0.6797764934329451,0.7738796680949731,1.168059339125951,0.93443737157445
3237,0.676167448442699,0.769828670590684,1.168959183969359,0.922881734786906
3238,0.6822467672814061,0.767873621613219,1.168567518825116,0.929679380189897
3239,0.679206490543657,0.776447560692179,1.172332685494768,0.9318811976607292
3240,0.686346927549744,0.7753148240887601,1.172967503360216,0.925213544373063
3241,0.682984827086329,0.7726403273966,1.176088046984396,0.932369725076832
3242,0.6857747199364761,0.767968072947384,1.165667713876219,0.9350687261616832
3243,0.6815738493873581,0.770622420786083,1.167414987864701,0.9316072639725772
3244,0.680411844527807,0.77352664457715,1.175352433021517,0.932785596941476
3245,0.695066374659106,0.7768198467683101,1.183360552442246,0.936448657075348
3246,0.6790936244516701,0.7697881333853881,1.167649491433648,0.9341743773632292
3247,0.681070966727059,0.7704704899502831,1.172000274925992,0.926031263815104
3248,0.680613592617969,0.777442818426567,1.174424174903095,0.9387264435813912
3249,0.6813065802165561,0.7792111240003421,1.17197790817506,0.9338967925936412
3250,0.68639544583857,0.7757364512569661,1.1754534461576,0.932000725273636
3251,0.6925003131500621,0.779211984164472,1.176111529486766,0.929237009687484
3252,0.6839105795690971,0.780851617239523,1.173846262412658,0.931133668707764
3253,0.6765925337061071,0.770184779512709,1.174911449892797,0.9291693183283012
3254,0.680528133810646,0.773832199150237,1.169694237303042,0.926460821964386
3255,0.6795194655980751,0.7741988423293911,1.178154035970784,0.935907925573596
3256,0.6835372227959441,0.7789158814627191,1.181951041022936,0.9302024879641292
3257,0.687443822433335,0.776591296861137,1.171748079359531,0.930391243321524
3258,0.680123530841176,0.7712438446672061,1.182067575338094,0.934395398701662
3259,0.675334434983307,0.778546372401541,1.170496856388838,0.926765183472762
3260,0.6822129728785461,0.771757589086242,1.17210246503785,0.931896454371188
3261,0.678567068057431,0.7724762533022,1.173887499648591,0.931187169869308
3262,0.6836211596602111,0.7768361179724981,1.171535953555418,0.937768299402534
3263,0.6788050886783471,0.7763881444715071,1.17111132013193,0.9289177261508892
3264,0.680672302491207,0.7751741534557891,1.182576502902784,0.931959034740061
3265,0.682120655055927,0.770648597267226,1.167165095175522,0.9292314170549312
3266,0.6804948207530851,0.7769124125656871,1.170957099916278,0.9297754663596112
3267,0.6804638110857071,0.7685623661331501,1.173059450867383,0.933643959921555
3268,0.6741977296229721,0.7730891971268511,1.170685145518054,0.9318448919532952
3269,0.680187057271815,0.7704171675486841,1.176888071540473,0.9253939530015852
3270,0.678735055191361,0.7782395648351611,1.171565514759741,0.930607245344182
3271,0.6806414342768811,0.7708255764150961,1.175650049918803,0.9352057341594192
3272,0.682093072898577,0.7804312851765881,1.174489598019399,0.932254735920308
3273,0.680753156596767,0.778153642148211,1.174156285390474,0.925958903155465
3274,0.6801659644891811,0.776141829032828,1.174178330254727,0.934868090097671
3275,0.681751418291874,0.7731451605973031,1.172436268325301,0.927639194777694
3276,0.681235903928029,0.7748974889948741,1.169995960334073,0.9324192016830912
3277,0.6782012047327081,0.773645401864812,1.166144437656022,0.930181383357747
3278,0.680787616962755,0.775669333835442,1.178080500252005,0.9302233896231732
3279,0.68341637937271,0.775652051943799,1.174917862467144,0.934005495052838
3280,0.6865661159913601,0.77675085676753,1.176721707958242,0.931766445033144
3281,0.6791390137126041,0.771982743364313,1.167674129423888,0.934592995441694
3282,0.688195539503425,0.7786870782358051,1.169908078252405,0.925033101865994
3283,0.6832089034327561,0.7701410245204311,1.167211450852345,0.93305137399854
3284,0.683013794349803,0.775889857739642,1.170951731287051,0.932038774902837
3285,0.681046675431771,0.7794320259405211,1.171694302688474,0.931176895572655
3286,0.679787766242372,0.7723833203747651,1.171587561243686,0.929139424520342
3287,0.681844698562138,0.774534557068693,1.169203144268713,0.9231426425656112
3288,0.677981317556206,0.772205681580564,1.170052719396957,0.928042768541237
3289,0.6837456867746681,0.778089900055657,1.180563722831615,0.93447219842262
3290,0.675288802741662,0.772998419684776,1.170778800287972,0.9339802940848512
3291,0.685409732756839,0.7820186348281041,1.171809352178504,0.930461330636256
3292,0.6795498109760061,0.781056452272594,1.170640545586745,0.9316807952102112
3293,0.681425921915881,0.7752797028076821,1.171134164799814,0.935618677405991
3294,0.683092230984914,0.773469116376793,1.171161365249882,0.93022924626543
3295,0.6924785288131751,0.775863651348196,1.174012642515742,0.9320025581704532
3296,0.6794474418612491,0.775436294791491,1.174213759385157,0.9311426846931372
3297,0.675716653844152,0.77770330119824,1.171244981280271,0.931901669696621
3298,0.6783551657707361,0.773440318263095,1.172728319422922,0.9375815530833992
3299,0.681686944584699,0.77646163980598,1.167332597076892,0.9281240413910232
3300,0.6767694095986471,0.7690015974036161,1.163409162906633,0.93226922708361
3301,0.6858649010351601,0.778437575352364,1.180045862020789,0.928529247155656
3302,0.6848780634286611,0.775181462799293,1.176775155076082,0.934806812257654
3303,0.6819627742566491,0.7705241890921101,1.16985549043486,0.931144381103956
3304,0.6727380006425621,0.780174036280832,1.174468816514464,0.937564736637084
3305,0.6779429132415761,0.774466241831364,1.168718695208646,0.926319566838767
3306,0.683199125841475,0.777105369429657,1.181184528854446,0.932404802221318
3307,0.675609786603329,0.774185146758521,1.169327808247096,0.925450516729683
3308,0.679749655145881,0.7780541033632511,1.1761513452814971,0.933107721173892
3309,0.6778375811173,0.7698908107004301,1.169696534349434,0.928156524086776
3310,0.678434554406482,0.7673921852871991,1.16984718768061,0.9251864814887872
3311,0.6815223410401651,0.775793889726417,1.17786310677943,0.929252168946508
3312,0.6813928575889351,0.7702241788307821,1.174933317670787,0.9335549589030552
3313,0.684506428522476,0.777755558814691,1.172467426869316,0.93087982210884
3314,0.678331551830405,0.769905852018923,1.16653394634309,0.9293116574054172
3315,0.673837189522126,0.7690275177575541,1.172934597061164,0.92813788689133
3316,0.669334364245119,0.767375628153483,1.169622236511845,0.9251145476178412
3317,0.684177438175116,0.774194122764511,1.176177788039912,0.9360833050602152
3318,0.679755859913817,0.7694024030065191,1.170396690135416,0.925388584615311
3319,0.6817105978025471,0.778787107139393,1.170450530406357,0.94263108169147
3320,0.67434791351358,0.7789546968280401,1.175928859607033,0.930433127867138
3321,0.685082006983567,0.778408273298671,1.178570744568023,0.9382127726693512
3322,0.6850973788270911,0.7758557655025221,1.177483442468919,0.933642772093847
3323,0.683504791687364,0.771534065729466,1.174462185173794,0.932539387025694
3324,0.6771076058132061,0.7766633840358771,1.169342261941536,0.93415323825742
3325,0.684258005433324,0.77738491586153,1.175702689674453,0.92825773347547
3326,0.6838853625391701,0.7777872170875031,1.182072383014188,0.935334186380108
3327,0.681299945150596,0.7698129745929131,1.166343283826026,0.928654000109088
3328,0.686595668773288,0.775187956358211,1.170680793947067,0.934518612111392
3329,0.6810264570665531,0.770377692860969,1.171058897198974,0.9366102263439392
3330,0.686255898029691,0.777748185871303,1.175587421202141,0.935353969237294
3331,0.685632250339224,0.773054520289103,1.1667376994222831,0.921528161111949
3332,0.6823684961359571,0.776408719411794,1.175487108744572,0.9274966230319032
3333,0.6893314730268021,0.7764166597870811,1.174321906506151,0.937338736124228
3334,0.6855903542398111,0.772559411067893,1.175161920919798,0.924975447113747
3335,0.68209801789751,0.773800848402838,1.173972593593424,0.93282983943388
3336,0.679231190946007,0.7777214730563371,1.169345180949439,0.928086160047762
3337,0.6784013747845,0.7703812325346291,1.169689693852611,0.9298243664097092
3338,0.689482249940435,0.77667230831972,1.170580390894758,0.930929319609118
3339,0.685434577176752,0.779275262485379,1.170244578110135,0.936378806289555
3340,0.68057540172468,0.772639561066592,1.168982400842334,0.9304579621369852
3341,0.6822209180319221,0.7752550035931061,1.172144598395064,0.935577239841222
3342,0.6818652993365041,0.770594204573527,1.177988870096379,0.9350974719593492
3343,0.68045214957733,0.772815555981967,1.163732148598933,0.926796219082198
3344,0.6828437942633591,0.7765998643809471,1.179459810688875,0.9315331467845732
3345,0.675208517660697,0.7718143210462901,1.169340970507566,0.9296391031880312
3346,0.673856743462923,0.7730628398881441,1.171434029396893,0.9323337441175312
3347,0.6769400410408121,0.776004352431366,1.169594096100848,0.92760714151613
3348,0.677755011839495,0.7723894424844481,1.168815814174603,0.928140377031936
3349,0.6774453593391001,0.7720654492360951,1.173739331463972,0.930394990639626
3350,0.6750516552154131,0.7747713238864701,1.170078567404677,0.930161425249948
3351,0.6749783578612231,0.771508203792399,1.171114687362443,0.9199450672536652
3352,0.674512010310655,0.7747648822656571,1.172167166959548,0.928932142025534
3353,0.6819586852646391,0.771223125142463,1.17710130467363,0.934949481967782
3354,0.6821415316907391,0.776275007297163,1.171695993322393,0.9358842297578632
3355,0.6788827820640541,0.777744064188521,1.167707101590391,0.936032847757788
3356,0.676288658888011,0.772002040799977,1.174644067559553,0.926334227880706
3357,0.6868410320493621,0.777062146667984,1.169931335833625,0.932303830414362
3358,0.6785239497388611,0.7784759016788521,1.174724372832671,0.930233925446004
3359,0.6822884028264571,0.768702180057332,1.171111586409202,0.9269236341334772
3360,0.679647639798729,0.768520017788893,1.171703877224438,0.9221953716183052
3361,0.6858254766118691,0.7768418019016581,1.180104939833931,0.931418746007957
3362,0.6793663671807101,0.7700419633284861,1.165286264017872,0.926265509583164
3363,0.684833137966368,0.7772431447022201,1.176532852584901,0.9331302834485752
3364,0.683054396342756,0.779692086404648,1.1750643469285271,0.929837448792397
3365,0.67766754431785,0.7703649154391841,1.178156877773395,0.929402201341978
3366,0.681480338149096,0.7750613247786741,1.167293854381727,0.925742040752716
3367,0.687888635646389,0.7738017056515251,1.177970827597638,0.927613581112329
3368,0.6880093626677991,0.781045722140782,1.1713265469972631,0.928544455734284
3369,0.68060219536225,0.7757118229848751,1.171274777447831,0.9327612382400292
3370,0.6838807605908831,0.7694563997396521,1.168173182593739,0.929577019389556
3371,0.6801609891750241,0.7707846000574631,1.168395993502243,0.929496029148931
3372,0.6799913060351991,0.7728534973617911,1.16746396895336,0.9321512019504672
3373,0.68923335654688,0.7807222960003901,1.174059760095416,0.920462660140533
3374,0.675663998134542,0.7699453955975131,1.168352705305037,0.92364727816396
3375,0.6850173414509361,0.7741360854411471,1.173327041600925,0.9345698388482352
3376,0.682650640417916,0.7727004361973291,1.171068313545075,0.927534923659286
3377,0.6796308005417601,0.7710580267552011,1.16762446536534,0.926966163937164
3378,0.67947521843556,0.770231454052786,1.172570765126442,0.926840813128628
3379,0.677834855554544,0.774975628524586,1.171927682191565,0.928095886618762
3380,0.684172886599233,0.7737039793012791,1.167411880972592,0.935131597346153
3381,0.68625323701164,0.7757094636343521,1.176245597177657,0.9244432654501732
3382,0.6782474126666781,0.7712717738704401,1.169094995312068,0.9300197297302272
3383,0.6761935732556851,0.772630646932816,1.167924330394337,0.930391768290512
3384,0.680315526391285,0.779589739938577,1.174425829579864,0.937506347246792
3385,0.6811863752486911,0.7780646868589991,1.165920731058155,0.93012892562842
3386,0.6877346908592661,0.7762083511637601,1.178347287726575,0.930878635333932
3387,0.686940984179576,0.7799442003386601,1.175915386365807,0.9393864026752072
3388,0.6826642155917221,0.7711546900479691,1.173987603813841,0.928371780214534
3389,0.680570031070838,0.779079905346683,1.17303206976773,0.931551451619336
3390,0.678307879959111,0.7699345632091811,1.169660015814546,0.9310060855325152
3391,0.6764120923328221,0.768524115824181,1.170189892900162,0.9370287494814912
3392,0.6792833439033961,0.777774482101633,1.170735169364058,0.9311877787923032
3393,0.683457587778136,0.7696829884164571,1.1666966779292491,0.924649873559457
3394,0.6829524333386311,0.776983258948809,1.174386368821496,0.927433422726133
3395,0.680078381915455,0.773041420332763,1.17407859052005,0.930576108315068
3396,0.6795390338731411,0.7796989101646601,1.17613832792942,0.941487685277842
3397,0.679140329765884,0.7724291943553561,1.176245077148727,0.935032182440593
3398,0.6818957144691461,0.778095617134501,1.177883689926154,0.938245076821118
3399,0.6752984979986281,0.775088716028393,1.164807244055513,0.931585212980491
3400,0.6780303395150791,0.7750824356208671,1.177397800420505,0.9318057220375192
3401,0.681386254538876,0.7789304618170291,1.172935589608074,0.927543535072734
3402,0.681771930037201,0.7694476899029551,1.16489269649205,0.927252956760534
3403,0.6878759801873691,0.7703124336574381,1.178911886677362,0.932777628869466
3404,0.685687195752625,0.773545498865238,1.172738965654718,0.936089960615272
3405,0.6732696522621141,0.772190405406813,1.169889208847198,0.92692610103151
3406,0.685326832360115,0.773088258893593,1.172979069684726,0.9345003858856532
3407,0.6837296753689861,0.77353635808264,1.16256815680991,0.926921833117587
3408,0.681295480120225,0.7779800321744831,1.175301469214584,0.929893184021331
3409,0.672519953840452,0.766639619093874,1.1660987740193591,0.933617202457094
3410,0.673952225325764,0.7701892480254171,1.173595519493455,0.933241546154022
3411,0.6836068427487121,0.779807760555675,1.175813080284042,0.935869897324321
3412,0.6733149047940971,0.7723669474539551,1.169044789952644,0.9256322131208752
3413,0.683434102495295,0.772215032707089,1.18133676894333,0.937090701761021
3414,0.682129766738069,0.77368374881537,1.170313803182132,0.933915355202296
3415,0.690685830011531,0.780157238568948,1.178568429165128,0.932992541298702
3416,0.675599938663451,0.7702657462678091,1.173163605341012,0.9278873720786712
3417,0.6793382935010001,0.7752616938905441,1.167668743625931,0.9309329819204152
3418,0.6856485634934211,0.776470798837102,1.181081295445345,0.929302873548822
3419,0.6785316965610221,0.7702965589537131,1.171360055497591,0.927188233485904
3420,0.6773558206100391,0.768791845419268,1.177466713431952,0.931957043518406
3421,0.6796230687557351,0.7722924592486321,1.171771528280299,0.939626337258496
3422,0.6843636261596191,0.7726965913738031,1.172910836295805,0.9387493119507592
3423,0.677568872526719,0.7737991045350611,1.179073845346768,0.929283268317796
3424,0.6825600061025741,0.779142375225606,1.18132766444182,0.941529027280816
3425,0.6863542416713371,0.7803589393911151,1.175796120710994,0.9336041232598
3426,0.679841355218187,0.771580096604167,1.1730398108129911,0.925243830578266
3427,0.6799110887383201,0.772618955784085,1.172897128631239,0.930466191033306
3428,0.6720884376192,0.7678964965153431,1.17379409895427,0.933125480091658
3429,0.6798825901595571,0.7707538132866221,1.179931941671647,0.931330471016142
3430,0.6828630493170971,0.77539505323638,1.171470369981682,0.9291229474803672
3431,0.6785008455424201,0.775761408326418,1.171596661965916,0.9319097419417852
3432,0.684070597065315,0.77756551210431,1.17141922066609,0.927764699483911
3433,0.682552917630992,0.77224380015463,1.17761691832456,0.927248545476923
3434,0.6811727996429671,0.7695156868169271,1.169810518838357,0.9297769029449292
3435,0.6783464090979611,0.771238469559213,1.175057004975236,0.934658139863092
3436,0.6905918462282931,0.7742670176253801,1.17553448471902,0.9288754488301012
3437,0.6800938706737061,0.772164488832155,1.163955381707005,0.924632579061216
3438,0.6837545656261661,0.7687926622836481,1.173528660574685,0.9240350711118912
3439,0.678664372208109,0.772731390660223,1.171943998423175,0.9228272023678252
3440,0.675750038573059,0.7722177481737691,1.175460823960062,0.928191506263354
3441,0.682335424736358,0.7732835155034411,1.170219513061253,0.928966297700569
3442,0.679631295033555,0.772833815195422,1.169707703093687,0.92617479050397
3443,0.6809303529992481,0.763605872142142,1.172724391239276,0.917576142276326
3444,0.68235438020117,0.7704928928743231,1.173027888156365,0.9299650668719972
3445,0.677651142404563,0.7751037181503531,1.169400072832038,0.9273515491057992
3446,0.6745576731104781,0.7787542150936261,1.172512607298035,0.931217627896778
3447,0.6771822627903751,0.7758567671197041,1.175688532491525,0.935267815096438
3448,0.6832186067341891,0.771754110528939,1.175075648811416,0.935252714848172
3449,0.6816343160049201,0.776951765776544,1.175560736785764,0.92848065106765
3450,0.6800686265139471,0.7674861245829121,1.169542793022549,0.923865877118879
3451,0.677802639567981,0.783003228946008,1.169083138954812,0.934552891287898
3452,0.67061769152465,0.7648477375075431,1.163977190096309,0.928833540717976
3453,0.6760355392875871,0.7744833297919531,1.166931876345821,0.930877734812489
3454,0.676776062805151,0.7730801678870031,1.169089397226554,0.922370691878208
3455,0.6773602355649501,0.76995468776727,1.171817517366962,0.924382747326424
3456,0.6792748549116261,0.7721822879452631,1.174390166134074,0.9281421823670032
3457,0.6821227329040781,0.771203023368033,1.176738895907782,0.9316041027938112
3458,0.683501473830445,0.779484588706838,1.167469030381112,0.928965944418872
3459,0.678789219292609,0.7782106245125551,1.169381455990715,0.9365524177210052
3460,0.677180849609599,0.7702306194797801,1.17306066164072,0.92835491830888
3461,0.680658499426815,0.7724442988418151,1.174317031126955,0.9263196734684532
3462,0.6810645540447331,0.7732554612600281,1.1743285014577531,0.928730064139202
3463,0.6849561030774011,0.7778504399069841,1.173988114232602,0.93126680607489
3464,0.679407485774245,0.775825255159018,1.174823665748471,0.9346369058703592
3465,0.678098940654941,0.7709505361491351,1.167185242085353,0.918400573611691
3466,0.682713667578671,0.7749495341078091,1.173477789414101,0.930726645892297
3467,0.6814155576453691,0.7768667168591331,1.165951589419358,0.930070819738118
3468,0.6856360849586951,0.776423512269621,1.169763429873231,0.931480031244564
3469,0.67732340718309,0.770445497787517,1.168749969938527,0.925060852336278
3470,0.67538477199665,0.771277252746664,1.167307694321093,0.92547535367202
3471,0.684189294100455,0.7678480110522631,1.1782242703265031,0.931900576431898
3472,0.679961166682018,0.77041225005751,1.174378936057505,0.9333644982535332
3473,0.679744085162014,0.7715326639405191,1.1674933184100231,0.9261972621839112
3474,0.683416096979509,0.773500752081905,1.170683970485908,0.9273813286985172
3475,0.6823809889509621,0.769324821730454,1.161863497957803,0.924528739050678
3476,0.6794751182306501,0.778018814066182,1.171827219102693,0.9299166441449652
3477,0.6852482171540241,0.7702219820972801,1.172206873371117,0.92249820454289
3478,0.6811237097110431,0.775000042025593,1.171978056862734,0.933824024203678
3479,0.680163900948305,0.767408398614413,1.173255678320276,0.929145451824086
3480,0.6768875072939671,0.779686534534329,1.174530900582887,0.929230485867331
3481,0.673248062288199,0.7724565400377561,1.172509324723395,0.925727819160058
3482,0.6769797114142471,0.777347133427426,1.1749176474801,0.925590755552917
3483,0.6841591137150921,0.7786731458660481,1.1680488884449,0.9241698336504072
3484,0.6766654562906941,0.771177586437999,1.173118018801661,0.92951945701371
3485,0.6805501764883161,0.775239187198272,1.171051577273486,0.9243681160598132
3486,0.6823856349278621,0.7722453035522191,1.172880340853463,0.934047393878732
3487,0.680194131841046,0.7711127343169151,1.170761089178099,0.9254677073247192
3488,0.6806795763904631,0.7715846948001691,1.1667949023886,0.9285907564765732
3489,0.6787516771937191,0.7674824638643121,1.168158041610234,0.928463754095677
3490,0.6752255034997411,0.7725752722741901,1.162104188748028,0.9278706306780592
3491,0.6770710924883251,0.769614572542301,1.172377661734387,0.930565261079565
3492,0.6733584012296321,0.775878071569014,1.164462112106274,0.931045484850588
3493,0.676403123183526,0.7709137805994001,1.172062612746073,0.932672892818632
3494,0.679742900006797,0.7809380693496131,1.168064606794412,0.9325088643185472
3495,0.679386729995409,0.7749616335267601,1.172252096883628,0.9261044899838552
3496,0.68634118196433,0.7699922070555061,1.179320198470267,0.9288565637678772
3497,0.684659295917853,0.7760378333969391,1.169677933597046,0.930864324496276
3498,0.6814642275913031,0.770985755259576,1.167088412396286,0.93067222247845
3499,0.684044272814323,0.7741878871684481,1.173468855196151,0.927168549888807
3500,0.6769180192031721,0.7723819351066711,1.171749808002209,0.9328642706454232
3501,0.6787262234998781,0.775075042161388,1.171399072244547,0.9382486031323232
3502,0.6770653883400171,0.7768548403097231,1.172702516874541,0.9319857290905452
3503,0.681815890406352,0.777170103745184,1.172026050695474,0.9338066830313292
3504,0.67699138968643,0.7707421381188471,1.173887588191723,0.9333758812289732
3505,0.675958400727182,0.775355385373467,1.171051245236742,0.930286662410134
3506,0.6786533708319711,0.7708023018811061,1.167739914919155,0.925061241035228
3507,0.6770985437206161,0.775008475650911,1.16770723408115,0.928800905798224
3508,0.6778419157625101,0.7676768284560971,1.172863062957058,0.9241185988690972
3509,0.6787671380662831,0.7713444458617681,1.171798909595911,0.933714215414247
3510,0.680994424240096,0.772988154728343,1.179489149671533,0.9315462457421032
3511,0.679962199208313,0.7711942363260441,1.169285193625567,0.93015271352361
3512,0.6843702960489451,0.776658848359964,1.177279443088649,0.9292967050889692
3513,0.6791236752887131,0.775131944944893,1.175176025192806,0.9335169946585872
3514,0.6850435169062751,0.772191189877364,1.166164431127085,0.925371442772988
3515,0.682069676968714,0.777691309758718,1.172863709213941,0.93272042757683
3516,0.6798137744105811,0.774771049618721,1.170088979753031,0.930804072244875
3517,0.684495712427989,0.777184741436571,1.170582626608834,0.930455253985912
3518,0.6838643986839741,0.7836355334822681,1.170906728160554,0.9340539919887332
3519,0.676854768444014,0.7710406711136081,1.167519141366516,0.9310821670552952
3520,0.6774081569704881,0.768574020568875,1.169353266341098,0.926862202098836
3521,0.6761150128491541,0.7678864226824991,1.174757034234378,0.934010165325109
3522,0.6750626484121101,0.7712049829787101,1.168371601165204,0.924977622872245
3523,0.677729588703832,0.7677634943654571,1.173445666829745,0.9242216666917432
3524,0.682635013419001,0.7752157887038971,1.169583476431991,0.928812090604417
3525,0.6787288869204721,0.7727068754425941,1.165025320282016,0.929661600621066
3526,0.6790691345822121,0.774234214770621,1.173171508895314,0.9280885614292772
3527,0.678588044384251,0.77379071863665,1.168531046829362,0.9306187090072512
3528,0.67929065786302,0.7749712869956871,1.164037150101385,0.920726171951147
3529,0.680937088513072,0.773374521214029,1.168329436062038,0.92649073375092
3530,0.675911234880703,0.7854081826365511,1.170467073286789,0.933032057234558
3531,0.676523941582527,0.7727606890426161,1.177105608517709,0.9291288926387612
3532,0.6798840314419801,0.7751174103738601,1.174242867831734,0.9303453850519392
3533,0.688289664064844,0.77367260026327,1.173136965088222,0.9343447346186292
3534,0.6803757485434191,0.776929238352222,1.178020823045053,0.932423175892968
3535,0.6790013837533581,0.7768920570395991,1.182720193180485,0.9313232471653512
3536,0.668558403957581,0.7695714235305781,1.164145648047544,0.9246831273093172
3537,0.687787218181335,0.773238164251265,1.169433512765428,0.922920843397361
3538,0.67464306016547,0.766864406241886,1.163764346228993,0.926079939294984
3539,0.680214385299579,0.775572816962781,1.17335967136466,0.928184020832396
3540,0.6815262437136701,0.773516026527985,1.171688355181528,0.9288365956449852
3541,0.676572127456682,0.776204929187677,1.174093846609627,0.9323018599517532
3542,0.6678906429720961,0.7665403366520781,1.169008965833463,0.9330027228680212
3543,0.677112540851036,0.7699659262662341,1.169125103000281,0.924778865056409
3544,0.673933026502313,0.7673726879816121,1.170454706942689,0.925714366866842
3545,0.680423350491817,0.7760234071292731,1.17186286257229,0.930861251320743
3546,0.6730835763332631,0.7688217084260951,1.168499723724697,0.919627376305668
3547,0.6795578759595531,0.776645418634449,1.178098022289898,0.9297839038181992
3548,0.6742967110721091,0.7752513927610021,1.171732170858244,0.935366803024342
3549,0.681420428381449,0.7730191820773521,1.177231952871965,0.929395609224836
3550,0.678065506147517,0.7739707868600231,1.164951594519442,0.937317938827302
3551,0.676791969308818,0.772534332089666,1.167580166048761,0.936172910520564
3552,0.682651159286067,0.7697739362500711,1.16464235180098,0.921320579811066
3553,0.6796829128718891,0.7795674549280731,1.171492908635865,0.9248494394123552
3554,0.676359905928805,0.7749902285311531,1.169519669119862,0.9259903083784852
3555,0.676875669320208,0.7777399557872091,1.167674628504808,0.928876990560388
3556,0.680510172755389,0.7769242697867791,1.16993855047917,0.9369481286924812
3557,0.678461173711263,0.7755982208511101,1.176848222596058,0.930731846424548
3558,0.682157491401269,0.774769241503183,1.175131063746369,0.931383553406466
3559,0.682002826931252,0.769548940161863,1.1694758126269211,0.928609906844254
3560,0.677657711009184,0.77246541691863,1.173882865171501,0.928462080171574
3561,0.6775557449816361,0.7726885930135631,1.159890658721543,0.928324587346203
3562,0.6783721467777001,0.7679291979774181,1.171870971071547,0.925615351512164
3563,0.6777520403265951,0.768094604969888,1.175023906796738,0.931048360963662
3564,0.680709596939276,0.7783410702494601,1.169385815444199,0.931606779873803
3565,0.6784100227489851,0.775359918133936,1.173822995329248,0.9286011246883352
3566,0.682666280482342,0.7750514601019841,1.175121444290962,0.9277372227414792
3567,0.6786350317137391,0.774438838487949,1.172510701893032,0.9288200715259792
3568,0.6783175965960041,0.765153775720492,1.174790357549985,0.924005281315117
3569,0.6715893995934631,0.7702235860237171,1.160841782995756,0.92918472148586
3570,0.6794010445313611,0.7768983727563981,1.163001843444679,0.93078322354974
3571,0.6688159158372361,0.7654987258323721,1.168378592941208,0.927067645191066
3572,0.677464955688818,0.7711320218184721,1.172110135680523,0.9249272673134352
3573,0.6797590815880591,0.770153872128846,1.167414438357387,0.920294172710914
3574,0.67341449206182,0.767586561432783,1.166614522752554,0.917834742993548
3575,0.6695813925639871,0.7707926370743391,1.170499716763911,0.923969442645708
3576,0.6830350336605221,0.7715096447778781,1.171317836836628,0.927320063897017
3577,0.684780167253769,0.774591232123582,1.17799639734237,0.928014712003262
3578,0.6828941834577611,0.776368823928245,1.176020741570687,0.932828301455879
3579,0.674132002949498,0.775144437300986,1.173846050664998,0.930663145457704
3580,0.676973277082045,0.7736285730548521,1.16544682510953,0.921437964032309
3581,0.675388301034336,0.7739328345742771,1.167079671029595,0.92941815495167
3582,0.6789375093590091,0.7724690165208731,1.17250967738421,0.9302710349523072
3583,0.677839637261585,0.769245922997377,1.17188980721909,0.921257972501326
3584,0.678554853235465,0.7739867514026331,1.168250720786011,0.9158278760378772
3585,0.6800491631139011,0.768268009782701,1.164828496350758,0.9202478844402492
3586,0.683417485325016,0.7722755984767621,1.175270905205305,0.9275306048600572
3587,0.677525150117234,0.769910115262736,1.165971060701902,0.9279782347975
3588,0.680067163689628,0.769381643637366,1.1657256011081771,0.92375951964894
3589,0.6811643038754871,0.772525799339232,1.165283960492714,0.929547211776177
3590,0.679184867824981,0.766952048717201,1.168933907604735,0.9316520769742952
3591,0.6783990142462041,0.7706370270554571,1.170055955000545,0.9225877242405772
3592,0.677747058047764,0.76554848048566,1.168470800138902,0.93302793096265
3593,0.672940891587,0.7665641173936311,1.1664032866989351,0.9237046147278252
3594,0.681633450252854,0.777174445166104,1.173689885739831,0.9260132324112492
3595,0.6806621723740861,0.7766730835040411,1.166862026504848,0.9278057271587672
3596,0.6805283905317381,0.7733033332919721,1.167196918224942,0.9260629762396
3597,0.6781418078943431,0.772111168050247,1.166623842781004,0.9289797056412352
3598,0.676711376513475,0.770258138145225,1.168030206491981,0.9321721030426192
3599,0.6829242404496321,0.7756295238716011,1.169869307914506,0.927150118529148
3600,0.6756182410686771,0.779451229542061,1.170122877843138,0.927959089153918
3601,0.68024825323643,0.767107332422249,1.1670700328937471,0.9280123179373532
3602,0.683428456250956,0.7713761190357411,1.176987910076327,0.9287754830134952
3603,0.682493525543722,0.770356398777685,1.176367525713167,0.9309153920444452
3604,0.6768045620047961,0.7746391014560401,1.173688878399738,0.9261788271259572
3605,0.673554051316518,0.7655153222706,1.17202797823626,0.91947380663908
3606,0.680219771367484,0.773963958132958,1.168392876999965,0.931610568548026
3607,0.677731095637748,0.773868525373762,1.171276614285897,0.92554625161532
3608,0.6723209908906961,0.7708443980933961,1.168588496204735,0.924732496692002
3609,0.6767238337222641,0.770154641266318,1.170798073968161,0.929306845896054
3610,0.6735615823417901,0.7720373066655101,1.173134508772172,0.92305056810163
3611,0.6735113568981921,0.774792532558026,1.166920423291731,0.929362695313234
3612,0.6783391999593681,0.7733610839299531,1.170546133557091,0.925365509006424
3613,0.684224909738354,0.7782839785019551,1.172635097650514,0.931236219929828
3614,0.679487201371702,0.767658260637435,1.170656733430814,0.9274416693040852
3615,0.6724243309294831,0.763861979911292,1.165569435751092,0.920224059562104
3616,0.6803630795599751,0.7754625778483301,1.169238118697767,0.930559586247672
3617,0.676202067619432,0.779019066712994,1.172858967729236,0.931738364064823
3618,0.676412019689661,0.7701001545225361,1.167578531024248,0.92733204472756
3619,0.679447470070875,0.771409221641395,1.169226033532101,0.932619649296005
3620,0.671087832932455,0.770805711655513,1.170983618584232,0.923877571426008
3621,0.6872259705071,0.774687782685825,1.168062815955583,0.9310971078989292
3622,0.6707973476985221,0.7634443659065421,1.170284107111502,0.9293210279142512
3623,0.682898429019943,0.7734848449843511,1.163176476631475,0.931370212682995
3624,0.6875265276842351,0.769650123149588,1.172348930891873,0.915584844226638
3625,0.676577645907367,0.769285225457903,1.168258230647315,0.920480413821296
3626,0.68057974603405,0.7731671474766041,1.171462509727132,0.920230770240659
3627,0.6794016471645531,0.7682301515470381,1.176445440861626,0.924484184821662
3628,0.6792480562800081,0.7697096766121141,1.166155407934085,0.925705387324526
3629,0.675518714782336,0.772752005013002,1.176066064208314,0.924075398270202
3630,0.678682233490373,0.769224863553392,1.169493028435154,0.92850246509888
3631,0.6811265415255571,0.774186616034611,1.172957017261912,0.927308868076922
3632,0.675061027100984,0.772282024548537,1.168782250928706,0.9281669202382152
3633,0.677599645692153,0.774944917879242,1.168223951605783,0.927825559308563
3634,0.6826587267543951,0.7700119320897081,1.174181383804998,0.925500431732423
3635,0.675704085875464,0.7685403184614321,1.166658255069152,0.9242157907211692
3636,0.682070700424736,0.775468722633693,1.170511770075646,0.922976028795043
3637,0.674347775164937,0.7668200201098471,1.167010813195636,0.924933302688641
3638,0.6769937541659761,0.7681607726043541,1.168776209047739,0.9235234293762752
3639,0.6779727081673731,0.77319511587637,1.170489327415176,0.930909489537926
3640,0.6753463279725841,0.768531388778617,1.169760553841141,0.9267893127179232
3641,0.678441254179114,0.7691629391865451,1.174506062614745,0.923127256036884
3642,0.677117037816324,0.774810108261695,1.17788705456516,0.931737600407306
3643,0.671235511160415,0.76989487979723,1.162528063831986,0.918207129814486
3644,0.674400598107688,0.77235635942307,1.176155597079491,0.925583541960172
3645,0.6726620770936851,0.7726579960705571,1.169331440891044,0.930441905487922
3646,0.6785429937738,0.770310780060464,1.167041356688824,0.927995223497998
3647,0.6843559203156521,0.7745142256220181,1.163882350900035,0.92639434515782
3648,0.6781349482041771,0.77326564695956,1.169246872050174,0.927218990562402
3649,0.6768568688328711,0.7692841730903881,1.174112433540648,0.930887418677625
3650,0.6758649418589431,0.771307691823745,1.170386365142421,0.926143981354392
3651,0.6743904532783701,0.7733587494146991,1.172890612288661,0.926321441253674
3652,0.6736498214034491,0.770613213488157,1.162872786323229,0.928962578376134
3653,0.675401207599518,0.7781564498293221,1.16445712108111,0.9260807662014512
3654,0.6797609629946341,0.772146967010221,1.1746519716537511,0.925319143179534
3655,0.6792464316215201,0.771924088182656,1.172501637775828,0.9331459176011272
3656,0.67658879491838,0.775614031091116,1.175083584867525,0.929419361810753
3657,0.679873206558218,0.770035144535527,1.167457255440345,0.928635700646302
3658,0.676922929891641,0.7691412764614901,1.170249900740126,0.932966685246514
3659,0.6780491187844581,0.778349854376005,1.17428878824348,0.924553928680826
3660,0.679593993431848,0.767982785252557,1.172241625578507,0.935215563364866
3661,0.6788967243409241,0.766751052892726,1.168871783583924,0.9216251391647512
3662,0.67752224271712,0.773666528364022,1.167338419327701,0.92568605625327
3663,0.6736736261434311,0.7766625328340391,1.169234080591063,0.92895101453515
3664,0.6847993948537371,0.7727493672915121,1.16862041308828,0.9331240072522472
3665,0.679554171941202,0.7706876851726271,1.170218951352264,0.92191772673117
3666,0.676895921509982,0.771882310185743,1.17293185794699,0.931065115618748
3667,0.6767738716055951,0.769500319292579,1.170637446253196,0.929659460117851
3668,0.675934834891687,0.7752408961886941,1.168399101042229,0.928097854327896
3669,0.6796964242298531,0.778052846374719,1.166551327791766,0.930539247161452
3670,0.6764861913802831,0.76738986869653,1.166479608286982,0.923402637108296
3671,0.6719803586872161,0.7682883937073791,1.171320313128872,0.9184982148471512
3672,0.675860126111386,0.772077968910984,1.16655557591846,0.921135128786166
3673,0.671848449991017,0.7707241131127741,1.170145015893639,0.9200017457908912
3674,0.679484073855522,0.772740255879319,1.164223702597445,0.928732739626497
3675,0.670058097906302,0.771125282066455,1.176100058508092,0.9221342309661532
3676,0.6757528754896011,0.76875882315031,1.163967407052067,0.92387380917975
3677,0.676260009866909,0.7704830518451291,1.174463893948258,0.9240756764792012
3678,0.678313975127926,0.772905474555665,1.163694997952468,0.9352465139135072
3679,0.682098244411357,0.7722924807365391,1.171925086150135,0.924025668182234
3680,0.677911462829164,0.770218086631401,1.166318578240664,0.930662733597168
3681,0.6733984774707451,0.773521056317764,1.175036067116087,0.92111574097172
3682,0.6746362069810641,0.7677567580687821,1.175706827986067,0.9295349970891852
3683,0.678623364698411,0.7752541744190711,1.169429230733194,0.9268000928982012
3684,0.67408669937024,0.7710931566746331,1.17236176284327,0.9382815961388572
3685,0.677479839816257,0.7687133612192191,1.172261036932468,0.925018235258218
3686,0.6799582729413021,0.770606337898019,1.164023844336254,0.927823093571308
3687,0.676866832364728,0.768418944940186,1.165364226245361,0.92826340323233
3688,0.6837473153204151,0.768068549641664,1.172713626122129,0.9309116423238012
3689,0.682301024514911,0.773087785511777,1.175308168690273,0.9256655728255492
3690,0.676267049639769,0.765058657613353,1.167559526536775,0.922319279497732
3691,0.674163650559342,0.7712539143968321,1.165493944200916,0.9298252770002332
3692,0.674060968223257,0.7703391981945521,1.170079512764578,0.926276324289864
3693,0.6789362896773691,0.7759579756985541,1.1726286458796351,0.931379778877548
3694,0.683417736647137,0.776660143465235,1.173638320703437,0.929394868054035
3695,0.676453217837041,0.7697830570564751,1.166713895465152,0.922453485753225
3696,0.6753154534954521,0.7724451953950131,1.165984061101208,0.927626301844914
3697,0.674151113877693,0.770962199007255,1.169883086305597,0.925608809524472
3698,0.6819289491336411,0.7684632549467291,1.166096798751665,0.92121177425851
3699,0.675925709523152,0.7665425950418341,1.16422153469445,0.9279445969378172
3700,0.6788596574595,0.778114609852217,1.172963187746379,0.927607668239785
3701,0.675568792618055,0.770412056342415,1.174587540544461,0.9218804816027052
3702,0.6760046931280601,0.7761160631974531,1.16943126798108,0.9363253448644412
3703,0.6789905948807361,0.770530044600583,1.16862407186325,0.924911822799755
3704,0.6781490068018861,0.766480307324209,1.168712943900322,0.9258629259639892
3705,0.671353642626301,0.7693784345967181,1.169309832803581,0.929747371704898
3706,0.67774892784655,0.7720372216856991,1.167842060651468,0.9266540389777952
3707,0.6801311361292991,0.777984988538251,1.170757521969684,0.931242266183962
3708,0.680515592539871,0.768187776963779,1.173095917140228,0.9173387882124252
3709,0.6805588522844981,0.7729553411836211,1.176611003560432,0.928805928218407
3710,0.673519337603795,0.7691501285070951,1.164542548250461,0.930169114681041
3711,0.6728420306699,0.7697874618613201,1.168983239086641,0.9229327225382772
3712,0.6821109572614441,0.7744715753672781,1.167552344501018,0.9217805540378112
3713,0.682448059806357,0.7682606398627371,1.163585461136223,0.9228977472453872
3714,0.6807643542255181,0.765456660610178,1.168751509509225,0.9188168759633232
3715,0.681965624211706,0.769459253851918,1.16277834891841,0.924059695901646
3716,0.6803812262048751,0.7727230181512621,1.177978477076344,0.923095936279582
3717,0.6786052429157751,0.771821184650711,1.176519896349181,0.93019351835592
3718,0.6789801083235201,0.7737966687351031,1.168505637326102,0.921283561466396
3719,0.680235473547076,0.772140749878641,1.165974278380905,0.921583191991068
3720,0.678838550018659,0.77401010044243,1.167278370995452,0.918468185983922
3721,0.672040165766425,0.767463521896929,1.164983531811099,0.927873564263184
3722,0.677736430712368,0.7700886928300921,1.1705185255926591,0.9261071979189692
3723,0.6738784021117541,0.7746711164928861,1.16877675898697,0.9242115014543132
3724,0.6790086400249731,0.7756302859904111,1.168274134397506,0.930714895327886
3725,0.6751791083294411,0.7740845144658841,1.174086230172627,0.9240014772538252
3726,0.678617152020983,0.774278774101665,1.163172255175701,0.924679904042378
3727,0.681765217199057,0.768762518638286,1.164895416169926,0.924949411842702
3728,0.6748665082875801,0.769832255615704,1.166764875037082,0.923453184384582
3729,0.671339849010109,0.766111101577247,1.162276389590208,0.919585557465536
3730,0.679339237484163,0.770474673613258,1.166545344543629,0.922830953789146
3731,0.6742093267756091,0.773102052509784,1.17017578376808,0.9253572221521452
3732,0.680774062062087,0.7756425911101741,1.17373017632011,0.9224401783414072
3733,0.67622984762209,0.7733973004463791,1.172486222956491,0.926476595437397
3734,0.674123156518823,0.7713514369898941,1.167474221816097,0.9270500769919672
3735,0.6742687030438921,0.7742052260732301,1.169356924144254,0.922068280613292
3736,0.6768958913027371,0.774220952845138,1.168948670768219,0.930156839930492
3737,0.6776108778743201,0.768209295752255,1.171404039730196,0.9302288937395892
3738,0.6692767416167511,0.771353741378887,1.16949557804543,0.926339079531422
3739,0.680036051927701,0.772146071752776,1.168951480069022,0.927476175912264
3740,0.6848201666945131,0.7756277321689371,1.176335300656332,0.928399717165292
3741,0.676656737518699,0.7705018184539201,1.174642105033432,0.921244723641354
3742,0.680222847809394,0.7692321486015251,1.166034009253633,0.931110176379266
3743,0.6759497970072681,0.772094193360079,1.170318876811559,0.923765253329622
3744,0.6807739817793811,0.7748816549993941,1.168292135432146,0.92635042325634
3745,0.677133091792896,0.772474819767302,1.177727633304354,0.9287434918401032
3746,0.6814187718690301,0.7779592357683871,1.174181134372517,0.9285259319172392
3747,0.6754569817010471,0.7703509001412251,1.169644107529218,0.9162972587552192
3748,0.682773902364399,0.771906049571175,1.168166054331738,0.924381060957692
3749,0.6817543440754861,0.768356002867221,1.165549107651779,0.92295841500163
3750,0.6778059218726721,0.77460941510356,1.166041003513163,0.9242466448981692
3751,0.669370171087591,0.7690821383958271,1.169994747185188,0.928464006119664
3752,0.681736322524754,0.7749965717827061,1.173540993985058,0.923102273025374
3753,0.677832655203731,0.7715366774279131,1.176099894919257,0.929579216770935
3754,0.6782601915731811,0.771972758830457,1.166654261234013,0.921946204739852
3755,0.6748887233544081,0.7710587218187851,1.166772196474282,0.923668865438388
3756,0.6723846788855561,0.770142155928888,1.166115224361419,0.920752623212942
3757,0.6742289180232991,0.773735324109809,1.170974328250124,0.929882355817202
3758,0.679932602910675,0.7747165259459741,1.172846214818781,0.9313698947105712
3759,0.68087381110999,0.773583759108315,1.172391543245833,0.9243822281613292
3760,0.673808194669908,0.7722118557363311,1.164193606786969,0.928416660838369
3761,0.676979542642399,0.76797468981881,1.169066654491251,0.927152772825481
3762,0.677641398016957,0.768286719594312,1.16898010995077,0.926080320894286
3763,0.6774255095346681,0.774215275826661,1.175822485616241,0.92935688437327
3764,0.674996471734366,0.771915660928124,1.167928646008173,0.920746681077972
3765,0.6766629749234171,0.7771343479769811,1.171190430828626,0.9260829308110732
3766,0.6840815057141191,0.773028997083505,1.17271017704321,0.925551066715
3767,0.678266342135443,0.7677841925102731,1.170068551772746,0.92565127853574
3768,0.678607035347301,0.770388138574966,1.17288744719564,0.925074339371876
3769,0.6779930956823671,0.780200922402782,1.174003150368082,0.932361406881524
3770,0.674029560300751,0.7683485369535461,1.163076983521814,0.92183369408915
3771,0.6783620463009331,0.7701441402668531,1.17319690004207,0.921198954832726
3772,0.672590076761401,0.7644950550967361,1.174818633367186,0.9148955104089732
3773,0.674840526574331,0.76988811996104,1.173818170052507,0.9175794703642952
3774,0.675210447765994,0.7699873016580291,1.162226917627065,0.924668516396828
3775,0.683564139611047,0.7743752663550171,1.16441707259071,0.9200391240849872
3776,0.6794276509326,0.769007014839545,1.165640751196854,0.9292126013155
3777,0.677408722863681,0.7733156652986141,1.169115805323573,0.925115587027824
3778,0.6777252862364911,0.7757594009888341,1.180299791304961,0.9297575894473252
3779,0.6711757631999421,0.770371270136556,1.172788812846377,0.9234681193433372
3780,0.67794161443801,0.774631914669188,1.174442199153312,0.924295826396648
3781,0.6858948978554941,0.769235690758712,1.173716815269511,0.926141938545565
3782,0.671230046051567,0.772461801119472,1.169427357937978,0.925397297664397
3783,0.677476655529893,0.774848007421562,1.166080404126989,0.9280803782082552
3784,0.672478354468509,0.7655737512353531,1.160340806496316,0.9245321579493472
3785,0.677009582897459,0.7727616123747131,1.170351402591104,0.9260043199241592
3786,0.6745245459934941,0.773173816610073,1.168117690237535,0.9234946141478372
3787,0.6836597740488201,0.776009280720482,1.177242184030837,0.927224274373788
3788,0.677628871674338,0.775729656327461,1.172762161255746,0.9277267819675412
3789,0.677852975258576,0.7714610981984411,1.167282316239847,0.926655991110896
3790,0.681770581860041,0.778775474731472,1.173332521017046,0.9405048425862752
3791,0.676354699592659,0.764456793989824,1.1727016198894251,0.9243504749745992
3792,0.6870253761231461,0.7731115064327261,1.1650090392517,0.928378973561136
3793,0.669281499838267,0.768929401385611,1.163327613278575,0.919032489422006
3794,0.67856854500006,0.765873400521451,1.167908596279828,0.929841965032012
3795,0.67724647094914,0.763817776480446,1.166892715338347,0.9281396520850452
3796,0.671905810364346,0.7694012008715361,1.168819099016811,0.921352696294585
3797,0.677242032697667,0.7710401143716731,1.166993507872457,0.92978656972232
3798,0.680306213219528,0.770003045058768,1.172737983365853,0.924848469676099
3799,0.679809625975895,0.7759643233772631,1.165694460488747,0.9240145411720312
3800,0.6796605972762121,0.775256157893201,1.16954692442348,0.935167569289172
3801,0.673803143230253,0.7678430466980171,1.164906785755917,0.923340857298909
3802,0.6789613485174331,0.767767032095487,1.16836320457683,0.923992042551222
3803,0.674093566780936,0.769730839500392,1.168224559529967,0.9227396042450612
3804,0.673422336173446,0.767703972324944,1.169658120883547,0.921728425753721
3805,0.675633529363119,0.768361629027387,1.164138539869716,0.924860191544976
3806,0.6711741790337401,0.7714103295103361,1.174736878362254,0.9253453583443072
3807,0.678147896314444,0.7708464236795031,1.176811812040598,0.9241525493832172
3808,0.6778398670418101,0.770681214937265,1.166886537079362,0.929432874491465
3809,0.6802863268910541,0.772060822317565,1.175149913175382,0.9290872563918432
3810,0.6757701608095911,0.774969081947768,1.167607733304949,0.9266244903260812
3811,0.6768146857781251,0.772971237267273,1.172264424787051,0.920642750742642
3812,0.674261869592727,0.771690301921056,1.170466857219951,0.924380666886766
3813,0.672768835410259,0.770331817476645,1.168444786382758,0.926136367508898
3814,0.6757765802136361,0.7684563537654671,1.166867620811082,0.9259438362998372
3815,0.686575545187013,0.7775423661738201,1.169315198517364,0.92763633367376
3816,0.678283882934762,0.771660372830819,1.167570375661919,0.920862381764944
3817,0.6782186416018261,0.7718870649519171,1.167246495899947,0.919111549287386
3818,0.676318621856794,0.767371801146562,1.176721571904161,0.924455012775201
3819,0.683147003010347,0.777568573968997,1.177846015795417,0.926543674823166
3820,0.680430432295669,0.7679817469223681,1.167568150097909,0.926302537376034
3821,0.6787870667766831,0.7708749051975161,1.171006804035193,0.92486422981365
3822,0.677542847162787,0.770539928065693,1.16396883799546,0.925310150193779
3823,0.6783237931305081,0.771075810103312,1.173039894065131,0.923733644997296
3824,0.6745022705661641,0.7711191247554791,1.167919257952683,0.9321793635794212
3825,0.674205880153222,0.7747030036820881,1.170544690735962,0.9225738883234452
3826,0.6742792627841661,0.774343819181988,1.16255151728789,0.9289813235780032
3827,0.6843204368715701,0.770990061155263,1.170694418251514,0.929574241537762
3828,0.673717223350768,0.768529334577961,1.160945627568424,0.9236447262591212
3829,0.6763796088002291,0.7681553078734351,1.16671933028577,0.923652824419348
3830,0.671989855424001,0.7681410822315491,1.167344066651834,0.922247472718574
3831,0.67891481310885,0.780216236045395,1.17373614013195,0.928933258289876
3832,0.67836390370908,0.7748022769456321,1.167297478171362,0.933358097232986
3833,0.66876321391243,0.766516047975291,1.157816613389962,0.924291730224006
3834,0.678939194998879,0.7681425495640091,1.175624664494956,0.929606933200704
3835,0.675776955982049,0.772862681552119,1.171267563774102,0.925861231685764
3836,0.6738044362029301,0.769227589062158,1.167045718625835,0.929903368965007
3837,0.67537303355293,0.7748504566109691,1.172808813983979,0.920839490126008
3838,0.674013277434784,0.7707237936016441,1.159786490210588,0.921464216908898
3839,0.67404547104261,0.7749714493967481,1.17039148012797,0.9251684162063872
3840,0.678793956512126,0.770928863166035,1.159965006661587,0.924777193750808
3841,0.6800045415867061,0.7706654086924981,1.168158054243827,0.9256646748956132
3842,0.680267621128671,0.7744727667043171,1.172361191956029,0.921482361610168
3843,0.668656833793806,0.763929331216259,1.169419366488422,0.925170333192184
3844,0.6781628137265421,0.770770938824052,1.16505613685518,0.926361877471208
3845,0.675672647745712,0.767589323330616,1.165120162177777,0.9233770335120132
3846,0.6732507857183611,0.772880115586778,1.168971676217473,0.9259061508042652
3847,0.674620817266944,0.771657130640486,1.166888996742773,0.9220275460755912
3848,0.676599854657399,0.7716050466549561,1.165988670311112,0.919778319426636
3849,0.6691485778901021,0.768282581714616,1.169384934116101,0.918185553149036
3850,0.6798444047462241,0.7732254553964171,1.176058753137139,0.9285574980026132
3851,0.67632828588071,0.7655763901446171,1.169919206180434,0.9270799894803672
3852,0.6762136068411061,0.7715998095446731,1.167617536433365,0.9180594401407072
3853,0.681040360254869,0.769913844548273,1.164098980634108,0.927628863656866
3854,0.6724544458253221,0.771066225309302,1.165774753128273,0.921998795445846
3855,0.6762529544100381,0.7684749897191491,1.1684855082328771,0.923733241802108
3856,0.676270528979923,0.7723255896049991,1.172623515776966,0.921483021499454
3857,0.6723403419921361,0.7743629032503001,1.169491095171458,0.9292696429875452
3858,0.674980718075581,0.771401658978151,1.171699348891127,0.9232693366922332
3859,0.668898453558052,0.7780661506281381,1.167763279939907,0.9257878542648272
3860,0.675868469573881,0.76844710673111,1.170773857745571,0.915531856048366
3861,0.67251082042745,0.771366129426852,1.1673350117128831,0.926149763058925
3862,0.6739394630210981,0.770941859138184,1.16765346378088,0.924605567224215
3863,0.6740976899754311,0.7688447450814041,1.163338841195555,0.91719182461932
3864,0.673654982334245,0.7739015436474821,1.168553575765395,0.931704903399382
3865,0.6769323188649571,0.76943642505701,1.166003176483555,0.922260366569178
3866,0.6821793210085321,0.772533850069495,1.171280638139317,0.9225404162121852
3867,0.6766859483567701,0.772571791665277,1.166107890398606,0.9215000585207472
3868,0.6767279165594471,0.766077902114045,1.164490455626577,0.928530836396891
3869,0.6788087930476321,0.773310660020164,1.169170522279497,0.928828994972982
3870,0.667682445270643,0.7698962995107621,1.172206207893896,0.921545547446694
3871,0.668918945138221,0.7709112282896381,1.168137340226035,0.925384327175392
3872,0.677950268152399,0.771724224198555,1.181262409449487,0.922656027654158
3873,0.675296842619992,0.7718468350560761,1.168733808225479,0.925856000082432
3874,0.670265066990817,0.7682030779727991,1.166589552185673,0.920196531799392
3875,0.6819618332969101,0.7750202081557631,1.169904232673023,0.923121726842246
3876,0.673891843472054,0.7719685925521711,1.169466484176076,0.9262561547853372
3877,0.6738706538048771,0.7649195514943281,1.16227005486903,0.9165099595497912
3878,0.679879114895627,0.7762497194867201,1.172052041991897,0.9255988122490432
3879,0.673443790741156,0.7717074021913001,1.16832092685112,0.9273729139695992
3880,0.673454814819969,0.766339871114578,1.168317571714304,0.921838658308421
3881,0.673088460620762,0.768313153390435,1.165741402169932,0.9118576200705932
3882,0.674365807540606,0.766405050521311,1.169059539294761,0.915850340213248
3883,0.6744547851815601,0.768190956957962,1.169910719753175,0.917821001180488
3884,0.665199560342707,0.7649213147984031,1.171038881484149,0.9165069960813592
3885,0.676085164257581,0.7730928149776181,1.157790770889192,0.9223187785811612
3886,0.6749002419250161,0.7658962070725961,1.169596019646395,0.920941341749351
3887,0.6787450202349301,0.7680404472394261,1.167679087731285,0.926482303149026
3888,0.676527340208058,0.768687347031157,1.168441188724144,0.9252257695340592
3889,0.6742064018828281,0.7708980088000711,1.164171722488127,0.915909472960924
3890,0.68198136601975,0.769554497107215,1.173634548226128,0.926786374975589
3891,0.681114899318503,0.7679724144762841,1.172431563445623,0.93271996518192
3892,0.673407996127354,0.7766453196173121,1.163399398758791,0.9313845285146992
3893,0.6746403205113991,0.7731675161183741,1.175501190233921,0.927995935541348
3894,0.6780607584270011,0.7798809638057931,1.168269921796045,0.92497545969335
3895,0.6785749790893081,0.764333152900571,1.170339694057685,0.922228081826714
3896,0.6846879115193211,0.7769533979935921,1.18140599336745,0.920534532571184
3897,0.667936470143605,0.7697285693408781,1.169583491009214,0.9221305403912412
3898,0.6740776474547121,0.7662154141327611,1.1635685838435,0.9240641434933392
3899,0.6822888958605301,0.7733570979773131,1.16927564619244,0.9291882461503792
3900,0.677825997408101,0.768943203532177,1.168699677871621,0.921739836938787
3901,0.6740058691281341,0.773635767184305,1.170091261142406,0.920869023282674
3902,0.6810854403706991,0.763019278321577,1.162519329807896,0.9160904790936172
3903,0.6700919118534391,0.7654835538587701,1.166157082479069,0.916922242178217
3904,0.672283892776223,0.7676479744090551,1.16574858398973,0.927484020833735
3905,0.672679076592127,0.7737808613025621,1.1711502276037051,0.919866946593358
3906,0.6773509677985441,0.7705564186840811,1.1679118204375971,0.930806785363002
3907,0.6764731626633711,0.775178360766258,1.17094832777545,0.9316732649138
3908,0.67557738740267,0.7701362191119051,1.167909669595352,0.929128793243696
3909,0.674500421472433,0.7659591729010361,1.168599922263967,0.922583012990113
3910,0.6765441500946231,0.7668932092146591,1.163322954722072,0.923133998893309
3911,0.676618109686651,0.7749333536063411,1.162579372849153,0.929294372841283
3912,0.675650437969876,0.7697651418654811,1.1739291750650471,0.9262854862094352
3913,0.6780575071124061,0.767401757555595,1.165652454763219,0.919640004256929
3914,0.674395330925134,0.7751865105136581,1.175677001368308,0.9271018988034432
3915,0.670712236989883,0.7698076154658761,1.172316047808398,0.9218222207889172
3916,0.6790633828689651,0.768572127905444,1.164106067108071,0.921150385928542
3917,0.6819236422956421,0.7750777270698891,1.172999462247758,0.927977321480495
3918,0.67425970484813,0.7681207906292831,1.166649754928506,0.9176240250252292
3919,0.669121459990307,0.7643278133178101,1.169967500951842,0.92293220863718
3920,0.6810547764804481,0.7706368088290311,1.16877776114405,0.9228548329809432
3921,0.6739067963553941,0.770058305583138,1.168039014158041,0.92201729302389
3922,0.6750011291840801,0.772171616878198,1.170465066489102,0.926208596757572
3923,0.6764412509358441,0.7711244423104361,1.167815290499424,0.922367483269477
3924,0.676084890880662,0.767721086308576,1.165039529942948,0.91909893742506
3925,0.6772462644654771,0.7679819097553471,1.165353321078894,0.916306660524097
3926,0.676438076421618,0.7719482753587801,1.162873458063257,0.915086130571106
3927,0.6721814237804941,0.7666309076374851,1.161359696824481,0.920542251237708
3928,0.6723321672744941,0.767641127757404,1.166221788719944,0.919999285236648
3929,0.683568547061388,0.7714349295997961,1.173273605281028,0.928133428015786
3930,0.676890676031294,0.7733162883399191,1.17485486338104,0.91844210182519
3931,0.6754209930752061,0.7730335574867061,1.157297146277151,0.9214102776748112
3932,0.6772238449395991,0.7649459492253221,1.171349348905293,0.927854998469136
3933,0.672405784922665,0.7729767009183981,1.160671850693398,0.925596612870045
3934,0.6716418410718871,0.7659337989230081,1.169429520873919,0.9172012694180012
3935,0.676287083495138,0.7746649218210271,1.171444568189157,0.9280127147347592
3936,0.677596585960059,0.77502932259138,1.170590323598488,0.9326198006831652
3937,0.680349522418733,0.771115649761497,1.174884632769702,0.925865285206532
3938,0.6828837282955641,0.7736104479518491,1.175731280791586,0.929787611453861
3939,0.677514101662065,0.7741268435898031,1.165658973913262,0.917950935958736
3940,0.6779579064012431,0.7734820265052971,1.1711187148871631,0.9286754004441312
3941,0.675109901991875,0.775414099403913,1.168466404512308,0.9260662797622492
3942,0.6768458800903261,0.770333940676157,1.170525753735632,0.920189537593851
3943,0.678407547725499,0.770037076935388,1.167596226477104,0.923611103732516
3944,0.6735059357099771,0.7665145322680471,1.167980775345062,0.9178766202505512
3945,0.6649101281781561,0.7663784456857731,1.16733206052711,0.91207007145968
3946,0.67828055155342,0.77791378441928,1.17406314978565,0.925258271531134
3947,0.685003538224576,0.768597136913002,1.167455496347468,0.927629847727392
3948,0.670886275021062,0.769405883399472,1.162720755498478,0.920240540867266
3949,0.6760477927661891,0.774936619444169,1.16907930460529,0.9301019487227652
3950,0.675498488615604,0.7715826775284781,1.166940126622068,0.929689538462654
3951,0.674955175325706,0.768099399580471,1.169260015954142,0.919093144814605
3952,0.676186285427083,0.770951332605403,1.166521809239318,0.923151135417646
3953,0.67642569080319,0.7672966990781861,1.168623543735863,0.917441848449517
3954,0.671093460145419,0.767422920227914,1.172525958954424,0.920523038160973
3955,0.6681110512573211,0.76743735956109,1.169337353088717,0.921014150442636
3956,0.67690474194461,0.7736980974458261,1.174402944203736,0.92436758512496
3957,0.6775657562134051,0.7714432571893151,1.167516747138638,0.9228942699028532
3958,0.669365874370155,0.771441267884295,1.1712776114759231,0.9277710890046492
3959,0.6773163926774171,0.76466687714708,1.166678145635819,0.9200288168276132
3960,0.6752108287444151,0.772500531936901,1.170186661723731,0.9233647585185112
3961,0.6753846888794841,0.7656606430376781,1.171857804167961,0.925602845955586
3962,0.6757898117969,0.772682418425877,1.167103121354096,0.9206846042981612
3963,0.6804992957175641,0.7750015756574231,1.168190677312837,0.93060651783278
3964,0.6763498672162701,0.764732235043809,1.161641036254772,0.915065997941554
3965,0.6758193025986351,0.772527805057124,1.167195625927137,0.928511122187626
3966,0.676256269756434,0.7631103464442751,1.158581774195899,0.9192524232996112
3967,0.6720013416007811,0.7743445970657941,1.169419704464034,0.9242489139238992
3968,0.6706978086436141,0.7678149713986161,1.157666278598101,0.9215238790257252
3969,0.677773368531379,0.7754501272802761,1.173026959965194,0.929279552178754
3970,0.673211705506495,0.771094964790171,1.172198783228363,0.926606852372271
3971,0.681367124039409,0.780033157571502,1.177647942542166,0.924497055726638
3972,0.6743438154512991,0.771917632848456,1.171126665628474,0.927322679968631
3973,0.6733303774364181,0.7683472741341241,1.163233665668446,0.923988980821509
3974,0.673820869106313,0.7733047214755111,1.176557131111621,0.919317847927627
3975,0.674060961447548,0.772104925111584,1.166641812825548,0.9217640029509432
3976,0.681222846785533,0.7677481892532191,1.172594994306564,0.930665143509057
3977,0.668891510048854,0.7662731471700941,1.164996558125468,0.920539101477766
3978,0.674243895714913,0.770935190544612,1.167005860827107,0.924876199981224
3979,0.682317617821736,0.7708247877333471,1.176832299841486,0.930541397220846
3980,0.6753337819237201,0.7673538512941721,1.162490324157735,0.919674942566864
3981,0.678147844052401,0.769086348513762,1.171440247716247,0.9229806144654312
3982,0.6712772346007221,0.7650219616682631,1.165390069717946,0.92285018487145
3983,0.6772676605083371,0.77335111397332,1.170881610741649,0.9165292190846752
3984,0.670808971414099,0.7586403453479641,1.163041653192561,0.925309097664295
3985,0.675896403123287,0.7663097403187681,1.167956724223019,0.917085418450659
3986,0.6744764927990621,0.775663643103578,1.167680662719236,0.9274510520955792
3987,0.678663410246372,0.766701334520526,1.1630376441323231,0.9163885788209192
3988,0.6727752178313501,0.7688121169373611,1.16647413459377,0.919191337177071
3989,0.6744629226732941,0.771041955636895,1.169749865389388,0.917430986852749
3990,0.676341483639418,0.768161387439223,1.170262539300365,0.920590724904036
3991,0.6753627334221981,0.7662300077685411,1.167401413230792,0.918395135794644
3992,0.6830846279103681,0.767624801159768,1.164123578779939,0.917846432900515
3993,0.672701598158565,0.7704704890864481,1.171391667771166,0.918964558132532
3994,0.6784457205322341,0.7709445694218511,1.170187616045924,0.918866869872031
3995,0.6808593530693781,0.774630941234637,1.171823956288289,0.928035278089236
3996,0.672333995933118,0.770998956176681,1.166160656598167,0.922769398603966
3997,0.676119607778779,0.7701853628175841,1.161431659930858,0.9193596857721392
3998,0.678021281849646,0.7733121364228961,1.173495907174504,0.920944629560994
3999,0.67192092621564,0.773909369456595,1.164759243636027,0.921362148543846
4000,0.6754855799988121,0.7747035031949261,1.164747969395872,0.916387698869558
4001,0.669358522752704,0.767031703522239,1.165671293286309,0.920942814993685
4002,0.6747641923256971,0.773538426752539,1.168498613372229,0.924505664899513
4003,0.667686340250614,0.7680904405272521,1.166931684790314,0.9167479637308392
4004,0.6770161370868261,0.771212269322595,1.171616741712542,0.921188668496366
4005,0.677159261687294,0.7700510338164751,1.167286997903948,0.9144768773213672
4006,0.6826691743040431,0.778007338228433,1.171406916410162,0.930310637973572
4007,0.6745358233380571,0.7695019118811771,1.163736838253511,0.924204531004247
4008,0.679302470245655,0.7722220965053721,1.17319465007471,0.920227557231766
4009,0.675358698284928,0.7670844552525571,1.169278096893559,0.924248727821353
4010,0.6789905963114631,0.7778433343206621,1.173267560916534,0.924646209358521
4011,0.677996092894371,0.767605801855308,1.163235770079536,0.9164352797079772
4012,0.672713039172948,0.771394545833269,1.169690334926481,0.924360572211984
4013,0.6742123901520081,0.769667634929435,1.176878887350144,0.9235184006123
4014,0.674475563582086,0.76931273051794,1.169922986648221,0.919637297860522
4015,0.6686662160723971,0.7673443841977391,1.164629795629045,0.919897077929066
4016,0.6706146641593911,0.773704834174418,1.167993541752946,0.926404640753416
4017,0.674974892639379,0.7691391170888701,1.162610950245373,0.923200477994438
4018,0.6681598722934721,0.76661491955536,1.168878951258417,0.91945847372214
4019,0.6796399631631971,0.7718273827779121,1.164805021298968,0.9193944887028652
4020,0.673010168165184,0.771019420546034,1.168668618452721,0.918690555148582
4021,0.6760746980274931,0.7758292433792261,1.169221844038237,0.9219724202825532
4022,0.674750344449843,0.767211052926554,1.171912894948669,0.9192034716623412
4023,0.6730714603394701,0.7684973073394401,1.165488193216531,0.92528699449115
4024,0.674371311279094,0.767718935034413,1.169499622306962,0.92277082066605
4025,0.671789309765765,0.769762278359005,1.168956879040469,0.919847726335992
4026,0.6764160549889,0.7664261241106021,1.159456281126409,0.916923291900235
4027,0.6766077542434561,0.76835844233848,1.168569912081179,0.924770644771448
4028,0.6771311387149751,0.7704671444236361,1.164746258677779,0.9222217562837872
4029,0.67297932996914,0.7663794181485101,1.162779842273912,0.9207487179749252
4030,0.675801071378847,0.7697141825936841,1.165023763758548,0.9167156010002332
4031,0.674617447040003,0.772585215775863,1.168022492117639,0.930345294889116
4032,0.6735144028629081,0.7656078467118561,1.172737463120965,0.9183907011064932
4033,0.681972830353871,0.7724590813336161,1.170860698581605,0.9279444776475432
4034,0.6729028572098931,0.7722367595719251,1.170399070757886,0.9280521062513192
4035,0.677655807520816,0.7726156279660651,1.169733356846415,0.926438463824814
4036,0.6827967920866991,0.770497539661068,1.164090566769026,0.9254350094529592
4037,0.674179119746322,0.766187395738518,1.172316212261068,0.9211908698999792
4038,0.6740575531038681,0.7745477063716321,1.170501106243202,0.926876788607974
4039,0.677076277444544,0.7701908418017881,1.168792192918666,0.919454640587386
4040,0.6720069468669271,0.7678163030009331,1.166740506455518,0.9155609653587792
4041,0.670805101377376,0.771755632175051,1.16359934253969,0.916733102953952
4042,0.6739673746236851,0.771175844513851,1.168775034339531,0.9260191842373732
4043,0.676240118571381,0.770063450478989,1.174355350866697,0.924451186065224
4044,0.6724818921715451,0.7692148407948181,1.169870637465214,0.9153194129736952
4045,0.6831675203975991,0.780854027232398,1.170636229217052,0.928466398295932
4046,0.673259240534642,0.771344829728637,1.164703796955122,0.912552380772388
4047,0.682969219982624,0.779692698432051,1.170193880904412,0.932406004005368
4048,0.6731561546524361,0.7726307811512461,1.167751070921835,0.916898046471718
4049,0.67453415794433,0.7663126315759571,1.166178934708021,0.919171555696622
4050,0.673513030849289,0.7709367294674331,1.173995094130868,0.924975135161177
4051,0.6705803577450731,0.7691280866662661,1.169128074486186,0.915316819550766
4052,0.671185644667433,0.769130791766919,1.166457402209441,0.912985306935034
4053,0.680521880775906,0.768435741248338,1.1615192583505651,0.916229060459612
4054,0.6753757533387861,0.7736026835830311,1.163861235414726,0.914666458586419
4055,0.6766192337795011,0.767469613124495,1.167541071232678,0.924582617492347
4056,0.671431311284718,0.7708888536562091,1.167175210148528,0.925065759326452
4057,0.6739692182104651,0.7736949265219161,1.165514230728149,0.922079563437812
4058,0.6717030558789121,0.7703155646289601,1.173978324925554,0.9251776269056652
4059,0.6784543139131171,0.7698893643159791,1.166077980852645,0.9124558731859572
4060,0.671452998332139,0.771188900306604,1.16735517438771,0.918481705899255
4061,0.6757687809674631,0.771899713554244,1.163131140928337,0.921993735583796
4062,0.673538858529882,0.767229178569455,1.161002360716246,0.9186866795779132
4063,0.6711146703286871,0.766526168455248,1.174398046364818,0.9256618557956772
4064,0.67065269248965,0.770185721741206,1.1665555216048071,0.9220825884545192
4065,0.67575872314257,0.7669442124340841,1.162549831944963,0.9172246898861892
4066,0.680397602419058,0.772524858946385,1.178025013294772,0.916024989003072
4067,0.6717477570949251,0.7696774288795991,1.165011922194474,0.925583366979507
4068,0.678281110886862,0.763652762749056,1.164324309838854,0.918795283397902
4069,0.673861084370941,0.7739338367313571,1.167189216916112,0.92033864379577
4070,0.67566521814012,0.7686240693581271,1.171258852317713,0.919130312143892
4071,0.676818917950858,0.7745364055685371,1.167388283040212,0.928680422162448
4072,0.6780444428972571,0.779624050078184,1.161147635700046,0.9266754900631692
4073,0.6724909813399761,0.7706134898075151,1.170461588795634,0.916682840905327
4074,0.675963677600889,0.7733376824121541,1.16802425423394,0.9203657676344332
4075,0.6769054102023011,0.771762670382209,1.172705129112886,0.9235333858084852
4076,0.6758713988938191,0.768342322953369,1.172927121969236,0.923342045153612
4077,0.6707693338394161,0.771564376850922,1.163486689437126,0.9179104441317952
4078,0.6743263648417981,0.7698148018208101,1.170111446492913,0.9270730919704052
4079,0.676025434005735,0.762414762939231,1.166462440313636,0.918019992447849
4080,0.671934403182155,0.7683584437422131,1.167480008973591,0.9183098651144812
4081,0.6704832712269341,0.7644406054978781,1.165656031149885,0.9234602193523572
4082,0.6704894306435101,0.7716520259129821,1.1681269075775491,0.92156778294863
4083,0.669864441686566,0.766468547176623,1.163170858893705,0.922759018163534
4084,0.679726380962824,0.7752643726442171,1.170953611640826,0.917674971906387
4085,0.6698035991386221,0.76991853636244,1.170602694477724,0.922684443979591
4086,0.670882852208139,0.770041432825551,1.167004656640516,0.9242889810137552
4087,0.6742274330092081,0.770034116787323,1.166477230040059,0.917783763367628
4088,0.6823069445410931,0.764729438052661,1.171322852697061,0.912566364054446
4089,0.673762278739308,0.7660633053468621,1.166254699230194,0.91703573587364
4090,0.6761125987530611,0.773831019366996,1.168977533237657,0.9320426870245432
4091,0.6789557286470691,0.767479670976383,1.168669070994508,0.917631227361119
4092,0.675125977537338,0.7766745057010991,1.163760336520879,0.928660832129526
4093,0.6711129201441141,0.7670169593631351,1.167442096748213,0.9151339733406252
4094,0.6794532315292651,0.7774391402153,1.166840047508046,0.928320838543384
4095,0.67346562296692,0.771562208947928,1.171443003567232,0.9183428677581792
4096,0.671116976229392,0.767920963682126,1.166337191410686,0.921406855104842
4097,0.6819607717781391,0.777666560657646,1.164886993342551,0.917898143061261
4098,0.675276554230114,0.7708026958980421,1.171291622670664,0.918790488868304
4099,0.678253772763022,0.7698536207494521,1.163510806534601,0.9128613683354592
4100,0.674105767673556,0.769044143134269,1.159556220299091,0.9158329861913472
4101,0.6644343575597671,0.7662650331638861,1.167549155328584,0.920873829123118
4102,0.669807403307894,0.769295229751994,1.168759682796139,0.923258352565808
4103,0.6710156339990051,0.7716760217495581,1.166560271835845,0.927822618758764
4104,0.671181956845997,0.766733026051003,1.172127953474072,0.9218785079816972
4105,0.675230657438869,0.7672744994794111,1.161590503717678,0.919452711075976
4106,0.673381254103952,0.763651040261206,1.163524316704791,0.9243718553334472
4107,0.671600697049196,0.7706371855692581,1.167931634986746,0.9261707799590152
4108,0.6733879470468861,0.769187957372354,1.172416896059893,0.920327717519324
4109,0.6731891737090071,0.7677579121529191,1.166450613218805,0.9239768001480372
4110,0.6730020194975791,0.7693970312458881,1.164326065584369,0.9191047278759272
4111,0.674049040221649,0.7667347946460691,1.171287611558817,0.926297717066346
4112,0.6729726206943171,0.7722439522976461,1.170630975261978,0.921054530375893
4113,0.6767886003236401,0.7727360804227811,1.1634634200861491,0.925532245792556
4114,0.673449592151935,0.770290663168914,1.176230197259481,0.918285929962344
4115,0.6680339596679671,0.765585643117842,1.163903768619765,0.921056044922358
4116,0.676805195412126,0.7732892294508821,1.176166892591594,0.922362294021076
4117,0.678213832009097,0.7726907440717671,1.168121025830075,0.91891121926407
4118,0.673669441913565,0.7676534510177111,1.16940085708663,0.9209924558366552
4119,0.667812653074877,0.766390123013137,1.162346934926682,0.922084226124528
4120,0.6740125924672771,0.7715350935856501,1.166717827536057,0.920325632085618
4121,0.6719008370748031,0.7644224351514941,1.159773527712061,0.918666769979872
4122,0.672691731538245,0.7752658973137531,1.166570041598617,0.92128851585954
4123,0.672897856574559,0.7739348435315531,1.164773163804109,0.929938232391208
4124,0.6707752256019821,0.7670581412056211,1.167851925220178,0.9211194837006972
4125,0.671088130280807,0.7652607863579971,1.168347451134004,0.9192572035219352
4126,0.67244811947255,0.765794584068699,1.165287524569725,0.916348406991017
4127,0.673617337303965,0.7717366678559261,1.166812201017055,0.9211421771163952
4128,0.6711273082950401,0.7695728689432141,1.161967633643012,0.92008814604386
4129,0.6626847375292271,0.7636423284808791,1.161716666342555,0.91661630273945
4130,0.67395527884904,0.7708731859490491,1.167155929125737,0.921080492058957
4131,0.667176664442471,0.7733580344829001,1.168455876086069,0.92250746321203
4132,0.672038603709011,0.768952089483323,1.162922181512998,0.925880043888869
4133,0.674422591222801,0.769194845488106,1.1666153473914531,0.9221778496883912
4134,0.6785926469804151,0.768197023998136,1.165154224612574,0.919231233308496
4135,0.672396759840025,0.7644679809826,1.164803227004797,0.924486567630716
4136,0.675618156547779,0.7671754440103751,1.167683115471964,0.922461446104706
4137,0.67357861890417,0.766727188899033,1.165030882950278,0.92401037475877
4138,0.6771980177989041,0.76755110822294,1.167723988493283,0.928178262748364
4139,0.672220040382682,0.7666628142629841,1.16274944509285,0.916852984118504
4140,0.670389092540827,0.7638502636033551,1.161594211731268,0.921823785437837
4141,0.67906975702963,0.7691389690490731,1.172900081436703,0.917617211820206
4142,0.6737506257613061,0.766375421613886,1.168187574739905,0.920234474636938
4143,0.668588562504104,0.77157238136599,1.167637522669806,0.914219924775154
4144,0.6763501486376571,0.773321910720804,1.165628562802853,0.920081186256762
4145,0.676874592846286,0.766722189883391,1.166976315387781,0.9187703334280972
4146,0.6733128516462401,0.7679732677297311,1.166300100584824,0.91786405665503
4147,0.6703400368923721,0.766340798765852,1.160768784150697,0.9117027983285372
4148,0.682813403021166,0.775729537226151,1.171117742532405,0.919924781860216
4149,0.675589345773493,0.777707176363986,1.16660166952921,0.9207609882983172
4150,0.6733839093451051,0.772035820868568,1.166098697677902,0.9183664953039172
4151,0.67295346479269,0.77016603709131,1.1639858567412351,0.917719313658881
4152,0.671143852930138,0.7668898536459261,1.16733218718698,0.91252177303144
4153,0.6767482776194811,0.7747583775848581,1.164396882165169,0.9187176245656132
4154,0.665133249797466,0.7733288265872691,1.1656341622921,0.920841070377956
4155,0.6738563438310571,0.768423619801583,1.165719673361467,0.9122596131232772
4156,0.6669377708888571,0.763217133348402,1.159092549396597,0.9189490922929152
4157,0.6671674290159041,0.767416370843631,1.17004780644092,0.924326306154978
4158,0.677146049972245,0.771788812849832,1.169585430859655,0.919590116518995
4159,0.6713405877243781,0.7738628102385481,1.171474056507366,0.920997594901617
4160,0.677127373607262,0.7722397764091901,1.171189293265342,0.924986771024439
4161,0.669042952979604,0.772021385314671,1.163806818101717,0.916015689787657
4162,0.6759325063153021,0.7709652674586871,1.173858952803024,0.923093780200334
4163,0.6681705830969671,0.7682936782206311,1.173032804675724,0.9240125143711552
4164,0.6703195318147751,0.7662892123495321,1.158965266485145,0.9180998954975952
4165,0.6719531892542391,0.7670740578053651,1.16661094982123,0.914928208388712
4166,0.6727534349521861,0.7692245075452151,1.168740167565967,0.920764659571906
4167,0.669979447822855,0.77049824271513,1.163030186641043,0.922661638373266
4168,0.673020127512838,0.7684117743502491,1.1628801674730531,0.914257181673378
4169,0.672695251316695,0.771812553638997,1.171675125973812,0.917543413954368
4170,0.667075737042055,0.769539005514504,1.165414490669533,0.911484046582726
4171,0.672735128389752,0.772271536938522,1.173244472647058,0.923722449879067
4172,0.6734540526201761,0.7707764949055681,1.16779357281284,0.918981506610694
4173,0.668352933627539,0.7666180093867191,1.159788475952286,0.9164572590557132
4174,0.678633444686082,0.7681113071199771,1.165639711786871,0.915975263828168
4175,0.668531147871112,0.768007324441619,1.163898629554803,0.9153128884246812
4176,0.674463603645563,0.7735820986006571,1.170747952076836,0.91760150939766
4177,0.668454805065108,0.773159116398597,1.171544474320135,0.92055872403949
4178,0.677387988437777,0.768104413389295,1.162575062526309,0.91854191865718
4179,0.6753525116305421,0.763471248357192,1.165157849913922,0.9201460156751712
4180,0.6702431673049061,0.7592892452426571,1.166288439994273,0.9209240578060992
4181,0.6694671613960591,0.76908865182296,1.161191285952277,0.9210443733988892
4182,0.676750136296386,0.7689985070323591,1.16525504619315,0.918643800892691
4183,0.6758606880903241,0.7721248697759441,1.160160700912061,0.92368170975343
4184,0.668198917600987,0.7686106853079101,1.161584275680175,0.914750813843979
4185,0.6724125419783851,0.7700392469979711,1.157815864444642,0.920618852546465
4186,0.676919279161138,0.7676282266991721,1.162885325650374,0.92011015387117
4187,0.669449623134257,0.7738796765173691,1.169165685017039,0.9290520634934092
4188,0.667509950454468,0.7632792164450101,1.158510574072167,0.916230946509302
4189,0.677426695634705,0.77137430789678,1.174658932655617,0.9198210778227752
4190,0.667505754238885,0.7693268851093621,1.159341797016669,0.921677408146037
4191,0.675109470991984,0.7671794106346971,1.160892545313075,0.91917682023368
4192,0.6749700091077361,0.77142025379167,1.167636403139086,0.927457860711476
4193,0.6734571578925931,0.774890967901202,1.167822838585445,0.9135268987358912
4194,0.6699258532051151,0.7653581088651781,1.165943843838961,0.919548895452981
4195,0.6733529828758771,0.768485162893067,1.166319628988487,0.914012477314774
4196,0.6675682913080071,0.7605116739869111,1.163632631841777,0.921454619427306
4197,0.6735557865459411,0.7702549411982731,1.170741142354149,0.910878082521367
4198,0.6704330637889061,0.7699135314079291,1.166983949641386,0.922324350805602
4199,0.67249645271163,0.7659371125957241,1.165267817352129,0.916647071720681
4200,0.6661831019851171,0.7701696500830021,1.164600043517092,0.919467687552821
4201,0.669970429812868,0.766943514455055,1.160147642527801,0.9227561587332812
4202,0.6754933543557271,0.767223210330458,1.167597201855286,0.916020565733745
4203,0.6767966439002661,0.7654196120042731,1.165703117091586,0.9151298675848092
4204,0.6698175026778721,0.7680452531878491,1.165849382354729,0.915583106999596
4205,0.6720811912816931,0.7694089582216911,1.168508538085481,0.920363228552151
4206,0.6725926083121171,0.7690952488261721,1.165537693578264,0.91648610751482
4207,0.6685656495662271,0.76749044753935,1.166127483481946,0.916502199554141
4208,0.6700703246330001,0.767875598500604,1.163569267353285,0.924853896884166
4209,0.672712039148462,0.7740716893171911,1.1700268736568051,0.9214326467203052
4210,0.6825781660289431,0.7691843758026751,1.171039080490236,0.921503066530694
4211,0.6671242783844901,0.769736933859362,1.1573778350932011,0.913686757934266
4212,0.6753309305109401,0.7670577704582521,1.166236028939053,0.916805110385884
4213,0.669540265143133,0.7704753508602361,1.166654356687829,0.9166286242180972
4214,0.671535040319397,0.7619648446207461,1.164318177579105,0.920139829344723
4215,0.6791075673764161,0.771310253419737,1.171629220895145,0.9195548649877312
4216,0.668490987055111,0.7683983459204861,1.167834019639353,0.9155398107849172
4217,0.671825755360549,0.764087610054707,1.16571823950263,0.916684219964604
4218,0.6742718555573101,0.7702616757672761,1.168313470871552,0.915153151890937
4219,0.6684369468062681,0.764126223498496,1.163308280533638,0.9158957735567852
4220,0.674469593048527,0.768960510906965,1.175745891596096,0.915784998459444
4221,0.673556125196425,0.771307322858036,1.164446604316649,0.914072380954588
4222,0.667019539013289,0.7761556205974111,1.163390927664611,0.9193724596306032
4223,0.677641839004945,0.7729812112191441,1.167864799391532,0.914231962375882
4224,0.673224102030845,0.77060262210991,1.166367090806581,0.917703067802864
4225,0.678329299703456,0.7702471106380651,1.166052289847014,0.922782652970889
4226,0.677018054153608,0.7673580182203341,1.165419677569382,0.9100328124789652
4227,0.6744017584816271,0.76448249719713,1.168261819019697,0.9141283989816472
4228,0.6736520686173351,0.764236932323462,1.166058367361193,0.9082898336692132
4229,0.674054521500416,0.7658040179074671,1.159652175030846,0.916479426233664
4230,0.6662966642744731,0.759596422098685,1.160084656075291,0.916400698620987
4231,0.670462314255427,0.766946769494941,1.16291312398254,0.9158557719294572
4232,0.675578603628968,0.771527167463648,1.166808845340341,0.921372402621352
4233,0.6711031011427221,0.7690020923813181,1.165122653479161,0.911715347238856
4234,0.6696157452744851,0.7698281640591821,1.157626941476179,0.921700837009626
4235,0.669464949626421,0.77056564833375,1.160192748450714,0.917726775685298
4236,0.671200479583247,0.762135322651137,1.1668355364514431,0.912470804041494
4237,0.672482559403431,0.770145861998848,1.16791727491047,0.9191133795387072
4238,0.6796197885566431,0.7671568332159001,1.172757049725539,0.919448261324694
4239,0.672389905548829,0.7589811613594271,1.165081670642763,0.9196993189499432
4240,0.6752141623933241,0.776908032380152,1.165818050179792,0.9274145732701252
4241,0.673083269077798,0.768374274282351,1.16611904380978,0.913812924311428
4242,0.671496643347368,0.7591359508426291,1.159685467356357,0.913277134704201
4243,0.670870512345994,0.776573409528835,1.16073997621087,0.924067519686144
4244,0.6719932011126171,0.768513220267883,1.169088091971217,0.923158630593747
4245,0.6799134723032291,0.7692675866942471,1.172060198110082,0.917102669136247
4246,0.6692209136604831,0.7703450179618331,1.168029884065406,0.9175094911639672
4247,0.676896809100888,0.7739684889497961,1.164990968570329,0.9275868695931152
4248,0.6698375230628081,0.7659851770470101,1.164232924472594,0.922300363175462
4249,0.6737139534097211,0.7674643121983691,1.165632632223592,0.917564425914399
4250,0.6596826731456791,0.76950444313495,1.17356057162734,0.920955105158297
4251,0.6717504154404861,0.7601753826374591,1.159814444465049,0.912539247153461
4252,0.675151469131958,0.76616001204736,1.160690740290759,0.9201877815243992
4253,0.673823314867373,0.7695819770080451,1.158748322530933,0.9187714261529232
4254,0.6664300348231751,0.762350064148937,1.159412873719913,0.915638034272453
4255,0.676190254264983,0.7745969063345931,1.164908366142839,0.924452574275758
4256,0.668181788419251,0.767941105624903,1.165510530381099,0.920655488805926
4257,0.6713773305595351,0.7710074617162991,1.163198351428128,0.92189134257859
4258,0.675510965719603,0.7614309194943181,1.162728438018888,0.9095422140984
4259,0.6700113732907651,0.7660107680636901,1.16776784952136,0.917250692088534
4260,0.667314341372769,0.7676681493935371,1.1648712470263671,0.918631692376473
4261,0.6744580743159501,0.766970132356104,1.167018363441246,0.914197030328754
4262,0.672143596561922,0.764714540454788,1.169200545203858,0.9141331977224432
4263,0.669197899464895,0.7667686939239501,1.166973178693349,0.910709012056822
4264,0.669840809200768,0.7619409110883001,1.16148560764133,0.9200275053634592
4265,0.666591909943499,0.7639119735230571,1.16429803153311,0.921357744359883
4266,0.6762656747107051,0.7675428212336871,1.162112048246722,0.9143063003278292
4267,0.663189413646856,0.76967391166566,1.163189379417378,0.9159057677548
4268,0.6679538644958231,0.768176864130773,1.161829743048419,0.912550156531126
4269,0.672861833071363,0.7729940995358031,1.16351350310488,0.9161344282599032
4270,0.6789853297497911,0.7720086388829821,1.166353134357411,0.920272686451241
4271,0.6664807413691191,0.7699674536352571,1.161202839319256,0.9153758144087112
4272,0.6684855944544501,0.7668678545649501,1.168317918760189,0.916038347813098
4273,0.672272182569123,0.770912882966407,1.167623013042021,0.919228916663838
4274,0.6722629183930331,0.7713888336134991,1.169971009851365,0.91699988991562
4275,0.676432345332442,0.7726933280195011,1.164988029154314,0.926564255432374
4276,0.673898028992656,0.764372959733009,1.1686671274727671,0.915229192759463
4277,0.6759988493893451,0.7718414506618521,1.171444547241148,0.9178090980141492
4278,0.6742884976708371,0.7699279942806211,1.167958762118782,0.92535248066744
4279,0.67097234642268,0.7617460220404291,1.168768667440483,0.9164070937296612
4280,0.672944279171634,0.7658034987423731,1.167499633910863,0.9108909920829792
4281,0.6661952424092561,0.7670536373836401,1.164316696749217,0.9174537724558852
4282,0.669644684571286,0.764469722798769,1.165242215753465,0.926141592984398
4283,0.6712682091401541,0.7702934941735821,1.170933753791926,0.91838950563924
4284,0.670391239576797,0.769210344207459,1.165209431255209,0.9154845320120232
4285,0.672208058229391,0.7684121544378391,1.169202194481656,0.9263501007757752
4286,0.6751249525965981,0.7761150759415351,1.165621957053308,0.916961896138778
4287,0.674018737441603,0.7671251365024111,1.161567592102548,0.913045395975527
4288,0.6656266025982901,0.7650463618878001,1.156362867549709,0.912987301827988
4289,0.6759340555501581,0.773480545027532,1.16695213523032,0.921018370899601
4290,0.671657974602303,0.7650655103118521,1.166614302690478,0.922937458597015
4291,0.6743434244577861,0.7643177611888311,1.161856849664363,0.9164884785541152
4292,0.6711333434002981,0.7712116264130751,1.163272891247618,0.9192673144997032
4293,0.6742631981446251,0.7713306016032241,1.175073563512684,0.922947032539092
4294,0.6701237325813021,0.771342385722243,1.165688755071681,0.918068164068719
4295,0.666924812925466,0.770981417401977,1.163347950988057,0.918798378196315
4296,0.671374306028735,0.766532916737639,1.16201149823441,0.9174854663619092
4297,0.674453896240911,0.770689892272154,1.177264825697394,0.9213283143505672
4298,0.674373439472654,0.7670620619386861,1.162612943329672,0.9148159629354872
4299,0.6683280668558851,0.7747849044592481,1.168960319481034,0.9216637580345072
4300,0.674543239419227,0.7692374947710311,1.166734506794507,0.9191072005238652
4301,0.673639799481716,0.7682730976654131,1.165972739566063,0.911258930880306
4302,0.671799160081191,0.762108871470326,1.163436506645403,0.914578047729488
4303,0.670069382620462,0.7712760890523591,1.164470977973247,0.9180952036024432
4304,0.6712960038820031,0.7669166282251261,1.169105656445026,0.916204310791648
4305,0.6642985431396441,0.764280255074086,1.161210166911284,0.908635980598088
4306,0.66888812513671,0.7758384354520531,1.161495741942654,0.9145353871627132
4307,0.667577071412318,0.772314500981482,1.164633378926394,0.92114670013172
4308,0.6650689164365541,0.7601650951133251,1.160091384705426,0.914704852130102
4309,0.6713368791978861,0.77108892938797,1.166550087863984,0.920311193427313
4310,0.667915244654252,0.7637982399783271,1.167208141066889,0.9193192520921212
4311,0.666203366889469,0.7593137570049451,1.157980895128802,0.9158648679815772
4312,0.6735480676094691,0.7742128178909201,1.168545381098553,0.9206390745019992
4313,0.6749864723533391,0.7729967539941051,1.1683683790590451,0.9215702752218292
4314,0.666568345457747,0.7658534878190011,1.163746085179888,0.9190207468480732
4315,0.67449827870165,0.7719708021352251,1.163789970071419,0.9164307328831892
4316,0.671732587982779,0.766318347898946,1.1670114401242,0.921594223088544
4317,0.6709014279093001,0.763897631911263,1.166856535534927,0.913485362963832
4318,0.6673301009164341,0.768570393431877,1.158631831731485,0.9119541693100892
4319,0.673203382020195,0.7701529294684311,1.16653942230387,0.920581435676718
4320,0.6699587754581281,0.772254496164943,1.167284235790155,0.9187007462200912
4321,0.668610089472022,0.767784504354863,1.163175502117129,0.909720327489186
4322,0.670200241324694,0.7648894279331401,1.161948157177455,0.91082895549851
4323,0.6710823633424611,0.7729323364902231,1.180493223818316,0.925319617047258
4324,0.6746470463070741,0.7658250402065291,1.169157394248506,0.9196513778381592
4325,0.66918672459281,0.7711939753397651,1.163137693659982,0.9150569735337852
4326,0.671106325948367,0.770386430772318,1.170436537676099,0.91455216238788
4327,0.6668095436972981,0.767561954000721,1.166162214417388,0.919851505346056
4328,0.671767611974391,0.7650372017768841,1.160779484264228,0.918448571871588
4329,0.6758340213825731,0.7659247087827621,1.166150149659834,0.9133611569532012
4330,0.674341733796872,0.769808904956216,1.156123210230599,0.9223129814085752
4331,0.669317957013845,0.7609472476701801,1.164530193136222,0.910618794002178
4332,0.6729281237483881,0.7758392132278801,1.170227958996226,0.92068689710636
4333,0.671383578654216,0.765297308456206,1.166726803218109,0.9212801096879912
4334,0.66309751510836,0.759337740747825,1.159172537534133,0.9117921585676032
4335,0.6747184334511771,0.768208634378253,1.167944552025933,0.9179678717763092
4336,0.6733520912897321,0.765477672327255,1.171160872647727,0.912366103704856
4337,0.6710427786237081,0.769140784183274,1.166199253737062,0.9131063929070592
4338,0.667890484755237,0.763219219295011,1.164930574487948,0.9144984181376472
4339,0.674050020377921,0.7631187894638031,1.164824291091898,0.9171120832957652
4340,0.6739167185581241,0.7713048284252481,1.170333474982475,0.915740410162918
4341,0.6718309403707581,0.7720991756389101,1.15714580187763,0.920476513334374
4342,0.6666481417158371,0.7670449000121891,1.162167323888212,0.92151357292913
4343,0.667470684248036,0.766266039964081,1.164454298606817,0.9102166330954732
4344,0.6764736731091271,0.7733163981549981,1.169061155638833,0.9269379908353952
4345,0.670005401704406,0.773467280834481,1.167570542598116,0.919646684431295
4346,0.6772884267611781,0.769125372927258,1.168262961765994,0.919364429821354
4347,0.665608849538409,0.767319849867751,1.166293720512286,0.9147987252344252
4348,0.6676898267983951,0.7591858675730401,1.160440309756044,0.9220597452173632
4349,0.675418996157637,0.76996442016916,1.171754557909309,0.9135037302916892
4350,0.672310885338895,0.770188018139721,1.167818395015986,0.9183748095849712
4351,0.6699545625597231,0.7703117306033771,1.158452643648438,0.925788509187059
4352,0.6732788342928541,0.7635680005170291,1.1583895101279449,0.920309294501076
4353,0.672935426748101,0.7701464738102921,1.169978803914526,0.9185109914590912
4354,0.678539345769778,0.775510962458624,1.164362445797609,0.913719165368356
4355,0.671488153437773,0.766136222235534,1.163033995183481,0.918679572803818
4356,0.67132159349495,0.766319129130114,1.166955822727818,0.9171211370469432
4357,0.672203237163847,0.769157024937263,1.170704352898874,0.9150259907262912
4358,0.680093806155997,0.7722503279430271,1.170928541408932,0.9139087385889412
4359,0.674241066302942,0.7666170310930931,1.158837602190349,0.9022235278634052
4360,0.674502614345671,0.770764344628306,1.163383514660856,0.922019372545722
4361,0.67111294074119,0.7724848467370731,1.164854738483394,0.9241011792766872
4362,0.6672448167118471,0.7642693920195961,1.156429550462011,0.9080142759434552
4363,0.6719969441925271,0.7690232894990751,1.17098676337712,0.9235035189143992
4364,0.6682035735929791,0.7630410725655761,1.17035616254029,0.914039869752267
4365,0.661754596546508,0.761306795844997,1.165655998540097,0.913608521412032
4366,0.6758695423765021,0.7667437500279881,1.15849379590456,0.91747946265167
4367,0.667314499238694,0.770353211224942,1.167301851338234,0.9134899991685932
4368,0.6682167299415751,0.7680112830754641,1.159116952207641,0.917676980674698
4369,0.6681619156421951,0.7656072421350341,1.165418945360874,0.9119709668869992
4370,0.668214272167803,0.7678501598428981,1.1636017653821171,0.917428383468717
4371,0.674774781274406,0.7681271143365591,1.16457783938318,0.91447195686076
4372,0.674058473223577,0.7676363445926401,1.162154185923113,0.916675558097768
4373,0.6749032089837651,0.772022691541823,1.1688539950528,0.908343157420555
4374,0.6628131817324431,0.7683434111700541,1.1541097467576251,0.911364066967929
4375,0.6703354723589571,0.77167013330736,1.165598071139791,0.916528145850136
4376,0.674792714848898,0.7668166542830671,1.16507216964079,0.919336932130913
4377,0.6639819922654521,0.769709958762362,1.167584867797036,0.914399969486006
4378,0.672874193665558,0.7604610665120941,1.167010546918364,0.9048474956627772
4379,0.671314790008076,0.767439688893332,1.168136981086454,0.91735752099666
4380,0.6650231686839151,0.765829651576021,1.158876507502535,0.904796504672022
4381,0.68055137635573,0.770209779449995,1.154592786686144,0.9214957391006352
4382,0.6640405476201271,0.763442408239495,1.164510444994422,0.9157726922058972
4383,0.6708184019325001,0.770154884328012,1.169952083756958,0.919621210572296
4384,0.6705578871179311,0.7630630716465521,1.167113240646279,0.917551799690809
4385,0.6705691137931481,0.768787683460159,1.160532214935275,0.922179117204918
4386,0.6759439842046601,0.7696346613591991,1.17031167242406,0.925699534326575
4387,0.673273670905526,0.763004712112571,1.16363934567873,0.913307491662925
4388,0.67269251824937,0.7711606792349741,1.159361603035443,0.915496144308776
4389,0.663509812206029,0.7651930379046911,1.161659204549547,0.913429867854152
4390,0.6774583602783041,0.7663060169720991,1.164373237369717,0.914482249081998
4391,0.6722546543764031,0.765619300629781,1.169401207911795,0.9121041403462492
4392,0.669006752120196,0.7634958037431681,1.164723614743654,0.912393007454448
4393,0.672375185685097,0.7587701372694271,1.167932965833207,0.914858452138909
4394,0.6804200908628061,0.774174455391324,1.17250159965909,0.9154533031734
4395,0.6724387292574711,0.767478454048218,1.162589813056199,0.91450442765178
4396,0.6770587733312361,0.771111381982547,1.161083296049332,0.921225351483925
4397,0.672460431529991,0.765675708003666,1.160315362763577,0.915249671112152
4398,0.6717812241041571,0.7690285232619961,1.169658458967139,0.918756190390474
4399,0.6701809964480171,0.7718220828236011,1.163046529327613,0.91870757146482
4400,0.6662138937230121,0.7641178527172061,1.166482098184634,0.917479153749519
4401,0.673674324878316,0.7731841792878891,1.163350979487101,0.915892423144069
4402,0.668292447006788,0.764512833909712,1.161987054391183,0.913095580791865
4403,0.6757392376607311,0.7624899227766021,1.165458264450232,0.915320703300876
4404,0.6734149025456191,0.769251273162123,1.1672485992312431,0.914520221316944
4405,0.6673227038396441,0.769043967559717,1.157815453150998,0.919055600421152
4406,0.671873169235777,0.7662456129556111,1.165354463609232,0.9095648276093212
4407,0.669022137461149,0.7675407007336611,1.162768114088238,0.9150244437320072
4408,0.665047647431492,0.7657879115878671,1.161387917356214,0.914302484253826
4409,0.671893772466675,0.770167650411958,1.160396830435248,0.9160065447398712
4410,0.6758832850803931,0.765523638198341,1.163757202849872,0.9094574067309712
4411,0.6667869423610571,0.7646168946571971,1.162651281209959,0.909872056349464
4412,0.6716574360009121,0.7635310844018831,1.163044241351493,0.91534551176364
4413,0.673451365363122,0.7623561613153721,1.157623920211757,0.9143061577409932
4414,0.668905425843769,0.767620301117067,1.170331255897231,0.9145741387661812
4415,0.6704560466974541,0.7674667188438811,1.1644182102619731,0.915566736292364
4416,0.6673885303131041,0.765497295104939,1.166071503166703,0.9123987024515
4417,0.67175005732671,0.767299478252728,1.166625890178956,0.9178317552567392
4418,0.6718536220166991,0.76659443769334,1.1650280286220531,0.9143561806961672
4419,0.6739995895844431,0.7650383201198301,1.165359465000422,0.91708976915781
4420,0.6633979545069341,0.7650486282680341,1.164329938374567,0.920162579071694
4421,0.666493230863757,0.762233252110688,1.160161169326823,0.913156889756952
4422,0.667654234646023,0.771335022497004,1.168588593062283,0.9168228379896152
4423,0.6684627558334151,0.7669346361704491,1.169022402685621,0.915812706763761
4424,0.671835169466077,0.7707218978068101,1.16526134657687,0.91353733834905
4425,0.6698304733018511,0.7696245320249291,1.165333128709724,0.9233064966789192
4426,0.6706233514823771,0.766390088459719,1.159823683616907,0.912026789201342
4427,0.672166913450844,0.768690772678541,1.165899321544861,0.9228770540136352
4428,0.670170884930353,0.769779836354048,1.166927046857882,0.917802051897498
4429,0.6745574933517231,0.765224330343198,1.163729287468005,0.91412991962895
4430,0.6724125072360031,0.765997159092322,1.1711086862977,0.9215570660442972
4431,0.665807698245929,0.760090610039406,1.156678632117699,0.9084375580043892
4432,0.6713642729581261,0.7721093688970021,1.167402492053266,0.91912534608897
4433,0.6699670687101891,0.7669398720929581,1.162684609816558,0.918808294568156
4434,0.6741057177870601,0.7680835890165271,1.163518329353436,0.9145848231417112
4435,0.6753921312266501,0.770220390912415,1.165091001361176,0.919999226765788
4436,0.670603821809957,0.767299824866695,1.160247710735901,0.91407045668018
4437,0.6741479223297121,0.7683470982356341,1.165133240430251,0.922385450263602
4438,0.671317285466669,0.7665957271836801,1.161056080374165,0.913807736790698
4439,0.669092975826799,0.7617747072076451,1.171666137550188,0.9129391981801692
4440,0.672103839022093,0.7712589271258611,1.172191655722217,0.9200234963032212
4441,0.6666775723460361,0.77100665975308,1.166775361567303,0.9199507753702172
4442,0.6694362037747661,0.758377786995708,1.167402142199917,0.906928676167044
4443,0.6687164344973321,0.7755667668753771,1.170639651085155,0.924549260865087
4444,0.666423943325661,0.7622600252861561,1.166300748029481,0.910222333059578
4445,0.671955697913316,0.7635800691618431,1.169948881626993,0.913668300848508
4446,0.6658168678320401,0.770992351182992,1.163517407101133,0.9156501510490972
4447,0.675217767826456,0.772398087857426,1.162310879407585,0.923195015126164
4448,0.67322109747624,0.7642309179772501,1.160710554731928,0.9067783746868372
4449,0.665675206595788,0.7638960993592291,1.172188290759273,0.9065268864396252
4450,0.6678775946569181,0.762709292164747,1.157976273609244,0.912760530692943
4451,0.6701556936284331,0.770389927902083,1.167632881929908,0.917579086875354
4452,0.669990477597583,0.771436074397702,1.168750723526961,0.914613999156416
4453,0.6628313578017381,0.7699438815099601,1.167274193703264,0.924559883881306
4454,0.667781199153134,0.769636036369247,1.16255465992119,0.9140686800676412
4455,0.6758891879108501,0.76866689497146,1.161758322322714,0.918671890283408
4456,0.670157220970461,0.760644164638242,1.165296080319777,0.917884345584805
4457,0.671467091483266,0.7691242752083831,1.168909394870633,0.91481231868375
4458,0.6691500734051931,0.770687397191489,1.165896466136842,0.91071934212485
4459,0.665922444853661,0.7664730958100671,1.1642025105547211,0.9196738555379532
4460,0.6696869592195831,0.7637847172825231,1.163463047449139,0.913593168410918
4461,0.67669611926312,0.768528315036193,1.167427863439787,0.9211796604474812
4462,0.669193148963909,0.7673082614074581,1.165243151503196,0.9167844525713852
4463,0.669805463241494,0.765835944293201,1.162546811652356,0.914675955701133
4464,0.670174877469738,0.7675613389498941,1.165851588590421,0.9122211202925092
4465,0.665410033764614,0.7677783855925431,1.164996622697166,0.913386879704784
4466,0.662142586340938,0.7634016419018521,1.158551237073497,0.91129432329773
4467,0.6690893016107701,0.765886676700218,1.160348576804002,0.907361321718148
4468,0.6694822328678071,0.7688146365293551,1.165768170594305,0.913601245056244
4469,0.6708719013663731,0.770344958465168,1.161809556942055,0.911251728490426
4470,0.668008815227211,0.766891164732152,1.167476814834104,0.9230026083633952
4471,0.671991888001777,0.77139623236397,1.166503432652224,0.918201249281781
4472,0.674464358016848,0.770299576222896,1.169641073631203,0.9181134796876832
4473,0.668419250138643,0.769826123895852,1.168354393671388,0.916286693561984
4474,0.671156182858175,0.762944227003532,1.157432075319946,0.917673678204849
4475,0.671885625769694,0.76690114321916,1.162805083221283,0.926421288400888
4476,0.6640090504256281,0.7655331380125401,1.167198288699854,0.91761873997208
4477,0.663970990727345,0.767973003504068,1.164273679472398,0.916393062531732
4478,0.667829730480477,0.7676559619713521,1.168816708568213,0.913919154338646
4479,0.6701420774494391,0.7667104584583331,1.161976133999617,0.91667451399068
4480,0.670428235515736,0.7745181536976841,1.16376098871663,0.920019377724848
4481,0.6743099946744631,0.769147028957588,1.163257362294024,0.9106587062225392
4482,0.676973336929644,0.7649216660554851,1.162165826105553,0.9129143284120852
4483,0.6692523421260751,0.767898700915385,1.158700722067252,0.9124537259070332
4484,0.66917877725285,0.7686003187428351,1.160907341086346,0.914187157337648
4485,0.666245862706631,0.7661516856456141,1.165562041967675,0.912641730753407
4486,0.6729036199225891,0.76455541451772,1.154891701820104,0.91103961650768
4487,0.6658531930297611,0.7674509635654041,1.161492022807183,0.908101479725345
4488,0.673651418041275,0.7685197076719741,1.1658384206070411,0.9170833951591152
4489,0.6710819779368841,0.7651997277702111,1.161002382744049,0.91365263932317
4490,0.6695646612864471,0.7684227881440211,1.1605211942308191,0.91721739190752
4491,0.67066780898882,0.7680650364229641,1.170705508602702,0.905494089872724
4492,0.6700162496417761,0.770320738247339,1.155975690894368,0.913591944896008
4493,0.6707347982117661,0.760523577639158,1.160689865441426,0.916242760700592
4494,0.6710070351381661,0.765220030818296,1.15852173914512,0.90954246258606
4495,0.673465675498912,0.76359663936107,1.160057696959246,0.91162265551047
4496,0.66196119653034,0.771869243918985,1.15600679523271,0.916156519960234
4497,0.668959733233719,0.766116039260574,1.167478215543256,0.916093353047103
4498,0.6742666033029121,0.772703624721886,1.163256895390973,0.912352461556809
4499,0.6710991627820161,0.7688389169997061,1.166112761890542,0.914879208268678
4500,0.6659772576413291,0.7643495420182961,1.164108471162077,0.919749973206848
4501,0.6705009201406561,0.767898954990981,1.162683261477429,0.9173031575383912
4502,0.66969811298169,0.7723130308415571,1.162988155972266,0.915731662128498
4503,0.671379876849444,0.7685734165319491,1.167090623275093,0.9176891796506832
4504,0.6660183244857231,0.769835685258326,1.167789142740809,0.919005120065117
4505,0.667760469721279,0.7632329351660131,1.162532514204149,0.913268650841453
4506,0.6656381279446071,0.7672136421652801,1.158418400564055,0.91163910695932
4507,0.666367275019486,0.7641698766661721,1.162401076784168,0.9061177544349772
4508,0.6715000629479031,0.765544717078623,1.15868122573348,0.913002116146726
4509,0.6693048980896881,0.760987338596496,1.163353374254876,0.903212992393452
4510,0.6695513084152901,0.763824060127355,1.165416724763918,0.9122490916347152
4511,0.666888189218614,0.7654443561382911,1.160187879118366,0.9104677716782992
4512,0.6695478602002061,0.7624866774548651,1.164403159117353,0.910451516266102
4513,0.6718691837960391,0.766804974364197,1.162479031992995,0.9169977229574452
4514,0.663272284565196,0.768018288780813,1.15727774053812,0.913790636061542
4515,0.667214816463166,0.7618611553224961,1.156037665363671,0.915877499982066
4516,0.671936323785263,0.767494201012279,1.16902347319368,0.918365961075692
4517,0.6644007411879901,0.761963511182778,1.162134123777133,0.9120227127079512
4518,0.6654259343294131,0.766909673594046,1.157911569204019,0.912316861063026
4519,0.6706932658950481,0.770592701715835,1.170084066904973,0.9205361647612372
4520,0.66589092341778,0.7619993497712021,1.160607392481271,0.906199866176947
4521,0.669775536445819,0.7663515106491421,1.167160035367461,0.9221557446526012
4522,0.674069493631089,0.765472056425136,1.160335047737412,0.912822795141002
4523,0.6701213600033,0.7698168200643161,1.156248946876629,0.907967723096194
4524,0.6689774811105881,0.761991764324298,1.165594674214936,0.914202641938691
4525,0.67229653176838,0.7636832936086511,1.162483316400776,0.911345823303512
4526,0.675398137960313,0.7712163748084631,1.1657759472727771,0.91870263243175
4527,0.6672489116967151,0.7666658511844231,1.168127510642659,0.918105306022841
4528,0.6758347960539911,0.763955530805,1.171385399457337,0.912726781020561
4529,0.664188715588787,0.767751305971456,1.163249055760494,0.911144239585036
4530,0.6766290557503261,0.7669435402621391,1.161454363685587,0.91449214744827
4531,0.672739336024159,0.765410459019999,1.161837443385435,0.911086142872986
4532,0.672674606108795,0.7705214533252991,1.15666800920946,0.909318540461253
4533,0.668839159543099,0.7668133936282511,1.161715741066829,0.9095764231962572
4534,0.6674374077415121,0.769515765102013,1.162500676145588,0.9132334559184052
4535,0.667037058810608,0.7613579204333001,1.160331891066786,0.914852684201753
4536,0.670894835873142,0.7576589879134421,1.160225479607133,0.9093660004436972
4537,0.6672748130732681,0.761922557284866,1.161854568167009,0.9124332709318912
4538,0.673314325781404,0.775026406067005,1.169068076580331,0.9205097643577532
4539,0.673831027271091,0.767215287015921,1.165046364176964,0.9171551995357312
4540,0.674412690022069,0.7659906034452321,1.168299998494162,0.913442723507034
4541,0.6682911492290271,0.765283826468647,1.170566565100697,0.914340580152212
4542,0.6732507747584491,0.7680532358910721,1.161911990439546,0.90529062439674
4543,0.665769646106206,0.7705859993247011,1.169641064560931,0.9189980397999712
4544,0.667918672704178,0.7691798349437501,1.166548213773015,0.918827501382084
4545,0.6753082985355371,0.762449519681757,1.160516066395718,0.911445825185248
4546,0.664936653729798,0.76575648115165,1.164809121493844,0.916704024093738
4547,0.6714803112427821,0.7719959919003471,1.160705324748288,0.924331076254231
4548,0.6670866553010281,0.7597452243385101,1.156722713963709,0.9127100882916772
4549,0.671017642659337,0.7686674430750411,1.159653416146402,0.915972643356392
4550,0.6677113313065921,0.7673593617003891,1.160128617632216,0.920622159848394
4551,0.672193041827151,0.7672623399159181,1.167113585532575,0.914963416080328
4552,0.6719876665999921,0.765781898969325,1.159627572133921,0.91636190711912
4553,0.668399536442281,0.7660171467324961,1.163378922079784,0.917960542159667
4554,0.671476999270743,0.768106588526912,1.157160643542158,0.909587912153506
4555,0.669901719964716,0.763460589275843,1.16474857678016,0.912321812729688
4556,0.673316713935439,0.7682722042436181,1.157677761778451,0.915661737268817
4557,0.671209490871515,0.7633541406712671,1.164922289442325,0.90858258234094
4558,0.6653432406593061,0.7690395786278491,1.169057957288147,0.91095963217642
4559,0.674805601059958,0.76427266055691,1.169579841412495,0.915108135779914
4560,0.665883368475065,0.7641517675441241,1.155039143735084,0.908509963178548
4561,0.6719104335575861,0.7661619031990781,1.167062088307263,0.91903020563009
4562,0.669789221731648,0.769528619189193,1.158252182646074,0.9185522547990512
4563,0.667674905229089,0.7714632158910011,1.162093064707258,0.913249287403364
4564,0.666883483421111,0.75915511254815,1.157394837426102,0.911371801642404
4565,0.666457521121787,0.7677965195498601,1.161287000753741,0.9142175804337732
4566,0.675705645260387,0.7680138830041541,1.168027860422929,0.918057307924913
4567,0.664629932681935,0.7661154827345971,1.162822113736816,0.9167653258242032
4568,0.671107020634024,0.767190305975036,1.168790936578011,0.906402508714708
4569,0.6709359312511001,0.772195820467195,1.164197921321012,0.9148439415123152
4570,0.667454727830878,0.764280958344107,1.163293927584005,0.909884245229372
4571,0.669287223746811,0.7626209805409111,1.163386406241983,0.914160341321342
4572,0.6751902777485651,0.7653372308266331,1.16722816520411,0.9129789502940312
4573,0.664776876865737,0.763149129523747,1.160258357075677,0.9041842648192592
4574,0.6710705200507151,0.760622307766174,1.159401330287041,0.915004376241046
4575,0.672779337624492,0.7792457431770751,1.167446222534214,0.914699361457125
4576,0.672550574484942,0.7695186910205991,1.159174927118895,0.901780626048212
4577,0.667518761872813,0.7663157539091241,1.162222952838393,0.914585356425116
4578,0.667384213187556,0.764073943422324,1.155860264988049,0.910418075387892
4579,0.662173211007662,0.7738195266844571,1.165312904378642,0.913044516294114
4580,0.660342092234371,0.7643625646613641,1.152977595186751,0.9066088541370372
4581,0.6690714917537091,0.7678396811951761,1.167366525077301,0.912615223099356
4582,0.6720923981966741,0.766509907401126,1.170279460864654,0.9131445166101492
4583,0.667552919626451,0.7671182349972101,1.160675011467242,0.903567078266886
4584,0.669064846159755,0.7685562158408371,1.15859413254952,0.91594591634213
4585,0.668291941528087,0.764554923427277,1.159711236431114,0.9097671664009492
4586,0.6689370222173731,0.7689523111650901,1.163738474465798,0.909646767960942
4587,0.6735752667097941,0.767384399646434,1.167381430557672,0.9140957058069932
4588,0.66430952699612,0.766658782743025,1.162370502084925,0.9126993856946192
4589,0.668059452045438,0.765708112414332,1.163665855708329,0.910496954819646
4590,0.6660420998283051,0.768132591269154,1.163435755756454,0.9137426456841432
4591,0.666092039288386,0.7627573295131971,1.16809129110281,0.9103805468674152
4592,0.667000779747099,0.76104850537967,1.162921342728794,0.91216901463011
4593,0.670195743792514,0.7670297521180001,1.158582111415655,0.9090761816857952
4594,0.6652257076424101,0.759501581930595,1.156391950081224,0.907725902058292
4595,0.6662217855615461,0.761694654498411,1.164316067553084,0.906112168416164
4596,0.6682808571427621,0.769229814842127,1.166227287356404,0.91512683333586
4597,0.668181894455051,0.7663556115998731,1.163887125966341,0.914564244449138
4598,0.670976471506815,0.759596153229906,1.153801617523034,0.9152382474824572
4599,0.6657060979717021,0.7598756152218661,1.163133224715357,0.9067616833346912
4600,0.670770166576772,0.7716020086537231,1.164999334060627,0.91528191625316
4601,0.664399880969869,0.7622499168998951,1.15785679836636,0.9134143911895972
4602,0.664545906950598,0.7660701111822881,1.1549885675743,0.9152836672205852
4603,0.666718776594253,0.765486269649388,1.162944082332694,0.906781055978026
4604,0.6689839303709451,0.7711892934597051,1.161576127876406,0.908110788820878
4605,0.669742470175243,0.7694618275416071,1.163987539168717,0.918434596795966
4606,0.677073374147648,0.770302240399346,1.166693183930887,0.919103578083973
4607,0.6715258917352861,0.7645787733836451,1.167250779551872,0.915889776838214
4608,0.672431381824223,0.7657780329818311,1.157861309207004,0.907928660376996
4609,0.6744914815585681,0.7661610003830731,1.166212436405645,0.916909583290849
4610,0.6707970108566941,0.7730727560710211,1.163536995433379,0.911779500733035
4611,0.6702856627711351,0.765209429613921,1.161543644640756,0.909154456351762
4612,0.6622125557691291,0.7654130329256471,1.162534551236076,0.9167007665433312
4613,0.674201343073577,0.7665941619138781,1.161010710225589,0.9098039464890092
4614,0.672193842629591,0.7672769190824551,1.165123957762683,0.91179494721734
4615,0.671164534446122,0.7712533617581141,1.168410157379896,0.913363351878048
4616,0.6699373768237621,0.7668390380947481,1.15931694317555,0.9050238942592472
4617,0.671406064668427,0.767215724224629,1.162593717376391,0.9060029864203232
4618,0.6706426512665931,0.759968623734902,1.1612073501599,0.91407581254084
4619,0.674217206844385,0.763421168361885,1.170914301513761,0.90943289194526
4620,0.666806217984876,0.7600439722123351,1.166982226073742,0.900876212946098
4621,0.664290803390136,0.7666722308250441,1.153163012603055,0.907867399624724
4622,0.6772115174411,0.7761993529140081,1.163770117837449,0.920582736423914
4623,0.673785108263077,0.768752820357896,1.16804595194433,0.914053857866404
4624,0.6691538021508331,0.766095957570317,1.160948892218479,0.908956382126695
4625,0.6684012553398161,0.7617419678447901,1.163820549953675,0.907321651560672
4626,0.660468002943241,0.7620805699540221,1.158610409476618,0.914924974944712
4627,0.670962975886852,0.7631898251348641,1.162211126715376,0.9119951602449452
4628,0.670796520117184,0.7683904649338861,1.16267646168885,0.914309716715976
4629,0.665899237752824,0.7644728801172711,1.160045877099037,0.913366364207172
4630,0.6724334337843061,0.7661781941635021,1.163359626695729,0.90748214095399
4631,0.6665102389735581,0.768834544696669,1.168490262783092,0.919688054077003
4632,0.676149605381963,0.7681187679586201,1.169136303274527,0.916657078768248
4633,0.670780143552068,0.763878254570822,1.164126229782899,0.909530125234438
4634,0.6748965140162171,0.7725996105135351,1.158244085808595,0.912326603480007
4635,0.6610688426518351,0.7660027364457861,1.167255160169325,0.920953998855058
4636,0.6711443393234751,0.771084671975045,1.16890379278988,0.914554743150222
4637,0.66514084369376,0.7666971283978311,1.158304149257964,0.912718398577493
4638,0.673580942729461,0.7633897383575851,1.158065827320451,0.913131243832733
4639,0.669697197613076,0.765686673206695,1.164753591236861,0.9093552459895172
4640,0.667052363301964,0.7677178123722901,1.161303503141887,0.9154509699538992
4641,0.6687613575030921,0.770551235563513,1.156062255303065,0.9072837208978072
4642,0.663596186004039,0.764051361144452,1.156022601909395,0.909712587253771
4643,0.671421699036938,0.7685887112781621,1.156684360102467,0.9116208724191652
4644,0.6712874917556411,0.767593492524347,1.16514962868414,0.9191417563706632
4645,0.666226716847091,0.761961438625619,1.153535594110903,0.9061173831477112
4646,0.6672835237468061,0.7662725409735801,1.166888188840686,0.9063416532092332
4647,0.6701212024073231,0.7637839913368221,1.160377688705921,0.913842263833984
4648,0.6683671033360821,0.7660610282766641,1.167771775977335,0.9084965632553552
4649,0.671264717463349,0.7697439122459161,1.168486507474512,0.9181687169694812
4650,0.666064874984432,0.7692300399792361,1.156341447886349,0.9139913777024412
4651,0.6647098502009241,0.7680921082695321,1.162108685767305,0.908035560659524
4652,0.668765307012675,0.7659124346530951,1.160848148275112,0.9154395420590172
4653,0.667386763580683,0.764059633448504,1.167529946328073,0.908684767782688
4654,0.6649035776060991,0.7661465785425641,1.16201265912125,0.914078766453093
4655,0.6697349495159971,0.757726597721162,1.160369389730951,0.911094456290205
4656,0.669150045708469,0.7685894442425251,1.162949456360892,0.9119395271375552
4657,0.666252236894291,0.7677662696527391,1.164379029602244,0.912274080369135
4658,0.6665821525713671,0.7700579141577081,1.160812578987384,0.910462871031916
4659,0.6710165591667521,0.7693297664324441,1.162308655247308,0.91815550001743
4660,0.6712126248394661,0.768875848663889,1.156466094911962,0.912468619536662
4661,0.6625273784055651,0.7589792171898091,1.15866581523332,0.9104222912017412
4662,0.6742791992382721,0.765990027374979,1.162834233131961,0.9103725035337432
4663,0.670392411396555,0.75990548254787,1.161232889670392,0.90973622314092
4664,0.6642253360832511,0.7743132075537801,1.161048760556656,0.908577367663383
4665,0.6680909694590861,0.762584616740544,1.158945922618327,0.905574346744064
4666,0.673258361366132,0.7670139433897061,1.157429979763169,0.9136282904478512
4667,0.6646425993438211,0.765919495427954,1.159979612499043,0.9024280576386312
4668,0.669068548855358,0.7675452323063561,1.16564938177665,0.9131916210973172
4669,0.6720606134529561,0.7768870937651481,1.171072694594445,0.919133163178744
4670,0.665417067652595,0.767335566381613,1.164286413378473,0.915172445547321
4671,0.668904951220189,0.7657878057680261,1.163279283413852,0.913832016154259
4672,0.6623053186019691,0.7674852629070691,1.163373260070448,0.905685603618621
4673,0.670948168073875,0.7701438671868781,1.16407987885717,0.909026837219362
4674,0.6674813150387741,0.770421310719372,1.173863123616446,0.9070150581175
4675,0.673110316763969,0.7680472674361171,1.164192669201588,0.9121324739594392
4676,0.664775285545898,0.7655677568653351,1.156805730924226,0.902928527930508
4677,0.66925632338161,0.7697135037270141,1.161547802712606,0.9125182889941812
4678,0.6713705860564241,0.761349869595057,1.163433581806611,0.914552866845675
4679,0.674153720636082,0.765804141111995,1.163169673171596,0.906743219635192
4680,0.666795135165254,0.762922874179439,1.16388411981904,0.914619129798982
4681,0.665324021994635,0.757372169175009,1.163928921239963,0.90237074582905
4682,0.66541383229196,0.764514412892901,1.161750859000544,0.91018707861287
4683,0.6710392162473731,0.769036121234513,1.163126907702805,0.910311266752904
4684,0.668224190429284,0.7653423832810441,1.158759630568649,0.90828242385085
4685,0.6769142187861861,0.774346991293672,1.16493154803048,0.912369421858718
4686,0.6709801466406681,0.7728028515542761,1.170520366317984,0.913914648087128
4687,0.6713153433216651,0.7683883833064541,1.157303006752677,0.907685091260118
4688,0.661674432726442,0.767052910358145,1.168255241668742,0.913083664991933
4689,0.6706547025267191,0.7677880471599271,1.157376922882985,0.908059625278996
4690,0.6645012468747471,0.763189183413118,1.160289780601211,0.9132135713715912
4691,0.670445226780746,0.7623240377592001,1.154411513196385,0.908913231441292
4692,0.66492315441154,0.770753830563331,1.154982340508613,0.914208699476675
4693,0.674254950054961,0.76386856622454,1.163775408505529,0.9115414406996272
4694,0.671794145921434,0.7661297590188351,1.160069244495336,0.911354711657201
4695,0.6752570434001041,0.767173268008923,1.160641993301502,0.9098795744441992
4696,0.6658943470945391,0.7657891018451121,1.168517323831717,0.905744609355494
4697,0.6661225915279071,0.7620359690508981,1.158025604227315,0.90639967020547
4698,0.668646819619596,0.7659552287364351,1.160730021155398,0.9096594969539532
4699,0.667413585022955,0.768069753504317,1.163894066128178,0.915643214450582
4700,0.6743420200233441,0.7642224390005721,1.166576479656108,0.9135885143355612
4701,0.663714658819894,0.7651554259701051,1.157425501856251,0.904763304210011
4702,0.664318474657509,0.7686436186018191,1.158050288864667,0.9143452173017932
4703,0.667730037014985,0.7678310824693111,1.162432079729826,0.908438380186756
4704,0.672797479842236,0.7667168790231581,1.164776103652041,0.91198885411132
4705,0.6639976646697171,0.7616379293410671,1.15769062558378,0.9105089841329532
4706,0.668820965522225,0.759719417039035,1.161697640799094,0.910951692529994
4707,0.6714942357300411,0.7633358139706691,1.162303751037604,0.912839182180123
4708,0.671860518581841,0.765333408786766,1.1655217010689811,0.9174177699816832
4709,0.671415260061621,0.764277535072271,1.157844322855058,0.909517023388458
4710,0.6683057103090091,0.763361182333766,1.158736804581206,0.908186014282746
4711,0.659734904037221,0.7557664050356201,1.159751801711061,0.8963073089556851
4712,0.6658809656358281,0.768954727528751,1.159000042124071,0.906681122555249
4713,0.6663183863882131,0.7666253152748811,1.163320836489615,0.912350595564298
4714,0.669518447710552,0.7699256091230151,1.156735551314077,0.9101599579865952
4715,0.6680818600445121,0.7720547489066051,1.155421200005904,0.916809921733279
4716,0.674600114236059,0.7700143980159271,1.1615610676615131,0.911269397812261
4717,0.668237102852351,0.7684163716824151,1.159979228200256,0.913404452088086
4718,0.6694905879650851,0.772106682152851,1.165186771988005,0.915566899881198
4719,0.668170310880826,0.762297142243039,1.162814363513304,0.915226699541444
4720,0.670976854266895,0.7682670846149541,1.167035401515338,0.911357928175425
4721,0.664435795629801,0.7583113724122871,1.155365286853866,0.913830964137678
4722,0.670870512022056,0.76120984511099,1.161035995768464,0.905578588850904
4723,0.660351572072376,0.762852419329726,1.162856223034686,0.912921414265166
4724,0.663721289755641,0.7608644413775291,1.150643239202706,0.916878515935462
4725,0.666085589812069,0.767744412024815,1.161989491594874,0.912649020984552
4726,0.6694779259193201,0.768607256421144,1.165138778803141,0.9125278627742892
4727,0.664300040355411,0.766688092571237,1.166646686908991,0.915413995043955
4728,0.6647523049049181,0.7668696355776511,1.163253302051537,0.902278235452114
4729,0.67597103399643,0.768072167492431,1.164707788306733,0.9205230888033252
4730,0.66785245431938,0.7684310380963311,1.154587362663469,0.9108595716888492
4731,0.667961784624967,0.7615606198492251,1.158160538453122,0.906748257442445
4732,0.660240206462533,0.764308913246445,1.163787916734598,0.911498218666816
4733,0.6630049206424451,0.761715388924315,1.16258267108081,0.908337035364862
4734,0.6685955615417251,0.7609392012590941,1.163378513269666,0.909563649850695
4735,0.671018084403181,0.76958107613567,1.166719334496968,0.914260285218124
4736,0.6657113029850991,0.7628369181268451,1.163956573260003,0.910868902002339
4737,0.6735628343902631,0.7644867322583131,1.162048995494842,0.908557061942807
4738,0.6607377685444511,0.75935976822739,1.159965824065865,0.908402885809756
4739,0.6653653384604741,0.765755973972272,1.1642130943744071,0.9029511957010932
4740,0.663298196442749,0.7664524819971851,1.165237387345321,0.909222750020199
4741,0.6666518942709411,0.762921811661858,1.157307514677877,0.912073708989698
4742,0.6673372546075911,0.7687386408232261,1.161935993510743,0.908424342807004
4743,0.670183292117671,0.7704143703415771,1.162161546016948,0.913251170159681
4744,0.6629737405835281,0.7688200553690171,1.166037057944829,0.911232983936434
4745,0.681191478167539,0.7670665472961851,1.165342992846516,0.9065640784692072
4746,0.665987582283391,0.7639583892364431,1.170511771911296,0.909044619244725
4747,0.6625709447037911,0.756876548671204,1.161088360824446,0.905928837324398
4748,0.670980943555849,0.7629988117926361,1.155884584762911,0.909330224969248
4749,0.671161164462134,0.767072310050328,1.165608594814936,0.9150931181359112
4750,0.6671591508269741,0.7611612206783841,1.161157591727332,0.905778665959403
4751,0.6723445487627081,0.7683849748278011,1.161428660154342,0.9108189348455352
4752,0.663960293529258,0.7628008060265271,1.167185952374036,0.9110527906458872
4753,0.6661287366102131,0.769135606353697,1.16495251007702,0.91192413750442
4754,0.659376387929786,0.7635823399692341,1.16855383383623,0.9097994365122
4755,0.668056612051483,0.7698074171076651,1.163960417327673,0.908832984315096
4756,0.6616562803046421,0.766935281455516,1.162893000828183,0.90944398459101
4757,0.6736054388617261,0.7632672152873391,1.158792559219443,0.913261994989453
4758,0.666783595079745,0.76105436499136,1.155782783376997,0.9169162213802332
4759,0.666357995591301,0.7637671941648351,1.164364053395347,0.902181187455636
4760,0.663132977604434,0.7658613001306851,1.162262619513532,0.906931004014568
4761,0.664715349701219,0.7680542359965431,1.157661414124827,0.912801634277338
4762,0.669878603620589,0.7672465930598371,1.166170834091262,0.9160863907224892
4763,0.6688443283563931,0.7667519941494081,1.156342911979426,0.9105240226709752
4764,0.6679311468387421,0.760404058988543,1.162854657440945,0.907339908425574
4765,0.668158971259127,0.762618065960165,1.160825325743012,0.9037480300049412
4766,0.664200543952376,0.7625040906494941,1.167668582736582,0.911703228491587
4767,0.666857323730769,0.765735697163187,1.163400189708108,0.9130702037634192
4768,0.666825001438458,0.7633946604918741,1.158658789443797,0.906117103346016
4769,0.671462274170008,0.769531621125297,1.15868562395158,0.910725017901564
4770,0.6688019371982931,0.7687118674317991,1.169322818733643,0.906171917591405
4771,0.6659723926281581,0.7688957483008281,1.168384243612704,0.911178290951943
4772,0.6692577539470741,0.759734899237536,1.167545174666936,0.9076671132250972
4773,0.6718697462068951,0.767523109264995,1.163751025238762,0.906806041284099
4774,0.670780854407643,0.768073503305946,1.165497083270895,0.914300599904811
4775,0.6739278672182041,0.7694438797408251,1.17076245414606,0.915073830418396
4776,0.672717340101582,0.767604098155878,1.166407316383244,0.91283869297932
4777,0.6726826611312401,0.761754592367704,1.160898498218992,0.910525099333861
4778,0.666862932290288,0.7667241520855731,1.163237032035122,0.906296468542321
4779,0.6614620125974,0.7671081465871431,1.154002779419871,0.9086940877841432
4780,0.6620937152833171,0.7676408095420271,1.16169576390066,0.912049589975588
4781,0.6651845686677571,0.771229552186053,1.158673007095205,0.911072943089664
4782,0.668135244642262,0.7653116662649141,1.165490696179694,0.9071763179440432
4783,0.659421043362522,0.7607217522850931,1.153546519793462,0.9102281004028472
4784,0.6686743128558861,0.7594362869858741,1.162261682899965,0.908349982260362
4785,0.6675098454714681,0.768553577147532,1.161403828772945,0.9046374865794092
4786,0.671638591269004,0.763497862370981,1.161618234346742,0.906876941764916
4787,0.666310067976946,0.7659485354155731,1.158413941877475,0.9064708694383712
4788,0.669210712762846,0.764540570693603,1.167844886689082,0.907824929506666
4789,0.6646294482052321,0.7600002839513441,1.150353846558626,0.906255897188532
4790,0.6723708940696881,0.7757028056227641,1.167833213140999,0.910086810507852
4791,0.665347353676738,0.7630770347904461,1.155179851512978,0.91240267895594
4792,0.6649904509979311,0.7673030627378511,1.158690533344296,0.9061243033873432
4793,0.673367038180214,0.770007103573584,1.160877629790617,0.8992053958978771
4794,0.6698241546966021,0.7661295019198151,1.156427006466665,0.9055459248306952
4795,0.6709676164647801,0.7645497796112211,1.159568754227265,0.906171224795389
4796,0.662300390879745,0.763355740278527,1.14926624805599,0.904757030308246
4797,0.6687083131485221,0.7691675379224441,1.159849463597588,0.909913752336001
4798,0.6662484565074891,0.765378424222918,1.161594243585199,0.902871879978456
4799,0.674944446867574,0.7583049258244211,1.166492247819036,0.9148588888617092
4800,0.663855308612835,0.7700781378409131,1.159020566745944,0.9131802427919872
4801,0.666998914024536,0.767894962235637,1.16645078620185,0.907268789394394
4802,0.668159346055725,0.770172821114892,1.159188975458559,0.912674995922092
4803,0.666006597784766,0.761881336353827,1.160191158453623,0.905325656000902
4804,0.666438573836416,0.769572455705939,1.156892787935077,0.9084382694268572
4805,0.667937718196839,0.766057627896467,1.159869614934575,0.910786293581991
4806,0.6657661457100641,0.7637671734327851,1.159041885880456,0.908054761264635
4807,0.6719922635272361,0.766895342348278,1.167617571634658,0.916950024691396
4808,0.666298436999752,0.762995859527069,1.162446628986061,0.904367855223624
4809,0.6681222891893941,0.77383277349282,1.160210053126017,0.9141723157271092
4810,0.668000926844019,0.765137995822706,1.168307398864324,0.906930178457844
4811,0.666129591429363,0.76961890467699,1.166944812929284,0.91068627482847
4812,0.670653998608822,0.7626330942131471,1.155328128216923,0.908100792679233
4813,0.6601307787864961,0.7617452518231621,1.161204392495362,0.91027477869521
4814,0.66607723970884,0.7619698035760201,1.158291201984536,0.903990502320769
4815,0.662934413530688,0.766008548438549,1.161229278082433,0.9097239634265072
4816,0.6671427399513941,0.761987477109052,1.160104363508846,0.9080931525947392
4817,0.6710872225787321,0.772281722746033,1.163603738166283,0.905909876244655
4818,0.667302972785588,0.764503130446309,1.157769362563672,0.908239085875127
4819,0.667831427458187,0.7672069756233171,1.171344123888706,0.918214407196079
4820,0.67112729228709,0.770687248071898,1.162602213845736,0.909314351372312
4821,0.6661705300211901,0.767566984438377,1.160848005310349,0.91165915298937
4822,0.664735940217539,0.761530899807162,1.149912912128628,0.905395612282597
4823,0.6649753581462561,0.762047758892826,1.162395571668942,0.90917496882595
4824,0.67508613485573,0.768188418577546,1.15721923145263,0.9086496130819772
4825,0.665661754059618,0.765436618656351,1.155965874052566,0.906804834586986
4826,0.6689810813067181,0.762636707204839,1.163388600815897,0.8999022052123921
4827,0.669526352938534,0.7638763129927111,1.153732084925623,0.908385632694631
4828,0.6643742913299281,0.762310797753541,1.161297005695709,0.909777939130646
4829,0.6685827072925751,0.7642561900226961,1.154945677389269,0.906989711755211
4830,0.658586993111648,0.767973373009674,1.154455751072669,0.9012159190910012
4831,0.6649382703168231,0.759199478811975,1.161982701956362,0.90438088979842
4832,0.6692962943157851,0.764283392308414,1.164639610419239,0.915417081042044
4833,0.6688860915331301,0.765197075795436,1.159049268757951,0.905474016685848
4834,0.664858871585001,0.765993491571018,1.159587485094865,0.912228582939807
4835,0.673494753873218,0.7724165550392601,1.165058029302652,0.913257400059829
4836,0.666983505360026,0.765839375339556,1.15783326846102,0.9110698508557632
4837,0.6643268493530541,0.7622219710678291,1.161815224458342,0.903024346716162
4838,0.6665520755223171,0.763435823114021,1.164556029914082,0.9135510665836972
4839,0.6704670256138711,0.761451654676078,1.160924711305162,0.90889145558079
4840,0.66620609909296,0.7620773468760471,1.160214033463727,0.91238676816009
4841,0.664707048134743,0.7657761587828831,1.164712452586146,0.910162063909397
4842,0.668558368081415,0.7682229876518251,1.155083991371203,0.9031954083213772
4843,0.668740348323531,0.768434771917004,1.163103667506273,0.914366262006586
4844,0.668182461940939,0.762185977852862,1.16254582007726,0.902133392035097
4845,0.6708384742555411,0.7668334340703661,1.163043025179185,0.904132568668844
4846,0.67254239598802,0.7652098196356191,1.159150505303472,0.909529036450861
4847,0.667587575408211,0.7666583982282791,1.163307957675146,0.905176480341216
4848,0.662790267633787,0.7669336911344871,1.163055619683818,0.907371256743436
4849,0.6716868211447761,0.763659534031066,1.15941275893778,0.90380074656096
4850,0.6650372056317501,0.7654641800816501,1.156345264203306,0.904482748251462
4851,0.6571507561627931,0.754483151910961,1.152355471167011,0.902345678242652
4852,0.6674568601816461,0.767633888924467,1.160040562351544,0.907892451392135
4853,0.6709021007831111,0.765533566906832,1.15695009369781,0.910248974473148
4854,0.6647769070189931,0.7646738034875491,1.160203756737536,0.9021142039556
4855,0.6667744628275211,0.76364689860223,1.158924783161585,0.906459497449838
4856,0.6736858373210911,0.7655901219965751,1.156666301946709,0.9095680935011392
4857,0.6649752105923661,0.763053995327673,1.15849811842908,0.903343053507632
4858,0.6701561016557,0.7723026171974511,1.157874200655066,0.9132471868255432
4859,0.65923161248582,0.7652572445247481,1.159398777653341,0.906159101189046
4860,0.668583209423915,0.7660471111320061,1.160375031980051,0.90824432870832
4861,0.665237787949002,0.761972860689612,1.152308424421842,0.90560255717972
4862,0.6702316556719761,0.765222686356392,1.161637326405532,0.913295266124001
4863,0.6732127548505861,0.764461571107739,1.157947894239771,0.907390795459134
4864,0.666516928002238,0.762827679622864,1.162099486135918,0.9104285968764532
4865,0.670960771054893,0.766167132534842,1.163452708850736,0.908760696298618
4866,0.6673636134389951,0.7615248589520001,1.163307962102302,0.909670651336942
4867,0.665983314666411,0.7648800675203831,1.16524208250685,0.910894415462794
4868,0.667748939407908,0.762409707882266,1.15812271984591,0.904938610675542
4869,0.66311657987535,0.7645987275501951,1.161099567685438,0.90294617967869
4870,0.672514100005661,0.7669043841137401,1.158899837537952,0.9084587308267752
4871,0.6741608462525881,0.7672306827229001,1.158620617635872,0.9096252565150672
4872,0.6641852708560401,0.759438278234523,1.162883172324602,0.908783075494178
4873,0.6695592948977931,0.765473121102305,1.157729805055735,0.9072448302978192
4874,0.668779820446734,0.769548321547715,1.16502146044935,0.909336055750432
4875,0.6658793851139321,0.766786696254343,1.16143077644317,0.910842299191416
4876,0.67181282841425,0.769221158563226,1.160192463493001,0.90645195916295
4877,0.668688885300703,0.762622843941916,1.158520821859871,0.900822228981532
4878,0.6651331895179501,0.764773085821365,1.159880331892898,0.907494973472279
4879,0.669849413838507,0.7618889358380561,1.163045665384202,0.9134969963435672
4880,0.671158549875236,0.7663721133401421,1.159849348383537,0.910154678062468
4881,0.659085307405262,0.758030732364758,1.16037971018881,0.903581902654706
4882,0.6676730141043661,0.7683494382578391,1.16527995262025,0.905158640087946
4883,0.676089300652561,0.76570799169333,1.16054285760375,0.9090595935349872
4884,0.6646963378171551,0.764327160798121,1.170479242352472,0.908864625554153
4885,0.6653279869182811,0.7673941910050911,1.157087160841278,0.905562627034774
4886,0.664658907989876,0.7636572810402811,1.15674844448981,0.9059595556902712
4887,0.6706713151348671,0.764790384233861,1.1650466230036551,0.908183178472994
4888,0.66566850784896,0.7625305148354471,1.162483759224414,0.905710383223882
4889,0.661911483746076,0.763991306981314,1.158138881235019,0.908625238291595
4890,0.668662703366599,0.767782549495282,1.164511095246543,0.904324198006719
4891,0.665392449098652,0.768252702294916,1.161455444343712,0.909003965934549
4892,0.6663287927976981,0.764635109815044,1.154909050982931,0.907529045733204
4893,0.666323246623294,0.7659554889668581,1.1603383155188691,0.9010061046135592
4894,0.6672085640223131,0.770487233240535,1.160669929091481,0.910992209408162
4895,0.669070320284884,0.767146899432375,1.1661766015965,0.9076849428423932
4896,0.6695896289648781,0.765750992989194,1.165194707504217,0.908657742205305
4897,0.666894500130328,0.75853265206451,1.156175545916177,0.90496616559508
4898,0.663838619258308,0.7638854416816131,1.1561467851633611,0.905115145191118
4899,0.664821858315364,0.761215646629748,1.15522647972988,0.9072461170886732
4900,0.666795460561263,0.76131832189318,1.157990135792373,0.915442821448263
4901,0.666058993398927,0.763932989127394,1.160519346162892,0.9035635159445412
4902,0.6626243868005881,0.7644219544270761,1.152758701016073,0.910380502298906
4903,0.667177904154295,0.7710057269187941,1.166552675159081,0.909567202589866
4904,0.6658229145180921,0.767828422827997,1.158257024119729,0.91063306507641
4905,0.6686043763884161,0.7692681992615471,1.15967293418404,0.9040253281971252
4906,0.671229505290587,0.7645458779905151,1.159661314085773,0.8992960619051821
4907,0.667797999402535,0.7649323762111041,1.162619262069895,0.90517924029542
4908,0.661605225012138,0.76094869416261,1.159325409302677,0.9090175615704572
4909,0.670379037037491,0.761796034548593,1.15994155568921,0.904944530593744
4910,0.6689121215401781,0.7635593492051831,1.164085897954477,0.9028047383155512
4911,0.662058743472764,0.771886067221993,1.158751935090707,0.915034971942288
4912,0.667579521654524,0.761831146975358,1.15772398593633,0.8990950616805451
4913,0.6696886004799081,0.7686797153690581,1.158622674536014,0.912281663332512
4914,0.6651818933964201,0.759546495542146,1.155287307997544,0.902978153521384
4915,0.6661611559220411,0.7608779076000911,1.162827512924222,0.899919558127505
4916,0.668010574239103,0.7576136053472321,1.163035324950149,0.913382469581953
4917,0.6677174349247971,0.76548313802999,1.160504701020924,0.9098641272580272
4918,0.6630704304392351,0.7662294353695881,1.159503520830817,0.90818450000623
4919,0.666323498188369,0.7617260932490441,1.159350569481435,0.902166968319511
4920,0.668694031411323,0.7633338303885591,1.16272728425869,0.9112461534855152
4921,0.6716080982292041,0.765638021995192,1.163116401628307,0.900593599790464
4922,0.669659218008535,0.7688847644173581,1.165642864786196,0.912408695191792
4923,0.6713314411648801,0.7645602900048961,1.153431680863318,0.909651867235484
4924,0.667185138398106,0.759957718460456,1.156545086183409,0.9055504132926032
4925,0.6695598255896911,0.760726730460705,1.151208242536455,0.898427248028093
4926,0.6658956625539321,0.762440840295259,1.160244606327319,0.9068506814107512
4927,0.671409217856716,0.7658284270892971,1.157382180617339,0.909347078344528
4928,0.6649360812228651,0.7693291330251141,1.162960193727327,0.90447466145607
4929,0.6672966786916701,0.7646220058634661,1.156805827241876,0.9027325321204852
4930,0.668772015369672,0.763043390344018,1.157452646049036,0.907334756996968
4931,0.6656110379844901,0.7668072863117501,1.1583168003438171,0.9037817137828772
4932,0.6718933918121931,0.766033475165781,1.157259172827437,0.909406700454976
4933,0.666380201128945,0.7654655229138291,1.161075697968835,0.909068016173399
4934,0.662258474804137,0.758585347213606,1.157945506922576,0.897740635319032
4935,0.6580479871211701,0.763859197389388,1.156329505253529,0.902581212178304
4936,0.663653619155503,0.769261038929655,1.155241550202818,0.905303754452346
4937,0.6680168589658061,0.76457880264607,1.165464668386224,0.909595977595966
4938,0.665605184095709,0.765350731278675,1.1581339236834771,0.909974691201595
4939,0.664343971489132,0.7614499793752381,1.159443952791069,0.904538383545435
4940,0.669989990745333,0.774193821609884,1.158192181176897,0.9110768650105032
4941,0.6678637190033561,0.7692287084848981,1.157930523265099,0.904672428236707
4942,0.6640683905477971,0.7622208708654271,1.156442319677359,0.9017258466531832
4943,0.668945816089061,0.768465513120526,1.165277726408364,0.9071166017025272
4944,0.672415784357682,0.773893142415993,1.167225719254086,0.9148855256321632
4945,0.6627814475230981,0.762301597798216,1.159165855119194,0.9109873333001052
4946,0.6655651402214291,0.7620924465034311,1.158356852397538,0.909822736340372
4947,0.668104796197967,0.76247061367916,1.159385667978853,0.906590359555422
4948,0.6694341807531701,0.7659835932047471,1.161631712663001,0.916765002911721
4949,0.6633559473236831,0.763413771986961,1.158921455883461,0.899393413701783
4950,0.6685365235729921,0.7645677663925761,1.160656526684761,0.902844050710184
4951,0.6678034608130871,0.7637319173933801,1.161609927705232,0.911078084800122
4952,0.667840365374433,0.7684677408441251,1.16110020271246,0.9045513665600532
4953,0.659062023072139,0.76315316968206,1.155719544360603,0.904441376635129
4954,0.6711140163512761,0.762273770095645,1.157323480084322,0.905213614385845
4955,0.657610759651963,0.764548586870449,1.15783336477867,0.907715246162336
4956,0.672981017201707,0.76109313154998,1.163975386083989,0.9047910238791632
4957,0.6585303665665181,0.75921552379926,1.156442811307699,0.898551025738318
4958,0.663210899663576,0.772784175864164,1.167792146836502,0.904391211309078
4959,0.669603314277702,0.759878303153791,1.158032416541507,0.896894798546597
4960,0.66804496773883,0.762030348721621,1.157228126690007,0.90254693068024
4961,0.667069129942767,0.774003129722415,1.165826191396816,0.907847263836774
4962,0.6603714655004981,0.764836878016375,1.15948119306046,0.9010094051397792
4963,0.660022757164594,0.7611059656609661,1.155282088271949,0.90378597424622
4964,0.663523136705592,0.759079292416572,1.156298267344633,0.8999769302975871
4965,0.662781287416599,0.7637044779848361,1.154516236181708,0.907720841494375
4966,0.6682721877983511,0.7669574249049891,1.163330103608145,0.907909127060269
4967,0.6660684740197831,0.7680045586565261,1.164111814313176,0.906457229476908
4968,0.670139441428625,0.7633206085234441,1.160592962542306,0.9003772948315171
4969,0.663899374558873,0.7693763588001761,1.163524636107942,0.9008902223861732
4970,0.658521159025638,0.761509196373863,1.160482333406158,0.906876462228272
4971,0.6679823499010951,0.766459956009318,1.156876395577969,0.8991430594005441
4972,0.665579957806545,0.763531930852627,1.164822085828021,0.9075929734963872
4973,0.6663248099494671,0.7625928818099741,1.166241784350595,0.905417080509705
4974,0.6680722245271651,0.762014928611292,1.157421367323916,0.898821856664574
4975,0.6651369148892331,0.7696824762700261,1.161855141645756,0.905300032536404
4976,0.6703320848283121,0.7701561215563091,1.16160514432451,0.907488472651744
4977,0.667461280184595,0.7612460345245791,1.15956794956456,0.902261056977769
4978,0.6649022850113501,0.7565463390471271,1.160037992333156,0.905953176805506
4979,0.668660686796774,0.7627990036339001,1.154002962229044,0.89719417175629
4980,0.673437997374845,0.761958124197047,1.155774902606356,0.911175507350244
4981,0.659571381960658,0.7660546015570121,1.163960484814816,0.905361905586028
4982,0.671111813867869,0.763378266731034,1.152874848116999,0.9062064758677412
4983,0.659265789108863,0.7621490205975541,1.155048987139826,0.906903553673106
4984,0.662208108798317,0.7646406810136801,1.157171162898125,0.911463743345677
4985,0.666693992885774,0.766752993822961,1.160650662753893,0.9085677657276392
4986,0.6596851992974241,0.7661904714245721,1.157146522532338,0.90418966497848
4987,0.6652888649453721,0.7663148416989091,1.155084401908992,0.9058920802089612
4988,0.6661150626622241,0.7636623139614641,1.1653690872632931,0.905943551384236
4989,0.6652765867394811,0.7666955407762871,1.15902206701213,0.909361123822737
4990,0.67188395972809,0.765881393698678,1.161778208030306,0.905605584032077
4991,0.663078511349748,0.763399054930693,1.158459588993286,0.906855926673481
4992,0.6644704429351761,0.7662152911441911,1.161406815052032,0.904483478003438
4993,0.6724472832528571,0.768500039218992,1.163077866793542,0.907446942332646
4994,0.6640558910110721,0.7647371153900581,1.15860706243826,0.904433271969142
4995,0.6644725996892951,0.7653238546589141,1.152681202884169,0.906320684980871
4996,0.6691566427656701,0.7664594868387,1.16170708068471,0.9062721935519272
4997,0.6643669531559161,0.7618965349983471,1.158903393624485,0.905188810323243
4998,0.6731207571869741,0.771620909912862,1.160695711555688,0.911821380878488
4999,0.6586841005238071,0.756888354710046,1.158349920766077,0.906459458091336
5000,0.66489531142988,0.75399174897567,1.154095874532409,0.900740836760488
5001,0.6633132664027851,0.7647611097149221,1.162197927957859,0.900605904154371
5002,0.6678663504890341,0.759109741103821,1.157404019456842,0.8994582032487871
5003,0.667839348019249,0.767607650895049,1.165487152294836,0.90197537491179
5004,0.6683244701150961,0.7681623972628421,1.161030600144379,0.911136652545436
5005,0.662152453501155,0.762342011043127,1.160269165060658,0.9059468719136452
5006,0.6621984889109931,0.758017934966778,1.15932895016411,0.903515532936738
5007,0.6624444171624341,0.764763937696166,1.158429726634336,0.8972156846058971
5008,0.664791240100411,0.7647652352849641,1.162336208358191,0.900657969027541
5009,0.6716251478301011,0.767536293229331,1.160436044784559,0.900889868780538
5010,0.668902984455875,0.7652543547792711,1.1584985236758771,0.907009415220523
5011,0.6647945729394751,0.762561174730459,1.157926601236281,0.9015690731289592
5012,0.661442575706303,0.7638137776782541,1.159885868646096,0.8990006249236021
5013,0.667732573802704,0.7683955814311471,1.157316122042096,0.9004609599655521
5014,0.669372101030919,0.764200014156707,1.160124742142532,0.9092536909046812
5015,0.665285942698086,0.762456199829129,1.159753197129221,0.9044442092594892
5016,0.672186905707138,0.766049826382726,1.168269341082676,0.905771228471312
5017,0.662377599680769,0.763296547791232,1.162470634864724,0.9048341375276232
5018,0.6668811833512951,0.7667277035289911,1.164328072166097,0.8972666569971951
5019,0.662128377057935,0.76512465302063,1.159174973766009,0.9160991826675072
5020,0.6697777936747971,0.77011719605197,1.155859117274699,0.905262166823166
5021,0.6655044728431141,0.7646853795302081,1.15939290486816,0.901124508592529
5022,0.6702923806843111,0.760469861112643,1.160225972641205,0.905103296797344
5023,0.6656692895120461,0.76511123927607,1.159966457149256,0.91150289012686
5024,0.669530449705063,0.7669000641807261,1.164665521702904,0.903661162983896
5025,0.6633479140860871,0.761069568926873,1.166389274208442,0.8989215653551661
5026,0.661952032073252,0.7658728474508161,1.158949672635914,0.8987277114520901
5027,0.6629519022839221,0.7595132757788111,1.157186670147854,0.8979960568249221
5028,0.6739857698102361,0.7642611043824661,1.161915118603602,0.9003447984493721
5029,0.668217338216693,0.765110152355138,1.161582377941712,0.9041397079447472
5030,0.6659270476387891,0.7640406492611631,1.152407723168532,0.8926429472647711
5031,0.6685830896207381,0.764019473955251,1.16059713303179,0.903197014596367
5032,0.668796798754213,0.766719157281129,1.163575651745001,0.904399125850287
5033,0.6678831409662961,0.7677029613135511,1.158874413457469,0.904168230602922
5034,0.6658182492668641,0.7583423730903771,1.154270083899947,0.89725891109286
5035,0.662330274402663,0.7658942499454471,1.161853344436141,0.9041854928423092
5036,0.6662269548067581,0.767926215909529,1.163636967863725,0.911372087760896
5037,0.6666918936846911,0.7648532505052671,1.159577751505202,0.9029342046520412
5038,0.6642232554006401,0.76554102666568,1.157216483808082,0.9002528942419561
5039,0.6681610413597541,0.7634199011153061,1.161410531380038,0.907206142861126
5040,0.66516318336885,0.7633772103682801,1.15584983860237,0.9030997250769012
5041,0.661282856017351,0.7564675493732741,1.156299747958563,0.899574148995072
5042,0.6639773572484651,0.7671543397549271,1.156215306209481,0.9022069241635612
5043,0.6644579172674291,0.7684803840474801,1.167332518575848,0.9117259362955452
5044,0.674422093356649,0.76585922854534,1.163174882099248,0.902878406174156
5045,0.6639378261684941,0.7561097488455151,1.15291106733291,0.89367817501551
5046,0.667042108927515,0.762439643667227,1.162460227159486,0.906583878873051
5047,0.6675020155051481,0.7648633677458411,1.159937385091747,0.901418394449612
5048,0.6626353956543011,0.762113405526548,1.157038680885149,0.9081490373481872
5049,0.664054622387756,0.7659327844562731,1.161612983631051,0.8991455203327141
5050,0.667515378256422,0.7663504966143241,1.156272454106289,0.906434589079108
5051,0.6660955777742721,0.766632123593834,1.163128615289494,0.907147625137282
5052,0.669021952276428,0.7678309376688971,1.161842637627885,0.909959516069595
5053,0.657046507639081,0.7644328722271361,1.155166798959607,0.905619959468426
5054,0.6691961111905781,0.76213867271292,1.150931423341018,0.903847622401688
5055,0.664353417907504,0.760980173405529,1.160807577812153,0.905313656300954
5056,0.6607407801987031,0.7664362372479571,1.153464769863564,0.913180766330249
5057,0.6663617091388371,0.7656512436443481,1.16033175414887,0.8999056483254481
5058,0.666574981063604,0.7653915074424461,1.160557397033857,0.9043690851363152
5059,0.6632503803441491,0.7635676548748771,1.160845207779304,0.9051636687169472
5060,0.6690291161716411,0.7644531009853751,1.156817716100941,0.906949686993291
5061,0.6701653271751561,0.7679936003641801,1.163956759308559,0.90809084256382
5062,0.662116792997804,0.7662044276577831,1.167796574748944,0.906608582028876
5063,0.6660689787966181,0.7601242856918901,1.157031410954136,0.905683995103058
5064,0.666544619947671,0.7586044215637701,1.160393092403377,0.903953612174676
5065,0.6585362693969751,0.761564622646656,1.149852861096893,0.9002242875757851
5066,0.6588909140639541,0.7599203954788221,1.15866367292145,0.903744634834752
5067,0.6602748614884371,0.76470587607743,1.149872223104255,0.90260317624695
5068,0.6672046613488071,0.7653281991032581,1.15854047951491,0.90293641048281
5069,0.662030044538171,0.766854016569213,1.154982230801513,0.8970653957592831
5070,0.66416911235538,0.7655525007757581,1.160124596694241,0.910356671292928
5071,0.6717833031130871,0.7670864629140791,1.158463440511537,0.9002350716163281
5072,0.6624767459875001,0.759639852828737,1.162779630526252,0.9025082568489552
5073,0.655174912074985,0.759845239420731,1.150220111012458,0.899947044912023
5074,0.6697967406362291,0.760354914742967,1.155699673338212,0.907397171644412
5075,0.661539348328243,0.7641209947026291,1.159271000736001,0.9013896237356932
5076,0.6677107560191891,0.7591983323943781,1.160977971942528,0.898679632693529
5077,0.6598876684742131,0.7623185748639311,1.152507797099541,0.8961445328550061
5078,0.6673655051306101,0.7618443053485691,1.156633870973103,0.9076205696100772
5079,0.6664985358661061,0.763062905790149,1.160627450200094,0.905162960641842
5080,0.6615220415473411,0.758529567740101,1.149819006198558,0.8967708279041271
5081,0.66887133722396,0.7630889762354931,1.161925381508426,0.8986419802126671
5082,0.6679721207668381,0.7641825205174041,1.15698358848475,0.8944096718847321
5083,0.66643345836496,0.771430347060811,1.160220369480658,0.9094009127575852
5084,0.6702301189627331,0.7676640089223351,1.169776638672835,0.90719569493355
5085,0.66429793694313,0.760959820470948,1.162788723365984,0.898565173527036
5086,0.662190351608222,0.7681612645586331,1.166876709439616,0.907792337238788
5087,0.6622382204007841,0.7594422229390211,1.1512064413316,0.901416422880214
5088,0.6609543619704411,0.762105221981587,1.1653648366530729,0.899756825434556
5089,0.6720857219095681,0.7622624683207361,1.15444465899381,0.9017192872808032
5090,0.660587428839526,0.763430797319481,1.161897902363452,0.8938793373982541
5091,0.6648022862070281,0.7656222283840171,1.159269399617029,0.90166747248799
5092,0.665473314946976,0.7656677650368731,1.159771337241366,0.905380921816264
5093,0.666177407554958,0.764299425417962,1.157491536352081,0.8975380958746301
5094,0.664579068701984,0.765807859707569,1.156646239368812,0.905897833217961
5095,0.664539111319227,0.7623516786573591,1.160602839852588,0.903691033711252
5096,0.6597675056993091,0.765129043032293,1.16277074943418,0.9131728228505532
5097,0.6673459303227881,0.768861047275688,1.162218819169894,0.906700416508576
5098,0.660298523641582,0.7627012741522511,1.156281462398128,0.9030360566533132
5099,0.6644793555032511,0.7574407243426291,1.157421323052351,0.9002343672665131
5100,0.6622225856003551,0.760973788257958,1.156299221234909,0.8993279173484311
5101,0.661479020518237,0.7565411135986231,1.156187612293423,0.896061391718145
5102,0.662343740625225,0.7582998975463531,1.159325507887895,0.900933961316511
5103,0.662641322591166,0.7626749949826711,1.162070209997287,0.905053453654914
5104,0.6667450273652441,0.7678954135896501,1.16748683705278,0.9024123967341752
5105,0.6624611030886131,0.757522492952968,1.152279327853002,0.894504719265345
5106,0.662130274364481,0.761139332600261,1.15952296220306,0.905213224526116
5107,0.6669664163736331,0.762748826241147,1.156422835653242,0.908495813068272
5108,0.6599499217464001,0.7574549477169471,1.156955589418826,0.897573896103363
5109,0.673404749779813,0.771092555553152,1.166929763512335,0.9054858566032372
5110,0.663906020827699,0.7700302739074261,1.164614274665929,0.9144090408648272
5111,0.6715023744905341,0.7698795785722521,1.159536814128143,0.90439884348408
5112,0.666952663465686,0.7621661744255951,1.159249519848305,0.909161647484786
5113,0.667727608314674,0.765798393798911,1.153598055999348,0.9074699165488492
5114,0.6628186087515471,0.753447128918723,1.157652135776436,0.896456507803953
5115,0.664454762837377,0.7624540754418441,1.158320442921873,0.9005070787355081
5116,0.6659603706304571,0.7625827611140581,1.157280800459177,0.90519926259699
5117,0.6622171813379161,0.764216100176175,1.159010913169038,0.897263621938401
5118,0.6663126387511901,0.7673819638464761,1.160733367329922,0.9120895589391392
5119,0.6641289320490931,0.7557772135604981,1.158068143263243,0.8935858702584021
5120,0.662634439523453,0.7603322133637851,1.154066413856934,0.9001592863351101
5121,0.6638654177819471,0.7633872563424311,1.158612879290097,0.8968073690067161
5122,0.664058961892041,0.764165083135383,1.164554841168548,0.910056439187863
5123,0.6646671473332071,0.7611341865166371,1.159579495588938,0.8982298344481681
5124,0.661706796158915,0.7621035214135611,1.155286270315232,0.9040204607544172
5125,0.660880706853408,0.761636502068975,1.166429743170738,0.9001438656308941
5126,0.665075119125886,0.7583324882215341,1.15595053265924,0.9007884730733392
5127,0.671825353083187,0.763015493102695,1.161459319617437,0.906854648709945
5128,0.659824304066706,0.7647314456062041,1.154945240072582,0.8983323698782401
5129,0.6665414000820851,0.76353994940502,1.1584934179765591,0.898253969416238
5130,0.663064142392165,0.7608690824413641,1.151000455669734,0.8956175959412601
5131,0.669220638663872,0.7637450609734091,1.160691203738468,0.9004364869138901
5132,0.6624869130335851,0.761991868200509,1.163215227533077,0.902863466221353
5133,0.666308996848006,0.7638770968153851,1.153913711724074,0.900709467467622
5134,0.65998816833008,0.7636006569516831,1.156354847809542,0.9075335018012832
5135,0.663518283597153,0.7591487319357151,1.160466983698416,0.9044905202868192
5136,0.666527561600441,0.760288596153259,1.159509505266728,0.8976339383347741
5137,0.6652957832143791,0.763390406210353,1.158721127479836,0.902298652283523
5138,0.66314784998911,0.762773118913173,1.153280465607194,0.892711610168866
5139,0.6679476739541771,0.76448580244745,1.162835115539854,0.9021997316537992
5140,0.6665578210537411,0.7681285645002901,1.155510210040686,0.902299439696514
5141,0.667702693438184,0.757760106761386,1.154201181362504,0.9017090847094852
5142,0.6611442157485771,0.762423351838968,1.161661412836848,0.9038255111840752
5143,0.662994305616703,0.761037887114545,1.161982333638529,0.8991923709602461
5144,0.6729851139952301,0.765631834018057,1.163996780804102,0.9037324852053672
5145,0.66455639793497,0.76164647537297,1.159034988802412,0.9023616560937272
5146,0.658130372375033,0.763756187713664,1.163021604004113,0.905755972111786
5147,0.671487966255433,0.757367178365804,1.153930036702017,0.896723729004894
5148,0.669642719939567,0.764394381987875,1.157001653983109,0.904657817081264
5149,0.6617420512535,0.76350930419521,1.156197270945362,0.895563266442521
5150,0.661412834257319,0.765471516312032,1.154549824478833,0.8991555743243381
5151,0.6645174466235481,0.7612754778153651,1.156427348113578,0.90230101916561
5152,0.6615949724193501,0.761200556072635,1.162592909690262,0.9026693029032232
5153,0.664442101331508,0.7635418555658791,1.156214059155056,0.90163849774694
5154,0.660476319005955,0.762416122940139,1.15516597788403,0.90112799514031
5155,0.66062388099406,0.769401910944261,1.154829337869001,0.901256184026167
5156,0.669667893237825,0.764127215721469,1.158783444459887,0.9062645054975712
5157,0.6642108928898101,0.7640912858904271,1.160659433275029,0.906592126206859
5158,0.67009796158991,0.765630019315774,1.160680420804714,0.9041464142501352
5159,0.668183795621861,0.7623627584265621,1.161338735749756,0.9001070148972931
5160,0.6594538846309631,0.763732704779376,1.155345060471175,0.902436171671834
5161,0.6655591638569811,0.768607078794983,1.150308655655902,0.9027254056671392
5162,0.664071781911711,0.7636332965415451,1.162802633491979,0.899150324445487
5163,0.668956941992476,0.7671002366620561,1.158818263074626,0.9056304226750912
5164,0.668977331883017,0.767084594977938,1.161325651450433,0.903451522596288
5165,0.665081486537836,0.7651618182443191,1.159495237728823,0.904163952457948
5166,0.6653445073389921,0.7642014156217161,1.162083607005036,0.9038223155868652
5167,0.6582559496974161,0.764286175694154,1.159915652504001,0.906630089830445
5168,0.663240591226064,0.7637676037308091,1.161222084708835,0.8991073289265231
5169,0.6665226301799211,0.7617296445844831,1.155763428496278,0.908314650959294
5170,0.669366311227929,0.767927143344844,1.163438183781893,0.9032922012704432
5171,0.668173467605442,0.7652374000652971,1.165436286533224,0.897076093416283
5172,0.6674160386125241,0.768373801980329,1.155101660261119,0.906020631743729
5173,0.666316951044659,0.7632958169864571,1.155306150515874,0.903051216830162
5174,0.662193185231391,0.7636563817875971,1.158151492584442,0.901436940726378
5175,0.6668582244951651,0.764288461942603,1.164780393890712,0.900528226938584
5176,0.663606764559728,0.767167295774687,1.156786095620929,0.9017110668608672
5177,0.6658060799312331,0.7639157637089921,1.151101775899313,0.903243397511001
5178,0.6650466560993501,0.761406087681003,1.16160298484391,0.9007019961009851
5179,0.66345760056182,0.7632829144165131,1.159353863177956,0.902449487829985
5180,0.6584990440827341,0.7638716215024821,1.152025547796401,0.8964460587425941
5181,0.671647762015893,0.768914347541505,1.162395680620186,0.9028389010362432
5182,0.664563168812057,0.7635378463976621,1.151190604960573,0.9013264425422832
5183,0.665703410363715,0.762504251322884,1.156746652463208,0.902129098692018
5184,0.6604901101926091,0.765084425932255,1.162338857957418,0.902525464180802
5185,0.667871096562864,0.762027845218561,1.164340766443722,0.899978627329287
5186,0.6581727976546341,0.7608029218255611,1.1485857127801231,0.897437910670819
5187,0.6660183030518061,0.7628104759083271,1.162194845901019,0.901566719339377
5188,0.664738477950078,0.763526623987633,1.1645250088278791,0.902076945653644
5189,0.6669337511116611,0.76333730754213,1.15850322564011,0.8965636949878241
5190,0.6682218770779991,0.7643826211924131,1.158801647847977,0.9053514244007892
5191,0.667467122951495,0.7646050668065091,1.155855066210463,0.905236948983392
5192,0.6608310406352731,0.7637952468965361,1.164271713490935,0.905471622835898
5193,0.6602189168064051,0.7606356665492051,1.157438313183577,0.901168384629747
5194,0.6674598134730171,0.7711369332627971,1.164906500366286,0.902060790473352
5195,0.670281887702319,0.7646272124155701,1.158520023891891,0.9064104273051452
5196,0.661593335451207,0.765051725226036,1.157497749488422,0.9079870708232772
5197,0.6707229727906161,0.769301885388035,1.160292379774045,0.8971017024925221
5198,0.668312049511334,0.761932865972968,1.156426764808703,0.898804461583495
5199,0.6598120334463701,0.765189453959465,1.159228151799112,0.8983148337490311
5200,0.655739016857916,0.760483297856821,1.16110398426004,0.902333299372939
5201,0.658023952115057,0.759955666203429,1.152404411007528,0.89621111213405
5202,0.660844691097736,0.765828153685383,1.159507951334766,0.8959290506723131
5203,0.66375175450483,0.7647795502258381,1.157758517649726,0.899441898247038
5204,0.6636474191386631,0.764368247942648,1.162560220537842,0.901490667942857
5205,0.6729348869049461,0.764370213168254,1.159023109985434,0.900659928827182
5206,0.663547871310425,0.7636855553457701,1.161405740440755,0.9016904890591252
5207,0.6673186878417281,0.765435186309227,1.1656778625388071,0.898387150919955
5208,0.6629398081559631,0.766004912987135,1.162338635303835,0.9083001835784612
5209,0.6655751793388871,0.765868951013122,1.161584929495618,0.9059378349262732
5210,0.663463406777684,0.757776769714942,1.149182817858198,0.896989421028157
5211,0.6700325304021431,0.770951271381067,1.160818550141825,0.9037651745467512
5212,0.6646261877393801,0.7675650681274521,1.161219898341358,0.903280053584688
5213,0.655887840963576,0.760606178015038,1.158316353416961,0.901663428091484
5214,0.66707057127918,0.760761514522027,1.156936360658079,0.8967123121509081
5215,0.668663032757847,0.7604927118273741,1.153154728097328,0.8930034031686571
5216,0.664728343162847,0.7678787919922151,1.163519636336444,0.901061434163779
5217,0.658350377816005,0.7602719280166901,1.148531381742677,0.8973578673018061
5218,0.666194806172364,0.769264209529627,1.156395154802695,0.904648457586333
5219,0.661624205906106,0.7691949642654771,1.162076716405758,0.902124156716509
5220,0.663873186442947,0.7634808052925091,1.161385959905126,0.9039723028199392
5221,0.6587505884522541,0.7587819715988801,1.155038018697413,0.8921692598665101
5222,0.6593524079931811,0.758788836499055,1.153148891161317,0.8961982075124971
5223,0.6650013320579901,0.7653227640666821,1.16151346395845,0.90248137725976
5224,0.6602629378869911,0.7588070929050441,1.155269364839878,0.9009727296028012
5225,0.66138293189199,0.769043703873952,1.159079077127187,0.8968729018571151
5226,0.668452385974966,0.7692078237516291,1.162392891835475,0.901953455384658
5227,0.669316830032545,0.765297570414301,1.159428334646466,0.8924180948431941
5228,0.665984573274634,0.7563073698809181,1.153793852614319,0.896775081726735
5229,0.6646498194963171,0.767883173365523,1.153271616153095,0.901827371476785
5230,0.6641136996610001,0.7658734937076981,1.156265372815339,0.9003404432880701
5231,0.665231651667019,0.7661884389277811,1.157051963434703,0.900759800917644
5232,0.661275980103275,0.759654346259607,1.15748998425577,0.8956756918974541
5233,0.673426633592749,0.7658706547125521,1.165415004975553,0.9068814471525992
5234,0.6653070680095231,0.7654128943880391,1.159406223698802,0.899024507246803
5235,0.6604133759071861,0.7602438408395511,1.153915738821893,0.896854271923286
5236,0.662585719745012,0.761171467710232,1.1669927712367931,0.8919967203468511
5237,0.6624951638497301,0.76320730311715,1.154696359258631,0.901908971693204
5238,0.667314414528832,0.760892036168471,1.154386402904123,0.902526742144339
5239,0.6648898405711281,0.762715568253095,1.158853579366552,0.90062123550561
5240,0.664229608397337,0.761465922429941,1.162169587353001,0.9056046565697672
5241,0.664323735631246,0.759890864184801,1.156614898771479,0.901221569924466
5242,0.66726664515833,0.7596835449769871,1.160815989517647,0.8966688606348151
5243,0.666275755083863,0.7611016249959021,1.164492556798285,0.9068017757457232
5244,0.672278982114748,0.765416345410588,1.160179947813351,0.902279029964752
5245,0.6691037434544681,0.765009837522023,1.158142953463222,0.9005233202993431
5246,0.6690929665135731,0.7574494245691571,1.159207891834818,0.8991029865337881
5247,0.6673943897628261,0.76366980438647,1.158574207969333,0.8987236107443121
5248,0.663061601042315,0.7614220881807631,1.156036251589008,0.898059637029317
5249,0.6667149352800581,0.7591906976008761,1.167314412477223,0.8976129000277621
5250,0.654484265470418,0.7621138171441311,1.150372725142085,0.8996079358933621
5251,0.6665711191793281,0.770383001777572,1.162421063344547,0.9098830613429132
5252,0.6607535959531861,0.7590592998093451,1.1554540452965791,0.895070093751385
5253,0.6632174842491521,0.761670565583567,1.160286210369372,0.9005476377796431
5254,0.6668450912271721,0.76001346791568,1.156932326978531,0.896188295702787
5255,0.6652088661448681,0.7624215643475021,1.156475511905939,0.901430017706276
5256,0.661295022410543,0.760596855179123,1.150408976751825,0.899865532968787
5257,0.667064999756605,0.7659786584368651,1.163252222905124,0.9005569464702531
5258,0.6652857422342761,0.76299626974092,1.160682041036046,0.9025190300375652
5259,0.6650031235986861,0.764218720189039,1.161156373503415,0.900910721983814
5260,0.66674351727293,0.76493395011926,1.158885935942332,0.8969079700393081
5261,0.6671743312229711,0.7620245820802191,1.155070563697296,0.8916090425049911
5262,0.666613620314477,0.76535333012757,1.161143478060114,0.89612178777115
5263,0.6671339953723161,0.7587057059441781,1.159164540685605,0.8988249299210911
5264,0.664202684941499,0.759292917515056,1.156687870405722,0.902266262531064
5265,0.665723479879291,0.7653291934858191,1.158686801251293,0.900561181855374
5266,0.6639715713597291,0.760986010557499,1.158546850409196,0.8981754856751011
5267,0.667083680764704,0.763164712898973,1.156451502571935,0.9074099281181892
5268,0.66278449902176,0.7639122487626211,1.158729783542778,0.8963291730353791
5269,0.668280923550111,0.7656537782454831,1.15763583390609,0.9036067121702692
5270,0.664221498629321,0.7635976988552271,1.160537837532119,0.9001723046859971
5271,0.6653340317956781,0.7678457131420351,1.160206882310086,0.895921003937289
5272,0.671393133429945,0.7668961607243701,1.157629937041496,0.8943622946955151
5273,0.656899807515783,0.7550319519595821,1.152746209415836,0.896320587321036
5274,0.665908414222624,0.7642281645018121,1.150762463933315,0.9021417988275272
5275,0.6638284934603651,0.7627392246023461,1.156272841428501,0.90264150403116
5276,0.6614033806313201,0.7652528444709981,1.157016791187334,0.90182516283855
5277,0.665029014231286,0.7595419633215751,1.159762085671874,0.8980441363393391
5278,0.660300606375803,0.7607387892793911,1.154464822532474,0.895859106214366
5279,0.6657457117639151,0.7673218981295391,1.156911448939986,0.902500475608352
5280,0.663990311891488,0.764357392878636,1.157060939548672,0.895738862346911
5281,0.6657600297012191,0.7656171366140461,1.160072004233581,0.899384070700709
5282,0.667544299709624,0.7672133523484931,1.160965480018353,0.896402729000302
5283,0.662156948198874,0.761656484418157,1.151514716122461,0.8987654019957001
5284,0.6619667417599231,0.758012812422669,1.154637280041756,0.8958299532262741
5285,0.662791360061669,0.7646889154245881,1.154498386966145,0.901927788377456
5286,0.6606331021673431,0.7683233557187991,1.161963255509086,0.8963778577744961
5287,0.6637132602433361,0.7648375228695241,1.166147805966328,0.9005598752772891
5288,0.6646245447783791,0.76368497668401,1.160887314249639,0.8905508749025021
5289,0.660277140907187,0.765292053853256,1.154516275054302,0.901235872879624
5290,0.6631722118219601,0.7591963394180581,1.155524936059247,0.89687786248607
5291,0.6641891851103391,0.76589298809784,1.161265415989834,0.90501436272609
5292,0.6658611340799191,0.760586783829806,1.162228967508544,0.8984100988701631
5293,0.661132787205818,0.760607922422713,1.15463596895553,0.894164977622204
5294,0.6672706442574661,0.7594579337299731,1.161904318609099,0.897750539570183
5295,0.664720477158392,0.759465735135734,1.153685967991317,0.8941391587149401
5296,0.6622234969737301,0.757500236341054,1.155815780486749,0.8899231895912381
5297,0.6721961944485481,0.7649288791893181,1.158676221318866,0.901301643203782
5298,0.6682006778546431,0.762415489208871,1.160744338363841,0.904340779759745
5299,0.667092143031566,0.763878713591375,1.158379520303097,0.89965541490718
5300,0.6644350176920061,0.7616973778475881,1.1583465515919351,0.899378303465419
5301,0.670481068932491,0.766387307017609,1.1581965313441511,0.8952608285066871
5302,0.6634884085506201,0.762245817460875,1.165552099221858,0.902687131332746
5303,0.6633288512087381,0.762017269065414,1.160268825141416,0.899898144834931
5304,0.6603595558553931,0.765638366017652,1.15488975106374,0.8976311456897981
5305,0.662663555987503,0.762870730589265,1.156078770540762,0.905063386466624
5306,0.6670444793729241,0.765898244320482,1.158462797817976,0.8944008750436091
5307,0.6665357499774811,0.760632364106351,1.147673213395519,0.8976716185933431
5308,0.66690521425419,0.76036635764699,1.160101964205935,0.9018164182864672
5309,0.665773180083952,0.7698721124426171,1.159492945109588,0.9015661965839672
5310,0.6590753962974181,0.765738482276598,1.156751771551975,0.893352519072916
5311,0.6645744488291111,0.762000723377518,1.156619904481846,0.896251927224406
5312,0.6603117925587341,0.7606754285701801,1.152336126760296,0.8944159942152701
5313,0.662868762523799,0.7624051646477931,1.1620859711066531,0.8977722652202491
5314,0.668001550884134,0.7659621633913201,1.1610264046036671,0.8982534737366691
5315,0.6604269450611391,0.760050397960172,1.158603329049504,0.9017572431838592
5316,0.666304907559052,0.7618308910641111,1.163377783652664,0.8963563454377911
5317,0.667276214133354,0.7664099389660181,1.156409603746041,0.8978931019757531
5318,0.6618204112502111,0.759588680513527,1.157051056515479,0.901102444723896
5319,0.661480176222065,0.7613590229032691,1.153814790473468,0.9003946609471151
5320,0.6666139967037711,0.76552687736525,1.16177920759588,0.8994362243329701
5321,0.665711590561313,0.767439292932766,1.16359945224679,0.899183966273414
5322,0.6579576051807491,0.7622726278892461,1.157566362101098,0.8943433267050891
5323,0.668336653596033,0.761983749983103,1.153513173262278,0.894677642084982
5324,0.66624367231692,0.766943512403446,1.162682761316714,0.9019281557234732
5325,0.664162743485708,0.7624592003615001,1.154345046134962,0.902870054208282
5326,0.6674718883806381,0.760390424318071,1.159373249804628,0.902726602781078
5327,0.66599926808714,0.7636793089517641,1.159591748554637,0.8931938183318441
5328,0.6626511288779801,0.7632923682314761,1.155136667623899,0.892533214411873
5329,0.672182527924145,0.763477285811002,1.157007748989955,0.90174083697839
5330,0.6667656143992271,0.7646619323371111,1.155680643043656,0.901034756928034
5331,0.6632038342725971,0.7571097881249761,1.159969941753408,0.8971318311287441
5332,0.658308397438647,0.7593691358747691,1.160068798108377,0.8942326440111451
5333,0.6679604121524351,0.7635815529071761,1.161963571564874,0.8994563794492381
5334,0.658824661044754,0.755585518544134,1.150272233762602,0.8932538300050771
5335,0.6651337042018981,0.7613890816768011,1.159114941306736,0.8974813226664411
5336,0.6622216673162961,0.760590992975926,1.154504895858142,0.896643688389356
5337,0.6636796995349551,0.760715742581996,1.157498505668363,0.8985327860691401
5338,0.663348851077582,0.764550419929234,1.155963631319827,0.904050446479864
5339,0.662622580655675,0.760845232161058,1.159173627694447,0.8933031832178431
5340,0.663387065780335,0.7561882949177771,1.153694601702517,0.8990227196203621
5341,0.6646253034688421,0.7591277521805481,1.157758860376434,0.9002763265608871
5342,0.6643108972550731,0.763636662692263,1.1511988968089,0.8975629732822591
5343,0.669320728575837,0.760398574713347,1.157147684714932,0.8923182591957891
5344,0.6692309261610111,0.7667624450464181,1.162417041218799,0.902157332937138
5345,0.652203405653868,0.76105539943429,1.146808947773947,0.8931620582074351
5346,0.65969405979242,0.759630872719529,1.159349630924238,0.8959157320576301
5347,0.662711626539627,0.7580048122267791,1.152661807295204,0.897372044676887
5348,0.655834446377728,0.7610349990967391,1.154104794713034,0.8956006940022321
5349,0.652873683855801,0.7570193093540011,1.148575617783311,0.8922704524644041
5350,0.660986847743607,0.763345681022906,1.153529491653476,0.89503558166325
5351,0.6590412062579301,0.758821468530357,1.15125236854605,0.895134437289358
5352,0.664499995015237,0.7569319869297131,1.154503107394861,0.8863119145018461
5353,0.6674213184016771,0.7604501502237451,1.164083542923132,0.8974542451239581
5354,0.666595141416874,0.7583131745889561,1.156150395671526,0.8861829943523021
5355,0.658921002801777,0.7589748979046721,1.151612952675508,0.8969146125288541
5356,0.6645947252602681,0.76770894229412,1.158961883057718,0.8963720349298001
5357,0.663413452092504,0.76352560908898,1.156664504953052,0.8953673884110601
5358,0.6631302931548461,0.757660481592883,1.156015926945036,0.901045749071931
5359,0.6574538581991111,0.762601994409941,1.155573508337788,0.896112532611342
5360,0.6611953545091801,0.7614477790784141,1.161988888853702,0.8911265127252841
5361,0.6710471968180021,0.761421613827131,1.166550816077253,0.896664273614684
5362,0.6678181304393901,0.7650532584259471,1.153889726577461,0.899590559735678
5363,0.6658973520540671,0.7644587297370461,1.164562499285608,0.8988860991068071
5364,0.6715854594241011,0.766867951854415,1.155498882782632,0.8974164414988911
5365,0.6617082158184571,0.7609228064184601,1.152436109664647,0.899397692440644
5366,0.6663597187810181,0.7607945567671801,1.159710735406564,0.904210412577874
5367,0.6659976514461241,0.764123267993546,1.158858651376288,0.894471494049049
5368,0.6635334449077861,0.7643483494934821,1.159723105637923,0.8961919369311001
5369,0.665705100538722,0.764187724585982,1.159465406683908,0.901789436224794
5370,0.665471977324805,0.7630570457465401,1.160728432238102,0.901087176378654
5371,0.6582872310140421,0.7607246990437091,1.15239523621141,0.895942342481103
5372,0.6679256840784481,0.7559524678449691,1.162686612295067,0.8881514687091111
5373,0.6623686843862131,0.757308852737364,1.161942552613175,0.894601230307117
5374,0.661191880352039,0.7589302708705261,1.151389126004516,0.8934805449908191
5375,0.660544441338034,0.7592185870676801,1.15848381223454,0.889493771194331
5376,0.66323630741217,0.7668837490289101,1.159656670322452,0.894886158703677
5377,0.6606940427606081,0.756937964886858,1.155177628648453,0.89878219463255
5378,0.6665237749238371,0.7621400643518,1.154656501459902,0.8998817789327831
5379,0.665365217577504,0.7614770471185871,1.157372360104236,0.8953272038125901
5380,0.66322021893617,0.762712991108065,1.152689472488735,0.897642355547219
5381,0.6671348762145071,0.7680162509930301,1.1546021353291431,0.8969652502109171
5382,0.6666509815748181,0.766162508315798,1.163091299542482,0.896303373969335
5383,0.6672445777533711,0.7570086006021151,1.154782748740652,0.8952689142492801
5384,0.669494581422296,0.769600267751493,1.154689125068809,0.897534762306705
5385,0.6615290694154691,0.764427859066189,1.154831186044907,0.8954867093783351
5386,0.667994955446625,0.764504713640696,1.155420702760634,0.8892567938436631
5387,0.663083730184513,0.7575290059481841,1.159195642216482,0.8969468636897161
5388,0.6589497329424251,0.7615387946151301,1.1608517885856,0.892868517803541
5389,0.664783825099036,0.7642669037416361,1.157186226244422,0.8961082018263961
5390,0.665215590455825,0.763839561006297,1.157390180057373,0.8859296803889061
5391,0.665589027970597,0.7614545829702111,1.156423470140367,0.898534447224675
5392,0.6603475659815731,0.7631511449597881,1.151358149513818,0.896577027342889
5393,0.665406218176518,0.764297710164733,1.155904712128466,0.900105819699988
5394,0.659059689960617,0.758760029315084,1.157515323032503,0.892903928955396
5395,0.6619923173355451,0.7561833299156541,1.158593796193599,0.8987409544811731
5396,0.6706128604710101,0.762546805151994,1.157166934423688,0.905027804572297
5397,0.660167462502916,0.7605844059068221,1.158009999256203,0.8958251897407611
5398,0.662065899863407,0.7599878111395281,1.155614740282729,0.8961785772032491
5399,0.6606393267495041,0.7575387137307631,1.156999784751214,0.8914639313259851
5400,0.6662113198713541,0.7659010066502331,1.157150026464807,0.8975343828399971
5401,0.6638645307579331,0.7609844721745751,1.154679102310235,0.8937108022957171
5402,0.6691066130887771,0.768501778875572,1.156991029671137,0.8987072903824881
5403,0.660690838875977,0.7616695616988161,1.161865652471348,0.8991044854772261
5404,0.6610706068737351,0.7632964915339491,1.157746824017469,0.8965605541901741
5405,0.661188567165231,0.7657053390706791,1.159669992932374,0.900610074157948
5406,0.662538684985559,0.758299730826115,1.153572694762893,0.891014071667323
5407,0.66450996124658,0.7647064032330021,1.163647238867006,0.8987870092733181
5408,0.660256282385924,0.7645943522237351,1.156831749539444,0.894198496380577
5409,0.658556597901211,0.756895082584325,1.143601423048454,0.8891871699496451
5410,0.6669656529590701,0.7688879193603121,1.159367948230625,0.90126087743303
5411,0.66564966543861,0.766940657535324,1.161184948963531,0.890373010485284
5412,0.661184103241649,0.7567095084898711,1.151672713350558,0.8932837847674231
5413,0.663247342828823,0.756183293094669,1.153640601082124,0.892183519953834
5414,0.658630829169482,0.762459483267604,1.155449114092018,0.891442639672237
5415,0.662279750314959,0.76144432341275,1.15295293290114,0.8953377853917031
5416,0.6642491575060541,0.762814749086248,1.153751704032006,0.9002586345633731
5417,0.6624957942066411,0.7646779969766521,1.158101597449917,0.895177962879339
5418,0.6622536762253091,0.7623734983845031,1.152335022670635,0.8902739726438901
5419,0.6650084516276481,0.763862975265668,1.156791736466297,0.8947297620276611
5420,0.6619669454631161,0.7586986089962111,1.157821977052135,0.8945298283698331
5421,0.6621776039347701,0.7565915044667061,1.164453454855559,0.891566248313672
5422,0.660342643280392,0.7631453630932861,1.158436917200468,0.8957291747294901
5423,0.663092455705222,0.760389784971872,1.153804694288882,0.895435387889544
5424,0.660078519010457,0.7629093751311301,1.151076521130575,0.89934265025068
5425,0.6598261967571311,0.7623533026679701,1.152759854884251,0.8952981213080711
5426,0.6739339231904861,0.766317778631396,1.165220979979072,0.904285326249141
5427,0.66496087907665,0.7625289914616641,1.157480311458525,0.899036086528845
5428,0.660264820832273,0.760575378502624,1.161110345760117,0.8954079275599851
5429,0.6695283678076831,0.7675010379457821,1.158774948530439,0.897538596035345
5430,0.659730869385859,0.7673625128640641,1.1574736571182371,0.8974702421953711
5431,0.669419082016616,0.7666370841688,1.158308038137097,0.8982207268152541
5432,0.6645451804650001,0.760376892228057,1.1614991382196331,0.8995847918255171
5433,0.660992947204605,0.760547318104384,1.150304098816021,0.8941692397862241
5434,0.6663572533946971,0.75921413216038,1.156346958724485,0.894086650289271
5435,0.6675947221077001,0.764125577133634,1.154566276764524,0.8953772850496611
5436,0.6649770937266121,0.7642214373833891,1.155243468673332,0.900819700076312
5437,0.661149543291632,0.762148887566898,1.157951922844285,0.8938423856229021
5438,0.660032463543441,0.7578765825516931,1.161462245428043,0.894973266194912
5439,0.6661130056271081,0.756604549461516,1.157323385386363,0.89457008264203
5440,0.662123661434304,0.766085658276426,1.158603604073109,0.900712705554737
5441,0.6585310618190661,0.762459074025568,1.158730741428292,0.9015447470373
5442,0.6596124062881521,0.760591779714045,1.157359031987363,0.8976165368289181
5443,0.661057012344616,0.7567344543294631,1.159582854181096,0.8909447905809981
5444,0.661300920273946,0.768638471438401,1.167208090208578,0.898938981735188
5445,0.6614934777220091,0.7641718579807141,1.155463908569536,0.8967587200897761
5446,0.6600036540919021,0.7628733682027761,1.156666837416697,0.8968601085083641
5447,0.6647561324247411,0.760034585452598,1.163951840197694,0.8933877814561121
5448,0.659828099597623,0.7592052797908361,1.151671554839265,0.896169373441649
5449,0.655621563745797,0.7653987971336941,1.155886660235515,0.895592301355107
5450,0.66130818610174,0.7629801338349561,1.159068978998972,0.896351517785502
5451,0.663238911579052,0.7648779644050461,1.150708327042883,0.9006953690255031
5452,0.659403941121654,0.75972040310718,1.154001520595688,0.8932774620319621
5453,0.6657178170871041,0.760697296132212,1.157684601951336,0.8995982165029941
5454,0.6586725274775771,0.751611756565778,1.152707213940827,0.8900153186658151
5455,0.6598317121843921,0.7576895937107611,1.158665487623733,0.8940981614362931
5456,0.664890277779836,0.763986838252648,1.160134677545748,0.904900183631242
5457,0.667560778882192,0.761711206773053,1.159173431171887,0.89875203538416
5458,0.6664652046680011,0.761090656985407,1.155347819345584,0.8977957998226951
5459,0.6615242307762731,0.7589489182700281,1.156153037172296,0.8946580003029191
5460,0.66301669396352,0.7615735689583031,1.150603884912055,0.8961961952888441
5461,0.6623211081639141,0.7608366166983821,1.158467190313166,0.8950227298166441
5462,0.659456891210182,0.765754574342914,1.159064628183841,0.89443159100694
5463,0.667040587038449,0.764889696154041,1.160881574063197,0.8922601659930701
5464,0.6616580365090691,0.7613384183766181,1.163182773343894,0.8897987305848061
5465,0.66294869856126,0.7595800054462061,1.15602130961159,0.8945247807634481
5466,0.659328170579628,0.7604347491177961,1.156450074867925,0.8894634473313021
5467,0.6646487303348121,0.758025782587735,1.157015062004759,0.890459430849422
5468,0.6540898774899,0.7625846618759461,1.158705569803714,0.900828793698894
5469,0.658278359262191,0.7616580432091931,1.15153568032859,0.8934598350492501
5470,0.6585907701780831,0.756988470645054,1.148776291829088,0.8931076118479601
5471,0.663773408024639,0.763348604781904,1.156288203769835,0.888272408261031
5472,0.668565003417324,0.755701280698396,1.159342200751753,0.8845056922215481
5473,0.666322519867748,0.7577074028659551,1.155946228059305,0.8977002182678461
5474,0.662014581317055,0.764308813149514,1.157856241408465,0.892750965971229
5475,0.660318006801864,0.7612467101518651,1.150193895334782,0.8934083156611601
5476,0.6611374365030851,0.75865446506203,1.161181875113128,0.892852268492182
5477,0.6622246567267871,0.760135565546975,1.156624696500923,0.88819646379114
5478,0.670867204099245,0.7670816710029821,1.162202907429225,0.9020246009247892
5479,0.6571428572246131,0.7571720393455541,1.150013885528281,0.8979957527008611
5480,0.6609125624586271,0.763420174087303,1.157958075836084,0.896713547867493
5481,0.656196199789427,0.7650745504576221,1.164417111787243,0.8977182528300991
5482,0.655781111639478,0.765504108822864,1.156216578639072,0.8969016878771171
5483,0.6661986913532011,0.769180492646452,1.161783644470615,0.894765632955924
5484,0.662866683865802,0.7607686324180031,1.158047757718874,0.8980607403091331
5485,0.6605419574062461,0.758894218158894,1.150083252809186,0.899500549190502
5486,0.666023480125527,0.764134123597456,1.155276807106059,0.89319529786598
5487,0.6612440491014201,0.7599564192519671,1.15151227330384,0.893193162329818
5488,0.657987353459432,0.7607602194167561,1.148610744139422,0.897868453268555
5489,0.6642112885264381,0.7648233515412911,1.158573050537835,0.8923835665041551
5490,0.6652491745687481,0.7558155740084851,1.161951395696488,0.8869231912320931
5491,0.662498896644599,0.7574815474774521,1.155815953685753,0.8866408614684701
5492,0.6615703741925351,0.760951062691384,1.154371342257313,0.8919764414051731
5493,0.664914798612395,0.7641310763099911,1.16529877818581,0.8910650373638971
5494,0.657944156612823,0.7581573783055591,1.141849201982436,0.8925359846241231
5495,0.6628280127070081,0.765856291396894,1.163757755380609,0.8923080691500851
5496,0.6574274557440171,0.753431334443714,1.155923451850379,0.8956765773827611
5497,0.6595985827616591,0.761429270648438,1.155767369097557,0.8910455320138431
5498,0.662876641836719,0.7677834715316261,1.156781993698382,0.8994417971243021
5499,0.6692818870794941,0.7670834438092461,1.163534819755865,0.902363042873532
5500,0.663513624014845,0.765642339336699,1.155971556146075,0.906196365807799
5501,0.6611415099730521,0.7615118128234061,1.158724385867084,0.889033144771836
5502,0.653788538487709,0.760358588311119,1.152818025670189,0.8938874340467691
5503,0.6610645676922531,0.761774791863517,1.163245300559894,0.8973521363745991
5504,0.661108814935753,0.764551223188206,1.151670597817586,0.90067327014454
5505,0.665132114420766,0.7617558584265081,1.149548958177151,0.894225969559688
5506,0.654903373073624,0.7624006290798601,1.156936933920867,0.8949069197195161
5507,0.663889250353626,0.759314613929693,1.152161690312019,0.888992628379576
5508,0.6591694199790551,0.760346506060897,1.151454540482465,0.893697488675082
5509,0.6609948987708141,0.765864805034969,1.159893523739731,0.8973946204489981
5510,0.6627746993216911,0.7611736767533891,1.159013865758543,0.898177695420125
5511,0.6689374151545151,0.761567361544871,1.151140605625899,0.890373190109064
5512,0.6619911667877351,0.765098933832369,1.15415386142938,0.894926209785584
5513,0.6604118816608531,0.758699909608433,1.152102340930614,0.8894794617874031
5514,0.664207852755983,0.7598003168468891,1.159781379544216,0.8907694366315131
5515,0.660116397033351,0.762774694872939,1.154855397408423,0.89567692172916
5516,0.663800436328502,0.7636692138469731,1.155950740195702,0.8862772802079931
5517,0.660136913259824,0.766331845111605,1.154518955211708,0.894654849814116
5518,0.656224264749798,0.7595796312974841,1.154362405339876,0.8942516092211
5519,0.6655344526026991,0.765749861472758,1.157835607835348,0.898152332051076
5520,0.6604997913042701,0.7588408375563821,1.15536855539118,0.894131661055312
5521,0.6647273513447971,0.7666749403528541,1.161862769744534,0.8966096673646691
5522,0.6561014382843521,0.7578246832109881,1.156265215813249,0.901421415929993
5523,0.666845223852905,0.760157087574834,1.155437870841959,0.895368511073183
5524,0.6615120902981441,0.7636207858289491,1.152227341156938,0.892119977866178
5525,0.666024204991433,0.7622589083469431,1.159543531312458,0.8916778334186991
5526,0.665317433710763,0.77115045617456,1.159710004817748,0.889759994908303
5527,0.6624617428667301,0.7665573478392931,1.152967434754406,0.8976451646320631
5528,0.662240027733471,0.762846406279266,1.15831445135932,0.8936512597121191
5529,0.653411988816831,0.766579005381335,1.153491820978081,0.8936489143449321
5530,0.6646521519599611,0.7635535015792081,1.162155308801194,0.89193023779038
5531,0.66865771415009,0.766855698780737,1.154269315950248,0.903895085245586
5532,0.669961090672059,0.7646262815249131,1.159115130378716,0.8996570011519861
5533,0.660252502943942,0.762411211171875,1.155406672561514,0.8905445023345341
5534,0.661664021565862,0.761943792951279,1.158778337572795,0.9021548859613092
5535,0.65791849427573,0.7649014813528541,1.160472588370675,0.904893049268402
5536,0.6634734286184321,0.756943414284699,1.156946746659451,0.8950200201268641
5537,0.65748606349571,0.7545194544869921,1.147913023181583,0.88717887909624
5538,0.6569992484983751,0.7583288184326621,1.157426829787268,0.900916382940351
5539,0.663491181975257,0.7574124845905581,1.155487702268621,0.8938634225531761
5540,0.665131218110521,0.7622631207324451,1.159543159971202,0.8915472344589831
5541,0.659497342625821,0.7636949112233901,1.157231841830239,0.9006994064843301
5542,0.657363959952541,0.759227003092351,1.154945623507534,0.8947098573966731
5543,0.659451322387094,0.762917359454044,1.156790166769338,0.891542982687984
5544,0.659362486415151,0.7568061442478841,1.149380500657834,0.8875823485246601
5545,0.6582005130316031,0.7623456083778021,1.154628300688405,0.8900712573279931
5546,0.657084813665436,0.768858543016772,1.15884066524281,0.8965435458104241
5547,0.65518542808359,0.755961992926355,1.154596427752487,0.8941845496495561
5548,0.6618111251542961,0.758125278396882,1.158143820322078,0.8923176945173651
5549,0.659751289861573,0.7628022719552551,1.153617339397686,0.889657985041106
5550,0.6636038405577771,0.760347136444803,1.156395305973896,0.895236918702721
5551,0.66686158546287,0.761201423579368,1.161162184416384,0.892582179708541
5552,0.6642497644584241,0.7591502803607261,1.148485770476037,0.8911595359120681
5553,0.6597571651842711,0.7597285068553421,1.158139627480852,0.892386323785868
5554,0.655374323787248,0.7618779443960251,1.153861102094684,0.888403820332841
5555,0.6523549068665151,0.760990822012873,1.149363367021947,0.89143080153651
5556,0.6666061240585811,0.764758976689283,1.15288281224776,0.890488976423723
5557,0.664187215889493,0.763838932674,1.157168567180633,0.895219558418013
5558,0.660863513180959,0.763009077073007,1.157081430912881,0.89280840071539
5559,0.66138517824204,0.762756252850311,1.15775427762149,0.893510023212951
5560,0.6621411610394711,0.7629718396110811,1.160315710673297,0.898472715412145
5561,0.663568174277526,0.75757684547832,1.149796788999135,0.894008871194893
5562,0.6631766840059681,0.7632487371995821,1.15507339740145,0.8944570434860131
5563,0.671631486492528,0.7633578271969501,1.158521037278832,0.8974673833590051
5564,0.6632436692876661,0.7579462101710011,1.156327019351116,0.8920632245262031
5565,0.66015293230505,0.7621019261254781,1.155841305635977,0.8955470511716771
5566,0.6630719706578091,0.7639285505249881,1.15412016245334,0.893848747662875
5567,0.6606685893637111,0.7596480499791061,1.154979140862174,0.891629265810268
5568,0.6564457947793211,0.758857177867405,1.156169186683668,0.8897305337739161
5569,0.665991132647015,0.7643498563464131,1.153122108591639,0.8922965537108801
5570,0.662041671628105,0.764065697033336,1.151578685511713,0.903133490028372
5571,0.6571827621293671,0.7545679967472511,1.157614038582297,0.8861103276519671
5572,0.6622168429303861,0.759809057673682,1.153459015855754,0.8872463133833971
5573,0.6680921100187991,0.763140422386535,1.1572802230931711,0.8923698884529481
5574,0.664140400490251,0.754660035605015,1.163384596722713,0.897216868816294
5575,0.66778467722453,0.7640681238710011,1.149394685267538,0.8934401019975761
5576,0.6645646468884701,0.760582170948602,1.157900731956613,0.8955421016376081
5577,0.661732727472764,0.7655648207966831,1.153227804687576,0.8960136744207231
5578,0.653503729840335,0.7616837716836861,1.152572222054004,0.8907230153031971
5579,0.66378974766079,0.762717620186183,1.162093746381393,0.895903277278378
5580,0.6569314212200861,0.7579232771759441,1.147635172242703,0.8879590801408751
5581,0.658619451754982,0.7629702365484791,1.15071673831646,0.8916889942264641
5582,0.658926077241051,0.76258281737134,1.151426806937957,0.895986972349709
5583,0.659135001725044,0.758240817033726,1.149200932055279,0.8952763377000451
5584,0.660489641750852,0.7570491801353461,1.157417186468407,0.888187079352961
5585,0.6637509208226551,0.7616418622758071,1.156291066844394,0.8964330268132941
5586,0.6568081008837271,0.7570848047085431,1.150160831169805,0.8835573564890931
5587,0.6608028412135181,0.7623651142137631,1.15698489320019,0.8966116651730691
5588,0.6593765375622801,0.7645341476452521,1.157869915491429,0.8898513102768981
5589,0.6612023266329281,0.755268809696038,1.1485232065121331,0.8911589279878831
5590,0.661735453764381,0.757149017159489,1.153440786336643,0.8916912722144871
5591,0.6630405426511291,0.760696877819904,1.156243375462034,0.8923969487457171
5592,0.6605778342193881,0.7584801215300521,1.145938709918139,0.899076657639681
5593,0.6651415856474121,0.7634501469092091,1.159753076624179,0.896655294423302
5594,0.652026101514913,0.7518386391625881,1.152911332314429,0.8911520626287961
5595,0.6652836252435821,0.7546073894785791,1.157709840739118,0.8934137772606761
5596,0.664891090783951,0.7650025253710541,1.157496990608996,0.8951126342990261
5597,0.658632190439148,0.7644349358220031,1.157324391538682,0.8911234428161291
5598,0.654870001059295,0.7565261297251861,1.158866426759008,0.8941732066265051
5599,0.6531552557927971,0.756786195696264,1.144739248182462,0.8857280838208781
5600,0.6644665343497971,0.76599344017281,1.156974437120168,0.8922500108517161
5601,0.6592900983287371,0.75725178161393,1.145820584094178,0.8942004498634211
5602,0.653494393749945,0.754692212395046,1.151228234927723,0.8880127030492261
5603,0.6632157414071801,0.7626896077308101,1.16179731833762,0.892507470604302
5604,0.659008910987472,0.7558915645316021,1.160181830650654,0.8909634127403081
5605,0.6626375700900521,0.7581722716922341,1.153126602371533,0.8888515151119311
5606,0.6630537851673101,0.755573599666788,1.154451066385144,0.8917829160295101
5607,0.661109394731297,0.7605292357612341,1.152914136864137,0.8957546185162181
5608,0.661857183293803,0.760957296991693,1.156443129739035,0.8926360025408041
5609,0.659184023063036,0.7572033305962881,1.148139166767182,0.8889948646065551
5610,0.653049034403934,0.762172890530116,1.152046205017014,0.889813309022481
5611,0.664097953722744,0.7622831544798351,1.1592255701189451,0.890128202277465
5612,0.661621972891515,0.7615616835545801,1.153434975747613,0.88716557962091
5613,0.655923363361237,0.757367569143357,1.152020703731239,0.8872543271307061
5614,0.654618326061661,0.7608493118398431,1.152398494706637,0.8936978356939721
5615,0.6619505862286991,0.7566134822757341,1.156948387946771,0.8935023126448841
5616,0.664431164392094,0.763405619216138,1.156513609316038,0.892263330762153
5617,0.66149854676231,0.764152458072572,1.158710401343262,0.8933741125291671
5618,0.6667416452065751,0.7596964732460351,1.156417942025523,0.8977825140337581
5619,0.6595368006307141,0.759834223251411,1.157173433381578,0.8976093584644621
5620,0.6620009083678751,0.7544111299557961,1.160824385026227,0.890327378729547
5621,0.6616492492781171,0.762499081591765,1.1562136059653931,0.8877109159593991
5622,0.6605329512200061,0.762729822185592,1.154407783154992,0.891608765780709
5623,0.657576169872629,0.755655299602211,1.154601400097211,0.8891051265046641
5624,0.6604001991504771,0.7639684315392931,1.153046072825141,0.8940576706081621
5625,0.6595012804196361,0.7603711123051851,1.161100454952405,0.8947221759328801
5626,0.6597622316060721,0.762509646299092,1.156971036416033,0.8890895056065871
5627,0.6564838935931521,0.760337773008622,1.153500790289346,0.893763449609927
5628,0.666752893261719,0.7686075033700981,1.152675067924935,0.8939251881902631
5629,0.662610321184215,0.767603249545546,1.160140223801136,0.8976584636754741
5630,0.6593935129273191,0.7582371063206501,1.150269213793934,0.8878023224356381
5631,0.659000689109814,0.754303809849248,1.151107091510641,0.8893503077004261
5632,0.6636437212481441,0.761533578020938,1.159202649541523,0.8899867023084901
5633,0.6585169367600171,0.7658239227274191,1.154691410561402,0.890271542188913
5634,0.6632937664786971,0.755722484942795,1.156926767225714,0.8887022184882901
5635,0.6569773714881441,0.764676537634669,1.154468425158141,0.8886950466295941
5636,0.657292220822494,0.7621507149027741,1.153539559979369,0.8846631668292091
5637,0.6639916553985381,0.7627498526935991,1.154692373737909,0.890226061658366
5638,0.657692741197736,0.759179953431737,1.157836754144965,0.893531388076751
5639,0.656023608655601,0.761317923125149,1.162202441821927,0.8898168975298381
5640,0.664675299591128,0.7608504461637441,1.154106834120508,0.888558912185439
5641,0.6637733201023891,0.760651641997738,1.156678305587906,0.892092236817099
5642,0.655006650484342,0.7637554078862281,1.156230035899342,0.889879326646526
5643,0.6564848602250001,0.7598084928332891,1.153502685544283,0.8932852073694051
5644,0.65743426049965,0.757760655404864,1.154558253245077,0.888869967176646
5645,0.6627270935670191,0.7618751711603521,1.153875648435475,0.8903652576702661
5646,0.6548029043158321,0.765053042791027,1.151167549300884,0.8919646020006871
5647,0.662041869878337,0.7614770773528271,1.155095179011856,0.892731412678309
5648,0.6594081555587651,0.7622133919942201,1.153388632704382,0.8942984705655901
5649,0.657845622522459,0.755274391368679,1.155020103830358,0.888166261863881
5650,0.6603478189503801,0.7601238801211551,1.151749892187291,0.893818679576118
5651,0.660092836758796,0.760642190882261,1.154652518314727,0.8966357868866641
5652,0.6617686131132251,0.762877282888992,1.152343468821567,0.8919440327563141
5653,0.6574272704513171,0.7628545490080031,1.159763196780197,0.890566377671084
5654,0.6631762827004211,0.762374317516451,1.149941100914409,0.89158128393625
5655,0.6651050958890411,0.76193095948817,1.161829882233903,0.89818175220727
5656,0.659678624133053,0.7647431384826051,1.155665519768777,0.898890247163565
5657,0.655665771360846,0.7577359678520671,1.159425122798353,0.8913830159690931
5658,0.664766698319842,0.7596109076470561,1.159436837270639,0.890466523748161
5659,0.6580546577663521,0.759293496068837,1.152705241156661,0.891676202065486
5660,0.657925661410326,0.764425635877726,1.157419800758361,0.8925490356117911
5661,0.6575791495109811,0.762697673686172,1.150621027186296,0.8862166150432561
5662,0.6617755993552831,0.7625377722408461,1.153409298455369,0.896674345422914
5663,0.663667294615204,0.7608567299186321,1.158924974501133,0.8910318986661191
5664,0.6650391752035291,0.7653493484941081,1.155268271980078,0.8885924561030191
5665,0.66387914210234,0.7606340397311291,1.155628285330274,0.8872111217537221
5666,0.6631244986007611,0.7610301885052001,1.155507865591325,0.893222507926217
5667,0.663302185418813,0.7594858574262561,1.155258400176746,0.8864204595270361
5668,0.6644453720014161,0.7596233526001801,1.148229630421037,0.8894574580633121
5669,0.662667578680143,0.762290095289548,1.164341777455115,0.894743619702648
5670,0.65909101827529,0.75939328752566,1.154316016513368,0.894595359438571
5671,0.663041183158107,0.759510956272698,1.1569618076302,0.8882638509182821
5672,0.6657150401531351,0.765232139739437,1.151419399441152,0.8943248118503371
5673,0.6608348962567421,0.7647472857565121,1.159655468511408,0.8965685067671361
5674,0.6556188134017631,0.7609816056446751,1.151479500575342,0.888493364757817
5675,0.659564088733083,0.7566716886948841,1.15826829911574,0.8919301522706731
5676,0.6629176075853731,0.760807670652866,1.15990069044241,0.892908144391317
5677,0.664365308197296,0.758971024466597,1.1582690951400911,0.8893071937820181
5678,0.663158691447714,0.7620066941000411,1.162451226858125,0.8904695477120681
5679,0.661210324885188,0.7567097177540041,1.154567666351795,0.8937655877106
5680,0.6512850921169141,0.760663612057333,1.14813707779715,0.8883794554225771
5681,0.662860582002263,0.7572346596398211,1.152385238288105,0.8907879828272951
5682,0.6613724440390211,0.7536012258218681,1.149108775823876,0.8892727664847301
5683,0.665110901618997,0.759250755543294,1.146759743275849,0.8915813826294481
5684,0.661298567969082,0.762166660117066,1.156161387005578,0.891294597256658
5685,0.663467269390821,0.763851168686928,1.158390663996122,0.8956414310774511
5686,0.662155350832187,0.7630942509226171,1.156392108918964,0.8981623323769241
5687,0.6608800360851961,0.7616452692427491,1.153618093849956,0.8966249409199191
5688,0.6609521680983941,0.7619607690451801,1.151742030852946,0.887116895961588
5689,0.662009403352504,0.760829424404579,1.153126786584439,0.8891443292731821
5690,0.6640520284789191,0.7613578335098591,1.147943741385487,0.889679002130161
5691,0.664029572698949,0.7655350671730181,1.160724778106247,0.889744212958907
5692,0.6602865623013261,0.7620668425292201,1.153640469347221,0.887700485011589
5693,0.659208085981832,0.7597167124782781,1.148655857296957,0.8873895478799291
5694,0.659690254732318,0.7613859732729801,1.151591425464637,0.8901828272889051
5695,0.6615039951343461,0.7608125849046561,1.156516810690147,0.8911684111462551
5696,0.661884982381825,0.7588240252672761,1.154475672413473,0.891879240023917
5697,0.6672352480607621,0.7631908215690351,1.157430262669273,0.895458706722095
5698,0.6602171015642261,0.760647629806097,1.152518560596998,0.888548522377791
5699,0.6623165172565241,0.7590667411037111,1.156228216122026,0.885797494293554
5700,0.6568696820919491,0.7584148447798641,1.156373073333415,0.8847105878850681
5701,0.658067676225218,0.760681694508462,1.155331130045047,0.8876061883849511
5702,0.659407872409708,0.764049725256104,1.161682004513947,0.8927051887402061
5703,0.6610427494768211,0.757000904044379,1.152272272261156,0.8918890128910971
5704,0.6570823368063,0.759752760330835,1.150566607173802,0.897233618180388
5705,0.66064303730061,0.761304626862208,1.151955112059047,0.8929856134767551
5706,0.664717776349921,0.761298739391824,1.156486510798551,0.8953525030688531
5707,0.6579578744544491,0.759856402010157,1.154712839295034,0.8889245326374321
5708,0.658552558849687,0.75829487218373,1.149104542922282,0.897259746178768
5709,0.656812090318704,0.7581582257281171,1.156030072250228,0.894864084819952
5710,0.655913260157989,0.75680553610774,1.150102510832358,0.8895116753714241
5711,0.6612127892996951,0.7602821786118591,1.160233604303304,0.889128377148206
5712,0.657312769766735,0.768175212261469,1.146501149604286,0.8894888265733271
5713,0.6613906332548111,0.763424452556216,1.150519568203152,0.8911815988628761
5714,0.6625456239326271,0.7623617790531421,1.153971781765205,0.8888722120419791
5715,0.661399355860076,0.7595795242898701,1.154492406633453,0.88667968082903
5716,0.6595611309065761,0.759097592230292,1.153121348632418,0.885082950005712
5717,0.6566023867091401,0.766581580366777,1.163368841012318,0.8896903507411481
5718,0.659979739185908,0.7525660506841061,1.148401515747326,0.885114212102
5719,0.661727707131185,0.7630055251976711,1.157235816445039,0.8858295077377041
5720,0.658832937344044,0.760271915707035,1.152608284591764,0.8884963052536261
5721,0.6617517056402521,0.766683125625485,1.151366728479447,0.8906396768339301
5722,0.655514522766073,0.7543198161798971,1.154419393211171,0.882701574325345
5723,0.662510276326666,0.7659031257465261,1.160244937824166,0.8898476471287611
5724,0.660670080127707,0.763646137995132,1.159101707455904,0.8883594109582291
5725,0.664971500311208,0.7623898020904991,1.148667916979478,0.892025507338669
5726,0.6595602892879121,0.7575352509384571,1.158538795251777,0.8837589945212221
5727,0.6615807667536581,0.7622145227548001,1.153134033839771,0.8912774640256941
5728,0.657335158059562,0.7539967706669931,1.149745837933775,0.8815332563135071
5729,0.6574240567135631,0.7621916826220521,1.150313279551008,0.897072290488775
5730,0.663801071355524,0.7604180797934531,1.154368164962616,0.8907606182484951
5731,0.6631179438175061,0.765486023132351,1.157367543033931,0.887082399314512
5732,0.6616111430676951,0.760692093359387,1.159878703563109,0.890252243889414
5733,0.6637612884405291,0.7513866164330121,1.151955061416695,0.887941394109224
5734,0.6597007400747651,0.757442859635836,1.150313140365524,0.8912790781831821
5735,0.656575852573133,0.7599914826560711,1.152067307004894,0.8892204961267071
5736,0.659816175078352,0.7644469461579251,1.1578855300727091,0.8994427235878031
5737,0.6598079461820311,0.758174182604188,1.152768336344456,0.8896561001521951
5738,0.6686323596893441,0.7672174562146691,1.158607859218466,0.8928593423865411
5739,0.6599576578516021,0.750669229829656,1.158300100677255,0.8882172350920191
5740,0.6664429791541631,0.7649334594607351,1.153225366404091,0.888403403262297
5741,0.6600223063774731,0.7621407079091971,1.158766720821892,0.8886885408420061
5742,0.655779026178778,0.7646402024488511,1.149399044829002,0.8942355988952121
5743,0.661605970178177,0.7638848454192061,1.157815615552059,0.891890672076007
5744,0.6575498320972141,0.7604273013446641,1.1513193424629131,0.8886740363162491
5745,0.655478767375799,0.7518914064419441,1.14755837543719,0.8827456881602601
5746,0.6608999017356091,0.761176952741284,1.153109605005686,0.8917086083118031
5747,0.6616312862792301,0.762519894842652,1.156289013723532,0.888510333104194
5748,0.657359888237239,0.754594142778196,1.152559020057104,0.890102940787007
5749,0.661641928380814,0.757348211239213,1.150163762811301,0.8886532111876251
5750,0.660840847003071,0.755326391130253,1.155868520663268,0.8857560906613211
5751,0.6598620176369291,0.75873946895202,1.15161870236414,0.8807357904649731
5752,0.655563298288894,0.7602478189096931,1.155808650713036,0.884692593572148
5753,0.6611780501308211,0.7653132739706311,1.151405666185462,0.890407067170177
5754,0.6569230146976051,0.7584302429703691,1.153501084749249,0.8966143838791311
5755,0.6628863035930671,0.7629207800263941,1.154936044868351,0.8873745086400401
5756,0.655556248446953,0.761599625258342,1.159691824753215,0.8915954282156361
5757,0.6662636550440301,0.768456048291662,1.157768353819847,0.892776217797528
5758,0.6541994229984881,0.756189040731692,1.154878569793874,0.8843573595302691
5759,0.6589819657197891,0.7534448639422221,1.149006355931793,0.885103245171299
5760,0.658985839643772,0.762007295977378,1.160177773431591,0.8936066870456151
5761,0.661727969386223,0.7647703224118201,1.157580992341905,0.885234627926695
5762,0.6640410186263961,0.766508656027524,1.157367829935274,0.892717231092029
5763,0.6639747528926181,0.7604284859869791,1.15603653103977,0.884201483180125
5764,0.665559326042083,0.7612950889312701,1.154999613222004,0.8882266950618091
5765,0.659626592004644,0.7560543414691221,1.151740076425282,0.88920720461486
5766,0.6614871161679421,0.7683026927752771,1.156635457406873,0.890295931691492
5767,0.6609052827824711,0.7630716311758841,1.154441406005534,0.8905601967935971
5768,0.6601073847462731,0.7595535227354021,1.152481769198092,0.883998367098578
5769,0.6531607655781331,0.7617000250712681,1.15261966454378,0.891179380911415
5770,0.6605947682283061,0.7618176249274301,1.152065854141677,0.8920260482886131
5771,0.6649849234499791,0.7571185604817621,1.150648076141226,0.884597911620917
5772,0.6623992226154041,0.75897004822458,1.155695737164089,0.8885498642111601
5773,0.656529205027913,0.755293714611426,1.152546828099782,0.8884324144194091
5774,0.653323366320219,0.7581549928240151,1.151138659836589,0.8885218128022071
5775,0.660746771626282,0.7561337289170941,1.155271146716415,0.8921942806438261
5776,0.6627133231664051,0.757627593974272,1.151747455523497,0.8864311355881501
5777,0.65892838411357,0.760058406254519,1.157682301449603,0.8863002824718531
5778,0.659391597858157,0.7604152738400121,1.15652013602464,0.888779306649297
5779,0.6579628074136761,0.758322713059791,1.161382664156996,0.8896592851674211
5780,0.657237870213778,0.758746916725151,1.149882672921471,0.8896673314165371
5781,0.6602759095097791,0.7567482566919881,1.151093843622484,0.8895892921727201
5782,0.658892757920683,0.7613616080387771,1.158866147200266,0.8864460202014961
5783,0.657526804836116,0.7597637557681051,1.159538544282533,0.8887360566228191
5784,0.6538945638129241,0.75842115920091,1.146799842192642,0.8868463430283721
5785,0.6645930576529621,0.7589248667160671,1.153689769839031,0.8876115996660531
5786,0.663750578743824,0.762352313144483,1.156222309215345,0.8899377699185541
5787,0.661037729729128,0.759487705710141,1.152093285343785,0.8847765399116101
5788,0.654879161116221,0.758175278595392,1.1470292941599651,0.8922144697736131
5789,0.662328205921727,0.7635772723866541,1.157786164810692,0.881308578197722
5790,0.657260417020407,0.756447191039721,1.145933698160924,0.8896194178665031
5791,0.6664663166401611,0.7613946525514991,1.152810880131479,0.8845280643984451
5792,0.6599790830219131,0.7549712816658221,1.155865355462267,0.8727984605492021
5793,0.662579128140772,0.762410602383855,1.151726237889649,0.893078814193174
5794,0.6640666626879701,0.7579283201392141,1.15552075844312,0.888518211391309
5795,0.665381061237143,0.7605048749541891,1.16342370600804,0.8936232423976711
5796,0.65529577417866,0.75807088635106,1.15528688709373,0.8920326185399201
5797,0.661633437688367,0.762339513154997,1.154789158183595,0.8851967579212741
5798,0.6657757084222801,0.7672471045583911,1.158362661474856,0.8992982176065011
5799,0.657387868136815,0.7577596397503561,1.15032803353624,0.8884023636903451
5800,0.6580017814277731,0.7610565941186911,1.15339263409808,0.8849070989459321
5801,0.6562036849774311,0.7560428310779551,1.152956010314865,0.886880695846849
5802,0.65875904329553,0.7567187860824061,1.147759845507317,0.885943544839603
5803,0.658759514463768,0.7573203115143631,1.155102922432664,0.886071424904292
5804,0.662800772142583,0.771123395557852,1.156139642756054,0.894110603365993
5805,0.664796325499596,0.763265692021535,1.15625819877006,0.8892484135871781
5806,0.659230786983085,0.7538664121774661,1.150698358166045,0.8883908574833811
5807,0.660523621014494,0.762662322300931,1.153833355484665,0.8832080572627591
5808,0.657222858130715,0.7583086009042851,1.154624797079874,0.8862091463221151
5809,0.658783911740866,0.7639685326080391,1.159745605311532,0.8903834910496421
5810,0.6594696086493951,0.763812789342541,1.157862757319125,0.884765771906013
5811,0.6599113766805851,0.76509053432855,1.157159527898698,0.894843613134994
5812,0.664232747035398,0.7621802916561341,1.158996659236541,0.8919228419013641
5813,0.6566824040281161,0.754928627307864,1.1480389136983,0.891781301926011
5814,0.6579572353781991,0.760374384729758,1.155603323725686,0.8863662871923561
5815,0.651328734054729,0.7601938395612481,1.148609118293161,0.888652102319874
5816,0.6582702820499731,0.759984407735907,1.156991543437259,0.891268348105359
5817,0.658210053554047,0.7612133472078081,1.147691195209821,0.8875876414873031
5818,0.657825114313459,0.7546758761872411,1.154256619836973,0.8834388421821421
5819,0.667012148469254,0.769545759627784,1.155707439002783,0.8911703720526851
5820,0.6641437174293441,0.762829114669475,1.158724179194457,0.8868812676519151
5821,0.6528794023923681,0.7536898759612131,1.145916890838872,0.8824322539773101
5822,0.65191714303649,0.7552016847159551,1.154128790873548,0.882562536908232
5823,0.659299534462068,0.760447586792102,1.150536522809146,0.889180461538658
5824,0.661572812583999,0.757617781235688,1.149137906622195,0.8817032115614931
5825,0.652529010468203,0.757309517890646,1.154970269488251,0.885938217269553
5826,0.6583912343164711,0.7594586209110591,1.150116960099642,0.887743132620833
5827,0.66237249603306,0.7598382780949271,1.143855955721675,0.88188391799728
5828,0.6651288194554871,0.76853934502688,1.156411256155242,0.890939653810599
5829,0.6616379480161091,0.76116041407205,1.15229309749776,0.887888068819175
5830,0.6605566075422621,0.7628521409587581,1.153468726553778,0.8881758244141281
5831,0.6614847740131441,0.758944320937861,1.152799477287824,0.8825988360289211
5832,0.660222312435507,0.7588928477919621,1.154051629097565,0.8827034432872911
5833,0.657944486355004,0.760485712816749,1.156368574154549,0.880463304834953
5834,0.65976757745164,0.755069765599741,1.159551390055297,0.889155459171835
5835,0.656652525040334,0.7572402549178701,1.154545764668264,0.8845961461842491
5836,0.661675168579255,0.758010753578897,1.154216355171756,0.8883953623581621
5837,0.6544480135367401,0.7543668404653451,1.146222309249898,0.882289662390299
5838,0.6621930321435561,0.761600074452766,1.153940151675023,0.8893837317608401
5839,0.6563602232954641,0.759986502968746,1.153711292514766,0.8887757106643651
5840,0.659868718246402,0.763176904748315,1.161654074986775,0.888131129433927
5841,0.6578618909461771,0.755158465841542,1.150883967461793,0.87954064860832
5842,0.663709009255188,0.7654998676068541,1.156419180117655,0.8888822926505321
5843,0.6617860368088531,0.7646885978570881,1.156290351912595,0.887992916412759
5844,0.659569091447021,0.7607883810997,1.153424067665701,0.8849261026775491
5845,0.6598767095879801,0.7610509313534991,1.152635736741881,0.8814194799279381
5846,0.6646975360108891,0.761354010606157,1.153611372670401,0.88603762615526
5847,0.666749071977708,0.7629215592059531,1.148557920170866,0.89118839851648
5848,0.6629895713666211,0.7595322299478711,1.155277861309224,0.8808531233150021
5849,0.6558311932814721,0.758861535269281,1.1576394703293191,0.8883461088104091
5850,0.6594128908076581,0.756910873819952,1.15564465533564,0.882022720073228
5851,0.656779744108949,0.757864730513614,1.148857031503449,0.8802544447876831
5852,0.660848370658746,0.7601558003520621,1.153914903493031,0.8886092937942861
5853,0.6606155526756801,0.7602818757295601,1.159705447329991,0.888981695300427
5854,0.6591376433607891,0.7603542598477301,1.153502551433832,0.8849938829307971
5855,0.6613203479867911,0.7625622426470121,1.158921958959621,0.8825289760108871
5856,0.6551739294891771,0.7589131356149481,1.14554369525201,0.8909835366505211
5857,0.654873708829931,0.7572703831221741,1.155710853420306,0.881840128100652
5858,0.6633112066951781,0.763055027395054,1.158184223956819,0.8902803029919011
5859,0.6625130147929641,0.7606747175256411,1.15255922327439,0.88548835982447
5860,0.658869905802218,0.764662375592667,1.157766613407411,0.8909495407580461
5861,0.668266836553812,0.766148831425369,1.157962100553339,0.893022957730336
5862,0.662948992643235,0.761447905198387,1.154134563993716,0.8887174824603651
5863,0.6616922963842531,0.7603444103961401,1.147198170207548,0.8855288990003901
5864,0.659021590201967,0.762257042030493,1.155884139239788,0.88626404101218
5865,0.6590034800811091,0.7619510754079051,1.150176579537598,0.8884169168878291
5866,0.6569754195979971,0.758816902188287,1.156023564114086,0.882886741175383
5867,0.665748304457984,0.764058765293895,1.157123117667177,0.8812886423336851
5868,0.656698480869332,0.7538913896550301,1.153417297031568,0.8837472950040861
5869,0.662968125680218,0.7586388851421461,1.157296968003114,0.8834234993310941
5870,0.6566772106764971,0.754770597901897,1.153045417066069,0.8820719175526621
5871,0.662347912707406,0.7592821875992021,1.152255002787147,0.894716236362422
5872,0.6630427178967251,0.7632619107978931,1.14873906786459,0.8883667609829831
5873,0.664368766400477,0.761024781867213,1.155771967941436,0.886284358853447
5874,0.658001391757009,0.759323064939699,1.155946075160434,0.8871702701123291
5875,0.6589123620719151,0.753627255343008,1.150564651450385,0.879118648290202
5876,0.654569446230712,0.7622607949635251,1.15158870956604,0.8832150416691661
5877,0.653132688389092,0.7561152513692341,1.150969746752061,0.8852001285801331
5878,0.6625091066934921,0.7646015585548631,1.158785089742446,0.8858277427059581
5879,0.6593779233972661,0.7606983717153031,1.153631636521954,0.888351408251817
5880,0.666013172301261,0.756859573873056,1.148273080695366,0.8779959332575831
5881,0.660718375573987,0.7620252699091811,1.156438777088255,0.8823805778840741
5882,0.6615725946005271,0.7613637020838431,1.1534588848767071,0.8885295358418981
5883,0.6617462230387371,0.7547051454151881,1.149441293076328,0.883297258205171
5884,0.6567659214462921,0.766594715848349,1.148019918173119,0.8857228833156221
5885,0.6623786827414361,0.7593863948747731,1.15274611979291,0.8823898383888641
5886,0.664168677090302,0.7560531001376071,1.149965889535952,0.8807189340662691
5887,0.6606772335219211,0.7580800793957011,1.153718271333238,0.893514213138732
5888,0.6564588485204651,0.7650741007233011,1.160307288493799,0.8876945277595001
5889,0.6624151722568531,0.759976365212081,1.155197216008884,0.892637440151926
5890,0.659743391760233,0.7609446874779201,1.15303526667581,0.8913737236373661
5891,0.6634496367819931,0.758346548438936,1.160798172048036,0.8909522432401991
5892,0.6584800330895011,0.755424443794333,1.147605303297008,0.8806066267678271
5893,0.6594619474279271,0.757742748528287,1.151434187223945,0.884410528601079
5894,0.661396196894887,0.760344775150651,1.148464654774769,0.8908397811802401
5895,0.661468412997066,0.761128291703652,1.158927173178265,0.888721025211439
5896,0.657607339997438,0.757047085766343,1.1527867323678471,0.885420243107322
5897,0.6606506370547881,0.757230549402858,1.149573477605978,0.8830476852160861
5898,0.652924024324486,0.7614913364683371,1.151583399569642,0.88337899674324
5899,0.6644312072869221,0.758197940562082,1.158353268668271,0.8828173231171521
5900,0.6601544581623611,0.7583510221346561,1.146544897577901,0.888907800010149
5901,0.658706070855259,0.760516551417717,1.155810665825139,0.8865755746761951
5902,0.666711863130331,0.7608099530140551,1.158485624237337,0.888576380881494
5903,0.665710364859821,0.757422411787337,1.149639314931372,0.8853726302530021
5904,0.658035317165912,0.7597233317252511,1.155627325501131,0.8836949176384481
5905,0.6578100811744081,0.767074851670127,1.150977388240289,0.8925493827926501
5906,0.6630830519387251,0.7620323388904761,1.151835002437017,0.8838840083529551
5907,0.657879090962418,0.7595411905128021,1.155766236933245,0.8843680820495321
5908,0.660394456588487,0.763173991031404,1.157157004095506,0.882340623551736
5909,0.662223489928072,0.767034277859805,1.15607341227756,0.887365799964122
5910,0.6578111355395421,0.7565974675226901,1.149489256242911,0.888094894534003
5911,0.655407933653264,0.762540851166282,1.152420628329981,0.8844916429910531
5912,0.656467948783782,0.7622426002137901,1.149108942976032,0.8898594668539971
5913,0.6583183650197321,0.753727045720038,1.154694687089194,0.8833882049319961
5914,0.6606486846517391,0.7640248810251551,1.155612704114637,0.8887655489092721
5915,0.6596148597967361,0.760785025638946,1.1549248283971911,0.883439596985345
5916,0.6574938098859521,0.760485182205835,1.150801795008389,0.8913031183993031
5917,0.66176368371732,0.759668709143348,1.158798368188782,0.8805690481179
5918,0.654712116480737,0.7583562253393981,1.1502844101708871,0.8848721874418891
5919,0.664744523097423,0.7621450036548181,1.155601702738499,0.8881124028855041
5920,0.65392593494144,0.7594971723746561,1.153891821270403,0.8904127325538701
5921,0.660087823408885,0.7559893391486521,1.146924655614555,0.8829061630843341
5922,0.6601527679333651,0.7536724417105961,1.15469129372766,0.880073264538162
5923,0.6546723452815111,0.7598979329501371,1.155599313909592,0.8842559995912551
5924,0.6639679968896981,0.7603298360886781,1.151724396300488,0.8810541377119391
5925,0.660738319968399,0.7630038477372431,1.157887043512385,0.88353590518776
5926,0.6549122951168941,0.758990741402342,1.148493224296017,0.8876831671358011
5927,0.663300450243379,0.7607915330192311,1.154804887870947,0.8895586634027781
5928,0.6576431489725041,0.7592641251242671,1.155735965440238,0.8854595006214101
5929,0.657958246227623,0.758876698496549,1.152152205075042,0.8841108342875601
5930,0.662901959449484,0.7605097302492111,1.155474525754866,0.887135049517171
5931,0.657415406373531,0.7592352109326831,1.151478768150875,0.887785587324828
5932,0.6616763279813781,0.7607539755062781,1.149026791254679,0.885049759018896
5933,0.6570010205487841,0.753168951773989,1.147367940000865,0.881699543014384
5934,0.6610481472604941,0.7600693929454551,1.15793003325445,0.8810959439994631
5935,0.657090170308947,0.7529943042259281,1.150269513652808,0.8870957003285481
5936,0.663024754007009,0.763134040370367,1.157355611307033,0.887049303241614
5937,0.658013397908729,0.762827815029068,1.158873394563578,0.88817399194923
5938,0.65645155745248,0.7583871715958561,1.153666585143925,0.890346156109286
5939,0.657563566621662,0.7565432952150051,1.153910451933093,0.8868831448202981
5940,0.6559326584734341,0.7625449111928111,1.160067077132238,0.8867110680194861
5941,0.6502162709400271,0.7641966988643011,1.153748433767021,0.8881763956523021
5942,0.659321819364592,0.760276820132697,1.158868548014889,0.8904625801504521
5943,0.656116715591886,0.761215052202991,1.153015515834525,0.8854594565388081
5944,0.664908282755725,0.7605859781952871,1.156912089689918,0.882203584563904
5945,0.65609762860813,0.759230615328187,1.151277393210625,0.8824857652079361
5946,0.6624180084715281,0.7606567804148231,1.15449290625427,0.8865161794035331
5947,0.655399569377735,0.7548856245002881,1.153872205511383,0.8841900988009521
5948,0.6575593017041681,0.7600757344693371,1.157931446489216,0.8823485521302701
5949,0.6622960915438071,0.758983691857344,1.154312108737835,0.88965163477089
5950,0.6589987823280731,0.761014506976673,1.146731340690799,0.8841825725267761
5951,0.6544635995304671,0.7524874609881551,1.145399030783902,0.882803225916796
5952,0.651087851439049,0.761179306260917,1.149441103464451,0.8850740769851031
5953,0.6536116383807811,0.753886994352375,1.147711450962916,0.8847060806617351
5954,0.6568191219931061,0.755685111210829,1.155549006401628,0.882358631847993
5955,0.6585221444459061,0.756459886613099,1.149501736505308,0.8853509631547801
5956,0.658977257195806,0.7587591081425761,1.15298247391331,0.8850004397656601
5957,0.657291958351498,0.7566029642155201,1.149975692556388,0.8804447995363801
5958,0.666019854203298,0.7597891211077781,1.156358783443768,0.887812930901629
5959,0.6580938494399831,0.7610693086964491,1.150761449142642,0.8867712592895041
5960,0.657207122315531,0.7620158442768491,1.150099979902523,0.8884246238655801
5961,0.6509982491910891,0.7578644392930941,1.154974921565988,0.8897646575410291
5962,0.6542354594322211,0.7578573212891381,1.15302349432655,0.880690268416335
5963,0.653985751117917,0.7610733639718831,1.152093368271986,0.88553788917868
5964,0.6584092372137561,0.759008378978224,1.152902031182379,0.8827319804956941
5965,0.6586218711150721,0.759347690944222,1.14861865028523,0.889638007119082
5966,0.655583294027525,0.753575579411741,1.151677343292512,0.8845436107907171
5967,0.660816546772485,0.7617705861727391,1.153066763087459,0.8788864286751411
5968,0.655523437088814,0.7621098751391191,1.149446187135966,0.8855428037274141
5969,0.6548777306047471,0.763612651306649,1.154724891742934,0.888040840571773
5970,0.6597928569476671,0.759750613159891,1.147799439296342,0.8833356489953781
5971,0.655484121238839,0.761595439975676,1.1491656551758451,0.8821786764631231
5972,0.658946182497817,0.755963959339736,1.150692885768586,0.882663490223711
5973,0.66432236207892,0.755296649168366,1.154934632497421,0.8804101263969271
5974,0.6598968782826611,0.7600252769779461,1.159662888317868,0.8898082610381681
5975,0.6603845561706071,0.7573313020925591,1.148614165467628,0.8787523280505251
5976,0.651000661505521,0.7581480405684831,1.1527312055662051,0.8872499771254211
5977,0.6595648344120251,0.7552485159341841,1.153307701366535,0.879329186391787
5978,0.6612399787898511,0.7556704301117121,1.15512977151767,0.8878201587206641
5979,0.6607907012482911,0.76002117116814,1.152888900343922,0.8799825120933241
5980,0.657284392367886,0.756231963418532,1.151385363353335,0.8767870105533061
5981,0.65458620801244,0.7578884874996931,1.146927248308624,0.8834954725605421
5982,0.6598537045706441,0.7605786103269321,1.15558933445077,0.883656745182647
5983,0.660331655347692,0.756642762409604,1.154993982418723,0.8833516323264091
5984,0.655778482259399,0.759882200239361,1.155439660924932,0.875831801633256
5985,0.6610874182990061,0.7607767712594801,1.157224126592062,0.890583083438484
5986,0.6544017625189771,0.7537621882730631,1.154764620830183,0.8823840656466241
5987,0.6573178022020101,0.7582859579419741,1.156776170475759,0.8787427768381171
5988,0.6549861955092,0.756058603417182,1.148025727250437,0.8760591768322211
5989,0.65589789290359,0.7667971073069431,1.150837347343348,0.8900291872197301
5990,0.6548662694252051,0.760428426922231,1.150533865219441,0.8832750516687181
5991,0.661727770974022,0.7605372220277781,1.154323544623195,0.8839992681869131
5992,0.659834379843179,0.757725491147974,1.151763428380523,0.8835147365225821
5993,0.6571021900390801,0.759410798117734,1.152209461707136,0.8831692616306781
5994,0.65695289981322,0.760154537100722,1.154281608760357,0.883394321021826
5995,0.6605075698993771,0.757828102487584,1.147909235911093,0.885019880301062
5996,0.661216724798947,0.762427407978237,1.150100126538587,0.883464087016772
5997,0.6572461440025461,0.7544768471000851,1.15167951832215,0.8733616273418281
5998,0.6516086386273731,0.7578528450019111,1.149845749787662,0.8781620161472881
5999,0.6550336051462351,0.755872860982798,1.15958245638488,0.8834073818896121
6000,0.660739108218231,0.7624079113205271,1.151599934567575,0.8838719070713581
6001,0.6588734662889131,0.7595852262515951,1.1548518584906189,0.878139818438153
6002,0.656993371555986,0.7610987200253251,1.153634964339975,0.8801780537958591
6003,0.658482845359738,0.754559393378271,1.155380270187405,0.8898503388399661
6004,0.6567578996275211,0.758713476791761,1.15391929037329,0.8847269933346821
6005,0.6568206092477701,0.750902557718581,1.151731036063553,0.8782658580744611
6006,0.6605972433597711,0.7597550866396531,1.147389619894649,0.8817366359458451
6007,0.6597494064033891,0.7569844503549561,1.157342759271462,0.8821578470963061
6008,0.6515670201700661,0.758360530803169,1.15188504172408,0.883500905815457
6009,0.658490413017031,0.763563664279122,1.155237122290376,0.8895381858059461
6010,0.6584103619814781,0.7608408354546711,1.154810721351616,0.8820387031343101
6011,0.658385805758661,0.7566384282233051,1.149889474113782,0.8797586522186581
6012,0.660628553695868,0.7572573380193841,1.152580832333668,0.8902747853510621
6013,0.6607543970795641,0.76353122121182,1.149913018164427,0.881332956038523
6014,0.6606276719898411,0.756768272082874,1.159170241027638,0.887182716361206
6015,0.6535415290652411,0.760495723913545,1.157402892367563,0.885731273047302
6016,0.660001608799549,0.7646246133507161,1.154245687675648,0.893091002020283
6017,0.654322165212985,0.7567137689262191,1.149050919689993,0.8830089695427721
6018,0.657278716078271,0.7616164060174551,1.15550558614558,0.8840858874221641
6019,0.6569187169003741,0.7654409691475441,1.156898513328338,0.8857709355922281
6020,0.650909795817257,0.7545383860883501,1.142910520559635,0.8743334957600931
6021,0.6586537753920191,0.762008106255013,1.153444874545802,0.88162902224323
6022,0.65334006814637,0.7568396518843761,1.154784100859061,0.8848293816697771
6023,0.6555687546514081,0.759501073995362,1.149660866437615,0.8848702911071581
6024,0.6534872831425801,0.7514064248273331,1.153855105996995,0.8816988096450981
6025,0.6577906569169051,0.761376496026481,1.15606332635102,0.8810529320406311
6026,0.659439399433524,0.755853311307188,1.15117998248425,0.8893150249631071
6027,0.656120224977317,0.758427929619084,1.147312392359194,0.881422546975638
6028,0.654989635598832,0.7550956657615261,1.148254447765108,0.8868335210380771
6029,0.651929040749867,0.756073702072751,1.154821192440779,0.877289769631149
6030,0.657779503100808,0.76304362260777,1.157978824731232,0.88735558397636
6031,0.6532490937768111,0.766147982491099,1.1530664867681,0.884610231425883
6032,0.6571427431173511,0.7594383220741711,1.153509653564812,0.883540849079904
6033,0.6585508392772811,0.7575397329485931,1.153254019933334,0.883228613063693
6034,0.654284699131613,0.759688835429108,1.150477950771649,0.88061414802096
6035,0.659820347808409,0.759598618616228,1.153612171826155,0.882318982557542
6036,0.654600606907321,0.7544503023011091,1.149061910268189,0.872258500803423
6037,0.652140428541579,0.7612642317578411,1.149772147229616,0.8817611444687491
6038,0.65983870876548,0.7603140047926831,1.154526140918766,0.8834774724437271
6039,0.6544364767176081,0.7618803318211991,1.153046277986056,0.891451259427096
6040,0.6627952910797751,0.7609655594696171,1.1519003681082651,0.8781582864298331
6041,0.6582360427178761,0.7582435017262681,1.150032317400842,0.8797466546243081
6042,0.660235839909401,0.7592235146009401,1.14872667711714,0.8853801765033731
6043,0.65418121755879,0.756941337084424,1.150907232277635,0.875896235253068
6044,0.659780867127836,0.758300142767636,1.152332732318968,0.884423522683589
6045,0.665061718770775,0.7620517521880671,1.150798937980679,0.8817508572415591
6046,0.6621626340716641,0.760259131590525,1.160285091918447,0.882062359321592
6047,0.659817913925086,0.756406007685523,1.152164164336695,0.8891283170306591
6048,0.6583832139824181,0.7589320941031841,1.150668943165869,0.88391356351043
6049,0.6469743301201121,0.749397928732028,1.148198087146316,0.8796272365565311
6050,0.6560935391302121,0.756572057479533,1.144811126201049,0.879878170221396
6051,0.662693931626668,0.759185268827106,1.159313307724137,0.882744553485426
6052,0.653868793658372,0.7549371960154471,1.160169023534526,0.8798449348550341
6053,0.6577493990029111,0.761782668207002,1.154468105647011,0.8861491255246211
6054,0.6613319779651751,0.758096743321073,1.150091241991174,0.8763918680395331
6055,0.65810652733173,0.7542290442447731,1.149432884286279,0.8811058254939491
6056,0.651054258363834,0.764433326712553,1.148312016781689,0.8820645269546381
6057,0.6609193814945391,0.7633931786901701,1.158358374691527,0.883632518675016
6058,0.656443621072432,0.755036037577235,1.152465048367562,0.8784968407851631
6059,0.658414186990779,0.7589179392958031,1.15273209909598,0.8817201736990521
6060,0.66240444401468,0.756677617845327,1.1538479696365371,0.8871578948059371
6061,0.6597652429093911,0.7569765459368191,1.153949439417624,0.881554486499964
6062,0.6556810783357291,0.753895834196304,1.151637808136318,0.876636169310929
6063,0.656876396144861,0.763127886082815,1.149056895379571,0.8803077016727641
6064,0.658896986179161,0.7553886282055271,1.150714887441068,0.8791190658736481
6065,0.658578503040083,0.7579578285415961,1.151009476487187,0.8795653025255251
6066,0.655915181381978,0.7571256265476131,1.162942375177922,0.8806467048985801
6067,0.659445962072282,0.763461460345897,1.150136138757933,0.879161000953636
6068,0.6559364394271281,0.7577486297358631,1.156074675096981,0.885418788057522
6069,0.656136825950681,0.7568050249331241,1.15435696080111,0.8822039295581801
6070,0.654532660635701,0.756505420998386,1.154654541741246,0.8794818536742871
6071,0.6643456678189661,0.764069489810777,1.147593376321205,0.880111973462761
6072,0.6611391515403551,0.7577736166076381,1.154140633301458,0.8848358693978061
6073,0.658809736991922,0.763889562824498,1.151831429289735,0.880687895244446
6074,0.653870231998355,0.7532278121165601,1.156687778839166,0.8787466807263911
6075,0.655030558209704,0.7595182295510731,1.152962709142678,0.8833395049947761
6076,0.654755456184131,0.755184681519218,1.148386280605758,0.8778772810069111
6077,0.654308103780815,0.7531470505223751,1.15186886165453,0.8827995240580341
6078,0.66108095365158,0.7689890442551041,1.159980196127857,0.8822565569501851
6079,0.6631493614311661,0.7610656010067981,1.149833963401075,0.8777200514315691
6080,0.664993288211416,0.754640896143256,1.160035816871601,0.879376382013593
6081,0.6606058958863861,0.76180523417998,1.153777563485546,0.8864977236945121
6082,0.6585045627493791,0.7614067356655561,1.161216891762139,0.882153020631791
6083,0.6568295936221661,0.7598145221886421,1.14960288407578,0.884742237087609
6084,0.6563889039545381,0.757320275341255,1.152605836050234,0.8764634744088711
6085,0.6558035863428441,0.761002983088078,1.151066097444382,0.8803737515556641
6086,0.655659785629182,0.7581075667471121,1.151963022524032,0.8821488275746071
6087,0.66633709244754,0.756452576945657,1.159976494808991,0.878699776999976
6088,0.659049454725522,0.7595225167663201,1.153404823463896,0.885850580274194
6089,0.65988421442824,0.761888384171154,1.159494123813034,0.8791242197317921
6090,0.6558918136617411,0.7617051845443421,1.155363288478575,0.8780219840776661
6091,0.6556001146040531,0.7592715389918591,1.146772923892822,0.8780115996150001
6092,0.6642338395982541,0.763099145090234,1.153591585440048,0.881437875006509
6093,0.663735646835487,0.759297195983969,1.15329526040865,0.8799507873591731
6094,0.6522298581304321,0.7585952206366301,1.142913630907086,0.8763755829329941
6095,0.656177763624683,0.7543357638777161,1.149992619735607,0.882492585971519
6096,0.657200984143908,0.7586543259845261,1.160583183061385,0.8845819816857141
6097,0.6551730592289691,0.7620971979222431,1.151547302478465,0.8834342058424061
6098,0.651630754191158,0.7570233129072881,1.149510614357996,0.888601644990452
6099,0.6614892827481891,0.7590131434625471,1.150616290236728,0.879382166876525
6100,0.6562898353390071,0.7599342359580851,1.147909723546194,0.8808222477310811
6101,0.656739110855952,0.759038324481335,1.148878849071005,0.8792342857822121
6102,0.6541689421873591,0.7634255860162811,1.160817131184149,0.888168914540522
6103,0.6617134666151321,0.756749255825644,1.159502500749152,0.8805554940270771
6104,0.659630017706017,0.759432930121387,1.1478411005674931,0.8768344884603351
6105,0.669891525518851,0.765358097419358,1.157842471871687,0.8849769492728121
6106,0.6548861275170591,0.759858613212903,1.153320570138917,0.875368614235649
6107,0.6584025053172441,0.764290865348733,1.154825888898061,0.8792776661128671
6108,0.6557251087025451,0.758340305392292,1.149362632221933,0.8808689464585501
6109,0.656091290053682,0.753863428057967,1.14644021195346,0.878482410684227
6110,0.657301116464794,0.762271792236445,1.155145150703796,0.8775683958893231
6111,0.650722870657193,0.755156625224196,1.150885668677696,0.8749740950871201
6112,0.658094413686489,0.756888100310512,1.14628415716731,0.8810654572494651
6113,0.654136857206838,0.7546185068246241,1.150768342441406,0.8779898106889881
6114,0.660274736637222,0.7564364059463791,1.149751084978165,0.875255913244209
6115,0.6532858927882661,0.7497994241075241,1.148076601866362,0.8802411053329701
6116,0.6605399969047391,0.7594140329654661,1.150736856287804,0.8797168244972171
6117,0.655912082399363,0.7562674391960751,1.145102389696715,0.8746750076989761
6118,0.660464973418392,0.759103616078694,1.151343549507251,0.8848088512440091
6119,0.663791856040125,0.753756879464439,1.157507466989151,0.88206772973248
6120,0.660331833432766,0.7560595914289571,1.148500864380511,0.875937004371181
6121,0.658950340056764,0.758346557401228,1.154920199427052,0.886035020476666
6122,0.654074010182765,0.757293434570664,1.147733135607795,0.8800813077638541
6123,0.653001096450548,0.7555479143840671,1.1506566657968191,0.874623182243195
6124,0.6551018572155981,0.756631685015947,1.145308181967424,0.876544680824314
6125,0.652064957777443,0.749465045289716,1.14732597336389,0.8825134793431431
6126,0.650011537920521,0.7521365363744721,1.152415144162765,0.876204808957982
6127,0.6595830572364121,0.7547191335023311,1.157318882212258,0.8761236233285801
6128,0.655987609663735,0.758565285283586,1.149880707695864,0.8785688048093641
6129,0.664038668562104,0.768433881194695,1.148697187395199,0.8787857108088071
6130,0.6587405300604691,0.7592744252819941,1.146591588206913,0.8819544084262151
6131,0.6561873084393101,0.759599309900532,1.154653039531431,0.889309991502027
6132,0.657250383814823,0.7536793473190151,1.140829148499862,0.868051179752185
6133,0.6523621088244771,0.7571379256205281,1.150603781143824,0.8761099906827221
6134,0.6618787140949911,0.7615346854579621,1.15217175518257,0.888642938645637
6135,0.656469617092954,0.7626826529917511,1.149244462450345,0.8798609437232
6136,0.660136633917041,0.7581810916679491,1.155106272710406,0.8884268187904271
6137,0.657154554798119,0.7504912850217541,1.1488066951649771,0.8773355956148841
6138,0.6600519458938761,0.7599127267797781,1.157919843019782,0.87824814653267
6139,0.6547997902700861,0.759247401162334,1.154365930328334,0.8796031219155891
6140,0.6620203841045711,0.7565971724149111,1.148501411620257,0.8822385705197631
6141,0.652101295095854,0.7564175748738691,1.146295652657315,0.8742890148221151
6142,0.660455409788351,0.755280736671841,1.152743581736433,0.8832886694943991
6143,0.6567669438225201,0.756437331762002,1.151336127541203,0.8808815348893401
6144,0.6557084346810971,0.7557530283280041,1.151248279473055,0.8801388656855491
6145,0.6601526310154491,0.7652365972382431,1.154759617063446,0.8845190798080911
6146,0.6510298535551711,0.7592494200537171,1.145134999268296,0.8780996176427681
6147,0.65470173328683,0.7618428470863811,1.149463362991809,0.8785388162494571
6148,0.656224503681279,0.7553720816537951,1.151740109898905,0.876931924183947
6149,0.646963306041299,0.760575765716856,1.156995774179265,0.87887335277122
6150,0.6532325996490921,0.7586190754520721,1.155652008194854,0.8733512532991771
6151,0.651861497835404,0.7561798092463741,1.151019959562066,0.8774213451838141
6152,0.662125578015178,0.7599296688601591,1.1526228664577869,0.878736856272039
6153,0.6594339044143751,0.76349554999151,1.153904514036316,0.879947923474769
6154,0.6551555111410391,0.7646230963477191,1.153248052342214,0.8781157032033241
6155,0.658129577376488,0.759991596790327,1.154973252959873,0.8805512504895091
6156,0.6554178292660611,0.7627636469576671,1.1507700946236,0.8835153428540711
6157,0.6591453622702671,0.750679710960906,1.143429138522217,0.8751218360241341
6158,0.654665553645379,0.755395804302416,1.153808400466822,0.884302575627098
6159,0.6615240520433241,0.7532491146222401,1.158305311116619,0.8803827952107651
6160,0.659396651187452,0.7574656908062921,1.152554604562296,0.8774781395559721
6161,0.6564216278763351,0.7626420926788571,1.149744571443053,0.880880614337713
6162,0.654982184451343,0.752867449776849,1.15098868774763,0.8884225948511251
6163,0.659874856256056,0.761329037123832,1.148568685719932,0.8775796032902121
6164,0.659268806432036,0.7596451063518931,1.149612365641455,0.8801161156616351
6165,0.6602203841388651,0.759913191199302,1.151187535321367,0.8787373383731941
6166,0.6507161573601371,0.7525094811251191,1.149227419841116,0.87718190236584
6167,0.652787479180572,0.754046368102232,1.154267396723878,0.8739262767729981
6168,0.651122487514563,0.754060887988062,1.150881058819915,0.8849391744782521
6169,0.65146719224319,0.7560559869676391,1.153713393470515,0.8807092088720071
6170,0.660209023380193,0.7616940894420591,1.146496123485807,0.8766231405400281
6171,0.6581630484619431,0.7655523636418841,1.150299138349035,0.8850282801828091
6172,0.652520232739439,0.759229510914588,1.148173554543999,0.8730429544289041
6173,0.650375659429076,0.7590398101702981,1.143788486071254,0.875382407392928
6174,0.651304083160948,0.7538734226339101,1.149215230367322,0.8720372016069251
6175,0.656807050270878,0.7576160684659861,1.150599255509998,0.876712495029188
6176,0.6655651979364341,0.7587452100022971,1.149611357437527,0.874015083293551
6177,0.659481496266696,0.762966628199902,1.15535022339959,0.884594368923833
6178,0.6533988855131291,0.7557607472374811,1.147726490445759,0.8727176197791011
6179,0.6547566987304151,0.763643139730329,1.153641617384509,0.8815276874364281
6180,0.6597596996234381,0.7582145889384151,1.155215498437916,0.8761617701392671
6181,0.656406765992658,0.759451193977957,1.154884594506111,0.8821074977193191
6182,0.6571576297013221,0.7548549466806911,1.150821462813495,0.8772218642837321
6183,0.6570591805097851,0.752727169381535,1.152656249809956,0.8713366365249171
6184,0.6522831155554101,0.7578735314849491,1.14818167189757,0.873324307275639
6185,0.65445031085308,0.7558620487866191,1.153818905677484,0.8709555658093391
6186,0.6551577076585821,0.763174888772377,1.144982343890528,0.8781751734677
6187,0.6527802044174811,0.7605840755977491,1.153910193106402,0.876004972616615
6188,0.653411090454977,0.7534112435752061,1.149749219849489,0.8773677955395071
6189,0.6561270321354911,0.7569302556955291,1.150470921958702,0.876612317815854
6190,0.656064929818545,0.7575241240902221,1.142531971892584,0.8801518947533941
6191,0.655282095911494,0.751846983596898,1.1514496318456051,0.8730281434575281
6192,0.657946295064428,0.7590244916686111,1.151077066858609,0.874021155489743
6193,0.658065592087265,0.765155714815077,1.152356550097465,0.8833342221282091
6194,0.655080958148059,0.7555689953159591,1.150783739336158,0.8833502539150091
6195,0.652078252744631,0.761743371037469,1.148126361486704,0.8822283214633011
6196,0.6526578788956,0.7561445292355351,1.151678564647833,0.8773213080467951
6197,0.6499993107889,0.762920798490876,1.15085486765357,0.878011802643321
6198,0.657988556944157,0.76004603418751,1.158800656812778,0.8815473614503501
6199,0.6596460268441311,0.7631598498294311,1.156613394618034,0.8807091447052311
6200,0.649952269199749,0.7618611501394831,1.152167002683964,0.874032702161998
6201,0.656910088210218,0.758612395628638,1.158114095097002,0.8767891127238231
6202,0.6576360085898121,0.757565529990023,1.147626838930275,0.8814230613896381
6203,0.6568758906391651,0.757723813147648,1.156497149471787,0.878372257440418
6204,0.6529302607843841,0.7556973385854041,1.149303565098755,0.8808846025039321
6205,0.6558361626297661,0.759644685879997,1.147648065850354,0.8825026417448031
6206,0.6554692225071831,0.755946977306967,1.151688178488309,0.878902498686659
6207,0.649513369102192,0.755115100223085,1.146130256246829,0.8716566767813501
6208,0.652152776853113,0.75099069657533,1.145434587546016,0.882371484018538
6209,0.654573808113733,0.7552683880363681,1.155574420008106,0.8740875832196591
6210,0.6574175143209481,0.7583450143751891,1.14809304896904,0.8770333731789951
6211,0.655664808832217,0.756596425737159,1.152104165890942,0.884128518618535
6212,0.659518338226969,0.758500301751537,1.159945397165374,0.8771769040250691
6213,0.6617820975843111,0.757641141505345,1.157105395219464,0.878702534470653
6214,0.6577261732756221,0.7551045203986371,1.149451177621233,0.8724700299132131
6215,0.645728228451765,0.752155459985352,1.154976026735444,0.8716266787462471
6216,0.658768972489928,0.762077190737793,1.152428368511407,0.8752638707342351
6217,0.658397729549071,0.76478182448857,1.156397812608359,0.8827271199366751
6218,0.6552746827997591,0.7617084243591281,1.1471225136648049,0.8816776943487531
6219,0.653186990919968,0.7539041746353751,1.148400540045206,0.8791287023358151
6220,0.6620734146107791,0.7617463740533671,1.154258305935756,0.8852761449373281
6221,0.6520884892484841,0.7543291806958721,1.145891535325326,0.8768109885192861
6222,0.654068600305396,0.7530342066201611,1.149541709410107,0.8712606370125121
6223,0.6585040210435781,0.7606979932474051,1.154998194372308,0.8777491412516951
6224,0.6580179931352961,0.756904939270537,1.152768346278563,0.869461544748881
6225,0.660093241870619,0.757129847895408,1.152559461800948,0.878692741492304
6226,0.6592789439997381,0.7527319587011261,1.151704277897226,0.872433225178848
6227,0.654666523597594,0.766346646391827,1.152709725110427,0.8832834121649681
6228,0.6520054583856161,0.7569849114271171,1.15001135200694,0.876638940009086
6229,0.654353605637299,0.756887449086576,1.147339359357737,0.874505297510304
6230,0.65273784343963,0.756472299388353,1.151155626644258,0.875556473471764
6231,0.659647701983002,0.762947799179001,1.153126440618349,0.8809901642194691
6232,0.6581236672034291,0.75856184311535,1.150710174031015,0.8685552791246901
6233,0.662260064612264,0.7594901449654411,1.154278001923492,0.8803100760864171
6234,0.6550046595326361,0.756536892466787,1.147052900730699,0.8749718396128081
6235,0.6545119174364681,0.751925057259158,1.150672228224035,0.869707027288234
6236,0.660256563321403,0.767864368424035,1.151466103459613,0.885969399137125
6237,0.6585604955806681,0.7584701256043661,1.157454022570796,0.8824333341225331
6238,0.6584784328073691,0.7575610270318771,1.149788009947624,0.8733317646049501
6239,0.658258704468607,0.756841031537539,1.145587753882442,0.8779236384653951
6240,0.6564196086070241,0.7528678535119341,1.147423910813919,0.878981555582604
6241,0.6556801818365201,0.756604149937629,1.149894198861674,0.8836749256251081
6242,0.6553432210146081,0.7538767982868181,1.149435878771802,0.876841769567218
6243,0.649194727854236,0.756182838393294,1.148574765717637,0.881111060444643
6244,0.6530973288244091,0.760876666160597,1.153407818705275,0.87697629360617
6245,0.653768740783351,0.758077008136804,1.148569437796654,0.8713568764860211
6246,0.6601323824699801,0.75266388501378,1.146347110038218,0.8762950363528461
6247,0.6612075393668551,0.7573592882009521,1.149987963122734,0.8770747291113151
6248,0.652520367470772,0.7560035180354461,1.157999099920625,0.875322862001864
6249,0.65924544127631,0.7635827752343121,1.147883163630098,0.8726973634321181
6250,0.649509840658393,0.7567549044455301,1.152974448018316,0.874787293725471
6251,0.653966353612317,0.760522509182708,1.151193931158902,0.8745813961748191
6252,0.654060878075551,0.7531449561533721,1.145879734037579,0.871359914811193
6253,0.652345412316313,0.759547149141629,1.145025403171345,0.8741170205985721
6254,0.655647226676776,0.7591709543181501,1.1505590537967891,0.8803316917864301
6255,0.6523073129355901,0.7583247404815491,1.147792801260948,0.88096612457024
6256,0.6576031279898641,0.758542578505433,1.153806665669316,0.878667460538554
6257,0.660665954368701,0.7608766534190241,1.14801496958387,0.8786187845727671
6258,0.6575793436579941,0.7571604654624841,1.152739145401595,0.8838391593940881
6259,0.657648186293849,0.759681055079335,1.150455849542134,0.87687852287638
6260,0.6579976665207,0.7662377544287321,1.155634567789409,0.8835956857310251
6261,0.659133696766651,0.764131121553372,1.151645026129225,0.87502975648512
6262,0.657973434020211,0.7578719446192611,1.148872800819252,0.87909151667702
6263,0.6575629251968601,0.7531679438939991,1.149612317374651,0.874931331157036
6264,0.654838705759333,0.757284581337286,1.154394315528696,0.8761935949163591
6265,0.655500343177413,0.7610572942573091,1.148145064603591,0.8797730882044721
6266,0.653669293268003,0.7585057285816771,1.149854357475819,0.8710056310384601
6267,0.650982943781908,0.756227245257384,1.147625448911086,0.8794100260820941
6268,0.653140486771429,0.7585995210253671,1.14964844048887,0.8743830088364041
6269,0.65616359796537,0.7601460820954771,1.144844900762689,0.876452517736217
6270,0.6595116313276941,0.7558150990069771,1.1496466272983,0.8818501181144641
6271,0.6588318482365291,0.752243873001872,1.148376015325387,0.872890638484471
6272,0.6528679341401741,0.757220504076584,1.148183403347713,0.8715435508908561
6273,0.6529061578322141,0.7588953934069991,1.152552968997886,0.885529644517362
6274,0.65874108755826,0.7568368348090541,1.149218912465848,0.8719404884546561
6275,0.6536182999556911,0.7552914709068721,1.148765366686427,0.872382629365808
6276,0.660754661575175,0.7563284382871961,1.147568696974844,0.8671781344042301
6277,0.6547736747973201,0.7572928240549731,1.149438869586025,0.8709023897468611
6278,0.652924001108909,0.753581713399161,1.144658147856809,0.8682374121972181
6279,0.6583026747718671,0.7574864839730051,1.156801351926465,0.880919355386193
6280,0.6550949313340411,0.759945697002652,1.152914530989052,0.87795985136451
6281,0.6540096310655701,0.759255975160909,1.147344649161981,0.8711712846289511
6282,0.6542734623873141,0.759167695391005,1.147121365411558,0.8698684271640961
6283,0.653952033299466,0.752413015002789,1.147645494752172,0.8751791570659561
6284,0.658118716589566,0.759840084590773,1.151557113921296,0.8761368286458471
6285,0.652886134099917,0.756739803198455,1.150812796708466,0.8813377638495911
6286,0.65216169760063,0.7545581120943671,1.146915064125821,0.8694022718439061
6287,0.654238040491506,0.7552001187982761,1.142451353479122,0.875973109911749
6288,0.6539774290353491,0.7604922005447781,1.152030146100382,0.8784383183912091
6289,0.660060706210957,0.7584022033041801,1.153284298768942,0.8781267829995221
6290,0.657073955712974,0.7589803321853921,1.158698583750621,0.882144102772724
6291,0.653545616518544,0.7559818212968711,1.155064661865649,0.869300742296205
6292,0.654271102253941,0.7582401452936981,1.158025049752947,0.881347475681399
6293,0.650600300129988,0.756566352710343,1.147212187233178,0.879535849975503
6294,0.652826563576641,0.75644851486752,1.153114781107591,0.8752776742035491
6295,0.6540465627567491,0.757887634570183,1.147313701177852,0.8782788777211
6296,0.6607138080171481,0.7552764675971391,1.15083141333383,0.8816436529699441
6297,0.6574538753408451,0.7566556000839101,1.158213809672473,0.874001535384551
6298,0.6571142437017481,0.754708023390908,1.149069162814513,0.8691257640341481
6299,0.658008972398828,0.754655477145443,1.14828077768502,0.875068968296914
6300,0.652452469627926,0.7567620809743371,1.143717847872471,0.8674037037282311
6301,0.6550454251144241,0.7645604825322171,1.150530311832393,0.8820781237783201
6302,0.650886123298086,0.758133340141047,1.148034529733485,0.8768846113774651
6303,0.6528782100835141,0.762031511012194,1.146629669204138,0.8732923092725481
6304,0.6582379357592351,0.7572014885752091,1.152343231698741,0.869852097165109
6305,0.65447765281019,0.7568681768101191,1.154323956024819,0.8796313212563591
6306,0.655121360190104,0.75839504642763,1.146181122764297,0.8735756926724441
6307,0.661344917572062,0.759637789017912,1.154910810507726,0.874388217548097
6308,0.6522142797222601,0.761557421174602,1.15100005366232,0.8786429102546061
6309,0.650979851575001,0.756726983124795,1.149550046393836,0.8762074876576661
6310,0.655325970922907,0.7590677300873011,1.152788242028243,0.8707357715491361
6311,0.6573836826111961,0.7566183007497711,1.147253325991872,0.8786773321799171
6312,0.654659638613246,0.7552843795738351,1.14859751795513,0.8750168511886961
6313,0.6515224222093821,0.7529103731115661,1.148182188579137,0.8699192673615781
6314,0.666183249107089,0.7550569251179691,1.151538460582926,0.8805989985880641
6315,0.6528791120086891,0.756757618508477,1.148361677924792,0.8727401405896831
6316,0.657514479605184,0.760891302556231,1.143342809400696,0.8792520501259441
6317,0.655667640079838,0.7578271000065661,1.152135859257069,0.8703280838773301
6318,0.653166098709123,0.76288191984961,1.148975415398245,0.876470962269366
6319,0.65226908819075,0.7528087667365001,1.155919021778348,0.874158031563612
6320,0.648417467791317,0.75402485244516,1.150728441450907,0.870760741657105
6321,0.6572162116189361,0.7581853124758471,1.15239891777004,0.8723043921147131
6322,0.656648178112463,0.756951940556367,1.144508624746315,0.87781752243746
6323,0.65210167599329,0.752855540617652,1.148234960609588,0.8776006301783991
6324,0.660374596957927,0.7501227977699121,1.149821483786555,0.8686389283857481
6325,0.656094207954795,0.7594437416696891,1.149326497661894,0.871553426689427
6326,0.6548589321420241,0.756692784635917,1.151258317888646,0.8650557212801511
6327,0.6577650559931131,0.7633640719712641,1.1518977202367089,0.878815582939896
6328,0.6547577088239831,0.758295489070208,1.143514024174731,0.871465640844426
6329,0.6524191631841051,0.7605909968631851,1.157694979962231,0.881413664641803
6330,0.6606035853695611,0.7594085502019821,1.147448125956715,0.8738943063316571
6331,0.6542768240838811,0.754928028453951,1.150749558339948,0.874297308398113
6332,0.654250908589017,0.7606708950538561,1.146941291249316,0.8704134443693831
6333,0.6586757253423551,0.758207094302212,1.151442025126754,0.876585759303492
6334,0.6486165312429271,0.748349205955215,1.140939705289792,0.872142141198982
6335,0.6576174833150441,0.759600792350112,1.148697060087452,0.8712942911231
6336,0.653349730739558,0.7525462186422901,1.151876018747039,0.869945727585666
6337,0.6478082647250181,0.7522028609030481,1.152473259339298,0.8707520223722071
6338,0.650328858040165,0.760163459332956,1.144210043268791,0.8720326159095411
6339,0.655363530514464,0.759202431941377,1.152887377402056,0.8706925619069641
6340,0.65575266988489,0.760206562021504,1.1520571216293,0.87722388503776
6341,0.653605725346268,0.7544437494614851,1.150146126423193,0.8763850074045461
6342,0.6526080998389611,0.7622620261449741,1.147454043013462,0.8695604956128451
6343,0.655659657619569,0.759345945240794,1.149431856106157,0.874213199252667
6344,0.6561671171769281,0.752997230684411,1.139750476116719,0.8714524827141691
6345,0.653442609947228,0.751535186085148,1.152417968904626,0.870458390374762
6346,0.6622828612832921,0.7613989215182221,1.147438555415989,0.8718266636133191
6347,0.6584295165603571,0.755158370387726,1.155090611050094,0.8733727582392911
6348,0.651259049287308,0.7506104896681891,1.152635898387086,0.8661269549874291
6349,0.654543825600674,0.7573007905612821,1.15090904276872,0.868554480886761
6350,0.659704466849781,0.7592086140876231,1.157204551109369,0.8756942099527171
6351,0.6562565999726451,0.7561134535117421,1.155243835263494,0.8770523366882741
6352,0.6513986382903391,0.759753937846508,1.149515864209852,0.873142020506919
6353,0.6485001773344,0.7540512337632801,1.149430296559264,0.8660901021752231
6354,0.6587446635130091,0.755651614588239,1.152007859146249,0.8737423719595301
6355,0.6551450190768721,0.761400880589001,1.148733297659867,0.8820910940783611
6356,0.653640154992108,0.7591169871713801,1.151006054079187,0.8708242711111681
6357,0.6630292742418631,0.75919113740109,1.147735366138859,0.8758706909644861
6358,0.65478140555754,0.7530246337038881,1.14447305858999,0.8682659995350711
6359,0.655160947122435,0.753058735335218,1.147265664801217,0.8749267478352001
6360,0.6504156853517761,0.7584767672030821,1.147707037951635,0.8694852534411611
6361,0.658185596294377,0.7534469084247291,1.151159100774405,0.8768322504786911
6362,0.6617200160804001,0.7599668871017471,1.152710268678872,0.8721294199804891
6363,0.660743279787509,0.759840599112752,1.149460098881652,0.880359203379223
6364,0.6574242637911131,0.758903145034244,1.154907704479452,0.875148076618063
6365,0.6587286114260771,0.760048297760279,1.154597163308357,0.8790170163240121
6366,0.650298540844865,0.7553249277930321,1.147558992755585,0.8676617899234741
6367,0.653748594035489,0.749764790353567,1.153408247707546,0.87017646510208
6368,0.6573576118689081,0.7596493369859191,1.149314142547655,0.877018052841658
6369,0.657064344032087,0.756469840804735,1.154391879188841,0.8733897363038161
6370,0.6608217246290561,0.7625107291168061,1.151970233066358,0.876957780371109
6371,0.6566591383214441,0.7589282003649761,1.146709769100382,0.8716602112719971
6372,0.655723480318767,0.759250348460847,1.145131466289361,0.8739904805585951
6373,0.6528295610855881,0.7543013813918911,1.148630077964153,0.873074772160338
6374,0.647903755469166,0.7480645408664921,1.144315884273121,0.8705464055680711
6375,0.651518355056211,0.7562178495353541,1.151076310138771,0.8713799283664291
6376,0.6589761231958431,0.760298487284909,1.153234303537486,0.875756245565371
6377,0.656385732139798,0.756760805629301,1.150497183095717,0.8687230757019221
6378,0.652351546708656,0.760562144975731,1.143879923915517,0.876137796087541
6379,0.6506560691024941,0.75352843483721,1.150886212894018,0.86943184989302
6380,0.6564286835491651,0.7519674507388171,1.14696576770233,0.8747089178557841
6381,0.6526495270377051,0.7587260598505751,1.15098690090404,0.869123318003139
6382,0.654689110302622,0.75622760148152,1.150168348805628,0.8709422816130991
6383,0.6504669407301621,0.755979784048985,1.143600997069607,0.8709548164860921
6384,0.6556602640050471,0.758061463418214,1.144334706815256,0.8767508836868011
6385,0.6559966111798651,0.756457400386748,1.154081958359566,0.871896988185851
6386,0.6537071304746721,0.753706853134908,1.1382663084760951,0.863484939020397
6387,0.6545447430748871,0.7586503637873601,1.148713467021783,0.8709019882793441
6388,0.654051451579384,0.7571935457163961,1.146996215741703,0.8664932165672811
6389,0.6540714021556181,0.7500886054358621,1.154374913245007,0.8678240120626871
6390,0.6557324007963351,0.756217631092969,1.146311631561189,0.8730874248658831
6391,0.653507139614742,0.7576614634498301,1.153863699539848,0.8672739992701051
6392,0.6508663665989171,0.755802288651466,1.150162453560725,0.8708447479251501
6393,0.6609089539210861,0.755758137914581,1.146483057974905,0.8719653795216821
6394,0.6622847303802121,0.763051445933355,1.146432458058647,0.872722668843208
6395,0.6506837572956431,0.7520618229240611,1.151704096815724,0.8680621659572141
6396,0.659292949606543,0.7584162434374071,1.151470994711786,0.8749861685910081
6397,0.6547139216268401,0.7587875385863191,1.149094818294912,0.8715362169010481
6398,0.6490921779009311,0.7524941637032271,1.143877540593562,0.8659382069996301
6399,0.6539833141301851,0.755457789569661,1.150980208015096,0.8644932259036141
6400,0.6484450964608051,0.7571595540081241,1.150503114945646,0.8670869404585031
6401,0.6529328164145131,0.7556324949946951,1.147229912596336,0.8732030547453441
6402,0.6545394889578441,0.7600397975116531,1.147920776968417,0.873581713524417
6403,0.6567299890507391,0.7539508203449451,1.147221020382383,0.874748919186168
6404,0.6541975479627,0.7537012964055151,1.142256167595801,0.872004479493783
6405,0.653952209521894,0.7583833466405451,1.143994527234547,0.8716579016460021
6406,0.6542396289498911,0.7595119190172871,1.154845977283042,0.8773141815394591
6407,0.6638101151995901,0.763614874387132,1.150278417204601,0.8690686159213811
6408,0.6623855559020371,0.763195780524309,1.144550833905088,0.8664032746700271
6409,0.656964145789759,0.7566581611400061,1.150975676442402,0.8765344657003881
6410,0.65909035935782,0.7620103964987001,1.151598689348801,0.875652230439194
6411,0.651782968149021,0.7562362121931021,1.154957739231379,0.8765210656422201
6412,0.6510900061415591,0.754082869360412,1.146384313162686,0.8699481721319581
6413,0.6541149720171651,0.75801133731569,1.152712022588736,0.8741379440964561
6414,0.658409937217399,0.756696005662282,1.151357938306055,0.870375614613294
6415,0.6568811271285661,0.754798617591892,1.151026045390661,0.8730556532686601
6416,0.6620589388885361,0.7646542947361431,1.149949384448321,0.873847983399595
6417,0.663234192958992,0.7542577524116071,1.15644280936407,0.871786841150859
6418,0.648096639285053,0.7547263344344881,1.146544213852156,0.866326349881896
6419,0.6639620366141841,0.760810521525749,1.153861200571924,0.8770209036335561
6420,0.657769155702081,0.754789537169795,1.151150451190229,0.8752514279407001
6421,0.6514646495166031,0.7613591684595391,1.145723888731521,0.8739327193116361
6422,0.6550829033974721,0.75749278349289,1.149565697580144,0.875087322559261
6423,0.651104420018584,0.752372303410716,1.147907982053964,0.872758941616917
6424,0.658790369180665,0.7556962322281751,1.147929691318152,0.868241501108243
6425,0.658656504167162,0.7577021513944081,1.147865569461946,0.8737968641022841
6426,0.6576221486742511,0.7568235318513881,1.14883192822985,0.8684962223675371
6427,0.655770544043701,0.757073139042957,1.151116757505182,0.871116115401188
6428,0.651711616881083,0.761220155526762,1.155778003559596,0.8674173515991881
6429,0.651130906751622,0.7568906457095901,1.146544991412024,0.869243794539268
6430,0.657728338074209,0.747656388235264,1.146827502419119,0.8668248506829791
6431,0.655712470871166,0.7543106193559751,1.149151857888353,0.8675557647062381
6432,0.6508906563285031,0.7523075375651961,1.149036004383494,0.8686054372431141
6433,0.6538885763805841,0.7582883461230041,1.150185012946958,0.869604074706633
6434,0.6537661896343681,0.7573217418098791,1.146329159969868,0.8688653158158921
6435,0.6522565286984471,0.76473058403834,1.160279540264088,0.8741544278851451
6436,0.6532495814659021,0.7604398754411851,1.1543728120733,0.8715171402833161
6437,0.6557080616931551,0.7524932458780811,1.155201649644236,0.867542399822369
6438,0.658346687861974,0.763367766055507,1.155124921837578,0.87573165786655
6439,0.650706455111503,0.755372654052748,1.148212087759073,0.870510521304348
6440,0.652131378056778,0.7531010667267051,1.15138800021099,0.871767062963782
6441,0.651921290931278,0.7582989994814431,1.148011104352232,0.8696350743589191
6442,0.656366813334002,0.7529039447722221,1.150193807439527,0.870286916612067
6443,0.657093133507431,0.761500455763029,1.151230864442777,0.8712234508678101
6444,0.655898708121284,0.7598898572766261,1.148249796875145,0.870407302364491
6445,0.6496494140314021,0.7610587309236111,1.149532520468684,0.8714162697070751
6446,0.652811784351217,0.754784046847751,1.141588689840358,0.868424825559275
6447,0.6575362015029651,0.755635090712187,1.150210608390794,0.869167206404001
6448,0.657723928815212,0.752868823275186,1.1476357294165571,0.8724407901366551
6449,0.651641279027081,0.751280526536098,1.149980642765328,0.8656228230591271
6450,0.656372270263407,0.7573057236014931,1.15434728346873,0.879742958434466
6451,0.650992179559408,0.7498599985155501,1.140605850712112,0.872980133832796
6452,0.6515474466310031,0.7539716658816821,1.148148054769937,0.8719130482632611
6453,0.650870107843176,0.752847465484038,1.151412635933661,0.86427695746871
6454,0.6555352466909781,0.754525542475175,1.155155634318573,0.8728949169263891
6455,0.653685146402837,0.7628427240727601,1.14864337897819,0.867638774648092
6456,0.6477835070395811,0.756336648719034,1.1433625157544571,0.8644407942243241
6457,0.661802791949847,0.762612850661727,1.152677800776301,0.8773106346311771
6458,0.6536198789388801,0.754089029802792,1.151617349165937,0.8752847026925581
6459,0.6586762057698291,0.760927380535049,1.143782491377298,0.872191148040735
6460,0.6516643913759701,0.7571629333323321,1.151228228880875,0.8692818583677641
6461,0.6510772993923091,0.75884434937135,1.14718912585058,0.873035956066155
6462,0.65584395221178,0.759472998587981,1.146479707913122,0.8610488176885721
6463,0.649529662523148,0.7550060493142701,1.144546334726223,0.868986794320137
6464,0.655387652498008,0.7560750381022261,1.14995845493631,0.870609591242627
6465,0.6534263332630841,0.7587238679761471,1.156391802473344,0.8771304518146351
6466,0.656486170663349,0.747825576775315,1.146841707544914,0.8694239521156181
6467,0.6523931976407761,0.7588340299932851,1.148660775543986,0.873731950783859
6468,0.652552469512042,0.752714439794637,1.146358926011168,0.8675240155957311
6469,0.652581435614737,0.760297484479952,1.152777613613052,0.879297173622509
6470,0.6461417473906621,0.750440798699855,1.147011597627315,0.87112659237523
6471,0.6544783191782401,0.76129411128552,1.146869130000688,0.8728305366214201
6472,0.65786411413464,0.7605080870182611,1.148949153829312,0.8690541554512321
6473,0.653803223798024,0.757122808608455,1.148605837014274,0.8722375606767071
6474,0.6470700556115391,0.7563499713289561,1.149753632752791,0.868280020933868
6475,0.655826252925655,0.7535461748855701,1.146323844790458,0.8661152741237391
6476,0.655224509618204,0.7579533218041711,1.147262382118598,0.8715624696966531
6477,0.655879987700693,0.76292695634175,1.154723002858783,0.8699865537439131
6478,0.656181431847853,0.7544187544912531,1.148567813030187,0.8720854716510441
6479,0.6491930091186711,0.7607105899116261,1.14824157629324,0.8769322136498011
6480,0.6539729539898851,0.7576879659208691,1.152924329474352,0.86868858774719
6481,0.661311693057633,0.7579141821766241,1.152572047559247,0.875063908596833
6482,0.654249451892531,0.7509986488283541,1.148549248234949,0.8693587947366891
6483,0.655239099312735,0.758010351247545,1.148782923493696,0.8699916756671401
6484,0.6512334075472921,0.7536629469714301,1.148650567492713,0.868766700605983
6485,0.6519989172617591,0.7537351680406621,1.14906772074924,0.862053949439871
6486,0.657733010883996,0.7526815340354821,1.141108044355675,0.8637353351366691
6487,0.655862143236225,0.7593322139287341,1.150554153906262,0.8748632555530551
6488,0.653075028453832,0.754774749710939,1.147721437440402,0.8678360388114831
6489,0.657843409915981,0.7568991322448281,1.145827783190685,0.871127629571634
6490,0.6521056258268111,0.75189914651539,1.153467195837394,0.875681912958406
6491,0.6580062910266541,0.7597672551654381,1.146646016425844,0.8731244504991641
6492,0.65591339799373,0.7554924408162851,1.149651230029438,0.861524974792331
6493,0.656159009892439,0.763055582949216,1.149441372009291,0.8741056857279671
6494,0.660031892386251,0.7568565850024631,1.148193357863288,0.8797160524443001
6495,0.654248858707538,0.7569916454562241,1.153766011738258,0.86589089559688
6496,0.6572123323769671,0.7572642637119771,1.141026208474152,0.869726234237137
6497,0.657179453612669,0.757075329297694,1.14631534702536,0.8719814954514521
6498,0.6546701116190441,0.7514257124368691,1.150931312554124,0.8740768680429971
6499,0.6573460707036051,0.753815708924894,1.153128324427466,0.8718210697120081
6500,0.648333084567085,0.756466978809971,1.144717764055383,0.8706003821090511
6501,0.654768137747178,0.7563428614234571,1.146365947913432,0.8726796814766911
6502,0.6524828789026841,0.755177716414133,1.152291782200336,0.8674264955671801
6503,0.652558002458966,0.760007845858732,1.141883419907611,0.8715717036654981
6504,0.6550016181300511,0.756340492138828,1.15132322486328,0.8624129410617161
6505,0.6547809495064221,0.7573440825377681,1.149737592948519,0.8636376741679681
6506,0.6541059899103381,0.7603068911079041,1.150946511630562,0.8676775119712821
6507,0.6555406614274211,0.75187683429407,1.146597662697667,0.8637375044164011
6508,0.6559479740596761,0.759402362224848,1.149194708876851,0.8728677502738821
6509,0.657621805407646,0.7616230443767881,1.145581713297228,0.8668549978916621
6510,0.648797458442656,0.756458948811759,1.149506483065045,0.8704582217648841
6511,0.651672353590096,0.7488062382824171,1.142802606026331,0.8679671227608031
6512,0.65502377645369,0.754620128243729,1.149095807386481,0.862344371613816
6513,0.6602138196914521,0.7553661082317861,1.153872763117154,0.8713953475049441
6514,0.655475427329108,0.750972192032613,1.146112645989742,0.8751231352056281
6515,0.6527942562394811,0.763605370901633,1.156161612142687,0.8662939829130961
6516,0.6525326118521061,0.7512672006867931,1.147567744812239,0.870011066424026
6517,0.6599539300507821,0.7578884464675101,1.153335949541002,0.87126375545842
6518,0.654173537872839,0.749228032278841,1.144557100167309,0.8580650085232391
6519,0.653292475322234,0.757569989972356,1.150323161180468,0.86802993023741
6520,0.657539298487962,0.7630659855794211,1.147647594304188,0.8745642367048541
6521,0.656011155846974,0.756054022065971,1.152887531380722,0.8735170406761801
6522,0.6501380267512531,0.7558098237799561,1.14705998569295,0.864710495172851
6523,0.6482604240485721,0.7507472674267881,1.149137486474237,0.862522547065779
6524,0.6575460919057541,0.7539589414777961,1.147550850242808,0.8585994948997441
6525,0.655610789315424,0.762152541914711,1.14987519275451,0.8686450388066571
6526,0.655629941167822,0.7590269985190331,1.144315815598204,0.8680844101514931
6527,0.6512156637466471,0.7548461756196571,1.141218517785487,0.8671460208361561
6528,0.655750814636332,0.75691329266714,1.146024940238482,0.8702128972804201
6529,0.654379298397596,0.7529307835991831,1.146849600625211,0.873593144928631
6530,0.649757610498995,0.7527948114751041,1.146270668269067,0.8674776338148801
6531,0.6512063293029431,0.752252090020456,1.150354104953399,0.863777944521195
6532,0.657672040785352,0.7588516242694161,1.151702596657518,0.868026835061069
6533,0.6505211744781421,0.7542369703667751,1.153112182906572,0.86071365688374
6534,0.653095224170365,0.7524662088008891,1.147955059141352,0.8646836853923571
6535,0.6545461507217171,0.7568125996900641,1.15355410254088,0.8721579930380631
6536,0.6601167916171791,0.7640727958169531,1.1479010546337,0.87216849743888
6537,0.654824718832969,0.7539763268137321,1.145407833374928,0.860845795846071
6538,0.654832964115168,0.757065982814284,1.150003325895986,0.866429025145328
6539,0.6542058080920701,0.758983224414397,1.156222985706467,0.8678616056407701
6540,0.653387082281751,0.756999700721623,1.145944075631922,0.8626724494810121
6541,0.655332145672561,0.759956318291201,1.153076537709305,0.8690271391060901
6542,0.65572999474471,0.758239754408166,1.144700760858646,0.8674612255308071
6543,0.652699627792057,0.7558912714754321,1.149917713325956,0.867030196512738
6544,0.653516440449849,0.7547592526112771,1.156939825286036,0.867170921378377
6545,0.6527127722899111,0.759982886737671,1.147182994778605,0.8701310020642
6546,0.6549905947531041,0.7617123294351751,1.151344608353532,0.8677349705519021
6547,0.6552719399063051,0.7564384108004361,1.147420238001623,0.8616122767815121
6548,0.6522001391141741,0.755087727653807,1.143181859151176,0.8680070042610161
6549,0.6563669858851291,0.7619353425891501,1.152148957377758,0.8749966350640501
6550,0.6568361473526211,0.7586719506028771,1.15310170231522,0.868630681726811
6551,0.652005109234132,0.757351960177006,1.155032628148362,0.8663915509924941
6552,0.6565127371661901,0.7524146664401761,1.143291881766872,0.8657037708098471
6553,0.652663414569004,0.7545568538100821,1.153052221821702,0.868706248268701
6554,0.6541062620994831,0.75795881104642,1.149212374851323,0.8693395931597631
6555,0.6558151753700291,0.7607287805581431,1.148415512364843,0.8696502488700371
6556,0.651865992695093,0.7503088607952211,1.142086359361807,0.8538012844712831
6557,0.648718752776799,0.7619272865678951,1.143665021420389,0.866695092262133
6558,0.6497626801331831,0.7587132293029101,1.1565249462922411,0.8735896098171021
6559,0.651041375365162,0.7620674545566241,1.147610777638096,0.86463689075216
6560,0.6493329876304961,0.758353639124096,1.148611003721969,0.873446019420373
6561,0.6574883753082891,0.7563141283133751,1.14643597646036,0.867430528463876
6562,0.651750432651328,0.752478080059307,1.15109926548557,0.870750343966959
6563,0.652985758053651,0.750404699233131,1.152678387860457,0.8676101877151621
6564,0.6499839507691231,0.7529580700008761,1.143272862486217,0.8611026366335751
6565,0.652896853649745,0.7507266600926711,1.15152562474427,0.8689107469188561
6566,0.6537079612144091,0.7545080302634101,1.146709154265514,0.8706699319831701
6567,0.6526890919692271,0.7513900666997051,1.146302472206129,0.864612474443687
6568,0.649428071238208,0.748744362290354,1.157804437197636,0.8687632303900901
6569,0.656307088994029,0.7620485192839651,1.146493800416372,0.8732756252630031
6570,0.6556620781404381,0.7559299959220741,1.144810900200104,0.861415891057771
6571,0.6546011618136061,0.7612399706158081,1.156616527101267,0.8715860502443451
6572,0.654101711306451,0.7547275016921151,1.150710806466531,0.866375775467874
6573,0.6573256924748421,0.750586348491302,1.155916755398114,0.8713188054768931
6574,0.655446942139794,0.7587060199483581,1.148187241800453,0.865786669802838
6575,0.654092706361974,0.7586407646320861,1.143141374855801,0.8663382670045761
6576,0.64848828461507,0.757664807788703,1.146041498667952,0.860414258649815
6577,0.651888221286345,0.756787967422734,1.145084978229757,0.870583079512352
6578,0.650741301611929,0.7543059937331981,1.154988192561744,0.8791545080695891
6579,0.654326624412467,0.755848309700039,1.148364054444043,0.8612602345537441
6580,0.651937737737012,0.746935336594132,1.153002506580905,0.85982187686191
6581,0.652907231957584,0.7494938264506451,1.145284760797369,0.863951549500874
6582,0.6512041844805511,0.753400149012821,1.14979102851256,0.8688436260149961
6583,0.6544639813187331,0.754694528337838,1.150627537050109,0.8650273507919861
6584,0.659509216529735,0.762482109493103,1.15322550461776,0.8665159630008791
6585,0.650564189892316,0.758561604696771,1.146357006892778,0.866397939649397
6586,0.650124952197074,0.7528188479119451,1.148662156924821,0.863571917287249
6587,0.651638953393136,0.7545044764444441,1.141514366195685,0.863281897741599
6588,0.646841453847245,0.754674535190713,1.150305945480215,0.8624778426913681
6589,0.6488200241456861,0.7574145640584,1.151638427398343,0.8654935529752481
6590,0.648408808057075,0.7496868038307061,1.141764244307642,0.8634714509859891
6591,0.656740680525916,0.754159804811512,1.144954838506553,0.866664455474718
6592,0.6540857230083661,0.755365474608497,1.148674153439376,0.8633755514317231
6593,0.6554299478783551,0.7608794558091441,1.15291485665501,0.8729672923252201
6594,0.65057557027625,0.7574609209229981,1.148410084454909,0.8595292644872181
6595,0.6533115872762341,0.758292143219623,1.150474098821481,0.8668658127873271
6596,0.6550622822959781,0.7540839518541871,1.146412683569866,0.8719197811045941
6597,0.6493915920348271,0.7541939718783761,1.152513292064701,0.865108947148141
6598,0.6532766237800961,0.7588024609114811,1.15238329735787,0.8692713379859921
6599,0.6600994152435351,0.761949002958726,1.156505575970463,0.878907704374928
6600,0.651453196813446,0.7530348388397171,1.150244026620318,0.869327623937009
6601,0.656857078355075,0.756681531343771,1.153399854034617,0.867716761845825
6602,0.6538666650868841,0.7532390052641641,1.14737942793231,0.8569633102827311
6603,0.652495200462315,0.7584210744370581,1.142150692749714,0.8581766005119551
6604,0.6504855984147041,0.7567165712083591,1.145730472345283,0.868603391275889
6605,0.657045430517283,0.754558565499989,1.148280548444692,0.8720754669520301
6606,0.6590507377640921,0.759122555346592,1.145964937581532,0.8728780968357681
6607,0.6512559676083961,0.756274751886941,1.147816905832809,0.862120583626455
6608,0.6527900776515401,0.755099174984987,1.147776500362417,0.86512681785161
6609,0.653557427848378,0.761203628519307,1.152138982238113,0.8703707850173761
6610,0.652623727485753,0.7551564935972721,1.1499518856838131,0.8698644273361
6611,0.6548687162930551,0.7568426785477691,1.149535260230734,0.8687135971866651
6612,0.651614769510384,0.751590422206166,1.150536526156508,0.862480791123664
6613,0.653609330266498,0.7538486018344971,1.153021407084188,0.863141024620204
6614,0.6489810700649801,0.752874888911627,1.1455021244676211,0.857965435022893
6615,0.6539370151425611,0.757658995148064,1.145085265563018,0.863185377332611
6616,0.6500886177131231,0.7515068089832431,1.148501172013904,0.8691616185765331
6617,0.652866040585913,0.7561449234684301,1.145971306208251,0.864775782936941
6618,0.6538326435223001,0.7548354193568231,1.151838499458803,0.8642936030105831
6619,0.6485173553768271,0.7555306245019471,1.144441511859928,0.870204494780172
6620,0.6586126923507101,0.7529721504104311,1.142888747803543,0.8611605702426981
6621,0.655129594755345,0.751739568684412,1.145536422297574,0.861443201349913
6622,0.6567317687406921,0.7516354020091071,1.151164250961248,0.865730746878661
6623,0.658170760433743,0.7558704126572261,1.147837313944878,0.8706601768786061
6624,0.652241974826092,0.7541664669263191,1.145608609353286,0.8612959002940981
6625,0.6561103608405241,0.763771855744762,1.148593035837014,0.8744763398839941
6626,0.655550275645826,0.756811302317225,1.153389585838801,0.8670388652092731
6627,0.648981939812285,0.7549257141308501,1.151638349653154,0.8669760153507401
6628,0.659934488084653,0.7559169873163321,1.152159446175547,0.8687818275251681
6629,0.6478939719390171,0.7528926947194591,1.144162488912326,0.865994709152458
6630,0.6588250218310211,0.754820699817028,1.143800591537054,0.860251138337712
6631,0.6510172889878351,0.7550636763158051,1.14633900164694,0.8687782038435121
6632,0.650515955508403,0.7504218279019641,1.144393550421016,0.865952684800478
6633,0.645253579442699,0.7509556588703301,1.143712696281896,0.8618858941709211
6634,0.650503633678823,0.751720870534578,1.140941297554451,0.862201218236831
6635,0.6493068820648431,0.752985644167748,1.144195336470569,0.861372514776345
6636,0.656642715433153,0.7585399502861321,1.150448962830115,0.868986097285928
6637,0.650711748236115,0.7529618802709851,1.14505647673555,0.8602313393645961
6638,0.6547480118933361,0.753411791030911,1.149989768430806,0.8600211578380801
6639,0.6509439753017561,0.7545081627541691,1.141591629580311,0.867020814126168
6640,0.6567126520895871,0.761857961830885,1.1532865151547,0.8662737562874521
6641,0.6509356276550581,0.756937960567681,1.14104381084874,0.8668481572598651
6642,0.6605028152141881,0.757934095742909,1.153637612319511,0.8672080616858121
6643,0.658135223755801,0.762218354836754,1.154698073648024,0.8700031494262851
6644,0.655515363817845,0.7554121973074001,1.149672771817532,0.8622986092839551
6645,0.654859073028184,0.757436481398948,1.147021479688692,0.865734633436237
6646,0.652069145084723,0.7487418116002841,1.153133073254771,0.8653338685685741
6647,0.649434198692872,0.757603919160538,1.146597567783749,0.8628943099275881
6648,0.64880320497289,0.74914110765077,1.1434370952023971,0.866774499389356
6649,0.652582704669971,0.7513566700660661,1.1466030010926551,0.8661880262897931
6650,0.6518976965622191,0.7564952658570331,1.144663028526997,0.858812462268532
6651,0.6577555150387511,0.7601109381387191,1.153469891435858,0.881506641462877
6652,0.6582727585851711,0.756469867475654,1.143650335894114,0.8667999581312351
6653,0.6523892190307371,0.7500847307020341,1.14425975224678,0.8594962356585091
6654,0.648887593920032,0.755015312437561,1.1510168186564371,0.862889299763069
6655,0.646694702082786,0.748199435787788,1.146093619150528,0.8616454726543981
6656,0.650409380135976,0.75154582745787,1.141712935290475,0.8655514238213281
6657,0.6509335288049081,0.7550498839953671,1.14785459799611,0.8683616665556371
6658,0.6526188008973131,0.7527066210041871,1.143881520715312,0.8604776321545891
6659,0.651197856211144,0.7527463497674981,1.146496097786703,0.864054017308829
6660,0.654025168171611,0.756019608050152,1.147610360837501,0.865926396209692
6661,0.649213789408837,0.758387447159359,1.147692457705304,0.8720677398361151
6662,0.655061545120417,0.76033300668865,1.15369684929433,0.867815546934371
6663,0.647993502949459,0.7534364783677501,1.147105069372101,0.8666337303871261
6664,0.6574725959503991,0.7569775876143701,1.14398115452217,0.8600151403064741
6665,0.657127633960782,0.749790589122668,1.1531749176590331,0.8694711995135611
6666,0.6585951475831471,0.7512253286397971,1.145658331936684,0.865698077297513
6667,0.660066158956159,0.760212029667868,1.151413154666838,0.872187473932686
6668,0.650109890659434,0.7546456635430231,1.142365343220855,0.862657566946269
6669,0.653242380722709,0.7579013581077251,1.151407585951729,0.872547567403618
6670,0.6501262074309411,0.7502634454032651,1.144271836656591,0.862666043898333
6671,0.648106263221605,0.758017317216465,1.14420126594495,0.8700898885996871
6672,0.653270254910424,0.7588557423888771,1.150848602579123,0.8651539558895681
6673,0.66078593077111,0.7608842248286021,1.154158098542172,0.867694395445827
6674,0.648751682723345,0.7570745889907291,1.150352287983548,0.8645922912257731
6675,0.655974245535722,0.756786865492661,1.146628602151421,0.863463528022386
6676,0.655377411647983,0.7522193429910611,1.140416946963987,0.8629421049701991
6677,0.6480580432259511,0.7533493486867431,1.149639346353385,0.865840654253311
6678,0.656093140686119,0.7505250174714171,1.149416699789572,0.8676830746125481
6679,0.657130439131372,0.7562443071949311,1.15260742129623,0.8629397758809121
6680,0.6527437870863121,0.7570037692785261,1.146274944470412,0.87041024191548
6681,0.652286215806784,0.7541393882770471,1.144962495435839,0.860376663425046
6682,0.651058835125919,0.7533806777302771,1.153214286202969,0.867372423680364
6683,0.655773138249481,0.7578252621966861,1.14906182302081,0.872308869724688
6684,0.6502290431788,0.753660318428191,1.151767258518847,0.858313064401348
6685,0.65607744352757,0.7552948601651881,1.158557247424471,0.867350080468948
6686,0.650641161084607,0.7559526422317471,1.149256524292455,0.8650674460374791
6687,0.6502328749638101,0.7565242545544231,1.153043076180029,0.868601904129204
6688,0.6529439248252601,0.7592688025771701,1.14642292757829,0.863696380693843
6689,0.656130392212366,0.7560041543582211,1.149265012879302,0.8660768934566041
6690,0.648120895460032,0.75707658175109,1.140857584990453,0.866861796465472
6691,0.648434878934336,0.746182234930819,1.138653745793778,0.851380469655429
6692,0.6505288452827841,0.7467515561459721,1.13821250869744,0.855760073073316
6693,0.651046125812159,0.7579950327458581,1.146478156248728,0.8556542002420491
6694,0.65033726569643,0.7544824180827621,1.150002019560855,0.8614078481560161
6695,0.655016219702319,0.752382246156533,1.152463942226292,0.861548881626863
6696,0.6551004301594651,0.7619169688095211,1.148909507562284,0.862973330245501
6697,0.648450226806428,0.754403114858744,1.149950407985328,0.868362007041772
6698,0.654036531089872,0.754407161927741,1.14593208613603,0.8620459375552071
6699,0.6514740168130481,0.7573505228628281,1.150906017185121,0.8671456344047751
6700,0.6545404436309701,0.7513363987639331,1.147850234439407,0.8582942936083541
6701,0.6571179447506641,0.768162508157716,1.152359735382639,0.8635958874517161
6702,0.654698879282543,0.754059369257394,1.147171001179494,0.869134192422464
6703,0.6575177313786911,0.7581213797996,1.153238592588383,0.8664228058541591
6704,0.6520693586410381,0.748778847896534,1.143398710351059,0.856695665910408
6705,0.658936701121105,0.757111988745737,1.146655698185381,0.8637159045893641
6706,0.659523073934774,0.7599285333484841,1.147503152921579,0.8637108380325891
6707,0.6487184474919581,0.752079504879488,1.14750646378683,0.861199496853826
6708,0.6556421585543,0.753897876735182,1.145394119771494,0.8634353544347091
6709,0.6497683705950991,0.7576599654512131,1.144864221197971,0.861083745929426
6710,0.6551841869410391,0.755038525639236,1.147775136150311,0.859088809836817
6711,0.6568857682733861,0.754844269674757,1.144990065283533,0.8624159203221401
6712,0.6556695917540271,0.749565997093484,1.142333399882351,0.8638719809714
6713,0.6532110867724901,0.755950817703336,1.146226633178151,0.8615000105422471
6714,0.649055615040487,0.7558978712861081,1.156202468211236,0.862762613275992
6715,0.6521119071251671,0.753496016065279,1.146492227911949,0.866283618291651
6716,0.653232123027893,0.7585058189604591,1.156417317364527,0.867948602615059
6717,0.648505904266367,0.757687358968499,1.149377873734287,0.864150072866375
6718,0.649563460786273,0.7501249805740681,1.143414007688778,0.8519999680743701
6719,0.6541130323556881,0.761063430944214,1.146326149071472,0.8623092734943261
6720,0.6499824615708291,0.754290122052897,1.1476890510623,0.860281826469345
6721,0.6603667035536921,0.7533034032237701,1.146168595746807,0.864499948972809
6722,0.6511358133368731,0.7505974676729971,1.144712144373983,0.85931661001582
6723,0.653175157967253,0.7563594829129131,1.146625263535458,0.866056898014916
6724,0.647914449643829,0.7568133969021881,1.144932887584403,0.864829631792246
6725,0.65697565153781,0.7593679130077361,1.149094263604585,0.8717422966129971
6726,0.6539422963354461,0.753075326698413,1.148614555705284,0.8645448382349981
6727,0.6534953688311831,0.7502005466300501,1.137661898805611,0.8560941730882371
6728,0.653047996748616,0.7508798509404281,1.146809476117293,0.8606252066683071
6729,0.654720532397429,0.751413523610951,1.150535008397655,0.8645544844423081
6730,0.654908665928287,0.754706333944762,1.14739412382461,0.8617704132490831
6731,0.652040432355758,0.750313668579295,1.14442977687155,0.8631012319330721
6732,0.650394215882904,0.749465114720489,1.142287373002888,0.8643461395378991
6733,0.6550319027425581,0.75834273179804,1.151404615761577,0.8653845990319611
6734,0.651830732714438,0.7540398161264431,1.146528905608515,0.859960363556941
6735,0.6549581771149581,0.7608896360017251,1.150189300270184,0.8680238195195571
6736,0.658946082238917,0.7500243280892781,1.1486413690491,0.861954993716832
6737,0.6535457416936971,0.7607601168362991,1.15025250883638,0.866318247213527
6738,0.650743316508073,0.7535029035331541,1.147462588505468,0.8591141398672171
6739,0.6463445180730111,0.7479076066958731,1.138544391894686,0.8609050316601121
6740,0.6551334395518771,0.7534700921480201,1.150226174597291,0.8594372822106741
6741,0.6503415676238741,0.755602319495401,1.152774599367293,0.8647456847239231
6742,0.654805424690678,0.751026349223178,1.145761796205804,0.860522936003795
6743,0.654623363356011,0.7537250066365021,1.144813162153181,0.862815802242013
6744,0.6561238261722561,0.754503790127194,1.144829553862412,0.857061220251995
6745,0.651802220530268,0.750455313402673,1.149396862672723,0.859721399897682
6746,0.656692241628964,0.7556259871824921,1.152543066096478,0.862341289502986
6747,0.6566530253630181,0.755638602095237,1.149200230081012,0.858819998287852
6748,0.6572718407850761,0.7567661111985421,1.151614255231359,0.863620760216229
6749,0.654820148657629,0.752933300275733,1.146046582231487,0.863733607114873
6750,0.651266456217221,0.755558004197867,1.143969019793945,0.853349978914079
6751,0.655010493202269,0.756619081225084,1.147244176354961,0.865551569215629
6752,0.650108832838958,0.7555207652242281,1.15166814463294,0.859413080349348
6753,0.655971211394754,0.758239355640135,1.149048697689305,0.8621433189381721
6754,0.651366931453779,0.763657168417737,1.150911754456119,0.8660986072829231
6755,0.654212608987438,0.7570233448691991,1.150583908177804,0.8647351216902761
6756,0.6513356949486161,0.755557276740454,1.144302851048068,0.865898786814532
6757,0.6486525220283561,0.755104411231434,1.159405695463436,0.8635821832154971
6758,0.650021557898625,0.755662654513034,1.15595968812704,0.861542102165412
6759,0.650940286265551,0.7515440137274021,1.149319611597752,0.858372122508244
6760,0.650741162696394,0.750642818385276,1.151790005465348,0.8582964251492761
6761,0.6571555722612831,0.7635106361214661,1.145034184166486,0.8586878323036691
6762,0.653121773153543,0.7563849250259601,1.149515266651692,0.860910138682178
6763,0.65171227739125,0.760183559379715,1.149334610372349,0.870148105438852
6764,0.657737275693511,0.7619945202832631,1.153630145973917,0.8673316471926541
6765,0.655357748162055,0.752685894244822,1.14542182167803,0.862319006679066
6766,0.6514726087612951,0.752825869274312,1.146214102921278,0.8558737202075081
6767,0.6496134175500571,0.747666013305601,1.14357795069615,0.86389384507809
6768,0.6504405938574801,0.7507586420878121,1.148097388770269,0.86051074747482
6769,0.6544606844098241,0.7576032164304151,1.148325533214686,0.8677115228189071
6770,0.6529088286763941,0.755945276522981,1.150859578688075,0.858955593428749
6771,0.655348831895684,0.7560847143548121,1.145717547531577,0.856464560211136
6772,0.64961918419146,0.756161949880745,1.150425675230613,0.8612878824165761
6773,0.657145516002091,0.7539020653652101,1.1530035469627031,0.8623119545155671
6774,0.6545346473492141,0.7596733222405111,1.149595119922921,0.8659444393833041
6775,0.6495881950401741,0.7528305513703301,1.147556706939054,0.861886671406851
6776,0.6544906429514501,0.7543194986123971,1.14645626914242,0.8673343196295311
6777,0.6516894598262031,0.7559724704942841,1.145942636914011,0.865438141819575
6778,0.645793409046271,0.752645266984683,1.150362351234408,0.860322465121314
6779,0.653295563155974,0.7487559006481931,1.140480880072151,0.8604637090440671
6780,0.653943831344013,0.7606950905443961,1.149794988982055,0.85948082394358
6781,0.6505782618254851,0.757723261048828,1.14606742074956,0.863230758009181
6782,0.652782926686864,0.7484138322913121,1.146543272595474,0.8608485686498271
6783,0.6473829950327451,0.7535170216275291,1.142110914207887,0.8581032201485791
6784,0.653108766167492,0.7491084216297531,1.14972564632046,0.8607878784068681
6785,0.6613875815131951,0.7592386908937191,1.147736346916012,0.866204409171705
6786,0.653043827851829,0.7507392836437711,1.14798388759727,0.861767245672535
6787,0.6539202606494441,0.755234127027401,1.150169377957565,0.8567353370396981
6788,0.652126474872879,0.753429549651733,1.1471605019077011,0.8580760872666381
6789,0.6516207636104541,0.754792286757973,1.142538178982078,0.858895642008038
6790,0.6513064500700301,0.7558897678618841,1.142230893174807,0.8563577400493451
6791,0.6497843976308031,0.754159388766772,1.146190682723038,0.865274732716489
6792,0.65671009791718,0.755952086245668,1.149221236939015,0.86008954561059
6793,0.659654891037422,0.7569501728251361,1.147093988955021,0.8656984250452641
6794,0.647968993049816,0.753463941963686,1.152027948395065,0.8586974044100961
6795,0.6557889324275481,0.754866280417511,1.149051201732262,0.860058045419661
6796,0.650524155196288,0.755949450791745,1.137947134889554,0.858708182619749
6797,0.650431167280328,0.753280302752619,1.15075480883968,0.8653365724274641
6798,0.655533702963072,0.7556157995393311,1.157148803597775,0.8628243673052901
6799,0.6525784741709191,0.757761669439682,1.149327008836511,0.866608635778876
6800,0.657222474047887,0.7567512287177901,1.155282834193844,0.8678723302116421
6801,0.6512224333819701,0.7512290403246881,1.145282743741636,0.8510977689554721
6802,0.650643983261956,0.7538988813757891,1.154068200916483,0.859758478062956
6803,0.6515454809734781,0.759416990306066,1.149748407196307,0.859577074997882
6804,0.656309799790598,0.7586645478571671,1.155534020368603,0.8639891937483041
6805,0.649139379326632,0.7536145030804301,1.149540564180284,0.8642452546543831
6806,0.652752862514361,0.753629770939764,1.151174523908159,0.862711965389873
6807,0.648389196536247,0.7516734333357951,1.15840806790452,0.8615163353852171
6808,0.6499192778668971,0.7522128563428271,1.143718295339225,0.8662305936433261
6809,0.6521613011271621,0.7579812961428061,1.156994938310505,0.8609662135874011
6810,0.6546948730837601,0.7551046657389481,1.152621677496295,0.8631636849402081
6811,0.648162149594745,0.7557324456131971,1.143633554271166,0.855611079304978
6812,0.652076411938321,0.754854527936465,1.148439958583617,0.8602087699902661
6813,0.6522883815501911,0.754789180081823,1.145593021011007,0.8572136112691261
6814,0.6486416161330281,0.75482213281203,1.145460299391677,0.8567538163962141
6815,0.6504679391889461,0.7478566872684851,1.153378118963345,0.8495164064663471
6816,0.6576447077095501,0.757554514792518,1.153371023635069,0.8640175846715761
6817,0.647820330238428,0.7553805569591721,1.148902825147345,0.8579094207751141
6818,0.65015649261034,0.7568510351837541,1.149993650615215,0.864030330995286
6819,0.6481666768752571,0.753052865141543,1.144123653246872,0.8603452707546341
6820,0.6527238284386151,0.758954610513604,1.146756146481071,0.8590961047380731
6821,0.648746405336735,0.7505528021981751,1.145236920835315,0.8602495585446771
6822,0.648549217649776,0.75287166065064,1.146616593975087,0.8559876067050981
6823,0.6458799295883241,0.745044909633588,1.13999623697305,0.8567187298575171
6824,0.6496599765791401,0.7570910844681921,1.148601993486501,0.861806079718297
6825,0.651804520816042,0.7532915943774621,1.140311840435732,0.8558456152407581
6826,0.653213419964995,0.758174839874972,1.152625586567581,0.862054761337197
6827,0.6568396921283091,0.7515604379384411,1.143667292551718,0.849191087824494
6828,0.649721316669298,0.7524974805073461,1.143504426207231,0.8592967930641291
6829,0.6526934409487071,0.7537273342410721,1.149567378063996,0.857877168237515
6830,0.649642193446988,0.7471373950441671,1.144157671950001,0.8546396962272511
6831,0.652845827079769,0.7533190883156181,1.147815877652686,0.8636302561701641
6832,0.6542155347980451,0.759546100445415,1.153854391929032,0.864388937238549
6833,0.6559778805822131,0.7526488159445741,1.150472165665764,0.864112110484553
6834,0.6488587995316241,0.7579615201423131,1.144051914737708,0.856746794520944
6835,0.6538802899042331,0.7542267208514001,1.144605092164398,0.8584813085533131
6836,0.6498567475194941,0.7536280913197471,1.146101918233477,0.8565450637884761
6837,0.6563651499378941,0.7549154417238371,1.149669364310693,0.864366302293711
6838,0.6488023394637781,0.75419474835845,1.150814625879992,0.864190350057206
6839,0.6533374822820011,0.7595258110027381,1.145577237981817,0.8629765630416241
6840,0.6507216754868841,0.756294977837714,1.147008633376031,0.8566401892112211
6841,0.650577457108791,0.7571588027952371,1.150569207318451,0.868068567058746
6842,0.6528537134383461,0.75661617009968,1.154915186374083,0.8573284811083821
6843,0.6461126206955611,0.7496091342274691,1.146392716769723,0.8507869112696761
6844,0.654871315978791,0.7549367566471511,1.1454043877513511,0.8631885038769761
6845,0.650852449049336,0.7575800793542371,1.147896421884281,0.857996822321328
6846,0.6474256424260311,0.7554172564675841,1.148945796640886,0.8555837662323661
6847,0.6554025705039931,0.7516401255692261,1.146957487515781,0.85545290739316
6848,0.652516185346504,0.7535508078509481,1.142711573644824,0.865895089706864
6849,0.6497923459965681,0.7563162840146951,1.144646650747112,0.8598255747794241
6850,0.650446649019916,0.755619109648725,1.149744100112846,0.854646205767125
6851,0.650181528315811,0.7527544071924851,1.147176599696926,0.858661519012589
6852,0.6513326949831361,0.753119856551073,1.151581704076649,0.8638174369445311
6853,0.6567890587384281,0.757189619260421,1.14666503354691,0.8684560373911391
6854,0.6559862311983451,0.7576490856599111,1.151967264171959,0.8622198040340691
6855,0.6500150515441441,0.758088033484376,1.137855277977128,0.861567932626475
6856,0.6533579001662091,0.7556072613899251,1.155217916421268,0.8531436803818181
6857,0.652216008958825,0.7535604243909101,1.155923678283242,0.8619992771604351
6858,0.650614719945883,0.7537744192109591,1.149045142682566,0.859025246234259
6859,0.655630657503354,0.7515405596814291,1.155143140666726,0.859773885620676
6860,0.6471032396336821,0.749696959511957,1.139934703059818,0.858182159130987
6861,0.6544906874659701,0.7526601568080371,1.147051450998886,0.8616179255363731
6862,0.652746678154537,0.75219866482244,1.147921211369659,0.859896860449858
6863,0.65121919815631,0.7493264553123621,1.14516782404288,0.861529451781424
6864,0.6499376610947261,0.7596925592076951,1.1496951537935631,0.857439784684043
6865,0.654609154396946,0.7515177948103431,1.150449024702327,0.860217928805429
6866,0.6563386942489421,0.7545357565732971,1.141645140082076,0.8584986169539061
6867,0.6483457462889121,0.75188143097836,1.138939705123935,0.853414727401906
6868,0.6574443903738171,0.757099659438582,1.150629098108713,0.857635936200402
6869,0.654017685683093,0.754260585899802,1.14534409214621,0.851727363316045
6870,0.653149528914819,0.752812060217062,1.143511859079202,0.8579033662605541
6871,0.659315324212977,0.75528285458036,1.148521561229574,0.8570882646717881
6872,0.6577950487912131,0.7555228598091911,1.140484737205332,0.8593755173024491
6873,0.650495358405337,0.7539411797255711,1.144327314867489,0.8553323939010711
6874,0.653178959329059,0.755104054467401,1.143427366471808,0.8591849859533961
6875,0.6521661613352481,0.754526680254417,1.147032318015893,0.8601051383800261
6876,0.65004469068262,0.753047584731509,1.144353867333004,0.861138017389221
6877,0.65060049265731,0.7517083154424371,1.149125071971312,0.8592759453408091
6878,0.644763498661526,0.7572677050163781,1.142784953333329,0.8635028530236171
6879,0.6540677169526831,0.759908191859722,1.151640386685081,0.8613025623009251
6880,0.6514386716906141,0.747087678291659,1.146707604220812,0.8548658059073091
6881,0.649477915730381,0.757028519351413,1.149682939808437,0.8550403216124871
6882,0.653640106671314,0.753299716698086,1.151773859733256,0.858132235327924
6883,0.6546257089121611,0.7579624016863711,1.15012322474217,0.8629064978896701
6884,0.665627451019658,0.7613287997850471,1.143103919923305,0.8604031514268421
6885,0.649463765269172,0.755465096969535,1.146673770270486,0.85531423896875
6886,0.6504135433368491,0.7533202550333471,1.144329543670882,0.850684928694281
6887,0.645779724678267,0.755399835174498,1.14613993919414,0.8535555079579351
6888,0.648200990011294,0.752877467352411,1.144637313225995,0.8538007763200911
6889,0.652313009444354,0.750079190169555,1.149674822238908,0.8601094408203721
6890,0.652657565431318,0.752141509043133,1.145996355492135,0.858439837271968
6891,0.6478834491547031,0.752424834862999,1.142546750929044,0.8518940476241751
6892,0.6556858455465321,0.7525288560900131,1.145749257850474,0.8545094758974031
6893,0.65495612040378,0.7529170450525,1.152640770310941,0.854399378289995
6894,0.6557376393373461,0.7562290328568301,1.151509182068748,0.8629093411230091
6895,0.6536174335557481,0.7545290038637491,1.148403302266977,0.855871396193253
6896,0.6499466080542491,0.75548872232869,1.149687897791897,0.859570162397795
6897,0.652571993947461,0.7508014877853181,1.147031949482102,0.859317992476449
6898,0.6470975784611871,0.7587756276994511,1.14924240231082,0.8631329368260021
6899,0.6533776581341371,0.754198793483817,1.144214770392231,0.8628326281365271
6900,0.650033026474757,0.7545275522962861,1.146774751228698,0.8613314088433981
6901,0.6535131420832181,0.762114395481952,1.143605614593927,0.8660015574507951
6902,0.6468718690878671,0.7516926309984661,1.143841327640457,0.8567827783956901
6903,0.653399679620844,0.753388855876266,1.14575712080451,0.859982381480327
6904,0.651721672006491,0.7528461600127421,1.148324518747951,0.857249966512123
6905,0.6541160985395521,0.753355939859065,1.14268666602995,0.8528774316436131
6906,0.6503432793947661,0.7585392908557601,1.158584184944629,0.8613017473801751
6907,0.645939218717208,0.7482996013933331,1.145595135788122,0.8554656818185161
6908,0.653579968608159,0.754789545268252,1.147241996790188,0.858104564060551
6909,0.651930380423647,0.7550693535502401,1.144781789485959,0.860655819727242
6910,0.649615129131985,0.751860710157864,1.141281446576982,0.8593132522065131
6911,0.651991998155911,0.758006226109421,1.146524882618931,0.8612469668783571
6912,0.647269551628741,0.752980155897313,1.145269118249416,0.857075252718683
6913,0.655763051432112,0.757914240809454,1.142412443847759,0.8619029527611051
6914,0.6462238242282811,0.7471142775122671,1.143645679929118,0.85443284181689
6915,0.652713950912373,0.7578286206808641,1.146626459083695,0.855453064962141
6916,0.6576408903667891,0.7569875561672701,1.153258954269298,0.8512178836795291
6917,0.6468812228058991,0.757672476271788,1.144467888534932,0.8565226704746051
6918,0.6538610990982551,0.7605272265880001,1.149176456358121,0.8556508373577091
6919,0.6410231417773851,0.751703477100185,1.143327225269614,0.858693690349658
6920,0.646453727171688,0.752497566135033,1.152251351246799,0.8579739515224221
6921,0.648462677860389,0.752268485940884,1.145973459857961,0.862468770475707
6922,0.65093654440041,0.7553473132244051,1.146122550942759,0.859923336978839
6923,0.6538828097661761,0.7555472375690071,1.1504193589739171,0.8598380814967811
6924,0.655549677466784,0.758176392943098,1.14543733994166,0.8596284518531261
6925,0.6515891901014941,0.754734511608662,1.148478254135968,0.8619631059143851
6926,0.6546124692844301,0.748778209198212,1.144808822351953,0.8592548766915781
6927,0.6461565133616111,0.754004707370979,1.141554392010405,0.8547561590060371
6928,0.657161094599228,0.7638780287858361,1.153838374908419,0.866894001951036
6929,0.653718557073802,0.762154976526896,1.142708140870799,0.856981822923905
6930,0.64842469409864,0.7541167141086811,1.151578453247961,0.8609230760214981
6931,0.652094790118112,0.7544572034823721,1.147203115989332,0.8627494420532291
6932,0.661126360162228,0.75324118061774,1.150208962892276,0.8610216705533471
6933,0.6513652284832101,0.7534701066172641,1.140947982668876,0.854497867379931
6934,0.6527576409550241,0.752272385402002,1.145904341577619,0.8513997303510921
6935,0.649370873400914,0.7559074704413821,1.145804336213547,0.8607255437991751
6936,0.65144812191526,0.757038541138172,1.144074476823426,0.8561332189356501
6937,0.651906481849542,0.755120190805283,1.145772105325823,0.8573265005227011
6938,0.65079197851752,0.752709397803182,1.155398606282213,0.8579282601890351
6939,0.650457149344509,0.7574699442239771,1.147150965164537,0.860531374029275
6940,0.651313408237436,0.751337496374828,1.139103455711966,0.8562044780161501
6941,0.6494543278130931,0.7582771544871121,1.148468021249425,0.8544017470077321
6942,0.65694218992755,0.755329629433327,1.144241810600826,0.858415934594645
6943,0.653401074148174,0.757972953004249,1.141939893148947,0.8566605463570011
6944,0.64749983633342,0.7527932304403051,1.137360001819721,0.8551887093732751
6945,0.6538600940257311,0.753309334425822,1.155105110095895,0.8553556681921081
6946,0.646949517122213,0.7551813562927031,1.14830633080092,0.8531913771361541
6947,0.65147071491009,0.7552794509607811,1.146240608415742,0.8641435074201521
6948,0.654719103343676,0.7492021623512971,1.141288934518461,0.8582574590446721
6949,0.6499098373603991,0.749425761725591,1.143289965887864,0.8508474679420821
6950,0.6525049728435881,0.754837380479211,1.142228575828282,0.8590500806930701
6951,0.65054927771722,0.7510627590227811,1.149869684075963,0.857518003524645
6952,0.653426884363094,0.752099737848924,1.152998990662719,0.8625431157702551
6953,0.6527725118549831,0.759127440335957,1.144539691507816,0.8593032130080721
6954,0.6460061217185811,0.7544301943718521,1.147600238413914,0.8647591298904971
6955,0.650322978317305,0.7591707292890201,1.150259016324644,0.8585007871244691
6956,0.653577769931027,0.751116550595,1.141200016266194,0.85338542866858
6957,0.6550302782460391,0.7584955930925791,1.152450634085613,0.867389778539106
6958,0.653804266879308,0.754709709273732,1.141048312187194,0.857443467943348
6959,0.6466876421987571,0.7529959946438881,1.14135284786639,0.8577609716280211
6960,0.6571615428758271,0.7498712861451551,1.143969517039216,0.860133973044761
6961,0.6541998848804961,0.7545464348749831,1.147486248094102,0.848218061893746
6962,0.6550017789924051,0.751290838139644,1.147732514942037,0.850337656295817
6963,0.6527009355579161,0.7556590427091151,1.140326066185598,0.8546888027070221
6964,0.645788737802185,0.7521238595895141,1.151771004973114,0.8532543469058431
6965,0.654930320122967,0.7594479460647141,1.157121476811775,0.865600988403826
6966,0.658475468340127,0.756693767572658,1.147924042266348,0.863919048016701
6967,0.6543324037414531,0.7542525144374881,1.142520706506742,0.8594183116017471
6968,0.653949184343218,0.755863918018513,1.142537389652452,0.8518808416050411
6969,0.647770429380993,0.7515737769612361,1.144124666093916,0.855225257116599
6970,0.6556990223842251,0.753627556713594,1.153215026078017,0.8602395815693811
6971,0.652424073332677,0.7545097884924511,1.136334063998167,0.858195715867306
6972,0.649923467036822,0.7479615261157351,1.14284284564032,0.85742161018045
6973,0.649799376915114,0.7515105261750841,1.142021428739679,0.863011883193815
6974,0.65197485871613,0.7506969820546061,1.146124349556107,0.857626833318584
6975,0.652388304390985,0.7524854430685871,1.143358985690967,0.8521938547222071
6976,0.6495547930345581,0.751267166241355,1.140863833004149,0.8491211517349531
6977,0.649318359333319,0.7514572174868721,1.14183874277101,0.854972911917645
6978,0.648475273471811,0.7516536997712171,1.140958659998748,0.8531435502126161
6979,0.645269297765217,0.7493276737522381,1.148611617369064,0.8515077882270881
6980,0.6467816972214241,0.746901850121608,1.144012286719204,0.8525570122174161
6981,0.6485535471929581,0.7498772651820941,1.146683642289776,0.8502739032163561
6982,0.650811143030507,0.7516032356930811,1.139223157387712,0.853316518680556
6983,0.6484310030667241,0.7582663317089491,1.149137153897596,0.8587731057103131
6984,0.6472496189770921,0.7524904424081671,1.143703299911989,0.858743979663088
6985,0.6528815975601691,0.7568700851305671,1.147673396960548,0.8514580518493181
6986,0.6484324117933491,0.75044264709172,1.145937105559784,0.859269641636722
6987,0.6561270193669241,0.754052048252112,1.151662029110003,0.859460971304687
6988,0.6518606720897161,0.7521178959936331,1.153179768850837,0.8529260559952341
6989,0.6495511505644821,0.7525006371779711,1.148663678570933,0.8538115263741081
6990,0.6478222690630651,0.7563999517672301,1.152634429218976,0.856628081261895
6991,0.6563773105271911,0.750746295180009,1.15282597857109,0.8548975346097041
6992,0.6522051080305501,0.757630357599776,1.153988490825977,0.857305314823769
6993,0.657968429200675,0.7588672131515931,1.144799058851988,0.862272122685892
6994,0.656273065215867,0.7515444085001941,1.142666730975759,0.856153294471079
6995,0.6521311581026811,0.7596944363220871,1.142061303167239,0.859463494783942
6996,0.650679666926895,0.756363567234813,1.146013993499935,0.858204428052556
6997,0.654610136199904,0.756851857231147,1.14985308288664,0.8539141812024341
6998,0.644004147040887,0.7487900144811991,1.137928929989752,0.8541007350752311
6999,0.644580136039766,0.753297945403534,1.1431767809866131,0.853189985848207
7000,0.654921139226011,0.7548778498734251,1.13963050071312,0.8555046530251481
7001,0.650266283124253,0.7525873026554131,1.14899213342131,0.849559380308441
7002,0.6494000859126661,0.752701234018457,1.151747648482737,0.8487919037486761
7003,0.652578591598548,0.754170731357906,1.147871675914612,0.85856707399522
7004,0.6446209194921491,0.758835922440756,1.144552365485309,0.854535928185003
7005,0.6494911491492951,0.7592919204330091,1.149214979747067,0.850432241065562
7006,0.649870016193692,0.755960364596567,1.149972096841404,0.859539031010607
7007,0.654668883407029,0.754571907870147,1.145792131514652,0.8506688565771641
7008,0.6508307301749781,0.753161719959715,1.14892051509325,0.8551665016490481
7009,0.650448612517852,0.7563878995352891,1.146525576602721,0.856938682739501
7010,0.6523635586642701,0.7500384820328241,1.14313188108845,0.8499006897858951
7011,0.655514720719361,0.7494632260522981,1.145440335398998,0.8476929311249131
7012,0.648551831750766,0.7588692659485161,1.15384862885095,0.8567747473986681
7013,0.6480987006933361,0.7514973235303071,1.14372769570437,0.8558676704440421
7014,0.645197119293869,0.7539602025695461,1.154828120184981,0.848849826127938
7015,0.6446229907805501,0.7554010921630301,1.14625706858393,0.8527134535159321
7016,0.6539837137080621,0.749483749594377,1.142486526050429,0.8465191961900481
7017,0.652231032919624,0.7509478730136071,1.144990804834642,0.848801476314016
7018,0.646293831260307,0.7570356655380001,1.141116094114123,0.8535807054435861
7019,0.6487160669774681,0.752453159594881,1.145962405571903,0.8563767024518351
7020,0.6483113326240271,0.749496043160341,1.141467709796152,0.850072215135762
7021,0.65280596855218,0.7558377635651741,1.151376399980939,0.8550026631927571
7022,0.6475718320765781,0.7499628254900801,1.142872914347959,0.8482769005054581
7023,0.654188660202898,0.7540780908387641,1.1469087440898451,0.8519207925090321
7024,0.647027269788626,0.755836832782496,1.147899460425411,0.8583642067522671
7025,0.6511460329149511,0.7510165928498551,1.146434143833492,0.8528735905993671
7026,0.650811922372035,0.757753410309121,1.146764028979384,0.853165825936889
7027,0.6498194440011521,0.7524434815066441,1.14480337338603,0.856455944964419
7028,0.65087383305249,0.750262962951176,1.147014762504377,0.8540893840886971
7029,0.654158002602449,0.7626613882788711,1.144502365610737,0.856893008601838
7030,0.6511731875547461,0.750936603524546,1.148623277095781,0.8539758716858381
7031,0.653632196476278,0.750202221067055,1.148805334192255,0.853611806893478
7032,0.6545510454832211,0.757148111751977,1.1557931558809411,0.8633420711680161
7033,0.6515525368622681,0.753954241133254,1.143983398118744,0.8533740139741821
7034,0.648995439940388,0.755037640963775,1.152872839591641,0.8521185261939741
7035,0.6490181964160741,0.750457990104737,1.146186205895914,0.8491834396415431
7036,0.652503579099109,0.749454263435757,1.14257127996804,0.8497011722807861
7037,0.651857727193746,0.7615603412622991,1.149715217451254,0.8595148319297511
7038,0.649895367037127,0.755238930060379,1.152819152867448,0.8512094628227791
7039,0.654462301995659,0.7550363295536111,1.151668650084647,0.8569639205554681
7040,0.65119878521216,0.756531489284142,1.145847763380278,0.8566597975466561
7041,0.6500260817777851,0.754176588594049,1.145045556343983,0.8529287257596201
7042,0.6484150344208961,0.7524600251429321,1.153544839309609,0.8584061544118581
7043,0.650396116725776,0.7513462478915851,1.148637021041434,0.850505134441714
7044,0.649746149211474,0.7551790021251941,1.14664355341507,0.8509775951126771
7045,0.6488654561394791,0.751473356632218,1.145678698152735,0.8516119252890341
7046,0.6479345610014331,0.757433335850204,1.152995028681513,0.8626586360505951
7047,0.6459124764238571,0.750872570427431,1.146313678743182,0.858385820535645
7048,0.647751718786531,0.7534275432859641,1.146069592755773,0.854316970225477
7049,0.651700277583322,0.759025471797887,1.15069713951021,0.8529491280947901
7050,0.6502728703553261,0.757058640645034,1.150851651378299,0.866489062652639
7051,0.6500579177037531,0.7568490509537681,1.140600182871887,0.8512491075510991
7052,0.650226877867311,0.7566088812722671,1.143974065456701,0.8520864602988181
7053,0.650411023069983,0.7528966337010481,1.146536880105302,0.853334680253612
7054,0.655957462374066,0.7489576188550481,1.151124755325524,0.846651883040001
7055,0.654976042662409,0.757673632407533,1.150998377929563,0.856383481778312
7056,0.649265015902726,0.757627934109473,1.14427075707826,0.8592225430614271
7057,0.646707882348825,0.754142904951088,1.142941351710022,0.8542276999332761
7058,0.649247013437359,0.7564782640640281,1.140564575683379,0.8555615287868
7059,0.651452962741039,0.7521051256984901,1.140090889472892,0.8474376199200101
7060,0.648593475232305,0.7519080940148101,1.143673504716244,0.8547559560856951
7061,0.652431247917854,0.7518797664754631,1.147651808957259,0.851150340360143
7062,0.645462801167066,0.746602658884248,1.139328126350174,0.847174539703173
7063,0.653818030747166,0.746987032177655,1.150006110793438,0.8556722091321921
7064,0.647354425754452,0.7575805913926891,1.15265065777129,0.8555765560679671
7065,0.649318488179773,0.758617614382419,1.144717999882456,0.85522478422069
7066,0.651182077069213,0.7535384686096851,1.153576502549475,0.8542766165312211
7067,0.6505214513104031,0.7541977902469421,1.144878542293673,0.85259303709735
7068,0.639746055141955,0.749028037531652,1.148883124300535,0.8526460255725661
7069,0.6519749478261541,0.7577009004527241,1.146631413071915,0.8545534936036321
7070,0.6567352682729991,0.7552379989537641,1.150670742319114,0.8586370842666291
7071,0.649610838839325,0.7500061230814971,1.143083708225817,0.8481695758367791
7072,0.653932248363676,0.7582889418455131,1.144560090441634,0.854945148192886
7073,0.641303558037548,0.756650546322698,1.15688014494768,0.8598346467521311
7074,0.650419614453246,0.7518678597997921,1.143346121237761,0.845907641601735
7075,0.645179850278773,0.754333164057006,1.148642268193804,0.857449066190831
7076,0.6442609984103751,0.747971333455348,1.143039711359618,0.855800525595744
7077,0.6462777118212071,0.7479052680774011,1.151467104968817,0.848948915448525
7078,0.6524435604072131,0.7548703106417171,1.146578679050224,0.8487733467549511
7079,0.648606716398743,0.7514596038322511,1.145783798310204,0.8548350090673861
7080,0.6483143536185001,0.754609855296819,1.142521434827991,0.857783131220418
7081,0.6457004654018771,0.7471913821671321,1.13770164484563,0.8500390328412901
7082,0.653530755552692,0.7497307453034581,1.147898849693761,0.8493219136759851
7083,0.657285019971322,0.7522033590121541,1.146661681649477,0.8508458803205381
7084,0.657970199712376,0.758326081694036,1.15000755123902,0.851975484440724
7085,0.6503668671500851,0.751733597529971,1.1427991530601531,0.8595764027989421
7086,0.6591554488986731,0.7598699487853741,1.155648785116879,0.8574622828459391
7087,0.6499644658001861,0.750746163445106,1.1432928899708,0.847702538405639
7088,0.650431445273368,0.7547242374739781,1.140104944939198,0.8555770373862721
7089,0.6515363106315111,0.7576378095841061,1.144669814386229,0.854245944758472
7090,0.654811167846555,0.7544877165253611,1.142890021204948,0.852405057626142
7091,0.6552093912833841,0.7558062697450321,1.153021611705206,0.8537062057496411
7092,0.645898728887888,0.7534535337185511,1.144454382036043,0.848872686965741
7093,0.651503087034907,0.7504808222470071,1.148553094138269,0.8509810785830451
7094,0.647288757929767,0.756908954485603,1.142431886083837,0.8559679710508681
7095,0.6500160440100701,0.757393954888634,1.143786723307077,0.852888736225988
7096,0.6479713369862751,0.7502272490789921,1.149854822975138,0.852607596827589
7097,0.650557013660453,0.75153531803601,1.147257183017074,0.8498864247315171
7098,0.650291148060257,0.76138598828212,1.148576751999233,0.8619825926109931
7099,0.648580480123991,0.7539363702138261,1.1428257339242571,0.851210115585422
7100,0.650911993684544,0.749431513141894,1.153286238079485,0.8512972859206831
7101,0.643024711721185,0.748918266076108,1.143801486146622,0.845558961745405
7102,0.6485444808621771,0.7576377677960671,1.141465782039407,0.853579176913784
7103,0.64916059040073,0.7556432335489031,1.144908064733381,0.850767285549554
7104,0.6483573882260181,0.7500175019537191,1.14405042807693,0.8492087745310171
7105,0.6554275870701111,0.75756342223157,1.150674336738344,0.84851745178626
7106,0.6474814294311011,0.7535683615268141,1.134711446645467,0.8525401620815191
7107,0.644654905477511,0.7532100146231441,1.145318916202455,0.8458945774945661
7108,0.6491938456623011,0.7587900486761241,1.14130587119987,0.851060560108094
7109,0.656395927368514,0.752437863660895,1.140388514360655,0.8524567972112821
7110,0.6521170356621341,0.7528045457126431,1.146027354334575,0.8484178178714231
7111,0.6477106639818431,0.7567606880397031,1.142579069496065,0.850568781053458
7112,0.6510187165298751,0.753791063915992,1.14778082223906,0.8505762816015361
7113,0.64555948216846,0.7505875257910161,1.144322017828623,0.849626247028725
7114,0.6530631312803511,0.75791552727637,1.146319768351057,0.853875398878818
7115,0.65184238285798,0.757048078097295,1.144968615061994,0.8533592504057761
7116,0.647814866587303,0.755210704777551,1.148672858226126,0.848480608179301
7117,0.6470332986310771,0.750073074862576,1.146450381564057,0.849365814305517
7118,0.650320505669367,0.7538841041749801,1.143860015424265,0.8461806538744241
7119,0.650098847441267,0.7568133969021881,1.146744924610939,0.8586429330803771
7120,0.648966699001797,0.749266920962195,1.141831079686897,0.8495409935172911
7121,0.644695495241794,0.752690814435482,1.138431993515595,0.851575060221164
7122,0.64881586159269,0.755151840223782,1.144437765297682,0.8506487975355941
7123,0.655352234300495,0.760999274318632,1.146667054273943,0.853247090067336
7124,0.653122598845241,0.7558819187292151,1.143964749855407,0.8545087971927031
7125,0.651991392985202,0.7523670761265611,1.147259854104207,0.857649247715438
7126,0.650489707517883,0.7539292606322661,1.144247901828392,0.8510487676746601
7127,0.648020623683713,0.753637035255846,1.146164234349693,0.85720480757131
7128,0.6563500789520531,0.756138669947783,1.1529760092928791,0.8553206685498571
7129,0.654431548779425,0.755336895801018,1.146764368682667,0.8522474149484991
7130,0.6510403949929321,0.75583463291759,1.145655272123606,0.8585631327460641
7131,0.6473805660624861,0.748296562528264,1.142481724313204,0.8522584289582311
7132,0.652538877061527,0.749531086156333,1.1388420205617291,0.853384374168472
7133,0.642309430311771,0.7451867354304891,1.139999646747457,0.8464074650698381
7134,0.647723307104214,0.7594157600964321,1.150874800980091,0.8553227956096331
7135,0.652591551343599,0.7575833924870561,1.146161488216856,0.854762239732604
7136,0.650097113102674,0.7529312624879501,1.144440321926621,0.8509419157939111
7137,0.6415860931510511,0.752411618612814,1.148685372718002,0.8476975950263981
7138,0.6505551601125711,0.750414627725663,1.149063854977704,0.8479483856725081
7139,0.6537405097236231,0.7532757966630701,1.148927447480568,0.8530982369422041
7140,0.6531683765621721,0.7486280321642971,1.145379601181417,0.847134336127319
7141,0.649031586783087,0.7482771115458531,1.140718231490556,0.848399937827733
7142,0.6465126749236081,0.75318099828302,1.146175977220569,0.8494947512998521
7143,0.6493118877212201,0.751100659370422,1.156671916661055,0.8583284431555561
7144,0.6539193802391701,0.751363326134025,1.146027082010455,0.8525786548582971
7145,0.648606900800613,0.7572565022586041,1.144662234878194,0.8519407634933791
7146,0.6550314490669881,0.753762788422729,1.145101891587609,0.852116797983214
7147,0.655009530106748,0.7572244264293401,1.150557623609252,0.854705223327745
7148,0.648950454576507,0.7541227661397141,1.145909837190655,0.8524140275852831
7149,0.6442035946293151,0.7590167723272151,1.145623031409754,0.852162478734617
7150,0.6571867329378921,0.756518236104992,1.148638557912646,0.8520344602942891
7151,0.6512414904824201,0.749564532676468,1.144998050038365,0.8473584918656211
7152,0.643491964247347,0.7481652564112691,1.136752267246661,0.853671997839557
7153,0.6466099670345801,0.7583107955861781,1.149101388411245,0.848554876457521
7154,0.6454941886544661,0.753555200562097,1.145580310104549,0.8500547651201481
7155,0.645068131414228,0.7480541784046351,1.139321096133494,0.84319825567629
7156,0.6517433660185851,0.7574535729228581,1.149849147792311,0.8464833755262081
7157,0.652565034403317,0.754428540666898,1.148420484709567,0.8539294055460581
7158,0.652032312329696,0.7534390724655511,1.147294679953568,0.856950086500981
7159,0.654489277578566,0.7575924185955001,1.150331611758557,0.8548581121570391
7160,0.649009088432227,0.7494638148641241,1.145647751896277,0.8547247058671451
7161,0.6555584517672011,0.7561827743614931,1.1504804863446,0.852221880297082
7162,0.650438666154725,0.757056300838788,1.148501999892186,0.8466066927851541
7163,0.6521506979521631,0.752732477542282,1.147927285104558,0.8489788843561771
7164,0.648160630972057,0.747808476936989,1.142163939126159,0.847284903425885
7165,0.6547616046138001,0.7568903407756831,1.141837282349234,0.852441410331622
7166,0.649544529427868,0.7559950547157851,1.149549839289292,0.8568613558629711
7167,0.655915972196321,0.756545998480009,1.153415800436683,0.858598490097168
7168,0.653983679424593,0.754311320466407,1.144475288905095,0.853802479911541
7169,0.6523914979095901,0.7542142321666081,1.148398352597934,0.8542544247339601
7170,0.646453794253909,0.755345720419849,1.143747573637444,0.8546677626993341
7171,0.6522235649543391,0.7572577148675911,1.146219171799611,0.855604176935942
7172,0.6523589093400081,0.7528991708936891,1.142836792097575,0.8450362027717241
7173,0.6525446822785811,0.756336617944897,1.145108265397341,0.8538992494830611
7174,0.652014735762191,0.7554447345327641,1.150848722868207,0.855999517106059
7175,0.6546790288572291,0.7547091509121051,1.151427499625993,0.8529368122310741
7176,0.649851121413319,0.7565928194401921,1.144229198063629,0.8568263116792061
7177,0.651846591761146,0.75452051171358,1.148561166680377,0.8529258560983161
7178,0.65820092683577,0.7528493506968881,1.143419409899608,0.8516946124263861
7179,0.6504409918696551,0.7516771647809201,1.145399104533852,0.847267354636088
7180,0.650834928226211,0.7490617003345831,1.147160598765249,0.848894578553196
7181,0.651487678127444,0.75329828845418,1.145284817918487,0.84802870725052
7182,0.6559369915259481,0.7590045323190481,1.144667861794216,0.8491053842548011
7183,0.6512455619007781,0.7524512276269381,1.145549660467583,0.8488433745730181
7184,0.6469903079441921,0.7553667105410411,1.148948624298192,0.847096254320248
7185,0.650742634995908,0.7529146835423891,1.151755741324977,0.8521931643017391
7186,0.6405703204859421,0.7527271632267081,1.151933218042055,0.839190257767188
7187,0.6484975442830201,0.7522426938665081,1.146864183786986,0.8481446274056811
7188,0.6550800756051921,0.7496858667852221,1.148403884923976,0.8474067051935451
7189,0.648787487325245,0.7535620051017701,1.149585257729758,0.8520731285106441
7190,0.6513552184392141,0.7528522526440411,1.144627655329911,0.8502998331804631
7191,0.6523443898321061,0.7629427973558931,1.142582833874916,0.8498023889041031
7192,0.6473102297741861,0.7553693273145221,1.141707345195438,0.8492991899180671
7193,0.6559280445394301,0.7600420997410581,1.148643539543601,0.85167897430559
7194,0.646666836965343,0.755091835083305,1.148167128364245,0.847088121957537
7195,0.651857082826503,0.7576255160181411,1.148673924954905,0.852613563878812
7196,0.65211371232526,0.7518431930870251,1.146015952354756,0.8495131715106361
7197,0.643053401126593,0.7466153750816981,1.137573743320029,0.847573652647543
7198,0.6487781648402621,0.757724286097547,1.148862838421179,0.8486086647363671
7199,0.64860739118919,0.7514806361734001,1.144001455410667,0.8498987850827581
7200,0.644699800354631,0.748278371449829,1.141489855405213,0.8416526409109001
7201,0.649756922130135,0.7514078112832011,1.144850310532079,0.845453494727827
7202,0.649092126286764,0.7547049932721731,1.149495387746804,0.8471409632028011
7203,0.6505025311008741,0.7481970642355901,1.139226578068042,0.8465653336404451
7204,0.6507711934222691,0.7533700871078861,1.145998110265835,0.855437237823355
7205,0.648958846224822,0.748868945284166,1.1429603010200071,0.85044032400069
7206,0.6559789714713891,0.749779306460117,1.150167134145032,0.845526162480962
7207,0.655473146182687,0.7586829832930491,1.148674409458602,0.8497148185320521
7208,0.656196743303882,0.750899942132873,1.144051378511864,0.8537347911438641
7209,0.6471141287382091,0.751113530302393,1.145371699786704,0.848080001636475
7210,0.6446963850732731,0.7555622537282931,1.147563202009684,0.853419688327804
7211,0.6420972464417201,0.751587497799292,1.14654178345117,0.852570531646842
7212,0.647623810080298,0.7456924967143841,1.14159177351689,0.843612116235105
7213,0.647314569791374,0.75609127226947,1.149881488171176,0.850854543645096
7214,0.648920617727697,0.7541840274048881,1.142913647643898,0.845671493668055
7215,0.653326265945814,0.7585657121262681,1.154535208599291,0.8468081345646711
7216,0.648963224736676,0.748855756568735,1.143120601665282,0.846613517813924
7217,0.6501026480472171,0.754866017919519,1.145570200854453,0.8460589464537901
7218,0.64668538218931,0.7462493594789851,1.14616811491441,0.8476196801748821
7219,0.65233073896472,0.75649876266286,1.145898383812628,0.846590259503843
7220,0.6440758457326371,0.7556771077755561,1.145334963997205,0.8518939121369861
7221,0.6525750191531321,0.748706021062705,1.142001485802989,0.847627109078609
7222,0.6497310035578581,0.7510898430710251,1.14293731133575,0.8483325669514961
7223,0.6535829189570911,0.756271347511505,1.149058446288108,0.847493013313067
7224,0.6497217588720541,0.7547169248910911,1.148287084763464,0.8472069005981301
7225,0.649768035291977,0.7575576578577361,1.143154819482478,0.8511738946688341
7226,0.6470862699105681,0.7547881514697831,1.144106044717457,0.844424827753201
7227,0.6547848919703471,0.755801719383917,1.148398082541382,0.8507925083833761
7228,0.6504965051468731,0.748031090351118,1.143033065225767,0.85061917397315
7229,0.646815196327541,0.7537622670980461,1.1478720251200851,0.8532614281697981
7230,0.6482083842266291,0.7535760283902071,1.143710855340612,0.850617311462975
7231,0.650394116190896,0.753451914782973,1.144876655245172,0.850264879915377
7232,0.6480056989020191,0.7527613878466081,1.145583389137966,0.8461675522444041
7233,0.651931513829723,0.754951969005059,1.150079157905302,0.8451108583451611
7234,0.650252389141183,0.7461446026961001,1.140654502787451,0.8499420073855181
7235,0.658879918005803,0.7467183697482811,1.145847363424474,0.8485326516725441
7236,0.652910802000458,0.7584558590382771,1.144719290344611,0.850415171380492
7237,0.650863434579493,0.750984107238658,1.14498689306387,0.8509445598052031
7238,0.6497684063362901,0.7519509237313611,1.148329501674659,0.8549061626789791
7239,0.650690446729245,0.759445683571739,1.139376103770041,0.8449980150908231
7240,0.651273421781218,0.749186698077381,1.14515795753054,0.844260143871972
7241,0.652376310063013,0.75518078778101,1.153649306275706,0.8509459459101371
7242,0.642475933457414,0.7453506226664861,1.137241663816182,0.8462787734047651
7243,0.6552963315144831,0.759200947548168,1.150147031398787,0.854306211290152
7244,0.651186894301487,0.754263234743173,1.137970029875852,0.852865178030038
7245,0.647523848528879,0.750544193214264,1.144809507913347,0.8487503708650661
7246,0.6531110716632741,0.758273708647575,1.148681504894857,0.8513372903554761
7247,0.643949149041504,0.748780499873817,1.142859025601891,0.8487769727041751
7248,0.6484073820267461,0.7529392035111131,1.141911734273468,0.848447858288452
7249,0.64632954912773,0.7528383086125051,1.14076695839564,0.843084227347719
7250,0.6563092108707921,0.749296713782393,1.150976795865141,0.8476973132000881
7251,0.6499765997725551,0.750974179609962,1.146819539908049,0.8509336736431151
7252,0.6471820735791021,0.7535077723256051,1.14671532680159,0.8526097795777561
7253,0.6476772927773601,0.76036669043959,1.145817870031232,0.85737742650984
7254,0.652882729076604,0.753625345834787,1.145908631492352,0.849837346353392
7255,0.6504868876620911,0.747748514556366,1.142308706606643,0.8453131457385811
7256,0.646903398460236,0.7492335449526271,1.143098057828087,0.8431114245044141
7257,0.6496534377498471,0.7553761579852171,1.144679390757844,0.8521970219478221
7258,0.6492092965467681,0.758367015399794,1.150112947800021,0.853686465787282
7259,0.6524882511222271,0.7587154853171191,1.151970068073791,0.8534644102488731
7260,0.6533881268207571,0.7543112339748851,1.150503187075905,0.8507784532410071
7261,0.655353690915997,0.7526295270392861,1.142815808779087,0.8512032485526541
7262,0.6476702508179171,0.7529356233451671,1.140098034363726,0.844443974557562
7263,0.651298415833625,0.7549482274098671,1.15255247477604,0.8526630009915951
7264,0.6553033985791431,0.7539993614174311,1.144299874919048,0.8513636974536851
7265,0.6569446240268321,0.756389825672343,1.150980681612871,0.8488422656512771
7266,0.646435568595062,0.7552400445160651,1.144753055296082,0.8443644774294851
7267,0.650532010645754,0.749305602648983,1.142727146222107,0.8463526763615831
7268,0.647379721582367,0.757801133545412,1.152772725276325,0.855491289572007
7269,0.6448986297068381,0.7504703585004461,1.142440694613733,0.8435561012044761
7270,0.65299450063511,0.753646552994631,1.1443567638811851,0.8538238101409391
7271,0.645689033430771,0.751564857968385,1.143863670311976,0.8478687727364941
7272,0.646408979227577,0.7501935654360311,1.143120976353901,0.847986540662637
7273,0.641682607324227,0.7521312166599261,1.146385806302229,0.8432909234332431
7274,0.6485572670033011,0.7570951894141621,1.149222621019335,0.8507849259329011
7275,0.654301365918439,0.7563503423462741,1.150273901828821,0.8500991745487501
7276,0.648087127431147,0.753103715030179,1.142443700653055,0.849991182297252
7277,0.651200153635463,0.7536960093007571,1.142955133772414,0.842754438870411
7278,0.6498597708895151,0.755612504655036,1.146234839182833,0.8562158092694431
7279,0.646717822017229,0.750353421314039,1.135291993078114,0.8460377821347851
7280,0.6483542607638281,0.7512180322538251,1.143346168424772,0.8500234141297961
7281,0.649968120336964,0.7554832295231191,1.146638928224211,0.850895172470937
7282,0.645768626282612,0.75206346626299,1.142707530031169,0.845417185133134
7283,0.6444784439290341,0.744564912565376,1.14074821046729,0.8374526623528501
7284,0.6486044298803461,0.7522284673607861,1.148989398734293,0.851305479696695
7285,0.6572849042173741,0.7544007853105441,1.147888612056124,0.842396988681908
7286,0.6490860202120261,0.7595085675517711,1.147126023536143,0.8532763294659661
7287,0.6465831981242991,0.752132012576296,1.145594842408014,0.8434685142305881
7288,0.647665942978599,0.751034130976683,1.145662587513958,0.8420565635829731
7289,0.652067461550451,0.753273268756659,1.144782461441945,0.8462278616979071
7290,0.644835556384877,0.7519658346107041,1.143170232358186,0.8476125469728221
7291,0.655323142023838,0.7492103353142731,1.146701749468195,0.8477137466973581
7292,0.653981756769876,0.7457694771929061,1.147419212305027,0.84924115108299
7293,0.6467498669643761,0.7543592226246121,1.1499761605392331,0.848612921717374
7294,0.647324189786677,0.7541312433887221,1.152285597678543,0.8384701197939931
7295,0.646818512618757,0.748461415154346,1.141774437997652,0.841561936031001
7296,0.646647092440853,0.7525105081174681,1.141921617198681,0.846548689151371
7297,0.648773486874457,0.751704438225082,1.146270170267941,0.8497125323645871
7298,0.6529591896341761,0.7564144910893571,1.149452671732591,0.851983341860814
7299,0.6491214598974451,0.7539815327179601,1.1494363480504,0.8468199773705091
7300,0.650560483876345,0.753015045670495,1.138177566014338,0.8443183939418061
7301,0.6510791694340491,0.7520698379131331,1.146097293690495,0.843574011185462
7302,0.648695430245952,0.7560116757733231,1.139602267979711,0.8509208109985651
7303,0.653992295238202,0.7544746911828061,1.144441470935724,0.843953316680331
7304,0.648701703823778,0.757395472431528,1.147887613894282,0.848289035962543
7305,0.651076739788919,0.750545673612235,1.146724849291469,0.846806722544673
7306,0.649237979311442,0.748939482738142,1.145579632533633,0.8434324559310201
7307,0.652225502834155,0.7511706387867091,1.147329945495163,0.8472964485054431
7308,0.6485404236161191,0.7504810539708621,1.149679617605347,0.8483369365280521
7309,0.6501509529686921,0.748289546564869,1.147175129988919,0.844789407445468
7310,0.6502109710127111,0.7552715747252751,1.144994841969531,0.8513110372089391
7311,0.651581932993038,0.7513058251444841,1.145792788677457,0.849047817667757
7312,0.6417228116289431,0.750436764264452,1.137945296647756,0.8441191521081801
7313,0.6474339956606641,0.7529280024810111,1.139106009101522,0.840322478390906
7314,0.6448774982135791,0.7519342323792151,1.145203707766705,0.8476473523870751
7315,0.65232895967969,0.7636015018907141,1.148370405686074,0.8518642227070921
7316,0.6537138513842781,0.7530350107429681,1.147140681851601,0.8465663468654171
7317,0.643025074856004,0.750719994738482,1.145571078295293,0.851081727504514
7318,0.6544319770528351,0.7537030951268431,1.148432186332301,0.8512707092947711
7319,0.646894708491753,0.7576047054667401,1.143265102544556,0.8465363726397781
7320,0.645997364829847,0.754185597209826,1.139633331825767,0.850172345351049
7321,0.652514580637216,0.753303234775861,1.13884557146525,0.847299253811007
7322,0.649586522951722,0.7505526300789651,1.147327785474666,0.8442783182945801
7323,0.652750468745395,0.7514532189006391,1.146355392600315,0.8492007690441341
7324,0.649049909758395,0.7552426534070481,1.147105823716391,0.842419054521166
7325,0.654909409663599,0.7545580815361891,1.145522944521213,0.8492089822024531
7326,0.652192639159983,0.757151601323183,1.147133756374967,0.853388620756458
7327,0.6502293612322081,0.75418956361819,1.143550711697426,0.8422209971948811
7328,0.6477587285141151,0.7496267954508461,1.137846559502076,0.842077975498809
7329,0.647021143845673,0.7478451028034301,1.146178479427876,0.8483985555830641
7330,0.657763793497629,0.7486947596721021,1.147788853641005,0.8415574455444791
7331,0.649912107195975,0.7523586808339411,1.147710686900477,0.8361968005858901
7332,0.6484668674352371,0.7497905843715731,1.148410648107528,0.848792615171144
7333,0.646708777417307,0.7473147052569661,1.141739145029282,0.847422450969832
7334,0.6518325607791761,0.757089846699998,1.145929964340251,0.849560920203077
7335,0.646269480603328,0.75433274336915,1.13905418091926,0.8426902327362611
7336,0.6535178924492301,0.7527078836076501,1.143014883433563,0.847164418305391
7337,0.653096970197731,0.751538257883942,1.146887981913228,0.842747590734042
7338,0.6516460457249821,0.752572487229886,1.148779499250045,0.8419682742298941
7339,0.6476534313751731,0.759328894857047,1.144169362666814,0.8497436572190211
7340,0.6497364405650591,0.7531133535979451,1.142706433392089,0.8469471667447811
7341,0.648068649883287,0.7529932301545481,1.142615673334702,0.8449599329598141
7342,0.643113963089991,0.7524968862965481,1.143654524416163,0.842095219651642
7343,0.6528343616080451,0.751578880392986,1.145546895762284,0.8465673347692121
7344,0.660083615315565,0.7521530834661011,1.15018433375635,0.8427772526561781
7345,0.6468953998840371,0.750741646989532,1.141354459891284,0.843950484244935
7346,0.6463310657528,0.7545437421919641,1.143453376664631,0.8395603693805741
7347,0.6451983858115861,0.754909684368665,1.149297516091146,0.8433450421021461
7348,0.652495941687105,0.750323616616103,1.145676383721655,0.83912762168093
7349,0.645290218401646,0.751471789634746,1.151062471927076,0.8525651171263571
7350,0.6481463566044531,0.754296980258347,1.147505955635637,0.851285421815903
7351,0.6492852334580991,0.758979940436024,1.150459055019461,0.850431214343162
7352,0.655144156780147,0.7583271311461061,1.150140897951264,0.8540523088388681
7353,0.650397178244547,0.751646615564823,1.152203924629999,0.8415187663952071
7354,0.647213737952752,0.7510111822166301,1.140860296461893,0.8451942243761771
7355,0.6523002627697111,0.757311025067516,1.147889985770419,0.845280291620587
7356,0.652116380604928,0.752268955975339,1.1434421700195991,0.8410580015970741
7357,0.6429910405768431,0.749684847135474,1.143197176033172,0.8395766294358861
7358,0.649140745158428,0.7561454677927321,1.141514333801857,0.841227250119698
7359,0.649368150267696,0.7477928431353701,1.139554676262365,0.8432454208478981
7360,0.6487688560686681,0.7466270547846081,1.142121418014816,0.8384429356488191
7361,0.6508548110723491,0.7542702450916381,1.145978915842546,0.842480609193444
7362,0.6414685910972561,0.7559213809992951,1.141892005891903,0.8446331725496311
7363,0.643682862645474,0.7506969824865241,1.14347731905139,0.8429083715908331
7364,0.650062710775629,0.754013752591782,1.145531488393528,0.8454797192058271
7365,0.6504262061114761,0.7546734131764671,1.139407096133716,0.8428394118242931
7366,0.6495139936822041,0.7509880142583361,1.149862573414609,0.848269809793303
7367,0.652857134550593,0.7570641288074891,1.155881619107896,0.854070235259722
7368,0.645692931056238,0.7518149998740871,1.143988474663616,0.844602864154655
7369,0.643808841327394,0.7500581931376801,1.144522931804691,0.839968019529529
7370,0.64651913365916,0.75055784213802,1.137663904199565,0.8459741341193081
7371,0.646273523839055,0.7548789265363111,1.14386269007472,0.8382050081331661
7372,0.646698087075914,0.7568874119416521,1.1411872213517409,0.8440889317704281
7373,0.650099775497464,0.7502928005828371,1.146308523805245,0.8488598755304361
7374,0.653634556798615,0.7545616490685421,1.149463622034459,0.85193547360815
7375,0.643990620970726,0.757680238912934,1.141903224306694,0.8442702489108711
7376,0.650056801898323,0.748572114477123,1.139592209803885,0.840247191110814
7377,0.6570247141509381,0.750220750984938,1.149226476208887,0.836885425194666
7378,0.6484886543096401,0.7525125423419301,1.140600675042124,0.8385763917982141
7379,0.6517963703397821,0.7509680272660391,1.146812524808489,0.841276752695009
7380,0.6468359799110801,0.7500099233095191,1.143781708958356,0.839426215630078
7381,0.6507727996432691,0.7541774814759471,1.148679036377132,0.847156950043163
7382,0.6529396694099551,0.7561569476257191,1.13884101829667,0.8485734929479111
7383,0.655916501133554,0.7510306462645531,1.139133115069589,0.8452111042334111
7384,0.651519625947095,0.7507169707745741,1.143502245886602,0.8444376117347371
7385,0.6438618293436971,0.753507879981096,1.138954213671926,0.8412366839584661
7386,0.6489997897297141,0.747467156661593,1.145520425361135,0.840365830889862
7387,0.6487517599286371,0.754166874332704,1.151550927131936,0.8496326104184421
7388,0.649866593920666,0.755062304761098,1.14704576642185,0.845159238663272
7389,0.656555541021668,0.7546942394928651,1.146338410351587,0.8534149459252751
7390,0.6506715379115461,0.7499349787831301,1.143097481973793,0.844118812512876
7391,0.651909394270699,0.7580914548125821,1.148254437615042,0.847005727606407
7392,0.6485089401889971,0.752043367404004,1.14573643086613,0.8404439280376481
7393,0.647839558270314,0.7557707985026241,1.143399046383042,0.844904153675272
7394,0.6465831125506021,0.7576546480042341,1.141762950498124,0.8493039705183191
7395,0.645929650201097,0.750904430297837,1.144956207037835,0.8454659683494891
7396,0.644545837588932,0.7512574231495021,1.142817934030208,0.8468764010222921
7397,0.647115905998625,0.7461118945393,1.140333638027094,0.8328941166130961
7398,0.645619415583601,0.749174717327822,1.138862266596676,0.838028780765075
7399,0.6518262599365431,0.755218383086764,1.149330536308495,0.847768938384842
7400,0.64982651816546,0.7519000414488971,1.142428251172321,0.8419616271782181
7401,0.6517900835344751,0.7580024163792091,1.145679974145647,0.847788891498593
7402,0.651731092428815,0.74991011392811,1.146356589876223,0.8413849408751811
7403,0.6489388537795641,0.755804544989613,1.14969865232706,0.843541029030862
7404,0.6480904069013781,0.7496713006841961,1.151338023983914,0.8434458935660291
7405,0.6527941108181851,0.7562413644315541,1.15022352758957,0.844627429285775
7406,0.648498876209276,0.749165880183378,1.142960722895636,0.837774587147261
7407,0.650388501773493,0.75334740743257,1.146134026240611,0.841061881189976
7408,0.649327262399205,0.74746519078811,1.14361403968887,0.8398325241886181
7409,0.647032841662133,0.752624716663706,1.143587359051773,0.8449187991411791
7410,0.649814438290786,0.7541170237936831,1.147276607328567,0.841280326085246
7411,0.6469767469696801,0.755433545812316,1.151637108645577,0.846927577575695
7412,0.649527465168764,0.7478401994575621,1.145147182371305,0.8340245984170741
7413,0.6480719403944151,0.7517392932288881,1.148262760129527,0.846363466017056
7414,0.6496176011860371,0.752372894814049,1.142596672518529,0.842816544507724
7415,0.645804847226194,0.750935156600198,1.145347212319788,0.8393465438182801
7416,0.6517889273177451,0.7554268686883691,1.14287961738697,0.845878190509435
7417,0.649546398902716,0.7492108469208081,1.140827212752639,0.8448900432474371
7418,0.6527797212905211,0.7544047656482541,1.141208335865235,0.8464489046322261
7419,0.641496287199898,0.7528387619101481,1.145384316535099,0.842587645233109
7420,0.64983860457289,0.7561131590518391,1.151259473592474,0.8503082813020201
7421,0.648115490657695,0.7494818460250241,1.137059460407581,0.8442686036553071
7422,0.6532801977642201,0.751387446038964,1.147861616658991,0.843114240796885
7423,0.65260353643933,0.751697475171607,1.146349926141725,0.8433151800131451
7424,0.6457623355630511,0.749059020933033,1.143308525068172,0.8373842509328451
7425,0.643028521883314,0.751022344158179,1.142746344424676,0.8363650168251731
7426,0.652449219717063,0.752709989422473,1.14659039740977,0.8378376560150711
7427,0.6480491297940411,0.750785893720129,1.14294897419387,0.8463153363191991
7428,0.6472715010083671,0.751798793025638,1.142322518687317,0.8377142642233251
7429,0.6532470874110421,0.750741863920204,1.147540020122044,0.8413444827108281
7430,0.644751791396866,0.7527997950496881,1.14628954415304,0.847119794726587
7431,0.6502705047419971,0.74833025858886,1.147907428011514,0.8429862757253901
7432,0.642714444871829,0.7452452060753021,1.138900415512962,0.8390283187770321
7433,0.6532961671928991,0.7541509488786471,1.146854682137136,0.8415130359269131
7434,0.65052574970152,0.7562351083194,1.14516897164825,0.8458039811879821
7435,0.644212537944532,0.74709848238938,1.143052246259606,0.8376020032480571
7436,0.646808710165213,0.7548883927689081,1.1508673920795531,0.850154429431194
7437,0.6492745227085941,0.7505486062255451,1.142777171687803,0.836701610004124
7438,0.649054823416298,0.751191325053788,1.140999051323835,0.8402989044029641
7439,0.6482143691754421,0.7542602865808251,1.142410420637199,0.8450202613907011
7440,0.653773248006684,0.751654763476572,1.146073041834693,0.842179446008758
7441,0.652761790928417,0.755289491320001,1.143806824325651,0.83663785851736
7442,0.644876273915819,0.756790415856285,1.143409450524959,0.844708458938892
7443,0.6454217399645971,0.74146511470494,1.141476726402407,0.8320489082269471
7444,0.6510182607487061,0.7517014367208961,1.14949082205261,0.8421044429575181
7445,0.6486853884020141,0.753153081713379,1.145300506681635,0.8438892660365581
7446,0.6410938429281761,0.7464711780565371,1.14385637651751,0.847081090391114
7447,0.6490360686852441,0.7494526204207661,1.148517639848633,0.8442386627413221
7448,0.6469639064339191,0.750928285113279,1.137783402766006,0.8423630270998971
7449,0.6544566583968151,0.748447769793911,1.143704357786455,0.8450047973057491
7450,0.65177874321091,0.7476470367848,1.146637368245401,0.8442383353476931
7451,0.646979187196795,0.7506634352215821,1.136395535175351,0.8402519779468791
7452,0.649247068641842,0.746698593747788,1.145220214689987,0.843475054085686
7453,0.64775724220427,0.7548974757825111,1.146755851157333,0.8427679216138261
7454,0.6438545777691871,0.74938413090464,1.143142667369566,0.8396487888488641
7455,0.6411455763854841,0.75484945009584,1.141959147608798,0.847172485097594
7456,0.652315392847294,0.755536169569561,1.148154542821904,0.845307160438834
7457,0.6456412573925391,0.750355498622293,1.145002261560032,0.837192281729717
7458,0.646083681722698,0.753132455698821,1.146510310147119,0.8339184534506521
7459,0.6486393189246671,0.750379624898019,1.146499552696511,0.84399616945049
7460,0.646777928658369,0.7549913827923761,1.148443094414213,0.8418251061677061
7461,0.64988780680342,0.7456872102575021,1.133795533383238,0.839740427993777
7462,0.650178579505587,0.7582006336770191,1.142550729431104,0.841140860070784
7463,0.649947844796638,0.752481709463872,1.147017316757768,0.837118286612457
7464,0.650520820980486,0.7488215914455011,1.142262331709481,0.8397300859130371
7465,0.6491374081351611,0.75311240337897,1.145090550400208,0.8415171203837871
7466,0.654429587630042,0.7593929582963811,1.149577920527561,0.846922969337606
7467,0.656709266151639,0.755222108701001,1.143991515364335,0.8411219959565691
7468,0.656886624415283,0.7553828940659331,1.144563415992087,0.848044758230663
7469,0.642396351808439,0.751904585655184,1.142867868793183,0.840812983585224
7470,0.648662132953388,0.755995896523413,1.143717227098734,0.8517793377834381
7471,0.6442467277410671,0.7493155344888781,1.141730263397313,0.833506336867593
7472,0.6494877567325811,0.7542218677159661,1.153197945675988,0.847964458491491
7473,0.647180318913382,0.752547072975531,1.139725001177926,0.843957484551314
7474,0.6525835269603171,0.7494010047420211,1.153934568814609,0.842432623378176
7475,0.648656013921119,0.7518984666769051,1.147398084402084,0.8434310154854381
7476,0.646186438645573,0.7537707562247911,1.145672226297682,0.8378048848522741
7477,0.6486207078602431,0.7556878677096921,1.142429121918436,0.845340417698025
7478,0.642962951402085,0.7522137084085001,1.142776900983375,0.8402582705290851
7479,0.648007365159582,0.753227527050868,1.1432055338569311,0.835750538423873
7480,0.6482589879221671,0.752403773367404,1.145574818054835,0.8515102169543931
7481,0.6463932203047951,0.7534835277044251,1.139476610590582,0.8430536108334421
7482,0.644121744710466,0.7492164497574171,1.143968140733414,0.847764008557019
7483,0.650469113249277,0.7616006731987001,1.148922805336938,0.8455084795807151
7484,0.647666599628502,0.7503010301270341,1.144700556345607,0.839998253121756
7485,0.645576164072406,0.747014994422594,1.147007353063942,0.8391107743794931
7486,0.64514692802576,0.7544686956250151,1.144847515484561,0.840760102225602
7487,0.644741266938871,0.752858538882456,1.148243386568366,0.848068966732724
7488,0.640907791429671,0.748461463205192,1.1395493488812791,0.8383629778804981
7489,0.6453998895173051,0.753266394786212,1.150639775222626,0.8402360076813591
7490,0.643529994305277,0.7507890868878011,1.145817714000957,0.842669264507898
7491,0.6475348047156261,0.7552970987947091,1.144128891868867,0.8506579514916821
7492,0.646278587318416,0.7527804546382111,1.142124869901201,0.845360580426843
7493,0.65011995166972,0.7529642747148221,1.147741590181122,0.842427820264213
7494,0.6471844330376041,0.750629763456358,1.145232699811458,0.8423734186352161
7495,0.6492601155802821,0.754552740549695,1.152000577661438,0.8449577017538791
7496,0.6450142449550871,0.752022736206434,1.141699955623219,0.8360473230427151
7497,0.6406135939709511,0.7435507727921871,1.141618957446105,0.8381585338409391
7498,0.6496788745719021,0.752338653889255,1.144792482688807,0.8372688656807811
7499,0.6479375063563171,0.7536901759280671,1.144830741420172,0.838590730332594
7500,0.649434402854978,0.747160865668801,1.141845156209192,0.8349879609447891
7501,0.649055030277889,0.752649519970451,1.139885233040305,0.838157547232897
7502,0.645230947467296,0.751190809344036,1.14762686624907,0.834554638389659
7503,0.648427888454086,0.7530632420726441,1.148413240909576,0.8371239021366481
7504,0.6508897423636221,0.753642133720543,1.139776869744494,0.8396503721512311
7505,0.6408924227985351,0.751672149028467,1.142032336713611,0.840354208416049
7506,0.647571384987753,0.7511171025858411,1.139060450096925,0.840275817942144
7507,0.644998280547451,0.74780907438717,1.143081253097541,0.837850652176184
7508,0.645626879094735,0.750517164883406,1.146732571656289,0.836893294600472
7509,0.652823495098214,0.7523278698757071,1.144452416594477,0.8411935731444671
7510,0.644958647021996,0.756282455787278,1.146853808043659,0.8446933690026611
7511,0.650748824106826,0.756002458217351,1.150571637719437,0.8462444483909911
7512,0.649508048550806,0.748242266368174,1.147320423977098,0.837333590116189
7513,0.6492771139989291,0.7515362766773801,1.147559267779191,0.8362318291396331
7514,0.641745821397373,0.751904715878376,1.145946142034254,0.8421520373473561
7515,0.6520044668645091,0.749988434107407,1.147383279018644,0.8417802986189501
7516,0.6456193291730631,0.7438053351597511,1.144025695496711,0.8351266177344151
7517,0.6464435697627671,0.7533730628049891,1.132318211314471,0.842667070149943
7518,0.6453151518505981,0.7497786109646161,1.147028749187787,0.837851701250326
7519,0.6464983830633371,0.751271867017815,1.142525879261286,0.834824946614495
7520,0.6415155727848191,0.750104821354582,1.142413962902366,0.8368255689578211
7521,0.6540201942611861,0.758753991753294,1.150426715072514,0.844818273721181
7522,0.656736533305999,0.754397993178471,1.148997787980066,0.8408519102773371
7523,0.649245230858956,0.748029371318609,1.144822469979956,0.836056850850582
7524,0.646316663996464,0.751355352932992,1.142920289026654,0.845082901040281
7525,0.653787159833355,0.751783807100593,1.150573516021604,0.837181280326584
7526,0.6470778959708801,0.755051891656889,1.143372007146261,0.842592840123435
7527,0.6473096349964971,0.749372158685456,1.148083302637805,0.8393739431394611
7528,0.6520648429953101,0.755783193353293,1.143548383660938,0.84443841472376
7529,0.648966119827135,0.754663399272206,1.144429507894792,0.84125891217179
7530,0.649893359807522,0.754066031480181,1.145147926025632,0.8400986532586201
7531,0.652619988320098,0.756041148650473,1.151776208393815,0.8396329229724581
7532,0.653819939391552,0.7552451957827021,1.144096008785392,0.837383174890841
7533,0.658824766621641,0.7540679804008941,1.150631927925607,0.8427539838181021
7534,0.6529247723519801,0.75278909979523,1.142445841345234,0.8406585708962401
7535,0.65108697583386,0.7509661712076351,1.141609765697216,0.8362376279859001
7536,0.650937791022917,0.7468216671891831,1.143648546566997,0.84044713081549
7537,0.6476287168545131,0.748137076371821,1.142234738970148,0.8387434011784151
7538,0.650395492280738,0.7559256493181421,1.150273218750953,0.8458599974603751
7539,0.645755933732658,0.7538792420772531,1.144182512185711,0.840501625711719
7540,0.6457356242867911,0.7521554528587101,1.152211733270382,0.8370120815014921
7541,0.645527448532158,0.7517678452574681,1.141673664359942,0.8420935431090381
7542,0.6492540538580951,0.7551120332833651,1.151327031570068,0.8420153701326981
7543,0.647924929155387,0.751431007532105,1.148093620720117,0.8383001451097101
7544,0.647635632801962,0.74889991119288,1.14337442761314,0.830730329308172
7545,0.646233946030986,0.7496082164023231,1.13688221692607,0.8395713400365651
7546,0.643519487420933,0.74920829191156,1.140027810482011,0.8371453166169961
7547,0.644423167558683,0.742804029713506,1.139678780691347,0.837087038661474
7548,0.64547775907145,0.748817962796791,1.144203441622464,0.83428182363834
7549,0.6460382128269341,0.748563927368841,1.141095816981101,0.836607188607255
7550,0.647526095067893,0.7570821095419961,1.142135188199471,0.8386102048005311
7551,0.6509250179473041,0.7558298000822891,1.147872959358104,0.8465825955828891
7552,0.6487219506685711,0.752870013424451,1.141435073985569,0.8402063159029121
7553,0.6442668770534401,0.7480602241728611,1.139595395520977,0.8357503626333631
7554,0.6483850131432211,0.74953940283993,1.14383667556272,0.838510219871565
7555,0.645597657971624,0.7561830446340031,1.13785598664612,0.8414121754467481
7556,0.647283601912035,0.750426420591015,1.143341084429319,0.838691722061755
7557,0.6531631054383681,0.7454063302796821,1.141957664079424,0.83509076980577
7558,0.6453654790918031,0.7528757541507911,1.143307518267977,0.8434317977424111
7559,0.6431454412801111,0.7508567977642661,1.144276360886684,0.837829984211619
7560,0.648312757223628,0.7528508173814711,1.141126718965993,0.836670748808461
7561,0.6481169554796341,0.752687342572903,1.142072997879291,0.8388963706953371
7562,0.6506599605191441,0.757337520519892,1.152215480804443,0.8464634411468881
7563,0.6455480751406021,0.7496458736882691,1.140961944301059,0.8362545519797261
7564,0.650303985275652,0.758917863062326,1.150026533914649,0.83433274179697
7565,0.647234243273303,0.754088285284629,1.14775397380193,0.8382147177513951
7566,0.6444667913559551,0.7470537889478861,1.143481967349847,0.838506802187665
7567,0.642530896282498,0.7461413512195361,1.143224343009617,0.831838117993396
7568,0.655067646444059,0.751728145000727,1.150424408415953,0.8407306348014131
7569,0.6483641390189311,0.75696169498606,1.144253161614355,0.8344078653262571
7570,0.6429879792520531,0.7516824716459151,1.147355122410732,0.843413089118573
7571,0.650222780317931,0.7513697292061821,1.142962524532408,0.8406609494671
7572,0.648092785175295,0.754102183316928,1.144474666511667,0.83549713216506
7573,0.642970469793763,0.7563457480375311,1.143582826615243,0.84111542030629
7574,0.656431864731121,0.756786740236524,1.14508212260578,0.8426643330873781
7575,0.647978946971504,0.744494314966858,1.14301204756982,0.8391459079972211
7576,0.646414510500819,0.7524973389463141,1.147865568058214,0.831890748813748
7577,0.646155460049276,0.7551825584276861,1.145486840195414,0.843120135582875
7578,0.64957011056443,0.7533512837860891,1.143634547249994,0.840172084534297
7579,0.6430646206211781,0.7541329234406561,1.145839114336,0.8319156032757481
7580,0.650291492514636,0.7565772633837611,1.1453930295032,0.8413878897124011
7581,0.644438312267479,0.753797217447688,1.142078964498595,0.832333453566483
7582,0.649118122712209,0.7519843142101731,1.148184236624966,0.842064482875276
7583,0.646399615116525,0.750866528654444,1.134274291387502,0.833747746206928
7584,0.648636852269587,0.754378682677296,1.15100427598193,0.840037902061274
7585,0.639049272147425,0.755468422519987,1.14297463507324,0.837642540318378
7586,0.643233156560555,0.7475359229289961,1.137633491793404,0.8389181086010691
7587,0.6526210037586481,0.7601261401306021,1.151600685240565,0.8463924310669521
7588,0.645252659242006,0.7506951883003331,1.140622596053973,0.8405791682771581
7589,0.6461265628374571,0.750262871060682,1.144443254539932,0.833951081189772
7590,0.6496562212975561,0.7527613761848291,1.143544453533663,0.8363523931121041
7591,0.6454873065855621,0.750612463316191,1.144175161378107,0.837957642540551
7592,0.6436555082437351,0.7492438819313391,1.145179664311201,0.8419831079579351
7593,0.650119431154883,0.755298773447672,1.14415323626304,0.8358514446063311
7594,0.645108522361387,0.7508091035744411,1.13982272007759,0.8410737066381221
7595,0.645534887504966,0.7527950908178861,1.147671826939652,0.8366916560824361
7596,0.652256105931988,0.755257440649944,1.141814876941667,0.836979888163615
7597,0.6468997024053681,0.7509228080727051,1.14833534033834,0.838263046995237
7598,0.642454975217148,0.7525630855689871,1.141562084788861,0.8377400916609641
7599,0.6443123660063831,0.7533671642127241,1.147322719403799,0.8347528208371091
7600,0.6535542990634401,0.7503974862072771,1.142348616127518,0.8347145388091821
7601,0.652447717696212,0.750461156925429,1.142378655680711,0.83440282943564
7602,0.6431641328971881,0.749748694939889,1.140435661742652,0.8354002812040451
7603,0.647890838483969,0.750882005345994,1.14041627522396,0.8357187695261361
7604,0.6361483584927471,0.7516067213770271,1.136714061641174,0.8369678892735121
7605,0.644140146807699,0.755838602673316,1.144799126879028,0.8406077487853121
7606,0.646239767930861,0.7533412000191381,1.142853410671586,0.8403859721577681
7607,0.639455892955479,0.747532084908174,1.141981991736785,0.8378169885094181
7608,0.6498226731259751,0.751703320745972,1.145115320557269,0.8452850243049681
7609,0.643223506250027,0.7533849705604541,1.139553084105685,0.8346786600524101
7610,0.640675414947495,0.7470450773835181,1.148829027038553,0.834086760338665
7611,0.6524787223695411,0.7514402389094451,1.142247751679109,0.840079422095331
7612,0.645771786327595,0.754097149639889,1.137380635716776,0.8373425621809301
7613,0.6427402956870151,0.752193199551623,1.141512107481991,0.8321195185400431
7614,0.644395794341529,0.751856180096881,1.141123704936193,0.8370982647158091
7615,0.6467335654449631,0.750907155914583,1.143162586010884,0.836998307672531
7616,0.6491487648985951,0.7519320443920461,1.139880857065968,0.83775363187643
7617,0.646538117495567,0.7536286855305451,1.144957797466844,0.8362966765366171
7618,0.64787289019728,0.748649879642154,1.1456440201272131,0.8370594538856241
7619,0.6430470508293831,0.7450846895791481,1.140178024984788,0.8295587235386821
7620,0.6475918133999551,0.7582995440217031,1.144948798137298,0.845620050432457
7621,0.650480502919442,0.747365011901095,1.14087847954985,0.836656114896354
7622,0.64536262716612,0.7493457065328301,1.138413754926211,0.8322609119873111
7623,0.645309843500887,0.7532040620411651,1.147238285321256,0.835836571087871
7624,0.6487893091541701,0.7496474525634791,1.138106502916501,0.837766130711289
7625,0.646123938451426,0.7464797627450761,1.140282686745775,0.8365743784368901
7626,0.6443845288747031,0.753372235142666,1.145142863842024,0.8393006792588941
7627,0.6528231671916831,0.751902253731437,1.1487362559722811,0.840206339550407
7628,0.6493865902117191,0.7535885112441101,1.151308621617331,0.8369619969710491
7629,0.649035532324426,0.753976998121842,1.146109965724357,0.8322935844029201
7630,0.645126754013092,0.75107592355082,1.142991345321786,0.8336723586139471
7631,0.6514113940082591,0.7535394579172131,1.144872679010681,0.8353538631691011
7632,0.6477808568734621,0.746885290180427,1.14372219890356,0.8399105202676591
7633,0.6439169056011711,0.7506304723413091,1.1418098952027331,0.841805619525088
7634,0.6479031559133871,0.7488883747786711,1.144026383001735,0.8405046145823121
7635,0.64983142685631,0.749716012374214,1.144429419675599,0.835425372599907
7636,0.649410115527933,0.7551386902729671,1.148681919211926,0.8375133911444651
7637,0.6484706169129281,0.752794294685557,1.141639534330022,0.838074859744612
7638,0.6434190049767491,0.75477907018385,1.139568077265352,0.831512011263681
7639,0.6505623489240371,0.7542927998347551,1.141737586346225,0.835927184023287
7640,0.64668343823565,0.7555717211486631,1.147278602140537,0.838007089290497
7641,0.653139139809038,0.751622653525808,1.146709130078122,0.8353317891504021
7642,0.643034796729899,0.7547776571650431,1.149034194864224,0.838993307499997
7643,0.6461533283463851,0.7570035110997111,1.145188291543635,0.840267719781917
7644,0.646726844427378,0.7530030859769251,1.139020114273264,0.8371415986423041
7645,0.649875103212569,0.754068876198236,1.149121406501618,0.839651207804032
7646,0.639447576622816,0.7488782945750411,1.138420313056828,0.834697601803834
7647,0.6508884766827451,0.7492905078806731,1.142403789080571,0.8366943988679111
7648,0.6519942984686811,0.754409211917199,1.149450456210668,0.8402552095822231
7649,0.649443932687458,0.7532856162043581,1.141457283626432,0.8382506642382641
7650,0.6534649281074171,0.7554635472487711,1.144006418685118,0.8381277190224411
7651,0.643661992570412,0.752838428361692,1.147049631653488,0.83601722067249
7652,0.645919994923515,0.748631999436495,1.141814639062985,0.8331600951597741
7653,0.6467684424495781,0.7554289118751231,1.140754616130953,0.838983397714901
7654,0.648678438980942,0.754773364766784,1.14171055175256,0.8371592058489721
7655,0.647497460866967,0.748430673734865,1.142927147556042,0.8349857152696101
7656,0.6426488689106441,0.7577080790331391,1.146220543894215,0.8343382994711831
7657,0.6418897317911401,0.7501641180420261,1.140534652208072,0.832288164996366
7658,0.6442557294191651,0.751895182806512,1.146490637590919,0.8335525156201221
7659,0.6481952477192531,0.7540776330059851,1.138162634402945,0.839055281888315
7660,0.647486839713393,0.755712581177552,1.148734784212665,0.8348012151655511
7661,0.645807372055191,0.7561909520755641,1.141338962467684,0.8404528118292051
7662,0.646087216888216,0.749350805321465,1.136402761698633,0.8303249500475931
7663,0.650564578213337,0.7493847678752911,1.149346804597239,0.841514645549266
7664,0.6450358204327631,0.748289688665797,1.14092898260856,0.833737797873175
7665,0.641763043198464,0.745623653457648,1.13550397462171,0.8303242198636991
7666,0.641319518881863,0.7532349539839701,1.147878646310688,0.8405329310267731
7667,0.649220149289222,0.751864936472713,1.148664814946444,0.8341987027476231
7668,0.636378342393731,0.745936873922313,1.143205176445021,0.8276597448773141
7669,0.648882017943306,0.7461635648556371,1.140146985542083,0.8349583493950571
7670,0.651019576990949,0.75796274020188,1.148694673202176,0.8383410128940271
7671,0.64866660254589,0.756673275668551,1.151859462909076,0.8367067541441191
7672,0.644305591215042,0.7478237456601591,1.141645882548629,0.8346401621196141
7673,0.644762616442597,0.750476259468258,1.144846612128658,0.837456984742396
7674,0.6485100189304871,0.7547892531838971,1.141789046642573,0.8382294726814481
7675,0.6454504104736051,0.749871876144754,1.140750354830769,0.8363959156246721
7676,0.6427425389326561,0.750434684256712,1.143891808779343,0.8333350816822571
7677,0.651961819687183,0.7516028150052261,1.145516992155192,0.841034951768275
7678,0.643280673880076,0.7522510900229641,1.14346332103014,0.8419668281423871
7679,0.655337075014477,0.7426839286218511,1.140611478815908,0.8289901819080111
7680,0.6526657999695641,0.75016417408335,1.145779414237409,0.8352018176321531
7681,0.646921665178261,0.755201778118161,1.14551735755758,0.8405650607107771
7682,0.6472923469770211,0.7565900851850921,1.144318046129268,0.8336624289066461
7683,0.646236641710435,0.747678136372047,1.143096720394881,0.834833476611453
7684,0.6488426934279821,0.751220816719359,1.143843186830265,0.8339319311190341
7685,0.644098356474136,0.750065007179543,1.141411062276017,0.836936192964946
7686,0.6499089157559731,0.752322928629059,1.144328293916971,0.8373045421650871
7687,0.6501862757933741,0.7538772177868991,1.142997782623422,0.8407148557404671
7688,0.646081581063892,0.7466986755961951,1.147150733224723,0.8367287605676961
7689,0.6478769396688191,0.746216249962647,1.149418568589549,0.8349738342930441
7690,0.654728181417221,0.7497719702297361,1.148357898536799,0.8403257341596521
7691,0.648817203480048,0.749998360764289,1.145721374970415,0.8359372319410671
7692,0.643920975993724,0.7486436263374661,1.143086266582426,0.8321616137805191
7693,0.6478383008228691,0.7549934281387191,1.143327626413193,0.841183085669425
7694,0.643796666889734,0.7472745301066961,1.141050259812154,0.830823091034224
7695,0.644027659372575,0.752315350956674,1.149106758444205,0.837790265733349
7696,0.649347212435542,0.746687767406304,1.143327567780363,0.8360971683177391
7697,0.651087569477765,0.747416081959786,1.146451646435088,0.829978866124714
7698,0.6473363142838511,0.7433410863513531,1.140706958654134,0.8319929220268261
7699,0.6465866998971801,0.751135220346243,1.138049909170123,0.834313519164056
7700,0.6436905779376411,0.750167374053727,1.142400471628576,0.8325176349152691
7701,0.6464021094953231,0.753144712659759,1.145591411469639,0.8340146504882451
7702,0.6385924082951271,0.7522546072369031,1.137409852034803,0.8270724189292261
7703,0.646195375832958,0.7537383982452791,1.1472012379031251,0.83412632489226
7704,0.650549714332041,0.7487398735854931,1.146273000300794,0.831983257543997
7705,0.6503326362403831,0.7498699822935501,1.145265917955101,0.836822616422305
7706,0.6500798565592021,0.7469920310853181,1.141351557836152,0.8304895294047351
7707,0.6495906463081851,0.75371211497248,1.144433318812778,0.8373701732767661
7708,0.641771788749357,0.7519464771384771,1.140832687633625,0.8346932996874271
7709,0.645291771874695,0.752005712169667,1.142689531048138,0.8325185143267331
7710,0.646242338165208,0.7496294841386271,1.143872563389764,0.8336430463022081
7711,0.6487961720027351,0.7519764986591061,1.144669287338636,0.830808138555806
7712,0.647699020263077,0.7520281199527821,1.141487391962521,0.8376064493010441
7713,0.6477885727595161,0.75289534755807,1.145038863563019,0.8303764275396641
7714,0.6437646302300081,0.7504556382047951,1.138723164364911,0.8346928260356621
7715,0.650234421931099,0.752231983494931,1.141677579694036,0.8367691116704451
7716,0.647101051241591,0.751310375721558,1.140674709949804,0.838455655841507
7717,0.642901424777464,0.749126999706461,1.147492260064767,0.835463665074844
7718,0.644993907947471,0.7532960653736971,1.146015699898851,0.837681647660075
7719,0.6514386299565651,0.7494212703212441,1.142391206669634,0.83536532494253
7720,0.639400529418734,0.7475028681582291,1.137267925061177,0.8289426812983071
7721,0.6451870081811281,0.7447268777135491,1.143279306590557,0.837062650913561
7722,0.647998786571881,0.7476219693603721,1.139064170420169,0.829302677020862
7723,0.6452076492318201,0.751308760997177,1.15126754084359,0.836505917265363
7724,0.644891058054307,0.7511002435416411,1.138624057173729,0.8369655493322921
7725,0.656504628747917,0.7551933701919471,1.145937809261723,0.8444142809164691
7726,0.645040787999396,0.7510150108432421,1.147204979498317,0.8306637644983721
7727,0.648145975464064,0.753210840989714,1.141103903236596,0.8353699175505961
7728,0.6448751132989271,0.7511391435628351,1.142602270496064,0.8365949808039521
7729,0.6425022018020561,0.7542224350398861,1.14332000684479,0.8371898722497451
7730,0.6489129163918721,0.7560145637911291,1.145161803001942,0.830028053697036
7731,0.6525092877285631,0.755313167753426,1.14619825704806,0.831589583577453
7732,0.6481384346936491,0.750062256727529,1.143727924836718,0.836905602176768
7733,0.6486428328992231,0.7485075666420701,1.139895812324855,0.8306404203176491
7734,0.649334009412838,0.7509610184292861,1.143806164463361,0.831442512328857
7735,0.648762123551273,0.757389123673024,1.151701715761336,0.8372865783563551
7736,0.644983888104342,0.7494548215814251,1.137008288848227,0.8299780787657131
7737,0.651078822334175,0.7541995264481801,1.154831964360631,0.8388550567670141
7738,0.649730252911863,0.752082054813702,1.138184814781382,0.8391259706214711
7739,0.648298895391433,0.7572848588444181,1.145701960269091,0.8393282931082051
7740,0.641796973169497,0.752929823446101,1.14348973063887,0.8315137830981311
7741,0.651105048971763,0.7549250146401101,1.150247659912143,0.8388792544711321
7742,0.6493652934559441,0.747781850721525,1.137601680513741,0.8328241109578071
7743,0.6486601524756871,0.7514787450216811,1.144434149930442,0.8344136165266021
7744,0.64291000155651,0.7559058778527851,1.14888245774352,0.8327068938887201
7745,0.651258024481543,0.752846459547678,1.143742714455162,0.840316662726842
7746,0.6478707686984451,0.7496620216879291,1.146272509534289,0.8369427304175021
7747,0.644891382208552,0.754627851364405,1.144534877784874,0.8258668492291711
7748,0.644539916347982,0.753465565758338,1.13852469385534,0.8288298875255421
7749,0.6535985718710691,0.7589699661602141,1.15158055798299,0.8356553597132791
7750,0.642416430907189,0.7477598058572711,1.140233168999354,0.838226153447792
7751,0.6444116781425211,0.750659876327583,1.141678610033747,0.82784623382748
7752,0.64701256290942,0.7463628896984501,1.1326478982101311,0.8289211750894351
7753,0.65566406790437,0.750873067672701,1.138501995931501,0.8303174485816901
7754,0.644597698839894,0.7538743905615111,1.145115692222464,0.835859413731141
7755,0.6466029416769741,0.7458646983124201,1.139055008041686,0.834660397194649
7756,0.6448613808530821,0.7481505172192181,1.142834417521953,0.8315134825643851
7757,0.643601457061974,0.7505607236770611,1.139013708177684,0.8336363791393631
7758,0.6456900882818121,0.7543434195112491,1.146769751349221,0.8288873993400211
7759,0.6479097244370241,0.7562098525788471,1.148801762448704,0.8305385257184931
7760,0.653225557338716,0.75386644921441,1.143950994895852,0.8390081673860551
7761,0.643401458697474,0.7469750996949011,1.139636669037998,0.8418419888594011
7762,0.642900454150377,0.7531498170633241,1.139634522298971,0.829206153156532
7763,0.6515324480723641,0.752017958332663,1.14676579951808,0.832401518561485
7764,0.644508770599529,0.7499940320849411,1.14058290562336,0.8297318460392781
7765,0.6487281886671761,0.7490371490518251,1.1522924280253,0.8267959145478141
7766,0.640370082542084,0.754595014388146,1.145316160567428,0.834980847071046
7767,0.6478608480614161,0.754363963245481,1.1461487921035811,0.835705346333375
7768,0.6483740362514181,0.7573079394473541,1.147197803725367,0.837623163139906
7769,0.643118331019861,0.7533844308792681,1.14033637681733,0.827905106884629
7770,0.647193800280059,0.751683658987715,1.143114847009596,0.8358556891966991
7771,0.647371412727279,0.754720883524936,1.149853346680385,0.834635047107071
7772,0.644564386295235,0.748722217005232,1.143990187541298,0.8298920653760431
7773,0.641289783209778,0.7531979378798731,1.140204447982967,0.8315900165749631
7774,0.6527151350957761,0.7536902726776351,1.144095131776471,0.8390670729720071
7775,0.64254176551881,0.7522969523417771,1.141248787658802,0.8364943432473181
7776,0.6524345992214,0.748433695323225,1.139799087267855,0.8366514865470961
7777,0.6419881759346391,0.7473754827742991,1.138786184291045,0.828736142295858
7778,0.648119588989926,0.7518895103231721,1.145145766005136,0.8281364092954251
7779,0.6419961615533061,0.7493338774943691,1.137233223280181,0.8279168898698641
7780,0.6467046563554071,0.7491865456104271,1.142463312200878,0.833639702530226
7781,0.6499030960966711,0.7521393125255901,1.142911343578843,0.832004750822333
7782,0.6448152672121491,0.743585036392661,1.14539644068134,0.8312952254183481
7783,0.6415678528339961,0.7453748904492541,1.146961413539838,0.8310584698034361
7784,0.645432855043074,0.7505682002807,1.137121980928856,0.831389779926858
7785,0.6469406990901281,0.750766229262386,1.143299533621124,0.8248605381535441
7786,0.647836511738706,0.747562581862228,1.138137166374835,0.82604292086393
7787,0.6465711414921971,0.7530845105648041,1.140507565784281,0.8299547296449321
7788,0.6424243768704111,0.7527502354072481,1.141801169709019,0.831704988832706
7789,0.6427413611200401,0.746550569283789,1.14484701640364,0.8257200850470771
7790,0.6530964312993961,0.75671453082907,1.139265141085438,0.8292137325835831
7791,0.639363955490399,0.7498937155241551,1.143888935662698,0.8305418722709451
7792,0.6503414356730121,0.7543217750347171,1.145360919660416,0.8335109327960271
7793,0.6481084167633361,0.745500678385513,1.142681740548299,0.829247610643506
7794,0.648620629062255,0.7540289113918941,1.141616588377434,0.83628597639609
7795,0.6478791272780601,0.7536036172422811,1.141369008067725,0.8320422314539331
7796,0.647229377180337,0.750994696565296,1.140865581731001,0.833594965734991
7797,0.6482159510470811,0.754584130493627,1.142744884110879,0.8295115161741121
7798,0.64557353509725,0.7475292574668271,1.141260040842968,0.8280516268712451
7799,0.6526316329027,0.753845342367455,1.146147859809191,0.8364774953789901
7800,0.6445675338955891,0.7500596168464501,1.141212062235327,0.834074425821503
7801,0.650363488959661,0.752079657022503,1.146721363823483,0.833690323205529
7802,0.6434259788281671,0.7525354546049361,1.137666545808315,0.8335262500829451
7803,0.6433648916528271,0.7498418468496071,1.145517814418543,0.8290078858912421
7804,0.649869719898139,0.752404335076394,1.147592424482539,0.83511287862084
7805,0.649336631072388,0.7513817988228101,1.144948374426019,0.8321773090764231
7806,0.6490698372000371,0.7505724952704661,1.140670148358828,0.8338335411272181
7807,0.649447737504606,0.753855408965677,1.138467044718023,0.8311930001591851
7808,0.6431564650889751,0.747395020140253,1.147593141142009,0.8316364969140371
7809,0.6441048523816071,0.747464842554451,1.141314703269281,0.8291141445600031
7810,0.6465282114627561,0.747902202001516,1.143057238688503,0.8338329489680301
7811,0.645493127459633,0.748689302067825,1.145134675114051,0.8332614222730411
7812,0.6445187186903281,0.749757126837536,1.14578197237806,0.8324260420935311
7813,0.6441106148118121,0.751992183642974,1.14882651651683,0.832486595445569
7814,0.65220490678389,0.7533148868360381,1.149134353883024,0.83404739830049
7815,0.649904597847574,0.748559654298899,1.143151614545048,0.8362550021729601
7816,0.6477231132811391,0.7538968291187631,1.138633826396603,0.8285469430350301
7817,0.6399795412207421,0.7553637759841001,1.145118678933468,0.833161231103366
7818,0.6450644786051211,0.750895545534465,1.140254029545231,0.8328649241585231
7819,0.6498009114377741,0.746804480859334,1.144427481120911,0.830829254715986
7820,0.6464431841142361,0.7513943033805791,1.148138752018196,0.831994635579378
7821,0.6464354201233471,0.751409397393033,1.139953016694905,0.8246204950239341
7822,0.6437449167766001,0.7474501209630481,1.140671233012192,0.8286387594551711
7823,0.642983045240027,0.7548547027551611,1.147780459320199,0.8340018717707061
7824,0.6466058890024821,0.7502413434178931,1.13672439980766,0.8234087500343281
7825,0.644623077892954,0.7526005956789721,1.139509222321752,0.827321751826051
7826,0.6433473689940521,0.7475082590312191,1.14224675697261,0.8279495211183161
7827,0.6483428164560721,0.75660015826208,1.148358294065447,0.8400674604581311
7828,0.643731727386298,0.750019770061624,1.142419768848281,0.8346109364343721
7829,0.6462407183927901,0.74938989603433,1.142492108802864,0.8301028573912551
7830,0.6482622322180991,0.747283483652964,1.147388409445251,0.8291783297191491
7831,0.644002237235722,0.7511096759766771,1.140516389323317,0.830914104330366
7832,0.645359671661171,0.7515195551989731,1.140405961028907,0.8298955630727001
7833,0.6460180346030681,0.759208656631518,1.140617124952267,0.829696585059813
7834,0.648793061898238,0.7514909668893051,1.1376768596794289,0.8297581144918991
7835,0.645590272583607,0.7445961821122441,1.13933871600075,0.831356302281652
7836,0.6512570517218631,0.752406202472638,1.148984371212081,0.8327894073681551
7837,0.645829203012196,0.7480017230778501,1.141881868027258,0.833491378153363
7838,0.6437792467304331,0.744662866752216,1.136991588317829,0.823366856769375
7839,0.6554180848263741,0.748740026700323,1.144509202760198,0.832813580614933
7840,0.642783603131555,0.7504663005255271,1.139842076362043,0.824457262035297
7841,0.6432060096952791,0.745552411329919,1.146236804516419,0.8219507074766401
7842,0.642279125696075,0.7452192290321641,1.140850368401278,0.8273557734986141
7843,0.6453218885521951,0.7492587253235381,1.142490883344325,0.8265036223051341
7844,0.645266432720034,0.7500243203147591,1.146488751838172,0.8330781497331201
7845,0.6451630166097391,0.747169826341711,1.139625943981219,0.828318946738389
7846,0.643526488348193,0.7499941768853561,1.146123328610606,0.830573953985088
7847,0.648658328703132,0.749575890384722,1.142867996532847,0.8302075957096571
7848,0.648435883925876,0.7489315013306721,1.144878974103409,0.828884536562406
7849,0.6367059895579791,0.749822681256826,1.1360289103527,0.829183848952685
7850,0.644733907033999,0.749806035903916,1.145733196450316,0.820609739968094
7851,0.6426133135252671,0.7492452213081761,1.14611707303835,0.8342775977824041
7852,0.6463723121939791,0.75271792968978,1.13857140769993,0.8270666482655891
7853,0.6435725850093621,0.755781430373157,1.137917837910894,0.830768739210738
7854,0.6418729409899401,0.7531412642287171,1.138259613211604,0.8362916766571391
7855,0.6515386388299691,0.752956955329231,1.143147387474343,0.830799617467151
7856,0.644827112042601,0.7484163537189581,1.142276984949906,0.8283834586432871
7857,0.6507734837739361,0.751204291979471,1.15355200352876,0.829191157594323
7858,0.6457134080591841,0.7515946730323461,1.146456467392651,0.8322738375028831
7859,0.6461568416730651,0.751957716393298,1.140414691597655,0.8318830846498411
7860,0.650589067623883,0.751780010219933,1.143307899975258,0.8341039586812251
7861,0.6464408698181311,0.75309108014124,1.144362949698731,0.830513063089355
7862,0.6451926384175171,0.755366982325263,1.148650130823902,0.8316732386694
7863,0.6566224576284481,0.752993329171685,1.149929956789465,0.828755917000597
7864,0.639929148813952,0.7505938771410261,1.133445690399494,0.8379425668846001
7865,0.6455594722073571,0.7517653179989341,1.144448702642019,0.8336130858439461
7866,0.6450589773231651,0.7519901918544281,1.140181023897468,0.829673095187847
7867,0.642772409120115,0.751100661745969,1.14568365516438,0.8267567956253231
7868,0.6513208345226621,0.750529725266539,1.140548271005568,0.8289279312543241
7869,0.6503896671954701,0.7485678956128541,1.143198970435322,0.832656004749562
7870,0.6492480936635661,0.75165828263414,1.143552686101284,0.831660743694806
7871,0.641627231747775,0.7476060399110761,1.143744877067165,0.8214496725333341
7872,0.6422077691911351,0.745850109859653,1.139499315749044,0.823559664783702
7873,0.6489192896617061,0.7508705698925511,1.141558581936186,0.831304195998371
7874,0.653269255425835,0.7518985768159231,1.142581122400967,0.826036967742054
7875,0.6469142309025571,0.748476490486359,1.142072351622408,0.8334671852273351
7876,0.6466351300208031,0.750793498279391,1.143544265217539,0.832934309606966
7877,0.6407424298695461,0.755784689408281,1.135196482681709,0.825210075285555
7878,0.6470679757927631,0.753827516907367,1.143851185082525,0.8334222041286421
7879,0.644568749069087,0.7576479436694711,1.148309768757958,0.8369599454698781
7880,0.647306120913961,0.754085056483745,1.146174272873263,0.829786024771738
7881,0.650452486090902,0.7559310571439021,1.145194787802039,0.8369274513553011
7882,0.647430383910735,0.7518670218794241,1.146162427421929,0.832481991688626
7883,0.647015386112574,0.7586756954374521,1.142157966352027,0.833679413206983
7884,0.645185422098291,0.745068175421244,1.139947761120139,0.8236601474438451
7885,0.645439509869269,0.7496450311247851,1.142251987496148,0.827072660722162
7886,0.647467606633469,0.755819728840952,1.140830338649127,0.8308410577853951
7887,0.642768183750086,0.7490670037442361,1.148295731756134,0.8306022262929571
7888,0.640813613958332,0.7461326588755061,1.140786535606004,0.834398684483291
7889,0.6430904911426091,0.7494597819404321,1.139791596734869,0.8266180507784731
7890,0.64313077767366,0.753026749020901,1.143464496386224,0.834810414742948
7891,0.6417576467645341,0.7501654230814041,1.143152656222599,0.832722257336844
7892,0.647825553608329,0.754158673295076,1.143457342209159,0.833097058793772
7893,0.648103800129847,0.7546026361161381,1.14514713799176,0.8333450827369651
7894,0.649975644910465,0.751442937099415,1.146235385018846,0.8349380114156261
7895,0.6445671191196071,0.7477045369105061,1.1449311947908951,0.8330599248841181
7896,0.647200593265934,0.743171545906343,1.150131849383098,0.824843879357196
7897,0.6476558121056221,0.753216876391915,1.142839760020159,0.835272746808502
7898,0.64505525154696,0.7560020760781521,1.141989773166352,0.8212153150065651
7899,0.649688906427742,0.751933623807153,1.139989462235699,0.8316527767025901
7900,0.6501477120471171,0.7559297035137811,1.145384910206,0.8349940747940451
7901,0.641354928468016,0.748779093549735,1.141214103370473,0.833992100307259
7902,0.6395088870726201,0.7470525946954021,1.138857606420482,0.8253508318971461
7903,0.648713368112626,0.751504193721474,1.140887370899967,0.8298406189820471
7904,0.645352586320992,0.7526511827456771,1.144354325489721,0.8276312363914391
7905,0.645981283372511,0.7508579350036121,1.141377451951089,0.8319188171754711
7906,0.6446732001622081,0.747126667827799,1.144907019708467,0.82583279494682
7907,0.647970495718544,0.7480878694981761,1.140543646678544,0.8233525427463261
7908,0.6387618361175921,0.745035471691601,1.145388422992782,0.8245894163846971
7909,0.645434734856952,0.7549901160856951,1.141927597639353,0.8284669665862681
7910,0.64381590353298,0.7479980474580891,1.141682916469332,0.825297073447617
7911,0.6452500055935501,0.7562349066138261,1.144272088140681,0.8330563835097821
7912,0.6476313010452011,0.749347312510877,1.144458215629709,0.8301227447725291
7913,0.64387184748615,0.753274129244728,1.142539188373779,0.8293664969935791
7914,0.645798335931655,0.74717174783565,1.142765854147897,0.8303176678069261
7915,0.6514613160836521,0.751580665508906,1.141027071445748,0.824026619421615
7916,0.6424207370188351,0.751793614008288,1.143508742684903,0.8265134398488031
7917,0.642712607115939,0.7517532131810121,1.138828374661397,0.8238280611787581
7918,0.6487658916824101,0.750849681164043,1.147011427235776,0.826212434503047
7919,0.646726269571893,0.7544058360483331,1.1456978325394611,0.83042335683021
7920,0.6422444236721251,0.7504988340795901,1.131921163287715,0.8309271135569911
7921,0.646451735626096,0.7585659346718711,1.143572745763737,0.8324323021469341
7922,0.648415574345035,0.7478042197400241,1.145227559666702,0.8297702530803881
7923,0.6467102061201261,0.7451569344038541,1.144837530518787,0.8176228288777061
7924,0.6454886753328031,0.7526324064187381,1.14351665455362,0.8297439828461061
7925,0.6483864487027341,0.7511492054099621,1.143697040560452,0.8307033689503651
7926,0.646348688508505,0.748530314776344,1.143068055635777,0.8235800418786811
7927,0.647751728774628,0.7477363612556801,1.142627032230729,0.832289400901915
7928,0.6471148864838521,0.7571313785038131,1.144302124454491,0.8318929432796821
7929,0.640436948722471,0.749899490587953,1.141578530487807,0.8243498021223831
7930,0.6428710884158161,0.7540967704161351,1.150565808665925,0.834799940306423
7931,0.647683315303014,0.751615884295408,1.141926376931909,0.824859617628913
7932,0.644271536446783,0.753932728175667,1.144406215544196,0.8311248475118821
7933,0.65032797306776,0.7480303694804511,1.1419997960329051,0.8290850101443731
7934,0.648022705095185,0.755969865058643,1.14455509552921,0.825789603526177
7935,0.655782182768419,0.7510073827444641,1.142449944671513,0.8272537038917991
7936,0.6449404535140241,0.7460029209437571,1.139671032951362,0.829471749968934
7937,0.647126566159768,0.7536899244439771,1.147285637216291,0.8274487152263731
7938,0.640669154921087,0.746951143810714,1.139230706337569,0.826255423975163
7939,0.6424810689860491,0.7494441792368881,1.143816487944644,0.8317401918812071
7940,0.6470970295207651,0.75431408635948,1.136980620847232,0.8267257065390761
7941,0.6427716668425261,0.7542120924462441,1.142777017493178,0.8289886871217811
7942,0.642396955926349,0.751551839320556,1.14594714300356,0.8306319111877161
7943,0.641179398566052,0.7444945055505501,1.140827149584673,0.8248431388072771
7944,0.64740190471428,0.7496248360561281,1.144757998054442,0.8234957151816801
7945,0.641111386615944,0.750777702076711,1.139264383069847,0.8249338212004601
7946,0.643086839035369,0.747148792164913,1.14293729988993,0.823872712724234
7947,0.6480012113579371,0.7516396890083941,1.149329850315183,0.828594037966019
7948,0.644736711664692,0.7506183986214621,1.13764325896467,0.832877500333647
7949,0.6476246814742901,0.7519745401282241,1.148482532064983,0.8356880235715181
7950,0.647308558873508,0.7516946769926851,1.1437784710872,0.826872560209122
7951,0.640048400053511,0.7543093359124831,1.141691722731659,0.831378456151139
7952,0.6388509238705681,0.750865582322728,1.140006032434926,0.8262675845374661
7953,0.645566545939747,0.7522911352739811,1.141913189512232,0.832505131491284
7954,0.6401477621571311,0.749897993669129,1.141738178289455,0.822743737206294
7955,0.650230622701886,0.75569546740988,1.142069194627844,0.8345652979299211
7956,0.640421523051201,0.7458145775008891,1.13669528239879,0.820945012423655
7957,0.6460820708315871,0.7530815433980761,1.145651075071182,0.836711694229988
7958,0.644531158487433,0.74912876409033,1.143553130436634,0.8311799477947791
7959,0.6416477774796271,0.7514187848006461,1.145773449453754,0.8336551597314901
7960,0.648640026567854,0.7490956162412961,1.142667586712733,0.825536746153796
7961,0.642363428313663,0.750247804798941,1.142820239283036,0.8285815985738361
7962,0.6415721675570021,0.7503574800448141,1.145095289077447,0.823775786798501
7963,0.647090930950598,0.747859623769055,1.139649343987305,0.8335335391533111
7964,0.64407959367162,0.753143467440985,1.145649157356524,0.830225466710069
7965,0.6496709201053,0.751485485421574,1.142744712855504,0.831510439056201
7966,0.6440291497046531,0.7523687331788781,1.14205305699421,0.8263299657382821
7967,0.64265836281297,0.7561293717311771,1.14755935124729,0.8374556064389751
7968,0.6454824589030891,0.7477235223935991,1.141951433126477,0.8244225610371511
7969,0.6406444854548441,0.740804421944894,1.1407585742249,0.8282904875721181
7970,0.6459042758451421,0.7525974892187811,1.138394183438757,0.8262645326608761
7971,0.648667773366838,0.7495271117574921,1.141752206868883,0.8277801135419931
7972,0.645874617243374,0.745008310222107,1.139789382724658,0.8307428488210921
7973,0.645739636694391,0.7493098000253451,1.141175578145877,0.827202727262308
7974,0.64769589593229,0.7530466713335201,1.14737035366504,0.8310826742832641
7975,0.6455614600546551,0.7493664662259211,1.142828791253808,0.8265005461061771
7976,0.646155254699397,0.748819802442322,1.14901515085628,0.8301907867949071
7977,0.647537414200495,0.7469558409158731,1.14158972557904,0.8263473315299421
7978,0.642744482751341,0.7477981958916221,1.140071168757867,0.8227671931727201
7979,0.636564467534206,0.747575374833051,1.143695606701616,0.822398608145506
7980,0.637046487273081,0.7473452091217041,1.134681600483431,0.8245396064729361
7981,0.6424646145407701,0.748776659585427,1.145440110477848,0.823678854313017
7982,0.6405711376202711,0.747407843777235,1.141154860888702,0.819836513314774
7983,0.6430443212983831,0.748458223066468,1.147141810344613,0.8297935186520861
7984,0.646855595805074,0.750436324680197,1.143201238543227,0.8292184293648031
7985,0.644389374883494,0.74447600727064,1.139654444395632,0.8267341600056141
7986,0.6412838381593641,0.7457373786879621,1.145037266871203,0.8252405917298961
7987,0.6465360257450651,0.7524829573821331,1.140015537216179,0.8278254498390181
7988,0.646311684768053,0.7533823912558341,1.141526540984278,0.8247579270028981
7989,0.645295121342591,0.747030989739342,1.142753411894259,0.822945482408007
7990,0.643962528664564,0.751294899030008,1.148714636546978,0.8311598873764701
7991,0.651060581774167,0.757300590151462,1.1499816520490511,0.8365458103733651
7992,0.6486210461867891,0.756045171963995,1.139990284715009,0.8293352531728101
7993,0.6440733183391281,0.753382130269555,1.142998388927915,0.8216795303413401
7994,0.64754886355629,0.7482605333561481,1.141195558983346,0.826696909991079
7995,0.645603188462015,0.751130536738513,1.149281307623006,0.8300682844567121
7996,0.6411467238828751,0.7515656485937641,1.142654965969099,0.8223677239232301
7997,0.6466693966986901,0.7516559020116701,1.147543111141177,0.8238810600199991
7998,0.643274775476775,0.7428593879592591,1.141472008781156,0.8181669025317481
7999,0.648873692324412,0.7493501756934151,1.145562647261481,0.824620600870769
8000,0.647799262102099,0.752771708304467,1.142711045193499,0.8208907808622581
8001,0.642182390920925,0.752734243005946,1.142554660314235,0.825428795825312
8002,0.650118453239185,0.7546890997800271,1.14464020340339,0.829111647508714
8003,0.645179165581214,0.7491559320385901,1.143077145236126,0.8273009612508441
8004,0.6433194315843821,0.7529395991477411,1.140442736770795,0.8290297664378
8005,0.645252581442827,0.754669823508331,1.140133137828198,0.826319511736864
8006,0.64973039150346,0.7555737525656601,1.140607920137868,0.829768767634379
8007,0.645554661183901,0.752944439649581,1.141285169923651,0.824153480106505
8008,0.646800820675233,0.7502265228093531,1.144499187776144,0.83273620881896
8009,0.634898012584966,0.749894238684488,1.147627814092497,0.8334999840058711
8010,0.6499878005597031,0.761392342223637,1.146105239572732,0.8337008639954131
8011,0.6427739910187491,0.75252162416776,1.142277431336866,0.8326319046318531
8012,0.649268144309736,0.7525259383778641,1.144103838697723,0.8255694742867911
8013,0.645093770508748,0.749232103967148,1.14104361238255,0.826167227052476
8014,0.645878036897899,0.7496024127239761,1.14285447081362,0.8318216937283671
8015,0.6459030411273671,0.748884554790413,1.143529893047567,0.8307415403533671
8016,0.647600401462852,0.748370471315971,1.139940544207027,0.8328112154605161
8017,0.65134245491978,0.749088394793047,1.145079488447611,0.83060827748715
8018,0.64943837504024,0.752355436484018,1.148312611856322,0.8271466885031991
8019,0.650879382115343,0.749983186847057,1.14898196057133,0.8311324875423871
8020,0.6454972718450901,0.754815239189327,1.1444266282993811,0.8291087837592841
8021,0.639791214352716,0.74996708938177,1.145619589241518,0.8349082556863621
8022,0.6516718780486911,0.7548026964068411,1.142722140187802,0.8278852999480301
8023,0.640905202676852,0.749615788567757,1.13405618460282,0.8239360572905211
8024,0.646204605428636,0.754249568974626,1.140634994575942,0.826559907851227
8025,0.6428350281726191,0.7501571977484051,1.14750815409681,0.825913029115485
8026,0.639300134356903,0.743738190311452,1.14048541833957,0.8252673295151061
8027,0.6443388147576561,0.7486231273067171,1.141519883296628,0.8297310223721941
8028,0.6457125484349501,0.7432783981380251,1.147140438681927,0.8287295992823611
8029,0.6446862427274811,0.7478347182057901,1.137934996598008,0.8209354272517171
8030,0.6454219941751681,0.7476381937014881,1.142034380656221,0.8279598037023901
8031,0.643770890850303,0.7491571284506631,1.141522677912228,0.822942064940065
8032,0.643192448045896,0.750312174251977,1.139893281718958,0.826040588562255
8033,0.6509150885099511,0.7512403463107951,1.141496453596198,0.828333151351282
8034,0.643851309744776,0.748682880315227,1.139522661549457,0.8199136252312551
8035,0.649357041964928,0.7461850640998371,1.142849657198657,0.829435260831445
8036,0.647834487232393,0.748485320288202,1.145055267797864,0.8296138794039901
8037,0.6456324320718431,0.747450445549211,1.136566678251045,0.8262851669358601
8038,0.6401772567381461,0.748041011932967,1.15046610056922,0.8221088893225661
8039,0.641525359851294,0.751436325411001,1.139944880660893,0.823159066960215
8040,0.646092074477802,0.749219726069249,1.144937403608059,0.829377099520702
8041,0.6463152664997001,0.743751168035078,1.144706928535648,0.8266898004905031
8042,0.6496703098055671,0.7541774469225301,1.145069924817569,0.835536739073585
8043,0.644175274702517,0.7515036923729851,1.149437964070534,0.8290060582584221
8044,0.642702465660978,0.747891002159187,1.143272361677626,0.827428589858438
8045,0.645281459893221,0.751209471212781,1.142172546706338,0.8275828822583391
8046,0.6429300409188301,0.7534171091257661,1.141995011788347,0.8321165908128021
8047,0.6415921512289321,0.7534190646332241,1.14626698433489,0.8246929698718191
8048,0.6419914399368171,0.7470370165031881,1.140753524134988,0.822002262821879
8049,0.644234149595317,0.7511953657519991,1.141998618625212,0.8217101238290031
8050,0.648422988131642,0.7521040295993071,1.139596449508183,0.8280583741548261
8051,0.649618835066971,0.752844615474991,1.137162201430486,0.825717837239305
8052,0.6458129446845551,0.75272712878127,1.138248373092948,0.818906089803878
8053,0.645975072557727,0.7488227327880651,1.148623426431331,0.8232229509647341
8054,0.6401127349261351,0.742462297388608,1.143987595495106,0.825668001061548
8055,0.647113375716667,0.7491788728081661,1.145737261443898,0.8237409150308881
8056,0.647451869657506,0.749254717019157,1.146563573268012,0.8237184533120491
8057,0.646083217195194,0.7504670343537261,1.145871711273988,0.8284032668486451
8058,0.6441498844195961,0.7500958078797311,1.136274316496607,0.823919941792669
8059,0.644638590865593,0.7485611397719031,1.137423741968645,0.827524081601396
8060,0.64715349536551,0.752137794442798,1.141380754177985,0.8245598424388011
8061,0.6443959649490271,0.7423053033973861,1.143835822093314,0.8187537297498481
8062,0.6442632107469051,0.754176481586435,1.147492065161898,0.821139654657547
8063,0.641799603710355,0.7516535515154611,1.139546136925186,0.819777988653252
8064,0.644698579242264,0.749893634863521,1.146519613546737,0.829225797773055
8065,0.6412263589546731,0.7499920101701351,1.137441701863123,0.817576688916786
8066,0.643039707337384,0.746624799634235,1.144258017017357,0.8241071343097991
8067,0.6439541495958531,0.7503413406835081,1.143658939802992,0.8289213185401061
8068,0.6474319141142171,0.7438178302153291,1.13905974941841,0.822007175480973
8069,0.647660744632931,0.744946799632431,1.142551925843176,0.8218554501030321
8070,0.646660633844094,0.7481181800797361,1.145189938985783,0.826622911715421
8071,0.6460319005114871,0.7496833307803541,1.146574491176052,0.8273507956739351
8072,0.64177508590122,0.750043030558288,1.144223760435546,0.816686889345663
8073,0.6435407121004401,0.7458201306669601,1.139819639208524,0.8314722880073211
8074,0.6446845271503141,0.7486518049153721,1.144576818722745,0.8302441518213871
8075,0.64256467240984,0.7495392129041141,1.140379559626613,0.824587952966491
8076,0.6456813459433071,0.7459062860495801,1.138354892424051,0.818845655175222
8077,0.642291989312439,0.750971108782982,1.138855245558248,0.8283596466956791
8078,0.6475516413270991,0.757076012915459,1.149278685126615,0.836366030967969
8079,0.6446670477373011,0.7502818327883011,1.138370372354984,0.8186014448225061
8080,0.641193358929476,0.7468948478716001,1.140339737569076,0.825221482988285
8081,0.650498281219515,0.7528697862357331,1.145036051886669,0.828215591987406
8082,0.6449557760379451,0.7463724582955451,1.137217862234599,0.8225012018574751
8083,0.648211451652257,0.7454948215812871,1.142777264658091,0.8218742642497671
8084,0.6430207976558501,0.7449556849357011,1.145288188064443,0.815657363124731
8085,0.641052799893246,0.7454197320385251,1.142363422266815,0.8249292207638851
8086,0.6442036830644671,0.751741626556368,1.139799465303835,0.825431494582174
8087,0.6412770855577961,0.744602508195068,1.1385560575602711,0.8232480883868271
8088,0.65057805383011,0.7523696864212761,1.144199958961943,0.824495769713235
8089,0.6396715262283881,0.74935306392718,1.145699862984643,0.822111262305491
8090,0.644084948668445,0.74821500469377,1.13843673294869,0.8225279038475041
8091,0.642953160718299,0.746704712618088,1.145344835368619,0.824089951786226
8092,0.6482170878275141,0.7496861629727951,1.137585358667201,0.8161213611779
8093,0.6519093770209861,0.750891223009945,1.145665486221728,0.8310789415693801
8094,0.648453193973156,0.750851893338604,1.140663614631563,0.8254138116549321
8095,0.6508905793121761,0.753196686182333,1.141120857302693,0.8241457402490181
8096,0.641517043383657,0.7499463550638461,1.139449968934059,0.823303198387873
8097,0.647172179424028,0.7538463458202881,1.144146661935509,0.83147116607406
8098,0.6424407994347631,0.744434251085571,1.142047996754231,0.821649875599836
8099,0.6381167565620891,0.752009594030138,1.137172437124494,0.826942229535484
8100,0.640529246163972,0.7491295102281841,1.136757522713447,0.824538210325914
8101,0.647631537898079,0.7515403453422621,1.143711557314879,0.823657532101092
8102,0.641518683348228,0.749181397907111,1.143004044566465,0.825656043608551
8103,0.6484746579350761,0.74858073155949,1.1438210818214691,0.8191094833925581
8104,0.646277495511416,0.7476819762285201,1.135441215681857,0.825567128676651
8105,0.649088971532773,0.7555712389125341,1.143598721619101,0.8268887014870621
8106,0.644044294575418,0.748819750504217,1.140756719570229,0.829652416209379
8107,0.645722142326227,0.7502149955733961,1.143527164623357,0.8277304982361581
8108,0.648511972818253,0.7568671160202091,1.13912059183138,0.826485886575951
8109,0.6446158255085991,0.746484830543614,1.141287733787211,0.824286282089525
8110,0.6482638102294741,0.756086319792961,1.14033817877804,0.824801819452988
8111,0.6437380089546021,0.7546422074454411,1.139615828036398,0.8215602065935941
8112,0.6430355578498991,0.7498249077926511,1.141427812260994,0.819759783591481
8113,0.6436457013090451,0.7546120093784471,1.146831403715886,0.8191587395318171
8114,0.64216546681912,0.748919155934582,1.134114614755347,0.827392915101802
8115,0.640461969067869,0.7535868506284721,1.139132761113021,0.8264852633996711
8116,0.6512568865403311,0.750863413555898,1.140467523340729,0.821246727140269
8117,0.6503852979158571,0.755040863609832,1.152225416315638,0.8278136371594401
8118,0.641337139235026,0.7459131277341771,1.141347864291806,0.81600747362751
8119,0.648792925925142,0.754900054115316,1.144324935864711,0.8299621151679231
8120,0.642846069474151,0.7490675662090811,1.13431849265876,0.826973489283219
8121,0.638625269323803,0.7457589744657711,1.139846182711746,0.822676713240967
8122,0.6438968506898131,0.746604711681172,1.146420272256153,0.8230155506913641
8123,0.645825997237926,0.7513055504448171,1.139890204089275,0.8211660692603261
8124,0.647218596298193,0.750674382608006,1.141290278970331,0.827945630268558
8125,0.643531190042478,0.754289792067762,1.150552600946115,0.824722343191936
8126,0.645114651246779,0.7508838949860001,1.140027622489825,0.8206770727815831
8127,0.645276404134389,0.7538535036686531,1.146795128998549,0.8303247236957151
8128,0.6405416248447221,0.731886442264784,1.134702423452467,0.8168734563919511
8129,0.6407197210127891,0.747364928756935,1.144227040094741,0.825714943930506
8130,0.648671639651276,0.7475146012029781,1.143352415574633,0.8232122729869851
8131,0.6470622614134051,0.752874979938285,1.143724406219047,0.8232335222588071
8132,0.645744600778688,0.7435930730855981,1.14323821005182,0.8197402610457031
8133,0.642199333946126,0.748965224062187,1.141296100249325,0.8250355741576001
8134,0.648084157375969,0.7483684167913761,1.1417838739960091,0.8255081731502121
8135,0.64877400725432,0.7501467013920561,1.143817645268163,0.8260507483467241
8136,0.643766303560224,0.7518687427475831,1.137948442520438,0.822379622581428
8137,0.6491811966280571,0.7567079292907231,1.137692014916219,0.8231248173970671
8138,0.6477796864844311,0.752909522557604,1.147733991128811,0.8304100747125731
8139,0.641719137061981,0.7537321326309351,1.143726472513399,0.8259960661601761
8140,0.647018939607601,0.7550475805781891,1.148297515900238,0.8327070702461221
8141,0.6434471584262621,0.7568760371726491,1.138897236706554,0.8270739237575421
8142,0.6458355786035891,0.754037561515967,1.144333945668262,0.832541332053749
8143,0.640809026641258,0.7488388886702231,1.141182770979577,0.824251068243082
8144,0.6497286158897301,0.7546060404915741,1.145549349810766,0.823562580687196
8145,0.645304213993359,0.7506733527002121,1.148431302952593,0.8215405619230821
8146,0.6468205968107,0.7477339622767071,1.142291179061799,0.8179288302696701
8147,0.643324319786135,0.7524697350851001,1.148317310149255,0.8232804706347161
8148,0.641257559286727,0.741971333281717,1.134859948162583,0.812827522528992
8149,0.645232796021129,0.754022041416686,1.141161247547985,0.8258568663150071
8150,0.649453107618551,0.7483324229285331,1.14709426505842,0.821992334653285
8151,0.641429816548159,0.75427666997564,1.151016827834689,0.8287771309631451
8152,0.6500371580106621,0.7549278445649831,1.141622512020926,0.819729949523141
8153,0.647437512118747,0.745006551345189,1.135442051334657,0.8182626465146521
8154,0.643255787186216,0.747007579151271,1.135940334827139,0.82350949862081
8155,0.641433273995484,0.745610189502653,1.141127526328183,0.8229043306377911
8156,0.646506097842601,0.751117928628472,1.145617003242174,0.818774003130586
8157,0.6515498953075081,0.7549114454051721,1.149221363922824,0.8231790023383451
8158,0.647409733330857,0.7449175471412961,1.138641951740651,0.8161125974324731
8159,0.647027071700363,0.748869445876798,1.141883595698121,0.82089646546629
8160,0.6406959978512661,0.7508094799907311,1.143451579994913,0.816495694004107
8161,0.6416190073595961,0.7508576977728071,1.145320657154788,0.822343610281097
8162,0.6421976829136621,0.745093728969062,1.142732883169167,0.820094373320107
8163,0.645288248047016,0.747215138289375,1.146402206433856,0.8206120792614371
8164,0.642534564289709,0.748469252301299,1.145004682998726,0.8160800328883141
8165,0.647811188376036,0.748858850827251,1.141910937385282,0.82412354124413
8166,0.6473030311905821,0.7508858861266701,1.141227248354234,0.8180742182809371
8167,0.6425922381813111,0.7459662333130831,1.141297007276528,0.8204986604227531
8168,0.6434609067180881,0.745895606776078,1.142149802567302,0.817838659483021
8169,0.648616741883797,0.754998600245385,1.142849231435768,0.8181958962231871
8170,0.646009411176909,0.7536265580118561,1.147510433218617,0.835042850910753
8171,0.6413498177476551,0.748055369849654,1.135017872288607,0.819270348554288
8172,0.641893818677551,0.7431252041588651,1.1406298013053071,0.8159166590675061
8173,0.648117136939064,0.746166176446106,1.141322353179904,0.830378031439107
8174,0.644034293952627,0.754052740508231,1.142319810239301,0.823026380056272
8175,0.648589509795757,0.7541192599396771,1.14863167821929,0.8243948780000211
8176,0.6393800717980961,0.746227344525033,1.138494982451632,0.8188912001964831
8177,0.646701075271635,0.753400572400162,1.14483431165201,0.825654693838694
8178,0.64501861118428,0.746669987621514,1.1430187275012331,0.827581233952356
8179,0.6431340473447581,0.752005936442941,1.139935197065706,0.8277469893674481
8180,0.650482724299249,0.7524417255451711,1.150693027221638,0.823146747884111
8181,0.640314183238407,0.7468189233239141,1.139042679814325,0.820373202228675
8182,0.6422240904167941,0.7459279872153111,1.143948791143687,0.8157398524707641
8183,0.6390535100700631,0.7519281306776441,1.144384621170119,0.8240044524596221
8184,0.6409374300282501,0.7510406035875921,1.141090222998805,0.822784626559502
8185,0.6409610903727401,0.7518138654422061,1.145248808074688,0.82413591776529
8186,0.652042903168045,0.7529289252732111,1.143973885778931,0.8207018133792751
8187,0.6436367552673471,0.7526925493409661,1.139905856895274,0.8271749234501861
8188,0.6472856259594361,0.743283853474734,1.143924100351506,0.8204513258584161
8189,0.6438776377480531,0.7438611621442041,1.139028895808302,0.825207319353585
8190,0.6400417318378671,0.7498279029260511,1.145440212302449,0.824596998592217
8191,0.6400488944103321,0.747832742830117,1.145294232212978,0.8284324473984861
8192,0.647128041428716,0.7492853082392521,1.143219857652118,0.8217614612717561
8193,0.64477110022436,0.7529556047225341,1.143882748981316,0.8257480428378651
8194,0.642208781957194,0.7528984028360111,1.148055479794308,0.822840053750121
8195,0.643161807236248,0.7497336003875381,1.138092553270036,0.8222610159250701
8196,0.646612565343578,0.7474745591913441,1.142428386578525,0.8208312347693281
8197,0.6478767374233491,0.749102711461592,1.144091935045477,0.8144970594810831
8198,0.648656204153878,0.7518062772958171,1.144170296688874,0.82460106914674
8199,0.642473094354289,0.748500706277031,1.145870329029318,0.8169783394837721
8200,0.647445121456099,0.75590662010338,1.143571923824324,0.8201000860527801
8201,0.6420112663097141,0.7490270115111181,1.135020920979804,0.8181758036000141
8202,0.6391573684101081,0.746704516311486,1.135730319372985,0.8160920174981371
8203,0.6454653987741981,0.7521107646002281,1.145043078540028,0.8252496786847491
8204,0.640777104493716,0.741883769307447,1.137368836588617,0.8107578760633861
8205,0.6453156120589241,0.7451228256458821,1.139464049451593,0.8156577256386691
8206,0.648475965323007,0.7530648669470911,1.147054969076661,0.8233672581559071
8207,0.6464110361547141,0.7520618744302481,1.138113290935322,0.8190579648683031
8208,0.646290422970618,0.751776392153207,1.143759129703908,0.820517222815449
8209,0.641128034803314,0.7519016544456061,1.13859765674325,0.823147541047006
8210,0.648672234293991,0.753109091649884,1.147405846719292,0.827442765667818
8211,0.6417770967751311,0.749452747620534,1.142708097679027,0.819145452744071
8212,0.642779412179969,0.7511566445447391,1.135025441862534,0.8195712437340311
8213,0.6465589794181821,0.754273357490698,1.138632303130799,0.824132215771554
8214,0.650537809222072,0.7534589358214011,1.143338168012923,0.824783946670915
8215,0.6441947879620651,0.755801497270231,1.15284792377033,0.819838063467455
8216,0.6436618814325851,0.7474277271092801,1.147505920326364,0.8222424751552551
8217,0.639972349925749,0.7497066149245131,1.14174578792375,0.8172152908383931
8218,0.646925515103815,0.7493766314093611,1.148724276950393,0.8186588385074891
8219,0.6467662297351201,0.755190232525701,1.139452123879522,0.823215007970946
8220,0.6478285912046391,0.751747683986373,1.146064778816872,0.82325070583518
8221,0.647009156779318,0.753034261689669,1.144937334393245,0.8289558544107101
8222,0.643677206035109,0.750405548707298,1.1396779706296711,0.823792298310908
8223,0.643736485445844,0.748731338675471,1.134997789194618,0.8152294420515711
8224,0.6466256425972431,0.749570967386598,1.144936433088952,0.8205667581625171
8225,0.648855976652408,0.758635480010855,1.143172119622645,0.8234906507305041
8226,0.6430179879501241,0.755628328824388,1.144955184040726,0.8297760304927391
8227,0.6443310652090151,0.7589710414193671,1.144138375702111,0.8262128149955601
8228,0.644079280153348,0.749471724897191,1.137313961010912,0.8230277881350201
8229,0.643567768182011,0.7504803963761391,1.144514527009881,0.826326128986218
8230,0.642311660086979,0.745729382163372,1.14097568317168,0.8187746831040451
8231,0.6494451427589291,0.748965213048285,1.141779064376285,0.82560098937888
8232,0.636682974660526,0.7519525130805761,1.137016619029252,0.8181079522693071
8233,0.647117791157485,0.7460200280167051,1.137007326967474,0.8185299871138471
8234,0.649029071672239,0.7503359850118121,1.138762722844662,0.822253740622081
8235,0.6397543912618481,0.75224400020164,1.13888557082501,0.8237986547899411
8236,0.6427574490561431,0.7501404248717901,1.133218349969905,0.8225609249016941
8237,0.644329731474104,0.7491004857896031,1.140608635609564,0.816645783601679
8238,0.644940865185597,0.747087924700716,1.140997530757517,0.8250656875957181
8239,0.640718635657559,0.7487139235372121,1.14141464308984,0.820125252143412
8240,0.645371428650358,0.7503887533709621,1.143361035680425,0.823951567023776
8241,0.649002405045473,0.7498904538975241,1.140228933506253,0.817619408791263
8242,0.6408112283688091,0.7455866817330961,1.139378712769003,0.8178990925729701
8243,0.6453008373686361,0.7475288646376651,1.142858010919197,0.823537642082226
8244,0.6483313299283601,0.749416378745134,1.141213021956492,0.823887940604185
8245,0.637192386216011,0.746047051488489,1.144079057310802,0.824035236962895
8246,0.649398429805169,0.749605145143426,1.148465635551922,0.820040678875385
8247,0.6447933827243421,0.750436724528022,1.140462217987447,0.824048286546831
8248,0.6493888463878971,0.753766508206077,1.145751350923724,0.8210571400173331
8249,0.6413426157087081,0.7531974434420681,1.1417958031314,0.8229570277035231
8250,0.6414260916627831,0.7508457603229991,1.142236530672812,0.820551503557657
8251,0.6452635897026541,0.745334436388119,1.140563765729683,0.8142501244294471
8252,0.644164277294623,0.748688422899315,1.140268670260042,0.8227602774682251
8253,0.6420091454047651,0.7486878607584081,1.137844296793143,0.8188045230842581
8254,0.642691079824083,0.750332089114016,1.1412752019106471,0.820001815675177
8255,0.6432874470787201,0.7497951673424761,1.139740831718064,0.824713180327545
8256,0.64335403845146,0.7504549852531881,1.13903564290292,0.8276908899239
8257,0.6393284784710921,0.739504258161869,1.139221589634384,0.8146799373022021
8258,0.638706932924147,0.748189223201378,1.14086813458066,0.827220247383566
8259,0.6401625259145011,0.743101635812849,1.1420624072569,0.812778954785587
8260,0.644479207856499,0.749558602230272,1.146749434371789,0.8220347078058161
8261,0.6446125428529751,0.7474654844921561,1.145343313614527,0.816947241408237
8262,0.649978055848159,0.7486473036848981,1.145155168853808,0.8206427937400511
8263,0.644883684436048,0.746994488481162,1.138649769235348,0.8180127739366411
8264,0.643457004368521,0.7511954320513681,1.144196218014627,0.81738821265922
8265,0.6456324948888751,0.758578750750292,1.141189685658268,0.8220089316314111
8266,0.6437807989887131,0.7487952792342151,1.142225643862848,0.824342856399606
8267,0.6490895308932101,0.751414027442966,1.150179322754991,0.822897836484986
8268,0.640739527166537,0.7485923370805341,1.143400868967823,0.821368170092287
8269,0.641819707779348,0.752389506369397,1.148987035388531,0.825447052906172
8270,0.643677967263088,0.7492011780108231,1.140238390668578,0.8211225480975011
8271,0.641502136634527,0.7460828886731811,1.14261717316897,0.818377215091301
8272,0.63930961192734,0.744629083552222,1.139103378614653,0.8143345166159711
8273,0.6402763362056101,0.7470198015587911,1.140139514877312,0.8179344675247221
8274,0.649088527845299,0.752164768783942,1.142625002973321,0.820721066732337
8275,0.645883323192812,0.749271061757336,1.144640591481457,0.823690883464355
8276,0.642702582791663,0.746555923011855,1.147439167335413,0.816905711925979
8277,0.649582997558341,0.749281113562376,1.144962717549524,0.8212795061315741
8278,0.64556889111797,0.7490059866205501,1.135229930713556,0.8205560698997281
8279,0.6495044990240231,0.7546018682744191,1.151506552013798,0.8255769034604661
8280,0.643164702839609,0.747092542333015,1.141403336671815,0.8213344853425371
8281,0.646930594969054,0.74898964199035,1.139818588352721,0.82070559884111
8282,0.64717792249892,0.743651598260022,1.141463621802952,0.8220818355625521
8283,0.647850466622174,0.7550271099460291,1.146517718723718,0.82784659874396
8284,0.649522185406607,0.752283657914486,1.141563895603884,0.821899251931387
8285,0.644608956397227,0.7447743766765661,1.145279661576817,0.8253387153904501
8286,0.6444654947389721,0.747990567507087,1.149975805178932,0.821301251406902
8287,0.635464377107395,0.7517135197269741,1.141382699211438,0.825192671377157
8288,0.6414574576892711,0.744972165080084,1.137751079987788,0.814883569390445
8289,0.642757377654745,0.745738787927489,1.138527656594912,0.813754104941651
8290,0.643444481859172,0.749125084907248,1.144993257803329,0.8193208711842691
8291,0.646725839462833,0.7457522192726961,1.137588179305843,0.8153916825742821
8292,0.6370839685795531,0.7500076437557951,1.139703063645224,0.8132821060987051
8293,0.6449473673828701,0.7488309946181111,1.135796107999656,0.822268481190869
8294,0.645077576536847,0.7520351772722991,1.140988879229711,0.8227122204135291
8295,0.6422664187308671,0.748725912277249,1.142031157470267,0.8239438541881411
8296,0.6453793922682171,0.7464693313923431,1.143743958162224,0.8181496485257921
8297,0.6463150905742161,0.7510333619471911,1.137362678953702,0.8195545980571831
8298,0.6459663066257171,0.750366216984348,1.143525682605695,0.8159665772826341
8299,0.6500658745189071,0.751360227556332,1.147354598494543,0.817121478580478
8300,0.644680176983061,0.75109368433123,1.142027279605036,0.8199557419326421
8301,0.6444009063306491,0.7533447543780001,1.144850084639113,0.816986166939571
8302,0.6459456000585051,0.7473791654127231,1.141089892797712,0.8177255163698091
8303,0.6443950685308031,0.7462158613446831,1.139982745267342,0.819322188884235
8304,0.6440337061396111,0.750809558059858,1.141257003921529,0.8197176797126511
8305,0.644129219100527,0.744155643102915,1.14361650172783,0.817350610280814
8306,0.6506688069768141,0.7581647579436711,1.143356039472248,0.823700991472688
8307,0.6488683472347,0.7479374873033461,1.139496076690114,0.8097113720748731
8308,0.653407699873913,0.7522223017353941,1.148856360951195,0.8238701849527981
8309,0.646900209260807,0.7510070226330681,1.145969583612421,0.821373201447768
8310,0.644161593951824,0.7533294834952421,1.140927551881126,0.820087598258818
8311,0.6437774347816251,0.7510724490967351,1.144697581080423,0.8198772188599991
8312,0.644217078182576,0.7483075648762171,1.136001933528029,0.817237516784149
8313,0.6417225274540801,0.742566569343857,1.132904529571533,0.8164334280983261
8314,0.640406072895596,0.7476101808141971,1.142741378126801,0.8228960961535351
8315,0.646723554618116,0.751766972675703,1.145107987134353,0.8233924779123151
8316,0.643347011285199,0.752261911829312,1.136974983133267,0.8182803577864941
8317,0.6423094943705671,0.752855390850184,1.140173183727091,0.8251018744447951
8318,0.639034925784537,0.749694310128688,1.136733988920847,0.8148093316164131
8319,0.641118372992976,0.7480108805972591,1.143472494962422,0.825418096521626
8320,0.637260705637543,0.741901672404745,1.139672503847143,0.813556241006522
8321,0.641348797045108,0.7480410532890881,1.136698989980462,0.817843793688908
8322,0.647108050198226,0.7514337639229881,1.139407466071239,0.8238799560383171
8323,0.645503034383274,0.750842588103335,1.139225706566071,0.817360085394719
8324,0.6475326776558501,0.751346754207127,1.140184692498566,0.8233575666512261
8325,0.648468452897192,0.748944146801596,1.144731624510841,0.8183072478496941
8326,0.6453769743658491,0.750581113648587,1.140946658733098,0.8159974658780771
8327,0.6405279789983791,0.7475950403705881,1.139466121252896,0.814855717716441
8328,0.643910997641691,0.7433942635206201,1.138596452988576,0.815385121177288
8329,0.649436713101855,0.749898474717485,1.145922012411166,0.8133898697307571
8330,0.6401124697286581,0.745832954951818,1.141594347422537,0.814750060763048
8331,0.6496001155372111,0.753365119730216,1.146677691759406,0.8227098136330421
8332,0.6421451941942391,0.7449652588237881,1.143796874669151,0.81266652819687
8333,0.6457277901902571,0.75708093828913,1.149086629135021,0.823127992721139
8334,0.649389967133385,0.749059130208215,1.142123909748118,0.819058841391318
8335,0.651476267185332,0.753818141053552,1.150124702980552,0.8257962065762361
8336,0.6404765086059551,0.751858030864294,1.142022475168325,0.8188282620107781
8337,0.645452731950343,0.7486002545641811,1.14390626679296,0.8115599030169881
8338,0.6402633589948861,0.748449383546476,1.146299931450166,0.821784077833096
8339,0.6469611518786871,0.758582914113134,1.146313007327093,0.824028996777707
8340,0.6457021180540321,0.7495749134948281,1.1444033064704011,0.8165192305231871
8341,0.6384135207188301,0.75019174285125,1.141981600527314,0.8202096480822211
8342,0.6436938712022441,0.746306154606998,1.1437177899954971,0.8156398934298661
8343,0.6405352897186211,0.74663962315822,1.143972224947335,0.8174488236992681
8344,0.644364996394817,0.7451989005009331,1.144224065909351,0.8137908544175431
8345,0.643269493096116,0.7557751424070711,1.142698184303615,0.82208866947263
8346,0.644889359105972,0.7511777873488441,1.136728493847708,0.8211069003935311
8347,0.641514053163321,0.750706444183985,1.137767952961334,0.8192451364914141
8348,0.645458156620894,0.7495749913479971,1.14237352784561,0.8128058414204391
8349,0.642214804671812,0.7468687225727061,1.137358009599257,0.8250240928398951
8350,0.6458236931458761,0.753454062061897,1.141918591615082,0.81541037035809
8351,0.646042556380448,0.7537123595458871,1.145008954448976,0.8187650595724151
8352,0.6417055697436781,0.7505893127425851,1.144100481725257,0.816961257489047
8353,0.6477402989901061,0.7436235779221501,1.141877396599106,0.823005976803276
8354,0.6438556906861671,0.749166772201441,1.134599110462527,0.8162961493691671
8355,0.640788255718307,0.753715208907058,1.145163218612256,0.8213520551073371
8356,0.6460933922587531,0.752111782306346,1.144623724662739,0.820707698906029
8357,0.6472888038750141,0.749136755755846,1.145346849076989,0.8232450436638751
8358,0.645842576912347,0.7475437860989911,1.149895989160606,0.8212069941387661
8359,0.645096189139977,0.7551221797863641,1.141683711845805,0.8241635202767621
8360,0.643271026970899,0.746364165259444,1.146276283415331,0.819276087148034
8361,0.6442009337732321,0.744754350379757,1.141782258191834,0.8209301044867521
8362,0.647025771978972,0.7511395327206971,1.141713776558205,0.822071759867063
8363,0.640918037138771,0.748807428431683,1.145056140595588,0.822348284980525
8364,0.643863961910424,0.746955319267252,1.151392957438593,0.8245686671656111
8365,0.644859286295115,0.7495414656789401,1.143386183441549,0.8184598450535451
8366,0.647233562840931,0.7479465823026671,1.140767287948857,0.817263810503957
8367,0.642518706646734,0.7461891647266301,1.140503301352694,0.8080650205737431
8368,0.639344054719676,0.754270683920037,1.139056030606878,0.8199042345032741
8369,0.644334427877396,0.7530597065022021,1.149349490585534,0.8231682321191691
8370,0.6477310521987031,0.749482111114522,1.1402384136681971,0.8184122752830171
8371,0.645221660345576,0.746199696068314,1.1363658428840009,0.8134525279797931
8372,0.640865671596881,0.7501985918784481,1.140415928178075,0.807677222064871
8373,0.648447921067692,0.746797968404016,1.144805304598117,0.816178882575553
8374,0.6446922190109451,0.7484912566732661,1.144013974977576,0.811871564636627
8375,0.6412925886233211,0.7482523389052651,1.139351599026417,0.8153908786944281
8376,0.6450427671273551,0.748567021843315,1.149201043921968,0.820160981645618
8377,0.639214766387274,0.74671944587127,1.142225146725557,0.8119493642201021
8378,0.650143710410465,0.7481448449518371,1.141321429847807,0.814319368316859
8379,0.6402130884968711,0.7449722354826721,1.137004743019739,0.8153137282022961
8380,0.639994351598231,0.754028749314771,1.13977752852699,0.8161334846222741
8381,0.6538925103951191,0.7544963233496831,1.140814707546994,0.827165999004374
8382,0.6442631855607031,0.744584131823933,1.138527973946453,0.8120385501533741
8383,0.6428905976261351,0.7477500000293701,1.142979223659073,0.8139411297397331
8384,0.642382301579135,0.745817185204098,1.138964313527812,0.813224448997905
8385,0.6497522540714431,0.754701545165068,1.145783886853335,0.8242588976155151
8386,0.644349853008769,0.7505285142772441,1.136139606004176,0.817226592829262
8387,0.648212424492922,0.746937499638053,1.140014369094717,0.8112513646753371
8388,0.64641376066467,0.758280274984629,1.144999712597632,0.8219823983052501
8389,0.6456739350721451,0.7505470255146851,1.137957437854746,0.8155071315342101
8390,0.6444479400373021,0.7508475291340241,1.140299305535744,0.8178152903860461
8391,0.6403593078417621,0.752560624177905,1.137157802456531,0.8165354875550751
8392,0.6457837621101,0.7486479700259541,1.140773465991884,0.818181811548445
8393,0.6377849278674611,0.747856875800568,1.14289534178333,0.8141555483520461
8394,0.6449415122793201,0.745552986968254,1.139020128634528,0.8120797158259411
8395,0.6437470694814901,0.7528180982107701,1.142173955297988,0.8152023850791691
8396,0.639736205771349,0.747856607471687,1.140864575470703,0.8168222944697601
8397,0.646773201453944,0.7456094061118961,1.145489506099535,0.816490038203588
8398,0.6535293753596321,0.750424626620783,1.142394366147725,0.816819369226046
8399,0.640330162601194,0.750952765237594,1.142156141499678,0.81491793675915
8400,0.644686651510604,0.7543777233880491,1.146714228650797,0.8241592054187821
8401,0.644735542787373,0.75364578742048,1.134130587072476,0.8161802208186061
8402,0.646597835005841,0.7476746533875881,1.145866964174353,0.8188620235608971
8403,0.637895369767278,0.749922009157961,1.137285196910733,0.8173085333968411
8404,0.645864416723666,0.7466429158829261,1.13707651824191,0.812749743434614
8405,0.6477155990466691,0.748547501754069,1.139813444860603,0.818547032854479
8406,0.646882883799464,0.749866769905539,1.138360709923765,0.8187042766561111
8407,0.640798091375525,0.752267183169074,1.147293885764868,0.815020870903263
8408,0.6439832258375651,0.7512688116318931,1.140530919251234,0.8219809654722171
8409,0.639219293289858,0.742905001493467,1.136215699647647,0.80973698619915
8410,0.644876490144626,0.757313867194065,1.14465850494478,0.8201941517924051
8411,0.646055592035037,0.7459592474759481,1.142640628244565,0.8165910879177021
8412,0.6450855381030961,0.747513002027636,1.144627401578253,0.813099372538103
8413,0.642878998475878,0.739478784626808,1.137552599328151,0.815694463398793
8414,0.644557562616208,0.7523297838110851,1.143380569375079,0.81826460485657
8415,0.6402636908696611,0.743614433036334,1.140154896331006,0.82124382171078
8416,0.63661549931419,0.744116422166858,1.143722151284632,0.8141229601064021
8417,0.64670830036419,0.74991347964691,1.135052187935165,0.815376485495463
8418,0.639177151888177,0.7489352394705231,1.144878008227417,0.8185529677008371
8419,0.6403806610707781,0.75016012949788,1.138193254777486,0.8166441926327731
8420,0.6444323064516421,0.749933519549127,1.141725317939468,0.816511788688924
8421,0.6475056939204961,0.7511442175162011,1.139292201378207,0.8187626482837871
8422,0.640992183481221,0.74527323850687,1.1348700495301811,0.8147141217807491
8423,0.637434800708855,0.746306767390258,1.1388657584354491,0.8185230341834431
8424,0.6464389477303061,0.7473703213575951,1.13777245008859,0.8153299709808991
8425,0.6491251066327091,0.750412853407687,1.143810561925604,0.819481630715123
8426,0.64220854540126,0.745665343883244,1.139646788438161,0.812615611441973
8427,0.6412134089547651,0.7468859465873761,1.140532317260901,0.8143590965132781
8428,0.635692969234525,0.749659529090791,1.141659059170363,0.817178889758129
8429,0.642658999243724,0.746511841705743,1.137868155819782,0.8144985897115601
8430,0.6424004301914701,0.753148565905681,1.14595723638068,0.8173161454066851
8431,0.6427270901267941,0.750247552127077,1.138220281272694,0.821101892739534
8432,0.644162054727042,0.746729190690793,1.141764650526254,0.8129249664050511
8433,0.648523727485883,0.743809460513833,1.136652033182158,0.815451929237747
8434,0.643880048415799,0.748841971698878,1.139449625235536,0.815428559978803
8435,0.64489329530709,0.7492702272923091,1.143894120942855,0.8088245268209251
8436,0.6430967966823471,0.7410192982010221,1.142167745940927,0.821604037873338
8437,0.6472381195458381,0.745512479997199,1.143269802781118,0.8166990556848651
8438,0.641352383878783,0.7480644792102381,1.135434998550276,0.8131135075312591
8439,0.642427054868228,0.7538449744815411,1.140777360809886,0.8141679362920311
8440,0.648220274759375,0.7512155090985091,1.139038161847038,0.8205951520282291
8441,0.638433717893085,0.748882853250572,1.143457007472929,0.817059592357364
8442,0.63982187303296,0.748678785087405,1.144900059246498,0.8193605799713861
8443,0.642507368185813,0.7550752340019611,1.146856480966443,0.8200528199474011
8444,0.644491029498369,0.7493504604351691,1.142417761294738,0.8232475610692861
8445,0.646293298057887,0.7497541485489271,1.141524869678677,0.813694387728321
8446,0.6437044952442681,0.7511020009068471,1.133547311459762,0.8177521437460531
8447,0.642716956797285,0.7531354354991421,1.143807273088158,0.8181130520027611
8448,0.6488320362902631,0.7473337977476741,1.142351794717968,0.8130549961242121
8449,0.6407331848058141,0.758635695969712,1.151617418812668,0.821492326351395
8450,0.639788318155468,0.747472069833589,1.134623812484568,0.8186611413847701
8451,0.647532335981942,0.7521978183716961,1.143808478246564,0.8180096560036351
8452,0.6441401586584421,0.749616351896438,1.135983197585396,0.818724140551859
8453,0.637721604303173,0.747596545387869,1.137305939759033,0.8133900149360941
8454,0.6486737405530351,0.7459829063087271,1.145259670373322,0.81384533452059
8455,0.642776317003628,0.7491753593735071,1.142231694706108,0.814263262016617
8456,0.644602016181401,0.7481941040875251,1.140719975250354,0.817820755926811
8457,0.646365891575165,0.7539453082110571,1.137577374776204,0.811716597986178
8458,0.6439756338039171,0.7506745591543721,1.148006035041981,0.817530387256672
8459,0.64681205957912,0.746761716578317,1.140373712108619,0.811625977465208
8460,0.64804128665423,0.7526727672936261,1.146770188126011,0.812909089217799
8461,0.6502695577894,0.757419362664222,1.15411954405515,0.821098892207162
8462,0.647030187095852,0.751210703258065,1.138418653844923,0.808737002421116
8463,0.640605399897996,0.749710917688798,1.144035647420779,0.810589872408604
8464,0.6447885459747861,0.751342781751916,1.141844893495241,0.8219851728906661
8465,0.6427542139384621,0.747799331619255,1.142779155269913,0.817286797380749
8466,0.639991368612517,0.7614915578261661,1.144502589668052,0.8208027177530781
8467,0.640123105729403,0.745182366798753,1.138474715684635,0.8187436721949041
8468,0.642602638166019,0.750717749522216,1.144090563922688,0.8126636255748461
8469,0.6485357189793951,0.7523737098427781,1.146622779468695,0.8184695812077191
8470,0.641819500566824,0.7488485237826471,1.140980867048104,0.810400494144878
8471,0.6415906522584991,0.7457923984182051,1.137231781430866,0.8154108201733961
8472,0.642779518944629,0.7500583594260001,1.149751896551553,0.813371316030405
8473,0.6452723483460531,0.760020550178444,1.145745491096075,0.821233754950589
8474,0.6440166935486631,0.753434242005797,1.139789578383383,0.8154023315595541
8475,0.6489634652068651,0.753001609898131,1.144377944910008,0.817058376751948
8476,0.646716637671857,0.7532875242008671,1.141961086055506,0.8187275187422831
8477,0.645380406249044,0.7539125873126841,1.143682263467623,0.8203331695032721
8478,0.64880170851298,0.7495862504710321,1.145071227805338,0.8135274604664761
8479,0.640062754244908,0.7423427951508671,1.137949086509753,0.807863345477676
8480,0.641480376431043,0.7517191127374551,1.140803809831108,0.819376618020992
8481,0.643064032646193,0.7505192777168921,1.13693561858457,0.812244496375754
8482,0.6403336708798351,0.745736131309599,1.142388699711233,0.8071443206644141
8483,0.64504916380173,0.754636409921922,1.139471006566199,0.817729319081358
8484,0.63738369917416,0.746991980982863,1.137477864389834,0.810124004151726
8485,0.6509540827431971,0.7473856819712591,1.142665862497212,0.815142040235408
8486,0.641566274768632,0.746823551538197,1.132434683649436,0.811448784113146
8487,0.6377528026646031,0.739307376785554,1.1316881651679669,0.80676551638306
8488,0.648643601658767,0.746040805310442,1.140499093178389,0.8144419622486051
8489,0.6396344261702851,0.748240122868531,1.139538664424765,0.813573633469101
8490,0.6445423077414001,0.753105992532294,1.142203924880511,0.8157228434971271
8491,0.648662088546847,0.7493376409014061,1.142790653567383,0.822256697908691
8492,0.6467842320385181,0.74352289336747,1.147831209651802,0.816314618521626
8493,0.636840604947529,0.747139718977437,1.137151023184043,0.810346318516826
8494,0.6408433049269341,0.7535405591994091,1.14243408476097,0.818180426604289
8495,0.6391997567877391,0.74300422217103,1.138756013002948,0.8171549814658751
8496,0.6449300936166791,0.7522845017737231,1.145157506392486,0.8162720095420231
8497,0.6462754082420591,0.7525928667274071,1.138154301090516,0.8151165701556891
8498,0.6453646974017221,0.748750834685304,1.144471953312556,0.8175842789798111
8499,0.6463184454410831,0.753365188621092,1.142706048013507,0.820439140676804
8500,0.647262407358789,0.757966132051702,1.150070908276931,0.8270885285152041
8501,0.6474839903252281,0.7515556156851241,1.143189393307851,0.810792815507106
8502,0.642555691301822,0.7485472096697141,1.143033167482286,0.811176152494938
8503,0.64208679271025,0.7464730906961621,1.138209120518919,0.811111876552087
8504,0.6412021455665431,0.746414411759031,1.141756684775801,0.811393083059701
8505,0.645423418639794,0.7492695726130321,1.137073398932166,0.8099682581327531
8506,0.640188092554824,0.754110343646312,1.137148728513199,0.8188279517048941
8507,0.6420246215294231,0.7499869989528171,1.142463119457597,0.8155543427050541
8508,0.6446304966466151,0.744158172736997,1.144630538272685,0.8123121493752451
8509,0.6387958942872021,0.747359820790048,1.142081585267315,0.8162106921005501
8510,0.643351077979457,0.7532892789745671,1.146171816017316,0.818312493112424
8511,0.6377035785142491,0.749746230849321,1.138623923171257,0.8176903387774591
8512,0.64523291223399,0.752325891152672,1.142180305244266,0.809485201116489
8513,0.638911203062836,0.7492401207918701,1.141810000482676,0.8174360329960131
8514,0.6490317857081901,0.749137261423511,1.139482868538386,0.8138242019745311
8515,0.6423775970773851,0.747176333937955,1.145892668137516,0.8182195900143051
8516,0.641360306275495,0.7446863135133961,1.136983983434628,0.809569180902579
8517,0.6383217987806901,0.7503068094020301,1.133523507394652,0.8147296078395151
8518,0.6519426836537711,0.746702675262223,1.139136561772961,0.814270294446876
8519,0.642561995491817,0.7480308250456611,1.137839901274529,0.8135037156280831
8520,0.637072244956009,0.744566878546839,1.132077182116715,0.8075462618869711
8521,0.6373630813930341,0.7455455517207361,1.136214015816432,0.813527996530351
8522,0.642025546238258,0.7485080431552901,1.144054029514824,0.808506252379089
8523,0.646408887337083,0.748848580363867,1.14356970646675,0.809055556664648
8524,0.6383489950465551,0.748543879368167,1.143735397445119,0.8136449658136431
8525,0.6449750947725511,0.75076013058424,1.137305069120897,0.8083383804052201
8526,0.6407183351778031,0.7469596764531681,1.132845374661079,0.806657523159747
8527,0.640310724009422,0.752023743222589,1.137584221967752,0.813414562817501
8528,0.6348094510697361,0.7428294294986171,1.136494761683802,0.810931728261968
8529,0.640537599317621,0.7427881336298541,1.136365939741549,0.813224761166434
8530,0.640712925435408,0.7451488044166911,1.146539111500201,0.8127878967510611
8531,0.64256886438723,0.7457073893452031,1.142054793195448,0.8110502688889051
8532,0.6433124678020461,0.7432328896678011,1.139979143937428,0.80665794149905
8533,0.644630848470589,0.751041043495786,1.139357393634492,0.8157252924975711
8534,0.638619838633399,0.747728834333627,1.140059420703977,0.811206560635912
8535,0.644517854126035,0.7463583067275471,1.144784514886745,0.8120208241423401
8536,0.6444065854547241,0.7450141167079191,1.138632139865903,0.8126159801107381
8537,0.640315318480134,0.750176369280054,1.143798435187858,0.8145038932831821
8538,0.6425902363236831,0.755021827592366,1.142097625071587,0.814341529825891
8539,0.643729874648261,0.753324290116628,1.141559269117272,0.812601876539596
8540,0.648315967101117,0.753612456222375,1.145649893020374,0.8146883352943081
8541,0.6499539996780771,0.7544891837498411,1.146113271514574,0.8211767451054801
8542,0.639038970504981,0.7491101907647171,1.1449643820524211,0.815347325947621
8543,0.641392918600552,0.753721844566904,1.140103304191775,0.8098455768456491
8544,0.647872075195545,0.752484116433323,1.142021349590757,0.8146097492966531
8545,0.6447127282457501,0.7483664815840511,1.14828362715417,0.8142477465334571
8546,0.643223925345185,0.747896357830883,1.141116996174273,0.8107783321183221
8547,0.6482033800279741,0.747130623114281,1.138312399711297,0.8086824653319251
8548,0.6472380720888791,0.7558791638500441,1.149007437237794,0.818014465191442
8549,0.6429623505235581,0.7453890969787811,1.142021799433058,0.8109272058135351
8550,0.641003543133105,0.7480892269075781,1.138854323413924,0.8142992262391071
8551,0.642256825298502,0.7508485600136321,1.140002182968284,0.8163329895477791
8552,0.6464995557469301,0.7475093882800871,1.135818289781826,0.816432854160666
8553,0.6515669259310201,0.751777610593084,1.149156607687473,0.816137629709597
8554,0.639482716152417,0.7451623748394021,1.136702592174212,0.807156656963237
8555,0.6438890654539711,0.752236743768056,1.144030117038367,0.819431751453574
8556,0.641387332527749,0.749176772716252,1.134957400353058,0.8161733775683071
8557,0.643168589937082,0.7526541844658231,1.144756170718566,0.8189104863752921
8558,0.6422504968941211,0.7538155554861261,1.137077453883661,0.819060888816265
8559,0.6390078736442151,0.74416271586349,1.135678098793479,0.8081430892419551
8560,0.640165450969252,0.742060925109662,1.139530104355535,0.8079884775198881
8561,0.6398609420419601,0.7473517112109971,1.14054669547772,0.8151271308137881
8562,0.641354765392084,0.751947146718916,1.140735133078651,0.812017336595749
8563,0.645082663771682,0.750294904669989,1.145612028845842,0.815837700243877
8564,0.6412008916284291,0.7518242273641661,1.14201282321111,0.8133930068301111
8565,0.646961366541791,0.752114713623903,1.141808786469957,0.809831942283157
8566,0.6430566117059491,0.7467045949205101,1.135528451290683,0.81320705494263
8567,0.643896775347167,0.7505852888891661,1.143537010079708,0.8152178444400211
8568,0.6407249401714921,0.753356668396272,1.144860590389673,0.815710040808155
8569,0.640080226774232,0.7479689831750981,1.134966193333916,0.8050139065885891
8570,0.6502059852245491,0.749543970477753,1.145083051660786,0.81999467421269
8571,0.642359622821643,0.7509847447492071,1.137644659673822,0.80957279038494
8572,0.6438958808725721,0.7501416183684181,1.139849393372086,0.813671745305907
8573,0.640350212977416,0.751453282716481,1.142397122862546,0.80689590278527
8574,0.643617515762647,0.7449202199561,1.1403914236504091,0.8142032757455451
8575,0.644891159716939,0.7462304883461061,1.14027217624412,0.8142342548547441
8576,0.6399689383426871,0.749754279204036,1.144482681068821,0.815537871333999
8577,0.638890616865693,0.746544714099255,1.136056464651356,0.814041860833548
8578,0.643193872618502,0.743149576195772,1.142431568192399,0.815603395141121
8579,0.6449798346645591,0.7519346931274381,1.146911378895891,0.819352736156703
8580,0.6475839898314161,0.747200304615324,1.138303490652554,0.813718502504238
8581,0.6432207371445671,0.748139340808426,1.145832133357939,0.8159842018200001
8582,0.6374529536975461,0.743837953477666,1.139231874567011,0.8166413161957611
8583,0.6462723617374461,0.748942460378874,1.140936802478804,0.807368529879528
8584,0.6479034205439731,0.7461734320158541,1.139899943401848,0.8084025809784291
8585,0.6395425245813701,0.7512054527583331,1.138415645106115,0.8228057100289111
8586,0.640958977053346,0.7440785918978671,1.14369750994703,0.8070811502689461
8587,0.6340422679170751,0.7441017732456111,1.137903322776158,0.817331663778294
8588,0.642516753244875,0.7446068095556201,1.139497809651969,0.8084090983468121
8589,0.640693098846553,0.750348959280096,1.138283926183762,0.811688483409259
8590,0.647406340482226,0.752386583798173,1.13959467443435,0.812529190780891
8591,0.637470820918679,0.7444477961331171,1.138416118379952,0.8057062225011381
8592,0.646676243809254,0.7425121031161661,1.143694251559782,0.820044951216466
8593,0.6432069634235851,0.7530796058152031,1.14923754464025,0.8154387445715451
8594,0.64073966362554,0.7513390139177221,1.145068730457105,0.809903908412957
8595,0.6395844813382281,0.7533937276921411,1.144458830032659,0.813233824203843
8596,0.63757492499291,0.752451218340707,1.137280624197877,0.8155615717658531
8597,0.639707324108567,0.746207706198312,1.1379601854992951,0.8066769517364271
8598,0.643001016499339,0.7496851571444151,1.135132483274176,0.8139430807390501
8599,0.646556134430178,0.754920830977135,1.146732084021188,0.8114262706181711
8600,0.651515337274126,0.7462439042502551,1.140574079924735,0.8121826818509811
8601,0.640843973994471,0.74495845892723,1.14017537549354,0.8117868500505231
8602,0.6452350269841111,0.750864235495311,1.142282612513804,0.814918517607493
8603,0.651820685822462,0.747677731773127,1.145701347377853,0.8127134930126471
8604,0.6393504035591641,0.747425727870153,1.134865234619465,0.815903342396452
8605,0.644636490449741,0.754298973450626,1.143604758317055,0.8179392197263841
8606,0.635500418076264,0.7468344271183011,1.136939867143181,0.8162981717428861
8607,0.640036199106902,0.750537475166113,1.140247833793578,0.80939812010721
8608,0.6453680305107341,0.747160951404467,1.133682061904582,0.8077326972523461
8609,0.6466972130634211,0.753602111793082,1.149145223740218,0.81475027302361
8610,0.637705507566747,0.7475721619051431,1.13600280697363,0.8062753467078221
8611,0.63587822449272,0.7443306049790931,1.138337520909482,0.807412389449883
8612,0.641061345898154,0.751135478201119,1.138112911603589,0.8113113166899351
8613,0.641278167430689,0.754268608123495,1.145486452981181,0.8113800023237
8614,0.6496787592228771,0.7488610205658961,1.137816111030785,0.813761385400658
8615,0.640609437140865,0.7493735754835431,1.138139116699281,0.816032959040308
8616,0.639571214040768,0.7455881745487021,1.142332703199075,0.8103815207554811
8617,0.642686841253569,0.757173953064973,1.143017501502797,0.8232123248441061
8618,0.6418047330031791,0.744580674754536,1.138928319772948,0.8110495289058781
8619,0.64921375679905,0.750630673938903,1.141257115140341,0.8174280404666621
8620,0.638951949748224,0.7412163929446881,1.138084553290104,0.809197357599286
8621,0.641687691022736,0.746793354658976,1.14253712920607,0.8098498778282731
8622,0.644477859760324,0.7493893568930411,1.142929144095683,0.806921028140662
8623,0.640451495144246,0.7451830563553861,1.137875853349333,0.81254022889703
8624,0.6396009032547041,0.74787959035324,1.138230342148007,0.8069059709221981
8625,0.643293271705076,0.748847158166809,1.137355228805023,0.8130655643408711
8626,0.64408214725014,0.747040922227113,1.142009620217309,0.812574485316872
8627,0.642203443508217,0.7467487277328101,1.140435203046038,0.815785340829819
8628,0.6402949960227461,0.7488645805396891,1.141874772591003,0.809928974406658
8629,0.638357643092024,0.747575282726598,1.1430097168338471,0.8220341059014851
8630,0.6465462808483751,0.748555154472157,1.140749071279297,0.807797069593832
8631,0.64189073016894,0.7475614729134931,1.143911215706148,0.8123025568337111
8632,0.647185348055284,0.7464357237669,1.140202124049698,0.8100652721427051
8633,0.6406719968316781,0.751553415928197,1.140397671664106,0.8119766677635301
8634,0.6429837257803781,0.7417889022524801,1.144756621100764,0.809517832445925
8635,0.642876347472918,0.7473315800661621,1.14554922228706,0.812397227339122
8636,0.644871655581653,0.7482685025619421,1.140246277270109,0.814384841022716
8637,0.642044168127619,0.7455141411527341,1.135398900595264,0.8048042876348981
8638,0.642011220742394,0.7446654684085771,1.140623290901598,0.811519048055229
8639,0.640649210742634,0.743797723905763,1.142823996751204,0.8115284366236211
8640,0.644597017165759,0.749250347199647,1.139546778430973,0.811699018098305
8641,0.6458707286881791,0.749285101458646,1.140386523112006,0.8111947739793771
8642,0.6456012101978921,0.7494433903391811,1.146065393435782,0.8088971452814511
8643,0.640829115836084,0.742717863209005,1.138954183977583,0.812945629618522
8644,0.644360223137166,0.7512429929945781,1.14492056346026,0.811249048003683
8645,0.639535643322312,0.742935666787451,1.137295929957991,0.8120140613097211
8646,0.6467876011316751,0.744732985893885,1.145297094207743,0.804779353565064
8647,0.6401925679242261,0.7489195994060971,1.135606771362,0.8086639711282391
8648,0.637070401801147,0.7500621815738471,1.13819014173055,0.8139019976707471
8649,0.641717456605123,0.7469044287783511,1.144471366444359,0.815314092929812
8650,0.6456368287512351,0.748583899244018,1.147307949977508,0.820496855843542
8651,0.648112760802757,0.7476958838709881,1.140553220782591,0.809730952443636
8652,0.638273058243203,0.741660098342791,1.139834660010925,0.8068179793763851
8653,0.6397562085556381,0.7443481161110641,1.138719821861688,0.802406057661426
8654,0.643154447925263,0.7508842519659921,1.144670481915059,0.8089832349315931
8655,0.636909676607752,0.749187933362048,1.133727245140766,0.8084126710621771
8656,0.642016878837476,0.7477821610544031,1.141319855291774,0.8137162617961131
8657,0.640468068474876,0.750467129591582,1.133123089653858,0.8184454411106261
8658,0.643165700569532,0.7471830163528951,1.147205175373001,0.8054020100583631
8659,0.643171931630459,0.744733646188093,1.135243764714054,0.811435745705081
8660,0.644510301234929,0.7449696553142171,1.14140864159318,0.808475440314066
8661,0.638033467520406,0.7459663237998451,1.14193713945755,0.806874861427839
8662,0.6491494014913191,0.746205082622127,1.144262392235838,0.8146263265685321
8663,0.6426765688735501,0.7475723647984901,1.143058566511541,0.817467975875605
8664,0.646209470090874,0.7490610522420511,1.142285980068255,0.815559611291341
8665,0.640273294371107,0.751490492751632,1.139847276435382,0.809996551631585
8666,0.643802724670672,0.751733125659866,1.138092228143975,0.805223134791721
8667,0.645521719737545,0.7501155130457181,1.14526938215114,0.815188329045971
8668,0.6451589301282511,0.7450758038439611,1.13931080493806,0.809963038461147
8669,0.646461077061468,0.754057735636614,1.144472544499929,0.8147946615851871
8670,0.634830594791666,0.7493183551275211,1.138136317764503,0.814716624365984
8671,0.6395897486827511,0.745187226628911,1.142947525433872,0.8153543882611861
8672,0.643146669681089,0.747454204313133,1.144904922747957,0.8112346116129471
8673,0.637036131236,0.7435795325731881,1.138793399368507,0.8195333758881991
8674,0.6427167703708011,0.756603555402893,1.14199467651222,0.8091016442015551
8675,0.6428387492787141,0.7444428275676741,1.138562123088733,0.80719364353496
8676,0.6398226289969421,0.750028595004392,1.145163442453612,0.8106118144224511
8677,0.636187721043825,0.7429494154842,1.136721388909264,0.8085464423495351
8678,0.64396877872987,0.747476707766021,1.136599213640759,0.8090672669797271
8679,0.637581831600139,0.7438278619361961,1.1365887682507,0.8100133840858501
8680,0.645485964752193,0.750865479094394,1.145359715689783,0.8135710054927541
8681,0.638418326046371,0.7522452824573581,1.135397751262222,0.8084891774030261
8682,0.6468692962620131,0.749339427852976,1.142498383271521,0.820965767716584
8683,0.6406182363035451,0.7484062228729761,1.146786735325619,0.808004666578726
8684,0.640062019552873,0.7480794657831601,1.140481374725915,0.81017063949527
8685,0.642838477197548,0.7562183469965831,1.140388017655282,0.817491460645544
8686,0.636263290501159,0.751201461838639,1.146158356057561,0.8087457251883501
8687,0.6394601253441711,0.747294653369032,1.142209407643995,0.8091789551241241
8688,0.644310010138197,0.7490001771113141,1.143935390896555,0.805963685115178
8689,0.645140077918767,0.7518053108799281,1.144730800735777,0.816790911544492
8690,0.645839455443016,0.7449920323231941,1.141642356696336,0.8080487376807821
8691,0.6446253417356721,0.746527673109718,1.1386111171349231,0.8127543760490591
8692,0.6464952304689341,0.748506818668565,1.141706742346286,0.812408803435771
8693,0.6437256658800701,0.7503314829175021,1.140038048119648,0.8113454585166081
8694,0.6427529306299441,0.7482698012305341,1.137268260769222,0.8088080505638011
8695,0.640628998019341,0.750412535408268,1.134196239321128,0.8113281985447891
8696,0.6445341608824501,0.7467256123604981,1.145126792723717,0.799552984994606
8697,0.644842728108599,0.747415847320487,1.145539700121119,0.8153367669092141
8698,0.648873602755475,0.7470088872140731,1.145596237070318,0.8119827016540191
8699,0.647366700019093,0.751319348812103,1.141431516063386,0.81924088841871
8700,0.6427972243855821,0.753519879950993,1.138636930913165,0.8097175651000461
8701,0.647776093118,0.7457486053091891,1.138761084256828,0.815932014228209
8702,0.638959453481694,0.7419088386755051,1.141622266907622,0.8108656087053421
8703,0.64152776684774,0.75142431118782,1.148233614538027,0.81193470471687
8704,0.644563067785423,0.745600158321684,1.138635284550811,0.8086182895939851
8705,0.6409087457518641,0.7483787451317341,1.140785873260187,0.8102557360046151
8706,0.6461402567076511,0.75194089676159,1.146238460812879,0.8092580536731341
8707,0.641294077308713,0.744108463543048,1.142729481493217,0.8129321267909331
8708,0.6368979128158611,0.7457674714750131,1.136345266108063,0.8062271147534461
8709,0.640711966524089,0.7492647198015361,1.138235551075659,0.8137267456538431
8710,0.6339237865168541,0.7458851181942481,1.136810046067272,0.803355506634798
8711,0.647341192767455,0.7495504147980521,1.143163995358391,0.80522392630793
8712,0.6419526562634581,0.7490986865283781,1.140891583501428,0.8073036507905821
8713,0.6495437894178471,0.7465827162714971,1.133240865084572,0.8062918449117651
8714,0.639219611883163,0.7477089716256521,1.144153512150481,0.8134646400593321
8715,0.6462586472161871,0.7460088711501891,1.145178636670976,0.809314034177341
8716,0.6405578918377121,0.7519388856447261,1.140504140136898,0.8094332280258331
8717,0.643197094967615,0.755757357871186,1.141180922263774,0.806523415570457
8718,0.643054479031243,0.7533075236107991,1.145148036596567,0.8087542756474101
8719,0.641324421741824,0.7447255990211511,1.137366250157356,0.8099753111060971
8720,0.650955965229566,0.7474676687000451,1.145296366102453,0.805559131060389
8721,0.64731033583698,0.753501284273638,1.147738941985627,0.8116161025574671
8722,0.644065110012888,0.7547989137794661,1.14573888351088,0.8138727819466071
8723,0.639769918784715,0.7471107327635731,1.136753634806128,0.809725496594024
8724,0.649061835492434,0.7493729272830311,1.137016382878241,0.812640573424489
8725,0.643969040930919,0.7501590214129801,1.142525775709014,0.8067634436909271
8726,0.652373110686523,0.748659252256586,1.136732508954794,0.808912312180019
8727,0.641410366294608,0.7500968939368271,1.142721486588319,0.809315701028791
8728,0.642570451306908,0.7457541944324101,1.138990681456483,0.8088674417332461
8729,0.645762174673702,0.7495853535938951,1.145061375006385,0.813707577793494
8730,0.642706730821426,0.7469711975342981,1.137407889292724,0.8078032776011501
8731,0.641151723573389,0.7545589481790861,1.141861881790817,0.813622102573298
8732,0.6421210514516501,0.7461261971705201,1.140418475304824,0.8100379010581451
8733,0.637260900081499,0.748702487219934,1.145334981597852,0.8083729248331941
8734,0.6371806381081321,0.745787385149278,1.142224596570367,0.8078925251096911
8735,0.650252741775003,0.7464733206923451,1.145442065553388,0.811079424225549
8736,0.642604774350057,0.75210931594821,1.145357504918955,0.814803514278669
8737,0.641683734008583,0.751172337087168,1.144280108312765,0.819502968746035
8738,0.63800607478597,0.751697903633981,1.14235878854558,0.8150228827759841
8739,0.6473462469605861,0.752775807527528,1.142906659647174,0.8136633249620591
8740,0.6412426655221241,0.7520275036062021,1.143071138016555,0.814036236482038
8741,0.6436801162966781,0.7510882116098331,1.143226415134858,0.81059629175866
8742,0.645164506023992,0.7444558709427931,1.140188660202683,0.8150661921911481
8743,0.6437846880838051,0.746416163941224,1.143761886850647,0.8105586008911111
8744,0.637074551828529,0.7511856244957961,1.13983099076195,0.8109693540719101
8745,0.642978420535075,0.7519572792925691,1.143902835746606,0.8119149015055611
8746,0.64634515925486,0.7490288583912711,1.139437532727269,0.807422722406361
8747,0.637165002713816,0.744620601012223,1.1382789595619491,0.8091422078888051
8748,0.639378770888931,0.751619032867576,1.140171301105748,0.813434272653598
8749,0.643538575160546,0.743153599509294,1.138450148096983,0.8155687100159511
8750,0.644052209224605,0.756221757850785,1.146082752316758,0.8158577881159551
8751,0.6524055552115471,0.7545872753944951,1.144683950513169,0.816246478156983
8752,0.650239817933111,0.7492858786945751,1.142928011607432,0.814661888621639
8753,0.6463003844778601,0.7507429089451181,1.144180516725865,0.8089394512977721
8754,0.6423173944695271,0.7489134262221441,1.141618606189023,0.8097072234242291
8755,0.639358998775698,0.746551290370415,1.132163494069507,0.8052290956611211
8756,0.63805854147759,0.7459116909598951,1.140624684484108,0.8070703853137681
8757,0.6409059360731341,0.752578718506771,1.135692177043445,0.8094681177180311
8758,0.644187296619233,0.749677256829496,1.14062869278849,0.815060415453668
8759,0.645906431141538,0.748432285867739,1.140648090537043,0.8102087865759061
8760,0.637438639404549,0.750127879713756,1.136405815680821,0.802240790556306
8761,0.642929367532116,0.745641408515149,1.15087185886459,0.8069722056928751
8762,0.6430875607698721,0.746970498475475,1.141024369476498,0.806594127978103
8763,0.6410449539189751,0.746179656166097,1.138055255663567,0.805385823779995
8764,0.6431497662341681,0.751757546503474,1.143393699565659,0.8142199916630121
8765,0.6465011993558071,0.744940350776997,1.140843302119469,0.806205517679884
8766,0.6491796666405341,0.745366759058358,1.14098948456239,0.806095470147936
8767,0.6417029545628931,0.7431844219133471,1.131953496863876,0.807561153060068
8768,0.6435304648526331,0.75013690970946,1.1438852629583809,0.8030526116220411
8769,0.642089554473109,0.749588637248329,1.146585720064847,0.808013529557248
8770,0.6398468299134481,0.74651232253814,1.135744848761005,0.809999895835484
8771,0.6400490169939781,0.7479598172332931,1.145077229733916,0.8147553652794891
8772,0.6411957313725051,0.7494756333206011,1.136909653743108,0.8083659526554571
8773,0.64459219439954,0.7475233167625851,1.146372677731341,0.811275144553054
8774,0.64399365975481,0.7483906817177061,1.139606778172479,0.8162249438734591
8775,0.642293783471636,0.7485087763356121,1.14358804029399,0.8121561039563101
8776,0.647960228818482,0.751698605500269,1.145558378618696,0.810481484709442
8777,0.6451533210018401,0.7514682882937831,1.14058221541885,0.8109868898501861
8778,0.6370795998398371,0.7472869219339411,1.14238142610892,0.8114669303801181
8779,0.6437746239151211,0.7446793021931161,1.143366358202436,0.8032146786218101
8780,0.643345306397996,0.7435532245731,1.137485131513381,0.803993923238654
8781,0.640770958385605,0.7479440000826031,1.137066058706546,0.8038368309861501
8782,0.6395797294874981,0.751525681951771,1.138781817818897,0.8128048491434771
8783,0.63844912836625,0.7471481332744371,1.144750202047652,0.810428695240314
8784,0.644145990276466,0.7489466280608931,1.140552893065024,0.8053699298019421
8785,0.644275892660885,0.752112399192823,1.133707889396211,0.8100515629664281
8786,0.647725899771287,0.747490469204342,1.144347841432993,0.8116477669041221
8787,0.6402723546261371,0.745826065540313,1.141504628178866,0.804821303816161
8788,0.648248231875291,0.748610606552034,1.14285787421724,0.8072937347156841
8789,0.6424035464777891,0.7550913404295411,1.144240775941938,0.8133926913142201
8790,0.6417238950945321,0.7489406887603841,1.137267089192418,0.807163978994324
8791,0.6478334286560611,0.751878845302955,1.14761531320603,0.810769695680642
8792,0.641825998471914,0.7486111747397891,1.136574853157651,0.802320593158188
8793,0.640351489672194,0.750097707885762,1.141797854632571,0.8161075113584161
8794,0.636892284496106,0.74325350596421,1.145237789529821,0.8086359072476621
8795,0.6380434838272091,0.75016041121621,1.142042869135089,0.808500368229073
8796,0.6433402935069971,0.746561404911504,1.135353732044282,0.8071507319700021
8797,0.640570823643086,0.744920356658057,1.142326665529306,0.814580349872509
8798,0.6343982035861061,0.7427755763781241,1.138652092412762,0.8061285414665501
8799,0.638750339709762,0.7510004681737521,1.142349628002747,0.806966073865043
8800,0.6452188641912691,0.7510947447972021,1.142848148834014,0.806324167932937
8801,0.64206179174716,0.7523269616607301,1.139439676550851,0.8086829502135511
8802,0.6342532984318501,0.74207094516875,1.132384724915027,0.8087688121620721
8803,0.6401204376386991,0.743346952765748,1.140438069467959,0.8031232870467331
8804,0.6445476969677031,0.749775858137054,1.133865174715933,0.805499603377952
8805,0.643945850701867,0.752553278229374,1.143831886243129,0.811780079119447
8806,0.6382876338194241,0.743628404602624,1.140600924474605,0.8065969828192301
8807,0.6403160396477451,0.748343408323716,1.132749250185662,0.803716674555039
8808,0.6367530750947581,0.7454217200477911,1.138256853473359,0.8046642589396321
8809,0.651374449494524,0.747320538737635,1.140944263641385,0.805272340126659
8810,0.6493443427202491,0.753049565614133,1.136646629243657,0.8106697034090751
8811,0.6424920268734721,0.74971094187619,1.143101943575817,0.807449164219956
8812,0.644045913133068,0.75338248843732,1.144880956605724,0.809080198245204
8813,0.6428930070251221,0.747349703873413,1.142848146458466,0.8056289549593041
8814,0.640680858568436,0.7497162140797871,1.143735803123833,0.8129034400310201
8815,0.6405499932774591,0.749339863118054,1.134873870382274,0.803041975513316
8816,0.635611790866739,0.7458501013292781,1.143983793431434,0.8104307771376941
8817,0.642017432043085,0.7471477343984271,1.142804484976374,0.807753248815087
8818,0.64228624380801,0.7494756309450531,1.146719721996266,0.808604428031738
8819,0.642210040511428,0.7505175844914671,1.137140840076018,0.812007459690389
8820,0.6473348738112741,0.748190615812073,1.146047636110713,0.802938307001107
8821,0.64658993990093,0.759757829749065,1.149197840604229,0.8119544050507781
8822,0.637684335932135,0.74739289553701,1.142231139475884,0.807652646675705
8823,0.6460051853209731,0.7584746178725491,1.140777809572392,0.81060131571755
8824,0.641945966991825,0.75066958270643,1.133548851246419,0.8059494731056951
8825,0.643220948271345,0.746584451176982,1.1437031782191731,0.8109167562932641
8826,0.64069204809873,0.743786319766355,1.1429148459996,0.8085866957848911
8827,0.6470741021406391,0.7489649523859431,1.142787617725738,0.8138162744757921
8828,0.645124205509605,0.7531599812749501,1.138906971268032,0.8133056827321431
8829,0.6398363457857691,0.7426156023706211,1.142736691927564,0.8035168943089851
8830,0.637578315196045,0.7475613379392071,1.146102838218212,0.807974342607717
8831,0.639396311931204,0.7414257441093951,1.139849452220875,0.809350066561845
8832,0.641452510395775,0.746606204280818,1.14086479920408,0.8010678016513151
8833,0.643212073873998,0.7494914628889251,1.148183523960735,0.80920946109446
8834,0.642528349506682,0.746835144965545,1.139347315914389,0.807874884348416
8835,0.6420548002950951,0.7487467635368951,1.143369669715563,0.808552565997925
8836,0.6382780138241201,0.7481104028613671,1.141263296098812,0.8077899390102721
8837,0.6461085080020671,0.752198556411093,1.146718367826247,0.817535800724357
8838,0.6417239073771931,0.7477474990098371,1.142667652796144,0.8083479771309571
8839,0.642770749503287,0.7495924909261691,1.148680415598378,0.8074801934856001
8840,0.6422315222629601,0.7426985514120781,1.13558312797028,0.8070226902601081
8841,0.643025167124426,0.7466179276074181,1.141055893098962,0.8084584763408571
8842,0.6432633143512231,0.744206232005271,1.138639900563419,0.8026435274252851
8843,0.6396084174891741,0.746605624863203,1.139477792317452,0.8054793662783021
8844,0.638957979535495,0.7500211949581681,1.1436887169661731,0.8045095558939631
8845,0.6470126924577391,0.7492874221525331,1.145418895867423,0.8079901997377901
8846,0.6413181011929461,0.750901458272035,1.137873390230579,0.811183178932338
8847,0.645118409875726,0.7532897822666861,1.139952442028384,0.8139168213297061
8848,0.641095571678833,0.7518607219276221,1.139060994637185,0.8091651535174551
8849,0.6433628096204731,0.7485708956053291,1.144107681469641,0.8113478931287921
8850,0.641015729475496,0.749707967150902,1.135456598755242,0.810993983342811
8851,0.6470609949226821,0.7512763877925661,1.145478345885656,0.8125180034911711
8852,0.640499155644489,0.7440202542837111,1.134270611664523,0.8047927607228791
8853,0.640132689497609,0.753204849967058,1.14347527878008,0.8083915719087571
8854,0.6380343227984681,0.741785362146902,1.136303180045839,0.8028283928777421
8855,0.637295317363695,0.748856324648511,1.137594698131948,0.805730146801342
8856,0.641403122359643,0.747438279614932,1.140379243678804,0.8126380450861611
8857,0.646869997129492,0.75208107392857,1.142933104241239,0.808062622566586
8858,0.640756610942923,0.7504940963741661,1.139216871581215,0.808536162896864
8859,0.64642482134851,0.754232452615447,1.15013821369064,0.811931172385811
8860,0.6372771352205581,0.7514192618537641,1.14183558318494,0.8046790583842041
8861,0.6433826175828771,0.7564586778913711,1.14605077561261,0.809786664025075
8862,0.6414484718301591,0.7455577875177061,1.140083798895711,0.8040053532661301
8863,0.638812384041755,0.7501281407000361,1.133004715693169,0.8128971623769701
8864,0.642049445433245,0.744337111495543,1.139938744837823,0.8043941612206941
8865,0.6421542237850201,0.7502837643243261,1.140561811733937,0.8064578221166041
8866,0.6428130035545081,0.7442347045609911,1.131477201546447,0.804733500640461
8867,0.647784553981129,0.750235413619573,1.139536200442175,0.8098667258585701
8868,0.6431326485252461,0.7483121303544521,1.143521655620872,0.8106909037662151
8869,0.6439394653653321,0.7495074879000151,1.140083652907523,0.8078557869716391
8870,0.642086805235864,0.743193131858024,1.140744266734607,0.8087039183339341
8871,0.6466534173359041,0.747787145060905,1.145656370922275,0.8030030181820411
8872,0.645424909322806,0.753320501442404,1.143453670692616,0.8088604729028711
8873,0.641819034905537,0.745721610883871,1.141032067329987,0.8007667550034281
8874,0.646624727336608,0.752696996689706,1.146313397672729,0.8104225770178911
8875,0.642021884871781,0.747375816106796,1.137285538665626,0.801890714633939
8876,0.647108994316363,0.7527394951253691,1.139881133817244,0.8129170079972
8877,0.644060913176424,0.7537530405797821,1.142373061158518,0.8109216729475961
8878,0.6453739205996191,0.749179860603982,1.144273697574069,0.8026000002696031
8879,0.641646866889103,0.748093251516853,1.145995399334292,0.805658727344395
8880,0.6406202716347961,0.7502217183726421,1.13834378565999,0.8083566775734441
8881,0.6402872493625551,0.739942904399788,1.135316633875819,0.8004857877782291
8882,0.637975266689191,0.7466363672544991,1.142603428575439,0.809813841718478
8883,0.642375503356258,0.7504033710861551,1.139331613653811,0.8046599716434011
8884,0.645930401117041,0.7531866392363671,1.146311897514523,0.804619257918734
8885,0.645980839712032,0.752124320013799,1.149944964958273,0.806545299761321
8886,0.6418783638248401,0.748874354513659,1.134965105441169,0.8076296162832041
8887,0.6435511723646651,0.74721257528965,1.13955710882294,0.810647306261935
8888,0.6393445100149381,0.743501249538815,1.13649223204972,0.8091584485618101
8889,0.6371295793872811,0.7461049511380811,1.138878488130327,0.806231210332201
8890,0.64258661104933,0.7465436032068901,1.145066919426123,0.8064247049337281
8891,0.638446629425321,0.746456985888273,1.13711740238511,0.8076991814904021
8892,0.6391924094354761,0.749335154135158,1.142573147256305,0.8120070988501321
8893,0.636925675514815,0.74612875541915,1.143335589788098,0.8039534472307001
8894,0.640286905502063,0.7496032936201581,1.137876074815142,0.808816805346936
8895,0.6391593848989491,0.748942585419053,1.138594532466453,0.812930085277859
8896,0.6411852244881611,0.747720958853977,1.142881645780542,0.803048907090788
8897,0.642452443828401,0.745986090838045,1.137140843207421,0.8113498496350601
8898,0.64568458540716,0.751432046186232,1.142591290175914,0.808931791642005
8899,0.6383052226965841,0.7463036195739451,1.141869252898554,0.8060217333714591
8900,0.637779863632243,0.749887797603572,1.138927240626535,0.8029775237259651
8901,0.6451709144411311,0.7448361194220141,1.137072102315184,0.805884299556846
8902,0.635886749117702,0.74419891445533,1.138897784810135,0.79893443207054
8903,0.641491502739381,0.7452600301391831,1.14342592159907,0.807568570356006
8904,0.6440070585712141,0.753293236204679,1.140195953565231,0.8068242839982971
8905,0.644156073422535,0.747667000885459,1.136925308600716,0.8048508335444801
8906,0.6461784755946071,0.7486228380298261,1.14662624830785,0.8033420031323381
8907,0.645002478112777,0.7503704326092331,1.142763950362585,0.8062000224987661
8908,0.6433593743089311,0.747431295829406,1.13950753795064,0.8063619959343601
8909,0.637075513736277,0.7487340728225911,1.138964984943901,0.804369617118567
8910,0.641895852200147,0.7419634211970411,1.1378475474058711,0.800406929645417
8911,0.6483888010075991,0.7524822844543311,1.142505079615807,0.8114930222863731
8912,0.6392895934050491,0.745182598306649,1.13667701476294,0.804400854649535
8913,0.641173516926558,0.7507585541925561,1.139355937207954,0.8075637597914621
8914,0.638322506342893,0.7427224222084751,1.138337939545728,0.8044878196619121
8915,0.6363793569414511,0.7472508037867751,1.140063068681005,0.8044934287883231
8916,0.6415892038494341,0.7496201669176421,1.1416059271364971,0.8062086526466451
8917,0.636589794001285,0.7429153238949561,1.142249403656392,0.803035745073271
8918,0.63909000425559,0.744697528364865,1.138276889272358,0.80313043685063
8919,0.6410741429182061,0.751235031347343,1.142818154956119,0.8142531605950301
8920,0.636531325839999,0.74951631543429,1.142419495984264,0.805865505170347
8921,0.6440372132034831,0.748689816589804,1.138328777599162,0.809773515100064
8922,0.6425915737298951,0.7456611953135851,1.138913612002911,0.804376996297767
8923,0.642038076306166,0.749951084778792,1.1410685925596,0.8187385390688111
8924,0.644424923520157,0.750722563029199,1.140287601321503,0.8057626482585201
8925,0.6424223842450241,0.748702938789906,1.140381262786146,0.8008383970599671
8926,0.6418097362030241,0.750247368130131,1.143855927107127,0.8041889218046611
8927,0.6399238333106041,0.74615477748971,1.139938541728517,0.809999312341645
8928,0.637801072546753,0.7513957431782841,1.138646106681098,0.8083973667327901
8929,0.6397881842339811,0.753343796924404,1.14471477518479,0.809927590380328
8930,0.6465179743110271,0.754185532314189,1.143205331395501,0.813681900879179
8931,0.6449062656611201,0.7493179713686301,1.143949874933215,0.8029770024012821
8932,0.6352798665563261,0.743326237452202,1.13797134063814,0.8022224676349881
8933,0.644748853033651,0.7536934695166091,1.142840836467086,0.8061492741647831
8934,0.6477417179747761,0.747121389145436,1.139126480813475,0.8069117564869961
8935,0.642557477254582,0.751258995761905,1.145822972383188,0.8071930636854271
8936,0.642308568635928,0.748903806874717,1.137674850398215,0.805265321544762
8937,0.636068120274854,0.7481899978458011,1.142890440705029,0.802707031315219
8938,0.6464040075577251,0.7457584422351651,1.13850935526948,0.802858004724417
8939,0.643690450953832,0.7501266118193011,1.147875104045522,0.8050654880918451
8940,0.638817004778462,0.742840786774953,1.138033026046511,0.806241851866893
8941,0.64471042814894,0.7437427835404,1.139104141489319,0.8043769762675831
8942,0.638884656833133,0.750482509101646,1.139093370433302,0.8002895380275831
8943,0.641115758352089,0.75045701958563,1.141278786071832,0.811913469131442
8944,0.64247325770017,0.7520309990082961,1.144198451137197,0.8062504037836751
8945,0.6445068741568181,0.753467306278754,1.142668094324029,0.806373090226797
8946,0.6414542634687991,0.7464733223120371,1.144686128350271,0.8099842598202861
8947,0.639153531496075,0.7473418007510291,1.13745174103457,0.804461170068901
8948,0.641580635465789,0.751407698120759,1.142168088451675,0.808743095052415
8949,0.6440335988080581,0.7495262108851171,1.140878982841968,0.805709091298606
8950,0.6408943838129441,0.7466019508631331,1.140385335338288,0.810678829317507
8951,0.637578691558345,0.74818694051625,1.137225597125032,0.8084828641967491
8952,0.6333410228076181,0.742587753504082,1.12900597591331,0.801343468814224
8953,0.649249692730929,0.750612816840842,1.142137007004972,0.8077360372990371
8954,0.6355265865669301,0.7454204109051951,1.136651865382125,0.8030841465553511
8955,0.639376514091871,0.7459189192108481,1.140670368960802,0.8043239251373031
8956,0.6365743715963931,0.7488288253113841,1.137752712636754,0.8028153217519101
8957,0.6434057026399651,0.7474351237001621,1.146492901487626,0.8086231858402051
8958,0.642822021213562,0.7540916231447371,1.145271022142707,0.8096360873322981
8959,0.6439205388660011,0.7474586708822111,1.138136303079301,0.8010653608573081
8960,0.641311514177832,0.7524316057130911,1.146526313994241,0.8101788211775861
8961,0.64136515252724,0.7364956279811651,1.137053278369316,0.79954778921345
8962,0.642344844460055,0.746074647899123,1.140858286640782,0.8022398352892931
8963,0.645892180745368,0.750797436073206,1.141381040323471,0.811037924572609
8964,0.64824778014335,0.756454949037752,1.144607510471689,0.8102953791402381
8965,0.6481624913766331,0.756423045867595,1.1422129533645031,0.811496275625583
8966,0.644966423970417,0.7469138223407921,1.138088853354903,0.802495014246391
8967,0.637065015598267,0.746674630736959,1.145982029321401,0.8018208799100871
8968,0.635354961579044,0.7460707160441771,1.1391466251318,0.803925235931208
8969,0.6385171774072921,0.7475136449371551,1.141406555970509,0.808695794474603
8970,0.6470728390782641,0.7513302915554111,1.142654210545014,0.809805035753094
8971,0.642573929864211,0.750851088891858,1.142244866684727,0.8093298703594051
8972,0.647124567622507,0.750693059485891,1.146526901726273,0.802548809732863
8973,0.638794806340466,0.7458746166548861,1.135655443629492,0.8023842853642461
8974,0.6433669266601401,0.750413815504398,1.140670649923276,0.8017439325272601
8975,0.6454669005790911,0.751658735931783,1.140775453029335,0.8082713603271521
8976,0.640143939442392,0.7546646237589311,1.144782528389191,0.8078546875790841
8977,0.6408051384100011,0.7412007773915921,1.135902540407319,0.7996400134718931
8978,0.64470499376024,0.748321845911551,1.141388656436533,0.809861613842456
8979,0.639972198997502,0.748637281358242,1.13766557107801,0.796857572201153
8980,0.647532174093783,0.7501616599983061,1.148482588430245,0.80916086025536
8981,0.6373889236508501,0.743145783742268,1.138052185376485,0.803983120166737
8982,0.6428984386873411,0.7483246085652401,1.143452092789221,0.8061074307053411
8983,0.643565544291682,0.7522193113530891,1.143854104846284,0.8097652053541461
8984,0.638000332682892,0.75171427482712,1.141913832529731,0.809601240588919
8985,0.6502815322491571,0.7515446271585381,1.147689048362814,0.815358740453054
8986,0.6386465566853681,0.744075315262096,1.134388781544091,0.8047154965554021
8987,0.646334723205022,0.747955828905105,1.14746391935193,0.804881015873473
8988,0.640866265888663,0.7560314688345661,1.146333034163799,0.8096649381399581
8989,0.6477142009560181,0.744252603339112,1.136506554117237,0.8029361454149081
8990,0.638875800954259,0.742879416739595,1.144171698153882,0.7997031023698871
8991,0.639572336729885,0.7486420389318811,1.140513299275999,0.8027316657961271
8992,0.64648380956572,0.7523127197139501,1.137502064523489,0.8110595871896841
8993,0.6353261323672701,0.7469610588058181,1.140987359743187,0.8002048472509431
8994,0.634247036677771,0.7454688766080401,1.13448669437481,0.804075320102814
8995,0.634884144058046,0.7498593797934221,1.140377605306929,0.8051197470800161
8996,0.633735676444527,0.747560281360494,1.137289990117584,0.8062676463438111
8997,0.6354706570020181,0.751421461826649,1.136610244279322,0.804934440693561
8998,0.6406407245583291,0.747356519858906,1.137666940257169,0.8066899190130441
8999,0.6443842541750351,0.7508381058772401,1.142688783182614,0.8034167064866721
9000,0.638888841926835,0.748717632846555,1.137368594390758,0.8043647384459991
9001,0.6426875241424721,0.7486900100889411,1.137922060014545,0.8008682700009011
9002,0.6424988697998331,0.743024765041427,1.145755111415317,0.80719848419877
9003,0.6443100927424601,0.7478607004319411,1.140311756643696,0.8066444323546641
9004,0.6407973153813591,0.7458067648652671,1.137300377522689,0.8045761916192541
9005,0.6399577165535391,0.7478993739122931,1.135478578183962,0.801484083189912
9006,0.6413488581344701,0.749688864294169,1.140046716168306,0.813201348094836
9007,0.633255821639213,0.7473024710796881,1.135983800542527,0.8033134599040811
9008,0.64508969830754,0.746264635436776,1.139887451801611,0.8038755520584351
9009,0.644933301199605,0.742992279538209,1.13815180266249,0.8001542289241931
9010,0.6398816546830141,0.745334694027036,1.139278099156808,0.80308449562585
9011,0.640617082408372,0.7482498433926831,1.141587189142254,0.801277469195749
9012,0.646311302574864,0.7477286502287,1.14285909395287,0.804283678855585
9013,0.6472222721879031,0.7501603845452911,1.145059059927429,0.8056547098077721
9014,0.648122925581275,0.758349995466246,1.146501427543336,0.8128490852111061
9015,0.6385238475125761,0.7495607627906661,1.137941233057906,0.797837709414138
9016,0.6419178638337311,0.7524369070711341,1.138311144774374,0.8060566448755021
9017,0.642224006759731,0.7452958812532211,1.136187205927959,0.8031753098889101
9018,0.6393267015616091,0.746028939666955,1.140268002623233,0.8020219153900071
9019,0.641647706267194,0.747726077618806,1.141646713774273,0.8034920698922611
9020,0.6438150529790181,0.7454022658259971,1.139866861420265,0.8058904790845901
9021,0.641763014044018,0.740575867934503,1.138074489391368,0.803599234373457
9022,0.637505531392019,0.746980142118274,1.137448166915472,0.807304714549926
9023,0.6439281118412811,0.7497014743478401,1.146544101985468,0.8063374239195511
9024,0.642632586800533,0.746016189779924,1.141373994557754,0.805486996185736
9025,0.6427871466114901,0.7482076820687971,1.139788781603177,0.8082829755663441
9026,0.63505603024817,0.748447708785533,1.134775290022725,0.8042164045939411
9027,0.646254566403618,0.750931222261726,1.143993667934252,0.804089430260701
9028,0.644456504344724,0.7485359671755111,1.145562327534392,0.8049595641053241
9029,0.6434806377451481,0.7478060356300811,1.137195955044117,0.801080945285334
9030,0.6422650879114,0.741605486342872,1.137478424371152,0.803834020173636
9031,0.6429356917253001,0.753686082643875,1.136586730786855,0.803492328556983
9032,0.644480485118169,0.7461832842749091,1.1460386987613589,0.8009323720968721
9033,0.642209503610712,0.745558862992818,1.139201654148274,0.802498908038588
9034,0.6438092419040801,0.75660641502211,1.142738812859507,0.807276532890788
9035,0.640264806108198,0.746801830396272,1.144762166168378,0.802408198245625
9036,0.6479494081459181,0.7541162198868351,1.1405894775753431,0.8027735918598331
9037,0.640035040973537,0.748995763128218,1.137858097859914,0.8104880217030861
9038,0.641209154187337,0.7473428206167361,1.142152976082719,0.8052391789691601
9039,0.640919369982852,0.744983193990976,1.139319569952246,0.8026019303749
9040,0.643410030968379,0.7416729365569951,1.144780180808426,0.7946037294316121
9041,0.646379043172667,0.75018034465071,1.146161522446335,0.8076242207401041
9042,0.6395633849112881,0.7446098926922551,1.142235187192757,0.798363937092
9043,0.63416244154391,0.7491954306977381,1.142114637986473,0.7996778594518911
9044,0.638768896298564,0.749277581555255,1.137733583001123,0.8126818051534711
9045,0.6470343429541241,0.74941996830529,1.146965980313826,0.800946111750343
9046,0.6453931333524161,0.752323842890884,1.142512798525285,0.804105925603189
9047,0.6474034836704741,0.744226979172748,1.142820191016231,0.802929828510336
9048,0.642172448957959,0.752269442962563,1.138449878796287,0.8032740677126501
9049,0.644922615339358,0.7433117480165711,1.14102538448313,0.798882077542552
9050,0.6425335827567,0.7472649772745971,1.14118995744249,0.8073428600108711
9051,0.6424421283915851,0.7494409588584,1.148605782160724,0.807310946555673
9052,0.6420519533634611,0.7462095352618591,1.134807510652403,0.8063800287959361
9053,0.638723788378031,0.7531156799067621,1.139862369584,0.8052512027215261
9054,0.636747077458362,0.7417071809371311,1.1383211236933,0.8069562116988751
9055,0.6375568746926561,0.7469586624183511,1.13989839432896,0.8019499763090541
9056,0.6415398648089681,0.7479279146030321,1.138686859305354,0.8051279926861541
9057,0.638078679290154,0.7492684163693061,1.142111948866775,0.8050741871305991
9058,0.639303997779885,0.745150725910629,1.140247374233128,0.8068080145757691
9059,0.640761261616928,0.745017939287683,1.139952489755292,0.8042533941620931
9060,0.6385301561297281,0.7508937919485391,1.137530339584834,0.807602382575472
9061,0.644588890687926,0.7486090560754141,1.139733218736406,0.8031891859204001
9062,0.64139424358913,0.7532869564450301,1.135193108108596,0.811827194755492
9063,0.645972689856653,0.749901189536288,1.136552725041258,0.8057631518475821
9064,0.6396756351426021,0.7462039678425021,1.136450583844081,0.800323860206897
9065,0.63458240599088,0.7495668458117951,1.141020218747249,0.8018825129214401
9066,0.645869579247158,0.743897823967795,1.12858787967243,0.797839902908257
9067,0.6372944728295871,0.747463444112867,1.138058331781539,0.802898596000412
9068,0.6411658188031201,0.7460295632481571,1.144043153286844,0.805695665811283
9069,0.646329428325744,0.747898919966773,1.142280645128609,0.806108994274467
9070,0.6480387439006481,0.750895507417727,1.139085281478322,0.8049727649414451
9071,0.643388537366105,0.752452248464459,1.152839829524358,0.81055718668453
9072,0.647415507746779,0.7498064049776051,1.142246994635333,0.8041304449780261
9073,0.64464482543585,0.751970257016195,1.14600596026234,0.809951070642125
9074,0.640661753444136,0.7488794382931531,1.139000806039658,0.809474684702961
9075,0.641654556509161,0.750275872539782,1.146052197053812,0.806289537364374
9076,0.6361213644993471,0.75174149017835,1.136390997771767,0.807266290259102
9077,0.6368681032858461,0.7483943458916481,1.140868937731653,0.806023150898408
9078,0.639616272452732,0.7457908169514891,1.138765357434749,0.7999552556893961
9079,0.646737094023737,0.7523881212092821,1.14718301086754,0.80002247982159
9080,0.642356183109939,0.749505983206672,1.13786948731412,0.8041471114679091
9081,0.644779340782459,0.748731258446755,1.140974888551062,0.805092783374846
9082,0.638033050908774,0.746121473394442,1.136963518201441,0.8034980833206481
9083,0.6466793824203201,0.7537036067333771,1.140905080066211,0.804869286715984
9084,0.6477449084429631,0.755841434001922,1.145523619392644,0.8083044813163031
9085,0.646110428821133,0.7501254651857451,1.143702782690525,0.8096331814438961
9086,0.6381187049699001,0.7454865813471261,1.144686618576879,0.8028118768301991
9087,0.64021288735819,0.7444099696434061,1.136307435515134,0.8006166948572451
9088,0.641894398014182,0.7489255999309421,1.143469711252744,0.808741201471159
9089,0.6394339352306241,0.746433930336565,1.138561935744423,0.804148432758191
9090,0.640777495514223,0.7504971569431,1.134193402917488,0.801981659525114
9091,0.64009144945421,0.752075051051982,1.13677069760751,0.8109020446089731
9092,0.646486428714748,0.7533964982283281,1.142985042022622,0.8066743613099271
9093,0.6452955970189711,0.7500334495435591,1.14392706643844,0.803165123460517
9094,0.6414541137823161,0.754744473466838,1.139137076078981,0.805312764250497
9095,0.637362898880804,0.751236006725525,1.137260033384613,0.8081864793447481
9096,0.638043789301013,0.745002545416355,1.147980769043383,0.8013886508086451
9097,0.6399822318521531,0.7417848384466721,1.140418263665144,0.80273693886356
9098,0.64471397816163,0.75109860624956,1.140485862458961,0.803904057736846
9099,0.6431801579892631,0.7468835024730021,1.138230376593444,0.8060172298734171
9100,0.639625416582693,0.750240938279075,1.143357775889445,0.8070413165226361
9101,0.6425378687031891,0.748598834310752,1.1465455589519031,0.8088126442516621
9102,0.639662925072986,0.748810271422068,1.14357356014459,0.8018948294600281
9103,0.6477468156296271,0.74843811513721,1.144022213484066,0.8060191917246661
9104,0.6437197599721991,0.7500870803344071,1.148181151760661,0.796458070881772
9105,0.637931311368078,0.7476798367241151,1.138956055477045,0.797548127698077
9106,0.6409102813273231,0.7563026647852811,1.136289636725964,0.8133766296441141
9107,0.6400489041014851,0.7466321163203401,1.139105482701806,0.8019025905894621
9108,0.63986799304468,0.741876365481943,1.144976690843485,0.80344793829473
9109,0.63874125926067,0.7498897325949391,1.139595114018606,0.8028853559137681
9110,0.6443158966907551,0.748793237343214,1.1395398805970731,0.800035494771124
9111,0.6389986635928131,0.745014584582784,1.138428402443726,0.803089111530478
9112,0.640691737792846,0.751340895027354,1.140170251761657,0.8106664179999761
9113,0.637340927118624,0.751941766319931,1.140109881434751,0.80379162248278
9114,0.641757348471361,0.748323005610618,1.137068769638089,0.8019487874825361
9115,0.6429518728476501,0.747798133047594,1.146232022755388,0.807417348540131
9116,0.6399257088323,0.7501555838878601,1.141376607875893,0.8044050114526261
9117,0.64002114056569,0.753268896561601,1.144320510003877,0.796798012880743
9118,0.638447053109606,0.744676024045633,1.139414068905339,0.796190554222119
9119,0.638543839013015,0.7553123495932931,1.140567365979802,0.8044600564770501
9120,0.642534852540795,0.7423829447100121,1.134070937292299,0.8033834105708461
9121,0.639648754878536,0.7454974887811621,1.143709361121274,0.8009350901010671
9122,0.638448517202683,0.744384798990643,1.143369398147299,0.8086235636062381
9123,0.6418338995426891,0.746724607395953,1.144331684794978,0.8083835294659151
9124,0.646502665068576,0.7405149895643841,1.136009539814962,0.799421172697043
9125,0.643616417935792,0.7494871832322381,1.139374860386917,0.8016029783673041
9126,0.6412411562126611,0.747881034686081,1.138824818898802,0.8037204467354041
9127,0.64782732139355,0.7501957451087841,1.142203798112662,0.8069733234419331
9128,0.64592665274614,0.7488725811674971,1.141845432312592,0.8046994624740401
9129,0.6380081500156201,0.7458578656980951,1.14214423061281,0.8039916224669711
9130,0.6435814749827421,0.749690837402274,1.141300849724507,0.8051223974351001
9131,0.639897980578783,0.740915021494678,1.137925088297629,0.8010729814245211
9132,0.636506004906866,0.7478567643657971,1.139913764228855,0.8006494472586151
9133,0.6435692531691081,0.750596135314823,1.149519311993018,0.8091887847344941
9134,0.6440848034361131,0.744369063040484,1.145818115360495,0.801961828833041
9135,0.641658825394899,0.750775198033754,1.138964709380398,0.8052897757540141
9136,0.6479961132171791,0.7494668798602141,1.146807816149531,0.806041830097851
9137,0.643390267412515,0.745759893694649,1.142880117331726,0.8037748093568321
9138,0.641310885791545,0.745803402169891,1.139454917955225,0.7987441496680611
9139,0.6377206858301501,0.7475962533035141,1.141412324231603,0.803131446539275
9140,0.63701450732955,0.752156809620235,1.138798968515534,0.807565187414487
9141,0.6421977089637,0.744142013939394,1.132899902545023,0.799335046900787
9142,0.6436636023547331,0.7480747258101681,1.142893244606861,0.8018258181873
9143,0.648477224228174,0.7510175206091091,1.140908665847087,0.810415883184127
9144,0.6392339751988211,0.7507905672857721,1.146577076203581,0.807855380564064
9145,0.6422212940195331,0.745117663689281,1.139891291766063,0.8014892734371231
9146,0.640604245786865,0.7505782691464901,1.140600547410439,0.8068478316392581
9147,0.6470478187328661,0.7550323743751081,1.143506126559299,0.8058860461780991
9148,0.639086604685239,0.7408422403361481,1.136697738822819,0.8034210958504591
9149,0.6365435592884171,0.750099981068701,1.136680148649906,0.80407461926233
9150,0.6432308108154411,0.7460551924895541,1.144330015648966,0.798011701284111
9151,0.639854680098917,0.7475830779775321,1.133458147770252,0.8002877545043611
9152,0.64447562823045,0.7536426405759821,1.1382428025421891,0.8059745046269631
9153,0.644159383693898,0.745951983699764,1.135606621486553,0.8001289418966011
9154,0.6379473378098961,0.7459685722554941,1.139084524002628,0.8105556075933611
9155,0.6471430219817851,0.7502141246113221,1.14224461638841,0.80431352223715
9156,0.634745861768074,0.7425410633069881,1.138947000538093,0.800478771382915
9157,0.636887224391102,0.7448525273281591,1.1353075781810111,0.8060026911451761
9158,0.638906424487198,0.7466877670823661,1.134758732889009,0.7977176411482301
9159,0.639488314804823,0.7479023225065591,1.142116400534692,0.8005767382843331
9160,0.6445013432075141,0.744919729513534,1.141925224359484,0.796466811330638
9161,0.6383958327165541,0.741341097199398,1.131165855280731,0.8005498529452341
9162,0.643082253445965,0.753307784921017,1.139079401674477,0.803261024229552
9163,0.638634660240748,0.7486992787191831,1.144994235665038,0.808437126567182
9164,0.647009761005208,0.7524615636338351,1.143303118970083,0.808378065220903
9165,0.637521738429432,0.7473565537644461,1.141449783483277,0.804179461348963
9166,0.6367602017100731,0.744315142756786,1.132586564274801,0.805529118960966
9167,0.642030818792788,0.7520882309131001,1.138685334851776,0.8033566428483391
9168,0.6402871511282691,0.7440584716589551,1.143362728149994,0.801807256388491
9169,0.6418339740484951,0.750016860987829,1.13937465565792,0.8031890160417641
9170,0.636953648125779,0.747710488196732,1.136640403797661,0.8037440303875051
9171,0.6412198979785471,0.7407797062094661,1.134560140902581,0.8002412530823031
9172,0.6448907167853221,0.746474075576533,1.14516859177662,0.8068383737480721
9173,0.646697750072116,0.7510603518373721,1.150882281470989,0.8002368173413511
9174,0.6424371153926071,0.745423105963762,1.135845714289209,0.798625764450517
9175,0.640594256339945,0.746640825401181,1.137736891814764,0.806616684745835
9176,0.637052976728781,0.742901830677536,1.133060294540895,0.8009777964511211
9177,0.6408755852422421,0.748847257615863,1.136284814796586,0.8009896350727561
9178,0.636941485592852,0.748453976991383,1.141660816751528,0.8022297706616961
9179,0.642684604459698,0.7472751170828721,1.1386580452107,0.809440914622467
9180,0.6478985579063491,0.749563820120217,1.144012299028859,0.8021373261522121
9181,0.640492665055005,0.7529035166337871,1.143634601887585,0.808670843209045
9182,0.6340252670418951,0.7443576123619421,1.134649946637775,0.7977767809685591
9183,0.6405790507037571,0.751452635595763,1.140130278532919,0.7989537385224861
9184,0.645119751115208,0.7474428609661431,1.137544177904509,0.805523354074229
9185,0.640018297116393,0.7453079167483511,1.13662036637897,0.8024551411685731
9186,0.644502286083888,0.754419855017592,1.144435897685479,0.80730555994787
9187,0.640978079829095,0.753223978522895,1.135032883912756,0.801968967542052
9188,0.6366065684436021,0.742348659837591,1.140123598601507,0.7994697447326301
9189,0.636583041615676,0.7461501495993651,1.135621289196221,0.80136800152452
9190,0.6408149381910541,0.7558837246851641,1.143648999756661,0.8111653191887811
9191,0.642601963348578,0.749307793875535,1.14094486951396,0.8015056948676921
9192,0.637844486459009,0.7463294922009751,1.140158670859924,0.8033333918808591
9193,0.649045076329207,0.7556077642501261,1.1389364738395251,0.809197533254822
9194,0.6425199188507981,0.749937542538712,1.144985838320808,0.8032447478423511
9195,0.640831532712647,0.7505359455295231,1.141813993885897,0.799037018520892
9196,0.6407764125615351,0.744260110176991,1.137819282170655,0.796839420724174
9197,0.640055193309334,0.7518182190648021,1.147227963783602,0.809407790258958
9198,0.640643885710101,0.749342567030934,1.138714278413765,0.80271584815953
9199,0.644024232618402,0.7448091004853661,1.141950402678786,0.800048576155002
9200,0.6425330624308271,0.7491375900049141,1.14759122353533,0.804851711228273
9201,0.6437190543536251,0.7512983284566711,1.142447032358335,0.8045255570416001
9202,0.6439194350732841,0.747598936916261,1.136832762239636,0.7973526622560141
9203,0.643083661578703,0.743255610807218,1.133589333058267,0.793584582247379
9204,0.636123447962429,0.741764626641204,1.134997464932393,0.7982566098588101
9205,0.6466228050328251,0.744460946191912,1.139958037306433,0.800636144111985
9206,0.6400264253488911,0.7495700539886081,1.14342081633167,0.799680865842147
9207,0.643865489873333,0.7493931511821951,1.1432286106805871,0.8054380511082161
9208,0.644810043842248,0.7499015170378961,1.139572483257971,0.808191587581582
9209,0.641554997478058,0.7531360872629761,1.143607145202332,0.8104391558824671
9210,0.6440105180701481,0.748426350670448,1.141035070993762,0.8030036731852561
9211,0.6373668926079631,0.745406862618266,1.1353312108827671,0.800973378472786
9212,0.6408388408413831,0.743847776366316,1.13664038695287,0.8012064171927991
9213,0.642231080303157,0.7469162898867021,1.140506070701108,0.7999782849481141
9214,0.638033456479509,0.7473791325869761,1.139202474467996,0.798784304761152
9215,0.6415577548137611,0.751124903667664,1.1460669105467591,0.8026507312728871
9216,0.642861374424419,0.7502091538862901,1.146263657164746,0.7967199758774991
9217,0.64580308376015,0.7489776317624071,1.14082521016615,0.8018798150284131
9218,0.6407226905280691,0.74910530037638,1.140291114000306,0.801307231079841
9219,0.6409829461650141,0.751170296707878,1.14559698558372,0.803504896903599
9220,0.6421663920678521,0.748529821094395,1.138868325430414,0.80356411849135
9221,0.6451481033548491,0.7487968201006661,1.13545336952244,0.803145101671849
9222,0.6390979741092611,0.744545703024967,1.141265976580156,0.8003740050978411
9223,0.637742406432179,0.7505857913174491,1.137886172511439,0.8043193062092511
9224,0.637799700020232,0.7481353196544921,1.134299223297748,0.8004421416562101
9225,0.64456104616756,0.7487235084392021,1.139577716588974,0.7999801119060621
9226,0.640790569744464,0.748634767489156,1.141176485389039,0.803734748043875
9227,0.6372629919129871,0.750544094629045,1.140747424808965,0.8067606338502271
9228,0.633484560186448,0.745652495303015,1.139771991557833,0.8012096971489381
9229,0.6382192484764511,0.7482466782996621,1.141743745492852,0.7971519904508101
9230,0.639614206401334,0.7425665002370221,1.141201829240806,0.802477579239917
9231,0.64116813123658,0.75085225323404,1.138186258682306,0.796284278503794
9232,0.642838550029673,0.751260347016479,1.146047548431417,0.798187432594705
9233,0.6423170379484471,0.7457905913824621,1.14687540727681,0.8019532744597261
9234,0.639974032110278,0.7512899550838741,1.1465466215774631,0.8038810743423901
9235,0.637016340685279,0.744294904604338,1.136625583621038,0.8025799521879441
9236,0.648138100983224,0.7530568813284231,1.142736205480237,0.8021706848580761
9237,0.646049534982961,0.748992862260859,1.142731253759584,0.8073866037732881
9238,0.639630505005302,0.7426447878065311,1.134254884460698,0.8005700448824871
9239,0.6448558902880851,0.7589746531153071,1.140452162835045,0.8083974900992881
9240,0.641646079098184,0.7514913778590121,1.147578212014143,0.80744361186373
9241,0.638297777946876,0.7496176464618111,1.145218936861425,0.8049374777769691
9242,0.6416555856341031,0.7501537779319111,1.138828122421451,0.7994706113755271
9243,0.6467230612331111,0.749883260847865,1.14604469647874,0.80582045574767
9244,0.6441402870729781,0.748050120213757,1.136458209243373,0.8040618816849541
9245,0.6450694202027021,0.744893217864243,1.142860428038714,0.7993707945435371
9246,0.6371371887246331,0.7443939318907431,1.137720830522585,0.7975461692481801
9247,0.641944155852863,0.746144806237324,1.14654130888158,0.801652089517185
9248,0.638107276346156,0.747853786293147,1.142802369551382,0.8007898955889371
9249,0.638618416166391,0.7534316552505971,1.146102732074433,0.80313981373025
9250,0.6368034358905711,0.751093815742195,1.141185614833797,0.7996409666333071
9251,0.639250647195655,0.747837186291597,1.138503755672254,0.8036824889427071
9252,0.6381932211148991,0.7480204959494481,1.14209606282521,0.796368184242991
9253,0.6481307729052891,0.750049014562282,1.143119970957438,0.795654036698565
9254,0.6406799412561931,0.747007704515388,1.135975521651731,0.801063126978882
9255,0.642948534042722,0.7480023562692211,1.141097700898198,0.802027416779943
9256,0.6391672769804361,0.747930459462214,1.1391314405246051,0.804696081395166
9257,0.639265615115131,0.7506485047979631,1.138082404499468,0.795100942658989
9258,0.638438063363234,0.744342181777608,1.136011213280152,0.7964519573294591
9259,0.640602230242844,0.75030150739611,1.144229843348696,0.8070916575852081
9260,0.638441016141703,0.748780330346114,1.140629846332729,0.8106600381973861
9261,0.6437100751892381,0.7485933193693991,1.146105497427608,0.806808462258482
9262,0.645232169983395,0.74671701978946,1.142203142569549,0.8071294121606191
9263,0.643094799602809,0.7531025836217231,1.142295672949673,0.799316496601787
9264,0.649915699266653,0.7495226145222561,1.142412403463453,0.803353596262741
9265,0.6408685033844,0.7535309836916301,1.140172618994678,0.8035108034053571
9266,0.6371713820035041,0.7453552018041191,1.142509194171947,0.7991952815673491
9267,0.641746618987425,0.747429803877637,1.136573279141516,0.8021438624169941
9268,0.643075691050161,0.745623748479545,1.141662840609965,0.8043021152902771
9269,0.6369172828137011,0.743707270401975,1.135792402901511,0.8000950617580741
9270,0.6377843518511971,0.746516560730726,1.135727899122065,0.7988739774117001
9271,0.63834643104802,0.7493029037031571,1.1405766877359231,0.799502019918915
9272,0.6447579158820961,0.7540685031293091,1.133760414693666,0.8037592102975941
9273,0.640828135814787,0.745274826020434,1.134714550190213,0.795407189299231
9274,0.637993254820289,0.745959396811499,1.133810775543468,0.8015095595054431
9275,0.644859778006439,0.7479274061279021,1.143576765945856,0.8051528279008201
9276,0.641671205128448,0.749992609132027,1.138512345219867,0.7979786010540051
9277,0.6426752816237831,0.7441994568360021,1.141437460330949,0.802661875883738
9278,0.6456838187802091,0.747937967487867,1.139069422647573,0.8031897769997941
9279,0.646642444844263,0.7516683453451031,1.144907806878504,0.8010883126947751
9280,0.6430090027118931,0.7500477843526481,1.142927110411118,0.8036799551784121
9281,0.6427267122797771,0.753855150786862,1.142233898890191,0.8090819867084851
9282,0.638669507470035,0.7500427995902901,1.137764788516189,0.7974300664188201
9283,0.641434816886549,0.7460648669064901,1.140317014917947,0.8028255794467271
9284,0.6384696401655671,0.742646968990996,1.139095623100149,0.795762545334688
9285,0.6412455252493201,0.748448598428048,1.13668375192345,0.796891361097062
9286,0.640524561071525,0.747161359566709,1.139035972996034,0.7983254210996451
9287,0.643159071820369,0.746156118594218,1.144632181287675,0.802439531122428
9288,0.6403049763993941,0.7462494330129761,1.139094470419745,0.7985518479152861
9289,0.6445894238363571,0.7464316675196521,1.147299906265908,0.8020656471937031
9290,0.637737679416718,0.7492127773770381,1.146185488264629,0.8018603699848701
9291,0.644934751417325,0.745696472840896,1.139554689111916,0.8016091733091121
9292,0.6468516985035461,0.7491950693985691,1.140751543684282,0.80115290077916
9293,0.6393889764026881,0.7466730105056271,1.140982225753259,0.798332579487907
9294,0.6437499657057331,0.7544176808517911,1.145248126724492,0.8058372959224641
9295,0.646517633608933,0.745934663475423,1.134999098121256,0.7999777858401981
9296,0.6348974813261751,0.7430842843824531,1.142797035367592,0.7960545094008891
9297,0.647127306277769,0.7509383897202601,1.145585686508296,0.806795885084547
9298,0.643068476728555,0.749371316229951,1.136323528337305,0.799762409936258
9299,0.645228471876918,0.747465546904266,1.142795911193757,0.8019740572874091
9300,0.6413408180401811,0.7494970289045481,1.143647108820901,0.79902129917257
9301,0.641074656873293,0.7474133495403371,1.133654509981473,0.802782642506602
9302,0.637753677324972,0.750990811681401,1.140266291581202,0.799862204254537
9303,0.642198499994001,0.7514044973945271,1.142331315339475,0.8039406521002881
9304,0.6418160892807051,0.747809058730153,1.143246329780937,0.8000894451540881
9305,0.639292457316448,0.7455285005811331,1.138270181050335,0.801963344864223
9306,0.64146419417491,0.758143003544081,1.143162782965363,0.805528209477231
9307,0.640085181707273,0.746745381990204,1.140172568352326,0.8028757533841371
9308,0.6403158134308411,0.754511906292991,1.138968295809151,0.80634772558899
9309,0.6410651481507911,0.745050490766331,1.138185621819634,0.79040865888954
9310,0.6350520393284761,0.742806678772836,1.1363197256257571,0.798669191860202
9311,0.641261293296364,0.7451728537030841,1.133902140717575,0.803669894033152
9312,0.639885731959256,0.753929952348487,1.13696055718954,0.8053216812727241
9313,0.641118821647504,0.7465648174933761,1.142967146375905,0.7946497092590381
9314,0.642763481110982,0.7504633168379461,1.140970496271831,0.8007526657125651
9315,0.641116677634957,0.74722661121168,1.142663002338098,0.8027558724895331
9316,0.642588268965482,0.7522321246240451,1.140175863452579,0.800698167172031
9317,0.6431402399110191,0.749834437085234,1.143698584450327,0.8026679050501271
9318,0.6450219819241241,0.7506349840457881,1.135386970164119,0.8027344710746961
9319,0.6414811105561861,0.743712112091589,1.134643685234629,0.7991961319053511
9320,0.640755826823305,0.7504774030783901,1.139582851442738,0.8007062880889231
9321,0.643788180975378,0.7480551319709721,1.140863586055195,0.807536874344383
9322,0.645338795269313,0.7492892775630601,1.13925107827653,0.798928965153037
9323,0.6408760232607951,0.748638042505236,1.137766515431197,0.7971683518178221
9324,0.649531175287953,0.7484108329467151,1.143162249007086,0.8034747473193681
9325,0.642887540755496,0.7484668734065001,1.146540577536907,0.8002574550986721
9326,0.640389853413554,0.736992038030555,1.133914595172889,0.798666553409851
9327,0.63258471812351,0.745622943816841,1.139306259112081,0.8044211108885381
9328,0.643294016142254,0.75111638603435,1.139543371140093,0.803803314009438
9329,0.6384945351198531,0.7512387207884721,1.139491740776145,0.798771384779525
9330,0.632525543182872,0.743395026611245,1.136264670046343,0.7991005994001591
9331,0.6484969770940751,0.7471453975076261,1.1404824598111971,0.8072453075884901
9332,0.643100368803825,0.7529486530068991,1.135776756574278,0.80840790071997
9333,0.637214507205762,0.74053819877082,1.139428967798965,0.792634933512064
9334,0.6394790321642501,0.747481600745864,1.143184454760689,0.7986002777959551
9335,0.645039265570433,0.751971860294756,1.135864003952862,0.8067928478121751
9336,0.6449550922042211,0.748199856475643,1.143506015880384,0.8019686224937871
9337,0.640856462112371,0.7491125101628511,1.136635184180045,0.7944789797175621
9338,0.64175499074053,0.7492214426182311,1.144543489036352,0.804046498017682
9339,0.6376368353224311,0.74972421190013,1.134319340945154,0.801495703558127
9340,0.6402062545597981,0.750970794454864,1.143676718507988,0.802339411867053
9341,0.6399254524351461,0.74287139473186,1.141522602758546,0.8040614442062981
9342,0.6369010393062361,0.743502920304519,1.13673806320066,0.804068874621736
9343,0.6482049046705161,0.7463518689939941,1.146858369526655,0.8068002411636751
9344,0.641380999345278,0.7460118984614591,1.141593934941119,0.8000110037408871
9345,0.641374801973933,0.7490334750517551,1.143588319636773,0.7987458362527511
9346,0.6395019329004531,0.7431222553486411,1.136880374041156,0.7977148472075011
9347,0.640500276443966,0.7492548217592031,1.142217212505098,0.8068484517921141
9348,0.638262014458144,0.7485360070199201,1.138145107937895,0.794026684042984
9349,0.642409417346335,0.7463318532791691,1.143145025100397,0.7995032767184831
9350,0.636875997364952,0.744788405795892,1.135424503273722,0.7998318007296841
9351,0.643013529344529,0.746227543099202,1.135927924751371,0.8005574084818361
9352,0.6414830274340031,0.7509396447651621,1.152595477799574,0.799874969690606
9353,0.644621153969479,0.746108764647573,1.143154196225214,0.799441157097833
9354,0.6379425312405911,0.746667471484861,1.139629162847995,0.8018436878649651
9355,0.634421501551633,0.7525140308383581,1.142798850501793,0.798085611718504
9356,0.644340410693616,0.7537427452811291,1.140921809967013,0.804161893986705
9357,0.636933021409356,0.7445940741378321,1.138695674529974,0.8020514124815441
9358,0.6470296088120211,0.751066936530928,1.140949849093305,0.8053549501127091
9359,0.646353919868883,0.743478911726371,1.140079848576283,0.7996565890700921
9360,0.645715259582452,0.7509692022981851,1.142639139748138,0.798006318914501
9361,0.64273310377114,0.7481627192186271,1.140470823839954,0.799143079020406
9362,0.6454898310096361,0.7468364952483031,1.133995024514371,0.8034921190768911
9363,0.638480619810845,0.7499424241807151,1.134847400413043,0.794616954698078
9364,0.640703448512847,0.746264215828715,1.143491158774797,0.8039698261443681
9365,0.637322312085956,0.748148981211841,1.13743927254193,0.8051195377888881
9366,0.643728405615125,0.750002974941246,1.138845900154632,0.797396886175957
9367,0.6407545161420021,0.749539467735566,1.140656557096087,0.807181318951905
9368,0.6340144560874801,0.7438660235940541,1.133560130777566,0.797062035083122
9369,0.6449647107957931,0.7477241523455881,1.146303858554017,0.803320860571187
9370,0.6452753371626571,0.748765034736066,1.141259461425352,0.801965214770989
9371,0.6367550696367801,0.7440654901058771,1.130159056381039,0.7946932444591881
9372,0.642828548030144,0.7533847323578331,1.145533896766711,0.805228188444954
9373,0.632885218800409,0.7413974974466401,1.135800550489322,0.798871762375684
9374,0.63633928126723,0.7491194686811901,1.145278089936228,0.8015148571112011
9375,0.6418835441649391,0.7487279798673541,1.139164626058461,0.803829107946459
9376,0.643386767151347,0.741415941088959,1.145599369445572,0.798716903758653
9377,0.638878166864531,0.7446531076794081,1.139372753060382,0.796784032946047
9378,0.644680712938956,0.752834079382212,1.144358301184315,0.799279051954331
9379,0.6357145595323781,0.7525641389083171,1.139217378112717,0.8043094423424071
9380,0.642890046607109,0.7485841866852581,1.141815680524577,0.7967781256344441
9381,0.639034310166818,0.747722879700038,1.143458777795667,0.807662054329462
9382,0.638163692871297,0.749464370850203,1.139633469499539,0.801488420291655
9383,0.6470389671191791,0.74870948612258,1.14188528449639,0.800077402100398
9384,0.639151248055091,0.7483777749365651,1.144689741233984,0.8008342206856041
9385,0.6399758537232441,0.7462435216791381,1.140851844696031,0.802519300115713
9386,0.638902877524927,0.745036686892094,1.135539207985435,0.7928298668584961
9387,0.644766809904704,0.74513746506494,1.139143054144106,0.8033214232249961
9388,0.641784614194994,0.7446695666598231,1.1369259829322491,0.7999033006313051
9389,0.647862857828537,0.748314842689728,1.1338054663029271,0.8002458507654021
9390,0.639822625271652,0.745864131312439,1.138981267809867,0.8074901725395001
9391,0.6415897577569101,0.7542754679486371,1.143466225568799,0.8082337903155791
9392,0.639855769395396,0.740519591107748,1.141766032770924,0.7937269655420721
9393,0.643814059082364,0.7544051198207811,1.140789173219515,0.7986329504815131
9394,0.6438325731002761,0.7430051081422441,1.141852581414623,0.7960906892582991
9395,0.6355748353391021,0.7474900164465971,1.136336596871631,0.796448738381698
9396,0.632552208297926,0.7468792227083351,1.142874810142793,0.798903617899918
9397,0.649516684502579,0.751085090464439,1.142642516264881,0.7974290212859271
9398,0.6448831415964641,0.7413420419114221,1.14028983314832,0.7978223582486741
9399,0.637008274271004,0.748795144475888,1.135456658683825,0.794770814100469
9400,0.648538404319813,0.747429066918034,1.141089912557947,0.7932708664270841
9401,0.644491259170615,0.748766787242198,1.141221615175406,0.800109439488986
9402,0.638018159141791,0.750737950529741,1.142444826230622,0.803749144158285
9403,0.644948532777851,0.748875169434409,1.139288334202939,0.7965107524524561
9404,0.645338699788503,0.746166833824869,1.137411366338315,0.8045113264596541
9405,0.641051957572715,0.7511418589215341,1.137855604075003,0.793451156521189
9406,0.639199488215904,0.7442403258620821,1.140547589223454,0.7958985311991491
9407,0.638104199985231,0.7492937421885091,1.137725403343421,0.7921974628461871
9408,0.642474756751587,0.7457333064597581,1.140625301478565,0.799013158603422
9409,0.6412137227969751,0.7448752456601111,1.136739125286323,0.7984655529962501
9410,0.6397165265474191,0.7450723533613091,1.1431520546692,0.8029148571085231
9411,0.6408489422359761,0.7512772978431931,1.137508574171342,0.8078324087504021
9412,0.6425199540250971,0.7495055113365681,1.136118272724358,0.8064934475536361
9413,0.6439443169890531,0.7506414445630011,1.139837330018264,0.803789934764305
9414,0.636567048512507,0.7487855254523991,1.140897995967795,0.801707586489509
9415,0.640304027935085,0.747627833939116,1.137136239504468,0.8004727384372461
9416,0.6356264979619041,0.748210195721923,1.136042900059534,0.7997871155216211
9417,0.637558979643643,0.746938180124414,1.142407927716123,0.794928681213354
9418,0.638969292837208,0.7485379696540211,1.1370359951819191,0.8003949906569021
9419,0.648127397846268,0.7604470454912251,1.148485832348249,0.802823103937333
9420,0.6432997364064921,0.749404638033846,1.141578889951326,0.7999127190290151
9421,0.6424791556175631,0.74582474451998,1.14445477972428,0.795225257485889
9422,0.6421071269104011,0.749412443218887,1.142567996097647,0.7965330667793751
9423,0.637045254822874,0.7426295433787331,1.13758438696032,0.8020404550800281
9424,0.6424530402257821,0.7503024962717201,1.137079931795597,0.7981519968505351
9425,0.6421237443236331,0.745159994432891,1.136661339065302,0.795358233720712
9426,0.642055737313585,0.7478949235401291,1.131798533317835,0.797830110307836
9427,0.645234552684469,0.7487649166065711,1.142196378090243,0.797877503612983
9428,0.63634086570338,0.745742692139701,1.130837785269039,0.798629377388219
9429,0.6413930444775711,0.75295612356369,1.142529013688149,0.8039879803748231
9430,0.637428478405311,0.7454799909306601,1.1426395679945531,0.7937137623843941
9431,0.64365166304228,0.750470016421615,1.13810806311127,0.800161065506762
9432,0.642789785682723,0.747667237792326,1.141894726109677,0.8018785954817481
9433,0.647929152149869,0.7481679872110271,1.138423599410748,0.792896284843268
9434,0.6403892181435781,0.74508558170519,1.142605207320572,0.8009046464618561
9435,0.6389753905165451,0.7437939025137731,1.136185604916966,0.793278587226202
9436,0.6449049321961571,0.7483471486231551,1.141192917590556,0.7985268757287141
9437,0.6413143388926981,0.751171579395515,1.142655636953271,0.803431711335113
9438,0.644951535226858,0.750233063339323,1.139537275809308,0.796806150156518
9439,0.6380802318723731,0.7516514405176261,1.144882051301175,0.8025230944588561
9440,0.6344947676187841,0.742778362571329,1.136163544611654,0.7969184640147111
9441,0.639631249631444,0.743544502318769,1.136900985694449,0.807565530222179
9442,0.6439933292837671,0.7519488357331441,1.138100140120672,0.804035463761808
9443,0.6405437593820731,0.74738160704357,1.138568967364836,0.7972047460683871
9444,0.6406285020428291,0.7470144575488741,1.135809861879418,0.8009572237514061
9445,0.6466370759720821,0.7481769480998961,1.144673477588356,0.797498775916039
9446,0.639712513275984,0.7527981698513031,1.145826866337354,0.800300236656398
9447,0.6368972150257961,0.744438781146553,1.142735929700775,0.79258652711692
9448,0.6381482800765741,0.741393944275551,1.137186216055483,0.79786921457212
9449,0.642262544968853,0.7427552393165181,1.138294266077919,0.799883815932317
9450,0.6391452874286451,0.7464986183289161,1.138520062725613,0.7966885873373001
9451,0.636540322038142,0.7447402559328771,1.136215001128722,0.800796415413851
9452,0.6376318392492291,0.749441287331823,1.14232035110826,0.8005344679012241
9453,0.635397669359825,0.751872051885162,1.143534767346969,0.8008356261188571
9454,0.6366588653375701,0.7431839230483851,1.145670010343842,0.7945794015852871
9455,0.6381106793448541,0.7452421973364941,1.13318189892216,0.7933283484122461
9456,0.638411153863737,0.7477341721887171,1.14165229425914,0.7984112337015671
9457,0.633860488624676,0.7414941361200981,1.13674775197886,0.7953985691934391
9458,0.64042425274417,0.7467196835339931,1.139996166570463,0.802415567112789
9459,0.64546856953614,0.7469780320922531,1.143011402284753,0.799241215557507
9460,0.637225461313905,0.748639305108699,1.139944003328033,0.796333776813918
9461,0.644587647304802,0.747502916533014,1.142011318733726,0.7989943279088401
9462,0.6410018481530141,0.7443183960690011,1.1384144965289291,0.7966998844151041
9463,0.638819048829052,0.748442623386348,1.135228812046673,0.8023424655253041
9464,0.6341177560389041,0.7412201107844061,1.137229728849901,0.8041671522069661
9465,0.6395494189059381,0.7453802252809201,1.140618330434612,0.7966060470249771
9466,0.6461548365760541,0.7466660394616741,1.145075139900048,0.7966088027679831
9467,0.6328930592947241,0.744872870004695,1.139562291187652,0.7929299492928861
9468,0.643238158707601,0.750734088213547,1.139902830879757,0.805320207434503
9469,0.644700287125896,0.7417265771739721,1.141372694485429,0.8037864273495
9470,0.6426670863360591,0.7496275598372231,1.14038760020681,0.7944722046562721
9471,0.639960552795209,0.745034127887608,1.135997116241766,0.795502425157937
9472,0.6398036985023731,0.7546569922048111,1.138685490558113,0.8008668929932341
9473,0.64364404009952,0.750358740164749,1.14333333928084,0.7993214773419111
9474,0.638749995714296,0.743469394095566,1.131867163963076,0.798261348752007
9475,0.6323789330334331,0.745018051802248,1.139946073401665,0.797366694587728
9476,0.6435227872722821,0.747924701675124,1.137637031143126,0.793907388693828
9477,0.642775199524518,0.749246673307557,1.141084407442721,0.798307570345375
9478,0.647195546928307,0.753759478205356,1.143388915645039,0.7985243629934131
9479,0.643613605422602,0.7449181722342101,1.140587682309358,0.7967359304050171
9480,0.639625433832407,0.746982995582663,1.128817958460338,0.8002285861504681
9481,0.639560346694096,0.744559175726296,1.139034614398859,0.7944729571379181
9482,0.640722312465094,0.7532243775068851,1.142015633807666,0.801699063241265
9483,0.639733641502865,0.7542000335195791,1.138580742089644,0.8014467109156691
9484,0.6417573881807961,0.751918722969898,1.144515802138957,0.8044492413654271
9485,0.638587784508,0.744564082635485,1.139001207831113,0.799403185699728
9486,0.639428254081935,0.745365383076495,1.137674977274044,0.7976981666532981
9487,0.642664939732007,0.746711344066737,1.139130536736785,0.7964754995984441
9488,0.637993527171404,0.7444412449131841,1.145436451702878,0.7992509760610431
9489,0.641056423304953,0.749724105324434,1.14508887671906,0.799546524801332
9490,0.6406941533736561,0.7434903916673381,1.133880763274172,0.799015704542398
9491,0.644070520808083,0.7479559735975401,1.14039276982995,0.796399154470882
9492,0.643834301931918,0.750725742375505,1.136993544257205,0.800005493847572
9493,0.642715825766756,0.752484162108621,1.141370638557102,0.8011774873981871
9494,0.640194646096315,0.7505631860399591,1.136414296061232,0.8001437307591881
9495,0.640668384622836,0.753535996744598,1.146405235580776,0.8008579663608381
9496,0.644140652772309,0.747563775574815,1.140076023081074,0.798011958437121
9497,0.6452725575561971,0.7523115916528561,1.142607880999212,0.8035172086910921
9498,0.644512837725705,0.7496351386973821,1.13852620481149,0.8006071336297451
9499,0.6342250946639241,0.74681639422973,1.135919931250206,0.7974757097553511
9500,0.640600584339404,0.7481727136865901,1.140671118553997,0.8046124509225281
9501,0.63799107738811,0.7428607970908061,1.133037183379781,0.793157540018791
9502,0.641489487654273,0.751573945949043,1.14056415769501,0.7967378540855381
9503,0.639887560833839,0.753975747720054,1.142371095069076,0.799983200279698
9504,0.642667236373476,0.7486469283484031,1.136494032066801,0.801225507631897
9505,0.637878535261404,0.744815647494101,1.143762150536412,0.7975420164403271
9506,0.6419386775975211,0.7500964050059731,1.145086107694584,0.801828325982543
9507,0.6430829862753551,0.7416531923024551,1.140822869496069,0.802885690488029
9508,0.634734846165646,0.750202316088952,1.145273570889148,0.7933668106038501
9509,0.647081957671089,0.751445528605709,1.1428133828052571,0.798690515232906
9510,0.6381198791922,0.7468665531579991,1.142179334293241,0.7991872893619361
9511,0.63506438885478,0.7516408137221261,1.136766864229803,0.794846833508083
9512,0.647936822576583,0.7505724528345501,1.147069648448108,0.802888786933128
9513,0.6368358351722141,0.751000837895317,1.138203953919203,0.796682425842121
9514,0.6395587705993561,0.7457219650563981,1.139075412050537,0.808038754847602
9515,0.6373438695040731,0.746307361061158,1.144054764530797,0.793207446356182
9516,0.6400889348292691,0.748185541534769,1.137278096291466,0.802553155391976
9517,0.6375445607455741,0.7487166927776471,1.136786631591942,0.7951658899099491
9518,0.6436145654946991,0.749504175523053,1.136457646994487,0.7946855145088141
9519,0.64401872963577,0.7417389014060941,1.137852267078731,0.7937927198042901
9520,0.637601525212327,0.7453612336429991,1.140655726626299,0.7965619329471081
9521,0.6410947087612271,0.7490557919161901,1.13924830622863,0.800812601854187
9522,0.637363516766092,0.744689388659553,1.138216229020685,0.799941309336302
9523,0.6388902781882141,0.747493325260238,1.13810882328645,0.7990954097738301
9524,0.644792506822209,0.744299497401368,1.140855525390825,0.7998556236372041
9525,0.6396549219616511,0.747648677640203,1.137344081008779,0.7965382169662171
9526,0.647513658915092,0.7522536766701851,1.139960822095905,0.804585725311999
9527,0.6432920511596011,0.748563133072162,1.13804007332394,0.7981600367828551
9528,0.645846595744723,0.7526219239917351,1.137394075916297,0.7952167875254931
9529,0.645722518067645,0.746775771612706,1.141222708143185,0.7903327108563281
9530,0.6418548088682731,0.7520645430338551,1.138425986835922,0.7976001599344651
9531,0.639972955555371,0.749840485876885,1.14248401282922,0.805835914244686
9532,0.644651157727492,0.747926420707633,1.135678312916686,0.7972128200412221
9533,0.6400502936887561,0.7472223836010781,1.13877439185761,0.7998429051451921
9534,0.64207008216476,0.7451968333427451,1.136495879378871,0.7943491070004901
9535,0.6378289169861351,0.7512413189894911,1.137878858956738,0.8053432451156171
9536,0.6367388345787051,0.744780092459657,1.133691004544928,0.7981811110470171
9537,0.642205701628025,0.7508856581820951,1.1483141289672991,0.8044449177881081
9538,0.63993649335875,0.7511513306610821,1.140253047256366,0.7998646167309381
9539,0.6433057204914691,0.749730384976103,1.137161793376224,0.8060233162149131
9540,0.640864411800883,0.745870104194551,1.144453955841237,0.796146856836866
9541,0.6402013369606451,0.73825692774161,1.132588177811408,0.7958928564752351
9542,0.636567780262102,0.7463626457729201,1.144306425815043,0.7940175854533471
9543,0.643070566157499,0.7477326452516121,1.1377629011437511,0.7967755401480021
9544,0.642288660900532,0.7432420337977611,1.142545077679813,0.7934580995714751
9545,0.6420832379194701,0.7473586566638251,1.144019663117934,0.8038847996326891
9546,0.644181160040307,0.7437244163475171,1.141788163586803,0.79388747383179
9547,0.634137124498037,0.7458645215500951,1.133637008891589,0.797947712026644
9548,0.644463965507305,0.7498188910708911,1.139311471171137,0.7996434115305321
9549,0.634864519039789,0.7452906857150181,1.135427897823029,0.7902553946157721
9550,0.6386446458543981,0.745532443126042,1.13982244224652,0.7964245442678961
9551,0.642095723418869,0.7518167285167651,1.145183160469152,0.79759943002052
9552,0.6385128604167181,0.7467924264678051,1.137826743549194,0.795366352558999
9553,0.6432263862503611,0.7509639292307521,1.146184362471103,0.801722953716913
9554,0.6374398625415301,0.745542866164359,1.132784713977489,0.80091787143138
9555,0.635865439944293,0.7461039143196051,1.141194606928721,0.7957189316874821
9556,0.63804225915152,0.7435879508654271,1.13211208473945,0.79701237021473
9557,0.6367858240407871,0.749182142749212,1.135931467340476,0.7989948482347131
9558,0.6422543215524891,0.745303256248218,1.144867869067019,0.7945461870319601
9559,0.6421734348911301,0.7484828606247901,1.139333129469035,0.7977910377895051
9560,0.6386428369020201,0.746213544106137,1.140595368609048,0.7978692051509151
9561,0.639865134991165,0.7504899837616561,1.145195898586425,0.7993313278732951
9562,0.639187880751231,0.743950841759426,1.137411798040072,0.799771952213368
9563,0.6425097494021701,0.745747944043166,1.140436740241189,0.7978355703416511
9564,0.638549204564828,0.7444208267590271,1.137230083454346,0.800258943325151
9565,0.6410051988356781,0.743382572263911,1.142556059727634,0.797098475791837
9566,0.6450633182581781,0.747335900323114,1.146884019068186,0.8013585080811071
9567,0.638083678143827,0.745302471021811,1.146945073876692,0.79603178958422
9568,0.6456737589576971,0.752901525925035,1.141395768933538,0.7999446430661971
9569,0.642562382895013,0.7537192290891771,1.14503676066364,0.79871006142618
9570,0.648110343170338,0.745052426081636,1.141689892588318,0.7974743352852001
9571,0.6344707299401791,0.748029327370982,1.143957029542197,0.7952750015571931
9572,0.639541765539974,0.7588121911537821,1.148875866031301,0.805920859879773
9573,0.640334647310816,0.7474684848085691,1.138631239641403,0.8048551774759221
9574,0.6408077092112401,0.7489659797022301,1.145475221716839,0.806523947990027
9575,0.6356909130902391,0.7483748458865761,1.135796590343765,0.7937965330168381
9576,0.6455422359370231,0.7432543424808461,1.13943970689307,0.8036087312182221
9577,0.6418082266776021,0.748423092607138,1.140470973607422,0.807232680015157
9578,0.64016394327948,0.747515532525553,1.138415315660877,0.805123754790511
9579,0.6432887287405521,0.749994205175966,1.141288283726443,0.7970000211203441
9580,0.642559679306071,0.7493638728839761,1.1318930519231851,0.80053257221437
9581,0.648193213845724,0.7464732811718741,1.141905185861,0.8023631009610661
9582,0.6402061129177821,0.747900410838749,1.1378600784186,0.79927257127196
9583,0.6376793389141121,0.744894448505795,1.139570245600265,0.798724364273358
9584,0.641791650377537,0.7508178368426751,1.138663618244986,0.801481760822344
9585,0.6330270194650991,0.749080224853494,1.139296805189139,0.8011085024184501
9586,0.639593114050618,0.747270241163779,1.144112999672475,0.799663282174994
9587,0.637789343011336,0.7445853564186371,1.136741316728833,0.7943564536238921
9588,0.637558036740275,0.74630382851414,1.137590439099332,0.79625228587268
9589,0.643502641334265,0.753157273906728,1.136295707653398,0.8076671580851511
9590,0.639384692372835,0.747535859113154,1.138342837384645,0.796203042663957
9591,0.642906638753155,0.752005476774512,1.144804529953694,0.7967082627549551
9592,0.6443222179415,0.7487878204471821,1.145468777288561,0.7938413191316781
9593,0.642387903281959,0.7520919555555211,1.144851610388444,0.8095570163990271
9594,0.642826634121761,0.7434432618859881,1.146312958628371,0.794237260801204
9595,0.638218734359395,0.743986823312614,1.147933257230813,0.7997260977500591
9596,0.63874232194022,0.746623107596584,1.137300308307875,0.7990090106006551
9597,0.64729605798704,0.7512490179227741,1.141359904861968,0.7977626610655281
9598,0.644773110720342,0.750456431853598,1.1398019184884811,0.8025798224506601
9599,0.64388865251364,0.7498627030763071,1.141312634491402,0.7974101507469361
9600,0.6379462880338881,0.7453985547889831,1.139226988173913,0.799551121728575
9601,0.6438715072159751,0.7561339358056801,1.147090915536535,0.807857228416031
9602,0.643542507636374,0.747125534259754,1.146372886563556,0.803368070986175
9603,0.639402882614429,0.7471540555141971,1.140625048374784,0.7925970678798091
9604,0.632185621376054,0.745045128831828,1.139278692179832,0.794444236688423
9605,0.6406898995240531,0.752770093688066,1.141204429925351,0.798893082832944
9606,0.639484192123231,0.745354079789873,1.144460369387398,0.7964938260020981
9607,0.6428699877005121,0.747627981654975,1.14536246938118,0.801271341282172
9608,0.6423748042164501,0.7486292642095811,1.144128147134746,0.797321397217287
9609,0.6365328741570311,0.7496791856660351,1.143550186593463,0.7941379610827001
9610,0.6364379592401821,0.744441770988961,1.133241104798904,0.799287197787476
9611,0.6381268170324781,0.7525619183113611,1.138172335598779,0.805587801650382
9612,0.6437378641811831,0.74669725458691,1.144105472318504,0.7944204338110871
9613,0.6333505362812161,0.7436196582688801,1.139358327440593,0.795077588841103
9614,0.639023595638033,0.7465204008031581,1.132242237960083,0.7931412064024931
9615,0.6417799536138771,0.748657673381377,1.138421204103076,0.8014624777479441
9616,0.644083701721999,0.746419059841529,1.141017651104408,0.797627628983362
9617,0.64205969756712,0.7470565941454701,1.144465417425701,0.80231813368374
9618,0.6417534801353141,0.749535516120385,1.138932313608086,0.7951491453239451
9619,0.63725220868229,0.749680946486583,1.145198656704978,0.7984626274285971
9620,0.637504588542641,0.7484275341249891,1.137873901729134,0.7948382494944161
9621,0.6403055868341001,0.7500189872107641,1.141727286512437,0.7998540382832281
9622,0.64090930727189,0.7486033354332481,1.136938540615897,0.79300156586628
9623,0.6426377236519171,0.7456960113368171,1.145217826077039,0.795074951416556
9624,0.6397049611137391,0.7503604931027991,1.142169538075509,0.801758481243598
9625,0.6372541487756841,0.749222291444522,1.135826576987038,0.7945492974873901
9626,0.647917911896239,0.7466787147349201,1.145384883103163,0.8003572333550101
9627,0.6359964352964921,0.748350425906803,1.139282860077809,0.7954020083112561
9628,0.641673979065988,0.7459105658142461,1.138869983238586,0.7947788946060591
9629,0.637514229323984,0.750865553060303,1.137494282338066,0.800392620535432
9630,0.6363636220980811,0.7427901991683501,1.139039747201014,0.7977344034158661
9631,0.6373054820342341,0.7490476269436911,1.141666864463384,0.7971643989068871
9632,0.6398840098763291,0.7501871134491931,1.142715597498244,0.7932869638653761
9633,0.641465913342393,0.7438358085742891,1.134690043934877,0.79864069967922
9634,0.6477981566896901,0.750711325178111,1.144485618325247,0.796131762014567
9635,0.645116594660541,0.7454155613330821,1.138949041673238,0.7999839677704841
9636,0.6397340718548791,0.7485070592467331,1.1406844417038169,0.7995600156701991
9637,0.642442125854068,0.7520888558980341,1.141191738239233,0.7952140351298491
9638,0.6401325804113911,0.7465860793987911,1.143953922002212,0.7980329128981061
9639,0.642309786184974,0.752059217920337,1.142371515001075,0.795202124215986
9640,0.6448281520194761,0.745353757579257,1.142990734698115,0.794112428536881
9641,0.645009306461914,0.749068442030229,1.147506949262342,0.800639028431496
9642,0.644592297816838,0.7497090288046471,1.139282085649345,0.7975580879905511
9643,0.6458485385106091,0.753128347729427,1.138641924853774,0.8107629755538871
9644,0.6370862154425051,0.743140839364217,1.133987239413503,0.785612378782336
9645,0.645711417836339,0.747404631173265,1.140968815356061,0.7934765149771731
9646,0.6371627677555961,0.745407157834025,1.13344769924879,0.792495292219994
9647,0.6422066094380791,0.7442093382495031,1.141791670974613,0.80282270176795
9648,0.638696676741043,0.7511867981242091,1.147287359812121,0.7957699677866431
9649,0.6422504863121371,0.7544624465315231,1.1342666163176731,0.8055782046816921
9650,0.6409666962867631,0.7471578290713,1.144212028038674,0.791617102867019
9651,0.6419238789897891,0.7464800465150151,1.136065103545568,0.7941347978793191
9652,0.63396046915348,0.7449047224245211,1.138028153582759,0.798534536167331
9653,0.640863650761868,0.745964540627555,1.141204958484656,0.7979384259307291
9654,0.6408657251006881,0.754491628296133,1.145145902383154,0.806665402337692
9655,0.6372093509720721,0.746893483443536,1.135527146467264,0.795558189973235
9656,0.6415235613729211,0.7488355174444721,1.133893090421738,0.8004927917829021
9657,0.6383382650227211,0.7457017594057581,1.139481917563556,0.796166523697151
9658,0.633749464148844,0.7470722633643421,1.137980028231074,0.7970320111059621
9659,0.6451362402218841,0.750321495252243,1.143290179795113,0.7960418928684531
9660,0.646699896811143,0.7418965764235751,1.136601873282073,0.7909590365446131
9661,0.635611679081035,0.7452288389853811,1.138621254459671,0.798484395919502
9662,0.641198018835722,0.7461955491183461,1.138919766074505,0.7926963708107021
9663,0.6427235303149701,0.744199530585952,1.144430653880471,0.799991813663771
9664,0.6430663735322331,0.7433796120078661,1.1402078021479691,0.7952915223558311
9665,0.645323658793948,0.754391238741252,1.136653225167074,0.7976596166204281
9666,0.642538119755361,0.749248434128104,1.138619563177876,0.7990831992710411
9667,0.6419003162856981,0.747892990168454,1.140727857532708,0.797305601554504
9668,0.645226306160507,0.7439898001974901,1.14505288987488,0.800734104750596
9669,0.6425648893945021,0.7465182534162541,1.142513742265494,0.798611029523654
9670,0.6432082983732651,0.747479041417439,1.14643221164959,0.802232501515443
9671,0.640937120667186,0.746848561625549,1.1358782666316931,0.796371756958356
9672,0.6384516378621691,0.7443888067551281,1.139296976012596,0.7913231894751821
9673,0.6341596003081921,0.7465643605244331,1.138162084787652,0.801528622193828
9674,0.642421098344999,0.744067631769871,1.13821317622627,0.7887330596753651
9675,0.642086714398169,0.744827486034752,1.143573405518048,0.7997940436977401
9676,0.6418552983390241,0.750123290048129,1.143599376514338,0.791571892554993
9677,0.6369783867798421,0.7443489289802051,1.138357127382271,0.7911652787386071
9678,0.641678540683958,0.7493691120458681,1.140485678246055,0.7991351562727621
9679,0.641317998396529,0.752843678861424,1.147786993479383,0.8036060103525711
9680,0.6445775660753681,0.7457642561715581,1.143632925290992,0.79801414815196
9681,0.638553870032015,0.749321684349274,1.139741320648919,0.804557402307788
9682,0.64222501113039,0.749459081909794,1.143079524778801,0.7943325129108151
9683,0.6378017503336281,0.7499207051983771,1.14364228732344,0.805198176669469
9684,0.6363687854854091,0.7494974166586771,1.142009660277677,0.7971256555638451
9685,0.641909315129337,0.7441411193298251,1.139163402111634,0.79177081660516
9686,0.6368703089006561,0.7478651993948481,1.147842491018599,0.8015921493803241
9687,0.633461025799962,0.7496304370570871,1.131758615266585,0.799121798029628
9688,0.642421981319785,0.746703893054222,1.133270614712998,0.799305311579635
9689,0.63868370692691,0.7467556579605391,1.138347918464653,0.7915830826791731
9690,0.639444138935726,0.7490190839853841,1.138889429685862,0.8010026705653771
9691,0.64465931808387,0.7511773696844121,1.139404453877089,0.798222013330761
9692,0.6365814090207,0.746993838660958,1.138203830174777,0.7983885099976391
9693,0.6422624028139351,0.748840567750343,1.139223909896353,0.7996301008523371
9694,0.642275066101464,0.7526305713083431,1.139533341578815,0.800202201457991
9695,0.6411910077583961,0.75458087383405,1.139164719352687,0.79842057130367
9696,0.640542935121102,0.7468582262163571,1.142930100361506,0.7958094077859661
9697,0.641824290129369,0.751908730553544,1.139970028637976,0.795746398684771
9698,0.6368105732768341,0.74415213647096,1.137559773265451,0.788942112573894
9699,0.637300309846582,0.7505171915543251,1.134731760167557,0.793559643642409
9700,0.6376443380570931,0.7490655369516731,1.138138701194438,0.7987609220857631
9701,0.6420995052903891,0.7503939966360721,1.134156501055627,0.79758102727541
9702,0.639540928402456,0.749383192563402,1.137794124475424,0.8006967482143551
9703,0.642318744671301,0.752040676664615,1.138990005289299,0.7954918106450981
9704,0.644630555441414,0.7523736806883321,1.139584877676722,0.7926375843530541
9705,0.644900402729062,0.7511214866586351,1.14211381982634,0.79731142906931
9706,0.6386116688828101,0.741612183443014,1.135216785297877,0.791455249126622
9707,0.640664465266509,0.7457257352661391,1.13934526225363,0.790888304889634
9708,0.644933705420597,0.7484566657871441,1.14320335191661,0.8029800267971081
9709,0.6416877961947001,0.7461109030721841,1.141058531576308,0.7962147832402711
9710,0.645935886472031,0.7435609129244001,1.138240690032641,0.7936742091686391
9711,0.64252873553314,0.749774053044941,1.139418041360551,0.797658880551656
9712,0.6409560993205811,0.746091477680897,1.145003942259843,0.7933047636803511
9713,0.638867494933631,0.744694233804509,1.145152981298557,0.798947222611826
9714,0.6434504452660891,0.750977873262287,1.143842773161072,0.7993751787243111
9715,0.636314962815115,0.745881192602109,1.14035019710444,0.7985372593815341
9716,0.6417245065820391,0.745761929322844,1.139819980855437,0.794132015870317
9717,0.63933034511148,0.746337184439534,1.145309995697892,0.797078618158896
9718,0.639705334506604,0.7412026405766391,1.137581761548484,0.7939128702425431
9719,0.64147595329669,0.750795197551665,1.136226951967978,0.800888183972109
9720,0.638099386478247,0.745716887971629,1.14267202509918,0.7931648664770351
9721,0.643635940022658,0.7481658576407291,1.145093484201293,0.7998899110741371
9722,0.642089062977744,0.7519894786503001,1.143713796916215,0.793985556136222
9723,0.63368338022543,0.747401018073593,1.137392060048338,0.791469937352382
9724,0.640859852720429,0.7457172360973081,1.146049098692078,0.7978184754973731
9725,0.64622601783038,0.751600345947604,1.141845801062342,0.801525940767664
9726,0.637913817161883,0.747455634068751,1.129610743535601,0.793202676445893
9727,0.640343165726981,0.752026462900465,1.144779041193533,0.7946442746003901
9728,0.642434667741906,0.7513141491706821,1.140127113547877,0.7968328282830941
9729,0.634155851424388,0.7470395478649411,1.141894365242426,0.7986080291262571
9730,0.6408314981322351,0.7467667502553561,1.1392904734913851,0.7964745930301531
9731,0.645923981011129,0.750190723849379,1.138947599931903,0.7972898768881951
9732,0.639022955805927,0.7409828222100281,1.136305930281894,0.793406770497128
9733,0.6417695498768831,0.7522249164572661,1.139949056657328,0.799163454171756
9734,0.6378257322138631,0.7456284799221631,1.14469751910023,0.799092470627764
9735,0.6458298142027591,0.7504297836103301,1.14051969964867,0.802653472276701
9736,0.63980617042145,0.7599797655922771,1.146122418452,0.8037973529240791
9737,0.638502649126061,0.7526538001670351,1.133559083809023,0.7965862411141821
9738,0.6403099552768721,0.7464293033100551,1.139181860763093,0.795424891230852
9739,0.636227917789981,0.749783435269542,1.13934393486251,0.805430651574895
9740,0.6433937533124201,0.7494203835941741,1.146173969667027,0.8026228335726521
9741,0.6418664564742991,0.7492285315757211,1.142698914568493,0.796071255255652
9742,0.640940988922248,0.748463920385077,1.142473342518011,0.804224319513077
9743,0.641222134016562,0.749602163507454,1.138981143417565,0.7937285243870981
9744,0.643426380214699,0.748562528927257,1.145495314097059,0.795583996867788
9745,0.6398386916388631,0.7523878590352291,1.136487383017505,0.795063471826522
9746,0.640582442985496,0.7465650390671641,1.14430693299442,0.796911934822581
9747,0.6429335000938261,0.744082608408686,1.142267263777878,0.801109404640569
9748,0.6469578333199021,0.7522748596426371,1.144345516851846,0.79372704550084
9749,0.638768541910078,0.743206949445648,1.139269678057103,0.797771096283542
9750,0.645895557262111,0.7502561354118841,1.140113639118878,0.802886776248182
9751,0.638007721499256,0.7448668292035221,1.135783469007499,0.7931898292693971
9752,0.642161026758992,0.746433991344942,1.13972501165193,0.7941212390913911
9753,0.640413767347733,0.7487832880106521,1.139725057651167,0.794711954648727
9754,0.6394061557678641,0.741796061936495,1.136304368251475,0.7853781836026381
9755,0.6415103776245441,0.7504412767247871,1.137436611604863,0.798517110636052
9756,0.6402969853007701,0.743719449077827,1.138925070132034,0.7963089811467171
9757,0.644703628117407,0.750112357130949,1.135626897863719,0.7999180968364941
9758,0.6361548245978961,0.742769160780353,1.133924332433852,0.7913920463103311
9759,0.638514233051218,0.7507891540510061,1.140120118208553,0.8027909179690521
9760,0.6351806693103,0.7434927019952,1.141179412819337,0.7990259669883091
9761,0.635536587837597,0.740719956224379,1.135146206163841,0.796588900512543
9762,0.6315597238801961,0.746002346277236,1.140572307982306,0.795231107298446
9763,0.64305479824543,0.751376480404017,1.14609151981447,0.797227861818628
9764,0.63669210113585,0.7453664217306221,1.137663064983443,0.7987469831022661
9765,0.641275081027677,0.7488683114449181,1.137492283638836,0.7986821446135851
9766,0.64208047264728,0.747250987135845,1.132818562720996,0.7923237137982371
9767,0.6389406680304931,0.740878901403883,1.140465205346328,0.7964387922345291
9768,0.6364346214880541,0.744219041280988,1.143334089089994,0.7968851129213961
9769,0.6354506613713671,0.7464576419712841,1.14296300806429,0.796668830125228
9770,0.6462305620096731,0.74752079522696,1.140072199853434,0.788783938232539
9771,0.6408224586073471,0.749380881263726,1.145255073797011,0.8017107004542711
9772,0.638580370181496,0.7499685839250461,1.146254837620949,0.801509275006643
9773,0.63898304099406,0.7437698605699811,1.140394004034823,0.7966796241538681
9774,0.649268251074397,0.75139542258736,1.137991198810978,0.7966068956083141
9775,0.629001102153805,0.740291610360145,1.13440829537053,0.795604747895529
9776,0.63832105555828,0.748393645105154,1.138582152193007,0.7919128994470921
9777,0.63699704800071,0.7442060524354811,1.137004921833674,0.7928785085408151
9778,0.638241507112979,0.749148699252501,1.137192308362843,0.802023856374232
9779,0.6461736827656841,0.7484270302929741,1.145160680447799,0.797970765931666
9780,0.644351906210616,0.7488338286462031,1.141271112081797,0.7936421821460771
9781,0.641608307300054,0.743099947986395,1.138874483713205,0.7985646972243761
9782,0.6415689851332831,0.7467840405693951,1.140209418384061,0.7979839555649221
9783,0.638112614336221,0.743662124850611,1.141894061604271,0.7963512941277111
9784,0.6373069911817271,0.7507265560005021,1.139868062691412,0.8022530778594631
9785,0.6388247014981681,0.7473179028517951,1.142182587821414,0.7944572057467001
9786,0.6318570380841471,0.741337452029836,1.13762475863315,0.7886557564733251
9787,0.637660328325802,0.748549586188965,1.14098154289135,0.8057096123263451
9788,0.642401355062273,0.750063312550385,1.143103218596914,0.803466552058639
9789,0.640501345359328,0.7484529046476751,1.144602933007737,0.800760250916515
9790,0.638142965005143,0.7473236446579291,1.139039228359858,0.7982502420419361
9791,0.643271774404506,0.7498082083420471,1.140186148925104,0.7990421764552591
9792,0.634561380776374,0.7456843906986541,1.141201685952103,0.79355613798227
9793,0.639266366705946,0.748974575188712,1.142168601353963,0.804214698033056
9794,0.642330804299833,0.748772934295129,1.140802253631578,0.7942749337171731
9795,0.6425488270495241,0.7479263453379921,1.139177081917507,0.797665405127665
9796,0.6417032164939931,0.7451384597714391,1.141531165743219,0.790765157455335
9797,0.6428768751953821,0.751102502039377,1.140298845435398,0.7983000631025731
9798,0.641993893148458,0.7503697920752601,1.141440485158692,0.7943303765648081
9799,0.640152595640308,0.7490587236656651,1.143276642846024,0.7977410059530231
9800,0.640654871375232,0.7494506290641381,1.140385679792666,0.7969033900054461
9801,0.643579871326253,0.7497791873588071,1.140339625810367,0.798404499483497
9802,0.6340882552490711,0.7417286156096321,1.141894373664821,0.7913268050313861
9803,0.64145516242454,0.744044502360233,1.140989644263965,0.7946000799158771
9804,0.639552005013262,0.7451324651854621,1.146049192418222,0.7961216745223251
9805,0.639832085916313,0.7479777040256971,1.138756833538629,0.7931500477851301
9806,0.6381767026648141,0.7507816174108051,1.144780257473821,0.7982482890719951
9807,0.6435332133070281,0.746021009009817,1.135001440303049,0.796393495673934
9808,0.6407719256383351,0.747580412181391,1.137346118904542,0.797724180166488
9809,0.640999865785673,0.7504033231432881,1.142645066307074,0.7908295567916781
9810,0.6396445333147821,0.751319296550059,1.140447454392046,0.801002208062488
9811,0.635477469046262,0.749020888645579,1.143771235925563,0.793935501786029
9812,0.6378935764989121,0.74805684733218,1.142690738042195,0.7958754253290271
9813,0.636102668023195,0.748230156583198,1.141140709536663,0.799822507750081
9814,0.6452203696944571,0.7438278526499651,1.141739958870238,0.793969782123315
9815,0.637278225839785,0.7443371340632431,1.139870430680288,0.801376018727171
9816,0.638912876663,0.7407704021619711,1.137175799927849,0.789653471360603
9817,0.638719927870493,0.7421135032090581,1.14568798330383,0.7940900588165151
9818,0.641943784997515,0.749774726944557,1.144137863879618,0.803172314323592
9819,0.639575717322852,0.748408678541148,1.138753733449224,0.797006916443722
9820,0.6354676394088971,0.743526040967823,1.145168100362238,0.7931275559130351
9821,0.641647744140979,0.7461572781853051,1.137276965854824,0.79544522402727
9822,0.640937077907332,0.74574622641439,1.14023352900277,0.794895453243583
9823,0.639448766718092,0.7510619107363881,1.138956442907236,0.7978011659899911
9824,0.637274115980751,0.752498639558536,1.137591041624546,0.793218210636489
9825,0.6387025642384221,0.745768003057742,1.137947734499323,0.7905290296598181
9826,0.643256805864149,0.746086975478607,1.138729392510393,0.791992700537261
9827,0.6431203719930371,0.7493078815548311,1.142905521867931,0.791150062142506
9828,0.639457446293554,0.751336303310117,1.145619977967462,0.7997114352773921
9829,0.638390051200985,0.7457622152523711,1.139586804137713,0.794793716186414
9830,0.637606161444083,0.7480637216265651,1.133254004453403,0.796777850475864
9831,0.638067949050362,0.747762684804805,1.142331617897835,0.794940080655657
9832,0.638440370100779,0.749558107684487,1.141917798290218,0.793934907548237
9833,0.642452890998211,0.7461515849699141,1.139917726641979,0.7976792040078531
9834,0.630505036751645,0.7376904720845431,1.138108771564304,0.7966581781165321
9835,0.6436825898084511,0.7489414083352981,1.141475619505281,0.7978518755863541
9836,0.6403782679766841,0.748803567627201,1.135007933969946,0.793638643066304
9837,0.637146979165465,0.744742238543171,1.138043887589288,0.79460833216275
9838,0.6413413370433061,0.7475936056479161,1.14034419172052,0.792472491364764
9839,0.642302867349075,0.74614896301342,1.131604581639386,0.7915002238545291
9840,0.638513103667376,0.740821988362333,1.139640264213085,0.7954256131813141
9841,0.6389171512446541,0.745271272309448,1.141048919247544,0.8004958484105871
9842,0.6433082222938531,0.748045085564903,1.139467697104682,0.798576540678091
9843,0.638182388780557,0.750807648659616,1.138971138259638,0.7963471390792851
9844,0.6339357923176411,0.7468736302377521,1.142027990541596,0.7998019768923951
9845,0.637138140752263,0.7455968502638991,1.1409370943472,0.797511566673284
9846,0.640322500515891,0.7465736764496651,1.145119229088659,0.7997168511746151
9847,0.6385290488546741,0.748252469668353,1.139013133187224,0.7973699882842491
9848,0.635062856329739,0.742258360096509,1.138627444488414,0.7904910206848721
9849,0.6333649196540531,0.7450842375772581,1.141512860854466,0.7961711807689371
9850,0.639394493152697,0.7403405372431311,1.135493673060251,0.7913517073282721
9851,0.6408427886772841,0.7478766922933461,1.142836657123289,0.795074797248926
9852,0.636606493451889,0.7457177126105281,1.134204431288484,0.8004064718396331
9853,0.6412626887145251,0.750507483231848,1.142920846416466,0.802871585054242
9854,0.6402410662368581,0.745786310538001,1.146504445244436,0.793683336642773
9855,0.6385411953526561,0.7478747284714721,1.144649502915748,0.796515730466099
9856,0.6364169779733041,0.747455150104951,1.139053925763869,0.7976517564198671
9857,0.643819486776339,0.7524094795403271,1.145670705731364,0.7937837015783441
9858,0.63686697660149,0.743864798351474,1.142239604847154,0.7943779022527341
9859,0.6401948788189801,0.7454067800140031,1.138355849229771,0.7927870236985061
9860,0.641581553749848,0.743596024595309,1.138941108424594,0.792277634440772
9861,0.6395136775259951,0.748654414886149,1.141698942776175,0.79320301650011
9862,0.637621461292323,0.7472715693107551,1.137623773428841,0.794742818651855
9863,0.6361105366731461,0.7413251394594921,1.137013479203417,0.797077377286294
9864,0.64091153378072,0.75592031362264,1.148520812176276,0.800457984748957
9865,0.6429364108952921,0.745880790270756,1.143095056107942,0.793902815333095
9866,0.6434191211086251,0.743974805850049,1.129640276233355,0.7897796039941951
9867,0.6396596331851201,0.749026899104533,1.147166868050893,0.7949275783384621
9868,0.6476296768726211,0.745814806741216,1.142567129886668,0.795546483788369
9869,0.6420671727670271,0.7449326400739551,1.139138769304406,0.798369516389093
9870,0.6440828173164871,0.748260750070862,1.136202238608097,0.7975368544297371
9871,0.636761243171665,0.750797030286512,1.141045340917248,0.7983597920856611
9872,0.6361402528009551,0.7430056047396381,1.139747754711171,0.789683251655188
9873,0.6356545514224661,0.746293976687002,1.134913330816704,0.7944009912780661
9874,0.6419041332505321,0.7499933564576551,1.140087461018044,0.794270183837068
9875,0.6405713155433751,0.7501856383422141,1.146340027883432,0.794828967582704
9876,0.640929931990694,0.747610825667346,1.140928463659424,0.7991968523441011
9877,0.637021852576214,0.743024316062961,1.139649041644905,0.787677799122057
9878,0.6418516340031141,0.748399218895297,1.137317210975764,0.794317009413371
9879,0.6415835928873741,0.7521457512309581,1.136830714517745,0.7964455308797561
9880,0.64213417108724,0.749082522763722,1.1449431374237151,0.797065237240082
9881,0.6462239714582331,0.7473072618030121,1.137772223007851,0.792516499082895
9882,0.647579022588721,0.756376432875792,1.136567648986111,0.804562495184549
9883,0.643729933686014,0.74509607223065,1.147327020116474,0.7956599324023811
9884,0.6467810175988981,0.7504190631966661,1.142598603082739,0.8025324999530241
9885,0.6435633143545061,0.750378969570864,1.146525077845739,0.8038454672888571
9886,0.637056789104489,0.7502872184782781,1.143055899959543,0.7998896597520161
9887,0.6402081369651831,0.749360512348188,1.139624713339667,0.797636846593324
9888,0.639909200262332,0.7553350010859791,1.137712670949058,0.7953161578355491
9889,0.642637288980725,0.7489593980320981,1.140640949749428,0.794994997481505
9890,0.63485430818105,0.742720402129318,1.138238931371681,0.789949979201175
9891,0.6370140821065591,0.7450197543139041,1.1410208331502,0.7953966281282291
9892,0.641417860444905,0.7423596714717751,1.141079528932122,0.78764204705215
9893,0.637687921254099,0.74919239161671,1.132533712771491,0.7953553694853741
9894,0.645987182504672,0.752109096857948,1.144910445247871,0.7975495385303011
9895,0.641537827723052,0.74742643934661,1.136509044446807,0.8007021340663011
9896,0.647352658050215,0.746495998963929,1.140367965335431,0.7933875675974541
9897,0.638614255071118,0.7463722921152041,1.134524983448394,0.7979097290747401
9898,0.6404745861941921,0.7501957110952641,1.141624410623225,0.7954533621668811
9899,0.63701090240932,0.7472249765111051,1.140792811910311,0.796957256704352
9900,0.6380316997621801,0.740939691770767,1.136027755620686,0.7946349588371271
9901,0.640419474816408,0.750127443908781,1.141993155406005,0.795534871113689
9902,0.6434167943139001,0.7465298458717871,1.141031186433805,0.8045535040884341
9903,0.6413257308574251,0.741875366780205,1.1353531512229331,0.790073771407638
9904,0.6405245177987691,0.748455911766791,1.140982417848663,0.796466050561571
9905,0.645663947082947,0.74396274206431,1.142494965290677,0.7951113187262541
9906,0.639522423076888,0.746325780732044,1.134805745620658,0.7935480399300221
9907,0.6404371562319391,0.749576718478963,1.141748907017535,0.800174359313171
9908,0.64222857531538,0.7443451746434401,1.139499526956807,0.7960138992284951
9909,0.6367783029766181,0.736827822267145,1.133262183355248,0.792740862708592
9910,0.635668818528453,0.7424659873696341,1.143828890353873,0.8005453457758911
9911,0.6403205419310191,0.749267624016257,1.146172241456266,0.7964217696554851
9912,0.642818281669979,0.7432172856685041,1.138613754856413,0.7911816974157001
9913,0.647058807448416,0.755794399890346,1.152017616815325,0.8007207421612911
9914,0.63549262198849,0.7497859933022141,1.144428362988907,0.7977879078437881
9915,0.6405203342437741,0.7520789800994631,1.151288544894128,0.795835292533687
9916,0.638984904503044,0.747870689284974,1.138022940983806,0.801683580880795
9917,0.645643589019343,0.7484259836483691,1.14113983447137,0.796106887576372
9918,0.6430739550648821,0.7474798230805251,1.141380066133063,0.7944528813325401
9919,0.637926884832373,0.7452184865656101,1.144243335594301,0.7982533012881221
9920,0.6351553061302151,0.7459675206438351,1.138799205422401,0.795226705274072
9921,0.638305196916495,0.7499229516024171,1.140554565882337,0.7917302034903261
9922,0.6393838528597701,0.74790649720724,1.13991245659797,0.796855161803356
9923,0.646193451882488,0.754291197204071,1.142107241935488,0.8036040910722121
9924,0.6442367801631701,0.752754712018413,1.141386195909286,0.7954457674877361
9925,0.639222832882533,0.742623333373795,1.142016519023024,0.7960073717370411
9926,0.646796690273112,0.751843561296877,1.144425080306288,0.799064582645677
9927,0.6359840827467641,0.747693185465059,1.141847195940605,0.797558692216441
9928,0.6353524960037591,0.748575374376082,1.142333837414997,0.80116250652118
9929,0.6443471083876441,0.752525608284749,1.141563876923443,0.799000105645129
9930,0.6392246891029071,0.747776144440623,1.144140729653662,0.8009495954366691
9931,0.638133732763969,0.748833374376746,1.140278398990631,0.7946064382575561
9932,0.6392746100175201,0.744400985862897,1.142958288391431,0.794706750202222
9933,0.643446136158013,0.7479554237662881,1.14132924982603,0.7986720062090431
9934,0.634533363461926,0.737712857083997,1.140013276126937,0.7866894057479451
9935,0.639915161023753,0.74451449005932,1.138706410492675,0.791845592089753
9936,0.643776694852588,0.7485169812605,1.137562796581482,0.7971813178526751
9937,0.639605785409609,0.7529514702981791,1.138990168770154,0.7957795591404041
9938,0.636471441879436,0.7453215361937231,1.138313735416834,0.79642468823147
9939,0.637776430939202,0.7473793157200881,1.136796828197396,0.7978696163905701
9940,0.63812159884559,0.746740335031696,1.134696333088736,0.7950189431076461
9941,0.6416608947666651,0.744382981696854,1.136616479983364,0.7922322450718581
9942,0.640419699143672,0.7510449469521421,1.138256993630658,0.8048463866276581
9943,0.6405795183356691,0.747546440233355,1.137675011719482,0.7972737930823061
9944,0.644217097537889,0.752214167321073,1.141934636278428,0.796969217909634
9945,0.6349220751258341,0.7461909088103661,1.142351731550002,0.7983969738571971
9946,0.6387990929888211,0.744286909051563,1.141411671064038,0.7898631666557511
9947,0.640767300879393,0.740876859944799,1.141311806937058,0.7939132476306481
9948,0.63744657424589,0.746339225250741,1.140293410290842,0.790862400435667
9949,0.637499099030442,0.745829326950985,1.133691477602806,0.7959449242908451
9950,0.640069999070703,0.748051561415195,1.142548205627911,0.7931290685968551
9951,0.636388692842877,0.7438550903529361,1.137269107867842,0.790107829793207
9952,0.6370408851653331,0.74905639325363,1.141681570613729,0.7960691241736431
9953,0.633989273287031,0.7407435177676921,1.140857544498167,0.7952468416559091
9954,0.6368310122980151,0.747382022872351,1.141433252480582,0.800766319090473
9955,0.637118837674674,0.748245837571828,1.144354952526265,0.8010505953722671
9956,0.6386897915137411,0.7467985290332111,1.148438817564992,0.79804302085245
9957,0.645632903321065,0.74524102943099,1.140242167573044,0.794782558483058
9958,0.6402207907505221,0.7433627509120581,1.13851224641869,0.796913580024156
9959,0.6398078506353541,0.746913525073424,1.138881922200106,0.7954701074547521
9960,0.640134993616653,0.742712955975878,1.1362645117485,0.7935288270152561
9961,0.6350882359766871,0.7468118200051611,1.13789740777102,0.798168534844897
9962,0.636904709365056,0.748066597982593,1.142785646021366,0.7987750036830921
9963,0.642035911885508,0.745324613931386,1.144281086390433,0.795991643885339
9964,0.6390705020909291,0.7460299106179801,1.139905900195025,0.79916061806506
9965,0.6390280404762511,0.746179429733234,1.135523217095845,0.789846227868743
9966,0.6390835123703531,0.7474461557424581,1.135125791573006,0.789205830841176
9967,0.6400509164871081,0.7466443081696821,1.134908016501129,0.7938890127546111
9968,0.644171139171374,0.749865965674752,1.144559989588848,0.8008314074435521
9969,0.639100706123787,0.7489409766335411,1.138084407949793,0.797681389673464
9970,0.6376813643922401,0.7453066875105311,1.140105861036673,0.795034511014819
9971,0.640706322250374,0.7482409813049911,1.143078209913295,0.796371958690924
9972,0.6404595145064851,0.7455586725171061,1.140124663710594,0.795571273489706
9973,0.638363085930114,0.747090973607871,1.139767833809921,0.7980102762255981
9974,0.638604578602573,0.7484138989146201,1.141029469344927,0.786208227789704
9975,0.637911979702935,0.7484840991488401,1.135011971428774,0.792443541890901
9976,0.638377809114214,0.747387051150418,1.133352315188318,0.7947400383705241
9977,0.6428297324025111,0.748657854138941,1.141225183463615,0.792465413907083
9978,0.639946362111663,0.7453287281635871,1.13874183692362,0.796005878597497
9979,0.645120094624766,0.7530185104064321,1.141736180885978,0.799356427529583
9980,0.6362651413765501,0.7421186569592221,1.139303980638151,0.7902102293851581
9981,0.639431267058935,0.749242054271525,1.138792304349118,0.7975809827338951
9982,0.638151034766781,0.745052195545555,1.135052843478278,0.7933130475382011
9983,0.6338019613176581,0.744629452409951,1.142071856860665,0.78975417845599
9984,0.635301862613878,0.741517624345378,1.135979526176832,0.792080241349944
