case,cohort,role,outlet,area_mesh,r_mesh,R1,R2,C,tau,r_implied_R1,area_ratio_R1,ext_share_udf,ext_share_mesh_r3,side_dev,q_share_peak,verdict
AAA/ruputer/DING_JUN_FENG,AAA,train,le,2.7556e-05,2.96165,283050,672550,1.8732e-06,1.79003,2.96312,1.001,0.787248,0.787246,2.10454e-06,0.42659,ok
AAA/ruputer/DING_JUN_FENG,AAA,train,li,1.15185e-05,1.9148,771810,2.7642e+06,5.0622e-07,1.79,1.91584,1.00109,0.787248,0.787246,2.10454e-06,0.141094,ok
AAA/ruputer/DING_JUN_FENG,AAA,train,re,2.93553e-05,3.05681,263190,952180,1.4728e-06,1.79,3.05833,1.00099,0.618979,0.618984,5.55422e-06,0.253767,ok
AAA/ruputer/DING_JUN_FENG,AAA,train,ri,2.1242e-05,2.6003,381800,1.5926e+06,9.0658e-07,1.78995,2.60163,1.00103,0.618979,0.618984,5.55422e-06,0.178548,ok
AAA/ruputer/FENG_LI_XIN,AAA,train,le,4.46493e-05,3.76992,162490,1.4355e+06,1.1202e-06,1.79007,3.77169,1.00094,0.470784,0.470791,6.96938e-06,0.221286,ok
AAA/ruputer/FENG_LI_XIN,AAA,train,li,4.82705e-05,3.91982,148550,1.273e+06,1.2592e-06,1.79002,3.92167,1.00094,0.470784,0.470791,6.96938e-06,0.269032,ok
AAA/ruputer/FENG_LI_XIN,AAA,train,re,4.73617e-05,3.88274,151840,1.1941e+06,1.3299e-06,1.78997,3.8845,1.0009,0.558925,0.558919,6.30574e-06,0.282281,ok
AAA/ruputer/FENG_LI_XIN,AAA,train,ri,4.04458e-05,3.58808,182060,1.5235e+06,1.0495e-06,1.78999,3.58976,1.00094,0.558925,0.558919,6.30574e-06,0.227402,ok
AAA/ruputer/GAO_FENG_SHAN,AAA,train,le,3.73647e-05,3.4487,199430,2.1338e+06,7.6716e-07,1.78996,3.45033,1.00094,0.322425,0.322422,3.02497e-06,0.164517,ok
AAA/ruputer/GAO_FENG_SHAN,AAA,train,li,6.13034e-05,4.41741,112850,997420,1.6122e-06,1.78998,4.41942,1.00091,0.322425,0.322422,3.02497e-06,0.277602,ok
AAA/ruputer/GAO_FENG_SHAN,AAA,train,re,4.9743e-05,3.97916,143510,2.4064e+06,7.02e-07,1.79004,3.98096,1.00091,0.29503,0.295033,3.77062e-06,0.176547,ok
AAA/ruputer/GAO_FENG_SHAN,AAA,train,ri,8.89058e-05,5.31974,73595,993540,1.6774e-06,1.79001,5.32201,1.00085,0.29503,0.295033,3.77062e-06,0.381335,ok
AAA/ruputer/GUO_AI_JUN,AAA,train,le,4.3593e-05,3.72506,167030,754260,1.9429e-06,1.78997,3.72678,1.00092,0.816567,0.816568,1.44158e-06,0.45072,ok
AAA/ruputer/GUO_AI_JUN,AAA,train,li,1.61091e-05,2.26444,524790,3.5764e+06,4.3645e-07,1.78996,2.26562,1.00104,0.816567,0.816568,1.44158e-06,0.146785,ok
AAA/ruputer/GUO_AI_JUN,AAA,train,re,3.39906e-05,3.28931,222360,1.1157e+06,1.3377e-06,1.78992,3.29088,1.00096,0.795963,0.795962,1.58698e-06,0.312252,ok
AAA/ruputer/GUO_AI_JUN,AAA,train,ri,1.37163e-05,2.08951,631380,4.5885e+06,3.4292e-07,1.79,2.09062,1.00107,0.795963,0.795962,1.58698e-06,0.0902418,ok
AAA/ruputer/HUO_SHI_LIANG,AAA,train,le,4.27348e-05,3.68821,170890,865790,1.7267e-06,1.79004,3.68994,1.00094,0.725676,0.725676,7.4172e-07,0.367782,ok
AAA/ruputer/HUO_SHI_LIANG,AAA,train,li,2.23424e-05,2.6668,360260,2.3821e+06,6.5272e-07,1.78999,2.66815,1.00101,0.725676,0.725676,7.4172e-07,0.158835,ok
AAA/ruputer/HUO_SHI_LIANG,AAA,train,re,4.3199e-05,3.70819,168780,1.1373e+06,1.3705e-06,1.78998,3.70993,1.00094,0.575996,0.575998,1.9997e-06,0.283843,ok
AAA/ruputer/HUO_SHI_LIANG,AAA,train,ri,3.52185e-05,3.34819,213470,1.5608e+06,1.0089e-06,1.79006,3.34978,1.00095,0.575996,0.575998,1.9997e-06,0.18954,ok
AAA/ruputer/KANG_YONG,AAA,test,le,7.0461e-05,4.73587,96155,1.1871e+06,1.3949e-06,1.79001,4.73797,1.00089,0.586256,0.586262,6.3365e-06,0.285475,ok
AAA/ruputer/KANG_YONG,AAA,test,li,5.58519e-05,4.21642,125610,1.6927e+06,9.8444e-07,1.79002,4.21833,1.0009,0.586256,0.586262,6.3365e-06,0.20802,ok
AAA/ruputer/KANG_YONG,AAA,test,re,7.5251e-05,4.8942,89151,1.1694e+06,1.4223e-06,1.79004,4.89634,1.00088,0.597745,0.597753,7.90177e-06,0.30046,ok
AAA/ruputer/KANG_YONG,AAA,test,ri,5.77865e-05,4.28882,120790,1.7494e+06,9.571e-07,1.78996,4.2907,1.00087,0.597745,0.597753,7.90177e-06,0.206045,ok
AAA/ruputer/LIN_LIANG_XIAO,AAA,train,le,3.48093e-05,3.32868,216350,1.6679e+06,9.5e-07,1.79004,3.33032,1.00098,0.399255,0.399261,6.80135e-06,0.246306,ok
AAA/ruputer/LIN_LIANG_XIAO,AAA,train,li,4.57068e-05,3.8143,158170,1.0941e+06,1.4294e-06,1.78999,3.81613,1.00096,0.399255,0.399261,6.80135e-06,0.264569,ok
AAA/ruputer/LIN_LIANG_XIAO,AAA,train,re,5.55111e-05,4.20354,126500,807120,1.9173e-06,1.79003,4.2054,1.00089,0.805782,0.805783,1.42855e-06,0.367684,ok
AAA/ruputer/LIN_LIANG_XIAO,AAA,train,ri,2.14994e-05,2.616,376550,3.4969e+06,4.6212e-07,1.79,2.61734,1.00102,0.805782,0.805783,1.42855e-06,0.121441,ok
AAA/ruputer/LIU_JI_XIN,AAA,train,le,2.66129e-05,2.91052,294620,1.3953e+06,1.0592e-06,1.78996,2.91196,1.00099,0.445177,0.44517,7.08081e-06,0.229561,ok
AAA/ruputer/LIU_JI_XIN,AAA,train,li,3.08211e-05,3.1322,248850,1.1071e+06,1.3202e-06,1.79013,3.13373,1.00098,0.445177,0.44517,7.08081e-06,0.250665,ok
AAA/ruputer/LIU_JI_XIN,AAA,train,re,3.06453e-05,3.12325,250490,1.5346e+06,1.0028e-06,1.79009,3.1248,1.00099,0.421432,0.421438,6.08812e-06,0.229872,ok
AAA/ruputer/LIU_JI_XIN,AAA,train,ri,3.78536e-05,3.47119,196470,1.1038e+06,1.3766e-06,1.78995,3.47283,1.00095,0.421432,0.421438,6.08812e-06,0.289902,ok
AAA/ruputer/LIU_YONG_LAN,AAA,train,le,4.71191e-05,3.87279,261790,1.047e+06,1.3677e-06,1.79003,3.06543,0.62652,0.574814,0.681449,0.106634,0.291297,与同侧另一出口面积互换（表内≈li 的面积）
AAA/ruputer/LIU_YONG_LAN,AAA,train,li,2.8381e-05,3.00566,329870,1.4395e+06,1.0117e-06,1.79007,2.77235,0.850782,0.574814,0.681449,0.106634,0.211026,ok
AAA/ruputer/LIU_YONG_LAN,AAA,train,re,4.96575e-05,3.97574,189880,1.6152e+06,9.9163e-07,1.78997,3.52473,0.785987,0.416762,0.69771,0.280948,0.248961,ok
AAA/ruputer/LIU_YONG_LAN,AAA,train,ri,2.84326e-05,3.00839,146750,1.1431e+06,1.3878e-06,1.79005,3.94251,1.71742,0.416762,0.69771,0.280948,0.248716,与同侧另一出口面积互换（表内≈re 的面积）
AAA/ruputer/LI_BING_JIANG,AAA,train,le,2.62313e-05,2.88958,299550,1.7758e+06,8.6249e-07,1.78997,2.89103,1.001,0.36249,0.362486,3.66841e-06,0.153309,ok
AAA/ruputer/LI_BING_JIANG,AAA,train,li,3.82195e-05,3.48793,194310,985740,1.5169e-06,1.79002,3.48956,1.00094,0.36249,0.362486,3.66841e-06,0.259986,ok
AAA/ruputer/LI_BING_JIANG,AAA,train,re,5.38123e-05,4.13872,131100,1.9361e+06,8.6592e-07,1.79003,4.14061,1.00091,0.363928,0.363928,8.50136e-08,0.220702,ok
AAA/ruputer/LI_BING_JIANG,AAA,train,ri,7.80804e-05,4.98536,85446,1.0973e+06,1.5135e-06,1.79009,4.98753,1.00087,0.363928,0.363928,8.50136e-08,0.366003,ok
AAA/ruputer/LI_LAO_PING,AAA,train,le,2.70675e-05,2.93528,288930,1.9473e+06,8.0046e-07,1.79001,2.93675,1.00101,0.336415,0.336415,1.32165e-07,0.185698,ok
AAA/ruputer/LI_LAO_PING,AAA,train,li,4.25726e-05,3.6812,171640,962050,1.5789e-06,1.78998,3.68293,1.00094,0.336415,0.336415,1.32165e-07,0.297857,ok
AAA/ruputer/LI_LAO_PING,AAA,train,re,3.56946e-05,3.37075,210190,1.4995e+06,1.047e-06,1.79005,3.3724,1.00098,0.440019,0.440028,9.3542e-06,0.247128,ok
AAA/ruputer/LI_LAO_PING,AAA,train,ri,4.19173e-05,3.65276,174730,1.1687e+06,1.3324e-06,1.78999,3.65447,1.00093,0.440019,0.440028,9.3542e-06,0.269318,ok
AAA/ruputer/LI_ZHEN_HUA,AAA,test,le,2.47753e-05,2.80824,319880,1.0346e+06,1.3215e-06,1.78995,2.80967,1.00101,0.55541,0.555411,1.4363e-06,0.275875,ok
AAA/ruputer/LI_ZHEN_HUA,AAA,test,li,2.1359e-05,2.60745,379400,1.3127e+06,1.0578e-06,1.7899,2.60877,1.00102,0.55541,0.555411,1.4363e-06,0.230001,ok
AAA/ruputer/LI_ZHEN_HUA,AAA,test,re,2.49497e-05,2.81811,317310,1.0419e+06,1.317e-06,1.79008,2.81954,1.00101,0.553483,0.553492,8.20035e-06,0.257419,ok
AAA/ruputer/LI_ZHEN_HUA,AAA,test,ri,2.16211e-05,2.6234,374120,1.3107e+06,1.0624e-06,1.78995,2.62472,1.00101,0.553483,0.553492,8.20035e-06,0.236705,ok
AAA/ruputer/MA_XIAO_DONG,AAA,train,le,4.55792e-05,3.80898,158680,882390,1.7194e-06,1.79002,3.8108,1.00096,0.722618,0.722618,2.78824e-07,0.359809,ok
AAA/ruputer/MA_XIAO_DONG,AAA,train,li,2.40739e-05,2.7682,330630,2.3815e+06,6.6e-07,1.79001,2.76958,1.001,0.722618,0.722618,2.78824e-07,0.158538,ok
AAA/ruputer/MA_XIAO_DONG,AAA,train,re,3.78079e-05,3.4691,196740,886180,1.6529e-06,1.78996,3.47076,1.00096,0.694698,0.694694,3.62007e-06,0.3313,ok
AAA/ruputer/MA_XIAO_DONG,AAA,train,ri,2.18546e-05,2.63753,369520,2.0946e+06,7.2644e-07,1.79004,2.63887,1.00102,0.694698,0.694694,3.62007e-06,0.150354,ok
AAA/ruputer/MENG_GUANG_QIN,AAA,train,le,9.36258e-05,5.45912,281930,5.1575e+06,3.2908e-07,1.79001,2.96823,0.295631,0.138305,0.861696,0.723392,0.339054,与同侧另一出口面积互换（表内≈li 的面积）
AAA/ruputer/MENG_GUANG_QIN,AAA,train,li,2.76513e-05,2.96676,69344,803700,2.0503e-06,1.79,5.46146,3.38885,0.138305,0.861696,0.723392,0.141015,与同侧另一出口面积互换（表内≈le 的面积）
AAA/ruputer/MENG_GUANG_QIN,AAA,train,re,2.67407e-05,2.9175,293000,1.6645e+06,9.1442e-07,1.78998,2.91895,1.00099,0.384308,0.389123,0.00481512,0.245059,ok
AAA/ruputer/MENG_GUANG_QIN,AAA,train,ri,3.61202e-05,3.39078,204150,1.0177e+06,1.465e-06,1.79001,3.41542,1.01458,0.384308,0.389123,0.00481512,0.274873,ok
AAA/ruputer/TONG_XUE_LIAN,AAA,train,le,5.22476e-05,4.0781,135620,1.42e+06,1.1506e-06,1.7899,4.08004,1.00095,0.483593,0.483591,1.41109e-06,0.264641,ok
AAA/ruputer/TONG_XUE_LIAN,AAA,train,li,5.45853e-05,4.16834,128970,1.3278e+06,1.2287e-06,1.78993,4.1702,1.00089,0.483593,0.483591,1.41109e-06,0.278386,ok
AAA/ruputer/TONG_XUE_LIAN,AAA,train,re,5.78542e-05,4.29133,120620,932560,1.6996e-06,1.78998,4.29333,1.00093,0.714307,0.71431,2.27023e-06,0.309455,ok
AAA/ruputer/TONG_XUE_LIAN,AAA,train,ri,3.14056e-05,3.16176,243530,2.3897e+06,6.7977e-07,1.78999,3.16331,1.00098,0.714307,0.71431,2.27023e-06,0.147518,ok
AAA/ruputer/WANG_AN,AAA,train,le,2.26803e-05,2.68689,354090,1.6012e+06,9.1547e-07,1.79001,2.68826,1.00102,0.384752,0.384753,1.59321e-06,0.245521,ok
AAA/ruputer/WANG_AN,AAA,train,li,3.10142e-05,3.14199,247070,975690,1.4639e-06,1.79,3.14353,1.00098,0.384752,0.384753,1.59321e-06,0.28174,ok
AAA/ruputer/WANG_AN,AAA,train,re,2.02941e-05,2.54162,402380,3.018e+06,5.2333e-07,1.78999,2.54293,1.00103,0.219944,0.219943,1.49944e-06,0.174434,ok
AAA/ruputer/WANG_AN,AAA,train,ri,4.71971e-05,3.87599,152440,811970,1.8561e-06,1.79004,3.87784,1.00096,0.219944,0.219943,1.49944e-06,0.298305,ok
AAA/ruputer/WANG_FU_SHUN,AAA,test,le,5.23016e-05,4.08021,135460,1.0421e+06,1.5201e-06,1.79001,4.08213,1.00094,0.638855,0.638857,1.72237e-06,0.402739,ok
AAA/ruputer/WANG_FU_SHUN,AAA,test,li,3.57574e-05,3.37371,209770,1.8733e+06,8.593e-07,1.78998,3.37534,1.00096,0.638855,0.638857,1.72237e-06,0.220651,ok
AAA/ruputer/WANG_FU_SHUN,AAA,test,re,6.16535e-05,4.43,112120,746310,2.0852e-06,1.79,4.43191,1.00086,0.876363,0.876363,5.51598e-07,0.296036,ok
AAA/ruputer/WANG_FU_SHUN,AAA,test,ri,1.67083e-05,2.30617,503200,5.5815e+06,2.9418e-07,1.79,2.30738,1.00105,0.876363,0.876363,5.51598e-07,0.0805744,ok
AAA/ruputer/WANG_KUI_WU,AAA,train,le,3.469e-05,3.32298,217210,918070,1.5767e-06,1.79,3.32458,1.00097,0.662647,0.546985,0.115662,0.345517,ok
AAA/ruputer/WANG_KUI_WU,AAA,train,li,3.05935e-05,3.12061,364480,1.8655e+06,8.0268e-07,1.78996,2.65467,0.723673,0.662647,0.546985,0.115662,0.177491,ok
AAA/ruputer/WANG_KUI_WU,AAA,train,re,3.08719e-05,3.13478,248380,1.2461e+06,1.1978e-06,1.79009,3.13631,1.00098,0.503389,0.622511,0.119122,0.31183,ok
AAA/ruputer/WANG_KUI_WU,AAA,train,ri,2.21174e-05,2.65334,250980,1.2639e+06,1.1816e-06,1.78998,3.12214,1.38459,0.503389,0.622511,0.119122,0.165162,ok
AAA/ruputer/WU_GUANG_CUN,AAA,train,le,6.63774e-06,1.45357,102990,711060,2.1989e-06,1.79001,4.59862,10.0088,0.924139,0.278099,0.646041,0.175204,小数点错一位（表内面积≈网格×10.01）
AAA/ruputer/WU_GUANG_CUN,AAA,train,li,1.25374e-05,1.99769,700130,9.2167e+06,1.805e-07,1.78999,1.99876,1.00108,0.924139,0.278099,0.646041,0.140315,ok
AAA/ruputer/WU_GUANG_CUN,AAA,train,re,1.82835e-05,2.41243,453680,1.136e+06,1.126e-06,1.78998,2.41367,1.00103,0.473248,0.473247,4.83452e-07,0.285695,ok
AAA/ruputer/WU_GUANG_CUN,AAA,train,ri,1.96369e-05,2.50012,417910,1.0103e+06,1.2533e-06,1.78998,2.5014,1.00103,0.473248,0.473247,4.83452e-07,0.398786,ok
AAA/ruputer/XIE_JIN_QUAN,AAA,train,le,4.00416e-05,3.5701,184170,2.1113e+06,7.7981e-07,1.79003,3.57182,1.00096,0.327737,0.327735,1.94593e-06,0.207852,ok
AAA/ruputer/XIE_JIN_QUAN,AAA,train,li,6.46434e-05,4.53615,106170,1.0129e+06,1.5996e-06,1.79006,4.53822,1.00092,0.327737,0.327735,1.94593e-06,0.333089,ok
AAA/ruputer/XIE_JIN_QUAN,AAA,train,re,4.85725e-05,3.93206,147490,675470,2.1751e-06,1.79002,3.9339,1.00093,0.914134,0.914134,1.71005e-08,0.414711,ok
AAA/ruputer/XIE_JIN_QUAN,AAA,train,ri,1.00368e-05,1.78741,904230,7.8571e+06,2.0431e-07,1.79003,1.78839,1.0011,0.914134,0.914134,1.71005e-08,0.044348,ok
AAA/ruputer/YU_TIAN_HAI,AAA,test,le,3.58964e-05,3.38026,208840,939680,1.5585e-06,1.78997,3.38186,1.00095,0.65502,0.655016,4.32832e-06,0.304164,ok
AAA/ruputer/YU_TIAN_HAI,AAA,test,li,2.34108e-05,2.72981,341420,1.8393e+06,8.2085e-07,1.79004,2.73118,1.001,0.65502,0.655016,4.32832e-06,0.173223,ok
AAA/ruputer/YU_TIAN_HAI,AAA,test,re,4.12851e-05,3.62511,177810,978670,1.5478e-06,1.79,3.62681,1.00094,0.650502,0.650504,2.75469e-06,0.343358,ok
AAA/ruputer/YU_TIAN_HAI,AAA,test,ri,2.72848e-05,2.94704,286290,1.8662e+06,8.3158e-07,1.78997,2.9485,1.00099,0.650502,0.650504,2.75469e-06,0.179256,ok
AAA/ruputer/ZHANG_MAO_JIN,AAA,train,le,6.14005e-05,4.4209,112650,1.2952e+06,1.2714e-06,1.78994,4.42283,1.00087,0.534353,0.534345,8.67561e-06,0.304423,ok
AAA/ruputer/ZHANG_MAO_JIN,AAA,train,li,5.60188e-05,4.22272,125180,1.4904e+06,1.108e-06,1.79006,4.22462,1.0009,0.534353,0.534345,8.67561e-06,0.269156,ok
AAA/ruputer/ZHANG_MAO_JIN,AAA,train,re,5.54422e-05,4.20093,126680,865800,1.8036e-06,1.79004,4.2028,1.00089,0.757994,0.757997,2.44367e-06,0.302024,ok
AAA/ruputer/ZHANG_MAO_JIN,AAA,train,ri,2.58986e-05,2.8712,303980,2.8046e+06,5.7582e-07,1.78998,2.87264,1.001,0.757994,0.757997,2.44367e-06,0.124398,ok
AAA/ruputer/ZHOU_KE_XUN,AAA,train,le,7.14776e-06,1.50838,189110,695020,2.0246e-06,1.79001,3.53096,5.4798,0.850893,0.12723,0.723664,0.171103,面积不符（表内≈网格×5.48）
AAA/ruputer/ZHOU_KE_XUN,AAA,train,li,2.58054e-05,2.86603,718790,4.3266e+06,3.5478e-07,1.79,1.97604,0.475368,0.850893,0.12723,0.723664,0.244683,面积不符（表内≈网格×0.48）
AAA/ruputer/ZHOU_KE_XUN,AAA,train,re,1.71953e-05,2.33953,419430,1.7831e+06,8.1268e-07,1.78995,2.49746,1.13956,0.341557,0.382465,0.0409075,0.259941,ok
AAA/ruputer/ZHOU_KE_XUN,AAA,train,ri,2.36658e-05,2.74464,253580,888950,1.5667e-06,1.79,3.10819,1.28245,0.341557,0.382465,0.0409075,0.324274,ok
AAA/ruputer/ZOU_LI_SHUN,AAA,train,le,3.15309e-05,3.16806,242420,966970,1.4801e-06,1.79002,3.1696,1.00098,0.622051,0.622048,3.79147e-06,0.358327,ok
AAA/ruputer/ZOU_LI_SHUN,AAA,train,li,2.26193e-05,2.68327,355190,1.6353e+06,8.9929e-07,1.79003,2.68464,1.00102,0.622051,0.622048,3.79147e-06,0.26458,ok
AAA/ruputer/ZOU_LI_SHUN,AAA,train,re,2.5437e-05,2.8455,310330,2.3228e+07,7.6046e-08,1.79,2.84693,1.00101,0.0319606,0.510775,0.478814,-0.0335653,ok
AAA/ruputer/ZOU_LI_SHUN,AAA,train,ri,2.47164e-05,2.8049,22708,754430,2.3033e-06,1.78998,8.87321,10.0075,0.0319606,0.510775,0.478814,0.410658,小数点错一位（表内面积≈网格×10.01）
AAA/ruputer/ZUO_DAO_SHENG,AAA,train,le,3.91317e-05,3.52931,94584,821370,1.9543e-06,1.79005,4.77202,1.82821,0.821327,0.850894,0.0295669,0.393037,面积不符（表内≈网格×1.83）
AAA/ruputer/ZUO_DAO_SHENG,AAA,train,li,1.22539e-05,1.97498,304580,3.9059e+06,4.2513e-07,1.79,2.87017,2.11199,0.821327,0.850894,0.0295669,0.107119,面积不符（表内≈网格×2.11）
AAA/ruputer/ZUO_DAO_SHENG,AAA,train,re,1.95749e-05,2.49617,486850,1.4801e+06,9.1003e-07,1.78998,2.34075,0.879349,0.382466,0.341552,0.0409138,0.20095,ok
AAA/ruputer/ZUO_DAO_SHENG,AAA,train,ri,3.03209e-05,3.10668,337190,881030,1.4694e-06,1.79005,2.74603,0.781298,0.382466,0.341552,0.0409138,0.298895,ok
AAA/unruputer/CAO_HONG_TAI,AAA,train,le,4.99661e-05,3.98807,142770,2.4824e+06,6.8187e-07,1.79002,3.98992,1.00093,0.286571,0.286573,2.29285e-06,0.176779,ok
AAA/unruputer/CAO_HONG_TAI,AAA,train,li,9.17807e-05,5.40506,70950,983530,1.6975e-06,1.78998,5.40737,1.00085,0.286571,0.286573,2.29285e-06,0.378891,ok
AAA/unruputer/CAO_HONG_TAI,AAA,train,re,5.557e-05,4.20577,126340,956690,1.6528e-06,1.79003,4.20772,1.00093,0.694626,0.694622,3.73245e-06,0.30017,ok
AAA/unruputer/CAO_HONG_TAI,AAA,train,ri,3.21292e-05,3.19797,237240,2.2263e+06,7.2661e-07,1.79003,3.1995,1.00096,0.694626,0.694622,3.73245e-06,0.14416,ok
AAA/unruputer/CHEN_FU_YE,AAA,train,le,4.30683e-05,3.70258,169370,922280,1.6397e-06,1.78998,3.7043,1.00093,0.689136,0.689288,0.000152044,0.378812,ok
AAA/unruputer/CHEN_FU_YE,AAA,train,li,2.532e-05,2.83894,311810,2.1082e+06,7.3967e-07,1.79001,2.84105,1.00149,0.689136,0.689288,0.000152044,0.174058,ok
AAA/unruputer/CHEN_FU_YE,AAA,train,re,1.6775e-05,2.31077,500900,1.258e+06,1.0177e-06,1.79003,2.31198,1.00105,0.427713,0.427718,4.40526e-06,0.204172,ok
AAA/unruputer/CHEN_FU_YE,AAA,train,ri,2.03688e-05,2.54629,400690,913870,1.3617e-06,1.79004,2.54758,1.00102,0.427713,0.427718,4.40526e-06,0.242958,ok
AAA/unruputer/CHEN_LIANG_FU,AAA,train,le,4.84937e-05,3.92887,147770,1.4492e+06,1.1209e-06,1.79004,3.93065,1.00091,0.471076,0.471072,4.33604e-06,0.251855,ok
AAA/unruputer/CHEN_LIANG_FU,AAA,train,li,5.23873e-05,4.08355,135210,1.2871e+06,1.2585e-06,1.78998,4.08541,1.00091,0.471076,0.471072,4.33604e-06,0.263315,ok
AAA/unruputer/CHEN_LIANG_FU,AAA,train,re,5.93096e-05,4.34498,117230,1.0933e+06,1.4787e-06,1.79001,4.34687,1.00087,0.621455,0.621446,8.64932e-06,0.292957,ok
AAA/unruputer/CHEN_LIANG_FU,AAA,train,ri,4.26194e-05,3.68323,171420,1.8159e+06,9.0072e-07,1.79002,3.68498,1.00095,0.621455,0.621446,8.64932e-06,0.191873,ok
AAA/unruputer/CHEN_SHU_LIN,AAA,train,le,1.93125e-05,2.47939,425990,2.0436e+06,7.2482e-07,1.79001,2.48067,1.00103,0.304625,0.304625,6.04747e-07,0.232597,ok
AAA/unruputer/CHEN_SHU_LIN,AAA,train,li,3.34816e-05,3.26459,226250,855610,1.6546e-06,1.79005,3.26616,1.00097,0.304625,0.304625,6.04747e-07,0.20904,ok
AAA/unruputer/CHEN_SHU_LIN,AAA,train,re,7.00279e-05,4.72129,96840,752300,2.108e-06,1.78999,4.72337,1.00088,0.885951,0.885951,3.82028e-07,0.474811,ok
AAA/unruputer/CHEN_SHU_LIN,AAA,train,ri,1.78536e-05,2.3839,466260,6.13e+06,2.7137e-07,1.79003,2.38514,1.00104,0.885951,0.885951,3.82028e-07,0.0835522,ok
AAA/unruputer/FENG_ZHI_YING,AAA,train,le,3.57008e-05,3.37104,210150,760310,1.8445e-06,1.79001,3.37268,1.00097,0.775191,0.77519,8.8891e-07,0.39316,ok
AAA/unruputer/FENG_ZHI_YING,AAA,train,li,1.56417e-05,2.23134,542860,2.8035e+06,5.3491e-07,1.79,2.23252,1.00106,0.775191,0.77519,8.8891e-07,0.0918328,ok
AAA/unruputer/FENG_ZHI_YING,AAA,train,re,3.00904e-05,3.09484,255810,852950,1.6144e-06,1.78998,3.09638,1.00099,0.678498,0.678499,4.90086e-07,0.332955,ok
AAA/unruputer/FENG_ZHI_YING,AAA,train,ri,1.82887e-05,2.41277,453530,1.8864e+06,7.6497e-07,1.78998,2.41402,1.00103,0.678498,0.678499,4.90086e-07,0.182052,ok
AAA/unruputer/GAO_DIAN_WEN,AAA,test,le,6.51085e-05,4.55244,105300,935700,1.7195e-06,1.79,4.55449,1.0009,0.722669,0.722666,2.86733e-06,0.355875,ok
AAA/unruputer/GAO_DIAN_WEN,AAA,test,li,3.43833e-05,3.30825,219440,2.4932e+06,6.5988e-07,1.79002,3.30985,1.00096,0.722669,0.722666,2.86733e-06,0.156402,ok
AAA/unruputer/GAO_DIAN_WEN,AAA,test,re,6.46886e-05,4.53773,106090,878860,1.8174e-06,1.79005,4.53971,1.00087,0.763791,0.763794,3.1145e-06,0.356257,ok
AAA/unruputer/GAO_DIAN_WEN,AAA,test,ri,2.95827e-05,3.06862,260870,2.924e+06,5.6202e-07,1.78996,3.07012,1.00098,0.763791,0.763794,3.1145e-06,0.131465,ok
AAA/unruputer/GAO_WEI_LI,AAA,train,le,4.50269e-05,3.78583,160920,1.9256e+06,8.5791e-07,1.79005,3.78765,1.00096,0.360559,0.360558,1.17185e-06,0.203105,ok
AAA/unruputer/GAO_WEI_LI,AAA,train,li,6.59715e-05,4.58251,103720,1.0728e+06,1.5215e-06,1.79008,4.58452,1.00088,0.360559,0.360558,1.17185e-06,0.324945,ok
AAA/unruputer/GAO_WEI_LI,AAA,train,re,3.30309e-05,3.24254,229800,2.2028e+06,7.3584e-07,1.79,3.24413,1.00098,0.309256,0.309255,1.11862e-06,0.162381,ok
AAA/unruputer/GAO_WEI_LI,AAA,train,ri,5.644e-05,4.23856,124110,965000,1.6435e-06,1.78995,4.24042,1.00088,0.309256,0.309255,1.11862e-06,0.309569,ok
AAA/unruputer/GUO_BAO_CHUN,AAA,train,le,9.46727e-05,5.48956,68463,779960,2.1098e-06,1.79,5.4919,1.00085,0.886698,0.198382,0.688316,0.533445,ok
AAA/unruputer/GUO_BAO_CHUN,AAA,train,li,0.000240179,8.74365,331510,6.3082e+06,2.6959e-07,1.79,2.76638,0.100101,0.886698,0.198382,0.688316,-0.0345943,小数点错一位（表内面积≈网格×0.10）
AAA/unruputer/GUO_BAO_CHUN,AAA,train,re,9.44015e-05,5.48169,68689,771250,2.1311e-06,1.78999,5.48404,1.00086,0.895654,0.213487,0.682167,0.533844,ok
AAA/unruputer/GUO_BAO_CHUN,AAA,train,ri,0.000225183,8.46628,357030,6.8526e+06,2.4828e-07,1.79001,2.67861,0.1001,0.895654,0.213487,0.682167,-0.0326943,小数点错一位（表内面积≈网格×0.10）
AAA/unruputer/HAN_JIAN_FU,AAA,train,le,6.69643e-05,4.61686,101950,1.0107e+06,1.6088e-06,1.79003,4.61895,1.00091,0.676143,0.676154,1.08242e-05,0.365445,ok
AAA/unruputer/HAN_JIAN_FU,AAA,train,li,4.09926e-05,3.61225,179270,2.1437e+06,7.7055e-07,1.78996,3.61394,1.00094,0.676143,0.676154,1.08242e-05,0.180288,ok
AAA/unruputer/HAN_JIAN_FU,AAA,train,re,6.55239e-05,4.56694,104530,851650,1.872e-06,1.78997,4.56904,1.00092,0.786766,0.786767,4.43995e-07,0.346583,ok
AAA/unruputer/HAN_JIAN_FU,AAA,train,ri,2.74414e-05,2.95548,284410,3.2436e+06,5.0736e-07,1.78997,2.95695,1.001,0.786766,0.786767,4.43995e-07,0.107684,ok
AAA/unruputer/LIN_JIAN_RONG,AAA,train,le,1.54977e-05,2.22105,548670,958060,1.188e-06,1.79,2.22221,1.00105,0.499292,0.499293,6.22751e-07,0.224641,ok
AAA/unruputer/LIN_JIAN_RONG,AAA,train,li,1.55269e-05,2.22315,547480,954990,1.1914e-06,1.79004,2.22431,1.00105,0.499292,0.499293,6.22751e-07,0.212543,ok
AAA/unruputer/LIN_JIAN_RONG,AAA,train,re,2.63148e-05,2.89418,298460,1.0632e+06,1.3146e-06,1.79004,2.89561,1.00099,0.55249,0.552489,1.84088e-06,0.309216,ok
AAA/unruputer/LIN_JIAN_RONG,AAA,train,ri,2.28658e-05,2.69785,350790,1.3303e+06,1.0648e-06,1.79002,2.69923,1.00102,0.55249,0.552489,1.84088e-06,0.2536,ok
AAA/unruputer/LIU_CHENG_ZHANG,AAA,train,le,6.27568e-05,4.46947,109850,719840,2.1574e-06,1.78997,4.47149,1.00091,0.906714,0.906714,2.11048e-07,0.454572,ok
AAA/unruputer/LIU_CHENG_ZHANG,AAA,train,li,1.37792e-05,2.09429,628070,7.4363e+06,2.2196e-07,1.78997,2.09541,1.00106,0.906714,0.906714,2.11048e-07,0.0480033,ok
AAA/unruputer/LIU_CHENG_ZHANG,AAA,train,re,5.60802e-05,4.22503,125020,761030,2.0202e-06,1.79,4.22697,1.00092,0.849044,0.849043,7.0566e-07,0.41268,ok
AAA/unruputer/LIU_CHENG_ZHANG,AAA,train,ri,1.7732e-05,2.37577,469940,4.5136e+06,3.5918e-07,1.78999,2.377,1.00104,0.849044,0.849043,7.0566e-07,0.084745,ok
AAA/unruputer/LIU_JIE,AAA,train,le,3.67473e-05,3.42009,203290,834670,1.7245e-06,1.78996,3.42169,1.00094,0.724785,0.724785,2.02736e-07,0.338454,ok
AAA/unruputer/LIU_JIE,AAA,train,li,1.92694e-05,2.47662,427090,2.3064e+06,6.5484e-07,1.79,2.47789,1.00103,0.724785,0.724785,2.02736e-07,0.15508,ok
AAA/unruputer/LIU_JIE,AAA,train,re,4.31354e-05,3.70546,169070,746570,1.9549e-06,1.78998,3.70716,1.00092,0.821605,0.821606,1.20215e-06,0.391522,ok
AAA/unruputer/LIU_JIE,AAA,train,ri,1.55828e-05,2.22714,545220,3.6718e+06,4.2447e-07,1.79,2.22832,1.00106,0.821605,0.821606,1.20215e-06,0.114944,ok
AAA/unruputer/LIU_KANG_WEN,AAA,test,le,2.97872e-05,3.07922,258810,1.1984e+06,1.2284e-06,1.79004,3.08072,1.00098,0.516256,0.516259,2.85548e-06,0.27144,ok
AAA/unruputer/LIU_KANG_WEN,AAA,test,li,2.85229e-05,3.01316,272050,1.2831e+06,1.151e-06,1.78998,3.01462,1.00097,0.516256,0.516259,2.85548e-06,0.265067,ok
AAA/unruputer/LIU_KANG_WEN,AAA,test,re,2.44865e-05,2.79183,324230,1.0507e+06,1.3019e-06,1.79002,2.79322,1.00099,0.547147,0.547139,7.6455e-06,0.244846,ok
AAA/unruputer/LIU_KANG_WEN,AAA,test,ri,2.1586e-05,2.62127,374820,1.2864e+06,1.0775e-06,1.78996,2.62258,1.00101,0.547147,0.547139,7.6455e-06,0.218647,ok
AAA/unruputer/LIU_LI_FENG,AAA,train,le,1.85252e-05,2.42832,446880,1.774e+06,8.06e-07,1.79003,2.42957,1.00103,0.33874,0.338743,2.56527e-06,0.18303,ok
AAA/unruputer/LIU_LI_FENG,AAA,train,li,2.89354e-05,3.03487,267590,870090,1.5734e-06,1.79003,3.03637,1.00099,0.33874,0.338743,2.56527e-06,0.285422,ok
AAA/unruputer/LIU_LI_FENG,AAA,train,re,2.59369e-05,2.87332,303460,1.3494e+06,1.083e-06,1.79005,2.87477,1.00101,0.455154,0.455154,6.36886e-07,0.244825,ok
AAA/unruputer/LIU_LI_FENG,AAA,train,ri,2.92413e-05,3.05087,264370,1.1164e+06,1.2964e-06,1.79003,3.05239,1.001,0.455154,0.455154,6.36886e-07,0.286723,ok
AAA/unruputer/LIU_WEN_QI,AAA,train,le,4.32786e-05,3.7116,168420,1.1693e+06,1.3381e-06,1.79,3.71337,1.00095,0.562356,0.562356,2.64331e-07,0.304031,ok
AAA/unruputer/LIU_WEN_QI,AAA,train,li,3.66168e-05,3.41401,204120,1.5148e+06,1.0413e-06,1.78991,3.41564,1.00095,0.562356,0.562356,2.64331e-07,0.236335,ok
AAA/unruputer/LIU_WEN_QI,AAA,train,re,3.53891e-05,3.35629,212280,1.1344e+06,1.3292e-06,1.79001,3.35793,1.00097,0.558622,0.558624,2.32371e-06,0.248111,ok
AAA/unruputer/LIU_WEN_QI,AAA,train,ri,3.02456e-05,3.10282,254300,1.4501e+06,1.0502e-06,1.78996,3.10436,1.00099,0.558622,0.558624,2.32371e-06,0.211523,ok
AAA/unruputer/LIU_XING_GUO,AAA,train,le,3.56724e-05,3.3697,112180,1.1764e+06,1.3891e-06,1.78997,4.43088,1.72901,0.583818,0.579118,0.00469962,0.272988,面积不符（表内≈网格×1.73）
AAA/unruputer/LIU_XING_GUO,AAA,train,li,2.88355e-05,3.02963,145410,1.6622e+06,9.9027e-07,1.79002,3.95826,1.70699,0.583818,0.579118,0.00469962,0.210487,面积不符（表内≈网格×1.71）
AAA/unruputer/LIU_XING_GUO,AAA,train,re,5.44264e-05,4.16226,135600,1.6207e+06,1.0192e-06,1.79002,4.0803,0.961002,0.42834,0.679626,0.251286,0.263106,ok
AAA/unruputer/LIU_XING_GUO,AAA,train,ri,3.29661e-05,3.23936,108680,1.2073e+06,1.3602e-06,1.79,4.49236,1.92323,0.42834,0.679626,0.251286,0.253419,面积不符（表内≈网格×1.92）
AAA/unruputer/LI_YOU_YU,AAA,train,le,5.47317e-05,4.17392,128570,1.3419e+06,1.2173e-06,1.79,4.17583,1.00091,0.5116,0.511593,6.83814e-06,0.238747,ok
AAA/unruputer/LI_YOU_YU,AAA,train,li,5.30652e-05,4.10989,133220,1.4071e+06,1.1621e-06,1.79001,4.11183,1.00094,0.5116,0.511593,6.83814e-06,0.209906,ok
AAA/unruputer/LI_YOU_YU,AAA,train,re,5.23153e-05,4.08074,135420,2.6006e+06,6.5422e-07,1.78996,4.08266,1.00094,0.274958,0.274955,2.9289e-06,0.170682,ok
AAA/unruputer/LI_YOU_YU,AAA,train,ri,9.98536e-05,5.63776,64394,973190,1.7252e-06,1.79004,5.64016,1.00085,0.274958,0.274955,2.9289e-06,0.380665,ok
AAA/unruputer/MA_JIN_HE,AAA,test,le,3.12809e-05,3.15547,244650,2.0655e+06,7.7483e-07,1.78997,3.15701,1.00097,0.325647,0.325646,1.82619e-06,0.222629,ok
AAA/unruputer/MA_JIN_HE,AAA,test,li,5.08208e-05,4.02203,140010,975570,1.6045e-06,1.78995,4.02392,1.00094,0.325647,0.325646,1.82619e-06,0.317993,ok
AAA/unruputer/MA_JIN_HE,AAA,test,re,4.09753e-05,3.61149,179360,729690,1.9691e-06,1.79001,3.61315,1.00092,0.827568,0.827569,9.27561e-07,0.355992,ok
AAA/unruputer/MA_JIN_HE,AAA,test,ri,1.44011e-05,2.14103,596980,3.7659e+06,4.1028e-07,1.79,2.14217,1.00106,0.827568,0.827569,9.27561e-07,0.103386,ok
AAA/unruputer/QIAO_XIU_YUN,AAA,train,le,5.76914e-05,4.28529,121010,1.044e+06,1.5364e-06,1.78992,4.28731,1.00094,0.645727,0.776182,0.130455,0.342447,ok
AAA/unruputer/QIAO_XIU_YUN,AAA,train,li,2.51806e-05,2.83112,191740,1.9317e+06,8.4297e-07,1.79,3.50982,1.53693,0.645727,0.776182,0.130455,0.154424,面积不符（表内≈网格×1.54）
AAA/unruputer/QIAO_XIU_YUN,AAA,train,re,6.32067e-05,4.48545,108950,985090,1.6361e-06,1.78996,4.48751,1.00092,0.687627,0.687629,1.63293e-06,0.353333,ok
AAA/unruputer/QIAO_XIU_YUN,AAA,train,ri,3.73515e-05,3.44809,199510,2.2088e+06,7.4325e-07,1.78998,3.44973,1.00095,0.687627,0.687629,1.63293e-06,0.149797,ok
AAA/unruputer/SHEN_CHUN_WANG,AAA,train,le,5.672e-05,4.24906,123400,874600,1.7936e-06,1.79001,4.25101,1.00092,0.753805,0.753803,2.34394e-06,0.349048,ok
AAA/unruputer/SHEN_CHUN_WANG,AAA,train,li,2.69001e-05,2.92618,291000,2.7647e+06,5.858e-07,1.79003,2.92765,1.001,0.753805,0.753803,2.34394e-06,0.125001,ok
AAA/unruputer/SHEN_CHUN_WANG,AAA,train,re,5.8355e-05,4.30987,119430,1.054e+06,1.5255e-06,1.79007,4.31187,1.00093,0.641118,0.641127,9.09939e-06,0.337277,ok
AAA/unruputer/SHEN_CHUN_WANG,AAA,train,ri,3.96347e-05,3.55192,186350,1.9099e+06,8.539e-07,1.78999,3.5536,1.00095,0.641118,0.641127,9.09939e-06,0.188674,ok
AAA/unruputer/SHEN_FANG_JIN,AAA,train,le,6.16216e-05,4.42886,112180,1.1764e+06,1.3891e-06,1.78997,4.43088,1.00091,0.583818,0.583811,7.02346e-06,0.279487,ok
AAA/unruputer/SHEN_FANG_JIN,AAA,train,li,4.91752e-05,3.95638,145410,1.6622e+06,9.9027e-07,1.79002,3.95826,1.00095,0.583818,0.583811,7.02346e-06,0.204268,ok
AAA/unruputer/SHEN_FANG_JIN,AAA,train,re,5.22571e-05,4.07847,135600,1.6207e+06,1.0192e-06,1.79002,4.0803,1.0009,0.42834,0.428347,6.68119e-06,0.22883,ok
AAA/unruputer/SHEN_FANG_JIN,AAA,train,ri,6.33437e-05,4.49032,108680,1.2073e+06,1.3602e-06,1.79,4.49236,1.00091,0.42834,0.428347,6.68119e-06,0.287414,ok
AAA/unruputer/SUN_SHU_MING,AAA,test,le,9.92718e-05,5.62132,64828,1.0111e+06,1.6636e-06,1.78991,5.62371,1.00085,0.699192,0.699191,1.86655e-06,0.451637,ok
AAA/unruputer/SUN_SHU_MING,AAA,test,li,5.65748e-05,4.24362,123770,2.3771e+06,7.1574e-07,1.78997,4.24548,1.00088,0.699192,0.699191,1.86655e-06,0.213152,ok
AAA/unruputer/SUN_SHU_MING,AAA,test,re,0.000102637,5.71579,881290,1.104e+07,1.5016e-07,1.7901,1.80848,0.10011,0.0631054,0.680518,0.617412,-0.0189113,小数点错一位（表内面积≈网格×0.10）
AAA/unruputer/SUN_SHU_MING,AAA,test,ri,6.19975e-05,4.44234,111400,691570,2.2292e-06,1.78998,4.44434,1.0009,0.0631054,0.680518,0.617412,0.354123,ok
AAA/unruputer/WANG_MAN_TIAN,AAA,test,le,1.65828e-05,2.29749,507590,1.5187e+06,8.834e-07,1.79002,2.29868,1.00104,0.37127,0.371275,4.77358e-06,0.19562,ok
AAA/unruputer/WANG_MAN_TIAN,AAA,test,li,2.35596e-05,2.73847,338940,857600,1.496e-06,1.79002,2.73985,1.00101,0.37127,0.371275,4.77358e-06,0.237319,ok
AAA/unruputer/WANG_MAN_TIAN,AAA,test,re,2.2812e-05,2.69468,351740,2.5102e+06,6.2544e-07,1.78997,2.69605,1.00102,0.262862,0.262859,2.38641e-06,0.217946,ok
AAA/unruputer/WANG_MAN_TIAN,AAA,test,ri,4.53643e-05,3.79999,159550,861010,1.7539e-06,1.78996,3.80175,1.00093,0.262862,0.262859,2.38641e-06,0.349115,ok
AAA/unruputer/YANG_BEN_RUI,AAA,train,le,6.64515e-05,4.59915,102860,1.2478e+06,1.3253e-06,1.79003,4.60114,1.00087,0.556994,0.556989,4.62752e-06,0.276112,ok
AAA/unruputer/YANG_BEN_RUI,AAA,train,li,5.70449e-05,4.26121,122590,1.5756e+06,1.0541e-06,1.79006,4.2632,1.00093,0.556994,0.556989,4.62752e-06,0.218665,ok
AAA/unruputer/YANG_BEN_RUI,AAA,train,re,8.7776e-05,5.28583,100550,1.5684e+06,1.0726e-06,1.79012,4.6468,0.772827,0.450763,0.547438,0.096675,0.238496,ok
AAA/unruputer/YANG_BEN_RUI,AAA,train,ri,7.73165e-05,4.96091,86418,1.2833e+06,1.3068e-06,1.78995,4.96307,1.00087,0.450763,0.547438,0.096675,0.266726,ok
AAA/unruputer/YAN_FU_TANG,AAA,train,le,2.49309e-05,2.81705,317590,813440,1.5826e-06,1.78997,2.81846,1.001,0.66514,0.665141,1.38947e-06,0.26935,ok
AAA/unruputer/YAN_FU_TANG,AAA,train,li,1.57774e-05,2.24101,537490,1.7091e+06,7.9676e-07,1.78999,2.24219,1.00106,0.66514,0.665141,1.38947e-06,0.170543,ok
AAA/unruputer/YAN_FU_TANG,AAA,train,re,3.07683e-05,3.12951,249340,1.1671e+06,1.2637e-06,1.78996,3.13106,1.00099,0.531117,0.531119,2.52781e-06,0.314592,ok
AAA/unruputer/YAN_FU_TANG,AAA,train,ri,2.8315e-05,3.00216,274340,1.3301e+06,1.1156e-06,1.78991,3.00366,1.001,0.531117,0.531119,2.52781e-06,0.245514,ok
AAA/unruputer/ZHANG_XUN_LIAN,AAA,train,le,9.71231e-05,5.56015,66480,804380,2.0554e-06,1.78997,5.56253,1.00086,0.863853,0.863851,1.33783e-06,0.449061,ok
AAA/unruputer/ZHANG_XUN_LIAN,AAA,train,li,2.83382e-05,3.00339,274090,5.2515e+06,3.2395e-07,1.79001,3.00485,1.00097,0.863853,0.863851,1.33783e-06,0.0649935,ok
AAA/unruputer/ZHANG_XUN_LIAN,AAA,train,re,9.66086e-05,5.5454,66888,825560,2.0057e-06,1.78998,5.54775,1.00085,0.842954,0.842954,2.14991e-07,0.407398,ok
AAA/unruputer/ZHANG_XUN_LIAN,AAA,train,ri,3.15136e-05,3.16719,242570,4.5477e+06,3.7367e-07,1.78998,3.16875,1.00098,0.842954,0.842954,2.14991e-07,0.0785475,ok
AAA/unruputer/ZHANG_YONG_ZHI,AAA,test,le,5.01456e-05,3.99523,142180,1.3385e+06,1.2089e-06,1.78999,3.99711,1.00094,0.508085,0.508087,2.18689e-06,0.342137,ok
AAA/unruputer/ZHANG_YONG_ZHI,AAA,test,li,4.90757e-05,3.95238,145750,1.3836e+06,1.1704e-06,1.78995,3.95424,1.00095,0.508085,0.508087,2.18689e-06,0.251996,ok
AAA/unruputer/ZHANG_YONG_ZHI,AAA,test,re,4.09797e-05,3.61168,179330,2.8237e+06,5.9606e-07,1.78999,3.61342,1.00096,0.250512,0.250509,3.05714e-06,0.190945,ok
AAA/unruputer/ZHANG_YONG_ZHI,AAA,test,ri,8.50873e-05,5.20424,77405,926340,1.7833e-06,1.78998,5.2065,1.00087,0.250512,0.250509,3.05714e-06,0.214923,ok
AAA/unruputer/ZHANG_ZHI_HUA,AAA,train,le,4.28652e-05,3.69384,170290,911690,1.6544e-06,1.79003,3.69559,1.00095,0.695296,0.695296,3.44126e-07,0.342897,ok
AAA/unruputer/ZHANG_ZHI_HUA,AAA,train,li,2.47312e-05,2.80574,320540,2.1484e+06,7.2501e-07,1.79001,2.80715,1.00101,0.695296,0.695296,3.44126e-07,0.16209,ok
AAA/unruputer/ZHANG_ZHI_HUA,AAA,train,re,5.14832e-05,4.04816,137940,1.0158e+06,1.5514e-06,1.78991,4.05006,1.00094,0.652036,0.652026,1.02336e-05,0.335036,ok
AAA/unruputer/ZHANG_ZHI_HUA,AAA,train,ri,3.3873e-05,3.28361,223250,1.9387e+06,8.2795e-07,1.78999,3.28517,1.00095,0.652036,0.652026,1.02336e-05,0.159977,ok
AAA/unruputer/ZHOU_XI_SHENG,AAA,train,le,2.52464e-05,2.83482,313030,1.4148e+06,1.036e-06,1.79003,2.83623,1.001,0.435388,0.435394,6.02234e-06,0.222079,ok
AAA/unruputer/ZHOU_XI_SHENG,AAA,train,li,3.00221e-05,3.09133,256480,1.0759e+06,1.3434e-06,1.78992,3.09286,1.00099,0.435388,0.435394,6.02234e-06,0.268462,ok
AAA/unruputer/ZHOU_XI_SHENG,AAA,train,re,3.11777e-05,3.15027,245580,1.0709e+06,1.3596e-06,1.78989,3.15181,1.00098,0.571439,0.571428,1.04445e-05,0.27043,ok
AAA/unruputer/ZHOU_XI_SHENG,AAA,train,ri,2.57366e-05,2.86221,306180,1.4492e+06,1.0197e-06,1.78996,2.86364,1.001,0.571439,0.571428,1.04445e-05,0.239029,ok
AAA/unruputer/ZHU_ZI_HAI,AAA,train,le,4.32786e-05,3.7116,168420,1.1693e+06,1.3381e-06,1.79,3.71337,1.00095,0.562356,0.562356,2.64331e-07,0.304031,ok
AAA/unruputer/ZHU_ZI_HAI,AAA,train,li,3.66168e-05,3.41401,204120,1.5148e+06,1.0413e-06,1.78991,3.41564,1.00095,0.562356,0.562356,2.64331e-07,0.236335,ok
AAA/unruputer/ZHU_ZI_HAI,AAA,train,re,3.53891e-05,3.35629,212280,1.1344e+06,1.3292e-06,1.79001,3.35793,1.00097,0.558622,0.558624,2.32371e-06,0.248111,ok
AAA/unruputer/ZHU_ZI_HAI,AAA,train,ri,3.02456e-05,3.10282,254300,1.4501e+06,1.0502e-06,1.78996,3.10436,1.00099,0.558622,0.558624,2.32371e-06,0.211523,ok
AG/fast/CHEN_SHI_MING,AG,train,le,1.66702e-05,2.30354,464240,2.2608e+06,6.5686e-07,1.78997,2.33523,1.0277,0.320544,0.312273,0.00827111,0.14155,ok
AG/fast/CHEN_SHI_MING,AG,train,li,2.82182e-05,2.99702,260980,1.0246e+06,1.3924e-06,1.79004,3.02115,1.01617,0.320544,0.312273,0.00827111,0.235014,ok
AG/fast/CHEN_SHI_MING,AG,train,re,4.34394e-05,3.71849,162980,1.6412e+06,9.9213e-07,1.78998,3.72905,1.00569,0.484156,0.479823,0.0043326,0.302398,ok
AG/fast/CHEN_SHI_MING,AG,train,ri,4.58419e-05,3.81994,155250,1.5381e+06,1.0571e-06,1.79004,3.81096,0.995302,0.484156,0.479823,0.0043326,0.321037,ok
AG/fast/FAN_JIAN_MING,AG,test,le,5.15478e-05,4.0507,135940,1.7426e+06,9.5285e-07,1.78997,4.04414,0.996765,0.464989,0.469461,0.00447136,0.240241,ok
AG/fast/FAN_JIAN_MING,AG,test,li,5.59271e-05,4.21926,122080,1.5106e+06,1.0964e-06,1.79007,4.24335,1.01145,0.464989,0.469461,0.00447136,0.250483,ok
AG/fast/FAN_JIAN_MING,AG,test,re,6.44659e-05,4.52992,103800,1.723e+06,9.7986e-07,1.79001,4.56255,1.01446,0.478157,0.479008,0.000851526,0.256588,ok
AG/fast/FAN_JIAN_MING,AG,test,ri,6.81797e-05,4.65857,97068,1.5768e+06,1.0694e-06,1.79003,4.70142,1.01848,0.478157,0.479008,0.000851526,0.252688,ok
AG/fast/HAN_JIAN_JUN,AG,train,le,4.94446e-05,3.9672,141160,1.6788e+06,9.8354e-07,1.79,3.97658,1.00473,0.479952,0.475924,0.0040276,0.256722,ok
AG/fast/HAN_JIAN_JUN,AG,train,li,5.27257e-05,4.09672,132740,1.5469e+06,1.0657e-06,1.78999,4.08745,0.995478,0.479952,0.475924,0.0040276,0.218644,ok
AG/fast/HAN_JIAN_JUN,AG,train,re,5.84679e-05,4.31404,117940,1.5623e+06,1.0653e-06,1.78996,4.30931,0.997811,0.519877,0.519955,7.80625e-05,0.288493,ok
AG/fast/HAN_JIAN_JUN,AG,train,ri,5.54365e-05,4.20071,125360,1.694e+06,9.8387e-07,1.79001,4.19334,0.996494,0.519877,0.519955,7.80625e-05,0.236142,ok
AG/fast/LIU_FENG_MING,AG,train,le,3.13404e-05,3.15848,237270,1.5113e+06,1.0237e-06,1.79001,3.15259,0.996278,0.499554,0.499313,0.000240758,0.285283,ok
AG/fast/LIU_FENG_MING,AG,train,li,3.13979e-05,3.16137,236950,1.5085e+06,1.0255e-06,1.78996,3.15449,0.995654,0.499554,0.499313,0.000240758,0.212606,ok
AG/fast/LIU_FENG_MING,AG,train,re,3.28392e-05,3.23311,224210,1.4072e+06,1.0972e-06,1.78998,3.23342,1.00019,0.535437,0.534293,0.00114418,0.246141,ok
AG/fast/LIU_FENG_MING,AG,train,ri,2.9965e-05,3.08839,250000,1.6303e+06,9.5198e-07,1.79001,3.07978,0.994429,0.535437,0.534293,0.00114418,0.255971,ok
AG/fast/LIU_JUN_FENG,AG,train,le,8.10882e-05,5.08047,7844.5,1.645e+06,1.083e-06,1.79003,14.4785,8.12154,0.528487,0.783172,0.254685,0.335158,小数点错一位（表内面积≈网格×8.12）
AG/fast/LIU_JUN_FENG,AG,train,li,3.44453e-05,3.31124,8561.2,1.844e+06,9.6625e-07,1.79004,13.9234,17.6812,0.528487,0.783172,0.254685,0.222406,面积不符（表内≈网格×17.68）
AG/fast/LIU_JUN_FENG,AG,train,re,6.83851e-05,4.66558,8882.4,1.8612e+06,9.5719e-07,1.79002,13.696,8.61739,0.467093,0.892678,0.425585,0.293043,小数点错一位（表内面积≈网格×8.62）
AG/fast/LIU_JUN_FENG,AG,train,ri,1.6658e-05,2.3027,8028.7,1.6311e+06,1.092e-06,1.78993,14.329,38.7221,0.467093,0.892678,0.425585,0.149393,面积不符（表内≈网格×38.72）
AG/fast/LIU_LI_QUN,AG,train,le,4.10004e-05,3.61259,176280,1.3805e+06,1.1498e-06,1.78999,3.60052,0.993328,0.561085,0.560938,0.000147131,0.273738,ok
AG/fast/LIU_LI_QUN,AG,train,li,3.48227e-05,3.32933,212800,1.7773e+06,8.9945e-07,1.79,3.30982,0.988316,0.561085,0.560938,0.000147131,0.236224,ok
AG/fast/LIU_LI_QUN,AG,train,re,5.06226e-05,4.01418,138460,1.9714e+06,8.4839e-07,1.78998,4.01107,0.998447,0.413999,0.698505,0.284505,0.250602,ok
AG/fast/LIU_LI_QUN,AG,train,ri,2.89125e-05,3.03366,106080,1.3845e+06,1.2008e-06,1.78989,4.51844,2.21841,0.413999,0.698505,0.284505,0.239436,面积不符（表内≈网格×2.22）
AG/fast/LIU_YI_BING,AG,train,le,1.7921e-05,2.38839,435950,2.4113e+06,6.2868e-07,1.79001,2.40181,1.01127,0.306785,0.297118,0.00966721,0.190632,ok
AG/fast/LIU_YI_BING,AG,train,li,3.18174e-05,3.18242,233360,1.0267e+06,1.4205e-06,1.78992,3.1761,0.996035,0.306785,0.297118,0.00966721,0.346128,ok
AG/fast/LIU_YI_BING,AG,train,re,1.63985e-05,2.28469,287310,1.0198e+06,1.3694e-06,1.78996,2.89406,1.60458,0.668266,0.328889,0.339378,0.209217,与同侧另一出口面积互换（表内≈ri 的面积）
AG/fast/LIU_YI_BING,AG,train,ri,2.63816e-05,2.89785,491530,2.1416e+06,6.7979e-07,1.78998,2.27634,0.617054,0.668266,0.328889,0.339378,0.254022,与同侧另一出口面积互换（表内≈re 的面积）
AG/fast/LI_SHI_QIANG,AG,train,le,4.45779e-05,3.76691,159260,1.792e+06,9.1733e-07,1.78995,3.76775,1.00045,0.447661,0.445338,0.00232265,0.271656,ok
AG/fast/LI_SHI_QIANG,AG,train,li,5.16035e-05,4.05289,135560,1.4459e+06,1.1319e-06,1.79005,4.04921,0.998185,0.447661,0.445338,0.00232265,0.333827,ok
AG/fast/LI_SHI_QIANG,AG,train,re,1.86795e-05,2.43841,419420,1.4157e+06,9.7543e-07,1.79003,2.44368,1.00433,0.476003,0.471606,0.00439725,0.187105,ok
AG/fast/LI_SHI_QIANG,AG,train,ri,2.01504e-05,2.5326,389640,1.2774e+06,1.0738e-06,1.79007,2.5255,0.994397,0.476003,0.471606,0.00439725,0.207412,ok
AG/fast/LI_SHU_KUN,AG,train,le,4.02948e-05,3.58137,179910,941670,1.596e-06,1.79004,3.56785,0.992465,0.778813,0.783834,0.00502066,0.363436,ok
AG/fast/LI_SHU_KUN,AG,train,li,1.70723e-05,2.33115,472250,3.4769e+06,4.5326e-07,1.78999,2.31743,0.988264,0.778813,0.783834,0.00502066,0.129192,ok
AG/fast/LI_SHU_KUN,AG,train,re,2.53687e-05,2.84168,302170,1.9414e+06,7.9785e-07,1.79003,2.82954,0.991475,0.389332,0.387066,0.00226561,0.202202,ok
AG/fast/LI_SHU_KUN,AG,train,ri,3.44655e-05,3.3122,213990,1.2164e+06,1.2514e-06,1.78999,3.30158,0.993592,0.389332,0.387066,0.00226561,0.30517,ok
AG/fast/LI_ZHEN_SHAN,AG,train,le,3.68e-05,3.42254,193510,1.4633e+06,1.0804e-06,1.79002,3.45348,1.01816,0.527219,0.524482,0.00273637,0.269774,ok
AG/fast/LI_ZHEN_SHAN,AG,train,li,3.44724e-05,3.31254,210380,1.6372e+06,9.6882e-07,1.78997,3.32679,1.00862,0.527219,0.524482,0.00273637,0.245577,ok
AG/fast/LI_ZHEN_SHAN,AG,train,re,3.47443e-05,3.32557,209910,1.4598e+06,1.072e-06,1.78993,3.33012,1.00273,0.52314,0.522936,0.000204398,0.23945,ok
AG/fast/LI_ZHEN_SHAN,AG,train,ri,3.26815e-05,3.22534,225360,1.6064e+06,9.772e-07,1.79,3.22603,1.00042,0.52314,0.522936,0.000204398,0.245198,ok
AG/fast/LI_ZHI_LIN,AG,train,le,2.73498e-05,2.95054,274090,1.5341e+06,9.8995e-07,1.79002,2.95566,1.00347,0.483082,0.479214,0.00386789,0.222771,ok
AG/fast/LI_ZHI_LIN,AG,train,li,2.89095e-05,3.03351,260230,1.4296e+06,1.0593e-06,1.79004,3.02504,0.994426,0.483082,0.479214,0.00386789,0.263547,ok
AG/fast/LI_ZHI_LIN,AG,train,re,3.00234e-05,3.0914,253140,1.5653e+06,9.8436e-07,1.79,3.06264,0.981479,0.480352,0.48385,0.00349761,0.325709,ok
AG/fast/LI_ZHI_LIN,AG,train,ri,3.13451e-05,3.15871,238330,1.4426e+06,1.0649e-06,1.79002,3.14631,0.992165,0.480352,0.48385,0.00349761,0.187974,ok
AG/fast/LOU_YANG,AG,test,le,4.33096e-05,3.71293,168260,930610,1.6289e-06,1.78995,3.67627,0.980347,0.79491,0.801144,0.00623441,0.380869,ok
AG/fast/LOU_YANG,AG,test,li,1.71055e-05,2.33342,475410,3.7837e+06,4.2028e-07,1.79002,2.31053,0.980479,0.79491,0.801144,0.00623441,0.122536,ok
AG/fast/LOU_YANG,AG,test,re,3.87306e-05,3.51117,190530,1.0134e+06,1.4867e-06,1.78988,3.47752,0.980925,0.725521,0.733949,0.00842805,0.329153,ok
AG/fast/LOU_YANG,AG,test,ri,1.96903e-05,2.50352,401410,2.7809e+06,5.6248e-07,1.78999,2.49211,0.990905,0.725521,0.733949,0.00842805,0.167442,ok
AG/fast/RAN_QING_BO,AG,test,le,3.49076e-05,3.33338,211570,840290,1.7017e-06,1.78995,3.31841,0.991035,0.830437,0.844773,0.0143354,0.391303,ok
AG/fast/RAN_QING_BO,AG,test,li,1.12825e-05,1.89508,715210,4.4363e+06,3.4747e-07,1.79,1.9249,1.03171,0.830437,0.844773,0.0143354,0.108207,ok
AG/fast/RAN_QING_BO,AG,test,re,3.01505e-05,3.09793,254130,927660,1.5146e-06,1.78994,3.0573,0.973936,0.739131,0.755721,0.0165908,0.348314,ok
AG/fast/RAN_QING_BO,AG,test,ri,1.42007e-05,2.12608,564710,2.7837e+06,5.3457e-07,1.78996,2.13937,1.01254,0.739131,0.755721,0.0165908,0.152175,ok
AG/fast/SUN_ZHI_YU,AG,test,le,9.3981e-05,5.46947,68867,1.0626e+06,1.582e-06,1.78998,5.48126,1.00431,0.77202,0.774445,0.00242465,0.392259,ok
AG/fast/SUN_ZHI_YU,AG,test,li,4.12935e-05,3.62548,175450,3.6561e+06,4.6718e-07,1.79002,3.60813,0.990448,0.77202,0.774445,0.00242465,0.109085,ok
AG/fast/SUN_ZHI_YU,AG,test,re,9.55542e-05,5.51506,67580,1.0149e+06,1.6536e-06,1.78999,5.52769,1.00459,0.806959,0.807757,0.000797564,0.406664,ok
AG/fast/SUN_ZHI_YU,AG,test,ri,3.6697e-05,3.41775,202340,4.3227e+06,3.9558e-07,1.79002,3.38526,0.981077,0.806959,0.807757,0.000797564,0.0919919,ok
AG/fast/WANG_CHUN_MING,AG,train,le,5.01381e-05,3.99493,11275,1.6235e+06,1.095e-06,1.79008,12.3105,9.49591,0.534332,0.686489,0.152156,0.312656,小数点错一位（表内面积≈网格×9.50）
AG/fast/WANG_CHUN_MING,AG,train,li,2.97336e-05,3.07644,12529,1.8633e+06,9.5424e-07,1.78999,11.7435,14.5713,0.534332,0.686489,0.152156,0.183601,面积不符（表内≈网格×14.57）
AG/fast/WANG_CHUN_MING,AG,train,re,4.46929e-05,3.77176,12257,1.7175e+06,1.0348e-06,1.78995,11.8593,9.88628,0.504992,0.61676,0.111768,0.287968,小数点错一位（表内面积≈网格×9.89）
AG/fast/WANG_CHUN_MING,AG,train,ri,3.25443e-05,3.21857,12446,1.7522e+06,1.0144e-06,1.79006,11.7785,13.3923,0.504992,0.61676,0.111768,0.215775,面积不符（表内≈网格×13.39）
AG/fast/WANG_DAO_CHUN,AG,train,le,5.81035e-05,4.30057,119450,907800,1.7425e-06,1.78998,4.28487,0.992712,0.850332,0.861434,0.0111016,0.459689,ok
AG/fast/WANG_DAO_CHUN,AG,train,li,1.71854e-05,2.33886,452470,5.3838e+06,3.067e-07,1.78998,2.3622,1.02005,0.850332,0.861434,0.0111016,0.0940523,ok
AG/fast/WANG_DAO_CHUN,AG,train,re,2.55544e-05,2.85205,295000,1.1846e+06,1.2097e-06,1.78987,2.86008,1.00564,0.590351,0.592597,0.00224631,0.271604,ok
AG/fast/WANG_DAO_CHUN,AG,train,ri,1.99056e-05,2.51717,390370,1.7419e+06,8.3947e-07,1.78998,2.52338,1.00494,0.590351,0.592597,0.00224631,0.174654,ok
AG/fast/WANG_YONG_FAN,AG,train,le,5.39989e-05,4.14589,129890,825680,1.8732e-06,1.78997,4.12731,0.991057,0.914118,0.921207,0.0070888,0.496262,ok
AG/fast/WANG_YONG_FAN,AG,train,li,1.04827e-05,1.82667,796210,9.3748e+06,1.7599e-07,1.79,1.83474,1.00885,0.914118,0.921207,0.0070888,0.0530276,ok
AG/fast/WANG_YONG_FAN,AG,train,re,3.14653e-05,3.16476,237460,883470,1.5969e-06,1.79001,3.15146,0.991614,0.779267,0.788954,0.00968646,0.342128,ok
AG/fast/WANG_YONG_FAN,AG,train,ri,1.30632e-05,2.03915,624590,3.3327e+06,4.5233e-07,1.79,2.04511,1.00585,0.779267,0.788954,0.00968646,0.108582,ok
AG/fast/YAO_CUN_HONG,AG,test,le,3.39647e-05,3.28805,219220,1.1313e+06,1.3254e-06,1.78998,3.26612,0.986704,0.646793,0.663224,0.0164313,0.33014,ok
AG/fast/YAO_CUN_HONG,AG,test,li,2.1618e-05,2.62321,348570,2.1245e+06,7.2381e-07,1.79003,2.65446,1.02397,0.646793,0.663224,0.0164313,0.188044,ok
AG/fast/YAO_CUN_HONG,AG,test,re,3.3942e-05,3.28696,218180,1.1121e+06,1.3456e-06,1.79002,3.27307,0.99157,0.656646,0.667532,0.0108855,0.311761,ok
AG/fast/YAO_CUN_HONG,AG,test,ri,2.13267e-05,2.60547,358690,2.1854e+06,7.036e-07,1.79002,2.62071,1.01173,0.656646,0.667532,0.0108855,0.170055,ok
AG/fast/ZHANG_CHUN,AG,test,le,3.9236e-05,3.53401,183780,1.095e+06,1.3998e-06,1.79004,3.53406,1.00003,0.683071,0.691895,0.00882381,0.370655,ok
AG/fast/ZHANG_CHUN,AG,test,li,2.28801e-05,2.69869,331130,2.425e+06,6.4945e-07,1.78997,2.71608,1.01293,0.683071,0.691895,0.00882381,0.131531,ok
AG/fast/ZHANG_CHUN,AG,test,re,2.0955e-05,2.58267,371760,1.808e+06,8.2118e-07,1.78998,2.5791,0.997238,0.400724,0.405052,0.00432805,0.19622,ok
AG/fast/ZHANG_CHUN,AG,test,ri,2.7077e-05,2.93579,273060,1.1845e+06,1.228e-06,1.78988,2.96064,1.017,0.400724,0.405052,0.00432805,0.301595,ok
AG/fast/ZHANG_HAO,AG,train,le,4.5153e-05,3.79113,157290,1.0601e+06,1.4703e-06,1.78993,3.78878,0.99876,0.717503,0.72346,0.00595725,0.348469,ok
AG/fast/ZHANG_HAO,AG,train,li,2.3782e-05,2.75137,321400,2.7706e+06,5.7891e-07,1.78999,2.75255,1.00085,0.717503,0.72346,0.00595725,0.165646,ok
AG/fast/ZHANG_HAO,AG,train,re,3.11198e-05,3.14734,237030,1.7356e+06,9.0741e-07,1.78998,3.15402,1.00425,0.442804,0.434142,0.00866183,0.226096,ok
AG/fast/ZHANG_HAO,AG,train,ri,3.71325e-05,3.43797,198750,1.3689e+06,1.1418e-06,1.78994,3.41246,0.985216,0.442804,0.434142,0.00866183,0.259788,ok
AG/fast/ZHANG_LIANG,AG,test,le,3.92602e-05,3.5351,183890,1.1534e+06,1.3385e-06,1.78996,3.53312,0.998881,0.653179,0.663379,0.0102001,0.312352,ok
AG/fast/ZHANG_LIANG,AG,test,li,2.49769e-05,2.81964,298760,2.2198e+06,7.1073e-07,1.79002,2.84393,1.0173,0.653179,0.663379,0.0102001,0.188231,ok
AG/fast/ZHANG_LIANG,AG,test,re,3.77516e-05,3.46651,191790,1.3583e+06,1.1548e-06,1.79004,3.46729,1.00045,0.563525,0.566968,0.00344302,0.283183,ok
AG/fast/ZHANG_LIANG,AG,test,ri,3.15435e-05,3.16869,233290,1.768e+06,8.9442e-07,1.78999,3.17653,1.00495,0.563525,0.566968,0.00344302,0.216234,ok
AG/fast/ZHANG_QING_WANG,AG,train,le,2.17499e-05,2.6312,347270,2.079e+06,7.3776e-07,1.79,2.6589,1.02117,0.360024,0.347395,0.0126294,0.213117,ok
AG/fast/ZHANG_QING_WANG,AG,train,li,3.31138e-05,3.2466,223420,1.1415e+06,1.3115e-06,1.79009,3.23852,0.995029,0.360024,0.347395,0.0126294,0.314238,ok
AG/fast/ZHANG_QING_WANG,AG,train,re,2.6463e-05,2.90232,286580,1.9624e+06,7.9593e-07,1.79003,2.89735,0.996583,0.388402,0.640168,0.251766,0.236979,ok
AG/fast/ZHANG_QING_WANG,AG,train,ri,1.80237e-05,2.39523,202340,1.2259e+06,1.2533e-06,1.79001,3.38526,1.99752,0.388402,0.640168,0.251766,0.235666,面积不符（表内≈网格×2.00）
AG/fast/ZHANG_XIU_WEN,AG,train,le,5.19752e-05,4.06746,132980,1.1461e+06,1.3995e-06,1.79007,4.08415,1.00822,0.682929,0.683031,0.000102376,0.388287,ok
AG/fast/ZHANG_XIU_WEN,AG,train,li,3.1154e-05,3.14907,239470,2.5155e+06,6.4974e-07,1.79001,3.13961,0.994002,0.682929,0.683031,0.000102376,0.17906,ok
AG/fast/ZHANG_XIU_WEN,AG,train,re,4.24425e-05,3.67558,168770,1.0417e+06,1.4787e-06,1.78992,3.6713,0.997672,0.721613,0.731149,0.0095359,0.312008,ok
AG/fast/ZHANG_XIU_WEN,AG,train,ri,2.1784e-05,2.63326,350290,2.7874e+06,5.7048e-07,1.78999,2.64862,1.0117,0.721613,0.731149,0.0095359,0.120645,ok
AG/fast/ZHANG_XIU_ZHEN,AG,train,le,4.39914e-05,3.74204,161850,1.7004e+06,9.612e-07,1.78999,3.74067,0.999267,0.469054,0.465865,0.00318954,0.24949,ok
AG/fast/ZHANG_XIU_ZHEN,AG,train,li,4.81905e-05,3.91657,147170,1.498e+06,1.088e-06,1.78994,3.90313,0.993148,0.469054,0.465865,0.00318954,0.271921,ok
AG/fast/ZHANG_XIU_ZHEN,AG,train,re,4.49135e-05,3.78106,158760,1.2981e+06,1.2287e-06,1.79004,3.77305,0.995769,0.599578,0.604079,0.0045013,0.276205,ok
AG/fast/ZHANG_XIU_ZHEN,AG,train,ri,3.38885e-05,3.28437,216350,1.9651e+06,8.2057e-07,1.79003,3.28542,1.00064,0.599578,0.604079,0.0045013,0.202384,ok
AG/slow/A_MIN_SE_HA_CHI,AG,train,le,4.17799e-05,3.64677,173070,1.9205e+06,8.5502e-07,1.79004,3.63023,0.990948,0.417227,0.41601,0.00121697,0.265195,ok
AG/slow/A_MIN_SE_HA_CHI,AG,train,li,5.23802e-05,4.08328,133960,1.3649e+06,1.1942e-06,1.78994,4.07076,0.993879,0.417227,0.41601,0.00121697,0.316366,ok
AG/slow/A_MIN_SE_HA_CHI,AG,train,re,3.93942e-05,3.54113,184330,846520,1.7364e-06,1.78997,3.52934,0.993357,0.847361,0.8586,0.0112388,0.339668,ok
AG/slow/A_MIN_SE_HA_CHI,AG,train,ri,1.1836e-05,1.94101,685960,5.0367e+06,3.1279e-07,1.78999,1.96117,1.02088,0.847361,0.8586,0.0112388,0.0787711,ok
AG/slow/BAI_WEN_JIE,AG,test,le,4.28531e-05,3.69332,168730,1.0602e+06,1.4565e-06,1.78994,3.67169,0.988322,0.710779,0.722812,0.012033,0.362597,ok
AG/slow/BAI_WEN_JIE,AG,test,li,2.26194e-05,2.68328,336180,2.684e+06,5.9269e-07,1.79003,2.69776,1.01083,0.710779,0.722812,0.012033,0.158658,ok
AG/slow/BAI_WEN_JIE,AG,test,re,4.93319e-05,3.96268,142780,1.046e+06,1.5057e-06,1.78995,3.95634,0.996802,0.734779,0.741784,0.00700482,0.346698,ok
AG/slow/BAI_WEN_JIE,AG,test,ri,2.44118e-05,2.78756,311840,2.9816e+06,5.4351e-07,1.79002,2.78996,1.00172,0.734779,0.741784,0.00700482,0.132046,ok
AG/slow/CAO_FENG_CHI,AG,train,le,3.59474e-05,3.38267,207320,913530,1.597e-06,1.79,3.34865,0.979992,0.779325,0.792811,0.0134856,0.343435,ok
AG/slow/CAO_FENG_CHI,AG,train,li,1.46938e-05,2.16268,545440,3.4129e+06,4.5222e-07,1.79004,2.17284,1.00942,0.779325,0.792811,0.0134856,0.115645,ok
AG/slow/CAO_FENG_CHI,AG,train,re,3.60519e-05,3.38758,205940,1.3602e+06,1.1429e-06,1.78994,3.35867,0.983006,0.557732,0.56011,0.00237704,0.287358,ok
AG/slow/CAO_FENG_CHI,AG,train,ri,3.06885e-05,3.12545,246020,1.729e+06,9.0631e-07,1.78998,3.10195,0.98502,0.557732,0.56011,0.00237704,0.253562,ok
AG/slow/CHENG_GUANG_SEN,AG,train,le,6.76436e-05,4.64022,99171,1.1157e+06,1.4734e-06,1.78999,4.65657,1.00706,0.719013,0.720116,0.00110342,0.405417,ok
AG/slow/CHENG_GUANG_SEN,AG,train,li,3.60255e-05,3.38634,203810,2.9049e+06,5.758e-07,1.79,3.37432,0.992915,0.719013,0.720116,0.00110342,0.168562,ok
AG/slow/CHENG_GUANG_SEN,AG,train,re,6.84628e-05,4.66823,224100,3.2183e+06,5.1998e-07,1.78998,3.23413,0.479965,0.253747,0.749172,0.495425,0.163151,与同侧另一出口面积互换（表内≈ri 的面积）
AG/slow/CHENG_GUANG_SEN,AG,train,ri,3.30104e-05,3.24154,98010,1.0725e+06,1.5292e-06,1.78994,4.68116,2.08548,0.253747,0.749172,0.495425,0.26287,与同侧另一出口面积互换（表内≈re 的面积）
AG/slow/CHENG_LU_LI,AG,train,le,4.33308e-05,3.71384,163560,997300,1.542e-06,1.79005,3.72313,1.00501,0.752463,0.759757,0.00729344,0.362763,ok
AG/slow/CHENG_LU_LI,AG,train,li,2.01117e-05,2.53017,383590,3.1452e+06,5.0726e-07,1.79001,2.54323,1.01035,0.752463,0.759757,0.00729344,0.140538,ok
AG/slow/CHENG_LU_LI,AG,train,re,3.93309e-05,3.53828,182990,1.1615e+06,1.3313e-06,1.78992,3.54088,1.00147,0.64968,0.654479,0.00479903,0.312465,ok
AG/slow/CHENG_LU_LI,AG,train,ri,2.56913e-05,2.85968,293800,2.1996e+06,7.179e-07,1.79001,2.8653,1.00393,0.64968,0.654479,0.00479903,0.184234,ok
AG/slow/CHEN_JING_RU,AG,test,le,6.33486e-05,4.49049,107160,992900,1.6272e-06,1.79002,4.49802,1.00336,0.794047,0.798041,0.00399369,0.402722,ok
AG/slow/CHEN_JING_RU,AG,test,li,2.53452e-05,2.84036,301560,3.9397e+06,4.2204e-07,1.78998,2.83209,0.994189,0.794047,0.798041,0.00399369,0.104742,ok
AG/slow/CHEN_JING_RU,AG,test,re,6.36083e-05,4.49968,106130,1.0028e+06,1.6142e-06,1.79003,4.51749,1.00793,0.787692,0.791454,0.00376173,0.38341,ok
AG/slow/CHEN_JING_RU,AG,test,ri,2.61436e-05,2.88475,289990,3.8243e+06,4.3507e-07,1.79,2.88207,0.998147,0.787692,0.791454,0.00376173,0.109126,ok
AG/slow/DING_LIAN_ZHONG,AG,train,le,3.47314e-05,3.32496,211070,1.2336e+06,1.239e-06,1.78995,3.32192,0.998174,0.604633,0.606977,0.00234419,0.311487,ok
AG/slow/DING_LIAN_ZHONG,AG,train,li,2.59947e-05,2.87652,292330,1.917e+06,8.1018e-07,1.78995,2.87173,0.996673,0.604633,0.606977,0.00234419,0.191346,ok
AG/slow/DING_LIAN_ZHONG,AG,train,re,3.17613e-05,3.17961,231970,1.5239e+06,1.0195e-06,1.79011,3.1846,1.00314,0.497484,0.496238,0.00124664,0.265622,ok
AG/slow/DING_LIAN_ZHONG,AG,train,ri,3.20816e-05,3.1956,230190,1.5081e+06,1.0298e-06,1.79009,3.19558,0.999988,0.497484,0.496238,0.00124664,0.231545,ok
AG/slow/GONG_HUI_XIA,AG,train,le,4.11204e-05,3.61788,173570,1.4568e+06,1.0979e-06,1.78998,3.62555,1.00425,0.535772,0.538801,0.00302969,0.249052,ok
AG/slow/GONG_HUI_XIA,AG,train,li,3.70707e-05,3.43511,193730,1.6879e+06,9.513e-07,1.78999,3.45172,1.0097,0.535772,0.538801,0.00302969,0.226264,ok
AG/slow/GONG_HUI_XIA,AG,train,re,4.62094e-05,3.83522,152260,1.5895e+06,1.0277e-06,1.79001,3.84424,1.00471,0.501503,0.502094,0.000591621,0.261771,ok
AG/slow/GONG_HUI_XIA,AG,train,ri,4.5952e-05,3.82452,152960,1.5993e+06,1.0215e-06,1.78993,3.83636,1.0062,0.501503,0.502094,0.000591621,0.262913,ok
AG/slow/GUAN_TONG_XIANG,AG,train,le,5.33181e-05,4.11967,128370,1.4243e+06,1.1529e-06,1.79007,4.14909,1.01433,0.562586,0.565586,0.00299979,0.227325,ok
AG/slow/GUAN_TONG_XIANG,AG,train,li,4.47176e-05,3.7728,155690,1.8413e+06,8.9634e-07,1.78998,3.80614,1.01775,0.562586,0.565586,0.00299979,0.215134,ok
AG/slow/GUAN_TONG_XIANG,AG,train,re,9.6849e-05,5.5523,65598,1.3878e+06,1.2316e-06,1.79,5.60175,1.01789,0.601011,0.602361,0.00134929,0.323374,ok
AG/slow/GUAN_TONG_XIANG,AG,train,ri,7.34261e-05,4.83448,89807,2.0995e+06,8.1759e-07,1.78996,4.86773,1.0138,0.601011,0.602361,0.00134929,0.234167,ok
AG/slow/GUO_XI_JIANG,AG,test,le,2.24496e-05,2.67319,339150,2.1409e+06,7.2175e-07,1.78998,2.68718,1.01049,0.352217,0.342192,0.0100255,0.22126,ok
AG/slow/GUO_XI_JIANG,AG,test,li,3.47079e-05,3.32383,212570,1.1359e+06,1.3275e-06,1.79009,3.31142,0.992544,0.352217,0.342192,0.0100255,0.303331,ok
AG/slow/GUO_XI_JIANG,AG,test,re,2.15651e-05,2.62,354500,1.448e+06,9.9304e-07,1.78995,2.63451,1.01111,0.484608,0.476563,0.0080453,0.234355,ok
AG/slow/GUO_XI_JIANG,AG,test,ri,2.29569e-05,2.70322,338140,1.3567e+06,1.0562e-06,1.79009,2.69076,0.9908,0.484608,0.476563,0.0080453,0.241054,ok
AG/slow/HE_SHU_ZHEN,AG,test,le,5.30318e-05,4.1086,130840,1.3698e+06,1.1929e-06,1.79011,4.11388,1.00257,0.58209,0.584129,0.00203903,0.293923,ok
AG/slow/HE_SHU_ZHEN,AG,test,li,4.22834e-05,3.66868,168680,1.9215e+06,8.5637e-07,1.78997,3.67217,1.0019,0.58209,0.584129,0.00203903,0.188153,ok
AG/slow/HE_SHU_ZHEN,AG,test,re,6.14208e-05,4.42164,110700,1.2201e+06,1.3451e-06,1.79006,4.43313,1.00521,0.656374,0.660724,0.00435037,0.337023,ok
AG/slow/HE_SHU_ZHEN,AG,test,ri,3.93856e-05,3.54074,181810,2.3602e+06,7.0417e-07,1.79001,3.55113,1.00588,0.656374,0.660724,0.00435037,0.180901,ok
AG/slow/HOU_SHEN_QIAN,AG,train,le,3.90146e-05,3.52402,186500,868290,1.697e-06,1.78998,3.51092,0.992579,0.82813,0.83086,0.00273004,0.383653,ok
AG/slow/HOU_SHEN_QIAN,AG,train,li,1.35012e-05,2.07306,622640,4.4597e+06,3.522e-07,1.79,2.04797,0.975938,0.82813,0.83086,0.00273004,0.0885096,ok
AG/slow/HOU_SHEN_QIAN,AG,train,re,4.29273e-05,3.69651,168790,932670,1.6251e-06,1.78998,3.6711,0.986301,0.793037,0.795348,0.00231078,0.378372,ok
AG/slow/HOU_SHEN_QIAN,AG,train,ri,1.73663e-05,2.35114,472750,3.7478e+06,4.2411e-07,1.78998,2.31634,0.970616,0.793037,0.795348,0.00231078,0.149465,ok
AG/slow/KANG_XI_MING,AG,train,le,3.90146e-05,3.52402,186500,868290,1.697e-06,1.78998,3.51092,0.992579,0.82813,0.83086,0.00273004,0.398569,ok
AG/slow/KANG_XI_MING,AG,train,li,1.35012e-05,2.07306,622640,4.4597e+06,3.522e-07,1.79,2.04797,0.975938,0.82813,0.83086,0.00273004,0.0852189,ok
AG/slow/KANG_XI_MING,AG,train,re,4.29273e-05,3.69651,168790,932670,1.6251e-06,1.78998,3.6711,0.986301,0.793037,0.795351,0.00231392,0.389939,ok
AG/slow/KANG_XI_MING,AG,train,ri,1.7366e-05,2.35112,472750,3.7478e+06,4.2411e-07,1.78998,2.31634,0.970629,0.793037,0.795351,0.00231392,0.126273,ok
AG/slow/LIU_FA_CHUN,AG,train,le,2.34881e-05,2.73432,332820,1.3013e+06,1.0954e-06,1.79002,2.70991,0.982225,0.534528,0.532809,0.00171891,0.273312,ok
AG/slow/LIU_FA_CHUN,AG,train,li,2.15178e-05,2.61712,370050,1.5065e+06,9.5386e-07,1.78997,2.58442,0.97517,0.534528,0.532809,0.00171891,0.243137,ok
AG/slow/LIU_FA_CHUN,AG,train,re,3.47302e-05,3.3249,215180,897590,1.6086e-06,1.79,3.2934,0.981142,0.784984,0.789529,0.00454545,0.347167,ok
AG/slow/LIU_FA_CHUN,AG,train,ri,1.43854e-05,2.13986,580720,3.4818e+06,4.4061e-07,1.78999,2.1128,0.974862,0.784984,0.789529,0.00454545,0.136384,ok
AG/slow/LIU_FENG,AG,train,le,4.27195e-05,3.68755,169480,900430,1.673e-06,1.78996,3.66441,0.98749,0.816429,0.82415,0.00772093,0.369744,ok
AG/slow/LIU_FENG,AG,train,li,1.5254e-05,2.20352,532110,4.2263e+06,3.7618e-07,1.79002,2.19702,0.994106,0.816429,0.82415,0.00772093,0.110306,ok
AG/slow/LIU_FENG,AG,train,re,4.2815e-05,3.69167,167980,1.2181e+06,1.2915e-06,1.79012,3.67901,0.993151,0.630209,0.632577,0.00236832,0.34355,ok
AG/slow/LIU_FENG,AG,train,ri,2.98055e-05,3.08016,252800,2.1094e+06,7.5777e-07,1.79,3.06448,0.989841,0.630209,0.632577,0.00236832,0.1764,ok
AG/slow/LIU_JIN_LIANG,AG,train,le,3.68303e-05,3.42395,199300,1.0453e+06,1.4382e-06,1.78998,3.40825,0.990848,0.70185,0.704644,0.00279369,0.339842,ok
AG/slow/LIU_JIN_LIANG,AG,train,li,2.0628e-05,2.56244,384210,2.5456e+06,6.1097e-07,1.79003,2.54139,0.983642,0.70185,0.704644,0.00279369,0.174568,ok
AG/slow/LIU_JIN_LIANG,AG,train,re,4.61556e-05,3.83299,154800,866260,1.7531e-06,1.79002,3.81591,0.991107,0.855487,0.860751,0.00526496,0.401699,ok
AG/slow/LIU_JIN_LIANG,AG,train,ri,1.37036e-05,2.08853,605140,5.4393e+06,2.9614e-07,1.79,2.07424,0.986357,0.855487,0.860751,0.00526496,0.0838912,ok
AG/slow/LIU_ZONG_YANG,AG,train,le,5.06957e-05,4.01708,139880,979480,1.5991e-06,1.78997,3.99281,0.98795,0.780361,0.787168,0.00680641,0.379738,ok
AG/slow/LIU_ZONG_YANG,AG,train,li,2.11975e-05,2.59757,369710,3.6073e+06,4.5009e-07,1.79001,2.58549,0.990717,0.780361,0.787168,0.00680641,0.182489,ok
AG/slow/LIU_ZONG_YANG,AG,train,re,1.58305e-05,2.24477,329280,1.0346e+06,1.3124e-06,1.78996,2.7229,1.47135,0.640448,0.359089,0.281359,0.204619,ok
AG/slow/LIU_ZONG_YANG,AG,train,ri,2.3293e-05,2.72294,512600,1.9168e+06,7.3681e-07,1.79001,2.23402,0.673129,0.640448,0.359089,0.281359,0.233154,ok
AG/slow/LI_BING_YI,AG,train,le,4.0568e-05,3.59349,180710,1.7227e+06,9.4042e-07,1.79,3.56078,0.981878,0.458919,0.457311,0.00160775,0.259545,ok
AG/slow/LI_BING_YI,AG,train,li,4.54719e-05,3.80449,159280,1.4551e+06,1.1088e-06,1.79002,3.76754,0.980669,0.458919,0.457311,0.00160775,0.285787,ok
AG/slow/LI_BING_YI,AG,train,re,4.5241e-05,3.79482,158380,823530,1.823e-06,1.79002,3.7771,0.990681,0.889596,0.892151,0.00255539,0.394461,ok
AG/slow/LI_BING_YI,AG,train,ri,1.10607e-05,1.87636,784260,7.1276e+06,2.2624e-07,1.78998,1.84718,0.969141,0.889596,0.892151,0.00255539,0.0602067,ok
AG/slow/LI_CHONG_ZENG,AG,train,le,3.66328e-05,3.41476,199830,1.3323e+06,1.1683e-06,1.78999,3.4042,0.993827,0.570115,0.586591,0.0164751,0.284142,ok
AG/slow/LI_CHONG_ZENG,AG,train,li,2.90113e-05,3.03885,248120,1.7838e+06,8.8094e-07,1.79,3.09019,1.03408,0.570115,0.586591,0.0164751,0.223022,ok
AG/slow/LI_CHONG_ZENG,AG,train,re,3.56776e-05,3.36995,208760,1.1949e+06,1.2752e-06,1.78995,3.33831,0.98131,0.622293,0.626817,0.00452357,0.284955,ok
AG/slow/LI_CHONG_ZENG,AG,train,ri,2.52493e-05,2.83498,306110,2.0065e+06,7.7401e-07,1.78998,2.81319,0.984689,0.622293,0.626817,0.00452357,0.20788,ok
AG/slow/LI_GUI_YING,AG,train,le,3.40719e-05,3.29324,219400,1.0172e+06,1.4475e-06,1.78998,3.26492,0.982877,0.706371,0.708966,0.00259444,0.348326,ok
AG/slow/LI_GUI_YING,AG,train,li,1.88195e-05,2.44754,430040,2.5448e+06,6.0172e-07,1.79002,2.41651,0.974808,0.706371,0.708966,0.00259444,0.169259,ok
AG/slow/LI_GUI_YING,AG,train,re,3.02697e-05,3.10405,245450,1.4816e+06,1.0365e-06,1.79009,3.10517,1.00072,0.505779,0.496933,0.00884577,0.288236,ok
AG/slow/LI_GUI_YING,AG,train,ri,3.05182e-05,3.11677,249840,1.5176e+06,1.0128e-06,1.79006,3.08066,0.976961,0.505779,0.496933,0.00884577,0.194178,ok
AG/slow/LI_HUAN_GE,AG,test,le,2.35812e-05,2.73973,333350,1.0313e+06,1.3117e-06,1.79001,2.70798,0.976956,0.640093,0.637545,0.00254784,0.259423,ok
AG/slow/LI_HUAN_GE,AG,test,li,1.61831e-05,2.26964,518320,1.9087e+06,7.3754e-07,1.79002,2.22296,0.959294,0.640093,0.637545,0.00254784,0.164572,ok
AG/slow/LI_HUAN_GE,AG,test,re,3.90802e-05,3.52698,187870,1.2916e+06,1.2099e-06,1.79001,3.49945,0.98445,0.590405,0.593379,0.00297405,0.329053,ok
AG/slow/LI_HUAN_GE,AG,test,ri,3.03759e-05,3.10949,248660,1.8839e+06,8.3935e-07,1.78996,3.08719,0.985705,0.590405,0.593379,0.00297405,0.246952,ok
AG/slow/LU_ZHEN_QING,AG,train,le,3.01554e-05,3.09819,244820,1.3324e+06,1.1349e-06,1.78999,3.10874,1.00683,0.553822,0.553505,0.000317847,0.273378,ok
AG/slow/LU_ZHEN_QING,AG,train,li,2.61314e-05,2.88407,288940,1.6688e+06,9.1431e-07,1.78998,2.88675,1.00186,0.553822,0.553505,0.000317847,0.265268,ok
AG/slow/LU_ZHEN_QING,AG,train,re,1.26734e-05,2.0085,656800,3.0586e+06,4.8178e-07,1.79001,1.99964,0.991198,0.235104,0.230575,0.00452828,0.114932,ok
AG/slow/LU_ZHEN_QING,AG,train,ri,2.83005e-05,3.00139,265850,876140,1.5674e-06,1.78996,2.99628,0.996599,0.235104,0.230575,0.00452828,0.346422,ok
AG/slow/LV_FU_LONG,AG,train,le,3.93054e-05,3.53713,180440,1.555e+06,1.0314e-06,1.78993,3.56317,1.01478,0.503328,0.503158,0.000170439,0.275827,ok
AG/slow/LV_FU_LONG,AG,train,li,3.89758e-05,3.52227,182300,1.5764e+06,1.0178e-06,1.79,3.54686,1.01401,0.503328,0.503158,0.000170439,0.293338,ok
AG/slow/LV_FU_LONG,AG,train,re,3.34745e-05,3.26424,220110,1.0781e+06,1.3788e-06,1.78997,3.26021,0.997533,0.672857,0.688991,0.016134,0.271174,ok
AG/slow/LV_FU_LONG,AG,train,ri,1.96979e-05,2.50401,382610,2.2875e+06,6.7039e-07,1.79002,2.54614,1.03394,0.672857,0.688991,0.016134,0.159662,ok
AG/slow/MA_TIAN_YI,AG,test,le,1.8235e-05,2.40923,434710,1.2576e+06,1.0577e-06,1.78996,2.40487,0.996384,0.516168,0.508606,0.00756182,0.290879,ok
AG/slow/MA_TIAN_YI,AG,test,li,1.78213e-05,2.38174,456810,1.3486e+06,9.9149e-07,1.79005,2.35214,0.975294,0.516168,0.508606,0.00756182,0.226262,ok
AG/slow/MA_TIAN_YI,AG,test,re,1.89904e-05,2.45862,416930,920590,1.3383e-06,1.79,2.4502,0.993157,0.653077,0.664469,0.0113921,0.29371,ok
AG/slow/MA_TIAN_YI,AG,test,ri,1.20422e-05,1.95784,677160,1.8407e+06,7.1092e-07,1.79,1.97253,1.01506,0.653077,0.664469,0.0113921,0.189149,ok
AG/slow/MA_YU,AG,test,le,4.3312e-05,3.71304,165760,783170,1.8863e-06,1.78997,3.70096,0.993505,0.920513,0.925419,0.00490593,0.437301,ok
AG/slow/MA_YU,AG,test,li,8.08108e-06,1.60384,1.0839e+06,9.9053e+06,1.6289e-07,1.79003,1.59836,0.993187,0.920513,0.925419,0.00490593,0.0419347,ok
AG/slow/MA_YU,AG,test,re,6.03897e-05,4.38436,113090,874700,1.8121e-06,1.78997,4.39099,1.00303,0.884298,0.890282,0.00598423,0.449807,ok
AG/slow/MA_YU,AG,test,ri,1.49553e-05,2.18184,537780,7.0118e+06,2.371e-07,1.79001,2.18663,1.00439,0.884298,0.890282,0.00598423,0.0709569,ok
AG/slow/MI_DE_XI,AG,train,le,2.13032e-05,2.60404,370720,853900,1.4617e-06,1.79003,2.58233,0.983402,0.713285,0.727173,0.0138877,0.343298,ok
AG/slow/MI_DE_XI,AG,train,li,1.10818e-05,1.87815,745590,2.301e+06,5.8754e-07,1.78999,1.88942,1.01204,0.713285,0.727173,0.0138877,0.164529,ok
AG/slow/MI_DE_XI,AG,train,re,3.33711e-05,3.2592,225210,719020,1.8957e-06,1.78998,3.22699,0.980333,0.925093,0.936883,0.0117895,0.434151,ok
AG/slow/MI_DE_XI,AG,train,ri,5.52517e-06,1.32617,1.5472e+06,1.0114e+07,1.535e-07,1.78999,1.36323,1.05667,0.925093,0.936883,0.0117895,0.0580219,ok
AG/slow/NI_YAN_BIN,AG,train,le,3.024e-05,3.10253,250680,1.0368e+06,1.3903e-06,1.78998,3.07604,0.982994,0.678454,0.694926,0.0164721,0.338434,ok
AG/slow/NI_YAN_BIN,AG,train,li,1.74673e-05,2.35797,444350,2.2722e+06,6.5892e-07,1.78999,2.3814,1.01997,0.678454,0.694926,0.0164721,0.159254,ok
AG/slow/NI_YAN_BIN,AG,train,re,3.61366e-05,3.39155,204310,1.5344e+06,1.0295e-06,1.79,3.37062,0.987696,0.50239,0.510946,0.00855583,0.275755,ok
AG/slow/NI_YAN_BIN,AG,train,ri,3.50969e-05,3.34241,205810,1.5496e+06,1.0197e-06,1.78999,3.35962,1.01032,0.50239,0.510946,0.00855583,0.226557,ok
AG/slow/QIN_SI_FU,AG,train,le,4.84862e-05,3.92857,146160,1.0137e+06,1.5433e-06,1.79001,3.91517,0.993189,0.753096,0.759182,0.00608628,0.391781,ok
AG/slow/QIN_SI_FU,AG,train,li,2.25518e-05,2.67926,343650,3.1941e+06,5.0597e-07,1.79,2.67138,0.994128,0.753096,0.759182,0.00608628,0.15339,ok
AG/slow/QIN_SI_FU,AG,train,re,3.32609e-05,3.25381,222400,866960,1.6432e-06,1.79004,3.24516,0.99469,0.801854,0.809786,0.00793238,0.3443,ok
AG/slow/QIN_SI_FU,AG,train,ri,1.26624e-05,2.00762,649500,3.7589e+06,4.0604e-07,1.78999,2.00966,1.00202,0.801854,0.809786,0.00793238,0.110529,ok
AG/slow/QU_HE_PING,AG,train,le,3.69511e-05,3.42956,198030,917260,1.605e-06,1.79004,3.41801,0.993272,0.783205,0.789418,0.00621336,0.353375,ok
AG/slow/QU_HE_PING,AG,train,li,1.53122e-05,2.20772,530150,3.499e+06,4.4426e-07,1.78999,2.20064,0.993603,0.783205,0.789418,0.00621336,0.120443,ok
AG/slow/QU_HE_PING,AG,train,re,5.43555e-05,4.15955,128380,849040,1.8313e-06,1.78995,4.14894,0.994905,0.893679,0.900186,0.00650685,0.463421,ok
AG/slow/QU_HE_PING,AG,train,ri,1.25454e-05,1.99833,656660,7.559e+06,2.1788e-07,1.79003,1.99983,1.0015,0.893679,0.900186,0.00650685,0.0627603,ok
AG/slow/SHEN_ZHI_GANG,AG,train,le,3.19971e-05,3.19139,233800,937050,1.5288e-06,1.79,3.17343,0.988774,0.74604,0.76267,0.0166299,0.34587,ok
AG/slow/SHEN_ZHI_GANG,AG,train,li,1.46933e-05,2.16264,534130,2.9054e+06,5.2041e-07,1.78997,2.1933,1.02855,0.74604,0.76267,0.0166299,0.1213,ok
AG/slow/SHEN_ZHI_GANG,AG,train,re,4.99204e-05,3.98625,138810,1.2672e+06,1.2731e-06,1.78999,4.00654,1.01021,0.621265,0.629708,0.00844324,0.318726,ok
AG/slow/SHEN_ZHI_GANG,AG,train,ri,3.50388e-05,3.33964,202870,2.1035e+06,7.761e-07,1.78997,3.3813,1.02511,0.621265,0.629708,0.00844324,0.214104,ok
AG/slow/SUN_ZONG_GE,AG,train,le,4.8114e-05,3.91346,155490,1.1422e+06,1.3794e-06,1.79003,3.80833,0.946993,0.673129,0.660317,0.0128122,0.271785,ok
AG/slow/SUN_ZONG_GE,AG,train,li,3.08901e-05,3.1357,270550,2.4018e+06,6.6982e-07,1.78999,2.97289,0.898855,0.673129,0.660317,0.0128122,0.0824057,ok
AG/slow/SUN_ZONG_GE,AG,train,re,4.92743e-05,3.96037,145270,1.0649e+06,1.4791e-06,1.78996,3.92587,0.982656,0.721794,0.713627,0.008167,0.45489,ok
AG/slow/SUN_ZONG_GE,AG,train,ri,2.68078e-05,2.92116,301730,2.838e+06,5.7011e-07,1.78999,2.83138,0.939473,0.721794,0.713627,0.008167,0.190919,ok
AG/slow/WANG_GUANG_CHAO,AG,train,le,6.00102e-05,4.37056,112840,877830,1.8069e-06,1.79004,4.39534,1.01137,0.88173,0.888773,0.00704275,0.418994,ok
AG/slow/WANG_GUANG_CHAO,AG,train,li,1.50143e-05,2.18614,526460,6.8592e+06,2.4236e-07,1.78999,2.20753,1.01966,0.88173,0.888773,0.00704275,0.0634539,ok
AG/slow/WANG_GUANG_CHAO,AG,train,re,5.33304e-05,4.12014,129570,989090,1.6001e-06,1.78997,4.13186,1.0057,0.780851,0.785995,0.00514414,0.395288,ok
AG/slow/WANG_GUANG_CHAO,AG,train,ri,2.24032e-05,2.67042,343210,3.6427e+06,4.4908e-07,1.78999,2.67291,1.00187,0.780851,0.785995,0.00514414,0.122264,ok
AG/slow/WANG_GUI,AG,train,le,5.5018e-05,4.18483,126020,1.0657e+06,1.502e-06,1.78996,4.18351,0.999369,0.73298,0.744588,0.0116082,0.342743,ok
AG/slow/WANG_GUI,AG,train,li,2.69601e-05,2.92945,273320,2.998e+06,5.4717e-07,1.78997,2.95938,1.02054,0.73298,0.744588,0.0116082,0.146263,ok
AG/slow/WANG_GUI,AG,train,re,4.51114e-05,3.78938,159160,1.4765e+06,1.0943e-06,1.7899,3.76881,0.989171,0.534033,0.5435,0.00946669,0.276728,ok
AG/slow/WANG_GUI,AG,train,ri,4.01588e-05,3.57533,176690,1.6979e+06,9.5487e-07,1.78999,3.59678,1.01204,0.534033,0.5435,0.00946669,0.234267,ok
AG/slow/WANG_KE,AG,train,le,2.82812e-05,3.00037,260140,1.1554e+06,1.2645e-06,1.78995,3.02551,1.01683,0.61708,0.616498,0.000581854,0.28352,ok
AG/slow/WANG_KE,AG,train,li,2.06089e-05,2.56125,375060,1.9061e+06,7.8468e-07,1.78998,2.56893,1.006,0.61708,0.616498,0.000581854,0.205946,ok
AG/slow/WANG_KE,AG,train,re,3.33108e-05,3.25625,217640,1.0634e+06,1.3974e-06,1.79013,3.2767,1.0126,0.68189,0.692336,0.0104461,0.359056,ok
AG/slow/WANG_KE,AG,train,ri,1.93981e-05,2.48487,390490,2.3555e+06,6.5187e-07,1.79003,2.52304,1.03095,0.68189,0.692336,0.0104461,0.151478,ok
AG/slow/WANG_YAN_LING,AG,train,le,5.13696e-05,4.04369,136910,1.1005e+06,1.4466e-06,1.79004,4.03131,0.993884,0.705911,0.708412,0.00250008,0.348103,ok
AG/slow/WANG_YAN_LING,AG,train,li,2.84247e-05,3.00797,267900,2.7023e+06,6.0266e-07,1.79002,2.98601,0.985452,0.705911,0.708412,0.00250008,0.147094,ok
AG/slow/WANG_YAN_LING,AG,train,re,5.00472e-05,3.99131,140160,1.312e+06,1.2327e-06,1.79008,3.98924,0.998964,0.60152,0.601338,0.000182349,0.298509,ok
AG/slow/WANG_YAN_LING,AG,train,ri,3.80514e-05,3.48025,192190,1.9999e+06,8.1656e-07,1.78997,3.46406,0.990717,0.60152,0.601338,0.000182349,0.206295,ok
AG/slow/WANG_YONG_LI,AG,train,le,6.86027e-05,4.673,98219,1.0293e+06,1.5875e-06,1.78994,4.6767,1.00159,0.774698,0.78708,0.0123819,0.368412,ok
AG/slow/WANG_YONG_LI,AG,train,li,2.8695e-05,3.02223,253170,3.6238e+06,4.617e-07,1.79,3.06247,1.02681,0.774698,0.78708,0.0123819,0.118353,ok
AG/slow/WANG_YONG_LI,AG,train,re,6.20523e-05,4.44431,110180,1.544e+06,1.0821e-06,1.78999,4.44247,0.999174,0.528062,0.530348,0.002286,0.272852,ok
AG/slow/WANG_YONG_LI,AG,train,ri,5.72227e-05,4.26785,120100,1.7308e+06,9.6709e-07,1.78999,4.27449,1.00311,0.528062,0.530348,0.002286,0.240384,ok
AG/slow/WEI_BAO_XING,AG,train,le,5.03524e-05,4.00346,137070,1.0794e+06,1.4715e-06,1.79004,4.0292,1.0129,0.718074,0.723899,0.00582511,0.34693,ok
AG/slow/WEI_BAO_XING,AG,train,li,2.64817e-05,2.90334,280690,2.8177e+06,5.7773e-07,1.79003,2.92438,1.01455,0.718074,0.723899,0.00582511,0.142064,ok
AG/slow/WEI_BAO_XING,AG,train,re,6.24987e-05,4.46027,106740,1.7768e+06,9.5032e-07,1.78997,4.50593,1.02058,0.46375,0.460228,0.00352246,0.273605,ok
AG/slow/WEI_BAO_XING,AG,train,ri,6.95072e-05,4.7037,95492,1.5334e+06,1.0989e-06,1.78999,4.73595,1.01376,0.46375,0.460228,0.00352246,0.237402,ok
AG/slow/WU_FENG_YAN,AG,train,le,4.89689e-05,3.94807,144040,1.0601e+06,1.4866e-06,1.79007,3.94083,0.996333,0.725441,0.729629,0.00418841,0.37316,ok
AG/slow/WU_FENG_YAN,AG,train,li,2.52634e-05,2.83577,303380,2.8782e+06,5.6262e-07,1.79002,2.82448,0.992056,0.725441,0.729629,0.00418841,0.128672,ok
AG/slow/WU_FENG_YAN,AG,train,re,5.75605e-05,4.28043,120080,912880,1.7329e-06,1.79002,4.27481,0.997375,0.84563,0.853476,0.0078452,0.414391,ok
AG/slow/WU_FENG_YAN,AG,train,ri,1.77802e-05,2.379,442310,5.2162e+06,3.1634e-07,1.79001,2.38631,1.00616,0.84563,0.853476,0.0078452,0.0837782,ok
AG/slow/WU_YI_FA,AG,train,le,4.36285e-05,3.72658,164170,857260,1.7525e-06,1.79006,3.71694,0.994835,0.85518,0.86206,0.00688034,0.400627,ok
AG/slow/WU_YI_FA,AG,train,li,1.28589e-05,2.02315,640570,5.3911e+06,2.9677e-07,1.79002,2.02213,0.998999,0.85518,0.86206,0.00688034,0.0845276,ok
AG/slow/WU_YI_FA,AG,train,re,4.43793e-05,3.75851,160270,894680,1.6968e-06,1.79004,3.75711,0.99926,0.828009,0.83654,0.00853119,0.408152,ok
AG/slow/WU_YI_FA,AG,train,ri,1.49439e-05,2.181,534710,4.5441e+06,3.5245e-07,1.79003,2.19223,1.01032,0.828009,0.83654,0.00853119,0.106694,ok
AG/slow/XI_CHENG_JIANG,AG,train,le,4.51887e-05,3.79263,158340,1.1306e+06,1.3887e-06,1.78995,3.77752,0.992052,0.67768,0.678692,0.00101226,0.34892,ok
AG/slow/XI_CHENG_JIANG,AG,train,li,2.74492e-05,2.9559,279900,2.4301e+06,6.6051e-07,1.78998,2.92807,0.98126,0.67768,0.678692,0.00101226,0.158462,ok
AG/slow/XI_CHENG_JIANG,AG,train,re,6.73596e-05,4.63047,101000,1.1292e+06,1.455e-06,1.78994,4.61868,0.994915,0.710035,0.716372,0.00633705,0.334991,ok
AG/slow/XI_CHENG_JIANG,AG,train,ri,3.63195e-05,3.40013,200680,2.8117e+06,5.9422e-07,1.79002,3.39775,0.998603,0.710035,0.716372,0.00633705,0.157627,ok
AG/slow/XU_YI_CAI,AG,train,le,7.38978e-05,4.84999,89773,2.0984e+06,8.1803e-07,1.78999,4.86855,1.00767,0.399199,0.395445,0.0037534,0.216819,ok
AG/slow/XU_YI_CAI,AG,train,li,9.80688e-05,5.58715,65618,1.3883e+06,1.2312e-06,1.79006,5.60099,1.00496,0.399199,0.395445,0.0037534,0.28598,ok
AG/slow/XU_YI_CAI,AG,train,re,6.12404e-05,4.41514,110290,2.0831e+06,8.1608e-07,1.78998,4.44049,1.01152,0.398241,0.393085,0.00515627,0.204127,ok
AG/slow/XU_YI_CAI,AG,train,ri,8.18088e-05,5.10299,80373,1.3712e+06,1.2331e-06,1.78993,5.11538,1.00486,0.398241,0.393085,0.00515627,0.293074,ok
AG/slow/YANG_YOU_SHENG,AG,train,le,4.73691e-05,3.88305,145950,991230,1.5741e-06,1.79004,3.91768,1.01792,0.76813,0.772337,0.00420638,0.390624,ok
AG/slow/YANG_YOU_SHENG,AG,train,li,2.09807e-05,2.58425,365610,3.4016e+06,4.7515e-07,1.78999,2.59841,1.01099,0.76813,0.772337,0.00420638,0.126444,ok
AG/slow/YANG_YOU_SHENG,AG,train,re,4.84003e-05,3.92508,144480,1.0064e+06,1.5554e-06,1.79008,3.93546,1.00529,0.759006,0.772121,0.0131148,0.359407,ok
AG/slow/YANG_YOU_SHENG,AG,train,ri,2.1455e-05,2.6133,348170,3.2765e+06,4.9384e-07,1.79001,2.65582,1.03281,0.759006,0.772121,0.0131148,0.123526,ok
AG/slow/YIN_YU_RONG,AG,train,le,5.68528e-05,4.25403,120220,978740,1.6288e-06,1.78999,4.27258,1.00874,0.794845,0.795853,0.00100822,0.401119,ok
AG/slow/YIN_YU_RONG,AG,train,li,2.29522e-05,2.70295,339570,3.9182e+06,4.204e-07,1.78997,2.68569,0.987271,0.794845,0.795853,0.00100822,0.107749,ok
AG/slow/YIN_YU_RONG,AG,train,re,6.10412e-05,4.40795,111360,926980,1.7239e-06,1.78999,4.42136,1.0061,0.841246,0.848482,0.00723649,0.409224,ok
AG/slow/YIN_YU_RONG,AG,train,ri,1.9357e-05,2.48224,399900,5.1023e+06,3.2532e-07,1.78998,2.49632,1.01137,0.841246,0.848482,0.00723649,0.0819083,ok
AG/slow/ZANG_YU_SHU,AG,train,le,5.00822e-05,3.9927,135840,1.64e+06,1.008e-06,1.79005,4.04547,1.02661,0.491883,0.486097,0.00578528,0.271976,ok
AG/slow/ZANG_YU_SHU,AG,train,li,5.19743e-05,4.06742,132500,1.5866e+06,1.0412e-06,1.78993,4.09076,1.01151,0.491883,0.486097,0.00578528,0.272453,ok
AG/slow/ZANG_YU_SHU,AG,train,re,6.52023e-05,4.55571,101880,1.0295e+06,1.5822e-06,1.79007,4.6008,1.01989,0.772083,0.780594,0.00851108,0.33541,ok
AG/slow/ZANG_YU_SHU,AG,train,ri,2.79777e-05,2.98422,259610,3.573e+06,4.6705e-07,1.79002,3.02827,1.02974,0.772083,0.780594,0.00851108,0.120161,ok
AG/slow/ZHANG_JING_SHUN,AG,train,le,5.42951e-05,4.15724,126690,1.21e+06,1.3391e-06,1.78996,4.1736,1.00789,0.653486,0.659228,0.00574213,0.297285,ok
AG/slow/ZHANG_JING_SHUN,AG,train,li,3.49714e-05,3.33643,206040,2.3148e+06,7.1009e-07,1.79002,3.35794,1.01294,0.653486,0.659228,0.00574213,0.200027,ok
AG/slow/ZHANG_JING_SHUN,AG,train,re,5.47447e-05,4.17442,125630,1.5274e+06,1.0828e-06,1.7899,4.18931,1.00715,0.528423,0.536063,0.00764061,0.266192,ok
AG/slow/ZHANG_JING_SHUN,AG,train,ri,4.97169e-05,3.97811,137090,1.7152e+06,9.6638e-07,1.79002,4.02894,1.02572,0.528423,0.536063,0.00764061,0.236496,ok
AG/slow/ZHANG_JUN_HUA,AG,train,le,3.76331e-05,3.46107,197550,877460,1.6651e-06,1.79,3.42172,0.977391,0.812552,0.818805,0.00625283,0.382819,ok
AG/slow/ZHANG_JUN_HUA,AG,train,li,1.37683e-05,2.09346,608180,4.0518e+06,3.8412e-07,1.78999,2.0696,0.977331,0.812552,0.818805,0.00625283,0.112444,ok
AG/slow/ZHANG_JUN_HUA,AG,train,re,3.99912e-05,3.56786,183940,1.2054e+06,1.2884e-06,1.79003,3.53269,0.980383,0.628727,0.632627,0.00390006,0.319109,ok
AG/slow/ZHANG_JUN_HUA,AG,train,ri,2.78358e-05,2.97665,275460,2.0773e+06,7.6082e-07,1.79003,2.94908,0.981565,0.628727,0.632627,0.00390006,0.185628,ok
AG/slow/ZHANG_LING_GUANG,AG,train,le,7.17112e-05,4.7777,92681,918870,1.7696e-06,1.79004,4.79965,1.00921,0.863528,0.866651,0.00312313,0.412018,ok
AG/slow/ZHANG_LING_GUANG,AG,train,li,2.05913e-05,2.56016,381300,6.0193e+06,2.7966e-07,1.78999,2.55005,0.992116,0.863528,0.866651,0.00312313,0.0757664,ok
AG/slow/ZHANG_LING_GUANG,AG,train,re,6.53009e-05,4.55916,102680,988730,1.6401e-06,1.79002,4.58474,1.01125,0.800343,0.807466,0.0071235,0.396051,ok
AG/slow/ZHANG_LING_GUANG,AG,train,ri,2.51097e-05,2.82713,297710,4.0773e+06,4.0914e-07,1.78999,2.84841,1.01511,0.800343,0.807466,0.0071235,0.116164,ok
AG/slow/ZHANG_QING_SHUI,AG,train,le,4.94789e-05,3.96858,140880,973400,1.6064e-06,1.78998,3.98011,1.00582,0.783922,0.790224,0.00630137,0.374705,ok
AG/slow/ZHANG_QING_SHUI,AG,train,li,2.04373e-05,2.55057,378370,3.6642e+06,4.4279e-07,1.79001,2.55886,1.00651,0.783922,0.790224,0.00630137,0.157329,ok
AG/slow/ZHANG_QING_SHUI,AG,train,re,3.13696e-05,3.15995,224860,1.0042e+06,1.4564e-06,1.79,3.22923,1.04433,0.710696,0.699254,0.0114426,0.304915,ok
AG/slow/ZHANG_QING_SHUI,AG,train,ri,1.78739e-05,2.38525,447880,2.5714e+06,5.9286e-07,1.79001,2.37299,0.989744,0.710696,0.699254,0.0114426,0.16305,ok
AG/slow/ZHANG_QUAN_YOU,AG,train,le,5.77653e-05,4.28804,116380,969360,1.6487e-06,1.79006,4.33505,1.02205,0.804528,0.811546,0.00701792,0.417164,ok
AG/slow/ZHANG_QUAN_YOU,AG,train,li,2.18237e-05,2.63566,344320,4.1244e+06,4.0057e-07,1.79004,2.66906,1.02551,0.804528,0.811546,0.00701792,0.100471,ok
AG/slow/ZHANG_QUAN_YOU,AG,train,re,5.55855e-05,4.20635,122240,879510,1.7869e-06,1.79003,4.24086,1.01648,0.871977,0.878881,0.00690416,0.412074,ok
AG/slow/ZHANG_QUAN_YOU,AG,train,ri,1.48303e-05,2.1727,532120,6.2909e+06,2.6235e-07,1.79002,2.197,1.02249,0.871977,0.878881,0.00690416,0.0702899,ok
AG/slow/ZHANG_SONG_TIAN,AG,train,le,5.91901e-05,4.3406,114520,1.2697e+06,1.2931e-06,1.78993,4.36639,1.01192,0.631036,0.638475,0.00743889,0.364407,ok
AG/slow/ZHANG_SONG_TIAN,AG,train,li,4.05116e-05,3.59099,172820,2.1946e+06,7.5608e-07,1.78996,3.63258,1.02329,0.631036,0.638475,0.00743889,0.206422,ok
AG/slow/ZHANG_SONG_TIAN,AG,train,re,5.69192e-05,4.25652,119090,994240,1.6078e-06,1.79001,4.29066,1.01611,0.784583,0.797055,0.0124723,0.321219,ok
AG/slow/ZHANG_SONG_TIAN,AG,train,ri,2.28658e-05,2.69785,320820,3.7341e+06,4.4143e-07,1.78996,2.75477,1.04264,0.784583,0.797055,0.0124723,0.107951,ok
AG/slow/ZHANG_WEI_XIAN,AG,test,le,3.72132e-05,3.44171,194640,1.067e+06,1.4188e-06,1.79001,3.4445,1.00162,0.692345,0.698562,0.00621727,0.318724,ok
AG/slow/ZHANG_WEI_XIAN,AG,test,li,2.125e-05,2.60078,362490,2.4767e+06,6.3046e-07,1.79,2.60839,1.00585,0.692345,0.698562,0.00621727,0.16434,ok
AG/slow/ZHANG_WEI_XIAN,AG,test,re,4.00966e-05,3.57256,178930,1.2352e+06,1.2658e-06,1.79001,3.57658,1.00225,0.617701,0.62116,0.00345875,0.310907,ok
AG/slow/ZHANG_WEI_XIAN,AG,test,ri,2.88365e-05,3.02968,258490,2.0264e+06,7.8342e-07,1.79003,3.03413,1.00294,0.617701,0.62116,0.00345875,0.20603,ok
AG/slow/ZHANG_ZHI_JUN,AG,train,le,3.70799e-05,3.43554,194100,1.1353e+06,1.3464e-06,1.7899,3.44878,1.00772,0.657055,0.666509,0.00945471,0.331215,ok
AG/slow/ZHANG_ZHI_JUN,AG,train,li,2.33699e-05,2.72743,319520,2.2275e+06,7.0279e-07,1.79002,2.75978,1.02386,0.657055,0.666509,0.00945471,0.178456,ok
AG/slow/ZHANG_ZHI_JUN,AG,train,re,4.72091e-05,3.87648,148670,904790,1.6992e-06,1.79004,3.88547,1.00464,0.829173,0.841593,0.0124204,0.39052,ok
AG/slow/ZHANG_ZHI_JUN,AG,train,ri,1.55051e-05,2.22158,499150,4.6142e+06,3.5006e-07,1.78998,2.26074,1.03556,0.829173,0.841593,0.0124204,0.0998093,ok
ILO/AN_GUANG_JIE-0/before,ILO,train,le,4.75595e-05,3.89084,151110,1.074e+06,1.4611e-06,1.79001,3.89147,1.00032,0.614073,0.614085,1.22779e-05,0.318684,ok
ILO/AN_GUANG_JIE-0/before,ILO,train,li,3.48936e-05,3.33271,215750,1.7336e+06,9.1824e-07,1.78997,3.33252,0.999884,0.614073,0.614085,1.22779e-05,0.208994,ok
ILO/AN_GUANG_JIE-0/before,ILO,train,re,5.14039e-05,4.04504,138190,933410,1.6704e-06,1.79,4.0459,1.00043,0.702033,0.702033,1.57612e-07,0.313641,ok
ILO/AN_GUANG_JIE-0/before,ILO,train,ri,2.90315e-05,3.03991,266570,2.2582e+06,7.0898e-07,1.79001,3.03931,0.999606,0.702033,0.702033,1.57612e-07,0.158681,ok
ILO/BAO_EN_YUN-0/before,ILO,train,le,2.60958e-05,2.88211,301340,1.2934e+06,1.1225e-06,1.7901,2.88131,0.999447,0.471739,0.471747,7.83969e-06,0.232848,ok
ILO/BAO_EN_YUN-0/before,ILO,train,li,2.81401e-05,2.99287,276310,1.1478e+06,1.2569e-06,1.78996,2.99218,0.999542,0.471739,0.471747,7.83969e-06,0.239601,ok
ILO/BAO_EN_YUN-0/before,ILO,train,re,4.14444e-05,3.6321,177020,974890,1.5539e-06,1.78995,3.63235,1.00014,0.653084,0.653084,2.16935e-07,0.337422,ok
ILO/BAO_EN_YUN-0/before,ILO,train,ri,2.71834e-05,2.94155,287520,1.881e+06,8.2545e-07,1.79,2.94082,0.9995,0.653084,0.653084,2.16935e-07,0.19013,ok
ILO/CUI_WEI_PING-0/before,ILO,train,le,5.49828e-05,4.18349,127900,810130,1.9083e-06,1.79004,4.18454,1.00051,0.801999,0.801999,2.36407e-07,0.376724,ok
ILO/CUI_WEI_PING-0/before,ILO,train,li,2.16383e-05,2.62444,373770,3.4257e+06,4.7112e-07,1.79001,2.62336,0.999176,0.801999,0.801999,2.36407e-07,0.105929,ok
ILO/CUI_WEI_PING-0/before,ILO,train,re,5.34982e-05,4.12662,131990,1.0426e+06,1.524e-06,1.79008,4.12758,1.00047,0.640489,0.640498,9.06096e-06,0.338256,ok
ILO/CUI_WEI_PING-0/before,ILO,train,ri,3.64022e-05,3.404,205500,1.8871e+06,8.5539e-07,1.78999,3.4039,0.999944,0.640489,0.640498,9.06096e-06,0.179091,ok
ILO/GAO_SHU_CAI-0/before,ILO,train,le,5.15611e-05,4.05122,137700,2.7391e+06,6.2223e-07,1.79003,4.05217,1.00047,0.261505,0.261507,2.90658e-06,0.166669,ok
ILO/GAO_SHU_CAI-0/before,ILO,train,li,0.000103014,5.72629,62128,956560,1.7572e-06,1.79004,5.73046,1.00146,0.261505,0.261507,2.90658e-06,0.323849,ok
ILO/GAO_SHU_CAI-0/before,ILO,train,re,4.67681e-05,3.85833,154780,2.0661e+06,8.06e-07,1.79003,3.85102,0.996213,0.338741,0.340121,0.0013801,0.18125,ok
ILO/GAO_SHU_CAI-0/before,ILO,train,ri,7.27506e-05,4.8122,92684,1.045e+06,1.5734e-06,1.79003,4.81447,1.00095,0.338741,0.340121,0.0013801,0.328233,ok
ILO/GENG_CHUN_LAI-1/before,ILO,train,le,3.1184e-05,3.15058,245520,1.2e+06,1.2383e-06,1.78999,3.15014,0.999719,0.520435,0.520428,6.49338e-06,0.268779,ok
ILO/GENG_CHUN_LAI-1/before,ILO,train,li,2.95297e-05,3.06588,261410,1.3073e+06,1.1411e-06,1.79005,3.06528,0.999613,0.520435,0.520428,6.49338e-06,0.2286,ok
ILO/GENG_CHUN_LAI-1/before,ILO,train,re,3.28637e-05,3.23432,231150,995090,1.4597e-06,1.78994,3.23396,0.999776,0.613497,0.6135,2.98047e-06,0.301144,ok
ILO/GENG_CHUN_LAI-1/before,ILO,train,ri,2.41513e-05,2.77265,329410,1.617e+06,9.1963e-07,1.78998,2.77171,0.999322,0.613497,0.6135,2.98047e-06,0.201478,ok
ILO/GONG_HAI_ZENG-1/before,ILO,train,le,7.22811e-05,4.79664,93376,726540,2.1831e-06,1.78996,4.79891,1.00094,0.917526,0.917526,5.83091e-07,0.506388,ok
ILO/GONG_HAI_ZENG-1/before,ILO,train,li,1.45041e-05,2.14868,592110,8.5295e+06,1.9624e-07,1.79002,2.14714,0.998574,0.917526,0.917526,5.83091e-07,0.0359549,ok
ILO/GONG_HAI_ZENG-1/before,ILO,train,re,6.90499e-05,4.68821,98419,765520,2.0719e-06,1.79,4.69025,1.00087,0.870775,0.870774,9.45548e-07,0.41931,ok
ILO/GONG_HAI_ZENG-1/before,ILO,train,ri,1.93549e-05,2.48211,424920,5.3967e+06,3.0748e-07,1.79003,2.48087,0.998998,0.870775,0.870774,9.45548e-07,0.038347,ok
ILO/GUO_QING_SHAN-0/before,ILO,train,le,4.82632e-05,3.91952,148580,1.0958e+06,1.4385e-06,1.79004,3.92019,1.00034,0.604558,0.60456,1.94251e-06,0.336645,ok
ILO/GUO_QING_SHAN-0/before,ILO,train,li,3.63672e-05,3.40236,205730,1.6967e+06,9.409e-07,1.79,3.40224,0.999931,0.604558,0.60456,1.94251e-06,0.182892,ok
ILO/GUO_QING_SHAN-0/before,ILO,train,re,5.14527e-05,4.04696,138040,984440,1.5947e-06,1.79002,4.04782,1.00042,0.670211,0.670214,2.94602e-06,0.326601,ok
ILO/GUO_QING_SHAN-0/before,ILO,train,ri,3.20692e-05,3.19499,237750,2.0434e+06,7.8469e-07,1.79,3.19456,0.999732,0.670211,0.670214,2.94602e-06,0.153863,ok
ILO/GUO_YU_SHU-0/before,ILO,train,le,2.39959e-05,2.76371,331860,630940,1.8592e-06,1.79004,2.76278,0.999326,0.781361,0.781363,1.945e-06,0.304043,ok
ILO/GUO_YU_SHU-0/before,ILO,train,li,1.02656e-05,1.80766,881100,2.5597e+06,5.2022e-07,1.78997,1.80592,0.998069,0.781361,0.781363,1.945e-06,0.0929657,ok
ILO/GUO_YU_SHU-0/before,ILO,train,re,4.37229e-05,3.73061,166460,997090,1.5384e-06,1.79001,3.73095,1.00018,0.646554,0.646553,1.13349e-06,0.387431,ok
ILO/GUO_YU_SHU-0/before,ILO,train,ri,2.92318e-05,3.05037,264470,1.864e+06,8.4098e-07,1.79,3.04979,0.99962,0.646554,0.646553,1.13349e-06,0.215561,ok
ILO/HOU_SHI_GUO-0/before,ILO,train,le,2.53561e-05,2.84097,311470,916110,1.4581e-06,1.78993,2.84013,0.999408,0.612823,0.612826,3.03422e-06,0.385642,ok
ILO/HOU_SHI_GUO-0/before,ILO,train,li,1.86693e-05,2.43775,442910,1.5001e+06,9.2123e-07,1.78996,2.43648,0.998954,0.612823,0.612826,3.03422e-06,0.197934,ok
ILO/HOU_SHI_GUO-0/before,ILO,train,re,3.01077e-05,3.09574,255640,4.5305e+06,3.74e-07,1.79002,3.09522,0.999666,0.157182,0.85502,0.697838,0.237999,ok
ILO/HOU_SHI_GUO-0/before,ILO,train,ri,9.22355e-06,1.71346,70548,822050,2.0054e-06,1.79002,5.42194,10.0129,0.157182,0.85502,0.697838,0.178425,小数点错一位（表内面积≈网格×10.01）
ILO/LIN_CHUN_YANG-1/before,ILO,train,le,7.47923e-05,4.87926,89780,834120,1.9374e-06,1.78996,4.88167,1.00099,0.814265,0.814264,5.07918e-07,0.408429,ok
ILO/LIN_CHUN_YANG-1/before,ILO,train,li,2.79218e-05,2.98124,278790,3.7716e+06,4.4194e-07,1.79003,2.98056,0.999548,0.814265,0.814264,5.07918e-07,0.13106,ok
ILO/LIN_CHUN_YANG-1/before,ILO,train,re,8.16828e-05,5.09906,81127,1.1488e+06,1.4554e-06,1.79004,5.10192,1.00112,0.611676,0.611684,8.15379e-06,0.303483,ok
ILO/LIN_CHUN_YANG-1/before,ILO,train,ri,6.0335e-05,4.38238,114940,1.8224e+06,9.2395e-07,1.79001,4.38381,1.00065,0.611676,0.611684,8.15379e-06,0.157028,ok
ILO/LIU_BAO_JUN-0/before,ILO,train,le,6.11133e-05,4.41055,113260,1.43e+06,1.1599e-06,1.79003,4.412,1.00066,0.487466,0.487462,3.82438e-06,0.323297,ok
ILO/LIU_BAO_JUN-0/before,ILO,train,li,6.31915e-05,4.48492,108980,1.3588e+06,1.2195e-06,1.78996,4.48663,1.00076,0.487466,0.487462,3.82438e-06,0.321827,ok
ILO/LIU_BAO_JUN-0/before,ILO,train,re,6.575e-05,4.57481,104120,709470,2.2001e-06,1.78998,4.57665,1.0008,0.924657,0.279588,0.645069,0.384218,ok
ILO/LIU_BAO_JUN-0/before,ILO,train,ri,0.000123577,6.27182,711850,9.2731e+06,1.7927e-07,1.79,1.98168,0.0998343,0.924657,0.279588,0.645069,-0.0293423,小数点错一位（表内面积≈网格×0.10）
ILO/LIU_LIAN_YOU-0/before,ILO,train,le,4.4514e-05,3.76421,177530,828300,1.7796e-06,1.78998,3.6278,0.928839,0.747933,0.654515,0.0934185,0.381615,ok
ILO/LIU_LIAN_YOU-0/before,ILO,train,li,2.90739e-05,3.04212,408700,2.5758e+06,5.9977e-07,1.79001,2.52327,0.687974,0.747933,0.654515,0.0934185,0.158967,ok
ILO/LIU_LIAN_YOU-0/before,ILO,train,re,4.08983e-05,3.60809,122770,810320,1.9184e-06,1.79004,4.2598,1.39387,0.806242,0.849304,0.0430617,0.375949,ok
ILO/LIU_LIAN_YOU-0/before,ILO,train,ri,1.29141e-05,2.02748,366270,3.5164e+06,4.6102e-07,1.78999,2.64661,1.70399,0.806242,0.849304,0.0430617,0.0834693,面积不符（表内≈网格×1.70）
ILO/LIU_YUE_DONG-0/before,ILO,train,le,6.1866e-05,4.43763,111670,839990,1.8809e-06,1.78998,4.43925,1.00073,0.790511,0.79051,6.36983e-07,0.404454,ok
ILO/LIU_YUE_DONG-0/before,ILO,train,li,2.55244e-05,2.85038,309110,3.282e+06,4.9846e-07,1.79002,2.84955,0.999417,0.790511,0.79051,6.36983e-07,0.115333,ok
ILO/LIU_YUE_DONG-0/before,ILO,train,re,6.05223e-05,4.38917,114530,869030,1.8199e-06,1.78998,4.39063,1.00067,0.764872,0.764869,2.78403e-06,0.349426,ok
ILO/LIU_YUE_DONG-0/before,ILO,train,ri,2.75675e-05,2.96226,282920,2.9166e+06,5.5947e-07,1.79004,2.96154,0.999512,0.764872,0.764869,2.78403e-06,0.130787,ok
ILO/LI_SHENG_WEN-0/before,ILO,train,le,4.11496e-05,3.61916,178480,1.082e+06,1.4201e-06,1.79001,3.61938,1.00012,0.59684,0.596845,5.51813e-06,0.291221,ok
ILO/LI_SHENG_WEN-0/before,ILO,train,li,3.1679e-05,3.17549,241120,1.6249e+06,9.5926e-07,1.79,3.17504,0.999717,0.59684,0.596845,5.51813e-06,0.198805,ok
ILO/LI_SHENG_WEN-0/before,ILO,train,re,6.13429e-05,4.41883,112770,857460,1.8449e-06,1.78998,4.42034,1.00069,0.775383,0.775383,6.78692e-07,0.373324,ok
ILO/LI_SHENG_WEN-0/before,ILO,train,ri,2.68564e-05,2.92381,291550,3.0577e+06,5.3445e-07,1.79001,2.92305,0.999479,0.775383,0.775383,6.78692e-07,0.13665,ok
ILO/LI_YOU_ZHI-0/before,ILO,test,le,8.90815e-05,5.32499,73428,861990,1.9136e-06,1.79002,5.3283,1.00124,0.804238,0.804238,5.73618e-07,0.38504,ok
ILO/LI_YOU_ZHI-0/before,ILO,test,li,3.47283e-05,3.32481,216930,3.626e+06,4.6579e-07,1.79,3.32461,0.999881,0.804238,0.804238,5.73618e-07,0.104553,ok
ILO/LI_YOU_ZHI-0/before,ILO,test,re,8.19668e-05,5.10792,80804,1.1437e+06,1.4618e-06,1.78998,5.11079,1.00112,0.614376,0.614378,1.70666e-06,0.299001,ok
ILO/LI_YOU_ZHI-0/before,ILO,test,ri,6.00882e-05,4.3734,115480,1.8354e+06,9.1754e-07,1.79001,4.37487,1.00067,0.614376,0.614378,1.70666e-06,0.211406,ok
ILO/LU_FU_SHAN-0/before,ILO,test,le,3.96756e-05,3.55375,186130,946210,1.5808e-06,1.79,3.55384,1.00005,0.664375,0.664376,1.10268e-06,0.340525,ok
ILO/LU_FU_SHAN-0/before,ILO,test,li,2.51662e-05,2.83031,314180,1.9273e+06,7.9858e-07,1.79,2.82943,0.999383,0.664375,0.664376,1.10268e-06,0.185673,ok
ILO/LU_FU_SHAN-0/before,ILO,test,re,4.12631e-05,3.62415,177920,769210,1.8899e-06,1.78998,3.62434,1.0001,0.794294,0.794295,1.52056e-06,0.356504,ok
ILO/LU_FU_SHAN-0/before,ILO,test,ri,1.6765e-05,2.31008,501250,3.1559e+06,4.8945e-07,1.78999,2.30868,0.998786,0.794294,0.794295,1.52056e-06,0.117298,ok
ILO/LV_JIAN_HUA-0/before,ILO,train,le,7.38387e-05,4.84805,91115,724870,2.1937e-06,1.79003,4.8504,1.00097,0.921952,0.921952,2.16031e-07,0.451931,ok
ILO/LV_JIAN_HUA-0/before,ILO,train,li,1.42359e-05,2.12871,604960,9.034e+06,1.857e-07,1.78995,2.12716,0.998546,0.921952,0.921952,2.16031e-07,0.0411353,ok
ILO/LV_JIAN_HUA-0/before,ILO,train,re,5.70974e-05,4.26318,122460,841020,1.8579e-06,1.79005,4.26449,1.00062,0.780814,0.780813,1.25116e-06,0.382237,ok
ILO/LV_JIAN_HUA-0/before,ILO,train,ri,2.44791e-05,2.7914,324340,3.1079e+06,5.2153e-07,1.79002,2.79049,0.999348,0.780814,0.780813,1.25116e-06,0.124697,ok
ILO/PAN_YIN_GEN-1/before,ILO,train,le,5.71199e-05,4.26402,122410,748500,2.0553e-06,1.78998,4.26525,1.00058,0.863808,0.86381,1.2982e-06,0.360597,ok
ILO/PAN_YIN_GEN-1/before,ILO,train,li,1.66702e-05,2.30354,504530,5.0193e+06,3.2405e-07,1.79,2.30213,0.998779,0.863808,0.86381,1.2982e-06,0.0728876,ok
ILO/PAN_YIN_GEN-1/before,ILO,train,re,5.67847e-05,4.25149,123240,1.1383e+06,1.4188e-06,1.78987,4.25272,1.00058,0.596312,0.59631,2.68842e-06,0.342918,ok
ILO/PAN_YIN_GEN-1/before,ILO,train,ri,4.37806e-05,3.73307,166200,1.6973e+06,9.6053e-07,1.78995,3.73349,1.00022,0.596312,0.59631,2.68842e-06,0.223597,ok
ILO/SUN_DE_QI-1/before,ILO,train,le,6.94457e-05,4.70162,97774,835150,1.9187e-06,1.79,4.70369,1.00088,0.806384,0.806382,2.76118e-06,0.44028,ok
ILO/SUN_DE_QI-1/before,ILO,train,li,2.68277e-05,2.92224,291910,3.5936e+06,4.6069e-07,1.79002,2.92148,0.999475,0.806384,0.806382,2.76118e-06,0.125854,ok
ILO/SUN_DE_QI-1/before,ILO,train,re,7.76631e-05,4.97202,85974,752240,2.1355e-06,1.79001,4.97462,1.00105,0.897494,0.897494,5.19777e-07,0.368164,ok
ILO/SUN_DE_QI-1/before,ILO,train,ri,1.82822e-05,2.41234,453720,6.8853e+06,2.439e-07,1.78999,2.41103,0.99891,0.897494,0.897494,5.19777e-07,0.0657027,ok
ILO/SUN_DONG_XIN-0/before,ILO,test,le,8.85203e-05,5.30819,73963,1.0071e+06,1.6557e-06,1.78992,5.31148,1.00124,0.695876,0.695865,1.06781e-05,0.358195,ok
ILO/SUN_DONG_XIN-0/before,ILO,test,li,5.09805e-05,4.02835,139510,2.3341e+06,7.2365e-07,1.79003,4.02919,1.00042,0.695876,0.695865,1.06781e-05,0.163548,ok
ILO/SUN_DONG_XIN-0/before,ILO,test,re,5.85151e-05,4.31578,119060,1.7478e+06,9.5884e-07,1.79002,4.3171,1.00061,0.402975,0.402978,2.35199e-06,0.207245,ok
ILO/SUN_DONG_XIN-0/before,ILO,test,ri,7.60457e-05,4.91997,88080,1.172e+06,1.4205e-06,1.78994,4.92248,1.00102,0.402975,0.402978,2.35199e-06,0.271012,ok
ILO/SUN_XU_XIA-1/before,ILO,test,le,9.52436e-06,1.74118,67991,775540,2.122e-06,1.78997,5.50981,10.0135,0.891839,0.206817,0.685022,0.239285,小数点错一位（表内面积≈网格×10.01）
ILO/SUN_XU_XIA-1/before,ILO,test,li,2.33361e-05,2.72545,342680,6.6126e+06,2.5736e-07,1.79001,2.72446,0.999267,0.891839,0.206817,0.685022,0.212978,ok
ILO/SUN_XU_XIA-1/before,ILO,test,re,1.04225e-05,1.82143,865860,1.8384e+06,6.6193e-07,1.79003,1.81969,0.998093,0.27819,0.278193,2.24769e-06,0.204669,ok
ILO/SUN_XU_XIA-1/before,ILO,test,ri,1.96799e-05,2.50286,416860,625380,1.7175e-06,1.79005,2.50164,0.999024,0.27819,0.278193,2.24769e-06,0.343068,ok
ILO/SUN_YU_SHENG-0/before,ILO,train,le,5.25005e-05,4.08796,134870,1.4702e+06,1.1152e-06,1.78997,4.08897,1.00049,0.468712,0.468708,3.38193e-06,0.254445,ok
ILO/SUN_YU_SHENG-0/before,ILO,train,li,5.70756e-05,4.26236,122520,1.2935e+06,1.2641e-06,1.78999,4.26358,1.00057,0.468712,0.468708,3.38193e-06,0.264059,ok
ILO/SUN_YU_SHENG-0/before,ILO,train,re,3.90138e-05,3.52398,189760,1.3045e+06,1.1979e-06,1.78997,3.52408,1.00005,0.503461,0.50346,4.74818e-07,0.239139,ok
ILO/SUN_YU_SHENG-0/before,ILO,train,ri,3.86554e-05,3.50776,191790,1.3233e+06,1.1815e-06,1.79008,3.50779,1.00001,0.503461,0.50346,4.74818e-07,0.242356,ok
ILO/WAGN_LI_JUN-1/before,ILO,train,le,2.26589e-05,2.68562,354480,937470,1.3855e-06,1.79,2.68459,0.999233,0.582292,0.582294,2.22466e-06,0.280515,ok
ILO/WAGN_LI_JUN-1/before,ILO,train,li,1.81575e-05,2.40411,457300,1.3437e+06,9.9388e-07,1.78998,2.40279,0.998906,0.582292,0.582294,2.22466e-06,0.175182,ok
ILO/WAGN_LI_JUN-1/before,ILO,train,re,4.58231e-05,3.81915,157710,833990,1.805e-06,1.79002,3.8197,1.00029,0.758587,0.758588,1.18125e-06,0.382831,ok
ILO/WAGN_LI_JUN-1/before,ILO,train,ri,2.13593e-05,2.60746,379390,2.7368e+06,5.7441e-07,1.78997,2.60637,0.999157,0.758587,0.758588,1.18125e-06,0.161472,ok
ILO/WANG_JIN_MING-0/before,ILO,train,le,3.40889e-05,3.29406,221620,1.3661e+06,1.1274e-06,1.79,3.29379,0.999838,0.473817,0.473828,1.06921e-05,0.289474,ok
ILO/WANG_JIN_MING-0/before,ILO,train,li,3.65553e-05,3.41115,204510,1.2252e+06,1.252e-06,1.79,3.41107,0.999952,0.473817,0.473828,1.06921e-05,0.374115,ok
ILO/WANG_JIN_MING-0/before,ILO,train,re,5.80517e-05,4.29866,118040,684280,2.231e-06,1.78998,4.3333,1.01618,0.937652,0.936288,0.00136384,0.237202,ok
ILO/WANG_JIN_MING-0/before,ILO,train,ri,9.67582e-06,1.75497,943140,1.1123e+07,1.4835e-07,1.79001,1.7532,0.997982,0.937652,0.936288,0.00136384,0.0992092,ok
ILO/WANG_SHU_SHENG-0/before,ILO,train,le,5.82723e-05,4.30681,119630,918080,1.7249e-06,1.78995,4.30813,1.00061,0.724958,0.724956,1.16321e-06,0.407319,ok
ILO/WANG_SHU_SHENG-0/before,ILO,train,li,3.0539e-05,3.11783,251500,2.4837e+06,6.5443e-07,1.79,3.1173,0.999661,0.724958,0.724956,1.16321e-06,0.113815,ok
ILO/WANG_SHU_SHENG-0/before,ILO,train,re,4.52525e-05,3.7953,160000,876350,1.7272e-06,1.78998,3.7958,1.00026,0.725903,0.725904,1.45302e-06,0.339902,ok
ILO/WANG_SHU_SHENG-0/before,ILO,train,ri,2.36406e-05,2.74318,337610,2.407e+06,6.5218e-07,1.78998,2.7422,0.999284,0.725903,0.725904,1.45302e-06,0.138964,ok
ILO/WANG_TIAN_QING-1/before,ILO,train,le,2.99651e-05,3.08839,257040,1.7376e+06,8.9742e-07,1.79003,3.08787,0.99966,0.377165,0.377166,3.85994e-07,0.227198,ok
ILO/WANG_TIAN_QING-1/before,ILO,train,li,4.18641e-05,3.65045,174980,1.0329e+06,1.482e-06,1.79008,3.65073,1.00015,0.377165,0.377166,3.85994e-07,0.267713,ok
ILO/WANG_TIAN_QING-1/before,ILO,train,re,4.52336e-05,3.79451,160080,703120,2.0737e-06,1.79002,3.79498,1.00025,0.871522,0.871522,1.45252e-08,0.417673,ok
ILO/WANG_TIAN_QING-1/before,ILO,train,ri,1.26229e-05,2.0045,694670,5.1608e+06,3.057e-07,1.79002,2.00287,0.998379,0.871522,0.871522,1.45252e-08,0.0874154,ok
ILO/WANG_XIAO_LIN-0/before,ILO,train,le,4.6012e-05,3.82702,156970,720860,2.0391e-06,1.78998,3.82753,1.00027,0.857,0.857,2.81146e-07,0.509991,ok
ILO/WANG_XIAO_LIN-0/before,ILO,train,li,1.39457e-05,2.10691,619450,4.6414e+06,3.4025e-07,1.79,2.10535,0.998524,0.857,0.857,2.81146e-07,0.0489973,ok
ILO/WANG_XIAO_LIN-0/before,ILO,train,re,4.99932e-05,3.98915,142680,820320,1.8588e-06,1.79002,3.98996,1.00041,0.781198,0.7812,2.39297e-06,0.304557,ok
ILO/WANG_XIAO_LIN-0/before,ILO,train,ri,2.1401e-05,2.61001,378540,3.0597e+06,5.2061e-07,1.78998,2.60891,0.99916,0.781198,0.7812,2.39297e-06,0.136455,ok
ILO/WENG_ZHAO_GUANG-0/before,ILO,train,le,5.73949e-05,4.27427,121730,1.4061e+06,1.1716e-06,1.79001,4.27561,1.00063,0.492392,0.492396,4.46759e-06,0.269239,ok
ILO/WENG_ZHAO_GUANG-0/before,ILO,train,li,5.85707e-05,4.31783,118930,1.3631e+06,1.2078e-06,1.79,4.31915,1.00061,0.492392,0.492396,4.46759e-06,0.255864,ok
ILO/WENG_ZHAO_GUANG-0/before,ILO,train,re,7.21784e-05,4.79323,93529,887320,1.825e-06,1.79005,4.79549,1.00094,0.766985,0.766986,4.2771e-07,0.344198,ok
ILO/WENG_ZHAO_GUANG-0/before,ILO,train,ri,3.2619e-05,3.22226,233140,2.9954e+06,5.5443e-07,1.79,3.22191,0.999785,0.766985,0.766986,4.2771e-07,0.130699,ok
ILO/WU_JUN-0/before,ILO,train,le,8.05411e-05,5.0633,82451,996830,1.6585e-06,1.78999,5.06608,1.0011,0.697032,0.697032,2.31577e-07,0.35958,ok
ILO/WU_JUN-0/before,ILO,train,li,4.62147e-05,3.83544,156180,2.3269e+06,7.2088e-07,1.79,3.83595,1.00027,0.697032,0.697032,2.31577e-07,0.16211,ok
ILO/WU_JUN-0/before,ILO,train,re,8.32363e-05,5.14732,79388,890470,1.8456e-06,1.78997,5.15028,1.00115,0.775676,0.775674,1.51837e-06,0.36016,ok
ILO/WU_JUN-0/before,ILO,train,ri,3.64009e-05,3.40393,205510,3.1481e+06,5.3376e-07,1.79002,3.40383,0.999938,0.775676,0.775674,1.51837e-06,0.118151,ok
ILO/XIE_ZHI_FU-0/before,ILO,train,le,7.47081e-05,4.87651,89896,1.1327e+06,1.464e-06,1.78988,4.87893,1.00099,0.615313,0.615306,7.0813e-06,0.374077,ok
ILO/XIE_ZHI_FU-0/before,ILO,train,li,5.46241e-05,4.16982,128860,1.8267e+06,9.1533e-07,1.78998,4.17094,1.00054,0.615313,0.615306,7.0813e-06,0.213078,ok
ILO/XIE_ZHI_FU-0/before,ILO,train,re,3.91553e-05,3.53037,188980,1.1841e+06,1.3036e-06,1.78995,3.5304,1.00002,0.547889,0.547876,1.2601e-05,0.217654,ok
ILO/XIE_ZHI_FU-0/before,ILO,train,ri,3.44488e-05,3.3114,218960,1.445e+06,1.0758e-06,1.79009,3.31116,0.999851,0.547889,0.547876,1.2601e-05,0.195191,ok
ILO/YANG_WANG_QI-1/before,ILO,train,le,2.04503e-05,2.55138,398850,931800,1.3452e-06,1.78999,2.55021,0.999087,0.565357,0.565359,1.55551e-06,0.368395,ok
ILO/YANG_WANG_QI-1/before,ILO,train,li,1.71621e-05,2.33728,487930,1.2429e+06,1.0342e-06,1.79002,2.33591,0.99883,0.565357,0.565359,1.55551e-06,0.256401,ok
ILO/YANG_WANG_QI-1/before,ILO,train,re,1.83079e-05,2.41404,452980,7.1633e+06,2.3502e-07,1.78998,2.41274,0.998926,0.0987743,0.77608,0.677305,0.191638,ok
ILO/YANG_WANG_QI-1/before,ILO,train,ri,7.99398e-06,1.59517,83164,751580,2.1444e-06,1.79003,5.04712,10.0109,0.0987743,0.77608,0.677305,0.183565,小数点错一位（表内面积≈网格×10.01）
ILO/YANG_WEN_TAI-0/before,ILO,test,le,3.2767e-05,3.22956,231930,1.0807e+06,1.3637e-06,1.79003,3.22922,0.999791,0.573119,0.573114,4.33986e-06,0.26437,ok
ILO/YANG_WEN_TAI-0/before,ILO,test,li,2.69246e-05,2.92752,290700,1.4716e+06,1.0157e-06,1.78997,2.92677,0.999485,0.573119,0.573114,4.33986e-06,0.187462,ok
ILO/YANG_WEN_TAI-0/before,ILO,test,re,4.62277e-05,3.83598,156130,1.2401e+06,1.282e-06,1.78997,3.83649,1.00027,0.538807,0.538814,7.64939e-06,0.304473,ok
ILO/YANG_WEN_TAI-0/before,ILO,test,ri,4.16735e-05,3.64213,175900,1.4553e+06,1.0973e-06,1.78992,3.6424,1.00015,0.538807,0.538814,7.64939e-06,0.243695,ok
ILO/YANG_YU_QING-1/before,ILO,train,le,3.16596e-05,3.17452,241290,595800,2.1384e-06,1.79003,3.17407,0.999716,0.898708,0.898707,2.4256e-07,0.414395,ok
ILO/YANG_YU_QING-1/before,ILO,train,li,7.38718e-06,1.53343,1.2864e+06,6.1406e+06,2.4101e-07,1.78998,1.53157,0.997567,0.898708,0.898707,2.4256e-07,0.0690919,ok
ILO/YANG_YU_QING-1/before,ILO,train,re,4.25503e-05,3.68024,171740,709750,2.0307e-06,1.79004,3.68056,1.00017,0.853438,0.853439,1.04865e-06,0.407745,ok
ILO/YANG_YU_QING-1/before,ILO,train,ri,1.31462e-05,2.04562,662970,4.47e+06,3.4872e-07,1.78997,2.04402,0.99844,0.853438,0.853439,1.04865e-06,0.108768,ok
ILO/YAO_GUO_CHEN-0/before,ILO,train,le,5.4777e-05,4.17565,128450,789560,1.9499e-06,1.79003,4.17673,1.00052,0.819484,0.819485,2.99745e-07,0.442301,ok
ILO/YAO_GUO_CHEN-0/before,ILO,train,li,1.99793e-05,2.52183,409680,3.7578e+06,4.2951e-07,1.78997,2.52064,0.999057,0.819484,0.819485,2.99745e-07,0.114388,ok
ILO/YAO_GUO_CHEN-0/before,ILO,train,re,3.62649e-05,3.39757,206400,867770,1.6664e-06,1.79,3.39743,0.999919,0.700353,0.700352,1.07851e-06,0.334696,ok
ILO/YAO_GUO_CHEN-0/before,ILO,train,ri,2.05913e-05,2.56016,395710,2.1149e+06,7.1298e-07,1.79001,2.559,0.999098,0.700353,0.700352,1.07851e-06,0.108615,ok
ILO/YU_XIANG_SHENG-1/before,ILO,test,le,4.64006e-05,3.84315,125160,770990,1.9974e-06,1.78997,4.22419,1.20813,0.839474,0.857366,0.0178915,0.426216,ok
ILO/YU_XIANG_SHENG-1/before,ILO,test,li,1.40355e-05,2.11368,444940,4.2415e+06,3.8195e-07,1.78999,2.43163,1.32348,0.839474,0.857366,0.0178915,0.09417,ok
ILO/YU_XIANG_SHENG-1/before,ILO,test,re,4.03871e-05,3.58547,121570,754040,2.0443e-06,1.79001,4.27806,1.42364,0.859164,0.832227,0.0269375,0.395595,ok
ILO/YU_XIANG_SHENG-1/before,ILO,test,ri,1.38855e-05,2.10236,486340,4.8553e+06,3.351e-07,1.78998,2.33923,1.23804,0.859164,0.832227,0.0269375,0.0840188,ok
ILO/ZHANG_HE_PING-0/before,ILO,test,le,5.01984e-05,3.99733,142010,1.0125e+06,1.5504e-06,1.78995,3.99815,1.00041,0.651606,0.651596,1.01841e-05,0.328652,ok
ILO/ZHANG_HE_PING-0/before,ILO,test,li,3.30694e-05,3.24443,229500,1.9298e+06,8.2899e-07,1.79004,3.24406,0.999776,0.651606,0.651596,1.01841e-05,0.17964,ok
ILO/ZHANG_HE_PING-0/before,ILO,test,re,5.50885e-05,4.18751,127610,1.2008e+06,1.3474e-06,1.7899,4.18868,1.00056,0.566301,0.566292,9.19032e-06,0.269815,ok
ILO/ZHANG_HE_PING-0/before,ILO,test,ri,4.61139e-05,3.83126,156570,1.578e+06,1.032e-06,1.79008,3.83179,1.00028,0.566301,0.566292,9.19032e-06,0.221892,ok
ILO/ZHANG_JIAN_JUN-1/before,ILO,train,le,4.29563e-05,3.69776,169880,1.0971e+06,1.4129e-06,1.79012,3.69805,1.00016,0.59378,0.593794,1.38385e-05,0.300519,ok
ILO/ZHANG_JIAN_JUN-1/before,ILO,train,li,3.33504e-05,3.25818,227270,1.6247e+06,9.6652e-07,1.78997,3.25789,0.999818,0.59378,0.593794,1.38385e-05,0.204481,ok
ILO/ZHANG_JIAN_JUN-1/before,ILO,train,re,4.73762e-05,3.88334,151780,968570,1.5977e-06,1.78998,3.88398,1.00033,0.671482,0.671482,9.08905e-07,0.317669,ok
ILO/ZHANG_JIAN_JUN-1/before,ILO,train,ri,2.94156e-05,3.05994,262570,2.0274e+06,7.8167e-07,1.79,3.05938,0.999632,0.671482,0.671482,9.08905e-07,0.177332,ok
ILO/ZHANG_JIN_CHUN-1/before,ILO,test,le,4.44593e-05,3.76189,163290,881500,1.7133e-06,1.79004,3.76231,1.00022,0.720045,0.720049,3.8826e-06,0.435652,ok
ILO/ZHANG_JIN_CHUN-1/before,ILO,test,li,2.36833e-05,2.74566,336900,2.3503e+06,6.6611e-07,1.78997,2.74471,0.99931,0.720045,0.720049,3.8826e-06,0.191433,ok
ILO/ZHANG_JIN_CHUN-1/before,ILO,test,re,2.47837e-05,2.80872,319760,4.9456e+06,3.3996e-07,1.79001,2.80783,0.999367,0.142876,0.840544,0.697668,0.215695,ok
ILO/ZHANG_JIN_CHUN-1/before,ILO,test,ri,8.18248e-06,1.61387,80965,796730,2.0394e-06,1.78997,5.10636,10.0112,0.142876,0.840544,0.697668,0.15722,小数点错一位（表内面积≈网格×10.01）
ILO/ZHANG_YAN_SHAN-0/before,ILO,train,le,1.95145e-05,2.49232,410690,809270,1.4673e-06,1.79005,2.51794,1.02066,0.61666,0.617041,0.00038137,0.2491,ok
ILO/ZHANG_YAN_SHAN-0/before,ILO,train,li,1.41987e-05,2.12593,591290,1.3712e+06,9.1211e-07,1.79001,2.14844,1.02129,0.61666,0.617041,0.00038137,0.188959,ok
ILO/ZHANG_YAN_SHAN-0/before,ILO,train,re,2.51352e-05,2.82856,310680,934760,1.4372e-06,1.78995,2.84327,1.01043,0.604045,0.608277,0.00423193,0.304662,ok
ILO/ZHANG_YAN_SHAN-0/before,ILO,train,ri,1.87442e-05,2.44263,429470,1.4705e+06,9.4215e-07,1.79006,2.46939,1.02203,0.604045,0.608277,0.00423193,0.25728,ok
ILO/ZHANG_YONG_SHENG-0/before,ILO,test,le,4.4281e-05,3.75434,91430,1.0118e+06,1.6225e-06,1.78999,4.84312,1.66411,0.681899,0.318108,0.363792,0.173733,与同侧另一出口面积互换（表内≈li 的面积）
ILO/ZHANG_YONG_SHENG-0/before,ILO,test,li,7.36171e-05,4.84077,164050,2.2009e+06,7.569e-07,1.79003,3.75471,0.601623,0.681899,0.318108,0.363792,0.365751,与同侧另一出口面积互换（表内≈le 的面积）
ILO/ZHANG_YONG_SHENG-0/before,ILO,test,re,5.80503e-05,4.2986,120150,882060,1.786e-06,1.78995,4.3,1.00065,0.750638,0.750636,1.80793e-06,0.337639,ok
ILO/ZHANG_YONG_SHENG-0/before,ILO,test,ri,2.78446e-05,2.97711,279680,2.7372e+06,5.9333e-07,1.79001,2.97643,0.999541,0.750638,0.750636,1.80793e-06,0.122877,ok
ILO/ZHAO_CHANG_SHAN-0/before,ILO,train,le,3.56928e-05,3.37066,210210,700900,1.9647e-06,1.79006,3.37048,0.99989,0.825699,0.825699,9.09224e-08,0.514367,ok
ILO/ZHAO_CHANG_SHAN-0/before,ILO,train,li,1.26542e-05,2.00697,692700,3.6234e+06,4.1473e-07,1.79002,2.00535,0.998382,0.825699,0.825699,9.09224e-08,0.156341,ok
ILO/ZHAO_CHANG_SHAN-0/before,ILO,train,re,3.48591e-05,3.33107,216000,776760,1.8031e-06,1.79005,3.33084,0.999863,0.757788,0.757787,1.08267e-06,0.210571,ok
ILO/ZHAO_CHANG_SHAN-0/before,ILO,train,ri,1.62961e-05,2.27754,517870,2.5881e+06,5.7632e-07,1.79003,2.27612,0.998749,0.757788,0.757787,1.08267e-06,0.118721,ok
